track,date,number,car_title,result,group,entrant,bodywork,engine,drivers,sponsor,colour,tyre,updated,contributor,make,model,suffix,result_raw,result_txt,result_status,grid,grid_time,finish_gap,dnf_reason,thumb_url,photo_url,make_url,model_url,suffix_url
nurburgring,1992-06-21,2,BMW M3 - BMW,1,Class 12,FINA Motorsport Team,Closed bodywork,Front-engined,Johnny Cecotto (YV)/Christian Danner (D)/Marc Duez (B)/Jean-Michel Martin (B),NA,NA,NA,NA,NA,BMW,M3,NA,Result: winner - (102.120 kph)Grid:,winner - (102.120 kph)Grid:,finished,NA,NA,102.120 kph,NA,https://www.racingsportscars.com/images/car_no_photo.png,https://www.racingsportscars.com/about.html#contrib,https://www.racingsportscars.com/make/photo/BMW.html,https://www.racingsportscars.com/type/photo/BMW/M3.html,NA
nurburgring,1992-06-21,1,BMW M3 - BMW,2,Class 12,BMW M Team Schnitzer,Closed bodywork,Front-engined,Joachim Winkelhock (D)/Armin Hahne (D)/Altfrid Heger (D),NA,NA,NA,NA,NA,BMW,M3,NA,Result: 2nd (0 laps behind the winner)Grid:,2nd (0 laps behind the winner)Grid:,finished,NA,NA,0 laps behind the winner,NA,https://www.racingsportscars.com/images/car_no_photo.png,https://www.racingsportscars.com/about.html#contrib,https://www.racingsportscars.com/make/photo/BMW.html,https://www.racingsportscars.com/type/photo/BMW/M3.html,NA
nurburgring,1992-06-21,3,Porsche 911 Carrera - Porsche,3,Class 12,"Porsche Zentren Moritz, Strähle und Löhr & Becker",Closed bodywork,Rear-engined,Hans-Joachim Stuck (D)/Walter Röhrl (D)/Olaf Manthey (D)/Frank Biela (D),NA,NA,NA,NA,NA,Porsche,911 Carrera,NA,Result: 3rd (2 laps behind the winner)Grid:,3rd (2 laps behind the winner)Grid:,finished,NA,NA,2 laps behind the winner,NA,https://www.racingsportscars.com/images/car_no_photo.png,https://www.racingsportscars.com/about.html#contrib,https://www.racingsportscars.com/make/photo/Porsche.html,https://www.racingsportscars.com/type/photo/Porsche/911%20Carrera.html,NA
nurburgring,1992-06-21,5,Opel Omega 3000 - Opel,4,Class 12,(D),-,-,Klaus-Peter Thaler/Volker Strycek (D)/Günther Schmidt (D),NA,NA,NA,NA,NA,Opel,Omega,3000,Result: 4th (3 laps behind the winner)Grid:,4th (3 laps behind the winner)Grid:,finished,NA,NA,3 laps behind the winner,NA,https://www.racingsportscars.com/images/car_no_photo.png,https://www.racingsportscars.com/about.html#contrib,https://www.racingsportscars.com/make/photo/Opel.html,https://www.racingsportscars.com/type/photo/Opel/Omega.html,https://www.racingsportscars.com/suffix/photo/Opel/Omega/3000.html
nurburgring,1992-06-21,14,Porsche 911 Carrera - Porsche,5,Class 12,,Closed bodywork,Rear-engined,Heinz Dorr/Günter Döbler (D)/Walter Hering (D)/Rainer Klaus,NA,NA,NA,NA,NA,Porsche,911 Carrera,NA,Result: 5th (4 laps behind the winner)Grid:,5th (4 laps behind the winner)Grid:,finished,NA,NA,4 laps behind the winner,NA,https://www.racingsportscars.com/images/car_no_photo.png,https://www.racingsportscars.com/about.html#contrib,https://www.racingsportscars.com/make/photo/Porsche.html,https://www.racingsportscars.com/type/photo/Porsche/911%20Carrera.html,NA
nurburgring,1992-06-21,176,Porsche 911 Carrera - Porsche,6,Class 13,,Closed bodywork,Rear-engined,Ulli Richter (D)/Karl-Heinz Wlazik (D)/Frank Katthöfer (D),NA,NA,NA,NA,NA,Porsche,911 Carrera,NA,Result: 6th 1st in Class 13 (4 laps behind the winner)Grid:,6th 1st in Class 13 (4 laps behind the winner)Grid:,finished,NA,NA,4 laps behind the winner,NA,https://www.racingsportscars.com/images/car_no_photo.png,https://www.racingsportscars.com/about.html#contrib,https://www.racingsportscars.com/make/photo/Porsche.html,https://www.racingsportscars.com/type/photo/Porsche/911%20Carrera.html,NA
nurburgring,1992-06-21,11,Porsche 911 Carrera - Porsche,7,Class 12,Heico Dienstleistungen (D),Closed bodywork,Rear-engined,Wolfgang Destree (D)/Dirk Ebeling (D)/Nikolaus Hajmassy/Jan Thoelke (D),NA,NA,NA,NA,NA,Porsche,911 Carrera,NA,Result: 7th (5 laps behind the winner)Grid:,7th (5 laps behind the winner)Grid:,finished,NA,NA,5 laps behind the winner,NA,https://www.racingsportscars.com/images/car_no_photo.png,https://www.racingsportscars.com/about.html#contrib,https://www.racingsportscars.com/make/photo/Porsche.html,https://www.racingsportscars.com/type/photo/Porsche/911%20Carrera.html,NA
nurburgring,1992-06-21,30,Porsche 911 Carrera - Porsche,8,Class 1,Team Matter Sicherheit,Closed bodywork,Rear-engined,Alexander Wurz (A)/Hermann Tilke (D)/Edgar Dören (D)/Raimund Baumschlager (A),NA,NA,NA,NA,NA,Porsche,911 Carrera,NA,Result: 8th 1st in Class 1 (5 laps behind the winner)Grid:,8th 1st in Class 1 (5 laps behind the winner)Grid:,finished,NA,NA,5 laps behind the winner,NA,https://www.racingsportscars.com/images/car_no_photo.png,https://www.racingsportscars.com/about.html#contrib,https://www.racingsportscars.com/make/photo/Porsche.html,https://www.racingsportscars.com/type/photo/Porsche/911%20Carrera.html,NA
nurburgring,1992-06-21,7,Porsche 911 Carrera - Porsche,9,Class 12,,Closed bodywork,Rear-engined,Georg Memminger (D)/Roland Kußmaul (D)/Walter Röhrl (D)/Andy Bovensiepen (D),NA,NA,NA,NA,NA,Porsche,911 Carrera,NA,Result: 9th (6 laps behind the winner)Grid:,9th (6 laps behind the winner)Grid:,finished,NA,NA,6 laps behind the winner,NA,https://www.racingsportscars.com/images/car_no_photo.png,https://www.racingsportscars.com/about.html#contrib,https://www.racingsportscars.com/make/photo/Porsche.html,https://www.racingsportscars.com/type/photo/Porsche/911%20Carrera.html,NA
nurburgring,1992-06-21,9,Porsche 911 Carrera - Porsche,10,Class 12,Goebel Sport,Closed bodywork,Rear-engined,Axel Göbel/Manfred Dolata/Rinie van der Velden (NL)/Günther Spindler,NA,NA,NA,NA,NA,Porsche,911 Carrera,NA,Result: 10th (6 laps behind the winner)Grid:,10th (6 laps behind the winner)Grid:,finished,NA,NA,6 laps behind the winner,NA,https://www.racingsportscars.com/images/car_no_photo.png,https://www.racingsportscars.com/about.html#contrib,https://www.racingsportscars.com/make/photo/Porsche.html,https://www.racingsportscars.com/type/photo/Porsche/911%20Carrera.html,NA
nurburgring,1992-06-21,173,Porsche 911 Carrera - Porsche,11,Class 13,,Closed bodywork,Rear-engined,Uwe Eickwinkel (D)/Dariusch Ahrabian (D)/Herbert Wolf (D)/Fritz Kreutzpointner (D),NA,NA,NA,NA,NA,Porsche,911 Carrera,NA,Result: 11th (6 laps behind the winner)Grid:,11th (6 laps behind the winner)Grid:,finished,NA,NA,6 laps behind the winner,NA,https://www.racingsportscars.com/images/car_no_photo.png,https://www.racingsportscars.com/about.html#contrib,https://www.racingsportscars.com/make/photo/Porsche.html,https://www.racingsportscars.com/type/photo/Porsche/911%20Carrera.html,NA
nurburgring,1992-06-21,29,Porsche 911 Carrera - Porsche,12,Class 1,Freisinger Motorsport,Closed bodywork,Rear-engined,Franz Konrad (A)/Wolfgang Kaufmann (D)/Michael Irmgartz,NA,NA,NA,NA,NA,Porsche,911 Carrera,NA,Result: 12th (6 laps behind the winner)Grid:,12th (6 laps behind the winner)Grid:,finished,NA,NA,6 laps behind the winner,NA,https://www.racingsportscars.com/images/car_no_photo.png,https://www.racingsportscars.com/about.html#contrib,https://www.racingsportscars.com/make/photo/Porsche.html,https://www.racingsportscars.com/type/photo/Porsche/911%20Carrera.html,NA
nurburgring,1992-06-21,15,Porsche 911 Carrera - Porsche,13,Class 12,,Closed bodywork,Rear-engined,Hans-Günther Engels (D)/Bernd Mayländer (D)/Helge Probst (D),NA,NA,NA,NA,NA,Porsche,911 Carrera,NA,Result: 13th (6 laps behind the winner)Grid:,13th (6 laps behind the winner)Grid:,finished,NA,NA,6 laps behind the winner,NA,https://www.racingsportscars.com/images/car_no_photo.png,https://www.racingsportscars.com/about.html#contrib,https://www.racingsportscars.com/make/photo/Porsche.html,https://www.racingsportscars.com/type/photo/Porsche/911%20Carrera.html,NA
nurburgring,1992-06-21,175,Porsche 911 Carrera - Porsche,14,Class 13,MSC Bergstadt-Rüthen,Closed bodywork,Rear-engined,Heiner Steinbrecher/Olaf Lang/Hans-Jürgen Eck (D),NA,NA,NA,NA,NA,Porsche,911 Carrera,NA,Result: 14th (6 laps behind the winner)Grid:,14th (6 laps behind the winner)Grid:,finished,NA,NA,6 laps behind the winner,NA,https://www.racingsportscars.com/images/car_no_photo.png,https://www.racingsportscars.com/about.html#contrib,https://www.racingsportscars.com/make/photo/Porsche.html,https://www.racingsportscars.com/type/photo/Porsche/911%20Carrera.html,NA
nurburgring,1992-06-21,189,BMW M3 - BMW,15,Class 14,MSC Adenau,Closed bodywork,Front-engined,Johannes Scheid (D)/Hans Widmann (D)/Ingo Jeleniowski (D)/Patrick Huisman (NL),NA,NA,NA,NA,NA,BMW,M3,NA,Result: 15th 1st in Class 14 (7 laps behind the winner)Grid:,15th 1st in Class 14 (7 laps behind the winner)Grid:,finished,NA,NA,7 laps behind the winner,NA,https://www.racingsportscars.com/images/car_no_photo.png,https://www.racingsportscars.com/about.html#contrib,https://www.racingsportscars.com/make/photo/BMW.html,https://www.racingsportscars.com/type/photo/BMW/M3.html,NA
nurburgring,1992-06-21,188,BMW 325i - BMW,16,Class 14,Menton Automobilcenter,-,-,Andreas Burgstaller/Andreas Wetzelsberger/Wolfgang König/Ralf Kelleners (D),NA,NA,NA,NA,NA,BMW,325i,NA,Result: 16th (7 laps behind the winner)Grid:,16th (7 laps behind the winner)Grid:,finished,NA,NA,7 laps behind the winner,NA,https://www.racingsportscars.com/images/car_no_photo.png,https://www.racingsportscars.com/about.html#contrib,https://www.racingsportscars.com/make/photo/BMW.html,https://www.racingsportscars.com/type/photo/BMW/325i.html,NA
nurburgring,1992-06-21,72,Opel Kadett GSi - Opel,17,Class 4,Kreis Opel Sport,Closed bodywork,Front-engined,Christoph Esser (D)/Karl Jacobs (B)/Wolfgang Jung,NA,NA,NA,NA,NA,Opel,Kadett,GSi,Result: 17th 1st in Class 4 (7 laps behind the winner)Grid:,17th 1st in Class 4 (7 laps behind the winner)Grid:,finished,NA,NA,7 laps behind the winner,NA,https://www.racingsportscars.com/images/car_no_photo.png,https://www.racingsportscars.com/about.html#contrib,https://www.racingsportscars.com/make/photo/Opel.html,https://www.racingsportscars.com/type/photo/Opel/Kadett.html,https://www.racingsportscars.com/suffix/photo/Opel/Kadett/GSi.html
nurburgring,1992-06-21,170,Porsche 911 Carrera - Porsche,18,Class 13,,Closed bodywork,Rear-engined,Ralf Weiner/Jochen Rönforth/Dieter Schlöder/Wolfgang Schrey (D),NA,NA,NA,NA,NA,Porsche,911 Carrera,NA,Result: 18th (7 laps behind the winner)Grid:,18th (7 laps behind the winner)Grid:,finished,NA,NA,7 laps behind the winner,NA,https://www.racingsportscars.com/images/car_no_photo.png,https://www.racingsportscars.com/about.html#contrib,https://www.racingsportscars.com/make/photo/Porsche.html,https://www.racingsportscars.com/type/photo/Porsche/911%20Carrera.html,NA
nurburgring,1992-06-21,176,Porsche 911 Carrera - Porsche,19,Class 13,,Closed bodywork,Rear-engined,Wolfgang Schrey (D)/Werner Kather (D)/Thorsten Trumm/Ralf Weiner,NA,NA,NA,NA,NA,Porsche,911 Carrera,NA,Result: 19th (7 laps behind the winner)Grid:,19th (7 laps behind the winner)Grid:,finished,NA,NA,7 laps behind the winner,NA,https://www.racingsportscars.com/images/car_no_photo.png,https://www.racingsportscars.com/about.html#contrib,https://www.racingsportscars.com/make/photo/Porsche.html,https://www.racingsportscars.com/type/photo/Porsche/911%20Carrera.html,NA
nurburgring,1992-06-21,171,Porsche 911 Carrera - Porsche,20,Class 13,,Closed bodywork,Rear-engined,Bernd Schulte-Oversohl (D)/Udo Kruse/Marcus Menden (D)/Michael Menden (D),NA,NA,NA,NA,NA,Porsche,911 Carrera,NA,Result: 20th (7 laps behind the winner)Grid:,20th (7 laps behind the winner)Grid:,finished,NA,NA,7 laps behind the winner,NA,https://www.racingsportscars.com/images/car_no_photo.png,https://www.racingsportscars.com/about.html#contrib,https://www.racingsportscars.com/make/photo/Porsche.html,https://www.racingsportscars.com/type/photo/Porsche/911%20Carrera.html,NA
nurburgring,1992-06-21,177,Porsche 911 Carrera - Porsche,21,Class 13,H & R Spezialfedern (D),Closed bodywork,Rear-engined,Jürgen Alzen (D)/Thomas Lischke/Hans Stuckenbrock (D),NA,NA,NA,NA,NA,Porsche,911 Carrera,NA,Result: 21st (7 laps behind the winner)Grid:,21st (7 laps behind the winner)Grid:,finished,NA,NA,7 laps behind the winner,NA,https://www.racingsportscars.com/images/car_no_photo.png,https://www.racingsportscars.com/about.html#contrib,https://www.racingsportscars.com/make/photo/Porsche.html,https://www.racingsportscars.com/type/photo/Porsche/911%20Carrera.html,NA
nurburgring,1992-06-21,130,BMW M3 - BMW,22,Class 8,,Closed bodywork,Front-engined,Nigel Corner (GB)/Barrie Williams (GB)/Pete Clark/Werner Kather (D),NA,NA,NA,NA,NA,BMW,M3,NA,Result: 22nd 1st in Class 8 (8 laps behind the winner)Grid:,22nd 1st in Class 8 (8 laps behind the winner)Grid:,finished,NA,NA,8 laps behind the winner,NA,https://www.racingsportscars.com/images/car_no_photo.png,https://www.racingsportscars.com/about.html#contrib,https://www.racingsportscars.com/make/photo/BMW.html,https://www.racingsportscars.com/type/photo/BMW/M3.html,NA
nurburgring,1992-06-21,36,BMW M3 - BMW,23,Class 3,BMW Hammer & Co.,Closed bodywork,Front-engined,Walter Prüser (D)/Rolf Jansen/Friedhelm Coenen (D),NA,NA,NA,NA,NA,BMW,M3,NA,Result: 23rd 1st in Class 3 (8 laps behind the winner)Grid:,23rd 1st in Class 3 (8 laps behind the winner)Grid:,finished,NA,NA,8 laps behind the winner,NA,https://www.racingsportscars.com/images/car_no_photo.png,https://www.racingsportscars.com/about.html#contrib,https://www.racingsportscars.com/make/photo/BMW.html,https://www.racingsportscars.com/type/photo/BMW/M3.html,NA
nurburgring,1992-06-21,38,BMW M3 - BMW,24,Class 3,Autohaus Rombergpark,Closed bodywork,Front-engined,Andreas Lautner (D)/Horst von Saurma-Jeltsch (D)/Tony Viana (ZA)/Hans-Robert Holzer (D),NA,NA,NA,NA,NA,BMW,M3,NA,Result: 24th (9 laps behind the winner)Grid:,24th (9 laps behind the winner)Grid:,finished,NA,NA,9 laps behind the winner,NA,https://www.racingsportscars.com/images/car_no_photo.png,https://www.racingsportscars.com/about.html#contrib,https://www.racingsportscars.com/make/photo/BMW.html,https://www.racingsportscars.com/type/photo/BMW/M3.html,NA
nurburgring,1992-06-21,201,Opel Astra GSi - Opel,25,Class 15,Team Dürkop Eurorent,-,-,Andreas Reese/Bernd Viebranz (D)/Mario Hebler/Jan Thöneböhm,NA,NA,NA,NA,NA,Opel,Astra,GSi,Result: 25th 1st in Class 15 (9 laps behind the winner)Grid:,25th 1st in Class 15 (9 laps behind the winner)Grid:,finished,NA,NA,9 laps behind the winner,NA,https://www.racingsportscars.com/images/car_no_photo.png,https://www.racingsportscars.com/about.html#contrib,https://www.racingsportscars.com/make/photo/Opel.html,https://www.racingsportscars.com/type/photo/Opel/Astra.html,https://www.racingsportscars.com/suffix/photo/Opel/Astra/GSi.html
nurburgring,1992-06-21,191,BMW M3 - BMW,26,Class 14,Motorsportclub Rosenheim,Closed bodywork,Front-engined,Friedrich Ney/Helmut Markus/Christian Langreuther/Wilfried Brust,NA,NA,NA,NA,NA,BMW,M3,NA,Result: 26th (9 laps behind the winner)Grid:,26th (9 laps behind the winner)Grid:,finished,NA,NA,9 laps behind the winner,NA,https://www.racingsportscars.com/images/car_no_photo.png,https://www.racingsportscars.com/about.html#contrib,https://www.racingsportscars.com/make/photo/BMW.html,https://www.racingsportscars.com/type/photo/BMW/M3.html,NA
nurburgring,1992-06-21,187,BMW M3 - BMW,27,Class 14,MSC Adenau,Closed bodywork,Front-engined,Reinhard Sesterheim/Edgar Althoff (D)/Dieter Lindenbaum (D)/Fritz Müller (D),NA,NA,NA,NA,NA,BMW,M3,NA,Result: 27th (9 laps behind the winner)Grid:,27th (9 laps behind the winner)Grid:,finished,NA,NA,9 laps behind the winner,NA,https://www.racingsportscars.com/images/car_no_photo.png,https://www.racingsportscars.com/about.html#contrib,https://www.racingsportscars.com/make/photo/BMW.html,https://www.racingsportscars.com/type/photo/BMW/M3.html,NA
nurburgring,1992-06-21,118,Ford Sierra Cosworth 4x4 - Ford,28,Class 7,Scuderia Augustusburg Brühl,-,-,Hans-Georg Ströter (D)/Hans-Reiner Berg/Alfred Vahsen (D)/Max Janitschek (D),NA,NA,NA,NA,NA,Ford,Sierra,Cosworth 4x4,Result: 28th 1st in Class 7 (9 laps behind the winner)Grid:,28th 1st in Class 7 (9 laps behind the winner)Grid:,finished,NA,NA,9 laps behind the winner,NA,https://www.racingsportscars.com/images/car_no_photo.png,https://www.racingsportscars.com/about.html#contrib,https://www.racingsportscars.com/make/photo/Ford.html,https://www.racingsportscars.com/type/photo/Ford/Sierra.html,https://www.racingsportscars.com/suffix/photo/Ford/Sierra/Cosworth%204x4.html
nurburgring,1992-06-21,131,BMW 325i - BMW,29,Class 8,BMW Hammer & Co.,-,-,Annette Meeuvissen (D)/Yolanda Surer (CH)/Gaby Sonnauer,NA,NA,NA,NA,NA,BMW,325i,NA,Result: 29th (9 laps behind the winner)Grid:,29th (9 laps behind the winner)Grid:,finished,NA,NA,9 laps behind the winner,NA,https://www.racingsportscars.com/images/car_no_photo.png,https://www.racingsportscars.com/about.html#contrib,https://www.racingsportscars.com/make/photo/BMW.html,https://www.racingsportscars.com/type/photo/BMW/325i.html,NA
nurburgring,1992-06-21,22,Ford Sierra Cosworth 4x4 - Ford,30,Class 2,Wolf Racing,-,-,Rüdiger Schmitt (D)/Robert Walterscheid-Müller (D)/Stefan Schlesack (D)/Heiner Weiss (D),NA,NA,NA,NA,NA,Ford,Sierra,Cosworth 4x4,Result: 30th 1st in Class 2 (10 laps behind the winner)Grid:,30th 1st in Class 2 (10 laps behind the winner)Grid:,finished,NA,NA,10 laps behind the winner,NA,https://www.racingsportscars.com/images/car_no_photo.png,https://www.racingsportscars.com/about.html#contrib,https://www.racingsportscars.com/make/photo/Ford.html,https://www.racingsportscars.com/type/photo/Ford/Sierra.html,https://www.racingsportscars.com/suffix/photo/Ford/Sierra/Cosworth%204x4.html
nurburgring,1992-06-21,209,Opel Kadett GSi - Opel,31,Class 15,Honert-Mantzel Team,Closed bodywork,Front-engined,Heinz-Otto Fritzsche (D)/Jürgen Fritzsche (D)/Michael Abendroth,NA,NA,NA,NA,NA,Opel,Kadett,GSi,Result: 31st (10 laps behind the winner)Grid:,31st (10 laps behind the winner)Grid:,finished,NA,NA,10 laps behind the winner,NA,https://www.racingsportscars.com/images/car_no_photo.png,https://www.racingsportscars.com/about.html#contrib,https://www.racingsportscars.com/make/photo/Opel.html,https://www.racingsportscars.com/type/photo/Opel/Kadett.html,https://www.racingsportscars.com/suffix/photo/Opel/Kadett/GSi.html
nurburgring,1992-06-21,212,Honda Civic - Honda,32,Class 16,MSC Ruhr Blitz Bochum,-,-,Peter Look/André Look/Dino Drössiger (D)/Heinz-Josef Bermes (D),NA,NA,NA,NA,NA,Honda,Civic,NA,Result: 32nd 1st in Class 16 (10 laps behind the winner)Grid:,32nd 1st in Class 16 (10 laps behind the winner)Grid:,finished,NA,NA,10 laps behind the winner,NA,https://www.racingsportscars.com/images/car_no_photo.png,https://www.racingsportscars.com/about.html#contrib,https://www.racingsportscars.com/make/photo/Honda.html,https://www.racingsportscars.com/type/photo/Honda/Civic.html,NA
nurburgring,1992-06-21,184,BMW 325i - BMW,33,Class 14,Auto Budde Motorsport,-,-,Thomas Voigt/Carl Mühlberger/Dierk Möller-Sonntag (D),NA,NA,NA,NA,NA,BMW,325i,NA,Result: 33rd (10 laps behind the winner)Grid:,33rd (10 laps behind the winner)Grid:,finished,NA,NA,10 laps behind the winner,NA,https://www.racingsportscars.com/images/car_no_photo.png,https://www.racingsportscars.com/about.html#contrib,https://www.racingsportscars.com/make/photo/BMW.html,https://www.racingsportscars.com/type/photo/BMW/325i.html,NA
nurburgring,1992-06-21,44,BMW M3 - BMW,34,Class 3,Bychl Euroracing,Closed bodywork,Front-engined,Roberto Ragazzi (I)/Massimo Piacentini (I)/Raffaele Sangiuolo (I),NA,NA,NA,NA,NA,BMW,M3,NA,Result: 34th (10 laps behind the winner)Grid:,34th (10 laps behind the winner)Grid:,finished,NA,NA,10 laps behind the winner,NA,https://www.racingsportscars.com/images/car_no_photo.png,https://www.racingsportscars.com/about.html#contrib,https://www.racingsportscars.com/make/photo/BMW.html,https://www.racingsportscars.com/type/photo/BMW/M3.html,NA
nurburgring,1992-06-21,126,Ford Sierra RS Cosworth - Ford,35,Class 7,(GB),-,-,Ian Khan (GB)/Adrian Willmott (GB)/Mike Rimmer/Alistair Davidson (GB),NA,NA,NA,NA,NA,Ford,Sierra,RS Cosworth,Result: 35th (10 laps behind the winner)Grid:,35th (10 laps behind the winner)Grid:,finished,NA,NA,10 laps behind the winner,NA,https://www.racingsportscars.com/images/car_no_photo.png,https://www.racingsportscars.com/about.html#contrib,https://www.racingsportscars.com/make/photo/Ford.html,https://www.racingsportscars.com/type/photo/Ford/Sierra.html,https://www.racingsportscars.com/suffix/photo/Ford/Sierra/RS%20Cosworth.html
nurburgring,1992-06-21,142,Opel Astra GSi - Opel,36,Class 9,Stengg Motorsport,-,-,"Wilhelm Stengg, Jr./Ruben Zeltner (D)/Christian Gunzinam/Franz Fabian",NA,NA,NA,NA,NA,Opel,Astra,GSi,Result: 36th 1st in Class 9 (11 laps behind the winner)Grid:,36th 1st in Class 9 (11 laps behind the winner)Grid:,finished,NA,NA,11 laps behind the winner,NA,https://www.racingsportscars.com/images/car_no_photo.png,https://www.racingsportscars.com/about.html#contrib,https://www.racingsportscars.com/make/photo/Opel.html,https://www.racingsportscars.com/type/photo/Opel/Astra.html,https://www.racingsportscars.com/suffix/photo/Opel/Astra/GSi.html
nurburgring,1992-06-21,28,Porsche 911 Carrera - Porsche,37,Class 1,Seikel Motorsport und Rennsport Technik,Closed bodywork,Rear-engined,Girolamo Capra (I)/Giuseppe Quargentan (I)/Giovanni da Schio (I)/Antonio Tognana (I),NA,NA,NA,NA,NA,Porsche,911 Carrera,NA,Result: 37th (11 laps behind the winner)Grid:,37th (11 laps behind the winner)Grid:,finished,NA,NA,11 laps behind the winner,NA,https://www.racingsportscars.com/images/car_no_photo.png,https://www.racingsportscars.com/about.html#contrib,https://www.racingsportscars.com/make/photo/Porsche.html,https://www.racingsportscars.com/type/photo/Porsche/911%20Carrera.html,NA
nurburgring,1992-06-21,146,Opel Kadett GSi - Opel,38,Class 9,Kreis Opel Sport,Closed bodywork,Front-engined,Fritz Wegerer (A)/Dirk Riebensahm (D)/Holger Butterbach/Peter Wyss (CH),NA,NA,NA,NA,NA,Opel,Kadett,GSi,Result: 38th (11 laps behind the winner)Grid:,38th (11 laps behind the winner)Grid:,finished,NA,NA,11 laps behind the winner,NA,https://www.racingsportscars.com/images/car_no_photo.png,https://www.racingsportscars.com/about.html#contrib,https://www.racingsportscars.com/make/photo/Opel.html,https://www.racingsportscars.com/type/photo/Opel/Kadett.html,https://www.racingsportscars.com/suffix/photo/Opel/Kadett/GSi.html
nurburgring,1992-06-21,184,BMW 325i - BMW,39,Class 14,Auto Budde Motorsport,-,-,Carl Reh/Markus Boden/Markus Gedlich (D)/Andreas Frey,NA,NA,NA,NA,NA,BMW,325i,NA,Result: 39th (11 laps behind the winner)Grid:,39th (11 laps behind the winner)Grid:,finished,NA,NA,11 laps behind the winner,NA,https://www.racingsportscars.com/images/car_no_photo.png,https://www.racingsportscars.com/about.html#contrib,https://www.racingsportscars.com/make/photo/BMW.html,https://www.racingsportscars.com/type/photo/BMW/325i.html,NA
nurburgring,1992-06-21,35,BMW M3 - BMW,40,Class 3,,Closed bodywork,Front-engined,Andreas Bayer/Robert Bayer/Josef Seidel,NA,NA,NA,NA,NA,BMW,M3,NA,Result: 40th (11 laps behind the winner)Grid:,40th (11 laps behind the winner)Grid:,finished,NA,NA,11 laps behind the winner,NA,https://www.racingsportscars.com/images/car_no_photo.png,https://www.racingsportscars.com/about.html#contrib,https://www.racingsportscars.com/make/photo/BMW.html,https://www.racingsportscars.com/type/photo/BMW/M3.html,NA
nurburgring,1992-06-21,58,Opel Kadett GSi - Opel,41,Class 4,,Closed bodywork,Front-engined,Lothar Berkholz/Bernhard Pfeffer/Holger Berkholz,NA,NA,NA,NA,NA,Opel,Kadett,GSi,Result: 41st (11 laps behind the winner)Grid:,41st (11 laps behind the winner)Grid:,finished,NA,NA,11 laps behind the winner,NA,https://www.racingsportscars.com/images/car_no_photo.png,https://www.racingsportscars.com/about.html#contrib,https://www.racingsportscars.com/make/photo/Opel.html,https://www.racingsportscars.com/type/photo/Opel/Kadett.html,https://www.racingsportscars.com/suffix/photo/Opel/Kadett/GSi.html
nurburgring,1992-06-21,39,BMW 325i - BMW,42,Class 3,,-,-,Edmund Gastes (D)/Uwe Reich (D)/Michael Ickenstein (D),NA,NA,NA,NA,NA,BMW,325i,NA,Result: 42nd (11 laps behind the winner)Grid:,42nd (11 laps behind the winner)Grid:,finished,NA,NA,11 laps behind the winner,NA,https://www.racingsportscars.com/images/car_no_photo.png,https://www.racingsportscars.com/about.html#contrib,https://www.racingsportscars.com/make/photo/BMW.html,https://www.racingsportscars.com/type/photo/BMW/325i.html,NA
nurburgring,1992-06-21,4,Porsche 911 Carrera - Porsche,43,Class 12,"Porsche Zentren Moritz, Strähle und Löhr & Becker",Closed bodywork,Rear-engined,Frank Biela (D)/Frank Jelinski (D)/Uwe Alzen (D)/Hans-Joachim Stuck (D),NA,NA,NA,NA,NA,Porsche,911 Carrera,NA,Result: 43rd (11 laps behind the winner)Grid:,43rd (11 laps behind the winner)Grid:,finished,NA,NA,11 laps behind the winner,NA,https://www.racingsportscars.com/images/car_no_photo.png,https://www.racingsportscars.com/about.html#contrib,https://www.racingsportscars.com/make/photo/Porsche.html,https://www.racingsportscars.com/type/photo/Porsche/911%20Carrera.html,NA
nurburgring,1992-06-21,215,Honda Civic - Honda,44,Class 16,,-,-,Werner Blum/Wolf-Dieter Feuerlein (D)/Günter Schrey (D),NA,NA,NA,NA,NA,Honda,Civic,NA,Result: 44th (12 laps behind the winner)Grid:,44th (12 laps behind the winner)Grid:,finished,NA,NA,12 laps behind the winner,NA,https://www.racingsportscars.com/images/car_no_photo.png,https://www.racingsportscars.com/about.html#contrib,https://www.racingsportscars.com/make/photo/Honda.html,https://www.racingsportscars.com/type/photo/Honda/Civic.html,NA
nurburgring,1992-06-21,98,Honda Civic - Honda,45,Class 5,Seikel Motorsport und Rennsport Technik,-,-,Thomas Müller (D)/Thomas Reissert/Stanislao de Angelis (I),NA,NA,NA,NA,NA,Honda,Civic,NA,Result: 45th 1st in Class 5 (12 laps behind the winner)Grid:,45th 1st in Class 5 (12 laps behind the winner)Grid:,finished,NA,NA,12 laps behind the winner,NA,https://www.racingsportscars.com/images/car_no_photo.png,https://www.racingsportscars.com/about.html#contrib,https://www.racingsportscars.com/make/photo/Honda.html,https://www.racingsportscars.com/type/photo/Honda/Civic.html,NA
nurburgring,1992-06-21,186,BMW M3 - BMW,46,Class 14,Dobersch Gerüstbau GmbH (D),Closed bodywork,Front-engined,Michael Bonk (D)/Peter Bonk (D)/Jürgen Bonk (D)/Gerd Dobersch,NA,NA,NA,NA,NA,BMW,M3,NA,Result: 46th (12 laps behind the winner)Grid:,46th (12 laps behind the winner)Grid:,finished,NA,NA,12 laps behind the winner,NA,https://www.racingsportscars.com/images/car_no_photo.png,https://www.racingsportscars.com/about.html#contrib,https://www.racingsportscars.com/make/photo/BMW.html,https://www.racingsportscars.com/type/photo/BMW/M3.html,NA
nurburgring,1992-06-21,204,Opel Astra GSi - Opel,47,Class 15,Mühlner Motorsport GmbH,-,-,Rainer Braun (D)/Wilhelm Hahne (D)/Karl Senne (D)/Karl Mauer (D),NA,NA,NA,NA,NA,Opel,Astra,GSi,Result: 47th (12 laps behind the winner)Grid:,47th (12 laps behind the winner)Grid:,finished,NA,NA,12 laps behind the winner,NA,https://www.racingsportscars.com/images/car_no_photo.png,https://www.racingsportscars.com/about.html#contrib,https://www.racingsportscars.com/make/photo/Opel.html,https://www.racingsportscars.com/type/photo/Opel/Astra.html,https://www.racingsportscars.com/suffix/photo/Opel/Astra/GSi.html
nurburgring,1992-06-21,216,Honda Civic - Honda,48,Class 16,,-,-,Jürgen Josting/Karl-Robert Maassen/Richard Mertens/Christian Schacht,NA,NA,NA,NA,NA,Honda,Civic,NA,Result: 48th (12 laps behind the winner)Grid:,48th (12 laps behind the winner)Grid:,finished,NA,NA,12 laps behind the winner,NA,https://www.racingsportscars.com/images/car_no_photo.png,https://www.racingsportscars.com/about.html#contrib,https://www.racingsportscars.com/make/photo/Honda.html,https://www.racingsportscars.com/type/photo/Honda/Civic.html,NA
nurburgring,1992-06-21,132,BMW M3 - BMW,49,Class 8,Krafft Walzen Team,Closed bodywork,Front-engined,Michael Hess (D)/Volkmar Polaski (D)/Karl-Heinz Wlazik (D),NA,NA,NA,NA,NA,BMW,M3,NA,Result: 49th (12 laps behind the winner)Grid:,49th (12 laps behind the winner)Grid:,finished,NA,NA,12 laps behind the winner,NA,https://www.racingsportscars.com/images/car_no_photo.png,https://www.racingsportscars.com/about.html#contrib,https://www.racingsportscars.com/make/photo/BMW.html,https://www.racingsportscars.com/type/photo/BMW/M3.html,NA
nurburgring,1992-06-21,108,Citroën AX - Citroën,50,Class 6,(D),-,-,Willi Obermann (D)/Axel Irek/Siegfried Schlacks (D)/Dirk Obermann (D),NA,NA,NA,NA,NA,Citroën,AX,NA,Result: 50th 1st in Class 6 (12 laps behind the winner)Grid:,50th 1st in Class 6 (12 laps behind the winner)Grid:,finished,NA,NA,12 laps behind the winner,NA,https://www.racingsportscars.com/images/car_no_photo.png,https://www.racingsportscars.com/about.html#contrib,https://www.racingsportscars.com/make/photo/Citro%c3%abn.html,https://www.racingsportscars.com/type/photo/Citro%c3%abn/AX.html,NA
nurburgring,1992-06-21,217,Honda Civic - Honda,51,Class 16,Seikel Motorsport und Rennsport Technik,-,-,Wilfried Schmitz (D)/Bernd Degner (D)/Gunter Debatin/Reinhard Fischer,NA,NA,NA,NA,NA,Honda,Civic,NA,Result: 51st (12 laps behind the winner)Grid:,51st (12 laps behind the winner)Grid:,finished,NA,NA,12 laps behind the winner,NA,https://www.racingsportscars.com/images/car_no_photo.png,https://www.racingsportscars.com/about.html#contrib,https://www.racingsportscars.com/make/photo/Honda.html,https://www.racingsportscars.com/type/photo/Honda/Civic.html,NA
nurburgring,1992-06-21,68,VW Golf GTI - VW,52,Class 4,,-,-,Michael Dernedde/Florian Billen/Ralf Feigenspan/Thomas Böhm,NA,NA,NA,NA,NA,VW,Golf,GTI,Result: 52nd (12 laps behind the winner)Grid:,52nd (12 laps behind the winner)Grid:,finished,NA,NA,12 laps behind the winner,NA,https://www.racingsportscars.com/images/car_no_photo.png,https://www.racingsportscars.com/about.html#contrib,https://www.racingsportscars.com/make/photo/VW.html,https://www.racingsportscars.com/type/photo/VW/Golf.html,https://www.racingsportscars.com/suffix/photo/VW/Golf/GTI.html
nurburgring,1992-06-21,155,Peugeot 205 GTi - Peugeot,53,Class 10,,-,-,Wilfried Fasting/Wolfgang Savelsbergh (D)/Johannes Birkemeyer/Wolf-Dieter Feuerlein (D),NA,NA,NA,NA,NA,Peugeot,205,GTi,Result: 53rd 1st in Class 10 (12 laps behind the winner)Grid:,53rd 1st in Class 10 (12 laps behind the winner)Grid:,finished,NA,NA,12 laps behind the winner,NA,https://www.racingsportscars.com/images/car_no_photo.png,https://www.racingsportscars.com/about.html#contrib,https://www.racingsportscars.com/make/photo/Peugeot.html,https://www.racingsportscars.com/type/photo/Peugeot/205.html,https://www.racingsportscars.com/suffix/photo/Peugeot/205/GTi.html
nurburgring,1992-06-21,213,Honda Civic - Honda,54,Class 16,MSC Ruhr Blitz Bochum (D),-,-,Dino Drössiger (D)/Gerd Holtkamp (D)/Heinz-Josef Bermes (D)/Peter Look,NA,NA,NA,NA,NA,Honda,Civic,NA,Result: 54th (12 laps behind the winner)Grid:,54th (12 laps behind the winner)Grid:,finished,NA,NA,12 laps behind the winner,NA,https://www.racingsportscars.com/images/car_no_photo.png,https://www.racingsportscars.com/about.html#contrib,https://www.racingsportscars.com/make/photo/Honda.html,https://www.racingsportscars.com/type/photo/Honda/Civic.html,NA
nurburgring,1992-06-21,62,Opel Astra GSi - Opel,55,Class 4,Opel van Eupen Motorsport,-,-,Reinhold Mölig (D)/Andreas Praschma/Michael Kronenberg (D)/Horst Rotter,NA,NA,NA,NA,NA,Opel,Astra,GSi,Result: 55th (12 laps behind the winner)Grid:,55th (12 laps behind the winner)Grid:,finished,NA,NA,12 laps behind the winner,NA,https://www.racingsportscars.com/images/car_no_photo.png,https://www.racingsportscars.com/about.html#contrib,https://www.racingsportscars.com/make/photo/Opel.html,https://www.racingsportscars.com/type/photo/Opel/Astra.html,https://www.racingsportscars.com/suffix/photo/Opel/Astra/GSi.html
nurburgring,1992-06-21,64,VW Scirocco - VW,56,Class 4,,-,-,Wilfried Becker/Gerhard Raab/Raymond Sammer/Michael Luther,NA,NA,NA,NA,NA,VW,Scirocco,NA,Result: 56th (12 laps behind the winner)Grid:,56th (12 laps behind the winner)Grid:,finished,NA,NA,12 laps behind the winner,NA,https://www.racingsportscars.com/images/car_no_photo.png,https://www.racingsportscars.com/about.html#contrib,https://www.racingsportscars.com/make/photo/VW.html,https://www.racingsportscars.com/type/photo/VW/Scirocco.html,NA
nurburgring,1992-06-21,230,Citroën AX - Citroën,57,Class 17,,-,-,Michael Funke (D)/Hans Hamacher/Marco Mundig/Achim Stegmüller,NA,NA,NA,NA,NA,Citroën,AX,NA,Result: 57th 1st in Class 17 (12 laps behind the winner)Grid:,57th 1st in Class 17 (12 laps behind the winner)Grid:,finished,NA,NA,12 laps behind the winner,NA,https://www.racingsportscars.com/images/car_no_photo.png,https://www.racingsportscars.com/about.html#contrib,https://www.racingsportscars.com/make/photo/Citro%c3%abn.html,https://www.racingsportscars.com/type/photo/Citro%c3%abn/AX.html,NA
nurburgring,1992-06-21,82,Ford Fiesta XR2i - Ford,58,Class 5,,-,-,Ralf Martin (D)/Michael Schmölders/Knut Kreissl/Astrid Eifert,NA,NA,NA,NA,NA,Ford,Fiesta,XR2i,Result: 58th (12 laps behind the winner)Grid:,58th (12 laps behind the winner)Grid:,finished,NA,NA,12 laps behind the winner,NA,https://www.racingsportscars.com/images/car_no_photo.png,https://www.racingsportscars.com/about.html#contrib,https://www.racingsportscars.com/make/photo/Ford.html,https://www.racingsportscars.com/type/photo/Ford/Fiesta.html,https://www.racingsportscars.com/suffix/photo/Ford/Fiesta/XR2i.html
nurburgring,1992-06-21,199,Opel Kadett GSi - Opel,59,Class 15,MSC Radevormwald,Closed bodywork,Front-engined,Rainer Stark/Thomas Frenzel/Hans-Richard Ufer/Ralf Holzmann,NA,NA,NA,NA,NA,Opel,Kadett,GSi,Result: 59th (12 laps behind the winner)Grid:,59th (12 laps behind the winner)Grid:,finished,NA,NA,12 laps behind the winner,NA,https://www.racingsportscars.com/images/car_no_photo.png,https://www.racingsportscars.com/about.html#contrib,https://www.racingsportscars.com/make/photo/Opel.html,https://www.racingsportscars.com/type/photo/Opel/Kadett.html,https://www.racingsportscars.com/suffix/photo/Opel/Kadett/GSi.html
nurburgring,1992-06-21,125,Ford Sierra RS Cosworth - Ford,60,Class 7,(I),-,-,Maurizio Lusuardi (I)/Renato Benusiglio (I)/Giovanni Bottazzi/Giorgio Cerciello (I),NA,NA,NA,NA,NA,Ford,Sierra,RS Cosworth,Result: 60th (12 laps behind the winner)Grid:,60th (12 laps behind the winner)Grid:,finished,NA,NA,12 laps behind the winner,NA,https://www.racingsportscars.com/images/car_no_photo.png,https://www.racingsportscars.com/about.html#contrib,https://www.racingsportscars.com/make/photo/Ford.html,https://www.racingsportscars.com/type/photo/Ford/Sierra.html,https://www.racingsportscars.com/suffix/photo/Ford/Sierra/RS%20Cosworth.html
nurburgring,1992-06-21,208,Opel Astra GSi - Opel,61,Class 15,Kreis Opel Sport,-,-,Arthur Brauss/Frank Klaas/Hermann Lamberty/Ludwig Scheuer (D),NA,NA,NA,NA,NA,Opel,Astra,GSi,Result: 61st (12 laps behind the winner)Grid:,61st (12 laps behind the winner)Grid:,finished,NA,NA,12 laps behind the winner,NA,https://www.racingsportscars.com/images/car_no_photo.png,https://www.racingsportscars.com/about.html#contrib,https://www.racingsportscars.com/make/photo/Opel.html,https://www.racingsportscars.com/type/photo/Opel/Astra.html,https://www.racingsportscars.com/suffix/photo/Opel/Astra/GSi.html
nurburgring,1992-06-21,99,Honda Civic - Honda,62,Class 5,Seikel Motorsport und Rennsport Technik,-,-,Jörg Kerwarth/Eric Duhamel (F)/Manfred Herbrüggen,NA,NA,NA,NA,NA,Honda,Civic,NA,Result: 62nd (13 laps behind the winner)Grid:,62nd (13 laps behind the winner)Grid:,finished,NA,NA,13 laps behind the winner,NA,https://www.racingsportscars.com/images/car_no_photo.png,https://www.racingsportscars.com/about.html#contrib,https://www.racingsportscars.com/make/photo/Honda.html,https://www.racingsportscars.com/type/photo/Honda/Civic.html,NA
nurburgring,1992-06-21,61,Peugeot 309 GTi - Peugeot,63,Class 4,AMC Wittgenstein,-,-,Uwe Schulz/Andreas Gücker/Eberhard Frech,NA,NA,NA,NA,NA,Peugeot,309,GTi,Result: 63rd (13 laps behind the winner)Grid:,63rd (13 laps behind the winner)Grid:,finished,NA,NA,13 laps behind the winner,NA,https://www.racingsportscars.com/images/car_no_photo.png,https://www.racingsportscars.com/about.html#contrib,https://www.racingsportscars.com/make/photo/Peugeot.html,https://www.racingsportscars.com/type/photo/Peugeot/309.html,https://www.racingsportscars.com/suffix/photo/Peugeot/309/GTi.html
nurburgring,1992-06-21,88,Ford Fiesta XR2i - Ford,64,Class 5,DCL-Lauderbach Motorsport,-,-,Franz-Josef Bröhling (D)/Astrid Hild/Harald Hennes (D)/Ralf Schäfer,NA,NA,NA,NA,NA,Ford,Fiesta,XR2i,Result: 64th (13 laps behind the winner)Grid:,64th (13 laps behind the winner)Grid:,finished,NA,NA,13 laps behind the winner,NA,https://www.racingsportscars.com/images/car_no_photo.png,https://www.racingsportscars.com/about.html#contrib,https://www.racingsportscars.com/make/photo/Ford.html,https://www.racingsportscars.com/type/photo/Ford/Fiesta.html,https://www.racingsportscars.com/suffix/photo/Ford/Fiesta/XR2i.html
nurburgring,1992-06-21,207,Opel Kadett GSi - Opel,65,Class 15,Kreis Opel Sport,Closed bodywork,Front-engined,Jörg Schuhey/Gerhard Freudenberg/Bernd Michel,NA,NA,NA,NA,NA,Opel,Kadett,GSi,Result: 65th (13 laps behind the winner)Grid:,65th (13 laps behind the winner)Grid:,finished,NA,NA,13 laps behind the winner,NA,https://www.racingsportscars.com/images/car_no_photo.png,https://www.racingsportscars.com/about.html#contrib,https://www.racingsportscars.com/make/photo/Opel.html,https://www.racingsportscars.com/type/photo/Opel/Kadett.html,https://www.racingsportscars.com/suffix/photo/Opel/Kadett/GSi.html
nurburgring,1992-06-21,229,Citroën AX - Citroën,66,Class 17,Renngemeinschaft Sieglar,-,-,Dirk Adorf (D)/Klaus-Dieter Häckel/Guido Thierfelder,NA,NA,NA,NA,NA,Citroën,AX,NA,Result: 66th (13 laps behind the winner)Grid:,66th (13 laps behind the winner)Grid:,finished,NA,NA,13 laps behind the winner,NA,https://www.racingsportscars.com/images/car_no_photo.png,https://www.racingsportscars.com/about.html#contrib,https://www.racingsportscars.com/make/photo/Citro%c3%abn.html,https://www.racingsportscars.com/type/photo/Citro%c3%abn/AX.html,NA
nurburgring,1992-06-21,226,Peugeot 205 Rallye - Peugeot,67,Class 17,AC Monheim (D),-,-,Hermann Molitor (D)/Jürgen Wirtgen (D)/Martin Tschornia (D)/Stefan Kasterka,NA,NA,NA,NA,NA,Peugeot,205,Rallye,Result: 67th (13 laps behind the winner)Grid:,67th (13 laps behind the winner)Grid:,finished,NA,NA,13 laps behind the winner,NA,https://www.racingsportscars.com/images/car_no_photo.png,https://www.racingsportscars.com/about.html#contrib,https://www.racingsportscars.com/make/photo/Peugeot.html,https://www.racingsportscars.com/type/photo/Peugeot/205.html,https://www.racingsportscars.com/suffix/photo/Peugeot/205/Rallye.html
nurburgring,1992-06-21,150,Honda Civic - Honda,68,Class 10,,-,-,Fred Drössler/Jürgen Bäumler/Frank Totz/Werner Langshausen,NA,NA,NA,NA,NA,Honda,Civic,NA,Result: 68th (13 laps behind the winner)Grid:,68th (13 laps behind the winner)Grid:,finished,NA,NA,13 laps behind the winner,NA,https://www.racingsportscars.com/images/car_no_photo.png,https://www.racingsportscars.com/about.html#contrib,https://www.racingsportscars.com/make/photo/Honda.html,https://www.racingsportscars.com/type/photo/Honda/Civic.html,NA
nurburgring,1992-06-21,110,Suzuki Swift GTi - Suzuki,69,Class 6,,-,-,Joachim Klappert/Stephan Scheld/Jens Matterhn,NA,NA,NA,NA,NA,Suzuki,Swift,GTi,Result: 69th (13 laps behind the winner)Grid:,69th (13 laps behind the winner)Grid:,finished,NA,NA,13 laps behind the winner,NA,https://www.racingsportscars.com/images/car_no_photo.png,https://www.racingsportscars.com/about.html#contrib,https://www.racingsportscars.com/make/photo/Suzuki.html,https://www.racingsportscars.com/type/photo/Suzuki/Swift.html,https://www.racingsportscars.com/suffix/photo/Suzuki/Swift/GTi.html
nurburgring,1992-06-21,70,VW Golf GTI - VW,70,Class 4,,-,-,Klaus Gödderz (D)/Herbert Schmitz (D)/Bernd Denter (D),NA,NA,NA,NA,NA,VW,Golf,GTI,Result: 70th (13 laps behind the winner)Grid:,70th (13 laps behind the winner)Grid:,finished,NA,NA,13 laps behind the winner,NA,https://www.racingsportscars.com/images/car_no_photo.png,https://www.racingsportscars.com/about.html#contrib,https://www.racingsportscars.com/make/photo/VW.html,https://www.racingsportscars.com/type/photo/VW/Golf.html,https://www.racingsportscars.com/suffix/photo/VW/Golf/GTI.html
nurburgring,1992-06-21,78,Opel Corsa GSi - Opel,71,Class 5,,-,-,Lucien Franck/Robert Benoy (L)/Maarten Mus (L)/Jean-Marie Dumont (L),NA,NA,NA,NA,NA,Opel,Corsa,GSi,Result: 71st (13 laps behind the winner)Grid:,71st (13 laps behind the winner)Grid:,finished,NA,NA,13 laps behind the winner,NA,https://www.racingsportscars.com/images/car_no_photo.png,https://www.racingsportscars.com/about.html#contrib,https://www.racingsportscars.com/make/photo/Opel.html,https://www.racingsportscars.com/type/photo/Opel/Corsa.html,https://www.racingsportscars.com/suffix/photo/Opel/Corsa/GSi.html
nurburgring,1992-06-21,133,BMW M3 - BMW,72,Class 8,Scuderia Augustusburg Brühl,Closed bodywork,Front-engined,Wolfgang Jacobs (D)/Hans-Werner Hilger (D)/Erkki Granlund/Peter Brink (D),NA,NA,NA,NA,NA,BMW,M3,NA,Result: 72nd (13 laps behind the winner)Grid:,72nd (13 laps behind the winner)Grid:,finished,NA,NA,13 laps behind the winner,NA,https://www.racingsportscars.com/images/car_no_photo.png,https://www.racingsportscars.com/about.html#contrib,https://www.racingsportscars.com/make/photo/BMW.html,https://www.racingsportscars.com/type/photo/BMW/M3.html,NA
nurburgring,1992-06-21,66,VW Golf GTI - VW,73,Class 4,(D),-,-,Ralf Mockenhaupt/Peter Reuter (D)/Jürgen Konrad (D)/Uwe Reich (D),NA,NA,NA,NA,NA,VW,Golf,GTI,Result: 73rd (13 laps behind the winner)Grid:,73rd (13 laps behind the winner)Grid:,finished,NA,NA,13 laps behind the winner,NA,https://www.racingsportscars.com/images/car_no_photo.png,https://www.racingsportscars.com/about.html#contrib,https://www.racingsportscars.com/make/photo/VW.html,https://www.racingsportscars.com/type/photo/VW/Golf.html,https://www.racingsportscars.com/suffix/photo/VW/Golf/GTI.html
nurburgring,1992-06-21,158,Peugeot 205 Rallye - Peugeot,74,Class 11,Rheydter Club für Motorsport,-,-,Dagmar Verhoeven/Christopher Peters (D)/Peter Schöller (A),NA,NA,NA,NA,NA,Peugeot,205,Rallye,Result: 74th 1st in Class 11 (13 laps behind the winner)Grid:,74th 1st in Class 11 (13 laps behind the winner)Grid:,finished,NA,NA,13 laps behind the winner,NA,https://www.racingsportscars.com/images/car_no_photo.png,https://www.racingsportscars.com/about.html#contrib,https://www.racingsportscars.com/make/photo/Peugeot.html,https://www.racingsportscars.com/type/photo/Peugeot/205.html,https://www.racingsportscars.com/suffix/photo/Peugeot/205/Rallye.html
nurburgring,1992-06-21,90,Ford Fiesta XR2i - Ford,75,Class 5,ADAC Mittelrhein,-,-,Hilde Henry/Jörg Thull/Rolf-Dieter Müller,NA,NA,NA,NA,NA,Ford,Fiesta,XR2i,Result: 75th (14 laps behind the winner)Grid:,75th (14 laps behind the winner)Grid:,finished,NA,NA,14 laps behind the winner,NA,https://www.racingsportscars.com/images/car_no_photo.png,https://www.racingsportscars.com/about.html#contrib,https://www.racingsportscars.com/make/photo/Ford.html,https://www.racingsportscars.com/type/photo/Ford/Fiesta.html,https://www.racingsportscars.com/suffix/photo/Ford/Fiesta/XR2i.html
nurburgring,1992-06-21,214,Honda Civic - Honda,76,Class 16,,-,-,Karsten Molitor (D)/Michael Heyer/Volker Reiter/Michael Marsani,NA,NA,NA,NA,NA,Honda,Civic,NA,Result: 76th (14 laps behind the winner)Grid:,76th (14 laps behind the winner)Grid:,finished,NA,NA,14 laps behind the winner,NA,https://www.racingsportscars.com/images/car_no_photo.png,https://www.racingsportscars.com/about.html#contrib,https://www.racingsportscars.com/make/photo/Honda.html,https://www.racingsportscars.com/type/photo/Honda/Civic.html,NA
nurburgring,1992-06-21,154,Honda Civic - Honda,77,Class 10,,-,-,Thor-Christian Ebbesvik (N)/Erik Fische/Lars Sundling,NA,NA,NA,NA,NA,Honda,Civic,NA,Result: 77th (14 laps behind the winner)Grid:,77th (14 laps behind the winner)Grid:,finished,NA,NA,14 laps behind the winner,NA,https://www.racingsportscars.com/images/car_no_photo.png,https://www.racingsportscars.com/about.html#contrib,https://www.racingsportscars.com/make/photo/Honda.html,https://www.racingsportscars.com/type/photo/Honda/Civic.html,NA
nurburgring,1992-06-21,153,Honda Civic - Honda,78,Class 10,,-,-,Bernd Degner (D)/Wilfried Schmitz (D)/Andres Welter (S)/Rolf Büschenfeld,NA,NA,NA,NA,NA,Honda,Civic,NA,Result: 78th (14 laps behind the winner)Grid:,78th (14 laps behind the winner)Grid:,finished,NA,NA,14 laps behind the winner,NA,https://www.racingsportscars.com/images/car_no_photo.png,https://www.racingsportscars.com/about.html#contrib,https://www.racingsportscars.com/make/photo/Honda.html,https://www.racingsportscars.com/type/photo/Honda/Civic.html,NA
nurburgring,1992-06-21,159,Daihatsu Charade,79,Class 11,,-,-,Wilfried Burghartz/Guido Burghartz/Helmut Schoddel,NA,NA,NA,NA,NA,Daihatsu,Charade,NA,Result: 79th (14 laps behind the winner)Grid:,79th (14 laps behind the winner)Grid:,finished,NA,NA,14 laps behind the winner,NA,https://www.racingsportscars.com/images/car_no_photo.png,https://www.racingsportscars.com/about.html#contrib,https://www.racingsportscars.com/make/photo/Daihatsu.html,https://www.racingsportscars.com/type/photo/Daihatsu/Charade.html,NA
nurburgring,1992-06-21,75,Toyota Corolla - Toyota,80,Class 5,AMC Lünen,-,-,Klaus Kuhne/Gerd Flentje/Peter Meschkat,NA,NA,NA,NA,NA,Toyota,Corolla,NA,Result: 80th (14 laps behind the winner)Grid:,80th (14 laps behind the winner)Grid:,finished,NA,NA,14 laps behind the winner,NA,https://www.racingsportscars.com/images/car_no_photo.png,https://www.racingsportscars.com/about.html#contrib,https://www.racingsportscars.com/make/photo/Toyota.html,https://www.racingsportscars.com/type/photo/Toyota/Corolla.html,NA
nurburgring,1992-06-21,102,Opel Corsa GSi - Opel,81,Class 5,Renngemeinschaft Düren,-,-,Jürgen Jansen/Karl Jonas/Hans-Martin Irnich,NA,NA,NA,NA,NA,Opel,Corsa,GSi,Result: 81st (14 laps behind the winner)Grid:,81st (14 laps behind the winner)Grid:,finished,NA,NA,14 laps behind the winner,NA,https://www.racingsportscars.com/images/car_no_photo.png,https://www.racingsportscars.com/about.html#contrib,https://www.racingsportscars.com/make/photo/Opel.html,https://www.racingsportscars.com/type/photo/Opel/Corsa.html,https://www.racingsportscars.com/suffix/photo/Opel/Corsa/GSi.html
nurburgring,1992-06-21,65,Opel Kadett GSi - Opel,82,Class 4,Renngemeinschaft Düren,Closed bodywork,Front-engined,Jürgen Schadt/Frank Güttes/Franz Claer,NA,NA,NA,NA,NA,Opel,Kadett,GSi,Result: 82nd (14 laps behind the winner)Grid:,82nd (14 laps behind the winner)Grid:,finished,NA,NA,14 laps behind the winner,NA,https://www.racingsportscars.com/images/car_no_photo.png,https://www.racingsportscars.com/about.html#contrib,https://www.racingsportscars.com/make/photo/Opel.html,https://www.racingsportscars.com/type/photo/Opel/Kadett.html,https://www.racingsportscars.com/suffix/photo/Opel/Kadett/GSi.html
nurburgring,1992-06-21,183,BMW 325i - BMW,83,Class 14,Auto Budde Motorsport,-,-,Udo Schneider (D)/Leopold von Bayern (D)/Franz Engstler (D),NA,NA,NA,NA,NA,BMW,325i,NA,Result: 83rd (14 laps behind the winner)Grid:,83rd (14 laps behind the winner)Grid:,finished,NA,NA,14 laps behind the winner,NA,https://www.racingsportscars.com/images/car_no_photo.png,https://www.racingsportscars.com/about.html#contrib,https://www.racingsportscars.com/make/photo/BMW.html,https://www.racingsportscars.com/type/photo/BMW/325i.html,NA
nurburgring,1992-06-21,224,Citroën AX - Citroën,84,Class 17,,-,-,Theo Milz/Gerhard Mayer/Wolfgang Wolter/Bernd Erdmann,NA,NA,NA,NA,NA,Citroën,AX,NA,Result: 84th (14 laps behind the winner)Grid:,84th (14 laps behind the winner)Grid:,finished,NA,NA,14 laps behind the winner,NA,https://www.racingsportscars.com/images/car_no_photo.png,https://www.racingsportscars.com/about.html#contrib,https://www.racingsportscars.com/make/photo/Citro%c3%abn.html,https://www.racingsportscars.com/type/photo/Citro%c3%abn/AX.html,NA
nurburgring,1992-06-21,77,Honda Civic - Honda,85,Class 5,,-,-,Günter Kühlewein (D)/Eckhard Bihlmaier/Fritz Zentler,NA,NA,NA,NA,NA,Honda,Civic,NA,Result: 85th (14 laps behind the winner)Grid:,85th (14 laps behind the winner)Grid:,finished,NA,NA,14 laps behind the winner,NA,https://www.racingsportscars.com/images/car_no_photo.png,https://www.racingsportscars.com/about.html#contrib,https://www.racingsportscars.com/make/photo/Honda.html,https://www.racingsportscars.com/type/photo/Honda/Civic.html,NA
nurburgring,1992-06-21,121,Nissan Skyline - Nissan,86,Class 7,(DK),-,-,Lars Skovgaard (DK)/Martin Skovgaard (DK)/Tom Langeberg (NL),NA,NA,NA,NA,NA,Nissan,Skyline,NA,Result: 86th (14 laps behind the winner)Grid:,86th (14 laps behind the winner)Grid:,finished,NA,NA,14 laps behind the winner,NA,https://www.racingsportscars.com/images/car_no_photo.png,https://www.racingsportscars.com/about.html#contrib,https://www.racingsportscars.com/make/photo/Nissan.html,https://www.racingsportscars.com/type/photo/Nissan/Skyline.html,NA
nurburgring,1992-06-21,23,Nissan Skyline - Nissan,87,Class 2,Castrol Co. Ltd.,-,-,Dirk Schoysman (B)/Georg Weber (D)/Kazuo Shimizu (J)/Takayuki Kinoshita (J),NA,NA,NA,NA,NA,Nissan,Skyline,NA,Result: 87th (14 laps behind the winner)Grid:,87th (14 laps behind the winner)Grid:,finished,NA,NA,14 laps behind the winner,NA,https://www.racingsportscars.com/images/car_no_photo.png,https://www.racingsportscars.com/about.html#contrib,https://www.racingsportscars.com/make/photo/Nissan.html,https://www.racingsportscars.com/type/photo/Nissan/Skyline.html,NA
nurburgring,1992-06-21,52,Opel Calibra GSi - Opel,88,Class 4,Team Dürkop Eurorent (D),Closed bodywork,Front-engined,Axel Kaczmarek (D)/Martin Wimmer/Meinhard Rittmeier/Marco Werner (D),NA,NA,NA,NA,NA,Opel,Calibra,GSi,Result: 88th (15 laps behind the winner)Grid:,88th (15 laps behind the winner)Grid:,finished,NA,NA,15 laps behind the winner,NA,https://www.racingsportscars.com/images/car_no_photo.png,https://www.racingsportscars.com/about.html#contrib,https://www.racingsportscars.com/make/photo/Opel.html,https://www.racingsportscars.com/type/photo/Opel/Calibra.html,https://www.racingsportscars.com/suffix/photo/Opel/Calibra/GSi.html
nurburgring,1992-06-21,111,Suzuki Swift GTi - Suzuki,89,Class 6,,-,-,Günter Lüttecke (D)/Andreas Radtke/Richard Fritz/Hans-Josef Nöker,NA,NA,NA,NA,NA,Suzuki,Swift,GTi,Result: 89th (15 laps behind the winner)Grid:,89th (15 laps behind the winner)Grid:,finished,NA,NA,15 laps behind the winner,NA,https://www.racingsportscars.com/images/car_no_photo.png,https://www.racingsportscars.com/about.html#contrib,https://www.racingsportscars.com/make/photo/Suzuki.html,https://www.racingsportscars.com/type/photo/Suzuki/Swift.html,https://www.racingsportscars.com/suffix/photo/Suzuki/Swift/GTi.html
nurburgring,1992-06-21,103,Toyota Corolla - Toyota,90,Class 5,East Belgian Racing Team (B),-,-,Günther Peters (B)/Olivier Zonderman (B)/Martin Gillessen (B),NA,NA,NA,NA,NA,Toyota,Corolla,NA,Result: 90th (15 laps behind the winner)Grid:,90th (15 laps behind the winner)Grid:,finished,NA,NA,15 laps behind the winner,NA,https://www.racingsportscars.com/images/car_no_photo.png,https://www.racingsportscars.com/about.html#contrib,https://www.racingsportscars.com/make/photo/Toyota.html,https://www.racingsportscars.com/type/photo/Toyota/Corolla.html,NA
nurburgring,1992-06-21,205,Opel Kadett GSi - Opel,91,Class 15,,Closed bodywork,Front-engined,Armin Krehl/Gerd Bauer (D)/Harald Ludwig/Detlef Heinze (D),NA,NA,NA,NA,NA,Opel,Kadett,GSi,Result: 91st (15 laps behind the winner)Grid:,91st (15 laps behind the winner)Grid:,finished,NA,NA,15 laps behind the winner,NA,https://www.racingsportscars.com/images/car_no_photo.png,https://www.racingsportscars.com/about.html#contrib,https://www.racingsportscars.com/make/photo/Opel.html,https://www.racingsportscars.com/type/photo/Opel/Kadett.html,https://www.racingsportscars.com/suffix/photo/Opel/Kadett/GSi.html
nurburgring,1992-06-21,109,Citroën AX - Citroën,92,Class 6,Slick 50 Team Deutschland,-,-,Jutta Kleinschmidt (D)/Manfred Anspann (D)/Helmut Pohl/Herbert Schürg (D),NA,NA,NA,NA,NA,Citroën,AX,NA,Result: 92nd (15 laps behind the winner)Grid:,92nd (15 laps behind the winner)Grid:,finished,NA,NA,15 laps behind the winner,NA,https://www.racingsportscars.com/images/car_no_photo.png,https://www.racingsportscars.com/about.html#contrib,https://www.racingsportscars.com/make/photo/Citro%c3%abn.html,https://www.racingsportscars.com/type/photo/Citro%c3%abn/AX.html,NA
nurburgring,1992-06-21,95,Ford Fiesta XR2i - Ford,93,Class 5,Ford Kuhn Racing,-,-,Rudolf Huxohl/Nicole Grothenrath/Andrea Hild/Claus Dittel,NA,NA,NA,NA,NA,Ford,Fiesta,XR2i,Result: 93rd (16 laps behind the winner)Grid:,93rd (16 laps behind the winner)Grid:,finished,NA,NA,16 laps behind the winner,NA,https://www.racingsportscars.com/images/car_no_photo.png,https://www.racingsportscars.com/about.html#contrib,https://www.racingsportscars.com/make/photo/Ford.html,https://www.racingsportscars.com/type/photo/Ford/Fiesta.html,https://www.racingsportscars.com/suffix/photo/Ford/Fiesta/XR2i.html
nurburgring,1992-06-21,91,Ford Fiesta XR2i - Ford,94,Class 5,,-,-,Martin Friedl/Alexander Schula (D)/Martin Hartmann/Dieter Platzer,NA,NA,NA,NA,NA,Ford,Fiesta,XR2i,Result: 94th (16 laps behind the winner)Grid:,94th (16 laps behind the winner)Grid:,finished,NA,NA,16 laps behind the winner,NA,https://www.racingsportscars.com/images/car_no_photo.png,https://www.racingsportscars.com/about.html#contrib,https://www.racingsportscars.com/make/photo/Ford.html,https://www.racingsportscars.com/type/photo/Ford/Fiesta.html,https://www.racingsportscars.com/suffix/photo/Ford/Fiesta/XR2i.html
nurburgring,1992-06-21,83,Ford Fiesta XR2i - Ford,95,Class 5,,-,-,Oliver Eifert/Astrid Eifert/Knut Kreissl/Ralf Martin (D),NA,NA,NA,NA,NA,Ford,Fiesta,XR2i,Result: 95th (16 laps behind the winner)Grid:,95th (16 laps behind the winner)Grid:,finished,NA,NA,16 laps behind the winner,NA,https://www.racingsportscars.com/images/car_no_photo.png,https://www.racingsportscars.com/about.html#contrib,https://www.racingsportscars.com/make/photo/Ford.html,https://www.racingsportscars.com/type/photo/Ford/Fiesta.html,https://www.racingsportscars.com/suffix/photo/Ford/Fiesta/XR2i.html
nurburgring,1992-06-21,57,Opel Manta GSi - Opel,96,Class 4,,Closed bodywork,Front-engined,Heinz Jansen/Günter Werner/Michael Schmiemann/Dirk Tillmanns,NA,NA,NA,NA,NA,Opel,Manta,GSi,Result: 96th (16 laps behind the winner)Grid:,96th (16 laps behind the winner)Grid:,finished,NA,NA,16 laps behind the winner,NA,https://www.racingsportscars.com/images/car_no_photo.png,https://www.racingsportscars.com/about.html#contrib,https://www.racingsportscars.com/make/photo/Opel.html,https://www.racingsportscars.com/type/photo/Opel/Manta.html,https://www.racingsportscars.com/suffix/photo/Opel/Manta/GSi.html
nurburgring,1992-06-21,152,Toyota Corolla - Toyota,97,Class 10,Deutscher Sportfahrerkreis,-,-,Franz Mönch/Christian Wolter,NA,NA,NA,NA,NA,Toyota,Corolla,NA,Result: 97th (16 laps behind the winner)Grid:,97th (16 laps behind the winner)Grid:,finished,NA,NA,16 laps behind the winner,NA,https://www.racingsportscars.com/images/car_no_photo.png,https://www.racingsportscars.com/about.html#contrib,https://www.racingsportscars.com/make/photo/Toyota.html,https://www.racingsportscars.com/type/photo/Toyota/Corolla.html,NA
nurburgring,1992-06-21,228,Suzuki Swift GTi - Suzuki,98,Class 17,,-,-,Johannes Fleper/Frank Berenbeck/Bernd Berenbeck/Gerhard Müller (D),NA,NA,NA,NA,NA,Suzuki,Swift,GTi,Result: 98th (16 laps behind the winner)Grid:,98th (16 laps behind the winner)Grid:,finished,NA,NA,16 laps behind the winner,NA,https://www.racingsportscars.com/images/car_no_photo.png,https://www.racingsportscars.com/about.html#contrib,https://www.racingsportscars.com/make/photo/Suzuki.html,https://www.racingsportscars.com/type/photo/Suzuki/Swift.html,https://www.racingsportscars.com/suffix/photo/Suzuki/Swift/GTi.html
nurburgring,1992-06-21,84,Ford Fiesta XR2i - Ford,99,Class 5,,-,-,Oliver Eifert/Michael Schmölders/Dieter Mühlhoff/Michael Conrad,NA,NA,NA,NA,NA,Ford,Fiesta,XR2i,Result: 99th (16 laps behind the winner)Grid:,99th (16 laps behind the winner)Grid:,finished,NA,NA,16 laps behind the winner,NA,https://www.racingsportscars.com/images/car_no_photo.png,https://www.racingsportscars.com/about.html#contrib,https://www.racingsportscars.com/make/photo/Ford.html,https://www.racingsportscars.com/type/photo/Ford/Fiesta.html,https://www.racingsportscars.com/suffix/photo/Ford/Fiesta/XR2i.html
nurburgring,1992-06-21,162,Suzuki Swift GTi - Suzuki,100,Class 11,MSC Rodenstein,-,-,Horst Walter/Achim Kreim/Heinz Muntermann,NA,NA,NA,NA,NA,Suzuki,Swift,GTi,Result: 100th (16 laps behind the winner)Grid:,100th (16 laps behind the winner)Grid:,finished,NA,NA,16 laps behind the winner,NA,https://www.racingsportscars.com/images/car_no_photo.png,https://www.racingsportscars.com/about.html#contrib,https://www.racingsportscars.com/make/photo/Suzuki.html,https://www.racingsportscars.com/type/photo/Suzuki/Swift.html,https://www.racingsportscars.com/suffix/photo/Suzuki/Swift/GTi.html
nurburgring,1992-06-21,163,Citroën AX - Citroën,101,Class 11,,-,-,Wolfgang Drabiniok (D)/Rüdiger Ott/Bernhard Müller (D)/Erwin Kalb,NA,NA,NA,NA,NA,Citroën,AX,NA,Result: 101st (16 laps behind the winner)Grid:,101st (16 laps behind the winner)Grid:,finished,NA,NA,16 laps behind the winner,NA,https://www.racingsportscars.com/images/car_no_photo.png,https://www.racingsportscars.com/about.html#contrib,https://www.racingsportscars.com/make/photo/Citro%c3%abn.html,https://www.racingsportscars.com/type/photo/Citro%c3%abn/AX.html,NA
nurburgring,1992-06-21,160,Peugeot 205 Rallye - Peugeot,102,Class 11,,-,-,Kent Bo Lauridsen/Michael Carlsen (DK)/Holger Knudsen (DK),NA,NA,NA,NA,NA,Peugeot,205,Rallye,Result: 102nd (16 laps behind the winner)Grid:,102nd (16 laps behind the winner)Grid:,finished,NA,NA,16 laps behind the winner,NA,https://www.racingsportscars.com/images/car_no_photo.png,https://www.racingsportscars.com/about.html#contrib,https://www.racingsportscars.com/make/photo/Peugeot.html,https://www.racingsportscars.com/type/photo/Peugeot/205.html,https://www.racingsportscars.com/suffix/photo/Peugeot/205/Rallye.html
nurburgring,1992-06-21,195,Opel Kadett GSi - Opel,103,Class 15,MSC Ruhr Blitz Bochum,Closed bodywork,Front-engined,Bernd Hohaus/Carsten Bube/Hans-Jürgen Harms/Klaus Peter Lüdders,NA,NA,NA,NA,NA,Opel,Kadett,GSi,Result: 103rd (16 laps behind the winner)Grid:,103rd (16 laps behind the winner)Grid:,finished,NA,NA,16 laps behind the winner,NA,https://www.racingsportscars.com/images/car_no_photo.png,https://www.racingsportscars.com/about.html#contrib,https://www.racingsportscars.com/make/photo/Opel.html,https://www.racingsportscars.com/type/photo/Opel/Kadett.html,https://www.racingsportscars.com/suffix/photo/Opel/Kadett/GSi.html
nurburgring,1992-06-21,59,Peugeot 309 GTi - Peugeot,104,Class 4,,-,-,Norbert Hartz (L)/Alain Majerus (L)/Jean Marie Wagner,NA,NA,NA,NA,NA,Peugeot,309,GTi,Result: 104th (16 laps behind the winner)Grid:,104th (16 laps behind the winner)Grid:,finished,NA,NA,16 laps behind the winner,NA,https://www.racingsportscars.com/images/car_no_photo.png,https://www.racingsportscars.com/about.html#contrib,https://www.racingsportscars.com/make/photo/Peugeot.html,https://www.racingsportscars.com/type/photo/Peugeot/309.html,https://www.racingsportscars.com/suffix/photo/Peugeot/309/GTi.html
nurburgring,1992-06-21,221,Suzuki Swift GTi - Suzuki,105,Class 17,MSC Sinzig,-,-,Hans-Joachim Briel/Herbert Linden/Heinz Nussbaum/Jürgen Scheuerer,NA,NA,NA,NA,NA,Suzuki,Swift,GTi,Result: 105th (16 laps behind the winner)Grid:,105th (16 laps behind the winner)Grid:,finished,NA,NA,16 laps behind the winner,NA,https://www.racingsportscars.com/images/car_no_photo.png,https://www.racingsportscars.com/about.html#contrib,https://www.racingsportscars.com/make/photo/Suzuki.html,https://www.racingsportscars.com/type/photo/Suzuki/Swift.html,https://www.racingsportscars.com/suffix/photo/Suzuki/Swift/GTi.html
nurburgring,1992-06-21,178,Porsche 911 Carrera - Porsche,106,Class 13,,Closed bodywork,Rear-engined,Claus-Theo Gärtner/Elmar Hölscher (D)/Michael Neumann (D),NA,NA,NA,NA,NA,Porsche,911 Carrera,NA,Result: 106th (16 laps behind the winner)Grid:,106th (16 laps behind the winner)Grid:,finished,NA,NA,16 laps behind the winner,NA,https://www.racingsportscars.com/images/car_no_photo.png,https://www.racingsportscars.com/about.html#contrib,https://www.racingsportscars.com/make/photo/Porsche.html,https://www.racingsportscars.com/type/photo/Porsche/911%20Carrera.html,NA
nurburgring,1992-06-21,116,Alfa Romeo 75 - Alfa Romeo,107,Class 2,Scuderia Del Portello,-,-,Goffredo Chiavelli/Marco Cajani (I)/Luigi Pozzo (I)/Antonello Macellari,NA,NA,NA,NA,NA,Alfa Romeo,75,NA,Result: 107th (16 laps behind the winner)Grid:,107th (16 laps behind the winner)Grid:,finished,NA,NA,16 laps behind the winner,NA,https://www.racingsportscars.com/images/car_no_photo.png,https://www.racingsportscars.com/about.html#contrib,https://www.racingsportscars.com/make/photo/Alfa%20Romeo.html,https://www.racingsportscars.com/type/photo/Alfa%20Romeo/75.html,NA
nurburgring,1992-06-21,129,BMW M3 - BMW,108,Class 8,RG Lennetaler AMC,Closed bodywork,Front-engined,Uwe Bucks/Günter Krone/Klaus-Jürgen Krone/Ingo Bals,NA,NA,NA,NA,NA,BMW,M3,NA,Result: 108th (16 laps behind the winner)Grid:,108th (16 laps behind the winner)Grid:,finished,NA,NA,16 laps behind the winner,NA,https://www.racingsportscars.com/images/car_no_photo.png,https://www.racingsportscars.com/about.html#contrib,https://www.racingsportscars.com/make/photo/BMW.html,https://www.racingsportscars.com/type/photo/BMW/M3.html,NA
nurburgring,1992-06-21,97,Ford Fiesta XR2i - Ford,109,Class 5,(D),-,-,Achim Berg (D)/Thomas Berg (D)/Kurt Füchtler/Dirk Steup,NA,NA,NA,NA,NA,Ford,Fiesta,XR2i,Result: 109th (17 laps behind the winner)Grid:,109th (17 laps behind the winner)Grid:,finished,NA,NA,17 laps behind the winner,NA,https://www.racingsportscars.com/images/car_no_photo.png,https://www.racingsportscars.com/about.html#contrib,https://www.racingsportscars.com/make/photo/Ford.html,https://www.racingsportscars.com/type/photo/Ford/Fiesta.html,https://www.racingsportscars.com/suffix/photo/Ford/Fiesta/XR2i.html
nurburgring,1992-06-21,51,VW Golf GTI - VW,110,Class 4,,-,-,Frank Zbrozek/Uwe Wittkopf/Hans-Günther Hahn,NA,NA,NA,NA,NA,VW,Golf,GTI,Result: 110th (17 laps behind the winner)Grid:,110th (17 laps behind the winner)Grid:,finished,NA,NA,17 laps behind the winner,NA,https://www.racingsportscars.com/images/car_no_photo.png,https://www.racingsportscars.com/about.html#contrib,https://www.racingsportscars.com/make/photo/VW.html,https://www.racingsportscars.com/type/photo/VW/Golf.html,https://www.racingsportscars.com/suffix/photo/VW/Golf/GTI.html
nurburgring,1992-06-21,93,Ford Fiesta XR2i - Ford,111,Class 5,Ford Charouz-Bohemia Race (CS),-,-,Stanislav Matějovský (CS)/Petr Vojáček (CS)/Vladimír Dolejš (CS)/Jaroslav Páral (CS),NA,NA,NA,NA,NA,Ford,Fiesta,XR2i,Result: 111th (17 laps behind the winner)Grid:,111th (17 laps behind the winner)Grid:,finished,NA,NA,17 laps behind the winner,NA,https://www.racingsportscars.com/images/car_no_photo.png,https://www.racingsportscars.com/about.html#contrib,https://www.racingsportscars.com/make/photo/Ford.html,https://www.racingsportscars.com/type/photo/Ford/Fiesta.html,https://www.racingsportscars.com/suffix/photo/Ford/Fiesta/XR2i.html
nurburgring,1992-06-21,167,Citroën AX - Citroën,112,Class 11,"DSK ""Ja zum Motorsport""",-,-,Uwe Klenke/Karl-Jussi Schneider/Rainer Orbach (D)/Michael Tanzberger,NA,NA,NA,NA,NA,Citroën,AX,NA,Result: 112th (17 laps behind the winner)Grid:,112th (17 laps behind the winner)Grid:,finished,NA,NA,17 laps behind the winner,NA,https://www.racingsportscars.com/images/car_no_photo.png,https://www.racingsportscars.com/about.html#contrib,https://www.racingsportscars.com/make/photo/Citro%c3%abn.html,https://www.racingsportscars.com/type/photo/Citro%c3%abn/AX.html,NA
nurburgring,1992-06-21,227,Suzuki Swift GTi - Suzuki,113,Class 17,Mannheim-Heidelberg ST,-,-,Gerald Nahr/Kurt Anders/Armin Lambrich/Jutta Beisiegel,NA,NA,NA,NA,NA,Suzuki,Swift,GTi,Result: 113th (17 laps behind the winner)Grid:,113th (17 laps behind the winner)Grid:,finished,NA,NA,17 laps behind the winner,NA,https://www.racingsportscars.com/images/car_no_photo.png,https://www.racingsportscars.com/about.html#contrib,https://www.racingsportscars.com/make/photo/Suzuki.html,https://www.racingsportscars.com/type/photo/Suzuki/Swift.html,https://www.racingsportscars.com/suffix/photo/Suzuki/Swift/GTi.html
nurburgring,1992-06-21,106,VW Polo - VW,114,Class 6,DMC Anker-Teppich-Team,-,-,Jürgen Hermanns/Klaus Derondeau/Andre Krumbach (D)/Thomas Marschall,NA,NA,NA,NA,NA,VW,Polo,NA,Result: 114th (17 laps behind the winner)Grid:,114th (17 laps behind the winner)Grid:,finished,NA,NA,17 laps behind the winner,NA,https://www.racingsportscars.com/images/car_no_photo.png,https://www.racingsportscars.com/about.html#contrib,https://www.racingsportscars.com/make/photo/VW.html,https://www.racingsportscars.com/type/photo/VW/Polo.html,NA
nurburgring,1992-06-21,220,Suzuki Swift GTi - Suzuki,115,Class 17,AC Rübenach,-,-,Thomas Reuter/Frank Gittke/Jürgen Nett (D),NA,NA,NA,NA,NA,Suzuki,Swift,GTi,Result: 115th (17 laps behind the winner)Grid:,115th (17 laps behind the winner)Grid:,finished,NA,NA,17 laps behind the winner,NA,https://www.racingsportscars.com/images/car_no_photo.png,https://www.racingsportscars.com/about.html#contrib,https://www.racingsportscars.com/make/photo/Suzuki.html,https://www.racingsportscars.com/type/photo/Suzuki/Swift.html,https://www.racingsportscars.com/suffix/photo/Suzuki/Swift/GTi.html
nurburgring,1992-06-21,222,Citroën AX - Citroën,116,Class 17,Renngemeinschaft Sieglar,-,-,Andreas Schulte/Dieter Steinlein (D)/Dirk Engels/Edith Weiss,NA,NA,NA,NA,NA,Citroën,AX,NA,Result: 116th (17 laps behind the winner)Grid:,116th (17 laps behind the winner)Grid:,finished,NA,NA,17 laps behind the winner,NA,https://www.racingsportscars.com/images/car_no_photo.png,https://www.racingsportscars.com/about.html#contrib,https://www.racingsportscars.com/make/photo/Citro%c3%abn.html,https://www.racingsportscars.com/type/photo/Citro%c3%abn/AX.html,NA
nurburgring,1992-06-21,140,VW Golf GTI - VW,117,Class 9,,-,-,Alan Bezzant/Richard Ward/Jon Dooley (GB),NA,NA,NA,NA,NA,VW,Golf,GTI,Result: 117th (17 laps behind the winner)Grid:,117th (17 laps behind the winner)Grid:,finished,NA,NA,17 laps behind the winner,NA,https://www.racingsportscars.com/images/car_no_photo.png,https://www.racingsportscars.com/about.html#contrib,https://www.racingsportscars.com/make/photo/VW.html,https://www.racingsportscars.com/type/photo/VW/Golf.html,https://www.racingsportscars.com/suffix/photo/VW/Golf/GTI.html
nurburgring,1992-06-21,165,Suzuki Swift GTi - Suzuki,118,Class 11,ADAC Niedersachsen,-,-,"Matthias Ellendt/Hartmut Rosendahl/Matthias Grese/""Schmidtchen Schleicher""",NA,NA,NA,NA,NA,Suzuki,Swift,GTi,Result: 118th (18 laps behind the winner)Grid:,118th (18 laps behind the winner)Grid:,finished,NA,NA,18 laps behind the winner,NA,https://www.racingsportscars.com/images/car_no_photo.png,https://www.racingsportscars.com/about.html#contrib,https://www.racingsportscars.com/make/photo/Suzuki.html,https://www.racingsportscars.com/type/photo/Suzuki/Swift.html,https://www.racingsportscars.com/suffix/photo/Suzuki/Swift/GTi.html
nurburgring,1992-06-21,120,Ford Sierra RS Cosworth - Ford,119,Class 7,BMR-Motorsport,-,-,Ni Amorim (P)/Gunnar Hermann/Christoph Unterhuber/Manfred Drexler,NA,NA,NA,NA,NA,Ford,Sierra,RS Cosworth,Result: 119th (18 laps behind the winner)Grid:,119th (18 laps behind the winner)Grid:,finished,NA,NA,18 laps behind the winner,NA,https://www.racingsportscars.com/images/car_no_photo.png,https://www.racingsportscars.com/about.html#contrib,https://www.racingsportscars.com/make/photo/Ford.html,https://www.racingsportscars.com/type/photo/Ford/Sierra.html,https://www.racingsportscars.com/suffix/photo/Ford/Sierra/RS%20Cosworth.html
nurburgring,1992-06-21,166,Peugeot 205 Rallye - Peugeot,120,Class 11,,-,-,Giandomenico Gherardi/Alberto Barbieri/Matteo Maria Barbieri,NA,NA,NA,NA,NA,Peugeot,205,Rallye,Result: 120th (18 laps behind the winner)Grid:,120th (18 laps behind the winner)Grid:,finished,NA,NA,18 laps behind the winner,NA,https://www.racingsportscars.com/images/car_no_photo.png,https://www.racingsportscars.com/about.html#contrib,https://www.racingsportscars.com/make/photo/Peugeot.html,https://www.racingsportscars.com/type/photo/Peugeot/205.html,https://www.racingsportscars.com/suffix/photo/Peugeot/205/Rallye.html
nurburgring,1992-06-21,161,Peugeot 205 Rallye - Peugeot,121,Class 11,,-,-,Richard Sagnard/Claude Dorkel/Bernard Ferro,NA,NA,NA,NA,NA,Peugeot,205,Rallye,Result: 121st (18 laps behind the winner)Grid:,121st (18 laps behind the winner)Grid:,finished,NA,NA,18 laps behind the winner,NA,https://www.racingsportscars.com/images/car_no_photo.png,https://www.racingsportscars.com/about.html#contrib,https://www.racingsportscars.com/make/photo/Peugeot.html,https://www.racingsportscars.com/type/photo/Peugeot/205.html,https://www.racingsportscars.com/suffix/photo/Peugeot/205/Rallye.html
nurburgring,1992-06-21,92,Ford Fiesta XR2i - Ford,122,Class 5,Ford Charouz-Bohemia Race,-,-,Holger Völpel/Karel Vaner/Miloš Adámek (CS)/Oldřich Vaculík,NA,NA,NA,NA,NA,Ford,Fiesta,XR2i,Result: 122nd (19 laps behind the winner)Grid:,122nd (19 laps behind the winner)Grid:,finished,NA,NA,19 laps behind the winner,NA,https://www.racingsportscars.com/images/car_no_photo.png,https://www.racingsportscars.com/about.html#contrib,https://www.racingsportscars.com/make/photo/Ford.html,https://www.racingsportscars.com/type/photo/Ford/Fiesta.html,https://www.racingsportscars.com/suffix/photo/Ford/Fiesta/XR2i.html
nurburgring,1992-06-21,172,VW Golf Rallye - VW,123,Class 13,AMC Burgau,-,-,Peter Schleifer/Karl Seitz (A)/Johannes Schnell/Hannes Waimer (D),NA,NA,NA,NA,NA,VW,Golf,Rallye,Result: 123rd (19 laps behind the winner)Grid:,123rd (19 laps behind the winner)Grid:,finished,NA,NA,19 laps behind the winner,NA,https://www.racingsportscars.com/images/car_no_photo.png,https://www.racingsportscars.com/about.html#contrib,https://www.racingsportscars.com/make/photo/VW.html,https://www.racingsportscars.com/type/photo/VW/Golf.html,https://www.racingsportscars.com/suffix/photo/VW/Golf/Rallye.html
nurburgring,1992-06-21,164,Suzuki Swift GTi - Suzuki,124,Class 11,,-,-,Risto Laine/Pertti Kurki-Suonio (FIN)/Heikki Mietala/Kalle Jokinen (FIN),NA,NA,NA,NA,NA,Suzuki,Swift,GTi,Result: 124th (19 laps behind the winner)Grid:,124th (19 laps behind the winner)Grid:,finished,NA,NA,19 laps behind the winner,NA,https://www.racingsportscars.com/images/car_no_photo.png,https://www.racingsportscars.com/about.html#contrib,https://www.racingsportscars.com/make/photo/Suzuki.html,https://www.racingsportscars.com/type/photo/Suzuki/Swift.html,https://www.racingsportscars.com/suffix/photo/Suzuki/Swift/GTi.html
nurburgring,1992-06-21,151,Peugeot 205 GTi - Peugeot,125,Class 10,,-,-,Gerd Hakenesch/Guido Meyer/Jörg Backhaus,NA,NA,NA,NA,NA,Peugeot,205,GTi,Result: 125th (19 laps behind the winner)Grid:,125th (19 laps behind the winner)Grid:,finished,NA,NA,19 laps behind the winner,NA,https://www.racingsportscars.com/images/car_no_photo.png,https://www.racingsportscars.com/about.html#contrib,https://www.racingsportscars.com/make/photo/Peugeot.html,https://www.racingsportscars.com/type/photo/Peugeot/205.html,https://www.racingsportscars.com/suffix/photo/Peugeot/205/GTi.html
nurburgring,1992-06-21,89,Ford Fiesta XR2i - Ford,126,Class 5,DCL-Lauderbach Motorsport,-,-,Thorsten Martick/Carsten Erpenbach/Ingrid Steger/Astrid Grünfelder,NA,NA,NA,NA,NA,Ford,Fiesta,XR2i,Result: 126th (20 laps behind the winner)Grid:,126th (20 laps behind the winner)Grid:,finished,NA,NA,20 laps behind the winner,NA,https://www.racingsportscars.com/images/car_no_photo.png,https://www.racingsportscars.com/about.html#contrib,https://www.racingsportscars.com/make/photo/Ford.html,https://www.racingsportscars.com/type/photo/Ford/Fiesta.html,https://www.racingsportscars.com/suffix/photo/Ford/Fiesta/XR2i.html
nurburgring,1992-06-21,76,Toyota Corolla - Toyota,127,Class 5,,-,-,Thomas Plümer/Ralf-Udo Blöding/Peter Rothenbacher/Vito D'Addezio,NA,NA,NA,NA,NA,Toyota,Corolla,NA,Result: 127th (20 laps behind the winner)Grid:,127th (20 laps behind the winner)Grid:,finished,NA,NA,20 laps behind the winner,NA,https://www.racingsportscars.com/images/car_no_photo.png,https://www.racingsportscars.com/about.html#contrib,https://www.racingsportscars.com/make/photo/Toyota.html,https://www.racingsportscars.com/type/photo/Toyota/Corolla.html,NA
nurburgring,1992-06-21,80,Toyota Corolla - Toyota,128,Class 5,Renngemeinschaft Düren,-,-,Hans-Helmut Gail (D)/Bernd Küpper (D)/Hansa Hotfiel/Michael Winkelkötter,NA,NA,NA,NA,NA,Toyota,Corolla,NA,Result: 128th (20 laps behind the winner)Grid:,128th (20 laps behind the winner)Grid:,finished,NA,NA,20 laps behind the winner,NA,https://www.racingsportscars.com/images/car_no_photo.png,https://www.racingsportscars.com/about.html#contrib,https://www.racingsportscars.com/make/photo/Toyota.html,https://www.racingsportscars.com/type/photo/Toyota/Corolla.html,NA
nurburgring,1992-06-21,147,VW Golf GTI - VW,129,Class 9,,-,-,Lucien Lampach/Jean Schank/Mill Dieschburg (L),NA,NA,NA,NA,NA,VW,Golf,GTI,Result: 129th (20 laps behind the winner)Grid:,129th (20 laps behind the winner)Grid:,finished,NA,NA,20 laps behind the winner,NA,https://www.racingsportscars.com/images/car_no_photo.png,https://www.racingsportscars.com/about.html#contrib,https://www.racingsportscars.com/make/photo/VW.html,https://www.racingsportscars.com/type/photo/VW/Golf.html,https://www.racingsportscars.com/suffix/photo/VW/Golf/GTI.html
nurburgring,1992-06-21,87,Ford Fiesta XR2i - Ford,130,Class 5,,-,-,Dieter Klink/Jürgen Fink/Klaus Niemand,NA,NA,NA,NA,NA,Ford,Fiesta,XR2i,Result: 130th (21 laps behind the winner)Grid:,130th (21 laps behind the winner)Grid:,finished,NA,NA,21 laps behind the winner,NA,https://www.racingsportscars.com/images/car_no_photo.png,https://www.racingsportscars.com/about.html#contrib,https://www.racingsportscars.com/make/photo/Ford.html,https://www.racingsportscars.com/type/photo/Ford/Fiesta.html,https://www.racingsportscars.com/suffix/photo/Ford/Fiesta/XR2i.html
nurburgring,1992-06-21,196,Opel Kadett GSi - Opel,131,Class 15,Renngemeinschaft Rosenheim,Closed bodywork,Front-engined,Heinz Peter Görner/Lothar Fassnacht/Josef Seidel,NA,NA,NA,NA,NA,Opel,Kadett,GSi,Result: 131st (21 laps behind the winner)Grid:,131st (21 laps behind the winner)Grid:,finished,NA,NA,21 laps behind the winner,NA,https://www.racingsportscars.com/images/car_no_photo.png,https://www.racingsportscars.com/about.html#contrib,https://www.racingsportscars.com/make/photo/Opel.html,https://www.racingsportscars.com/type/photo/Opel/Kadett.html,https://www.racingsportscars.com/suffix/photo/Opel/Kadett/GSi.html
nurburgring,1992-06-21,60,Opel Astra GSi - Opel,132,Class 4,,-,-,Manfred Kubik (A)/Leopold Mitterhuber (A)/Reinhard Wenger/Falco Jansen (D),NA,NA,NA,NA,NA,Opel,Astra,GSi,Result: 132nd (21 laps behind the winner)Grid:,132nd (21 laps behind the winner)Grid:,finished,NA,NA,21 laps behind the winner,NA,https://www.racingsportscars.com/images/car_no_photo.png,https://www.racingsportscars.com/about.html#contrib,https://www.racingsportscars.com/make/photo/Opel.html,https://www.racingsportscars.com/type/photo/Opel/Astra.html,https://www.racingsportscars.com/suffix/photo/Opel/Astra/GSi.html
nurburgring,1992-06-21,81,Peugeot 205 GTi - Peugeot,133,Class 5,,-,-,Guido Michels/Dirk Bräutigam/Karl Heinz Löbler/Ulf Koch,NA,NA,NA,NA,NA,Peugeot,205,GTi,Result: 133rd (22 laps behind the winner)Grid:,133rd (22 laps behind the winner)Grid:,finished,NA,NA,22 laps behind the winner,NA,https://www.racingsportscars.com/images/car_no_photo.png,https://www.racingsportscars.com/about.html#contrib,https://www.racingsportscars.com/make/photo/Peugeot.html,https://www.racingsportscars.com/type/photo/Peugeot/205.html,https://www.racingsportscars.com/suffix/photo/Peugeot/205/GTi.html
nurburgring,1992-06-21,71,Ford Escort RS - Ford,134,Class 4,,Closed bodywork,Front-engined,Wolfgang Sander (D)/Bernd Ostmann (D)/Thomas Beyer/Sabine Schmitz (D),NA,NA,NA,NA,NA,Ford,Escort,RS,Result: 134th (22 laps behind the winner)Grid:,134th (22 laps behind the winner)Grid:,finished,NA,NA,22 laps behind the winner,NA,https://www.racingsportscars.com/images/car_no_photo.png,https://www.racingsportscars.com/about.html#contrib,https://www.racingsportscars.com/make/photo/Ford.html,https://www.racingsportscars.com/type/photo/Ford/Escort.html,https://www.racingsportscars.com/suffix/photo/Ford/Escort/RS.html
nurburgring,1992-06-21,69,Opel Kadett GSi - Opel,135,Class 4,MSC Ranzel,Closed bodywork,Front-engined,Eva Mahatsek/Harald Mahatsek/Walter Mond (D),NA,NA,NA,NA,NA,Opel,Kadett,GSi,Result: 135th (22 laps behind the winner)Grid:,135th (22 laps behind the winner)Grid:,finished,NA,NA,22 laps behind the winner,NA,https://www.racingsportscars.com/images/car_no_photo.png,https://www.racingsportscars.com/about.html#contrib,https://www.racingsportscars.com/make/photo/Opel.html,https://www.racingsportscars.com/type/photo/Opel/Kadett.html,https://www.racingsportscars.com/suffix/photo/Opel/Kadett/GSi.html
nurburgring,1992-06-21,79,Honda Civic - Honda,136,Class 5,CHRSN e. V. Thurnwald,-,-,Frank Herold/Friedhelm Tang/Jürgen Möhle (D)/Manfred Weisshäupl,NA,NA,NA,NA,NA,Honda,Civic,NA,Result: 136th (23 laps behind the winner)Grid:,136th (23 laps behind the winner)Grid:,finished,NA,NA,23 laps behind the winner,NA,https://www.racingsportscars.com/images/car_no_photo.png,https://www.racingsportscars.com/about.html#contrib,https://www.racingsportscars.com/make/photo/Honda.html,https://www.racingsportscars.com/type/photo/Honda/Civic.html,NA
nurburgring,1992-06-21,119,Ford Sierra RS Cosworth - Ford,137,Class 7,,-,-,Jose Renato Chartier (L)/Luc Frings (L)/Bram van Hilten (L),NA,NA,NA,NA,NA,Ford,Sierra,RS Cosworth,Result: 137th (23 laps behind the winner)Grid:,137th (23 laps behind the winner)Grid:,finished,NA,NA,23 laps behind the winner,NA,https://www.racingsportscars.com/images/car_no_photo.png,https://www.racingsportscars.com/about.html#contrib,https://www.racingsportscars.com/make/photo/Ford.html,https://www.racingsportscars.com/type/photo/Ford/Sierra.html,https://www.racingsportscars.com/suffix/photo/Ford/Sierra/RS%20Cosworth.html
nurburgring,1992-06-21,114,Ford Sierra Cosworth 4x4 - Ford,138,Class 7,Wolf Racing,-,-,Claudia Hürtgen (D)/Arno Wester (D)/Bernd Ostmann (D)/Karl-Heinz Hufstadt,NA,NA,NA,NA,NA,Ford,Sierra,Cosworth 4x4,Result: 138th (23 laps behind the winner)Grid:,138th (23 laps behind the winner)Grid:,finished,NA,NA,23 laps behind the winner,NA,https://www.racingsportscars.com/images/car_no_photo.png,https://www.racingsportscars.com/about.html#contrib,https://www.racingsportscars.com/make/photo/Ford.html,https://www.racingsportscars.com/type/photo/Ford/Sierra.html,https://www.racingsportscars.com/suffix/photo/Ford/Sierra/Cosworth%204x4.html
nurburgring,1992-06-21,198,Opel Astra GSi - Opel,139,Class 15,Renngemeinschaft Rosenheim,-,-,Roland Stern/Richard Burdenski/Harald Hötzinger/Hartmut Vogt,NA,NA,NA,NA,NA,Opel,Astra,GSi,Result: 139th (24 laps behind the winner)Grid:,139th (24 laps behind the winner)Grid:,finished,NA,NA,24 laps behind the winner,NA,https://www.racingsportscars.com/images/car_no_photo.png,https://www.racingsportscars.com/about.html#contrib,https://www.racingsportscars.com/make/photo/Opel.html,https://www.racingsportscars.com/type/photo/Opel/Astra.html,https://www.racingsportscars.com/suffix/photo/Opel/Astra/GSi.html
nurburgring,1992-06-21,223,VW Polo 86C - VW,140,Class 17,DAMC 05 Düsseldorf,-,-,Michael Hauck/Markus Krauskopf (D)/Norbert Welter,NA,NA,NA,NA,NA,VW,Polo,86C,Result: 140th (24 laps behind the winner)Grid:,140th (24 laps behind the winner)Grid:,finished,NA,NA,24 laps behind the winner,NA,https://www.racingsportscars.com/images/car_no_photo.png,https://www.racingsportscars.com/about.html#contrib,https://www.racingsportscars.com/make/photo/VW.html,https://www.racingsportscars.com/type/photo/VW/Polo.html,https://www.racingsportscars.com/suffix/photo/VW/Polo/86C.html
nurburgring,1992-06-21,139,Renault Clio 16V - Renault,141,Class 9,Deutsche Renault AG,-,-,Roger Schmitz/Dietmar Konopka (D)/Christian Schön,NA,NA,NA,NA,NA,Renault,Clio,16V,Result: 141st (24 laps behind the winner)Grid:,141st (24 laps behind the winner)Grid:,finished,NA,NA,24 laps behind the winner,NA,https://www.racingsportscars.com/images/car_no_photo.png,https://www.racingsportscars.com/about.html#contrib,https://www.racingsportscars.com/make/photo/Renault.html,https://www.racingsportscars.com/type/photo/Renault/Clio.html,https://www.racingsportscars.com/suffix/photo/Renault/Clio/16V.html
nurburgring,1992-06-21,63,Opel Calibra GSi - Opel,142,Class 4,Kissling Motorsport,Closed bodywork,Front-engined,Franz-Rudolf Wilbert/Hans Häcker/Frank Mentel/Reinhold Mölig (D),NA,NA,NA,NA,NA,Opel,Calibra,GSi,Result: 142nd (26 laps behind the winner)Grid:,142nd (26 laps behind the winner)Grid:,finished,NA,NA,26 laps behind the winner,NA,https://www.racingsportscars.com/images/car_no_photo.png,https://www.racingsportscars.com/about.html#contrib,https://www.racingsportscars.com/make/photo/Opel.html,https://www.racingsportscars.com/type/photo/Opel/Calibra.html,https://www.racingsportscars.com/suffix/photo/Opel/Calibra/GSi.html
nurburgring,1992-06-21,197,Opel Kadett GSi - Opel,143,Class 15,Renngemeinschaft Rosenheim,Closed bodywork,Front-engined,Jakob Straßer (D)/Norman Hanraths/Gerd Lambert,NA,NA,NA,NA,NA,Opel,Kadett,GSi,Result: 143rd (27 laps behind the winner)Grid:,143rd (27 laps behind the winner)Grid:,finished,NA,NA,27 laps behind the winner,NA,https://www.racingsportscars.com/images/car_no_photo.png,https://www.racingsportscars.com/about.html#contrib,https://www.racingsportscars.com/make/photo/Opel.html,https://www.racingsportscars.com/type/photo/Opel/Kadett.html,https://www.racingsportscars.com/suffix/photo/Opel/Kadett/GSi.html
nurburgring,1992-06-21,49,VW Golf GTI - VW,144,Class 4,,-,-,Wolfgang Förster/Josef Witt/Georg Giessner/Ulli Packeisen (D),NA,NA,NA,NA,NA,VW,Golf,GTI,Result: 144th (27 laps behind the winner)Grid:,144th (27 laps behind the winner)Grid:,finished,NA,NA,27 laps behind the winner,NA,https://www.racingsportscars.com/images/car_no_photo.png,https://www.racingsportscars.com/about.html#contrib,https://www.racingsportscars.com/make/photo/VW.html,https://www.racingsportscars.com/type/photo/VW/Golf.html,https://www.racingsportscars.com/suffix/photo/VW/Golf/GTI.html
nurburgring,1992-06-21,136,Opel Kadett GSi - Opel,145,Class 9,,Closed bodywork,Front-engined,André Kleinschmidt/Helmut Abels/Ralph-Peter Rink (D)/Stefan Pott,NA,NA,NA,NA,NA,Opel,Kadett,GSi,Result: 145th (30 laps behind the winner)Grid:,145th (30 laps behind the winner)Grid:,finished,NA,NA,30 laps behind the winner,NA,https://www.racingsportscars.com/images/car_no_photo.png,https://www.racingsportscars.com/about.html#contrib,https://www.racingsportscars.com/make/photo/Opel.html,https://www.racingsportscars.com/type/photo/Opel/Kadett.html,https://www.racingsportscars.com/suffix/photo/Opel/Kadett/GSi.html
nurburgring,1992-06-21,6,BMW M3 - BMW,NA,Class 12,mastop,Closed bodywork,Front-engined,Fritz Kreutzpointner (D)/Franz Dufter (D)/Ingo Jeleniowski (D)/Harald Becker (D),NA,NA,NA,NA,NA,BMW,M3,NA,Result: did not finishGrid:,did not finishGrid:,not_finished,NA,NA,NA,NA,https://www.racingsportscars.com/images/car_no_photo.png,https://www.racingsportscars.com/about.html#contrib,https://www.racingsportscars.com/make/photo/BMW.html,https://www.racingsportscars.com/type/photo/BMW/M3.html,NA
nurburgring,1992-06-21,56,VW Golf GTI - VW,NA,Class 4,(GB),-,-,Joel Wykeham (GB)/William Wykeham (GB)/Colin Pool (GB),NA,NA,NA,NA,NA,VW,Golf,GTI,Result: did not finishGrid:,did not finishGrid:,not_finished,NA,NA,NA,NA,https://www.racingsportscars.com/images/car_no_photo.png,https://www.racingsportscars.com/about.html#contrib,https://www.racingsportscars.com/make/photo/VW.html,https://www.racingsportscars.com/type/photo/VW/Golf.html,https://www.racingsportscars.com/suffix/photo/VW/Golf/GTI.html
nurburgring,1992-06-21,50,Opel Manta GSi - Opel,NA,Class 4,,Closed bodywork,Front-engined,Hans-Otto Mallwitz/Detlef Klenke/Helmut Trommer/Karl-Heinz Scheinpflug,NA,NA,NA,NA,NA,Opel,Manta,GSi,Result: did not finishGrid:,did not finishGrid:,not_finished,NA,NA,NA,NA,https://www.racingsportscars.com/images/car_no_photo.png,https://www.racingsportscars.com/about.html#contrib,https://www.racingsportscars.com/make/photo/Opel.html,https://www.racingsportscars.com/type/photo/Opel/Manta.html,https://www.racingsportscars.com/suffix/photo/Opel/Manta/GSi.html
nurburgring,1992-06-21,19,Porsche 911 Carrera - Porsche,NA,Class 12,Wehmeier & Castrup Team,Closed bodywork,Rear-engined,Jürgen von Gartzen (D)/Harald Grohs (D)/Wolfgang Land (D),NA,NA,NA,NA,NA,Porsche,911 Carrera,NA,Result: did not finishGrid:,did not finishGrid:,not_finished,NA,NA,NA,NA,https://www.racingsportscars.com/images/car_no_photo.png,https://www.racingsportscars.com/about.html#contrib,https://www.racingsportscars.com/make/photo/Porsche.html,https://www.racingsportscars.com/type/photo/Porsche/911%20Carrera.html,NA
nurburgring,1992-06-21,100,Honda Civic - Honda,NA,Class 5,Seikel Motorsport und Rennsport Technik,-,-,Fred Rosterg (D)/Peter Seikel (D)/Lothar Schörg (A),NA,NA,NA,NA,NA,Honda,Civic,NA,Result: did not finishGrid:,did not finishGrid:,not_finished,NA,NA,NA,NA,https://www.racingsportscars.com/images/car_no_photo.png,https://www.racingsportscars.com/about.html#contrib,https://www.racingsportscars.com/make/photo/Honda.html,https://www.racingsportscars.com/type/photo/Honda/Civic.html,NA
nurburgring,1992-06-21,190,BMW M3 - BMW,NA,Class 14,BMW Kohl-Aachen,Closed bodywork,Front-engined,Manfred Wollgarten (D)/Frank Schmickler (A)/Berthold Bermel (D)/Karl-Heinz Hufstadt,NA,NA,NA,NA,NA,BMW,M3,NA,Result: did not finishGrid:,did not finishGrid:,not_finished,NA,NA,NA,NA,https://www.racingsportscars.com/images/car_no_photo.png,https://www.racingsportscars.com/about.html#contrib,https://www.racingsportscars.com/make/photo/BMW.html,https://www.racingsportscars.com/type/photo/BMW/M3.html,NA
nurburgring,1992-06-21,45,BMW M3 - BMW,NA,Class 3,Tauber Motorsport,Closed bodywork,Front-engined,Farouk Dangor/Peter Lanz (ZA)/Michael Prym (A)/Germann Tauber,NA,NA,NA,NA,NA,BMW,M3,NA,Result: did not finishGrid:,did not finishGrid:,not_finished,NA,NA,NA,NA,https://www.racingsportscars.com/images/car_no_photo.png,https://www.racingsportscars.com/about.html#contrib,https://www.racingsportscars.com/make/photo/BMW.html,https://www.racingsportscars.com/type/photo/BMW/M3.html,NA
nurburgring,1992-06-21,10,Porsche 911 Carrera - Porsche,NA,Class 12,Goebel Sport,Closed bodywork,Rear-engined,Sandro Angelastri (CH)/Axel Göbel/Thomas Gruber/Rolf Rosenkranz (D),NA,NA,NA,NA,NA,Porsche,911 Carrera,NA,Result: did not finishGrid:,did not finishGrid:,not_finished,NA,NA,NA,NA,https://www.racingsportscars.com/images/car_no_photo.png,https://www.racingsportscars.com/about.html#contrib,https://www.racingsportscars.com/make/photo/Porsche.html,https://www.racingsportscars.com/type/photo/Porsche/911%20Carrera.html,NA
nurburgring,1992-06-21,54,Opel Calibra GSi - Opel,NA,Class 4,,Closed bodywork,Front-engined,Roland Senge/Lutz-Wilhelm Höhl/Wolfgang Haugg (D),NA,NA,NA,NA,NA,Opel,Calibra,GSi,Result: did not finishGrid:,did not finishGrid:,not_finished,NA,NA,NA,NA,https://www.racingsportscars.com/images/car_no_photo.png,https://www.racingsportscars.com/about.html#contrib,https://www.racingsportscars.com/make/photo/Opel.html,https://www.racingsportscars.com/type/photo/Opel/Calibra.html,https://www.racingsportscars.com/suffix/photo/Opel/Calibra/GSi.html
nurburgring,1992-06-21,203,Opel Kadett GSi - Opel,NA,Class 15,Mühlner Motorsport GmbH,Closed bodywork,Front-engined,Klaus Assmuth (D)/Rüdiger Brüggenkamp/Markus Arndt,NA,NA,NA,NA,NA,Opel,Kadett,GSi,Result: did not finishGrid:,did not finishGrid:,not_finished,NA,NA,NA,NA,https://www.racingsportscars.com/images/car_no_photo.png,https://www.racingsportscars.com/about.html#contrib,https://www.racingsportscars.com/make/photo/Opel.html,https://www.racingsportscars.com/type/photo/Opel/Kadett.html,https://www.racingsportscars.com/suffix/photo/Opel/Kadett/GSi.html
nurburgring,1992-06-21,53,VW Golf GTI - VW,NA,Class 4,,-,-,Ralf Simmel/Berthold Bassfeld/Michael Paatz (D),NA,NA,NA,NA,NA,VW,Golf,GTI,Result: did not finishGrid:,did not finishGrid:,not_finished,NA,NA,NA,NA,https://www.racingsportscars.com/images/car_no_photo.png,https://www.racingsportscars.com/about.html#contrib,https://www.racingsportscars.com/make/photo/VW.html,https://www.racingsportscars.com/type/photo/VW/Golf.html,https://www.racingsportscars.com/suffix/photo/VW/Golf/GTI.html
nurburgring,1992-06-21,32,BMW M3 - BMW,NA,Class 3,,Closed bodywork,Front-engined,Georg Severich (D)/Jochen Felder (D)/Ludwig Hölzl (D),NA,NA,NA,NA,NA,BMW,M3,NA,Result: did not finishGrid:,did not finishGrid:,not_finished,NA,NA,NA,NA,https://www.racingsportscars.com/images/car_no_photo.png,https://www.racingsportscars.com/about.html#contrib,https://www.racingsportscars.com/make/photo/BMW.html,https://www.racingsportscars.com/type/photo/BMW/M3.html,NA
nurburgring,1992-06-21,42,BMW M3 - BMW N/A,NA,Class 3,Slick 50 Team Deutschland (D),Closed bodywork,Front-engined,Helmut Hennes (D)/Andreas Lautner (D)/Martin Wagenstetter (D)/Bernd Effinger (D)/Rolf-Dieter Müller,NA,NA,NA,NA,NA,BMW,M3,NA,Result: did not finishGrid:,did not finishGrid:,not_finished,NA,NA,NA,NA,https://www.racingsportscars.com/images/car_no_photo.png,https://www.racingsportscars.com/about.html#contrib,https://www.racingsportscars.com/make/photo/BMW.html,https://www.racingsportscars.com/type/photo/BMW/M3.html,NA
nurburgring,1992-06-21,24,Ford Sierra Cosworth 4x4 - Ford,NA,Class 2,,-,-,Karl-Heinz Lerch/Hans-Günther Paul/Hubert Witzel,NA,NA,NA,NA,NA,Ford,Sierra,Cosworth 4x4,Result: did not finishGrid:,did not finishGrid:,not_finished,NA,NA,NA,NA,https://www.racingsportscars.com/images/car_no_photo.png,https://www.racingsportscars.com/about.html#contrib,https://www.racingsportscars.com/make/photo/Ford.html,https://www.racingsportscars.com/type/photo/Ford/Sierra.html,https://www.racingsportscars.com/suffix/photo/Ford/Sierra/Cosworth%204x4.html
nurburgring,1992-06-21,33,BMW M3 - BMW,NA,Class 3,Scuderia München,Closed bodywork,Front-engined,Walter Weitzel/Kurt König (D)/Rainer Dippelhofer/Hans Glöcklhofer,NA,NA,NA,NA,NA,BMW,M3,NA,Result: did not finishGrid:,did not finishGrid:,not_finished,NA,NA,NA,NA,https://www.racingsportscars.com/images/car_no_photo.png,https://www.racingsportscars.com/about.html#contrib,https://www.racingsportscars.com/make/photo/BMW.html,https://www.racingsportscars.com/type/photo/BMW/M3.html,NA
nurburgring,1992-06-21,202,Opel Astra GSi - Opel,NA,Class 15,Team Dürkop Eurorent,-,-,Andreas Reese/Bernd Viebranz (D)/Mario Hebler/Jan Thöneböhm,NA,NA,NA,NA,NA,Opel,Astra,GSi,Result: did not finishGrid:,did not finishGrid:,not_finished,NA,NA,NA,NA,https://www.racingsportscars.com/images/car_no_photo.png,https://www.racingsportscars.com/about.html#contrib,https://www.racingsportscars.com/make/photo/Opel.html,https://www.racingsportscars.com/type/photo/Opel/Astra.html,https://www.racingsportscars.com/suffix/photo/Opel/Astra/GSi.html
nurburgring,1992-06-21,124,Ford Sierra RS Cosworth - Ford,NA,Class 7,,-,-,Fabio Rosa (I)/Gabrio Rosa (I)/Fabio Montani (I)/Roberto Padovani,NA,NA,NA,NA,NA,Ford,Sierra,RS Cosworth,Result: did not finishGrid:,did not finishGrid:,not_finished,NA,NA,NA,NA,https://www.racingsportscars.com/images/car_no_photo.png,https://www.racingsportscars.com/about.html#contrib,https://www.racingsportscars.com/make/photo/Ford.html,https://www.racingsportscars.com/type/photo/Ford/Sierra.html,https://www.racingsportscars.com/suffix/photo/Ford/Sierra/RS%20Cosworth.html
nurburgring,1992-06-21,200,Opel Calibra GSi - Opel,NA,Class 15,Team Dürkop Eurorent,Closed bodywork,Front-engined,Axel Kaczmarek (D)/Friedrich Leinemann (D)/Ralf Classen/Meinhard Rittmeier,NA,NA,NA,NA,NA,Opel,Calibra,GSi,Result: did not finishGrid:,did not finishGrid:,not_finished,NA,NA,NA,NA,https://www.racingsportscars.com/images/car_no_photo.png,https://www.racingsportscars.com/about.html#contrib,https://www.racingsportscars.com/make/photo/Opel.html,https://www.racingsportscars.com/type/photo/Opel/Calibra.html,https://www.racingsportscars.com/suffix/photo/Opel/Calibra/GSi.html
nurburgring,1992-06-21,55,VW Golf GTI - VW,NA,Class 4,Dachverband GTi-Club Europa,-,-,Heinz Stüber (D)/Josef Kocsis (D)/Wolfgang Faul,NA,NA,NA,NA,NA,VW,Golf,GTI,Result: did not finishGrid:,did not finishGrid:,not_finished,NA,NA,NA,NA,https://www.racingsportscars.com/images/car_no_photo.png,https://www.racingsportscars.com/about.html#contrib,https://www.racingsportscars.com/make/photo/VW.html,https://www.racingsportscars.com/type/photo/VW/Golf.html,https://www.racingsportscars.com/suffix/photo/VW/Golf/GTI.html
nurburgring,1992-06-21,37,BMW 325i - BMW,NA,Class 3,,-,-,Frank Stein/Uwe Schirrmeister/Bernhard Nethe,NA,NA,NA,NA,NA,BMW,325i,NA,Result: did not finishGrid:,did not finishGrid:,not_finished,NA,NA,NA,NA,https://www.racingsportscars.com/images/car_no_photo.png,https://www.racingsportscars.com/about.html#contrib,https://www.racingsportscars.com/make/photo/BMW.html,https://www.racingsportscars.com/type/photo/BMW/325i.html,NA
nurburgring,1992-06-21,96,Ford Fiesta XR2i - Ford,NA,Class 5,,-,-,Thomas Marschall/Axel Hopfengartner/Mario Hopfengartner/Sabine Schmitz (D),NA,NA,NA,NA,NA,Ford,Fiesta,XR2i,Result: did not finishGrid:,did not finishGrid:,not_finished,NA,NA,NA,NA,https://www.racingsportscars.com/images/car_no_photo.png,https://www.racingsportscars.com/about.html#contrib,https://www.racingsportscars.com/make/photo/Ford.html,https://www.racingsportscars.com/type/photo/Ford/Fiesta.html,https://www.racingsportscars.com/suffix/photo/Ford/Fiesta/XR2i.html
nurburgring,1992-06-21,107,Citroën AX - Citroën,NA,Class 6,,-,-,Dirk Obermann (D)/Karl-Heinz Ben Achmed/Ralf Schall (D)/Willi Obermann (D),NA,NA,NA,NA,NA,Citroën,AX,NA,Result: did not finishGrid:,did not finishGrid:,not_finished,NA,NA,NA,NA,https://www.racingsportscars.com/images/car_no_photo.png,https://www.racingsportscars.com/about.html#contrib,https://www.racingsportscars.com/make/photo/Citro%c3%abn.html,https://www.racingsportscars.com/type/photo/Citro%c3%abn/AX.html,NA
nurburgring,1992-06-21,123,Ford Sierra RS Cosworth - Ford,NA,Class 7,,-,-,Rudi Seher (D)/Hans Günter Arenz/Michael Kaulmann,NA,NA,NA,NA,NA,Ford,Sierra,RS Cosworth,Result: did not finishGrid:,did not finishGrid:,not_finished,NA,NA,NA,NA,https://www.racingsportscars.com/images/car_no_photo.png,https://www.racingsportscars.com/about.html#contrib,https://www.racingsportscars.com/make/photo/Ford.html,https://www.racingsportscars.com/type/photo/Ford/Sierra.html,https://www.racingsportscars.com/suffix/photo/Ford/Sierra/RS%20Cosworth.html
nurburgring,1992-06-21,145,Peugeot 309 GTi - Peugeot,NA,Class 9,BMR-Motorsport,-,-,Joachim Schirra (D)/Dieter Gass/Peter Schneider/Klaus Lütkenhues,NA,NA,NA,NA,NA,Peugeot,309,GTi,Result: did not finishGrid:,did not finishGrid:,not_finished,NA,NA,NA,NA,https://www.racingsportscars.com/images/car_no_photo.png,https://www.racingsportscars.com/about.html#contrib,https://www.racingsportscars.com/make/photo/Peugeot.html,https://www.racingsportscars.com/type/photo/Peugeot/309.html,https://www.racingsportscars.com/suffix/photo/Peugeot/309/GTi.html
nurburgring,1992-06-21,219,Suzuki Swift GTi - Suzuki,NA,Class 17,Scuderia Avus,-,-,Hardy Wroblewicz/Christian Müller/Oliver Freymuth (D),NA,NA,NA,NA,NA,Suzuki,Swift,GTi,Result: did not finishGrid:,did not finishGrid:,not_finished,NA,NA,NA,NA,https://www.racingsportscars.com/images/car_no_photo.png,https://www.racingsportscars.com/about.html#contrib,https://www.racingsportscars.com/make/photo/Suzuki.html,https://www.racingsportscars.com/type/photo/Suzuki/Swift.html,https://www.racingsportscars.com/suffix/photo/Suzuki/Swift/GTi.html
nurburgring,1992-06-21,143,Opel Kadett GSi - Opel,NA,Class 9,,Closed bodywork,Front-engined,Göran Nagel/Hans-Dieter Melzer/Ludwig Hölzl (D)/Walter Kast,NA,NA,NA,NA,NA,Opel,Kadett,GSi,Result: did not finishGrid:,did not finishGrid:,not_finished,NA,NA,NA,NA,https://www.racingsportscars.com/images/car_no_photo.png,https://www.racingsportscars.com/about.html#contrib,https://www.racingsportscars.com/make/photo/Opel.html,https://www.racingsportscars.com/type/photo/Opel/Kadett.html,https://www.racingsportscars.com/suffix/photo/Opel/Kadett/GSi.html
nurburgring,1992-06-21,12,BMW M3 - BMW,NA,Class 12,,Closed bodywork,Front-engined,Uwe Schirrmeister/Michael Tischner (D)/Matthias Tischner (D),NA,NA,NA,NA,NA,BMW,M3,NA,Result: did not finishGrid:,did not finishGrid:,not_finished,NA,NA,NA,NA,https://www.racingsportscars.com/images/car_no_photo.png,https://www.racingsportscars.com/about.html#contrib,https://www.racingsportscars.com/make/photo/BMW.html,https://www.racingsportscars.com/type/photo/BMW/M3.html,NA
nurburgring,1992-06-21,210,Opel Kadett GSi - Opel,NA,Class 15,MC Würmtal,Closed bodywork,Front-engined,Günter Memminger (D)/Robert Priller/Sepp Reiter (A)/Harald Schwarz,NA,NA,NA,NA,NA,Opel,Kadett,GSi,Result: did not finishGrid:,did not finishGrid:,not_finished,NA,NA,NA,NA,https://www.racingsportscars.com/images/car_no_photo.png,https://www.racingsportscars.com/about.html#contrib,https://www.racingsportscars.com/make/photo/Opel.html,https://www.racingsportscars.com/type/photo/Opel/Kadett.html,https://www.racingsportscars.com/suffix/photo/Opel/Kadett/GSi.html
nurburgring,1992-06-21,41,BMW M3 - BMW,NA,Class 3,Renngemeinschaft Bergisch-Gladbach,Closed bodywork,Front-engined,Fritz Möller (D)/Werner Felder (D)/Rudolf Sazma,NA,NA,NA,NA,NA,BMW,M3,NA,Result: did not finishGrid:,did not finishGrid:,not_finished,NA,NA,NA,NA,https://www.racingsportscars.com/images/car_no_photo.png,https://www.racingsportscars.com/about.html#contrib,https://www.racingsportscars.com/make/photo/BMW.html,https://www.racingsportscars.com/type/photo/BMW/M3.html,NA
nurburgring,1992-06-21,40,BMW M3 - BMW,NA,Class 3,Bychl Euroracing,Closed bodywork,Front-engined,Frank Gindorf/Jürgen Weis (D)/Peter Faubel (D),NA,NA,NA,NA,NA,BMW,M3,NA,Result: did not finishGrid:,did not finishGrid:,not_finished,NA,NA,NA,NA,https://www.racingsportscars.com/images/car_no_photo.png,https://www.racingsportscars.com/about.html#contrib,https://www.racingsportscars.com/make/photo/BMW.html,https://www.racingsportscars.com/type/photo/BMW/M3.html,NA
nurburgring,1992-06-21,67,Opel Astra GSi - Opel,NA,Class 4,,-,-,Peter Nemecek/Hans Pondorfer (A)/Walter Perfler/Werner Hummel,NA,NA,NA,NA,NA,Opel,Astra,GSi,Result: did not finishGrid:,did not finishGrid:,not_finished,NA,NA,NA,NA,https://www.racingsportscars.com/images/car_no_photo.png,https://www.racingsportscars.com/about.html#contrib,https://www.racingsportscars.com/make/photo/Opel.html,https://www.racingsportscars.com/type/photo/Opel/Astra.html,https://www.racingsportscars.com/suffix/photo/Opel/Astra/GSi.html
nurburgring,1992-06-21,138,Vauxhall Astra GTE - Vauxhall,NA,Class 9,(GB),-,-,John Bateman (GB)/Julian Bateman (GB)/Terry Sayles,NA,NA,NA,NA,NA,Vauxhall,Astra,GTE,Result: did not finishGrid:,did not finishGrid:,not_finished,NA,NA,NA,NA,https://www.racingsportscars.com/images/car_no_photo.png,https://www.racingsportscars.com/about.html#contrib,https://www.racingsportscars.com/make/photo/Vauxhall.html,https://www.racingsportscars.com/type/photo/Vauxhall/Astra.html,https://www.racingsportscars.com/suffix/photo/Vauxhall/Astra/GTE.html
nurburgring,1992-06-21,8,Porsche 911 Carrera - Porsche,NA,Class 12,Team Matter Sicherheit,Closed bodywork,Rear-engined,Edgar Dören (D)/Raimund Baumschlager (A)/Alexander Wurz (A)/Hermann Tilke (D),NA,NA,NA,NA,NA,Porsche,911 Carrera,NA,Result: did not finishGrid:,did not finishGrid:,not_finished,NA,NA,NA,NA,https://www.racingsportscars.com/images/car_no_photo.png,https://www.racingsportscars.com/about.html#contrib,https://www.racingsportscars.com/make/photo/Porsche.html,https://www.racingsportscars.com/type/photo/Porsche/911%20Carrera.html,NA
nurburgring,1992-06-21,225,Peugeot 205 Rallye - Peugeot,NA,Class 17,AC Monheim,-,-,Stefan Kasterka/Hubert Nacken (D)/Helmut Knoblich/Josef Forster,NA,NA,NA,NA,NA,Peugeot,205,Rallye,Result: did not finishGrid:,did not finishGrid:,not_finished,NA,NA,NA,NA,https://www.racingsportscars.com/images/car_no_photo.png,https://www.racingsportscars.com/about.html#contrib,https://www.racingsportscars.com/make/photo/Peugeot.html,https://www.racingsportscars.com/type/photo/Peugeot/205.html,https://www.racingsportscars.com/suffix/photo/Peugeot/205/Rallye.html
nurburgring,1992-06-21,34,BMW M3 - BMW,NA,Class 3,Dobersch Gerüstbau GmbH,Closed bodywork,Front-engined,Jürgen Meyer (D)/Günther Schulze-Ardey/Olaf Böhm/Gerd Dobersch,NA,NA,NA,NA,NA,BMW,M3,NA,Result: did not finishGrid:,did not finishGrid:,not_finished,NA,NA,NA,NA,https://www.racingsportscars.com/images/car_no_photo.png,https://www.racingsportscars.com/about.html#contrib,https://www.racingsportscars.com/make/photo/BMW.html,https://www.racingsportscars.com/type/photo/BMW/M3.html,NA
nurburgring,1992-06-21,0,BMW M3 - BMW,NA,Class 14,,Closed bodywork,Front-engined,Klaus Bethke (D)/Egon Schirmer/Friedrich Wilhelm Krüger,NA,NA,NA,NA,NA,BMW,M3,NA,Result: did not finishGrid:,did not finishGrid:,not_finished,NA,NA,NA,NA,https://www.racingsportscars.com/images/car_no_photo.png,https://www.racingsportscars.com/about.html#contrib,https://www.racingsportscars.com/make/photo/BMW.html,https://www.racingsportscars.com/type/photo/BMW/M3.html,NA
nurburgring,1992-06-21,0,Porsche 911 Carrera - Porsche,NA,Class 14,Heico Dienstleistungen (D),Closed bodywork,Rear-engined,Willi Bergmeister (D)Arnold Mattschull (D)/Alexander Mattschull (D)/Walter Hering (D),NA,NA,NA,NA,NA,Porsche,911 Carrera,NA,Result: did not finishGrid:,did not finishGrid:,not_finished,NA,NA,NA,NA,https://www.racingsportscars.com/images/car_no_photo.png,https://www.racingsportscars.com/about.html#contrib,https://www.racingsportscars.com/make/photo/Porsche.html,https://www.racingsportscars.com/type/photo/Porsche/911%20Carrera.html,NA
