track,date,number,car_title,result,group,entrant,bodywork,engine,drivers,sponsor,colour,tyre,updated,contributor,make,model,suffix,chassis,result_raw,result_txt,result_status,grid,grid_time,finish_gap,dnf_reason,thumb_url,photo_url,make_url,model_url,suffix_url,chassis_url
nurburgring,2001-05-27,33,Chrysler Viper GTS-R #C15 - Chrysler V10/90° 2v OHV 7986 cc N/A,1,A7,Zakspeed Motorsport (D),Closed bodywork,Front-engined,Peter Zakowski (D)/Michael Bartels (D)/Pedro Lamy (P),NA,yellow (+black),NA,NA,NA,Chrysler,Viper,GTS-R,#C15,Result: winner - (154.570 kph) - margin: 8 lapsGrid:,winner - (154.570 kph) - margin: 8 lapsGrid:,finished,NA,NA,154.570 kph,NA,https://www.racingsportscars.com/images/car_no_photo.png,https://www.racingsportscars.com/about.html#contrib,https://www.racingsportscars.com/make/photo/Chrysler.html,https://www.racingsportscars.com/type/photo/Chrysler/Viper.html,https://www.racingsportscars.com/suffix/photo/Chrysler/Viper/GTS-R.html,https://www.racingsportscars.com/chassis/photo/GTSR-C15.html
nurburgring,2001-05-27,25,Porsche GT3 - Porsche,2,A6a,GM-Sports Racing Team,-,-,"Gerhard Müller (D)/Gerhard Mannsperger (D)/""Wolf Silvester""/Kurt Thiim (DK)",NA,NA,NA,NA,NA,Porsche,GT3,NA,NA,Result: 2nd 1st in A6a (8 laps behind the winner)Grid:,2nd 1st in A6a (8 laps behind the winner)Grid:,finished,NA,NA,8 laps behind the winner,NA,https://www.racingsportscars.com/images/car_no_photo.png,https://www.racingsportscars.com/about.html#contrib,https://www.racingsportscars.com/make/photo/Porsche.html,https://www.racingsportscars.com/type/photo/Porsche/GT3.html,NA,NA
nurburgring,2001-05-27,46,BMW M3 - BMW,3,A6,,Closed bodywork,Front-engined,Michael Tischner (D)/Wilfried Thal/Lothar Meinerzhagen/Matthias Tischner (D),NA,NA,NA,NA,NA,BMW,M3,NA,NA,Result: 3rd 1st in A6 (11 laps behind the winner)Grid:,3rd 1st in A6 (11 laps behind the winner)Grid:,finished,NA,NA,11 laps behind the winner,NA,https://www.racingsportscars.com/images/car_no_photo.png,https://www.racingsportscars.com/about.html#contrib,https://www.racingsportscars.com/make/photo/BMW.html,https://www.racingsportscars.com/type/photo/BMW/M3.html,NA,NA
nurburgring,2001-05-27,17,Porsche GT3 - Porsche,4,A6a,(D),-,-,"Georg Silbermayr (D)/Holger Hesse/Dieter Schornstein, Jr. (D)/Josef Seidel",NA,NA,NA,NA,NA,Porsche,GT3,NA,NA,Result: 4th (11 laps behind the winner)Grid:,4th (11 laps behind the winner)Grid:,finished,NA,NA,11 laps behind the winner,NA,https://www.racingsportscars.com/images/car_no_photo.png,https://www.racingsportscars.com/about.html#contrib,https://www.racingsportscars.com/make/photo/Porsche.html,https://www.racingsportscars.com/type/photo/Porsche/GT3.html,NA,NA
nurburgring,2001-05-27,8,Porsche 911 - Porsche,5,A6a,,-,Rear-engined,Edgar Dören (D)/Karl-Christian Lück (D)/Klaus Abbelen (D)/Koit Veertee (S),NA,NA,NA,NA,NA,Porsche,911,NA,NA,Result: 5th (12 laps behind the winner)Grid:,5th (12 laps behind the winner)Grid:,finished,NA,NA,12 laps behind the winner,NA,https://www.racingsportscars.com/images/car_no_photo.png,https://www.racingsportscars.com/about.html#contrib,https://www.racingsportscars.com/make/photo/Porsche.html,https://www.racingsportscars.com/type/photo/Porsche/911.html,NA,NA
nurburgring,2001-05-27,56,Mitsubishi Carisma Evo VI - Mitsubishi,6,A5,Mitsubishi Ralliart,-,-,Jochen Übler (D)/Marcus Schurig/Burkhard Bechtel/Mattias Ekström (S),NA,NA,NA,NA,NA,Mitsubishi,Carisma,Evo VI,NA,Result: 6th 1st in A5 (14 laps behind the winner)Grid:,6th 1st in A5 (14 laps behind the winner)Grid:,finished,NA,NA,14 laps behind the winner,NA,https://www.racingsportscars.com/images/car_no_photo.png,https://www.racingsportscars.com/about.html#contrib,https://www.racingsportscars.com/make/photo/Mitsubishi.html,https://www.racingsportscars.com/type/photo/Mitsubishi/Carisma.html,https://www.racingsportscars.com/suffix/photo/Mitsubishi/Carisma/Evo%20VI.html,NA
nurburgring,2001-05-27,40,BMW Z3 - BMW,7,A6,Sport Auto,-,-,Jörg Müller (D)/Edgar Althoff (D)/Andy Fink/Ingo Zabel,NA,NA,NA,NA,NA,BMW,Z3,NA,NA,Result: 7th (14 laps behind the winner)Grid:,7th (14 laps behind the winner)Grid:,finished,NA,NA,14 laps behind the winner,NA,https://www.racingsportscars.com/images/car_no_photo.png,https://www.racingsportscars.com/about.html#contrib,https://www.racingsportscars.com/make/photo/BMW.html,https://www.racingsportscars.com/type/photo/BMW/Z3.html,NA,NA
nurburgring,2001-05-27,26,Porsche GT3 - Porsche,8,A6a,Scuderia Offenbach,-,-,Harald Weiland (D)/Matthias Weiland (D)/Ralf Weiner/Harald Link (D),NA,NA,NA,NA,NA,Porsche,GT3,NA,NA,Result: 8th (15 laps behind the winner)Grid:,8th (15 laps behind the winner)Grid:,finished,NA,NA,15 laps behind the winner,NA,https://www.racingsportscars.com/images/car_no_photo.png,https://www.racingsportscars.com/about.html#contrib,https://www.racingsportscars.com/make/photo/Porsche.html,https://www.racingsportscars.com/type/photo/Porsche/GT3.html,NA,NA
nurburgring,2001-05-27,24,Honda S2000 - Honda,9,A3,Sakura 2000,-,-,Ingvar Carlsson (S)/Jo Albig/Claudia Hürtgen (D)/Ellen Lohr (D),NA,NA,NA,NA,NA,Honda,S2000,NA,NA,Result: 9th 1st in A3 (15 laps behind the winner)Grid:,9th 1st in A3 (15 laps behind the winner)Grid:,finished,NA,NA,15 laps behind the winner,NA,https://www.racingsportscars.com/images/car_no_photo.png,https://www.racingsportscars.com/about.html#contrib,https://www.racingsportscars.com/make/photo/Honda.html,https://www.racingsportscars.com/type/photo/Honda/S2000.html,NA,NA
nurburgring,2001-05-27,20,Porsche GT2 - Porsche,10,A6a,Klöber JVG Team,-,-,Michael Irmgartz/Frank Klaas/Horst Stäbler (D)/Helmut Reis (D),NA,NA,NA,NA,NA,Porsche,GT2,NA,NA,Result: 10th (15 laps behind the winner)Grid:,10th (15 laps behind the winner)Grid:,finished,NA,NA,15 laps behind the winner,NA,https://www.racingsportscars.com/images/car_no_photo.png,https://www.racingsportscars.com/about.html#contrib,https://www.racingsportscars.com/make/photo/Porsche.html,https://www.racingsportscars.com/type/photo/Porsche/GT2.html,NA,NA
nurburgring,2001-05-27,42,BMW M3 - BMW,11,A6,,Closed bodywork,Front-engined,Oliver Kainz (D)/Rudi Adams (D)/Andreas Fries/Josef Wenger,NA,NA,NA,NA,NA,BMW,M3,NA,NA,Result: 11th (16 laps behind the winner)Grid:,11th (16 laps behind the winner)Grid:,finished,NA,NA,16 laps behind the winner,NA,https://www.racingsportscars.com/images/car_no_photo.png,https://www.racingsportscars.com/about.html#contrib,https://www.racingsportscars.com/make/photo/BMW.html,https://www.racingsportscars.com/type/photo/BMW/M3.html,NA,NA
nurburgring,2001-05-27,19,Porsche 911 - Porsche,12,A6a,,-,Rear-engined,Ariyo Ozaki (J)/Shigeo Komatsu (J)/Takashi Ooi (J)/Ryuji Koyama,NA,NA,NA,NA,NA,Porsche,911,NA,NA,Result: 12th (16 laps behind the winner)Grid:,12th (16 laps behind the winner)Grid:,finished,NA,NA,16 laps behind the winner,NA,https://www.racingsportscars.com/images/car_no_photo.png,https://www.racingsportscars.com/about.html#contrib,https://www.racingsportscars.com/make/photo/Porsche.html,https://www.racingsportscars.com/type/photo/Porsche/911.html,NA,NA
nurburgring,2001-05-27,201,BMW M3 - BMW,13,V5,,Closed bodywork,Front-engined,Nils Bartels (D)/Harald Jacksties (CH)/Andreas Bayer/Reinhold Renger (D),NA,NA,NA,NA,NA,BMW,M3,NA,NA,Result: 13th 1st in V5 (17 laps behind the winner)Grid:,13th 1st in V5 (17 laps behind the winner)Grid:,finished,NA,NA,17 laps behind the winner,NA,https://www.racingsportscars.com/images/car_no_photo.png,https://www.racingsportscars.com/about.html#contrib,https://www.racingsportscars.com/make/photo/BMW.html,https://www.racingsportscars.com/type/photo/BMW/M3.html,NA,NA
nurburgring,2001-05-27,302,Donkervoort D8 180-R,14,A10,,-,-,Michael Düchting/Pieter Bervoets/Peter Venn (D),NA,NA,NA,NA,NA,Donkervoort,D8,180-R,NA,Result: 14th 1st in A10 (19 laps behind the winner)Grid:,14th 1st in A10 (19 laps behind the winner)Grid:,finished,NA,NA,19 laps behind the winner,NA,https://www.racingsportscars.com/images/car_no_photo.png,https://www.racingsportscars.com/about.html#contrib,https://www.racingsportscars.com/make/photo/Donkervoort.html,https://www.racingsportscars.com/type/photo/Donkervoort/D8.html,https://www.racingsportscars.com/suffix/photo/Donkervoort/D8/180-R.html,NA
nurburgring,2001-05-27,60,BMW M3 - BMW,15,A5,,Closed bodywork,Front-engined,Klaus Müller (D)/Helmut Abels/Markus Maier (A)/René Gassen,NA,NA,NA,NA,NA,BMW,M3,NA,NA,Result: 15th (19 laps behind the winner)Grid:,15th (19 laps behind the winner)Grid:,finished,NA,NA,19 laps behind the winner,NA,https://www.racingsportscars.com/images/car_no_photo.png,https://www.racingsportscars.com/about.html#contrib,https://www.racingsportscars.com/make/photo/BMW.html,https://www.racingsportscars.com/type/photo/BMW/M3.html,NA,NA
nurburgring,2001-05-27,80,Renault Clio - Renault,16,A3,,-,-,Christopher Gerhard/Jörg Chmiela (D)/Jörg Backhaus/Kai Riemer (D),NA,NA,NA,NA,NA,Renault,Clio,NA,NA,Result: 16th (19 laps behind the winner)Grid:,16th (19 laps behind the winner)Grid:,finished,NA,NA,19 laps behind the winner,NA,https://www.racingsportscars.com/images/car_no_photo.png,https://www.racingsportscars.com/about.html#contrib,https://www.racingsportscars.com/make/photo/Renault.html,https://www.racingsportscars.com/type/photo/Renault/Clio.html,NA,NA
nurburgring,2001-05-27,3,Porsche 911 - Porsche,17,A6a,Manthey Racing GmbH,-,Rear-engined,Olaf Manthey (D)/Ulrich Gallade (D)/Ulli Richter (D)/Jürgen Alzen (D),NA,NA,NA,NA,NA,Porsche,911,NA,NA,Result: 17th (20 laps behind the winner)Grid:,17th (20 laps behind the winner)Grid:,finished,NA,NA,20 laps behind the winner,NA,https://www.racingsportscars.com/images/car_no_photo.png,https://www.racingsportscars.com/about.html#contrib,https://www.racingsportscars.com/make/photo/Porsche.html,https://www.racingsportscars.com/type/photo/Porsche/911.html,NA,NA
nurburgring,2001-05-27,311,VW Golf TDi - VW,18,S1,MSC Fallersleben e.V. im ADAC,-,-,Eberhard Rattunde/Wayne Moore (NZ)/Heiner Immig (D)/Jörg Seidel (D),NA,NA,NA,NA,NA,VW,Golf,TDi,NA,Result: 18th 1st in S1 (21 laps behind the winner)Grid:,18th 1st in S1 (21 laps behind the winner)Grid:,finished,NA,NA,21 laps behind the winner,NA,https://www.racingsportscars.com/images/car_no_photo.png,https://www.racingsportscars.com/about.html#contrib,https://www.racingsportscars.com/make/photo/VW.html,https://www.racingsportscars.com/type/photo/VW/Golf.html,https://www.racingsportscars.com/suffix/photo/VW/Golf/TDi.html,NA
nurburgring,2001-05-27,97,Opel Manta - Opel,19,A3,,Closed bodywork,Front-engined,Klaus Otterbach/Martin Wagner/Uwe Nittel (D),NA,NA,NA,NA,NA,Opel,Manta,NA,NA,Result: 19th (21 laps behind the winner)Grid:,19th (21 laps behind the winner)Grid:,finished,NA,NA,21 laps behind the winner,NA,https://www.racingsportscars.com/images/car_no_photo.png,https://www.racingsportscars.com/about.html#contrib,https://www.racingsportscars.com/make/photo/Opel.html,https://www.racingsportscars.com/type/photo/Opel/Manta.html,NA,NA
nurburgring,2001-05-27,157,Honda Accord Type R - Honda,20,A11,Scuderia Offenbach,-,-,Frank Totz/Jörg Totz/Ralph-Peter Rink (D)/Frank Lohmann (D),NA,NA,NA,NA,NA,Honda,Accord,Type R,NA,Result: 20th 1st in A11 (22 laps behind the winner)Grid:,20th 1st in A11 (22 laps behind the winner)Grid:,finished,NA,NA,22 laps behind the winner,NA,https://www.racingsportscars.com/images/car_no_photo.png,https://www.racingsportscars.com/about.html#contrib,https://www.racingsportscars.com/make/photo/Honda.html,https://www.racingsportscars.com/type/photo/Honda/Accord.html,https://www.racingsportscars.com/suffix/photo/Honda/Accord/Type%20R.html,NA
nurburgring,2001-05-27,91,Opel Astra - Opel,21,A3,Kissling Motorsport,-,-,Volker Strycek (D)/Stefan Kissling (D)/Timo Scheider (D),NA,NA,NA,NA,NA,Opel,Astra,NA,NA,Result: 21st (22 laps behind the winner)Grid:,21st (22 laps behind the winner)Grid:,finished,NA,NA,22 laps behind the winner,NA,https://www.racingsportscars.com/images/car_no_photo.png,https://www.racingsportscars.com/about.html#contrib,https://www.racingsportscars.com/make/photo/Opel.html,https://www.racingsportscars.com/type/photo/Opel/Astra.html,NA,NA
nurburgring,2001-05-27,196,BMW M3 - BMW,22,V5,MSC Laufen e. V. im ADAC,Closed bodywork,Front-engined,Sascha Hancke (D)/Manfred Wollgarten (D)/Michael Pingel/Jörg Weidinger (D),NA,NA,NA,NA,NA,BMW,M3,NA,NA,Result: 22nd (22 laps behind the winner)Grid:,22nd (22 laps behind the winner)Grid:,finished,NA,NA,22 laps behind the winner,NA,https://www.racingsportscars.com/images/car_no_photo.png,https://www.racingsportscars.com/about.html#contrib,https://www.racingsportscars.com/make/photo/BMW.html,https://www.racingsportscars.com/type/photo/BMW/M3.html,NA,NA
nurburgring,2001-05-27,240,BMW M3 - BMW,23,N5,,Closed bodywork,Front-engined,Michele Merendino (I)/Francesco Merendino (I)/Matteo Milani (I),NA,NA,NA,NA,NA,BMW,M3,NA,NA,Result: 23rd 1st in N5 (22 laps behind the winner)Grid:,23rd 1st in N5 (22 laps behind the winner)Grid:,finished,NA,NA,22 laps behind the winner,NA,https://www.racingsportscars.com/images/car_no_photo.png,https://www.racingsportscars.com/about.html#contrib,https://www.racingsportscars.com/make/photo/BMW.html,https://www.racingsportscars.com/type/photo/BMW/M3.html,NA,NA
nurburgring,2001-05-27,155,Honda Accord Type R - Honda,24,A11,,-,-,Klaus Niedzwiedz (D)/Michael Podlogar/Peter Oberndorfer (D)/Peter Wyss (CH),NA,NA,NA,NA,NA,Honda,Accord,Type R,NA,Result: 24th (23 laps behind the winner)Grid:,24th (23 laps behind the winner)Grid:,finished,NA,NA,23 laps behind the winner,NA,https://www.racingsportscars.com/images/car_no_photo.png,https://www.racingsportscars.com/about.html#contrib,https://www.racingsportscars.com/make/photo/Honda.html,https://www.racingsportscars.com/type/photo/Honda/Accord.html,https://www.racingsportscars.com/suffix/photo/Honda/Accord/Type%20R.html,NA
nurburgring,2001-05-27,182,Opel Astra - Opel,25,V3,Pink Power Taunus Racing Team,-,-,Ludger Henrich/Jürgen Schulten (D)/Andreas Kramer (CH)/Martin Tschornia (D),NA,NA,NA,NA,NA,Opel,Astra,NA,NA,Result: 25th 1st in V3 (23 laps behind the winner)Grid:,25th 1st in V3 (23 laps behind the winner)Grid:,finished,NA,NA,23 laps behind the winner,NA,https://www.racingsportscars.com/images/car_no_photo.png,https://www.racingsportscars.com/about.html#contrib,https://www.racingsportscars.com/make/photo/Opel.html,https://www.racingsportscars.com/type/photo/Opel/Astra.html,NA,NA
nurburgring,2001-05-27,310,VW Bora TDi - VW TDI,26,S1,MSC Fallersleben e.V. im ADAC,Closed bodywork,Front-engined,Norbert Rattunde/Ralph Bohnhorst/Bernd Schlee/Manfred Richarz,NA,NA,NA,NA,NA,VW,Bora,TDi,NA,Result: 26th (23 laps behind the winner)Grid:,26th (23 laps behind the winner)Grid:,finished,NA,NA,23 laps behind the winner,NA,https://www.racingsportscars.com/images/car_no_photo.png,https://www.racingsportscars.com/about.html#contrib,https://www.racingsportscars.com/make/photo/VW.html,https://www.racingsportscars.com/type/photo/VW/Bora.html,https://www.racingsportscars.com/suffix/photo/VW/Bora/TDi.html,NA
nurburgring,2001-05-27,51,BMW M3 - BMW,27,A6,,Closed bodywork,Front-engined,Sébastien Loeb (F)/Frédéric Schmit (F)/Marc Schramer/Nico Demuth (L),NA,NA,NA,NA,NA,BMW,M3,NA,NA,Result: 27th (23 laps behind the winner)Grid:,27th (23 laps behind the winner)Grid:,finished,NA,NA,23 laps behind the winner,NA,https://www.racingsportscars.com/images/car_no_photo.png,https://www.racingsportscars.com/about.html#contrib,https://www.racingsportscars.com/make/photo/BMW.html,https://www.racingsportscars.com/type/photo/BMW/M3.html,NA,NA
nurburgring,2001-05-27,156,Honda Accord Type R - Honda,28,A11,,-,-,Nicolas Raeder/Martin Putsch/Elmar Deegener (D)/Jonathan Price (GB),NA,NA,NA,NA,NA,Honda,Accord,Type R,NA,Result: 28th (25 laps behind the winner)Grid:,28th (25 laps behind the winner)Grid:,finished,NA,NA,25 laps behind the winner,NA,https://www.racingsportscars.com/images/car_no_photo.png,https://www.racingsportscars.com/about.html#contrib,https://www.racingsportscars.com/make/photo/Honda.html,https://www.racingsportscars.com/type/photo/Honda/Accord.html,https://www.racingsportscars.com/suffix/photo/Honda/Accord/Type%20R.html,NA
nurburgring,2001-05-27,112,Ford Focus - Ford,29,A3,Motopark Oschersleben GmbH,-,-,Thomas Klenke (D)/Patrick Bernhardt (D)/Jürgen Hohenester (D),NA,NA,NA,NA,NA,Ford,Focus,NA,NA,Result: 29th (25 laps behind the winner)Grid:,29th (25 laps behind the winner)Grid:,finished,NA,NA,25 laps behind the winner,NA,https://www.racingsportscars.com/images/car_no_photo.png,https://www.racingsportscars.com/about.html#contrib,https://www.racingsportscars.com/make/photo/Ford.html,https://www.racingsportscars.com/type/photo/Ford/Focus.html,NA,NA
nurburgring,2001-05-27,167,BMW 318 - BMW,30,V2,Dürener Motorsportclub e. V. im ADAC,-,-,Peter Buschmans/Marco Keller (D)/Andre Krumbach (D)/Felix Gropengießer,NA,NA,NA,NA,NA,BMW,318,NA,NA,Result: 30th 1st in V2 (25 laps behind the winner)Grid:,30th 1st in V2 (25 laps behind the winner)Grid:,finished,NA,NA,25 laps behind the winner,NA,https://www.racingsportscars.com/images/car_no_photo.png,https://www.racingsportscars.com/about.html#contrib,https://www.racingsportscars.com/make/photo/BMW.html,https://www.racingsportscars.com/type/photo/BMW/318.html,NA,NA
nurburgring,2001-05-27,305,VW Bora TDi - VW TDI,31,S1,,Closed bodywork,Front-engined,"""Caspar Best""/Volker Drucks/Erik Schwarz/Kris Nissen (DK)",NA,NA,NA,NA,NA,VW,Bora,TDi,NA,Result: 31st (25 laps behind the winner)Grid:,31st (25 laps behind the winner)Grid:,finished,NA,NA,25 laps behind the winner,NA,https://www.racingsportscars.com/images/car_no_photo.png,https://www.racingsportscars.com/about.html#contrib,https://www.racingsportscars.com/make/photo/VW.html,https://www.racingsportscars.com/type/photo/VW/Bora.html,https://www.racingsportscars.com/suffix/photo/VW/Bora/TDi.html,NA
nurburgring,2001-05-27,123,Honda Civic - Honda,32,A2,,-,-,Andreas Mäder/Heinz-Josef Bermes (D)/Michael Krauskopf/Beat Ammacher,NA,NA,NA,NA,NA,Honda,Civic,NA,NA,Result: 32nd 1st in A2 (25 laps behind the winner)Grid:,32nd 1st in A2 (25 laps behind the winner)Grid:,finished,NA,NA,25 laps behind the winner,NA,https://www.racingsportscars.com/images/car_no_photo.png,https://www.racingsportscars.com/about.html#contrib,https://www.racingsportscars.com/make/photo/Honda.html,https://www.racingsportscars.com/type/photo/Honda/Civic.html,NA,NA
nurburgring,2001-05-27,23,Porsche 911 - Porsche,33,A6a,,-,Rear-engined,Lennart Pehrson (S)/Mats Lindén (S)/Koit Veertee (S)/Gunnar Dackevall,NA,NA,NA,NA,NA,Porsche,911,NA,NA,Result: 33rd (25 laps behind the winner)Grid:,33rd (25 laps behind the winner)Grid:,finished,NA,NA,25 laps behind the winner,NA,https://www.racingsportscars.com/images/car_no_photo.png,https://www.racingsportscars.com/about.html#contrib,https://www.racingsportscars.com/make/photo/Porsche.html,https://www.racingsportscars.com/type/photo/Porsche/911.html,NA,NA
nurburgring,2001-05-27,100,Opel Astra - Opel,34,A3,,-,-,Timo Frings/Pierre Kaffer (D)/Klaus Panchyrz (D)/Stephan Herter (D),NA,NA,NA,NA,NA,Opel,Astra,NA,NA,Result: 34th (26 laps behind the winner)Grid:,34th (26 laps behind the winner)Grid:,finished,NA,NA,26 laps behind the winner,NA,https://www.racingsportscars.com/images/car_no_photo.png,https://www.racingsportscars.com/about.html#contrib,https://www.racingsportscars.com/make/photo/Opel.html,https://www.racingsportscars.com/type/photo/Opel/Astra.html,NA,NA
nurburgring,2001-05-27,9,Porsche 911 - Porsche,35,A6a,,-,Rear-engined,Ernst-Paul Wawer/Michael Prym (A)/Dominiek An Der Heiden (B)/Uwe Reich (D),NA,NA,NA,NA,NA,Porsche,911,NA,NA,Result: 35th (26 laps behind the winner)Grid:,35th (26 laps behind the winner)Grid:,finished,NA,NA,26 laps behind the winner,NA,https://www.racingsportscars.com/images/car_no_photo.png,https://www.racingsportscars.com/about.html#contrib,https://www.racingsportscars.com/make/photo/Porsche.html,https://www.racingsportscars.com/type/photo/Porsche/911.html,NA,NA
nurburgring,2001-05-27,237,BMW M3 - BMW,36,N5,,Closed bodywork,Front-engined,Howard Redhouse (GB)/Pete Hannen (GB)/Stuart Wright (GB)/Gaby Roosen (D),NA,NA,NA,NA,NA,BMW,M3,NA,NA,Result: 36th (26 laps behind the winner)Grid:,36th (26 laps behind the winner)Grid:,finished,NA,NA,26 laps behind the winner,NA,https://www.racingsportscars.com/images/car_no_photo.png,https://www.racingsportscars.com/about.html#contrib,https://www.racingsportscars.com/make/photo/BMW.html,https://www.racingsportscars.com/type/photo/BMW/M3.html,NA,NA
nurburgring,2001-05-27,214,Seat Ibiza - Seat,37,N3,,-,-,André Engel/Christian Heigl/Matthias Kahle,NA,NA,NA,NA,NA,Seat,Ibiza,NA,NA,Result: 37th 1st in N3 (26 laps behind the winner)Grid:,37th 1st in N3 (26 laps behind the winner)Grid:,finished,NA,NA,26 laps behind the winner,NA,https://www.racingsportscars.com/images/car_no_photo.png,https://www.racingsportscars.com/about.html#contrib,https://www.racingsportscars.com/make/photo/Seat.html,https://www.racingsportscars.com/type/photo/Seat/Ibiza.html,NA,NA
nurburgring,2001-05-27,159,Honda Accord Type R - Honda,38,A11,MSC Adenau e. V. im ADAC,-,-,Karl-Heinz Teichmann (D)/Peter Kreuer/Wilfried Selbach,NA,NA,NA,NA,NA,Honda,Accord,Type R,NA,Result: 38th (26 laps behind the winner)Grid:,38th (26 laps behind the winner)Grid:,finished,NA,NA,26 laps behind the winner,NA,https://www.racingsportscars.com/images/car_no_photo.png,https://www.racingsportscars.com/about.html#contrib,https://www.racingsportscars.com/make/photo/Honda.html,https://www.racingsportscars.com/type/photo/Honda/Accord.html,https://www.racingsportscars.com/suffix/photo/Honda/Accord/Type%20R.html,NA
nurburgring,2001-05-27,316,BMW 330d - BMW TDi,39,S1,,Closed bodywork,Front-engined,Rainer Kuhn/Zoran Radulovic (D)/Ernst Fiedler/Willi Schittenhelm,NA,NA,NA,NA,NA,BMW,330d,NA,NA,Result: 39th (26 laps behind the winner)Grid:,39th (26 laps behind the winner)Grid:,finished,NA,NA,26 laps behind the winner,NA,https://www.racingsportscars.com/images/car_no_photo.png,https://www.racingsportscars.com/about.html#contrib,https://www.racingsportscars.com/make/photo/BMW.html,https://www.racingsportscars.com/type/photo/BMW/330d.html,NA,NA
nurburgring,2001-05-27,69,Mercedes-Benz 190 E - Mercedes-Benz N/A,40,V4,,Closed bodywork,Front-engined,Rainer Brückner/Klaus Götzmann/Franz-Josef Bröhling (D)/Heinz-Willi Delzepich,NA,NA,NA,NA,NA,Mercedes-Benz,190 E,NA,NA,Result: 40th 1st in V4 (26 laps behind the winner)Grid:,40th 1st in V4 (26 laps behind the winner)Grid:,finished,NA,NA,26 laps behind the winner,NA,https://www.racingsportscars.com/images/car_no_photo.png,https://www.racingsportscars.com/about.html#contrib,https://www.racingsportscars.com/make/photo/Mercedes-Benz.html,https://www.racingsportscars.com/type/photo/Mercedes-Benz/190%20E.html,NA,NA
nurburgring,2001-05-27,211,Honda Integra - Honda,41,A3,Team Jota,-,-,John Stack (GB)/Sam Hignett (GB)/Simon Crompton/Clive Richards (GB),NA,NA,NA,NA,NA,Honda,Integra,NA,NA,Result: 41st (27 laps behind the winner)Grid:,41st (27 laps behind the winner)Grid:,finished,NA,NA,27 laps behind the winner,NA,https://www.racingsportscars.com/images/car_no_photo.png,https://www.racingsportscars.com/about.html#contrib,https://www.racingsportscars.com/make/photo/Honda.html,https://www.racingsportscars.com/type/photo/Honda/Integra.html,NA,NA
nurburgring,2001-05-27,217,Opel Astra - Opel,42,N3,ADAC Niedersachsen / Sachsen-Anhalt,-,-,Axel Peinemann/Wolfgang Henkel/Sven Rumpfkeil,NA,NA,NA,NA,NA,Opel,Astra,NA,NA,Result: 42nd (27 laps behind the winner)Grid:,42nd (27 laps behind the winner)Grid:,finished,NA,NA,27 laps behind the winner,NA,https://www.racingsportscars.com/images/car_no_photo.png,https://www.racingsportscars.com/about.html#contrib,https://www.racingsportscars.com/make/photo/Opel.html,https://www.racingsportscars.com/type/photo/Opel/Astra.html,NA,NA
nurburgring,2001-05-27,238,BMW M3 - BMW,43,N5,Racing Box srl,Closed bodywork,Front-engined,Franco Mondino (I)/Stefano Zonca (I)/Daniele Griotti,NA,NA,NA,NA,NA,BMW,M3,NA,NA,Result: 43rd (27 laps behind the winner)Grid:,43rd (27 laps behind the winner)Grid:,finished,NA,NA,27 laps behind the winner,NA,https://www.racingsportscars.com/images/car_no_photo.png,https://www.racingsportscars.com/about.html#contrib,https://www.racingsportscars.com/make/photo/BMW.html,https://www.racingsportscars.com/type/photo/BMW/M3.html,NA,NA
nurburgring,2001-05-27,169,Ford Puma - Ford,44,V2,,-,-,Christoph Knour/Erwin Kallies/Martin Kämmerling/Georg Ströter,NA,NA,NA,NA,NA,Ford,Puma,NA,NA,Result: 44th (27 laps behind the winner)Grid:,44th (27 laps behind the winner)Grid:,finished,NA,NA,27 laps behind the winner,NA,https://www.racingsportscars.com/images/car_no_photo.png,https://www.racingsportscars.com/about.html#contrib,https://www.racingsportscars.com/make/photo/Ford.html,https://www.racingsportscars.com/type/photo/Ford/Puma.html,NA,NA
nurburgring,2001-05-27,63,Porsche 968 - Porsche,45,A5,,-,-,Johann Ressl/Dietmar Strauss/Harald Egger/Peter Bergmann,NA,NA,NA,NA,NA,Porsche,968,NA,NA,Result: 45th (27 laps behind the winner)Grid:,45th (27 laps behind the winner)Grid:,finished,NA,NA,27 laps behind the winner,NA,https://www.racingsportscars.com/images/car_no_photo.png,https://www.racingsportscars.com/about.html#contrib,https://www.racingsportscars.com/make/photo/Porsche.html,https://www.racingsportscars.com/type/photo/Porsche/968.html,NA,NA
nurburgring,2001-05-27,86,Ford Puma - Ford,46,A3,,-,-,Oliver Eichele/Markus Eichele (D)/Berthold Bermel (D)/Mario Münch,NA,NA,NA,NA,NA,Ford,Puma,NA,NA,Result: 46th (28 laps behind the winner)Grid:,46th (28 laps behind the winner)Grid:,finished,NA,NA,28 laps behind the winner,NA,https://www.racingsportscars.com/images/car_no_photo.png,https://www.racingsportscars.com/about.html#contrib,https://www.racingsportscars.com/make/photo/Ford.html,https://www.racingsportscars.com/type/photo/Ford/Puma.html,NA,NA
nurburgring,2001-05-27,172,BMW 318 - BMW,47,V2,,-,-,Frank Möller/Jürgen Hermanns/Rudolf Zimmerlin/Frank Bell,NA,NA,NA,NA,NA,BMW,318,NA,NA,Result: 47th (28 laps behind the winner)Grid:,47th (28 laps behind the winner)Grid:,finished,NA,NA,28 laps behind the winner,NA,https://www.racingsportscars.com/images/car_no_photo.png,https://www.racingsportscars.com/about.html#contrib,https://www.racingsportscars.com/make/photo/BMW.html,https://www.racingsportscars.com/type/photo/BMW/318.html,NA,NA
nurburgring,2001-05-27,153,Honda Accord Type R - Honda,48,A11,,-,-,Zoran Radulovic (D)/Willi Schittenhelm/Armin Holz (D)/Martin Hütter,NA,NA,NA,NA,NA,Honda,Accord,Type R,NA,Result: 48th (28 laps behind the winner)Grid:,48th (28 laps behind the winner)Grid:,finished,NA,NA,28 laps behind the winner,NA,https://www.racingsportscars.com/images/car_no_photo.png,https://www.racingsportscars.com/about.html#contrib,https://www.racingsportscars.com/make/photo/Honda.html,https://www.racingsportscars.com/type/photo/Honda/Accord.html,https://www.racingsportscars.com/suffix/photo/Honda/Accord/Type%20R.html,NA
nurburgring,2001-05-27,99,Ford Puma - Ford,49,A3,MSC Stuttgart e. V.,-,-,Rudolf Brandl (D)/Matthias Klemm/Sven Panowitz/Christian Ehret,NA,NA,NA,NA,NA,Ford,Puma,NA,NA,Result: 49th (29 laps behind the winner)Grid:,49th (29 laps behind the winner)Grid:,finished,NA,NA,29 laps behind the winner,NA,https://www.racingsportscars.com/images/car_no_photo.png,https://www.racingsportscars.com/about.html#contrib,https://www.racingsportscars.com/make/photo/Ford.html,https://www.racingsportscars.com/type/photo/Ford/Puma.html,NA,NA
nurburgring,2001-05-27,165,Honda Accord Type R - Honda,50,A11,,-,-,Klaus Dolff/Dieter Schäfer (D)/Dieter Jordan/Guido Wegner,NA,NA,NA,NA,NA,Honda,Accord,Type R,NA,Result: 50th (29 laps behind the winner)Grid:,50th (29 laps behind the winner)Grid:,finished,NA,NA,29 laps behind the winner,NA,https://www.racingsportscars.com/images/car_no_photo.png,https://www.racingsportscars.com/about.html#contrib,https://www.racingsportscars.com/make/photo/Honda.html,https://www.racingsportscars.com/type/photo/Honda/Accord.html,https://www.racingsportscars.com/suffix/photo/Honda/Accord/Type%20R.html,NA
nurburgring,2001-05-27,195,BMW Z3 - BMW,51,V5,RG Bergisch-Gladbach e. V. im ADAC,-,-,Klaus Lindlar (D)/Thomas Haider (D)/Wolfgang Fischer (D)/Jens Fischer,NA,NA,NA,NA,NA,BMW,Z3,NA,NA,Result: 51st (30 laps behind the winner)Grid:,51st (30 laps behind the winner)Grid:,finished,NA,NA,30 laps behind the winner,NA,https://www.racingsportscars.com/images/car_no_photo.png,https://www.racingsportscars.com/about.html#contrib,https://www.racingsportscars.com/make/photo/BMW.html,https://www.racingsportscars.com/type/photo/BMW/Z3.html,NA,NA
nurburgring,2001-05-27,102,Honda S - Honda,52,A3,,-,-,Andreas Mäder/Stefan Schlesack (D)/Andreas Mansfeld/Harald Jacksties (CH),NA,NA,NA,NA,NA,Honda,S,NA,NA,Result: 52nd (30 laps behind the winner)Grid:,52nd (30 laps behind the winner)Grid:,finished,NA,NA,30 laps behind the winner,NA,https://www.racingsportscars.com/images/car_no_photo.png,https://www.racingsportscars.com/about.html#contrib,https://www.racingsportscars.com/make/photo/Honda.html,https://www.racingsportscars.com/type/photo/Honda/S.html,NA,NA
nurburgring,2001-05-27,186,BMW M3 - BMW,53,V4,MSC Pellenz-Plaidt e. V. im ADAC,Closed bodywork,Front-engined,Hans-Rolf Salzer/Sascha Salzer/Johannes Trimborn,NA,NA,NA,NA,NA,BMW,M3,NA,NA,Result: 53rd (30 laps behind the winner)Grid:,53rd (30 laps behind the winner)Grid:,finished,NA,NA,30 laps behind the winner,NA,https://www.racingsportscars.com/images/car_no_photo.png,https://www.racingsportscars.com/about.html#contrib,https://www.racingsportscars.com/make/photo/BMW.html,https://www.racingsportscars.com/type/photo/BMW/M3.html,NA,NA
nurburgring,2001-05-27,124,Honda Civic - Honda,54,A2,,-,-,Chris Atkinson/Nick Barrow (GB)/Andre Stehle/Mike Rimmer,NA,NA,NA,NA,NA,Honda,Civic,NA,NA,Result: 54th (30 laps behind the winner)Grid:,54th (30 laps behind the winner)Grid:,finished,NA,NA,30 laps behind the winner,NA,https://www.racingsportscars.com/images/car_no_photo.png,https://www.racingsportscars.com/about.html#contrib,https://www.racingsportscars.com/make/photo/Honda.html,https://www.racingsportscars.com/type/photo/Honda/Civic.html,NA,NA
nurburgring,2001-05-27,210,Honda Civic - Honda,55,N2,,-,-,Wilfried Schmitz (D)/Bernd Degner (D)/Josef Klüber (D)/Heinz-Josef Bermes (D),NA,NA,NA,NA,NA,Honda,Civic,NA,NA,Result: 55th 1st in N2 (31 laps behind the winner)Grid:,55th 1st in N2 (31 laps behind the winner)Grid:,finished,NA,NA,31 laps behind the winner,NA,https://www.racingsportscars.com/images/car_no_photo.png,https://www.racingsportscars.com/about.html#contrib,https://www.racingsportscars.com/make/photo/Honda.html,https://www.racingsportscars.com/type/photo/Honda/Civic.html,NA,NA
nurburgring,2001-05-27,205,VW Polo - VW,56,N2,Motorsportclub Fallersleben e. V. im ADAC,-,-,Dietrich Dimmler/Axel Potthast/Klaus Weigner (D)/Mike Eady (NZ),NA,NA,NA,NA,NA,VW,Polo,NA,NA,Result: 56th (31 laps behind the winner)Grid:,56th (31 laps behind the winner)Grid:,finished,NA,NA,31 laps behind the winner,NA,https://www.racingsportscars.com/images/car_no_photo.png,https://www.racingsportscars.com/about.html#contrib,https://www.racingsportscars.com/make/photo/VW.html,https://www.racingsportscars.com/type/photo/VW/Polo.html,NA,NA
nurburgring,2001-05-27,285,BMW 318 - BMW,57,V2,,-,-,René Claer/Franz Claer/Erich Trinkl (A)/Ulli Packeisen (D),NA,NA,NA,NA,NA,BMW,318,NA,NA,Result: 57th (31 laps behind the winner)Grid:,57th (31 laps behind the winner)Grid:,finished,NA,NA,31 laps behind the winner,NA,https://www.racingsportscars.com/images/car_no_photo.png,https://www.racingsportscars.com/about.html#contrib,https://www.racingsportscars.com/make/photo/BMW.html,https://www.racingsportscars.com/type/photo/BMW/318.html,NA,NA
nurburgring,2001-05-27,202,BMW M3 - BMW,58,V5,,Closed bodywork,Front-engined,"Michael Bonk (D)/Ralf-Peter Bonk (D)/""Wolf Silvester""/Helmut Hennes (D)",NA,NA,NA,NA,NA,BMW,M3,NA,NA,Result: 58th (31 laps behind the winner)Grid:,58th (31 laps behind the winner)Grid:,finished,NA,NA,31 laps behind the winner,NA,https://www.racingsportscars.com/images/car_no_photo.png,https://www.racingsportscars.com/about.html#contrib,https://www.racingsportscars.com/make/photo/BMW.html,https://www.racingsportscars.com/type/photo/BMW/M3.html,NA,NA
nurburgring,2001-05-27,74,Honda Accord Type R - Honda,59,A4,,Closed bodywork,-,Cyril Kalbassi (D)/Norman Starke/Kotaro Yamamoto (J),NA,NA,NA,NA,NA,Honda,Accord,Type R,NA,Result: 59th 1st in A4 (31 laps behind the winner)Grid:,59th 1st in A4 (31 laps behind the winner)Grid:,finished,NA,NA,31 laps behind the winner,NA,https://www.racingsportscars.com/images/car_no_photo.png,https://www.racingsportscars.com/about.html#contrib,https://www.racingsportscars.com/make/photo/Honda.html,https://www.racingsportscars.com/type/photo/Honda/Accord.html,https://www.racingsportscars.com/suffix/photo/Honda/Accord/Type%20R.html,NA
nurburgring,2001-05-27,190,BMW M3 - BMW,60,V4,DSK - Ja zum Motorsport,Closed bodywork,Front-engined,Ulfried Baumert (D)/Peter Meyer/Arnd Meyer/Alexander Böhm (D),NA,NA,NA,NA,NA,BMW,M3,NA,NA,Result: 60th (31 laps behind the winner)Grid:,60th (31 laps behind the winner)Grid:,finished,NA,NA,31 laps behind the winner,NA,https://www.racingsportscars.com/images/car_no_photo.png,https://www.racingsportscars.com/about.html#contrib,https://www.racingsportscars.com/make/photo/BMW.html,https://www.racingsportscars.com/type/photo/BMW/M3.html,NA,NA
nurburgring,2001-05-27,118,Honda Civic - Honda,61,A2,König Komfort Rennsitze,-,-,Günter Kühlewein (D)/Martin Zondler/Christian Saur,NA,NA,NA,NA,NA,Honda,Civic,NA,NA,Result: 61st (32 laps behind the winner)Grid:,61st (32 laps behind the winner)Grid:,finished,NA,NA,32 laps behind the winner,NA,https://www.racingsportscars.com/images/car_no_photo.png,https://www.racingsportscars.com/about.html#contrib,https://www.racingsportscars.com/make/photo/Honda.html,https://www.racingsportscars.com/type/photo/Honda/Civic.html,NA,NA
nurburgring,2001-05-27,121,Honda Civic - Honda,62,A2,,-,-,Michael Ecker/Detlef Welsch/Wolfgang Möckel,NA,NA,NA,NA,NA,Honda,Civic,NA,NA,Result: 62nd (32 laps behind the winner)Grid:,62nd (32 laps behind the winner)Grid:,finished,NA,NA,32 laps behind the winner,NA,https://www.racingsportscars.com/images/car_no_photo.png,https://www.racingsportscars.com/about.html#contrib,https://www.racingsportscars.com/make/photo/Honda.html,https://www.racingsportscars.com/type/photo/Honda/Civic.html,NA,NA
nurburgring,2001-05-27,209,Honda Civic - Honda,63,N2,DSK - Ja zum Motorsport,-,-,Jens Bauer/Bruce Henni/Thomas Stingl (D)/Oliver Dutt (D),NA,NA,NA,NA,NA,Honda,Civic,NA,NA,Result: 63rd (32 laps behind the winner)Grid:,63rd (32 laps behind the winner)Grid:,finished,NA,NA,32 laps behind the winner,NA,https://www.racingsportscars.com/images/car_no_photo.png,https://www.racingsportscars.com/about.html#contrib,https://www.racingsportscars.com/make/photo/Honda.html,https://www.racingsportscars.com/type/photo/Honda/Civic.html,NA,NA
nurburgring,2001-05-27,152,Honda Accord Type R - Honda,64,A11,,-,-,Jörg Viebahn (D)/Reiner Schönauer/Andreas Weiland (D)/Rolf Neumann,NA,NA,NA,NA,NA,Honda,Accord,Type R,NA,Result: 64th (32 laps behind the winner)Grid:,64th (32 laps behind the winner)Grid:,finished,NA,NA,32 laps behind the winner,NA,https://www.racingsportscars.com/images/car_no_photo.png,https://www.racingsportscars.com/about.html#contrib,https://www.racingsportscars.com/make/photo/Honda.html,https://www.racingsportscars.com/type/photo/Honda/Accord.html,https://www.racingsportscars.com/suffix/photo/Honda/Accord/Type%20R.html,NA
nurburgring,2001-05-27,181,Opel Astra - Opel,65,V3,,-,-,Thomas Schulte/Hans-Peter Vilsberg/Wolfgang Krapp/Timo Frings,NA,NA,NA,NA,NA,Opel,Astra,NA,NA,Result: 65th (32 laps behind the winner)Grid:,65th (32 laps behind the winner)Grid:,finished,NA,NA,32 laps behind the winner,NA,https://www.racingsportscars.com/images/car_no_photo.png,https://www.racingsportscars.com/about.html#contrib,https://www.racingsportscars.com/make/photo/Opel.html,https://www.racingsportscars.com/type/photo/Opel/Astra.html,NA,NA
nurburgring,2001-05-27,54,Jaguar S-type - Jaguar,66,A5,CAT-Speed,-,-,Jürgen Dick/Andreas Becker (D)/Wolfgang Schuhbauer (D)/Ingo Gerstl (D),NA,NA,NA,NA,NA,Jaguar,S-type,NA,NA,Result: 66th (33 laps behind the winner)Grid:,66th (33 laps behind the winner)Grid:,finished,NA,NA,33 laps behind the winner,NA,https://www.racingsportscars.com/images/car_no_photo.png,https://www.racingsportscars.com/about.html#contrib,https://www.racingsportscars.com/make/photo/Jaguar.html,https://www.racingsportscars.com/type/photo/Jaguar/S-type.html,NA,NA
nurburgring,2001-05-27,129,Suzuki Swift - Suzuki,67,A1,MSC Wahlscheid e. V. im ADAC,-,-,Marcel Aebi/Rolf Derscheid/Torsten Adler/Hans-Werner Wüst,NA,NA,NA,NA,NA,Suzuki,Swift,NA,NA,Result: 67th 1st in A1 (33 laps behind the winner)Grid:,67th 1st in A1 (33 laps behind the winner)Grid:,finished,NA,NA,33 laps behind the winner,NA,https://www.racingsportscars.com/images/car_no_photo.png,https://www.racingsportscars.com/about.html#contrib,https://www.racingsportscars.com/make/photo/Suzuki.html,https://www.racingsportscars.com/type/photo/Suzuki/Swift.html,NA,NA
nurburgring,2001-05-27,192,BMW 325 - BMW,68,V4,Box 1 Rennsportservice,-,-,Reinhold Renger (D)/Uwe Rehfisch/Heinz Raab/Markus Nitz,NA,NA,NA,NA,NA,BMW,325,NA,NA,Result: 68th (33 laps behind the winner)Grid:,68th (33 laps behind the winner)Grid:,finished,NA,NA,33 laps behind the winner,NA,https://www.racingsportscars.com/images/car_no_photo.png,https://www.racingsportscars.com/about.html#contrib,https://www.racingsportscars.com/make/photo/BMW.html,https://www.racingsportscars.com/type/photo/BMW/325.html,NA,NA
nurburgring,2001-05-27,125,Honda Civic - Honda,69,A2,,-,-,Thomas Wagenstetter (D)/Klaus Wagenstetter/Kai Kruse/Wolfgang Savelsbergh (D),NA,NA,NA,NA,NA,Honda,Civic,NA,NA,Result: 69th (33 laps behind the winner)Grid:,69th (33 laps behind the winner)Grid:,finished,NA,NA,33 laps behind the winner,NA,https://www.racingsportscars.com/images/car_no_photo.png,https://www.racingsportscars.com/about.html#contrib,https://www.racingsportscars.com/make/photo/Honda.html,https://www.racingsportscars.com/type/photo/Honda/Civic.html,NA,NA
nurburgring,2001-05-27,208,VW Golf - VW,70,N2,,-,-,Heiko Henning/Martin Kinzler/Tom Nack (D)/Robert Weiland,NA,NA,NA,NA,NA,VW,Golf,NA,NA,Result: 70th (33 laps behind the winner)Grid:,70th (33 laps behind the winner)Grid:,finished,NA,NA,33 laps behind the winner,NA,https://www.racingsportscars.com/images/car_no_photo.png,https://www.racingsportscars.com/about.html#contrib,https://www.racingsportscars.com/make/photo/VW.html,https://www.racingsportscars.com/type/photo/VW/Golf.html,NA,NA
nurburgring,2001-05-27,70,BMW M3 - BMW,71,A4,Motorsportclub Nürnberg,Closed bodywork,Front-engined,Hans-Hatto Karl/Rainer Wehner/Jeff Wyatt (GB)/Stefan Moses,NA,NA,NA,NA,NA,BMW,M3,NA,NA,Result: 71st (33 laps behind the winner)Grid:,71st (33 laps behind the winner)Grid:,finished,NA,NA,33 laps behind the winner,NA,https://www.racingsportscars.com/images/car_no_photo.png,https://www.racingsportscars.com/about.html#contrib,https://www.racingsportscars.com/make/photo/BMW.html,https://www.racingsportscars.com/type/photo/BMW/M3.html,NA,NA
nurburgring,2001-05-27,168,BMW 318 - BMW,72,V2,,-,-,René Wolff (D)/Wolfgang Grefe (D)/Hannes Hirsch/Volker Pfeiffer,NA,NA,NA,NA,NA,BMW,318,NA,NA,Result: 72nd (33 laps behind the winner)Grid:,72nd (33 laps behind the winner)Grid:,finished,NA,NA,33 laps behind the winner,NA,https://www.racingsportscars.com/images/car_no_photo.png,https://www.racingsportscars.com/about.html#contrib,https://www.racingsportscars.com/make/photo/BMW.html,https://www.racingsportscars.com/type/photo/BMW/318.html,NA,NA
nurburgring,2001-05-27,219,Seat Ibiza - Seat,73,N3,HMC Öhringen,-,-,Mike Schedler/Fritz Köhler/Andreas Herwerth (D)/Martin Mechtersheimer,NA,NA,NA,NA,NA,Seat,Ibiza,NA,NA,Result: 73rd (33 laps behind the winner)Grid:,73rd (33 laps behind the winner)Grid:,finished,NA,NA,33 laps behind the winner,NA,https://www.racingsportscars.com/images/car_no_photo.png,https://www.racingsportscars.com/about.html#contrib,https://www.racingsportscars.com/make/photo/Seat.html,https://www.racingsportscars.com/type/photo/Seat/Ibiza.html,NA,NA
nurburgring,2001-05-27,228,BMW 325 - BMW,74,N5,,-,-,Dieter Dick/Claus Kathner-Diercks (D)/Hellmuth Wernig/Roland Lenden,NA,NA,NA,NA,NA,BMW,325,NA,NA,Result: 74th (34 laps behind the winner)Grid:,74th (34 laps behind the winner)Grid:,finished,NA,NA,34 laps behind the winner,NA,https://www.racingsportscars.com/images/car_no_photo.png,https://www.racingsportscars.com/about.html#contrib,https://www.racingsportscars.com/make/photo/BMW.html,https://www.racingsportscars.com/type/photo/BMW/325.html,NA,NA
nurburgring,2001-05-27,84,Ford Puma - Ford,76,A3,,-,-,Thomas Gerling/Carsten Welschar (D)/Michael Wellmann/Kai Riemer (D),NA,NA,NA,NA,NA,Ford,Puma,NA,NA,Result: 76th (34 laps behind the winner)Grid:,76th (34 laps behind the winner)Grid:,finished,NA,NA,34 laps behind the winner,NA,https://www.racingsportscars.com/images/car_no_photo.png,https://www.racingsportscars.com/about.html#contrib,https://www.racingsportscars.com/make/photo/Ford.html,https://www.racingsportscars.com/type/photo/Ford/Puma.html,NA,NA
nurburgring,2001-05-27,96,Volvo S40 - Volvo,77,A3,Heico Sportiv GmbH,-,-,Andy Middendorf (D)/Ullrich Andree (D)/Holger Eckhardt (D)/Sonja Bayer (D),NA,NA,NA,NA,NA,Volvo,S40,NA,NA,Result: 77th (34 laps behind the winner)Grid:,77th (34 laps behind the winner)Grid:,finished,NA,NA,34 laps behind the winner,NA,https://www.racingsportscars.com/images/car_no_photo.png,https://www.racingsportscars.com/about.html#contrib,https://www.racingsportscars.com/make/photo/Volvo.html,https://www.racingsportscars.com/type/photo/Volvo/S40.html,NA,NA
nurburgring,2001-05-27,188,BMW M3 - BMW,78,V4,,Closed bodywork,Front-engined,Mike Kempel/Karl-Markus Kaufmann/Berthold Holzinger/Martin Schilling,NA,NA,NA,NA,NA,BMW,M3,NA,NA,Result: 78th (34 laps behind the winner)Grid:,78th (34 laps behind the winner)Grid:,finished,NA,NA,34 laps behind the winner,NA,https://www.racingsportscars.com/images/car_no_photo.png,https://www.racingsportscars.com/about.html#contrib,https://www.racingsportscars.com/make/photo/BMW.html,https://www.racingsportscars.com/type/photo/BMW/M3.html,NA,NA
nurburgring,2001-05-27,148,Lotus Elise,79,A10,,-,Mid-engined,"""Smudo"" (D)/Mola Adebisi/Michael Schlüter/Detlef Saat",NA,NA,NA,NA,NA,Lotus,Elise,NA,NA,Result: 79th (34 laps behind the winner)Grid:,79th (34 laps behind the winner)Grid:,finished,NA,NA,34 laps behind the winner,NA,https://www.racingsportscars.com/images/car_no_photo.png,https://www.racingsportscars.com/about.html#contrib,https://www.racingsportscars.com/make/photo/Lotus.html,https://www.racingsportscars.com/type/photo/Lotus/Elise.html,NA,NA
nurburgring,2001-05-27,187,BMW M3 - BMW,80,V4,,Closed bodywork,Front-engined,Michael Luther/Andre Duve/Bernd Hart,NA,NA,NA,NA,NA,BMW,M3,NA,NA,Result: 80th (35 laps behind the winner)Grid:,80th (35 laps behind the winner)Grid:,finished,NA,NA,35 laps behind the winner,NA,https://www.racingsportscars.com/images/car_no_photo.png,https://www.racingsportscars.com/about.html#contrib,https://www.racingsportscars.com/make/photo/BMW.html,https://www.racingsportscars.com/type/photo/BMW/M3.html,NA,NA
nurburgring,2001-05-27,315,Seat Toledo TDi - Seat,81,S1,Rhein Ruhr Racing Team Düsseldorf (D),-,-,Rolf Kienen (D)/Markus Horn/Bernd Schneider (D)/Boris Vrbancic,NA,NA,NA,NA,NA,Seat,Toledo,TDi,NA,Result: 81st (35 laps behind the winner)Grid:,81st (35 laps behind the winner)Grid:,finished,NA,NA,35 laps behind the winner,NA,https://www.racingsportscars.com/images/car_no_photo.png,https://www.racingsportscars.com/about.html#contrib,https://www.racingsportscars.com/make/photo/Seat.html,https://www.racingsportscars.com/type/photo/Seat/Toledo.html,https://www.racingsportscars.com/suffix/photo/Seat/Toledo/TDi.html,NA
nurburgring,2001-05-27,50,BMW M3 - BMW,82,A6,,Closed bodywork,Front-engined,Ian Mitchell (GB)/G. B. Clough/Nigel Greensall (GB)/D. N. Smith,NA,NA,NA,NA,NA,BMW,M3,NA,NA,Result: 82nd (35 laps behind the winner)Grid:,82nd (35 laps behind the winner)Grid:,finished,NA,NA,35 laps behind the winner,NA,https://www.racingsportscars.com/images/car_no_photo.png,https://www.racingsportscars.com/about.html#contrib,https://www.racingsportscars.com/make/photo/BMW.html,https://www.racingsportscars.com/type/photo/BMW/M3.html,NA,NA
nurburgring,2001-05-27,179,Opel Astra - Opel,83,V3,DSK - Ja zum Motorsport,-,-,Jürgen Schwinem/Udo Burs/Marc Beckord,NA,NA,NA,NA,NA,Opel,Astra,NA,NA,Result: 83rd (35 laps behind the winner)Grid:,83rd (35 laps behind the winner)Grid:,finished,NA,NA,35 laps behind the winner,NA,https://www.racingsportscars.com/images/car_no_photo.png,https://www.racingsportscars.com/about.html#contrib,https://www.racingsportscars.com/make/photo/Opel.html,https://www.racingsportscars.com/type/photo/Opel/Astra.html,NA,NA
nurburgring,2001-05-27,175,Opel Astra GSi - Opel,84,V3,,-,-,David Rinössl/Kurt Hommes/Frank Aust/Rudolf Rank,NA,NA,NA,NA,NA,Opel,Astra,GSi,NA,Result: 84th (35 laps behind the winner)Grid:,84th (35 laps behind the winner)Grid:,finished,NA,NA,35 laps behind the winner,NA,https://www.racingsportscars.com/images/car_no_photo.png,https://www.racingsportscars.com/about.html#contrib,https://www.racingsportscars.com/make/photo/Opel.html,https://www.racingsportscars.com/type/photo/Opel/Astra.html,https://www.racingsportscars.com/suffix/photo/Opel/Astra/GSi.html,NA
nurburgring,2001-05-27,76,BMW M3 - BMW,85,A4,Superchallenge SRL,Closed bodywork,Front-engined,Riccardo Bachiorri (I)/Paolo Necchi (I)/Luigi Scalini (I)/Ernesto Saccomanno (I),NA,NA,NA,NA,NA,BMW,M3,NA,NA,Result: 85th (36 laps behind the winner)Grid:,85th (36 laps behind the winner)Grid:,finished,NA,NA,36 laps behind the winner,NA,https://www.racingsportscars.com/images/car_no_photo.png,https://www.racingsportscars.com/about.html#contrib,https://www.racingsportscars.com/make/photo/BMW.html,https://www.racingsportscars.com/type/photo/BMW/M3.html,NA,NA
nurburgring,2001-05-27,82,Ford Puma - Ford,86,A3,,-,-,Dirk Kremp/Gert Butenhoff/Christian Senz,NA,NA,NA,NA,NA,Ford,Puma,NA,NA,Result: 86th (36 laps behind the winner)Grid:,86th (36 laps behind the winner)Grid:,finished,NA,NA,36 laps behind the winner,NA,https://www.racingsportscars.com/images/car_no_photo.png,https://www.racingsportscars.com/about.html#contrib,https://www.racingsportscars.com/make/photo/Ford.html,https://www.racingsportscars.com/type/photo/Ford/Puma.html,NA,NA
nurburgring,2001-05-27,141,Caterham Blackbird,87,A10,,-,-,Doug Newman (GB)/Mike Jones/Sean Lockyear,NA,NA,NA,NA,NA,Caterham,Blackbird,NA,NA,Result: 87th (36 laps behind the winner)Grid:,87th (36 laps behind the winner)Grid:,finished,NA,NA,36 laps behind the winner,NA,https://www.racingsportscars.com/images/car_no_photo.png,https://www.racingsportscars.com/about.html#contrib,https://www.racingsportscars.com/make/photo/Caterham.html,https://www.racingsportscars.com/type/photo/Caterham/Blackbird.html,NA,NA
nurburgring,2001-05-27,193,BMW 325 - BMW,88,V4,Box 1 Rennsportservice,-,-,Thomas Mundorf/Christoph Breunig/Frank Schmitz/Christian Kautz (CH),NA,NA,NA,NA,NA,BMW,325,NA,NA,Result: 88th (37 laps behind the winner)Grid:,88th (37 laps behind the winner)Grid:,finished,NA,NA,37 laps behind the winner,NA,https://www.racingsportscars.com/images/car_no_photo.png,https://www.racingsportscars.com/about.html#contrib,https://www.racingsportscars.com/make/photo/BMW.html,https://www.racingsportscars.com/type/photo/BMW/325.html,NA,NA
nurburgring,2001-05-27,36,Mercedes-Benz 500 - Mercedes-Benz,89,A7,Derichs Rennwagen,-,-,Matthias Schenzle/Henning Meyersrenken/Manfred Kubik (A)/Erwin Derichs (D),NA,NA,NA,NA,NA,Mercedes-Benz,500,NA,NA,Result: 89th (38 laps behind the winner)Grid:,89th (38 laps behind the winner)Grid:,finished,NA,NA,38 laps behind the winner,NA,https://www.racingsportscars.com/images/car_no_photo.png,https://www.racingsportscars.com/about.html#contrib,https://www.racingsportscars.com/make/photo/Mercedes-Benz.html,https://www.racingsportscars.com/type/photo/Mercedes-Benz/500.html,NA,NA
nurburgring,2001-05-27,163,Honda Accord Type R - Honda,90,A11,Dupré M-Sport,-,-,Claus Dupré (D)/Christoph Dupré (D)/Harald Altjohann/Eric Grandmontagne,NA,NA,NA,NA,NA,Honda,Accord,Type R,NA,Result: 90th (38 laps behind the winner)Grid:,90th (38 laps behind the winner)Grid:,finished,NA,NA,38 laps behind the winner,NA,https://www.racingsportscars.com/images/car_no_photo.png,https://www.racingsportscars.com/about.html#contrib,https://www.racingsportscars.com/make/photo/Honda.html,https://www.racingsportscars.com/type/photo/Honda/Accord.html,https://www.racingsportscars.com/suffix/photo/Honda/Accord/Type%20R.html,NA
nurburgring,2001-05-27,83,Renault Mégane - Renault,92,A3,Deutscher Sportfahrer Kreis e. V.,-,-,Christopher Peters (D)/Andrea Bauland/Markus Steens,NA,NA,NA,NA,NA,Renault,Mégane,NA,NA,Result: 92nd (39 laps behind the winner)Grid:,92nd (39 laps behind the winner)Grid:,finished,NA,NA,39 laps behind the winner,NA,https://www.racingsportscars.com/images/car_no_photo.png,https://www.racingsportscars.com/about.html#contrib,https://www.racingsportscars.com/make/photo/Renault.html,https://www.racingsportscars.com/type/photo/Renault/M%c3%a9gane.html,NA,NA
nurburgring,2001-05-27,161,Honda Accord Type R - Honda,93,A11,,-,-,Uwe Rentel/Karl-Heinz Engelsberg/Peter Schießl/Swen Herberger (D),NA,NA,NA,NA,NA,Honda,Accord,Type R,NA,Result: 93rd (39 laps behind the winner)Grid:,93rd (39 laps behind the winner)Grid:,finished,NA,NA,39 laps behind the winner,NA,https://www.racingsportscars.com/images/car_no_photo.png,https://www.racingsportscars.com/about.html#contrib,https://www.racingsportscars.com/make/photo/Honda.html,https://www.racingsportscars.com/type/photo/Honda/Accord.html,https://www.racingsportscars.com/suffix/photo/Honda/Accord/Type%20R.html,NA
nurburgring,2001-05-27,73,Audi TT - Audi,94,A4,,Closed bodywork,Mid-engined,Norbert Fischer (D)/Stefan Beil/Claus Engels/Christoph Pruski,NA,NA,NA,NA,NA,Audi,TT,NA,NA,Result: 94th (39 laps behind the winner)Grid:,94th (39 laps behind the winner)Grid:,finished,NA,NA,39 laps behind the winner,NA,https://www.racingsportscars.com/images/car_no_photo.png,https://www.racingsportscars.com/about.html#contrib,https://www.racingsportscars.com/make/photo/Audi.html,https://www.racingsportscars.com/type/photo/Audi/TT.html,NA,NA
nurburgring,2001-05-27,309,Mercedes-Benz A170 - Mercedes-Benz,96,S1,AC Mühlheim e. V.,-,-,Reiner Fischer/Berthold Bassfeld/Holger Roggenbuck,NA,NA,NA,NA,NA,Mercedes-Benz,A170,NA,NA,Result: 96th (39 laps behind the winner)Grid:,96th (39 laps behind the winner)Grid:,finished,NA,NA,39 laps behind the winner,NA,https://www.racingsportscars.com/images/car_no_photo.png,https://www.racingsportscars.com/about.html#contrib,https://www.racingsportscars.com/make/photo/Mercedes-Benz.html,https://www.racingsportscars.com/type/photo/Mercedes-Benz/A170.html,NA,NA
nurburgring,2001-05-27,312,Mitsubishi Carisma - Mitsubishi,97,S1,Mitsubishi Ralliart,-,-,Thomas Reiter/Jeremy Welch/Denis Welch,NA,NA,NA,NA,NA,Mitsubishi,Carisma,NA,NA,Result: 97th (39 laps behind the winner)Grid:,97th (39 laps behind the winner)Grid:,finished,NA,NA,39 laps behind the winner,NA,https://www.racingsportscars.com/images/car_no_photo.png,https://www.racingsportscars.com/about.html#contrib,https://www.racingsportscars.com/make/photo/Mitsubishi.html,https://www.racingsportscars.com/type/photo/Mitsubishi/Carisma.html,NA,NA
nurburgring,2001-05-27,184,Peugeot 306 - Peugeot,98,V3,Schirra Motoring,-,-,Jürgen Nett (D)/Peter Heckmann/Rolf Schütz/Ekkehard Stephan,NA,NA,NA,NA,NA,Peugeot,306,NA,NA,Result: 98th (39 laps behind the winner)Grid:,98th (39 laps behind the winner)Grid:,finished,NA,NA,39 laps behind the winner,NA,https://www.racingsportscars.com/images/car_no_photo.png,https://www.racingsportscars.com/about.html#contrib,https://www.racingsportscars.com/make/photo/Peugeot.html,https://www.racingsportscars.com/type/photo/Peugeot/306.html,NA,NA
nurburgring,2001-05-27,122,Citroën Saxo - Citroën,99,A1,Scuderia Augustusburg Brühl e. V. im ADAC,-,-,Wilhelm Feyen/Dirk Esser/Eric Freichels (D),NA,NA,NA,NA,NA,Citroën,Saxo,NA,NA,Result: 99th (39 laps behind the winner)Grid:,99th (39 laps behind the winner)Grid:,finished,NA,NA,39 laps behind the winner,NA,https://www.racingsportscars.com/images/car_no_photo.png,https://www.racingsportscars.com/about.html#contrib,https://www.racingsportscars.com/make/photo/Citro%c3%abn.html,https://www.racingsportscars.com/type/photo/Citro%c3%abn/Saxo.html,NA,NA
nurburgring,2001-05-27,93,Renault Mégane - Renault,100,A3,Team Mintgen Motorsport,-,-,Stefan Engelhardt/Ingo Patscheider/Mario Köhler,NA,NA,NA,NA,NA,Renault,Mégane,NA,NA,Result: 100th (39 laps behind the winner)Grid:,100th (39 laps behind the winner)Grid:,finished,NA,NA,39 laps behind the winner,NA,https://www.racingsportscars.com/images/car_no_photo.png,https://www.racingsportscars.com/about.html#contrib,https://www.racingsportscars.com/make/photo/Renault.html,https://www.racingsportscars.com/type/photo/Renault/M%c3%a9gane.html,NA,NA
nurburgring,2001-05-27,304,VW Golf TDi - VW,101,S1,,-,-,Horst Wippersteg/Felix Kinzer/Thomas Kroher/Timo Rumpfkeil (D),NA,NA,NA,NA,NA,VW,Golf,TDi,NA,Result: 101st (40 laps behind the winner)Grid:,101st (40 laps behind the winner)Grid:,finished,NA,NA,40 laps behind the winner,NA,https://www.racingsportscars.com/images/car_no_photo.png,https://www.racingsportscars.com/about.html#contrib,https://www.racingsportscars.com/make/photo/VW.html,https://www.racingsportscars.com/type/photo/VW/Golf.html,https://www.racingsportscars.com/suffix/photo/VW/Golf/TDi.html,NA
nurburgring,2001-05-27,212,Honda Integra - Honda,102,N2,,-,-,Robert Bishop/David Hall/Jonathan Water/Stuart Anderson (GB),NA,NA,NA,NA,NA,Honda,Integra,NA,NA,Result: 102nd (40 laps behind the winner)Grid:,102nd (40 laps behind the winner)Grid:,finished,NA,NA,40 laps behind the winner,NA,https://www.racingsportscars.com/images/car_no_photo.png,https://www.racingsportscars.com/about.html#contrib,https://www.racingsportscars.com/make/photo/Honda.html,https://www.racingsportscars.com/type/photo/Honda/Integra.html,NA,NA
nurburgring,2001-05-27,306,VW Golf TDi - VW,103,S1,,-,-,Otto Hofmayer/Dierk Möller-Sonntag (D)/Rudi Adams (D)/Thorsten Unger,NA,NA,NA,NA,NA,VW,Golf,TDi,NA,Result: 103rd (40 laps behind the winner)Grid:,103rd (40 laps behind the winner)Grid:,finished,NA,NA,40 laps behind the winner,NA,https://www.racingsportscars.com/images/car_no_photo.png,https://www.racingsportscars.com/about.html#contrib,https://www.racingsportscars.com/make/photo/VW.html,https://www.racingsportscars.com/type/photo/VW/Golf.html,https://www.racingsportscars.com/suffix/photo/VW/Golf/TDi.html,NA
nurburgring,2001-05-27,171,BMW 318 - BMW,104,V2,,-,-,Michael Kok/Thomas Meyer/Rolf Wittke,NA,NA,NA,NA,NA,BMW,318,NA,NA,Result: 104th (40 laps behind the winner)Grid:,104th (40 laps behind the winner)Grid:,finished,NA,NA,40 laps behind the winner,NA,https://www.racingsportscars.com/images/car_no_photo.png,https://www.racingsportscars.com/about.html#contrib,https://www.racingsportscars.com/make/photo/BMW.html,https://www.racingsportscars.com/type/photo/BMW/318.html,NA,NA
nurburgring,2001-05-27,132,Opel Corsa - Opel,105,A1,Scuderia Augustusburg Brühl e. V. im ADAC,-,-,Carola Esser-Feyen/Christian Kranenberg (D)/Herbert von Danwitz (D)/Michael Klotz,NA,NA,NA,NA,NA,Opel,Corsa,NA,NA,Result: 105th (40 laps behind the winner)Grid:,105th (40 laps behind the winner)Grid:,finished,NA,NA,40 laps behind the winner,NA,https://www.racingsportscars.com/images/car_no_photo.png,https://www.racingsportscars.com/about.html#contrib,https://www.racingsportscars.com/make/photo/Opel.html,https://www.racingsportscars.com/type/photo/Opel/Corsa.html,NA,NA
nurburgring,2001-05-27,176,Opel Calibra - Opel,106,V3,,Closed bodywork,Front-engined,Andreas Wacker/Rainer Diehl/Mischa Hachenberg/Wolfgang Holzem (D),NA,NA,NA,NA,NA,Opel,Calibra,NA,NA,Result: 106th (40 laps behind the winner)Grid:,106th (40 laps behind the winner)Grid:,finished,NA,NA,40 laps behind the winner,NA,https://www.racingsportscars.com/images/car_no_photo.png,https://www.racingsportscars.com/about.html#contrib,https://www.racingsportscars.com/make/photo/Opel.html,https://www.racingsportscars.com/type/photo/Opel/Calibra.html,NA,NA
nurburgring,2001-05-27,128,Suzuki Swift - Suzuki,107,A1,,-,-,Kornelius Hoffmann (D)/Iris Hoffmann/Sven Kehl/Werner Schlehecker (D),NA,NA,NA,NA,NA,Suzuki,Swift,NA,NA,Result: 107th (41 laps behind the winner)Grid:,107th (41 laps behind the winner)Grid:,finished,NA,NA,41 laps behind the winner,NA,https://www.racingsportscars.com/images/car_no_photo.png,https://www.racingsportscars.com/about.html#contrib,https://www.racingsportscars.com/make/photo/Suzuki.html,https://www.racingsportscars.com/type/photo/Suzuki/Swift.html,NA,NA
nurburgring,2001-05-27,68,Vauxhall Vectra - Vauxhall,108,A4,Lloyd Racing Ltd. (GB),-,-,Andy Lloyd (GB)/Gareth Lloyd (GB),NA,NA,NA,NA,NA,Vauxhall,Vectra,NA,NA,Result: 108th (41 laps behind the winner)Grid:,108th (41 laps behind the winner)Grid:,finished,NA,NA,41 laps behind the winner,NA,https://www.racingsportscars.com/images/car_no_photo.png,https://www.racingsportscars.com/about.html#contrib,https://www.racingsportscars.com/make/photo/Vauxhall.html,https://www.racingsportscars.com/type/photo/Vauxhall/Vectra.html,NA,NA
nurburgring,2001-05-27,216,Peugeot 306 - Peugeot,109,N3,Schirra Motoring,-,-,Richard Höhfeld (D)/Ulrich Henning/Wolfgang Logemann/Michael Koch,NA,NA,NA,NA,NA,Peugeot,306,NA,NA,Result: 109th (41 laps behind the winner)Grid:,109th (41 laps behind the winner)Grid:,finished,NA,NA,41 laps behind the winner,NA,https://www.racingsportscars.com/images/car_no_photo.png,https://www.racingsportscars.com/about.html#contrib,https://www.racingsportscars.com/make/photo/Peugeot.html,https://www.racingsportscars.com/type/photo/Peugeot/306.html,NA,NA
nurburgring,2001-05-27,140,Caterham Supersports,110,A10,(GB),-,-,Adrian Watt (GB)/Mark Giles Warren/James Auld/Ross Buckingham (AUS),NA,NA,NA,NA,NA,Caterham,Supersports,NA,NA,Result: 110th (42 laps behind the winner)Grid:,110th (42 laps behind the winner)Grid:,finished,NA,NA,42 laps behind the winner,NA,https://www.racingsportscars.com/images/car_no_photo.png,https://www.racingsportscars.com/about.html#contrib,https://www.racingsportscars.com/make/photo/Caterham.html,https://www.racingsportscars.com/type/photo/Caterham/Supersports.html,NA,NA
nurburgring,2001-05-27,206,VW Polo - VW,111,N2,,-,-,Michael Starke/Detlef Häder/Ulrich Bläute/Patrick Dubois (L),NA,NA,NA,NA,NA,VW,Polo,NA,NA,Result: 111th (42 laps behind the winner)Grid:,111th (42 laps behind the winner)Grid:,finished,NA,NA,42 laps behind the winner,NA,https://www.racingsportscars.com/images/car_no_photo.png,https://www.racingsportscars.com/about.html#contrib,https://www.racingsportscars.com/make/photo/VW.html,https://www.racingsportscars.com/type/photo/VW/Polo.html,NA,NA
nurburgring,2001-05-27,144,Donkervoort D8 180-R,112,A10,,-,-,Jochen Garnjost/Michael Müller (D)/Johannes Kreuer,NA,NA,NA,NA,NA,Donkervoort,D8,180-R,NA,Result: 112th (43 laps behind the winner)Grid:,112th (43 laps behind the winner)Grid:,finished,NA,NA,43 laps behind the winner,NA,https://www.racingsportscars.com/images/car_no_photo.png,https://www.racingsportscars.com/about.html#contrib,https://www.racingsportscars.com/make/photo/Donkervoort.html,https://www.racingsportscars.com/type/photo/Donkervoort/D8.html,https://www.racingsportscars.com/suffix/photo/Donkervoort/D8/180-R.html,NA
nurburgring,2001-05-27,88,Morgan Plus 8 #,113,A6a,Scuderia Colonia e. V. im ADAC,-,Front-engined,Christian Bock (D)/Michael Bock (GB)/Wilhelm Schapmann,NA,NA,NA,NA,NA,Morgan,Plus 8,NA,#,Result: 113th (44 laps behind the winner)Grid:,113th (44 laps behind the winner)Grid:,finished,NA,NA,44 laps behind the winner,NA,https://www.racingsportscars.com/images/car_no_photo.png,https://www.racingsportscars.com/about.html#contrib,https://www.racingsportscars.com/make/photo/Morgan.html,https://www.racingsportscars.com/type/photo/Morgan/Plus%208.html,NA,https://www.racingsportscars.com/chassis/photo/Plus8-Bock%23.html
nurburgring,2001-05-27,136,Citroën AX - Citroën,114,A1,Team Mintgen Motorsport,-,-,Jörg Bonin/Udo Bonin/Klaus Hormes/Said Baloui,NA,NA,NA,NA,NA,Citroën,AX,NA,NA,Result: 114th (46 laps behind the winner)Grid:,114th (46 laps behind the winner)Grid:,finished,NA,NA,46 laps behind the winner,NA,https://www.racingsportscars.com/images/car_no_photo.png,https://www.racingsportscars.com/about.html#contrib,https://www.racingsportscars.com/make/photo/Citro%c3%abn.html,https://www.racingsportscars.com/type/photo/Citro%c3%abn/AX.html,NA,NA
nurburgring,2001-05-27,135,Suzuki Swift - Suzuki,115,A1,Fleper Motorsport,-,-,Thorsten Schwarz/Joachim Steidel (D)/Stephan Köhler (D)/Peter Dobenecker,NA,NA,NA,NA,NA,Suzuki,Swift,NA,NA,Result: 115th (46 laps behind the winner)Grid:,115th (46 laps behind the winner)Grid:,finished,NA,NA,46 laps behind the winner,NA,https://www.racingsportscars.com/images/car_no_photo.png,https://www.racingsportscars.com/about.html#contrib,https://www.racingsportscars.com/make/photo/Suzuki.html,https://www.racingsportscars.com/type/photo/Suzuki/Swift.html,NA,NA
nurburgring,2001-05-27,67,BMW 325 - BMW,116,N5,,-,-,Marcus Bouss/Klaus Werner (D)/Wolfgang Biesenbach,NA,NA,NA,NA,NA,BMW,325,NA,NA,Result: 116th (46 laps behind the winner)Grid:,116th (46 laps behind the winner)Grid:,finished,NA,NA,46 laps behind the winner,NA,https://www.racingsportscars.com/images/car_no_photo.png,https://www.racingsportscars.com/about.html#contrib,https://www.racingsportscars.com/make/photo/BMW.html,https://www.racingsportscars.com/type/photo/BMW/325.html,NA,NA
nurburgring,2001-05-27,127,Peugeot 106 - Peugeot,117,A1,DSK - Ja zum Motorsport,-,-,Torsten Trenz/Peter Poensgen/Michael Pfeiffer/Heiner Raaf,NA,NA,NA,NA,NA,Peugeot,106,NA,NA,Result: 117th (49 laps behind the winner)Grid:,117th (49 laps behind the winner)Grid:,finished,NA,NA,49 laps behind the winner,NA,https://www.racingsportscars.com/images/car_no_photo.png,https://www.racingsportscars.com/about.html#contrib,https://www.racingsportscars.com/make/photo/Peugeot.html,https://www.racingsportscars.com/type/photo/Peugeot/106.html,NA,NA
nurburgring,2001-05-27,115,VW Golf - VW,118,A3,DSK - Ja zum Motorsport,-,-,Helmut Arens/Heribert Blümel/Martin Schreckert/Ralf Zimmermann,NA,NA,NA,NA,NA,VW,Golf,NA,NA,Result: 118th (49 laps behind the winner)Grid:,118th (49 laps behind the winner)Grid:,finished,NA,NA,49 laps behind the winner,NA,https://www.racingsportscars.com/images/car_no_photo.png,https://www.racingsportscars.com/about.html#contrib,https://www.racingsportscars.com/make/photo/VW.html,https://www.racingsportscars.com/type/photo/VW/Golf.html,NA,NA
nurburgring,2001-05-27,16,Porsche 911 - Porsche,119,A6a,Manthey Racing GmbH,-,Rear-engined,Kersten Jodexnis (D)/Wolfgang Destree (D)/Mario Merten (D)/Gerd Winter,NA,NA,NA,NA,NA,Porsche,911,NA,NA,Result: 119th (49 laps behind the winner)Grid:,119th (49 laps behind the winner)Grid:,finished,NA,NA,49 laps behind the winner,NA,https://www.racingsportscars.com/images/car_no_photo.png,https://www.racingsportscars.com/about.html#contrib,https://www.racingsportscars.com/make/photo/Porsche.html,https://www.racingsportscars.com/type/photo/Porsche/911.html,NA,NA
nurburgring,2001-05-27,227,Seat Cupra - Seat,120,N3,,-,-,Helmut-Heinz Schollen/Hans-Joachim Holz/Werner Scholz,NA,NA,NA,NA,NA,Seat,Cupra,NA,NA,Result: 120th (50 laps behind the winner)Grid:,120th (50 laps behind the winner)Grid:,finished,NA,NA,50 laps behind the winner,NA,https://www.racingsportscars.com/images/car_no_photo.png,https://www.racingsportscars.com/about.html#contrib,https://www.racingsportscars.com/make/photo/Seat.html,https://www.racingsportscars.com/type/photo/Seat/Cupra.html,NA,NA
nurburgring,2001-05-27,134,NSU TT - NSU,121,A1,AC Oberhausen e. V. im ADAC,Closed bodywork,Mid-engined,Friedhelm Heidemann/Stefan Schmelter/Andreas Telker/Rainer Oesterbeck,NA,NA,NA,NA,NA,NSU,TT,NA,NA,Result: 121st (50 laps behind the winner)Grid:,121st (50 laps behind the winner)Grid:,finished,NA,NA,50 laps behind the winner,NA,https://www.racingsportscars.com/images/car_no_photo.png,https://www.racingsportscars.com/about.html#contrib,https://www.racingsportscars.com/make/photo/NSU.html,https://www.racingsportscars.com/type/photo/NSU/TT.html,NA,NA
nurburgring,2001-05-27,18,Audi Allroad - Audi,122,A6a,,-,-,Lars Döhmann/Hannes Gresser/Udo Frey/Jörg Kock,NA,NA,NA,NA,NA,Audi,Allroad,NA,NA,Result: 122nd (51 laps behind the winner)Grid:,122nd (51 laps behind the winner)Grid:,finished,NA,NA,51 laps behind the winner,NA,https://www.racingsportscars.com/images/car_no_photo.png,https://www.racingsportscars.com/about.html#contrib,https://www.racingsportscars.com/make/photo/Audi.html,https://www.racingsportscars.com/type/photo/Audi/Allroad.html,NA,NA
nurburgring,2001-05-27,137,Rover Mini - Rover,123,A1,,-,-,Joachim Fuhrländer/Walter Kaufmann/Peter Mölders/Thomas Burger,NA,NA,NA,NA,NA,Rover,Mini,NA,NA,Result: 123rd (51 laps behind the winner)Grid:,123rd (51 laps behind the winner)Grid:,finished,NA,NA,51 laps behind the winner,NA,https://www.racingsportscars.com/images/car_no_photo.png,https://www.racingsportscars.com/about.html#contrib,https://www.racingsportscars.com/make/photo/Rover.html,https://www.racingsportscars.com/type/photo/Rover/Mini.html,NA,NA
nurburgring,2001-05-27,138,VW Derby - VW,124,A1,,-,-,Rolf Mölleken/Günter Görlitz/Volker Löschel/Kurt Löschel,NA,NA,NA,NA,NA,VW,Derby,NA,NA,Result: 124th (53 laps behind the winner)Grid:,124th (53 laps behind the winner)Grid:,finished,NA,NA,53 laps behind the winner,NA,https://www.racingsportscars.com/images/car_no_photo.png,https://www.racingsportscars.com/about.html#contrib,https://www.racingsportscars.com/make/photo/VW.html,https://www.racingsportscars.com/type/photo/VW/Derby.html,NA,NA
nurburgring,2001-05-27,231,BMW M3 - BMW,125,N5,(GB),Closed bodywork,Front-engined,John Cowgill/Calum Lockie (GB)/John Owen,NA,NA,NA,NA,NA,BMW,M3,NA,NA,Result: 125th (55 laps behind the winner)Grid:,125th (55 laps behind the winner)Grid:,finished,NA,NA,55 laps behind the winner,NA,https://www.racingsportscars.com/images/car_no_photo.png,https://www.racingsportscars.com/about.html#contrib,https://www.racingsportscars.com/make/photo/BMW.html,https://www.racingsportscars.com/type/photo/BMW/M3.html,NA,NA
nurburgring,2001-05-27,218,Nissan Sunny - Nissan,126,N3,,-,-,Gerd Flentje/Jörg Guthmann/Hans-Helmut Gail (D)/Ian Green,NA,NA,NA,NA,NA,Nissan,Sunny,NA,NA,Result: 126th (55 laps behind the winner)Grid:,126th (55 laps behind the winner)Grid:,finished,NA,NA,55 laps behind the winner,NA,https://www.racingsportscars.com/images/car_no_photo.png,https://www.racingsportscars.com/about.html#contrib,https://www.racingsportscars.com/make/photo/Nissan.html,https://www.racingsportscars.com/type/photo/Nissan/Sunny.html,NA,NA
nurburgring,2001-05-27,103,Honda Integra - Honda,127,A3,,-,-,Hans Keutmann (D)/Spencer Trenery (USA)/Bruce Trenery (USA)/Steve Pfeifer (USA),NA,NA,NA,NA,NA,Honda,Integra,NA,NA,Result: 127th (55 laps behind the winner)Grid:,127th (55 laps behind the winner)Grid:,finished,NA,NA,55 laps behind the winner,NA,https://www.racingsportscars.com/images/car_no_photo.png,https://www.racingsportscars.com/about.html#contrib,https://www.racingsportscars.com/make/photo/Honda.html,https://www.racingsportscars.com/type/photo/Honda/Integra.html,NA,NA
nurburgring,2001-05-27,313,VW Golf TDi - VW,128,S1,Team Dose Motorsport,-,-,Bernd Erdmann/Friedrich Ney/Paul-Martin Dose (D)/Dennis Rostek (D),NA,NA,NA,NA,NA,VW,Golf,TDi,NA,Result: 128th (58 laps behind the winner)Grid:,128th (58 laps behind the winner)Grid:,finished,NA,NA,58 laps behind the winner,NA,https://www.racingsportscars.com/images/car_no_photo.png,https://www.racingsportscars.com/about.html#contrib,https://www.racingsportscars.com/make/photo/VW.html,https://www.racingsportscars.com/type/photo/VW/Golf.html,https://www.racingsportscars.com/suffix/photo/VW/Golf/TDi.html,NA
nurburgring,2001-05-27,104,Renault 5 GT - Renault,129,A3,,-,-,Christian Benz/Stefan Benz,NA,NA,NA,NA,NA,Renault,5,GT,NA,Result: 129th (58 laps behind the winner)Grid:,129th (58 laps behind the winner)Grid:,finished,NA,NA,58 laps behind the winner,NA,https://www.racingsportscars.com/images/car_no_photo.png,https://www.racingsportscars.com/about.html#contrib,https://www.racingsportscars.com/make/photo/Renault.html,https://www.racingsportscars.com/type/photo/Renault/5.html,https://www.racingsportscars.com/suffix/photo/Renault/5/GT.html,NA
nurburgring,2001-05-27,105,Ford Puma - Ford,130,A3,,-,-,Sven Böckmann/Anette Wilbert/Martin Uhler/Graham Mace,NA,NA,NA,NA,NA,Ford,Puma,NA,NA,Result: 130th (58 laps behind the winner)Grid:,130th (58 laps behind the winner)Grid:,finished,NA,NA,58 laps behind the winner,NA,https://www.racingsportscars.com/images/car_no_photo.png,https://www.racingsportscars.com/about.html#contrib,https://www.racingsportscars.com/make/photo/Ford.html,https://www.racingsportscars.com/type/photo/Ford/Puma.html,NA,NA
nurburgring,2001-05-27,85,Hyundai Coupé,131,A3,AC Radevormwald e. V. im ADAC,-,-,Wolfgang Partenheimer (D)/André Kleinschmidt/Rainer Cherubin/Peter Wichmann,NA,NA,NA,NA,NA,Hyundai,Coupé,NA,NA,Result: 131st (59 laps behind the winner)Grid:,131st (59 laps behind the winner)Grid:,finished,NA,NA,59 laps behind the winner,NA,https://www.racingsportscars.com/images/car_no_photo.png,https://www.racingsportscars.com/about.html#contrib,https://www.racingsportscars.com/make/photo/Hyundai.html,https://www.racingsportscars.com/type/photo/Hyundai/Coup%c3%a9.html,NA,NA
nurburgring,2001-05-27,130,Renault 5 Alpine - Renault,133,A1,MSC Odenkirchen e. V. im ADAC,-,-,Ralf Driescher/Holger Bödeker/Christopher Peters (D)/Stephan Zander,NA,NA,NA,NA,NA,Renault,5,Alpine,NA,Result: 133rd (59 laps behind the winner)Grid:,133rd (59 laps behind the winner)Grid:,finished,NA,NA,59 laps behind the winner,NA,https://www.racingsportscars.com/images/car_no_photo.png,https://www.racingsportscars.com/about.html#contrib,https://www.racingsportscars.com/make/photo/Renault.html,https://www.racingsportscars.com/type/photo/Renault/5.html,https://www.racingsportscars.com/suffix/photo/Renault/5/Alpine.html,NA
nurburgring,2001-05-27,109,Ford Puma - Ford,134,A3,,-,-,Harald Hennes (D)/Philipp Stange/Benno Rottenfusser (D)/Csere Csaba,NA,NA,NA,NA,NA,Ford,Puma,NA,NA,Result: 134th (59 laps behind the winner)Grid:,134th (59 laps behind the winner)Grid:,finished,NA,NA,59 laps behind the winner,NA,https://www.racingsportscars.com/images/car_no_photo.png,https://www.racingsportscars.com/about.html#contrib,https://www.racingsportscars.com/make/photo/Ford.html,https://www.racingsportscars.com/type/photo/Ford/Puma.html,NA,NA
nurburgring,2001-05-27,221,Renault Clio - Renault N/A,135,N3,East Belgian Racing Team (B),Closed bodywork,Front-engined,Jacky Delvaux (B)/Robert Matot (B)/Bernard Crouquet (B),NA,NA,NA,NA,NA,Renault,Clio,NA,NA,Result: 135th (61 laps behind the winner)Grid:,135th (61 laps behind the winner)Grid:,finished,NA,NA,61 laps behind the winner,NA,https://www.racingsportscars.com/images/car_no_photo.png,https://www.racingsportscars.com/about.html#contrib,https://www.racingsportscars.com/make/photo/Renault.html,https://www.racingsportscars.com/type/photo/Renault/Clio.html,NA,NA
nurburgring,2001-05-27,72,Mercedes-Benz 190 E - Mercedes-Benz N/A,136,A4,AC Mühlheim e. V.,Closed bodywork,Front-engined,Peter Brings/Dieter Oehler/Michael Manthei,NA,NA,NA,NA,NA,Mercedes-Benz,190 E,NA,NA,Result: 136th (64 laps behind the winner)Grid:,136th (64 laps behind the winner)Grid:,finished,NA,NA,64 laps behind the winner,NA,https://www.racingsportscars.com/images/car_no_photo.png,https://www.racingsportscars.com/about.html#contrib,https://www.racingsportscars.com/make/photo/Mercedes-Benz.html,https://www.racingsportscars.com/type/photo/Mercedes-Benz/190%20E.html,NA,NA
nurburgring,2001-05-27,133,Rover Mini - Rover,137,A1,,-,-,Dietrich Hueck (D)/Christoph Reichert/Helmut Raßfeld/Dale Crawford,NA,NA,NA,NA,NA,Rover,Mini,NA,NA,Result: 137th (66 laps behind the winner)Grid:,137th (66 laps behind the winner)Grid:,finished,NA,NA,66 laps behind the winner,NA,https://www.racingsportscars.com/images/car_no_photo.png,https://www.racingsportscars.com/about.html#contrib,https://www.racingsportscars.com/make/photo/Rover.html,https://www.racingsportscars.com/type/photo/Rover/Mini.html,NA,NA
nurburgring,2001-05-27,131,Renault 5 Alpine - Renault,138,A1,,-,-,Markus Buse/Konni Wilmertz/Helmut Kulhavy/Jobst Demnitz,NA,NA,NA,NA,NA,Renault,5,Alpine,NA,Result: 138th (66 laps behind the winner)Grid:,138th (66 laps behind the winner)Grid:,finished,NA,NA,66 laps behind the winner,NA,https://www.racingsportscars.com/images/car_no_photo.png,https://www.racingsportscars.com/about.html#contrib,https://www.racingsportscars.com/make/photo/Renault.html,https://www.racingsportscars.com/type/photo/Renault/5.html,https://www.racingsportscars.com/suffix/photo/Renault/5/Alpine.html,NA
nurburgring,2001-05-27,81,Opel Manta B - Opel,139,A3,Kissling Motorsport (D),Closed bodywork,Front-engined,Olaf Beckmann (D)/Bernhard Schmittner/Peter Hass (D)/Wolfgang Meinke,NA,NA,NA,NA,NA,Opel,Manta,B,NA,Result: 139th (67 laps behind the winner)Grid:,139th (67 laps behind the winner)Grid:,finished,NA,NA,67 laps behind the winner,NA,https://www.racingsportscars.com/images/car_no_photo.png,https://www.racingsportscars.com/about.html#contrib,https://www.racingsportscars.com/make/photo/Opel.html,https://www.racingsportscars.com/type/photo/Opel/Manta.html,https://www.racingsportscars.com/suffix/photo/Opel/Manta/B.html,NA
nurburgring,2001-05-27,220,Vauxhall Astra - Vauxhall,140,N3,,-,-,Nick Starkey/Dick Archer/Trevor Secker/Chris Maries (GB),NA,NA,NA,NA,NA,Vauxhall,Astra,NA,NA,Result: 140th (68 laps behind the winner)Grid:,140th (68 laps behind the winner)Grid:,finished,NA,NA,68 laps behind the winner,NA,https://www.racingsportscars.com/images/car_no_photo.png,https://www.racingsportscars.com/about.html#contrib,https://www.racingsportscars.com/make/photo/Vauxhall.html,https://www.racingsportscars.com/type/photo/Vauxhall/Astra.html,NA,NA
nurburgring,2001-05-27,232,BMW M3 - BMW,141,N5,,Closed bodywork,Front-engined,Julian Lay/John Grant (GB)/Leonard Lessow,NA,NA,NA,NA,NA,BMW,M3,NA,NA,Result: 141st (70 laps behind the winner)Grid:,141st (70 laps behind the winner)Grid:,finished,NA,NA,70 laps behind the winner,NA,https://www.racingsportscars.com/images/car_no_photo.png,https://www.racingsportscars.com/about.html#contrib,https://www.racingsportscars.com/make/photo/BMW.html,https://www.racingsportscars.com/type/photo/BMW/M3.html,NA,NA
nurburgring,2001-05-27,229,BMW 325 - BMW,142,N5,Team DMV,-,-,Bernd Albrecht (D)/Wolfgang Hönscheid/Dirk Baur/Wolfgang Förster,NA,NA,NA,NA,NA,BMW,325,NA,NA,Result: 142nd (74 laps behind the winner)Grid:,142nd (74 laps behind the winner)Grid:,finished,NA,NA,74 laps behind the winner,NA,https://www.racingsportscars.com/images/car_no_photo.png,https://www.racingsportscars.com/about.html#contrib,https://www.racingsportscars.com/make/photo/BMW.html,https://www.racingsportscars.com/type/photo/BMW/325.html,NA,NA
nurburgring,2001-05-27,66,Porsche 911 - Porsche,143,A7,,-,Rear-engined,Ulli Packeisen (D)/Erich Trinkl (A)/Jens Petersen (D)/Franz Claer,NA,NA,NA,NA,NA,Porsche,911,NA,NA,Result: 143rd (76 laps behind the winner)Grid:,143rd (76 laps behind the winner)Grid:,finished,NA,NA,76 laps behind the winner,NA,https://www.racingsportscars.com/images/car_no_photo.png,https://www.racingsportscars.com/about.html#contrib,https://www.racingsportscars.com/make/photo/Porsche.html,https://www.racingsportscars.com/type/photo/Porsche/911.html,NA,NA
nurburgring,2001-05-27,158,Honda Accord Type R - Honda,144,A11,Fleper Motorsport,-,-,Gerhard Molzberger/Norbert Bermes (D)/Uwe Unteroberdörster/Jens Lührsen,NA,NA,NA,NA,NA,Honda,Accord,Type R,NA,Result: 144th (83 laps behind the winner)Grid:,144th (83 laps behind the winner)Grid:,finished,NA,NA,83 laps behind the winner,NA,https://www.racingsportscars.com/images/car_no_photo.png,https://www.racingsportscars.com/about.html#contrib,https://www.racingsportscars.com/make/photo/Honda.html,https://www.racingsportscars.com/type/photo/Honda/Accord.html,https://www.racingsportscars.com/suffix/photo/Honda/Accord/Type%20R.html,NA
nurburgring,2001-05-27,160,Honda Accord Type R - Honda,145,A11,,-,-,Martin Becker/Nikolaus Hardt/Giuseppe Timperanza (D)/Hubert Nacken (D),NA,NA,NA,NA,NA,Honda,Accord,Type R,NA,Result: 145th (87 laps behind the winner)Grid:,145th (87 laps behind the winner)Grid:,finished,NA,NA,87 laps behind the winner,NA,https://www.racingsportscars.com/images/car_no_photo.png,https://www.racingsportscars.com/about.html#contrib,https://www.racingsportscars.com/make/photo/Honda.html,https://www.racingsportscars.com/type/photo/Honda/Accord.html,https://www.racingsportscars.com/suffix/photo/Honda/Accord/Type%20R.html,NA
nurburgring,2001-05-27,21,Nissan Skyline - Nissan,148,A6a,Falken Motorsport,-,-,Arthur Atkinson (GB)/Gunnar Hermann/Werner Kather (D)/Yasushi Kikuchi (J),NA,NA,NA,NA,NA,Nissan,Skyline,NA,NA,Result: 148th (100 laps behind the winner)Grid:,148th (100 laps behind the winner)Grid:,finished,NA,NA,100 laps behind the winner,NA,https://www.racingsportscars.com/images/car_no_photo.png,https://www.racingsportscars.com/about.html#contrib,https://www.racingsportscars.com/make/photo/Nissan.html,https://www.racingsportscars.com/type/photo/Nissan/Skyline.html,NA,NA
nurburgring,2001-05-27,145,Lotus Elise,149,A10,,-,Mid-engined,Helmut Rieser/Patrick Monz/Hendrik Horak,NA,NA,NA,NA,NA,Lotus,Elise,NA,NA,Result: 149th (110 laps behind the winner)Grid:,149th (110 laps behind the winner)Grid:,finished,NA,NA,110 laps behind the winner,NA,https://www.racingsportscars.com/images/car_no_photo.png,https://www.racingsportscars.com/about.html#contrib,https://www.racingsportscars.com/make/photo/Lotus.html,https://www.racingsportscars.com/type/photo/Lotus/Elise.html,NA,NA
nurburgring,2001-05-27,314,VW Golf TDi - VW,150,S1,Team Dose Motorsport,-,-,Paul-Martin Dose (D)/Friedrich Ney/Marco Wolf/Guido Thierfelder,NA,NA,NA,NA,NA,VW,Golf,TDi,NA,Result: 150th (110 laps behind the winner)Grid:,150th (110 laps behind the winner)Grid:,finished,NA,NA,110 laps behind the winner,NA,https://www.racingsportscars.com/images/car_no_photo.png,https://www.racingsportscars.com/about.html#contrib,https://www.racingsportscars.com/make/photo/VW.html,https://www.racingsportscars.com/type/photo/VW/Golf.html,https://www.racingsportscars.com/suffix/photo/VW/Golf/TDi.html,NA
nurburgring,2001-05-27,44,Nissan Skyline - Nissan,151,A6a,Falken Motorsport,-,-,Masahiro Hasemi (J)/Roland Asch (D)/Dirk Schoysman (B)/Takayuki Kinoshita (J),NA,NA,NA,NA,NA,Nissan,Skyline,NA,NA,Result: 151st (112 laps behind the winner)Grid:,151st (112 laps behind the winner)Grid:,finished,NA,NA,112 laps behind the winner,NA,https://www.racingsportscars.com/images/car_no_photo.png,https://www.racingsportscars.com/about.html#contrib,https://www.racingsportscars.com/make/photo/Nissan.html,https://www.racingsportscars.com/type/photo/Nissan/Skyline.html,NA,NA
nurburgring,2001-05-27,162,Honda Accord Type R - Honda,152,A11,Schirra Motoring,-,-,Joachim Schirra (D)/Jürgen Delkus/Michael Hess (D)/Wolfgang Savelsbergh (D),NA,NA,NA,NA,NA,Honda,Accord,Type R,NA,Result: 152nd (131 laps behind the winner)Grid:,152nd (131 laps behind the winner)Grid:,finished,NA,NA,131 laps behind the winner,NA,https://www.racingsportscars.com/images/car_no_photo.png,https://www.racingsportscars.com/about.html#contrib,https://www.racingsportscars.com/make/photo/Honda.html,https://www.racingsportscars.com/type/photo/Honda/Accord.html,https://www.racingsportscars.com/suffix/photo/Honda/Accord/Type%20R.html,NA
nurburgring,2001-05-27,37,Chevrolet Corvette C5 - Chevrolet,153,A7,,-,-,"Tom Schwister/Franz-Josef Bröhling (D)/Franz-Josef Bröhling, Jr. (D)",NA,NA,NA,NA,NA,Chevrolet,Corvette C5,NA,NA,Result: 153rd (134 laps behind the winner)Grid:,153rd (134 laps behind the winner)Grid:,finished,NA,NA,134 laps behind the winner,NA,https://www.racingsportscars.com/images/car_no_photo.png,https://www.racingsportscars.com/about.html#contrib,https://www.racingsportscars.com/make/photo/Chevrolet.html,https://www.racingsportscars.com/type/photo/Chevrolet/Corvette%20C5.html,NA,NA
nurburgring,2001-05-27,79,Opel Vectra - Opel,154,A3,(D),-,-,Theo Kleen (D)/Uwe Kleen (D),NA,NA,NA,NA,NA,Opel,Vectra,NA,NA,Result: 154th (134 laps behind the winner)Grid:,154th (134 laps behind the winner)Grid:,finished,NA,NA,134 laps behind the winner,NA,https://www.racingsportscars.com/images/car_no_photo.png,https://www.racingsportscars.com/about.html#contrib,https://www.racingsportscars.com/make/photo/Opel.html,https://www.racingsportscars.com/type/photo/Opel/Vectra.html,NA,NA
nurburgring,2001-05-27,234,BMW M3 - BMW,NA,N5,AC München e. V. im ADAC,Closed bodywork,Front-engined,Alfred Hilger (D)/Ross Palmer/Peter Floyd/Algadri Maher,NA,NA,NA,NA,NA,BMW,M3,NA,NA,Result: did not finishGrid:,did not finishGrid:,not_finished,NA,NA,NA,NA,https://www.racingsportscars.com/images/car_no_photo.png,https://www.racingsportscars.com/about.html#contrib,https://www.racingsportscars.com/make/photo/BMW.html,https://www.racingsportscars.com/type/photo/BMW/M3.html,NA,NA
nurburgring,2001-05-27,65,Opel Manta # - Opel,NA,A4,MSC Herbrechtingen e. V.,Closed bodywork,Front-engined,Reiner Zimmermann/Ralf Willuth/Karl-Heinz Kling/Udo Rziha,NA,NA,NA,NA,NA,Opel,Manta,NA,#,Result: did not finishGrid:,did not finishGrid:,not_finished,NA,NA,NA,NA,https://www.racingsportscars.com/images/car_no_photo.png,https://www.racingsportscars.com/about.html#contrib,https://www.racingsportscars.com/make/photo/Opel.html,https://www.racingsportscars.com/type/photo/Opel/Manta.html,NA,https://www.racingsportscars.com/chassis/photo/Manta-Zimmermann%23.html
nurburgring,2001-05-27,110,Honda S2000 - Honda,NA,A3,,-,-,Christian Przybyla/Frank Budde/Giuseppe Timperanza (D)/Jochen Berger (D),NA,NA,NA,NA,NA,Honda,S2000,NA,NA,Result: did not finishGrid:,did not finishGrid:,not_finished,NA,NA,NA,NA,https://www.racingsportscars.com/images/car_no_photo.png,https://www.racingsportscars.com/about.html#contrib,https://www.racingsportscars.com/make/photo/Honda.html,https://www.racingsportscars.com/type/photo/Honda/S2000.html,NA,NA
nurburgring,2001-05-27,1,Porsche GT3 - Porsche,NA,A6a,Porsche Zentrum Koblenz - Phoenix Racing,-,-,Christian Menzel (D)/Lucas Luhr (D)/Emmanuel Collard (F)/Christian Abt (D),NA,NA,NA,NA,NA,Porsche,GT3,NA,NA,Result: did not finishGrid:,did not finishGrid:,not_finished,NA,NA,NA,NA,https://www.racingsportscars.com/images/car_no_photo.png,https://www.racingsportscars.com/about.html#contrib,https://www.racingsportscars.com/make/photo/Porsche.html,https://www.racingsportscars.com/type/photo/Porsche/GT3.html,NA,NA
nurburgring,2001-05-27,249,BMW M3 - BMW,NA,N6,,Closed bodywork,Front-engined,Jean-Marie Dumont (L)/Thierry Chkondali (F)/Dominque Geraudel,NA,NA,NA,NA,NA,BMW,M3,NA,NA,Result: did not finishGrid:,did not finishGrid:,not_finished,NA,NA,NA,NA,https://www.racingsportscars.com/images/car_no_photo.png,https://www.racingsportscars.com/about.html#contrib,https://www.racingsportscars.com/make/photo/BMW.html,https://www.racingsportscars.com/type/photo/BMW/M3.html,NA,NA
nurburgring,2001-05-27,43,BMW M3 - BMW,NA,A6,,Closed bodywork,Front-engined,Volker Döffinger/Karlheinz Grüner (D)/Eugen Sing,NA,NA,NA,NA,NA,BMW,M3,NA,NA,Result: did not finishGrid:,did not finishGrid:,not_finished,NA,NA,NA,NA,https://www.racingsportscars.com/images/car_no_photo.png,https://www.racingsportscars.com/about.html#contrib,https://www.racingsportscars.com/make/photo/BMW.html,https://www.racingsportscars.com/type/photo/BMW/M3.html,NA,NA
nurburgring,2001-05-27,95,Ford Puma - Ford,NA,A3,Team Lauderbach Motorsport,-,-,Markus Leger/Thomas Rosenbach/Arno Schlisske/Hans Albert Schäfer,NA,NA,NA,NA,NA,Ford,Puma,NA,NA,Result: did not finishGrid:,did not finishGrid:,not_finished,NA,NA,NA,NA,https://www.racingsportscars.com/images/car_no_photo.png,https://www.racingsportscars.com/about.html#contrib,https://www.racingsportscars.com/make/photo/Ford.html,https://www.racingsportscars.com/type/photo/Ford/Puma.html,NA,NA
nurburgring,2001-05-27,12,Porsche GT3 - Porsche,NA,A6a,Jürgen Alzen Motorsport,-,-,Markus Hofbauer/Waldemar Hoffmann/Jan Frank/Jürgen Alzen (D),NA,NA,NA,NA,NA,Porsche,GT3,NA,NA,Result: did not finishGrid:,did not finishGrid:,not_finished,NA,NA,NA,NA,https://www.racingsportscars.com/images/car_no_photo.png,https://www.racingsportscars.com/about.html#contrib,https://www.racingsportscars.com/make/photo/Porsche.html,https://www.racingsportscars.com/type/photo/Porsche/GT3.html,NA,NA
nurburgring,2001-05-27,75,Ford Puma - Ford,NA,A3,Ford Bank Team Panhuis,-,-,Thomas Marschall/Michael Funke (D)/Arno Wester (D)/Martin Leach,NA,NA,NA,NA,NA,Ford,Puma,NA,NA,Result: did not finishGrid:,did not finishGrid:,not_finished,NA,NA,NA,NA,https://www.racingsportscars.com/images/car_no_photo.png,https://www.racingsportscars.com/about.html#contrib,https://www.racingsportscars.com/make/photo/Ford.html,https://www.racingsportscars.com/type/photo/Ford/Puma.html,NA,NA
nurburgring,2001-05-27,48,BMW Z3 M Coupé - BMW,NA,A6,,-,-,Rainer Dörr (D)/Karl-Willi Gödel/Gerhard Leffers/Friedhelm Tang,NA,NA,NA,NA,NA,BMW,Z3,M Coupé,NA,Result: did not finishGrid:,did not finishGrid:,not_finished,NA,NA,NA,NA,https://www.racingsportscars.com/images/car_no_photo.png,https://www.racingsportscars.com/about.html#contrib,https://www.racingsportscars.com/make/photo/BMW.html,https://www.racingsportscars.com/type/photo/BMW/Z3.html,https://www.racingsportscars.com/suffix/photo/BMW/Z3/M%20Coup%c3%a9.html,NA
nurburgring,2001-05-27,191,BMW M3 - BMW,NA,V4,,Closed bodywork,Front-engined,André Somberg/Ronny Steil/Holger Fuchs (D)/Holger Knudsen (DK),NA,NA,NA,NA,NA,BMW,M3,NA,NA,Result: did not finishGrid:,did not finishGrid:,not_finished,NA,NA,NA,NA,https://www.racingsportscars.com/images/car_no_photo.png,https://www.racingsportscars.com/about.html#contrib,https://www.racingsportscars.com/make/photo/BMW.html,https://www.racingsportscars.com/type/photo/BMW/M3.html,NA,NA
nurburgring,2001-05-27,2,Porsche GT3 - Porsche,NA,A6a,Porsche Zentrum Koblenz - Phoenix Racing,-,-,Timo Bernhard (D)/Christian Abt (D)/Jürgen von Gartzen (D)/Horst von Saurma,NA,NA,NA,NA,NA,Porsche,GT3,NA,NA,Result: did not finishGrid:,did not finishGrid:,not_finished,NA,NA,NA,NA,https://www.racingsportscars.com/images/car_no_photo.png,https://www.racingsportscars.com/about.html#contrib,https://www.racingsportscars.com/make/photo/Porsche.html,https://www.racingsportscars.com/type/photo/Porsche/GT3.html,NA,NA
nurburgring,2001-05-27,207,VW Polo - VW,NA,N2,,-,-,Michael Marsani/Michael Jung/Frank Brücken/Eberhard Katz,NA,NA,NA,NA,NA,VW,Polo,NA,NA,Result: did not finishGrid:,did not finishGrid:,not_finished,NA,NA,NA,NA,https://www.racingsportscars.com/images/car_no_photo.png,https://www.racingsportscars.com/about.html#contrib,https://www.racingsportscars.com/make/photo/VW.html,https://www.racingsportscars.com/type/photo/VW/Polo.html,NA,NA
nurburgring,2001-05-27,170,BMW 318 ti - BMW,NA,V2,,-,-,Max Kuypers/Reiner Bitzer/Thomas Dill,NA,NA,NA,NA,NA,BMW,318,ti,NA,Result: did not finishGrid:,did not finishGrid:,not_finished,NA,NA,NA,NA,https://www.racingsportscars.com/images/car_no_photo.png,https://www.racingsportscars.com/about.html#contrib,https://www.racingsportscars.com/make/photo/BMW.html,https://www.racingsportscars.com/type/photo/BMW/318.html,https://www.racingsportscars.com/suffix/photo/BMW/318/ti.html,NA
nurburgring,2001-05-27,59,BMW M3 Touring - BMW,NA,A5,,Closed bodywork,Front-engined,Jürgen Borss/Wilhelm Stollbrink/Andreas Hoff/Franz Schütte,NA,NA,NA,NA,NA,BMW,M3,Touring,NA,Result: did not finishGrid:,did not finishGrid:,not_finished,NA,NA,NA,NA,https://www.racingsportscars.com/images/car_no_photo.png,https://www.racingsportscars.com/about.html#contrib,https://www.racingsportscars.com/make/photo/BMW.html,https://www.racingsportscars.com/type/photo/BMW/M3.html,https://www.racingsportscars.com/suffix/photo/BMW/M3/Touring.html,NA
nurburgring,2001-05-27,94,Ford Puma - Ford,NA,A3,Team Lauderbach Motorsport,-,-,Ralf Martin (D)/Jürgen Rother/Stefan Neuberger (D)/Stephan Wölflick (D),NA,NA,NA,NA,NA,Ford,Puma,NA,NA,Result: did not finishGrid:,did not finishGrid:,not_finished,NA,NA,NA,NA,https://www.racingsportscars.com/images/car_no_photo.png,https://www.racingsportscars.com/about.html#contrib,https://www.racingsportscars.com/make/photo/Ford.html,https://www.racingsportscars.com/type/photo/Ford/Puma.html,NA,NA
nurburgring,2001-05-27,248,BMW M3 - BMW,NA,N6,Duller Motorsport,Closed bodywork,Front-engined,Olivier Tichy (A)/Vincent Vosse (B)/Gregor Fisken (GB)/Ian Donaldson (GB),NA,NA,NA,NA,NA,BMW,M3,NA,NA,Result: did not finishGrid:,did not finishGrid:,not_finished,NA,NA,NA,NA,https://www.racingsportscars.com/images/car_no_photo.png,https://www.racingsportscars.com/about.html#contrib,https://www.racingsportscars.com/make/photo/BMW.html,https://www.racingsportscars.com/type/photo/BMW/M3.html,NA,NA
nurburgring,2001-05-27,27,Porsche GT3 - Porsche,NA,A6a,Porsche Zentrum Essen - Grohs Motorsport,-,-,/Meinhard Rittmeier/Harald Grohs (D)/Arno Klasen (D)/Peter Scharmach (D),NA,NA,NA,NA,NA,Porsche,GT3,NA,NA,Result: did not finishGrid:,did not finishGrid:,not_finished,NA,NA,NA,NA,https://www.racingsportscars.com/images/car_no_photo.png,https://www.racingsportscars.com/about.html#contrib,https://www.racingsportscars.com/make/photo/Porsche.html,https://www.racingsportscars.com/type/photo/Porsche/GT3.html,NA,NA
nurburgring,2001-05-27,177,Opel Astra OPC - Opel,NA,V3,MSC Ruhr-Blitz-Bochum e. V. im ADAC,-,-,Franz Fabian/Timo Kluck (D)/Wolfgang Drabiniok (D)/Frank Stippler (D),NA,NA,NA,NA,NA,Opel,Astra,OPC,NA,Result: did not finishGrid:,did not finishGrid:,not_finished,NA,NA,NA,NA,https://www.racingsportscars.com/images/car_no_photo.png,https://www.racingsportscars.com/about.html#contrib,https://www.racingsportscars.com/make/photo/Opel.html,https://www.racingsportscars.com/type/photo/Opel/Astra.html,https://www.racingsportscars.com/suffix/photo/Opel/Astra/OPC.html,NA
nurburgring,2001-05-27,22,Nissan Skyline GT-R - Nissan,NA,A6a,Falken Motorsport,-,-,Greg Atkinson (GB)/Tim Atkinson/Christoph Unterhuber/Peter Kröber (D),NA,NA,NA,NA,NA,Nissan,Skyline GT-R,NA,NA,Result: did not finishGrid:,did not finishGrid:,not_finished,NA,NA,NA,NA,https://www.racingsportscars.com/images/car_no_photo.png,https://www.racingsportscars.com/about.html#contrib,https://www.racingsportscars.com/make/photo/Nissan.html,https://www.racingsportscars.com/type/photo/Nissan/Skyline%20GT-R.html,NA,NA
nurburgring,2001-05-27,198,BMW 318 is - BMW,NA,V2,,-,-,Manfred Werker/Bernd Haid/Peter Schüller/Bernhard Wagner (A),NA,NA,NA,NA,NA,BMW,318,is,NA,Result: did not finishGrid:,did not finishGrid:,not_finished,NA,NA,NA,NA,https://www.racingsportscars.com/images/car_no_photo.png,https://www.racingsportscars.com/about.html#contrib,https://www.racingsportscars.com/make/photo/BMW.html,https://www.racingsportscars.com/type/photo/BMW/318.html,https://www.racingsportscars.com/suffix/photo/BMW/318/is.html,NA
nurburgring,2001-05-27,45,Audi 200 quattro - Audi,NA,A6,Team Mintgen Motorsport,-,-,Dirk Riebensahm (D)/Christian Kohlhaas (D)/Franz-Rudolf Wilbert,NA,NA,NA,NA,NA,Audi,200,quattro,NA,Result: did not finishGrid:,did not finishGrid:,not_finished,NA,NA,NA,NA,https://www.racingsportscars.com/images/car_no_photo.png,https://www.racingsportscars.com/about.html#contrib,https://www.racingsportscars.com/make/photo/Audi.html,https://www.racingsportscars.com/type/photo/Audi/200.html,https://www.racingsportscars.com/suffix/photo/Audi/200/quattro.html,NA
nurburgring,2001-05-27,308,Renault Clio Diesel - Renault,NA,S1,,-,-,Franck Grossetéte/Philippe Géhin/Meik Utsch (D),NA,NA,NA,NA,NA,Renault,Clio,Diesel,NA,Result: did not finishGrid:,did not finishGrid:,not_finished,NA,NA,NA,NA,https://www.racingsportscars.com/images/car_no_photo.png,https://www.racingsportscars.com/about.html#contrib,https://www.racingsportscars.com/make/photo/Renault.html,https://www.racingsportscars.com/type/photo/Renault/Clio.html,https://www.racingsportscars.com/suffix/photo/Renault/Clio/Diesel.html,NA
nurburgring,2001-05-27,34,Chrysler Viper GTS-R #C36 - Chrysler V10/90° 2v OHV 7986 cc N/A,NA,A7,Zakspeed Motorsport (D),Closed bodywork,Front-engined,Markus Großmann (D)/Frank Stippler (D)/Franz Fabian/Timo Kluck (D),NA,NA,NA,NA,NA,Chrysler,Viper,GTS-R,#C36,Result: did not finishGrid:,did not finishGrid:,not_finished,NA,NA,NA,NA,https://www.racingsportscars.com/images/car_no_photo.png,https://www.racingsportscars.com/about.html#contrib,https://www.racingsportscars.com/make/photo/Chrysler.html,https://www.racingsportscars.com/type/photo/Chrysler/Viper.html,https://www.racingsportscars.com/suffix/photo/Chrysler/Viper/GTS-R.html,https://www.racingsportscars.com/chassis/photo/GTSR-C36.html
nurburgring,2001-05-27,178,Opel Astra GSi - Opel,NA,V3,MSC Ruhr-Blitz-Bochum e. V. im ADAC,-,-,Joachim Seeber/Harald Müller (D)/Armin Eckl/Josef Leinfelder,NA,NA,NA,NA,NA,Opel,Astra,GSi,NA,Result: did not finishGrid:,did not finishGrid:,not_finished,NA,NA,NA,NA,https://www.racingsportscars.com/images/car_no_photo.png,https://www.racingsportscars.com/about.html#contrib,https://www.racingsportscars.com/make/photo/Opel.html,https://www.racingsportscars.com/type/photo/Opel/Astra.html,https://www.racingsportscars.com/suffix/photo/Opel/Astra/GSi.html,NA
nurburgring,2001-05-27,189,Mercedes-Benz 190 E 2.3-16 - Mercedes-Benz L4 4v 2323 cc N/A,NA,V4,,Closed bodywork,Front-engined,Dirk Roth (D)/Bernd Küpper (D)/Andreas Schettler (D),NA,NA,NA,NA,NA,Mercedes-Benz,190 E,2.3-16,NA,Result: did not finishGrid:,did not finishGrid:,not_finished,NA,NA,NA,NA,https://www.racingsportscars.com/images/car_no_photo.png,https://www.racingsportscars.com/about.html#contrib,https://www.racingsportscars.com/make/photo/Mercedes-Benz.html,https://www.racingsportscars.com/type/photo/Mercedes-Benz/190%20E.html,https://www.racingsportscars.com/suffix/photo/Mercedes-Benz/190%20E/2.3-16.html,NA
nurburgring,2001-05-27,52,Saab 9-3 Turbo - Saab Turbo,NA,A6,,-,-,Joakim Thörjesson/Peter Wallenberg (S)/Hans Simonsson,NA,NA,NA,NA,NA,Saab,9-3,Turbo,NA,Result: did not finishGrid:,did not finishGrid:,not_finished,NA,NA,NA,NA,https://www.racingsportscars.com/images/car_no_photo.png,https://www.racingsportscars.com/about.html#contrib,https://www.racingsportscars.com/make/photo/Saab.html,https://www.racingsportscars.com/type/photo/Saab/9-3.html,https://www.racingsportscars.com/suffix/photo/Saab/9-3/Turbo.html,NA
nurburgring,2001-05-27,58,BMW M3 - BMW,NA,A5,,Closed bodywork,Front-engined,Willi Obermann (D)/Peter Obermann (D)/Hermann Tilke (D)/Jörg Obermann (D),NA,NA,NA,NA,NA,BMW,M3,NA,NA,Result: did not finishGrid:,did not finishGrid:,not_finished,NA,NA,NA,NA,https://www.racingsportscars.com/images/car_no_photo.png,https://www.racingsportscars.com/about.html#contrib,https://www.racingsportscars.com/make/photo/BMW.html,https://www.racingsportscars.com/type/photo/BMW/M3.html,NA,NA
nurburgring,2001-05-27,41,BMW M3 - BMW,NA,A6,,Closed bodywork,Front-engined,Michael Bäder/Tobias Hagenmeyer (D)/Reinhard Schall (D)/Ralf Schall (D),NA,NA,NA,NA,NA,BMW,M3,NA,NA,Result: did not finishGrid:,did not finishGrid:,not_finished,NA,NA,NA,NA,https://www.racingsportscars.com/images/car_no_photo.png,https://www.racingsportscars.com/about.html#contrib,https://www.racingsportscars.com/make/photo/BMW.html,https://www.racingsportscars.com/type/photo/BMW/M3.html,NA,NA
nurburgring,2001-05-27,116,BMW M3 - BMW,NA,A3,Motopark Oschersleben,Closed bodywork,Front-engined,Torsten Schubert (D)/Ralph Bohnhorst/Friedrich Wegerer (A),NA,NA,NA,NA,NA,BMW,M3,NA,NA,Result: did not finishGrid:,did not finishGrid:,not_finished,NA,NA,NA,NA,https://www.racingsportscars.com/images/car_no_photo.png,https://www.racingsportscars.com/about.html#contrib,https://www.racingsportscars.com/make/photo/BMW.html,https://www.racingsportscars.com/type/photo/BMW/M3.html,NA,NA
nurburgring,2001-05-27,107,VW Golf Kit Car - VW,NA,A3,H&R Spezialfedern GmbH,-,-,Michael Dernedde/Florian Billen/Heinz Remmen/Klaus-Peter Thaler,NA,NA,NA,NA,NA,VW,Golf,Kit Car,NA,Result: did not finishGrid:,did not finishGrid:,not_finished,NA,NA,NA,NA,https://www.racingsportscars.com/images/car_no_photo.png,https://www.racingsportscars.com/about.html#contrib,https://www.racingsportscars.com/make/photo/VW.html,https://www.racingsportscars.com/type/photo/VW/Golf.html,https://www.racingsportscars.com/suffix/photo/VW/Golf/Kit%20Car.html,NA
nurburgring,2001-05-27,4,Porsche 911 - Porsche,NA,A6a,,-,Rear-engined,Oliver Imfeld/Alfred Dierlamm/Alexander Zinn/Michael Schratz (D),NA,NA,NA,NA,NA,Porsche,911,NA,NA,Result: did not finishGrid:,did not finishGrid:,not_finished,NA,NA,NA,NA,https://www.racingsportscars.com/images/car_no_photo.png,https://www.racingsportscars.com/about.html#contrib,https://www.racingsportscars.com/make/photo/Porsche.html,https://www.racingsportscars.com/type/photo/Porsche/911.html,NA,NA
nurburgring,2001-05-27,6,Porsche 911 - Porsche,NA,A6a,Manthey Racing GmbH,-,Rear-engined,Michael Eschmann (D)/Paul Hulverscheid (D)/Günter Döbler (D)/Patrick Spadacini (F),NA,NA,NA,NA,NA,Porsche,911,NA,NA,Result: did not finishGrid:,did not finishGrid:,not_finished,NA,NA,NA,NA,https://www.racingsportscars.com/images/car_no_photo.png,https://www.racingsportscars.com/about.html#contrib,https://www.racingsportscars.com/make/photo/Porsche.html,https://www.racingsportscars.com/type/photo/Porsche/911.html,NA,NA
nurburgring,2001-05-27,71,BMW M3 - BMW,NA,A4,Motorsportclub Nürnberg,Closed bodywork,Front-engined,Jeff Wyatt (GB)/Andreas Schulz/Denis Cribbin,NA,NA,NA,NA,NA,BMW,M3,NA,NA,Result: did not finishGrid:,did not finishGrid:,not_finished,NA,NA,NA,NA,https://www.racingsportscars.com/images/car_no_photo.png,https://www.racingsportscars.com/about.html#contrib,https://www.racingsportscars.com/make/photo/BMW.html,https://www.racingsportscars.com/type/photo/BMW/M3.html,NA,NA
nurburgring,2001-05-27,7,Porsche GT3 - Porsche,NA,A6a,Manthey Racing GmbH,-,-,Wilhelm-Dieter Kern/Axel Rohr (D)/Robert Nearn (GB)/Marc Gindorf (D),NA,NA,NA,NA,NA,Porsche,GT3,NA,NA,Result: did not finishGrid:,did not finishGrid:,not_finished,NA,NA,NA,NA,https://www.racingsportscars.com/images/car_no_photo.png,https://www.racingsportscars.com/about.html#contrib,https://www.racingsportscars.com/make/photo/Porsche.html,https://www.racingsportscars.com/type/photo/Porsche/GT3.html,NA,NA
nurburgring,2001-05-27,180,Opel Kadett GSi - Opel,NA,V3,Scuderia Augustusburg Brühl e. V. im ADAC,Closed bodywork,Front-engined,Thomas Kessel/Thomas Franken/Rainer Schilling/Uwe Reher,NA,NA,NA,NA,NA,Opel,Kadett,GSi,NA,Result: did not finishGrid:,did not finishGrid:,not_finished,NA,NA,NA,NA,https://www.racingsportscars.com/images/car_no_photo.png,https://www.racingsportscars.com/about.html#contrib,https://www.racingsportscars.com/make/photo/Opel.html,https://www.racingsportscars.com/type/photo/Opel/Kadett.html,https://www.racingsportscars.com/suffix/photo/Opel/Kadett/GSi.html,NA
nurburgring,2001-05-27,245,Nissan Skyline GT-R - Nissan,NA,N6,,-,-,Peter Morss (GB)/Paul Michael (B)/Anthony Swan,NA,NA,NA,NA,NA,Nissan,Skyline GT-R,NA,NA,Result: did not finishGrid:,did not finishGrid:,not_finished,NA,NA,NA,NA,https://www.racingsportscars.com/images/car_no_photo.png,https://www.racingsportscars.com/about.html#contrib,https://www.racingsportscars.com/make/photo/Nissan.html,https://www.racingsportscars.com/type/photo/Nissan/Skyline%20GT-R.html,NA,NA
nurburgring,2001-05-27,247,BMW M3 - BMW,NA,N6,Duller Motorsport,Closed bodywork,Front-engined,Pierre de Thoisy (F)/Denis Cohignac (F)/Bernard Castagné (F),NA,NA,NA,NA,NA,BMW,M3,NA,NA,Result: did not finishGrid:,did not finishGrid:,not_finished,NA,NA,NA,NA,https://www.racingsportscars.com/images/car_no_photo.png,https://www.racingsportscars.com/about.html#contrib,https://www.racingsportscars.com/make/photo/BMW.html,https://www.racingsportscars.com/type/photo/BMW/M3.html,NA,NA
nurburgring,2001-05-27,61,BMW M3 - BMW,NA,A5,RG Bergisch Gladbach e. V. im ADAC,Closed bodywork,Front-engined,Fritz Möller (D)/Werner Felder (D)/Franz-Rudolf Wilbert/Georg Berlandy (D),NA,NA,NA,NA,NA,BMW,M3,NA,NA,Result: did not finishGrid:,did not finishGrid:,not_finished,NA,NA,NA,NA,https://www.racingsportscars.com/images/car_no_photo.png,https://www.racingsportscars.com/about.html#contrib,https://www.racingsportscars.com/make/photo/BMW.html,https://www.racingsportscars.com/type/photo/BMW/M3.html,NA,NA
nurburgring,2001-05-27,164,Honda Accord Type R - Honda,NA,A11,,-,-,Thomas Stoltz/Gunnar Hermann/Mark Littlejohn/Rainer von Klier,NA,NA,NA,NA,NA,Honda,Accord,Type R,NA,Result: did not finishGrid:,did not finishGrid:,not_finished,NA,NA,NA,NA,https://www.racingsportscars.com/images/car_no_photo.png,https://www.racingsportscars.com/about.html#contrib,https://www.racingsportscars.com/make/photo/Honda.html,https://www.racingsportscars.com/type/photo/Honda/Accord.html,https://www.racingsportscars.com/suffix/photo/Honda/Accord/Type%20R.html,NA
nurburgring,2001-05-27,197,BMW M3 GT - BMW,NA,V5,,Closed bodywork,Front-engined,Gerhard Leffers/Christopher Blatzheim/Helmut Bolz (D)/Friedhelm Tang,NA,NA,NA,NA,NA,BMW,M3,GT,NA,Result: did not finishGrid:,did not finishGrid:,not_finished,NA,NA,NA,NA,https://www.racingsportscars.com/images/car_no_photo.png,https://www.racingsportscars.com/about.html#contrib,https://www.racingsportscars.com/make/photo/BMW.html,https://www.racingsportscars.com/type/photo/BMW/M3.html,https://www.racingsportscars.com/suffix/photo/BMW/M3/GT.html,NA
nurburgring,2001-05-27,87,Opel Astra - Opel,NA,A3,SFG Schönau e. V. im ADAC,-,-,Christoph Stoll/Marcus Breuer/Michael Clemens/Thomas Lennackers (D),NA,NA,NA,NA,NA,Opel,Astra,NA,NA,Result: did not finishGrid:,did not finishGrid:,not_finished,NA,NA,NA,NA,https://www.racingsportscars.com/images/car_no_photo.png,https://www.racingsportscars.com/about.html#contrib,https://www.racingsportscars.com/make/photo/Opel.html,https://www.racingsportscars.com/type/photo/Opel/Astra.html,NA,NA
nurburgring,2001-05-27,14,Nissan Skyline GT-R - Nissan,NA,A6a,Moore International Motorsport,-,-,Willie Moore (GB)/Dave Cox (GB)/Johannes Paczynski (D)/Andy Middlehurst (GB),NA,NA,NA,NA,NA,Nissan,Skyline GT-R,NA,NA,Result: did not finishGrid:,did not finishGrid:,not_finished,NA,NA,NA,NA,https://www.racingsportscars.com/images/car_no_photo.png,https://www.racingsportscars.com/about.html#contrib,https://www.racingsportscars.com/make/photo/Nissan.html,https://www.racingsportscars.com/type/photo/Nissan/Skyline%20GT-R.html,NA,NA
nurburgring,2001-05-27,47,Wiesmann Roadster,NA,A6,,-,-,Alfred Wolfsgruber/Michael Gehring/Joachim Kiesch (D)/Daniel Pfrommer,NA,NA,NA,NA,NA,Wiesmann,Roadster,NA,NA,Result: did not finishGrid:,did not finishGrid:,not_finished,NA,NA,NA,NA,https://www.racingsportscars.com/images/car_no_photo.png,https://www.racingsportscars.com/about.html#contrib,https://www.racingsportscars.com/make/photo/Wiesmann.html,https://www.racingsportscars.com/type/photo/Wiesmann/Roadster.html,NA,NA
nurburgring,2001-05-27,5,Porsche GT3 - Porsche,NA,A6a,,-,-,Michael Schratz (D)/Achim Berg (D)/Raffaele Sangiuolo (I)/Ralf Dörner,NA,NA,NA,NA,NA,Porsche,GT3,NA,NA,Result: did not finishGrid:,did not finishGrid:,not_finished,NA,NA,NA,NA,https://www.racingsportscars.com/images/car_no_photo.png,https://www.racingsportscars.com/about.html#contrib,https://www.racingsportscars.com/make/photo/Porsche.html,https://www.racingsportscars.com/type/photo/Porsche/GT3.html,NA,NA
nurburgring,2001-05-27,241,BMW M3 - BMW,NA,N5,,Closed bodywork,Front-engined,Thomas Hellmich/Rüdiger Klos/Miro Konôpka (SK)/Andrej Studenic (SK),NA,NA,NA,NA,NA,BMW,M3,NA,NA,Result: did not finishGrid:,did not finishGrid:,not_finished,NA,NA,NA,NA,https://www.racingsportscars.com/images/car_no_photo.png,https://www.racingsportscars.com/about.html#contrib,https://www.racingsportscars.com/make/photo/BMW.html,https://www.racingsportscars.com/type/photo/BMW/M3.html,NA,NA
nurburgring,2001-05-27,49,Mercedes-Benz 190 E 3.2 - Mercedes-Benz N/A,NA,A6,,Closed bodywork,Front-engined,Veit Aremary/Bernd Schmitt/Jochen Wilms/Hein Brand,NA,NA,NA,NA,NA,Mercedes-Benz,190 E,3.2,NA,Result: did not finishGrid:,did not finishGrid:,not_finished,NA,NA,NA,NA,https://www.racingsportscars.com/images/car_no_photo.png,https://www.racingsportscars.com/about.html#contrib,https://www.racingsportscars.com/make/photo/Mercedes-Benz.html,https://www.racingsportscars.com/type/photo/Mercedes-Benz/190%20E.html,https://www.racingsportscars.com/suffix/photo/Mercedes-Benz/190%20E/3.2.html,NA
nurburgring,2001-05-27,89,Ford Focus - Ford,NA,A3,,-,-,Michael Funke (D)/Roland Asch (D)/Marc Simon (D)/Martin Leach,NA,NA,NA,NA,NA,Ford,Focus,NA,NA,Result: did not finishGrid:,did not finishGrid:,not_finished,NA,NA,NA,NA,https://www.racingsportscars.com/images/car_no_photo.png,https://www.racingsportscars.com/about.html#contrib,https://www.racingsportscars.com/make/photo/Ford.html,https://www.racingsportscars.com/type/photo/Ford/Focus.html,NA,NA
nurburgring,2001-05-27,77,Honda NSX - Honda,NA,A5,,-,-,Klaus Niedzwiedz (D)/Karl Wendlinger (A)/Armin Hahne (D)/Marc Duez (B),NA,NA,NA,NA,NA,Honda,NSX,NA,NA,Result: did not finishGrid:,did not finishGrid:,not_finished,NA,NA,NA,NA,https://www.racingsportscars.com/images/car_no_photo.png,https://www.racingsportscars.com/about.html#contrib,https://www.racingsportscars.com/make/photo/Honda.html,https://www.racingsportscars.com/type/photo/Honda/NSX.html,NA,NA
nurburgring,2001-05-27,98,BMW 320i - BMW,NA,A3,,Closed bodywork,Front-engined,Mirko Struck/Oliver Struck/Marc Hessel,NA,NA,NA,NA,NA,BMW,320i,NA,NA,Result: did not finishGrid:,did not finishGrid:,not_finished,NA,NA,NA,NA,https://www.racingsportscars.com/images/car_no_photo.png,https://www.racingsportscars.com/about.html#contrib,https://www.racingsportscars.com/make/photo/BMW.html,https://www.racingsportscars.com/type/photo/BMW/320i.html,NA,NA
nurburgring,2001-05-27,307,Audi TT - Audi,NA,S1,,Closed bodywork,Mid-engined,Albert Geza/Roland Reschka/Olaf van der Vegt/Frank Grooz,NA,NA,NA,NA,NA,Audi,TT,NA,NA,Result: did not finishGrid:,did not finishGrid:,not_finished,NA,NA,NA,NA,https://www.racingsportscars.com/images/car_no_photo.png,https://www.racingsportscars.com/about.html#contrib,https://www.racingsportscars.com/make/photo/Audi.html,https://www.racingsportscars.com/type/photo/Audi/TT.html,NA,NA
nurburgring,2001-05-27,224,Alfa Romeo 156 - Alfa Romeo,NA,N3,Scuderia Del Portello Alfa Romeo,-,-,"Chris Naues/Andreas Wollschläger/""Pedro Passyutu""/Jörg Demandt",NA,NA,NA,NA,NA,Alfa Romeo,156,NA,NA,Result: did not finishGrid:,did not finishGrid:,not_finished,NA,NA,NA,NA,https://www.racingsportscars.com/images/car_no_photo.png,https://www.racingsportscars.com/about.html#contrib,https://www.racingsportscars.com/make/photo/Alfa%20Romeo.html,https://www.racingsportscars.com/type/photo/Alfa%20Romeo/156.html,NA,NA
nurburgring,2001-05-27,119,Citroën Saxo Kit Car - Citroën,NA,A2,,-,-,Jürgen Meyer (D)/Martin Tschornia (D)/Ralf Goral (D)/Robert Römer,NA,NA,NA,NA,NA,Citroën,Saxo,Kit Car,NA,Result: did not finishGrid:,did not finishGrid:,not_finished,NA,NA,NA,NA,https://www.racingsportscars.com/images/car_no_photo.png,https://www.racingsportscars.com/about.html#contrib,https://www.racingsportscars.com/make/photo/Citro%c3%abn.html,https://www.racingsportscars.com/type/photo/Citro%c3%abn/Saxo.html,https://www.racingsportscars.com/suffix/photo/Citro%c3%abn/Saxo/Kit%20Car.html,NA
nurburgring,2001-05-27,120,Honda Civic - Honda,NA,A2,Hohenloher Motorsport Club Öhringen,-,-,Eckhard Bihlmaier/Fritz Zentler/Uli Kübler,NA,NA,NA,NA,NA,Honda,Civic,NA,NA,Result: did not finishGrid:,did not finishGrid:,not_finished,NA,NA,NA,NA,https://www.racingsportscars.com/images/car_no_photo.png,https://www.racingsportscars.com/about.html#contrib,https://www.racingsportscars.com/make/photo/Honda.html,https://www.racingsportscars.com/type/photo/Honda/Civic.html,NA,NA
nurburgring,2001-05-27,246,BMW Z3 Roadster - BMW,NA,N6,AC München e. V. im ADAC,-,-,Dieter Steinlein (D)/Manfred Anspann (D)/Hermann Mitch/Uwe Springer,NA,NA,NA,NA,NA,BMW,Z3,Roadster,NA,Result: did not finishGrid:,did not finishGrid:,not_finished,NA,NA,NA,NA,https://www.racingsportscars.com/images/car_no_photo.png,https://www.racingsportscars.com/about.html#contrib,https://www.racingsportscars.com/make/photo/BMW.html,https://www.racingsportscars.com/type/photo/BMW/Z3.html,https://www.racingsportscars.com/suffix/photo/BMW/Z3/Roadster.html,NA
nurburgring,2001-05-27,114,Alfa Romeo 147 - Alfa Romeo,NA,A3,,-,-,Emilio Melloni (I)/Tony Ring (S)/Johannes Offergeld/Marco Graziano,NA,NA,NA,NA,NA,Alfa Romeo,147,NA,NA,Result: did not finishGrid:,did not finishGrid:,not_finished,NA,NA,NA,NA,https://www.racingsportscars.com/images/car_no_photo.png,https://www.racingsportscars.com/about.html#contrib,https://www.racingsportscars.com/make/photo/Alfa%20Romeo.html,https://www.racingsportscars.com/type/photo/Alfa%20Romeo/147.html,NA,NA
nurburgring,2001-05-27,154,Honda Civic SiR - Honda,NA,A2,,-,-,Haakon Schjärin (N)/John Skala-Lund/Thor-Christian Ebbesvik (N)/Roger Sandberg (N),NA,NA,NA,NA,NA,Honda,Civic,SiR,NA,Result: did not finishGrid:,did not finishGrid:,not_finished,NA,NA,NA,NA,https://www.racingsportscars.com/images/car_no_photo.png,https://www.racingsportscars.com/about.html#contrib,https://www.racingsportscars.com/make/photo/Honda.html,https://www.racingsportscars.com/type/photo/Honda/Civic.html,https://www.racingsportscars.com/suffix/photo/Honda/Civic/SiR.html,NA
nurburgring,2001-05-27,90,Mazda MX-5 - Mazda,NA,A3,,-,-,Jürgen Zerha (D)/Alexander Furiani/Lothar Sausemuth,NA,NA,NA,NA,NA,Mazda,MX-5,NA,NA,Result: did not finishGrid:,did not finishGrid:,not_finished,NA,NA,NA,NA,https://www.racingsportscars.com/images/car_no_photo.png,https://www.racingsportscars.com/about.html#contrib,https://www.racingsportscars.com/make/photo/Mazda.html,https://www.racingsportscars.com/type/photo/Mazda/MX-5.html,NA,NA
nurburgring,2001-05-27,57,Saab 9-3 Turbo - Saab Turbo,NA,A5,,-,-,Nico Gasparatos/Rolf Uhr/Peter Sunfeldt/Ralf Hogsten,NA,NA,NA,NA,NA,Saab,9-3,Turbo,NA,Result: did not finishGrid:,did not finishGrid:,not_finished,NA,NA,NA,NA,https://www.racingsportscars.com/images/car_no_photo.png,https://www.racingsportscars.com/about.html#contrib,https://www.racingsportscars.com/make/photo/Saab.html,https://www.racingsportscars.com/type/photo/Saab/9-3.html,https://www.racingsportscars.com/suffix/photo/Saab/9-3/Turbo.html,NA
