track,date,number,car_title,result,group,entrant,bodywork,engine,drivers,sponsor,colour,tyre,updated,contributor,make,model,suffix,chassis,result_raw,result_txt,result_status,grid,grid_time,finish_gap,dnf_reason,thumb_url,photo_url,make_url,model_url,suffix_url,chassis_url
nurburgring,2004-06-13,42,BMW M3 E46 GTR - BMW V8 N/A,1,E1,BMW Motorsport (D),Closed bodywork,Front-engined,Dirk Müller (D)/Jörg Müller (D)/Hans-Joachim Stuck (D)/Pedro Lamy (P),SIEMENS VDO,white/blue (+red),Michelin,27/04/2024,Udo Klinkel,BMW,M3,E46 GTR,NA,Result: winner - (145.208 kph) - margin: 1 lapGrid: 4th (8:32.0620),winner - (145.208 kph) - margin: 1 lapGrid: 4th (8:32.0620),finished,4,8:32.0620,145.208 kph,NA,https://www.racingsportscars.com/tn/photo/2004/TN_Nurburgring-2004-06-13-042.jpg,https://www.racingsportscars.com/photo/2004/Nurburgring-2004-06-13-042.jpg,https://www.racingsportscars.com/make/photo/BMW.html,https://www.racingsportscars.com/type/photo/BMW/M3.html,https://www.racingsportscars.com/suffix/photo/BMW/M3/E46%20GTR.html,NA
nurburgring,2004-06-13,43,BMW M3 E46 GTR - BMW V8 N/A,2,E1,BMW Motorsport (D),Closed bodywork,Front-engined,Pedro Lamy (P)/Boris Said (USA)/Duncan Huisman (NL)/Hans-Joachim Stuck (D),SIEMENS VDO,white/blue (+red),Michelin,27/04/2024,Udo Klinkel,BMW,M3,E46 GTR,NA,Result: 2nd (1 lap behind the winner)Grid: 10th (8:43.5590),2nd (1 lap behind the winner)Grid: 10th (8:43.5590),finished,10,8:43.5590,1 lap behind the winner,NA,https://www.racingsportscars.com/tn/photo/2004/TN_Nurburgring-2004-06-13-043.jpg,https://www.racingsportscars.com/photo/2004/Nurburgring-2004-06-13-043.jpg,https://www.racingsportscars.com/make/photo/BMW.html,https://www.racingsportscars.com/type/photo/BMW/M3.html,https://www.racingsportscars.com/suffix/photo/BMW/M3/E46%20GTR.html,NA
nurburgring,2004-06-13,46,Porsche 996 GT3 MR #WP0ZZZ99Z3S692071 - Porsche F6 4v DOHC N/A,3,A7,Manthey-Racing,Closed bodywork,Rear-engined,Lucas Luhr (D)/Arno Klasen (D)/Timo Bernhard (D)/Olaf Manthey (D),ASL/ratioparts,white (+yellow),Dunlop,27/04/2024,Udo Klinkel,Porsche,996 GT3,MR,#WP0ZZZ99Z3S692071,Result: 3rd 1st in A7 (2 laps behind the winner)Grid: 6th (8:34.7540),3rd 1st in A7 (2 laps behind the winner)Grid: 6th (8:34.7540),finished,6,8:34.7540,2 laps behind the winner,NA,https://www.racingsportscars.com/tn/photo/2004/TN_Nurburgring-2004-06-13-046.jpg,https://www.racingsportscars.com/photo/2004/Nurburgring-2004-06-13-046.jpg,https://www.racingsportscars.com/make/photo/Porsche.html,https://www.racingsportscars.com/type/photo/Porsche/996%20GT3.html,https://www.racingsportscars.com/suffix/photo/Porsche/996%20GT3/MR.html,https://www.racingsportscars.com/chassis/photo/WP0ZZZ99Z3S692071.html
nurburgring,2004-06-13,8,Audi TT-R Abt - Audi,4,E1,Infineon Team Abt Sportsline,Closed bodywork,Mid-engined,Patrick Huisman (NL)/Frank Stippler (D)/Karl Wendlinger (A)/Christian Abt (D),AUDI Original Teile/S line/RECARO,beige/red,Michelin,27/04/2024,Udo Klinkel,Audi,TT,-R Abt,NA,Result: 4th (3 laps behind the winner)Grid: 3rd (8:30.5760),4th (3 laps behind the winner)Grid: 3rd (8:30.5760),finished,3,8:30.5760,3 laps behind the winner,NA,https://www.racingsportscars.com/tn/photo/2004/TN_Nurburgring-2004-06-13-008.jpg,https://www.racingsportscars.com/photo/2004/Nurburgring-2004-06-13-008.jpg,https://www.racingsportscars.com/make/photo/Audi.html,https://www.racingsportscars.com/type/photo/Audi/TT.html,https://www.racingsportscars.com/suffix/photo/Audi/TT/-R%20Abt.html,NA
nurburgring,2004-06-13,44,Nissan Skyline GT-R - Nissan,5,A8,Falken Motorsports,Closed bodywork,Front-engined,/Dirk Schoysman (B)/Roland Asch (D)/Takayuki Kinoshita (J)/Tetsuya Tanaka (J),FALKEN/RECARO/NISSAN,green/blue,Falken,27/04/2024,Udo Klinkel,Nissan,Skyline GT-R,NA,NA,Result: 5th 1st in A8 (8 laps behind the winner)Grid: 12th (8:45.3130),5th 1st in A8 (8 laps behind the winner)Grid: 12th (8:45.3130),finished,12,8:45.3130,8 laps behind the winner,NA,https://www.racingsportscars.com/tn/photo/2004/TN_Nurburgring-2004-06-13-044.jpg,https://www.racingsportscars.com/photo/2004/Nurburgring-2004-06-13-044.jpg,https://www.racingsportscars.com/make/photo/Nissan.html,https://www.racingsportscars.com/type/photo/Nissan/Skyline%20GT-R.html,NA,NA
nurburgring,2004-06-13,85,Porsche 996 GT3 - Porsche F6 4v DOHC N/A,6,A7,Recaro-Raeder Motorsport,Closed bodywork,Rear-engined,Thomas Jäger (D)/Frank Schmickler (A)/Jonathan Price (GB),KEIPER/RECARO,red/blue (+black),Dunlop,27/04/2024,Udo Klinkel,Porsche,996 GT3,NA,NA,Result: 6th (10 laps behind the winner)Grid: 17th (8:57.1520),6th (10 laps behind the winner)Grid: 17th (8:57.1520),finished,17,8:57.1520,10 laps behind the winner,NA,https://www.racingsportscars.com/tn/photo/2004/TN_Nurburgring-2004-06-13-085.jpg,https://www.racingsportscars.com/photo/2004/Nurburgring-2004-06-13-085.jpg,https://www.racingsportscars.com/make/photo/Porsche.html,https://www.racingsportscars.com/type/photo/Porsche/996%20GT3.html,NA,NA
nurburgring,2004-06-13,34,Porsche 996 GT3 Cup - Porsche F6 4v DOHC N/A,7,A7,,Closed bodywork,Rear-engined,Jörg Otto (D)/Georg Weiss (D)/Arthur Erkes (D)/Thomas Zinnow (D),NA,NA,NA,NA,NA,Porsche,996 GT3 Cup,NA,NA,Result: 7th (12 laps behind the winner)Grid: 24th (9:13.2610),7th (12 laps behind the winner)Grid: 24th (9:13.2610),finished,24,9:13.2610,12 laps behind the winner,NA,https://www.racingsportscars.com/images/car_no_photo.png,https://www.racingsportscars.com/about.html#contrib,https://www.racingsportscars.com/make/photo/Porsche.html,https://www.racingsportscars.com/type/photo/Porsche/996%20GT3%20Cup.html,NA,NA
nurburgring,2004-06-13,7,Audi TT-R Abt - Audi,8,E1,Infineon Team Abt Sportsline,Closed bodywork,Mid-engined,Christian Abt (D)/Mattias Ekström (S)/Fredrik Ekblom (S)/Patrick Huisman (NL),AUDI Original Teile,beige/red,Michelin,27/04/2024,Udo Klinkel,Audi,TT,-R Abt,NA,Result: 8th (12 laps behind the winner)Grid: 5th (8:32.9070),8th (12 laps behind the winner)Grid: 5th (8:32.9070),finished,5,8:32.9070,12 laps behind the winner,NA,https://www.racingsportscars.com/tn/photo/2004/TN_Nurburgring-2004-06-13-007.jpg,https://www.racingsportscars.com/photo/2004/Nurburgring-2004-06-13-007.jpg,https://www.racingsportscars.com/make/photo/Audi.html,https://www.racingsportscars.com/type/photo/Audi/TT.html,https://www.racingsportscars.com/suffix/photo/Audi/TT/-R%20Abt.html,NA
nurburgring,2004-06-13,22,BMW M3 - BMW,9,A6,,Closed bodywork,Front-engined,Alfred Wolfsgruber/Joachim Kiesch (D)/Michael Tischner (D)/Matthias Tischner (D),NA,NA,NA,NA,NA,BMW,M3,NA,NA,Result: 9th 1st in A6 (14 laps behind the winner)Grid: 30th (9:20.2890),9th 1st in A6 (14 laps behind the winner)Grid: 30th (9:20.2890),finished,30,9:20.2890,14 laps behind the winner,NA,https://www.racingsportscars.com/images/car_no_photo.png,https://www.racingsportscars.com/about.html#contrib,https://www.racingsportscars.com/make/photo/BMW.html,https://www.racingsportscars.com/type/photo/BMW/M3.html,NA,NA
nurburgring,2004-06-13,1,Opel Astra V8 Coupé - Opel V8,10,E1,OPC Team Phoenix,Closed bodywork,-,Manuel Reuter (D)/Timo Scheider (D)/Volker Strycek (D)/Marcel Tiemann (D),Opel Frisches Denken für bessere Autos/OPEL,yellow (+white/black),Michelin,27/04/2024,Udo Klinkel,Opel,Astra,V8 Coupé,NA,Result: 10th (14 laps behind the winner)Grid: 7th (8:37.0340),10th (14 laps behind the winner)Grid: 7th (8:37.0340),finished,7,8:37.0340,14 laps behind the winner,NA,https://www.racingsportscars.com/tn/photo/2004/TN_Nurburgring-2004-06-13-001.jpg,https://www.racingsportscars.com/photo/2004/Nurburgring-2004-06-13-001.jpg,https://www.racingsportscars.com/make/photo/Opel.html,https://www.racingsportscars.com/type/photo/Opel/Astra.html,https://www.racingsportscars.com/suffix/photo/Opel/Astra/V8%20Coup%c3%a9.html,NA
nurburgring,2004-06-13,32,Porsche 996 GT3-RS - Porsche,11,A7,Scuderia Offenbach,Closed bodywork,Rear-engined,Matthias Weiland (D)/Bunny Bugs/Oliver Mayer (D),NGK,white/red,Dunlop,27/04/2024,Udo Klinkel,Porsche,996 GT3-RS,NA,NA,Result: 11th (15 laps behind the winner)Grid: 43rd (9:34.3150),11th (15 laps behind the winner)Grid: 43rd (9:34.3150),finished,43,9:34.3150,15 laps behind the winner,NA,https://www.racingsportscars.com/tn/photo/2004/TN_Nurburgring-2004-06-13-032.jpg,https://www.racingsportscars.com/photo/2004/Nurburgring-2004-06-13-032.jpg,https://www.racingsportscars.com/make/photo/Porsche.html,https://www.racingsportscars.com/type/photo/Porsche/996%20GT3-RS.html,NA,NA
nurburgring,2004-06-13,106,Volvo S60 - Volvo,12,A4,Mühlner Motorsport Sprl.,Closed bodywork,-,Ullrich Andree (D)/Heinz-Josef Bermes (D)/Andy Middendorf (D)/Jörg Seidel (D),H&R/VOLVO AUTO BANK,silver/blue (+yellow),Dunlop,27/04/2024,Udo Klinkel,Volvo,S60,NA,NA,Result: 12th 1st in A4 (16 laps behind the winner)Grid: 44th (9:34.6900),12th 1st in A4 (16 laps behind the winner)Grid: 44th (9:34.6900),finished,44,9:34.6900,16 laps behind the winner,NA,https://www.racingsportscars.com/tn/photo/2004/TN_Nurburgring-2004-06-13-106.jpg,https://www.racingsportscars.com/photo/2004/Nurburgring-2004-06-13-106.jpg,https://www.racingsportscars.com/make/photo/Volvo.html,https://www.racingsportscars.com/type/photo/Volvo/S60.html,NA,NA
nurburgring,2004-06-13,40,Porsche 996 GT3 - Porsche F6 4v DOHC N/A,13,A7,,Closed bodywork,Rear-engined,Stefan Beil/Norbert Fischer (D)/Patrick Spadacini (F)/Paul Hulverscheid (D),NA,NA,NA,NA,NA,Porsche,996 GT3,NA,NA,Result: 13th (16 laps behind the winner)Grid: 29th (9:20.2220),13th (16 laps behind the winner)Grid: 29th (9:20.2220),finished,29,9:20.2220,16 laps behind the winner,NA,https://www.racingsportscars.com/images/car_no_photo.png,https://www.racingsportscars.com/about.html#contrib,https://www.racingsportscars.com/make/photo/Porsche.html,https://www.racingsportscars.com/type/photo/Porsche/996%20GT3.html,NA,NA
nurburgring,2004-06-13,134,Honda S2000 - Honda,14,A3,,-,-,Klaus Niedzwiedz (D)Stefan Schlesack (D)/Harald Jacksties (CH)/Andreas Mäder,NA,NA,NA,NA,NA,Honda,S2000,NA,NA,Result: 14th 1st in A3 (17 laps behind the winner)Grid: 61st (9:47.7660),14th 1st in A3 (17 laps behind the winner)Grid: 61st (9:47.7660),finished,61,9:47.7660,17 laps behind the winner,NA,https://www.racingsportscars.com/images/car_no_photo.png,https://www.racingsportscars.com/about.html#contrib,https://www.racingsportscars.com/make/photo/Honda.html,https://www.racingsportscars.com/type/photo/Honda/S2000.html,NA,NA
nurburgring,2004-06-13,52,BMW M3 E36 GTR - BMW,15,A6,Moore International Motorsport,Closed bodywork,Front-engined,Willie Moore (GB)/Dave Cox (GB)/Gareth Lloyd (GB),PHILLIPS,blue,NA,27/04/2024,Udo Klinkel,BMW,M3,E36 GTR,NA,Result: 15th (18 laps behind the winner)Grid: 26th (9:16.8590),15th (18 laps behind the winner)Grid: 26th (9:16.8590),finished,26,9:16.8590,18 laps behind the winner,NA,https://www.racingsportscars.com/tn/photo/2004/TN_Nurburgring-2004-06-13-052.jpg,https://www.racingsportscars.com/photo/2004/Nurburgring-2004-06-13-052.jpg,https://www.racingsportscars.com/make/photo/BMW.html,https://www.racingsportscars.com/type/photo/BMW/M3.html,https://www.racingsportscars.com/suffix/photo/BMW/M3/E36%20GTR.html,NA
nurburgring,2004-06-13,39,Porsche 996 GT3 Cup - Porsche F6 4v DOHC N/A,16,A7,,Closed bodywork,Rear-engined,Kersten Jodexnis (D)/Peter Schmidt (D)/Friedrich Ney/Winfried Bär,Budget/www.ClickVers.de,dark blue/yellow (+red),NA,27/04/2024,Udo Klinkel,Porsche,996 GT3 Cup,NA,NA,Result: 16th (18 laps behind the winner)Grid: 36th (9:27.3370),16th (18 laps behind the winner)Grid: 36th (9:27.3370),finished,36,9:27.3370,18 laps behind the winner,NA,https://www.racingsportscars.com/tn/photo/2004/TN_Nurburgring-2004-06-13-039.jpg,https://www.racingsportscars.com/photo/2004/Nurburgring-2004-06-13-039.jpg,https://www.racingsportscars.com/make/photo/Porsche.html,https://www.racingsportscars.com/type/photo/Porsche/996%20GT3%20Cup.html,NA,NA
nurburgring,2004-06-13,75,BMW M3 E36 - BMW,17,A5,AEZ-Racing,Closed bodywork,Front-engined,Helmut Abels/René Gassen/Ulfried Baumert (D)/Stephan Herter (D),NA,red (+yellow),Dunlop,27/04/2024,Udo Klinkel,BMW,M3,E36,NA,Result: 17th 1st in A5 (19 laps behind the winner)Grid: 56th (9:41.6500),17th 1st in A5 (19 laps behind the winner)Grid: 56th (9:41.6500),finished,56,9:41.6500,19 laps behind the winner,NA,https://www.racingsportscars.com/tn/photo/2004/TN_Nurburgring-2004-06-13-075.jpg,https://www.racingsportscars.com/photo/2004/Nurburgring-2004-06-13-075.jpg,https://www.racingsportscars.com/make/photo/BMW.html,https://www.racingsportscars.com/type/photo/BMW/M3.html,https://www.racingsportscars.com/suffix/photo/BMW/M3/E36.html,NA
nurburgring,2004-06-13,97,BMW M3 - BMW,18,A4,Soda-Club-Team,Closed bodywork,Front-engined,Hans-Hatto Karl/Rainer Wehner/Arnd Meyer/Peter Bauer,NA,NA,NA,NA,NA,BMW,M3,NA,NA,Result: 18th (20 laps behind the winner)Grid: 42nd (9:33.5860),18th (20 laps behind the winner)Grid: 42nd (9:33.5860),finished,42,9:33.5860,20 laps behind the winner,NA,https://www.racingsportscars.com/images/car_no_photo.png,https://www.racingsportscars.com/about.html#contrib,https://www.racingsportscars.com/make/photo/BMW.html,https://www.racingsportscars.com/type/photo/BMW/M3.html,NA,NA
nurburgring,2004-06-13,4,Porsche 996 GT3-RS - Porsche,19,A7,Steam-Racing GmbH,Closed bodywork,Rear-engined,Michael Schratz (D)/Achim Berg (D)/Vic Rice (USA)/Shane Lewis (USA),FUJITSZ SIEMENS,grey/turquoise,NA,27/04/2024,Udo Klinkel,Porsche,996 GT3-RS,NA,NA,Result: 19th (20 laps behind the winner)Grid: 46th (9:35.1820),19th (20 laps behind the winner)Grid: 46th (9:35.1820),finished,46,9:35.1820,20 laps behind the winner,NA,https://www.racingsportscars.com/tn/photo/2004/TN_Nurburgring-2004-06-13-004.jpg,https://www.racingsportscars.com/photo/2004/Nurburgring-2004-06-13-004.jpg,https://www.racingsportscars.com/make/photo/Porsche.html,https://www.racingsportscars.com/type/photo/Porsche/996%20GT3-RS.html,NA,NA
nurburgring,2004-06-13,62,Mazda RX-7 - Mazda,20,A6,Team D-Dream,Closed bodywork,-,Yasushi Kikuchi (J)/Masami Miyoshi (J)/Kumi Sato (J)/Jun'ichirou Yamashita (J),DIREZZA/S swift,black (+red/yellow/white),Dunlop,27/04/2024,Udo Klinkel,Mazda,RX-7,NA,NA,Result: 20th (20 laps behind the winner)Grid: 53rd (9:40.5890),20th (20 laps behind the winner)Grid: 53rd (9:40.5890),finished,53,9:40.5890,20 laps behind the winner,NA,https://www.racingsportscars.com/tn/photo/2004/TN_Nurburgring-2004-06-13-062.jpg,https://www.racingsportscars.com/photo/2004/Nurburgring-2004-06-13-062.jpg,https://www.racingsportscars.com/make/photo/Mazda.html,https://www.racingsportscars.com/type/photo/Mazda/RX-7.html,NA,NA
nurburgring,2004-06-13,41,Porsche 964 Cup - Porsche,21,A7,,Closed bodywork,Rear-engined,Daniel Lemm (D)/Jürgen Bach/Markus Luhr,SMS MICHEL,yellow,NA,27/04/2024,Udo Klinkel,Porsche,964,Cup,NA,Result: 21st (21 laps behind the winner)Grid: 75th (10:03.8050),21st (21 laps behind the winner)Grid: 75th (10:03.8050),finished,75,10:03.8050,21 laps behind the winner,NA,https://www.racingsportscars.com/tn/photo/2004/TN_Nurburgring-2004-06-13-041.jpg,https://www.racingsportscars.com/photo/2004/Nurburgring-2004-06-13-041.jpg,https://www.racingsportscars.com/make/photo/Porsche.html,https://www.racingsportscars.com/type/photo/Porsche/964.html,https://www.racingsportscars.com/suffix/photo/Porsche/964/Cup.html,NA
nurburgring,2004-06-13,49,Porsche 996 RS - Porsche,22,A7,Podium Porsche Motorsport Sweden,Closed bodywork,Rear-engined,Lennart Pehrson (S)/Ulf Karlsson (S)/Koit Veertee (S)/Örnulf Wirdheim (S),NAVO,white (+red/blue/yellow),NA,27/04/2024,Udo Klinkel,Porsche,996 RS,NA,NA,Result: 22nd (21 laps behind the winner)Grid: 33rd (9:24.1260),22nd (21 laps behind the winner)Grid: 33rd (9:24.1260),finished,33,9:24.1260,21 laps behind the winner,NA,https://www.racingsportscars.com/tn/photo/2004/TN_Nurburgring-2004-06-13-049.jpg,https://www.racingsportscars.com/photo/2004/Nurburgring-2004-06-13-049.jpg,https://www.racingsportscars.com/make/photo/Porsche.html,https://www.racingsportscars.com/type/photo/Porsche/996%20RS.html,NA,NA
nurburgring,2004-06-13,99,V8 Star - Jaguar V8,23,E1,Galeria Kaufhof Team Zakspeed,Closed bodywork,-,Sascha Bert (D)/Donny Crevels (NL)/Altfrid Heger (D),DUNLOP/INNO,green,Dunlop,27/04/2024,Udo Klinkel,V8,Star,NA,NA,Result: 23rd (21 laps behind the winner)Grid: 11th (8:45.2910),23rd (21 laps behind the winner)Grid: 11th (8:45.2910),finished,11,8:45.2910,21 laps behind the winner,NA,https://www.racingsportscars.com/tn/photo/2004/TN_Nurburgring-2004-06-13-099.jpg,https://www.racingsportscars.com/photo/2004/Nurburgring-2004-06-13-099.jpg,https://www.racingsportscars.com/make/photo/V8.html,https://www.racingsportscars.com/type/photo/V8/Star.html,NA,NA
nurburgring,2004-06-13,262,Alfa Romeo 147 - Alfa Romeo,24,S1,Alfa Romeo Divisione Sportiva,-,-,Stefan Neuberger (D)/Raimund Baumschlager (A)/Herbert Schürg (D),NA,NA,NA,NA,NA,Alfa Romeo,147,NA,NA,Result: 24th 1st in S1 (21 laps behind the winner)Grid: 55th (9:41.6090),24th 1st in S1 (21 laps behind the winner)Grid: 55th (9:41.6090),finished,55,9:41.6090,21 laps behind the winner,NA,https://www.racingsportscars.com/images/car_no_photo.png,https://www.racingsportscars.com/about.html#contrib,https://www.racingsportscars.com/make/photo/Alfa%20Romeo.html,https://www.racingsportscars.com/type/photo/Alfa%20Romeo/147.html,NA,NA
nurburgring,2004-06-13,38,Porsche 996 GT3-RS - Porsche,25,A7,Land Motorsport Porsche Zentrum Koblenz,Closed bodywork,Rear-engined,Marc Basseng (D)/Franz Konrad (A)/Patrick Simon (D)/Marino Franchitti (GB),BILSTEIN,yellow/dark blue,Pirelli,27/04/2024,Udo Klinkel,Porsche,996 GT3-RS,NA,NA,Result: 25th (22 laps behind the winner)Grid: 14th (8:47.7960),25th (22 laps behind the winner)Grid: 14th (8:47.7960),finished,14,8:47.7960,22 laps behind the winner,NA,https://www.racingsportscars.com/tn/photo/2004/TN_Nurburgring-2004-06-13-038.jpg,https://www.racingsportscars.com/photo/2004/Nurburgring-2004-06-13-038.jpg,https://www.racingsportscars.com/make/photo/Porsche.html,https://www.racingsportscars.com/type/photo/Porsche/996%20GT3-RS.html,NA,NA
nurburgring,2004-06-13,107,Porsche 911 GT3 Cup - Porsche,26,A7,Mühlner Motorsport Sprl.,-,Rear-engined,Franjo Kovac (HR)/Kurt Thiim (DK)/Edgar Althoff (D)/Klaus Abbelen (D),NA,NA,NA,NA,NA,Porsche,911 GT3 Cup,NA,NA,Result: 26th (22 laps behind the winner)Grid: 21st (9:04.7430),26th (22 laps behind the winner)Grid: 21st (9:04.7430),finished,21,9:04.7430,22 laps behind the winner,NA,https://www.racingsportscars.com/images/car_no_photo.png,https://www.racingsportscars.com/about.html#contrib,https://www.racingsportscars.com/make/photo/Porsche.html,https://www.racingsportscars.com/type/photo/Porsche/911%20GT3%20Cup.html,NA,NA
nurburgring,2004-06-13,204,Mercedes-Benz 190 E Evo 1 - Mercedes-Benz N/A,27,V4,,Closed bodywork,Front-engined,Rainer Brückner/Klaus Götzmann/Ralf Schall (D)/Frank Steinmeier,NA,NA,NA,NA,NA,Mercedes-Benz,190 E,Evo 1,NA,Result: 27th 1st in V4 (22 laps behind the winner)Grid: 76th (10:04.2410),27th 1st in V4 (22 laps behind the winner)Grid: 76th (10:04.2410),finished,76,10:04.2410,22 laps behind the winner,NA,https://www.racingsportscars.com/images/car_no_photo.png,https://www.racingsportscars.com/about.html#contrib,https://www.racingsportscars.com/make/photo/Mercedes-Benz.html,https://www.racingsportscars.com/type/photo/Mercedes-Benz/190%20E.html,https://www.racingsportscars.com/suffix/photo/Mercedes-Benz/190%20E/Evo%201.html,NA
nurburgring,2004-06-13,90,Porsche 968 RSR - Porsche,28,A5,Spätzle-Connection Racing,-,-,Dirk Baur/Bernd Albrecht (D)/Reinhard Schall (D)/Wolfgang Hönscheid,NA,NA,NA,NA,NA,Porsche,968,RSR,NA,Result: 28th (22 laps behind the winner)Grid: 54th (9:40.7740),28th (22 laps behind the winner)Grid: 54th (9:40.7740),finished,54,9:40.7740,22 laps behind the winner,NA,https://www.racingsportscars.com/images/car_no_photo.png,https://www.racingsportscars.com/about.html#contrib,https://www.racingsportscars.com/make/photo/Porsche.html,https://www.racingsportscars.com/type/photo/Porsche/968.html,https://www.racingsportscars.com/suffix/photo/Porsche/968/RSR.html,NA
nurburgring,2004-06-13,17,BMW M3 E46 Compact - BMW,29,A6,Duller Motorsport,Closed bodywork,Front-engined,Pierre de Thoisy (F)/Philippe Haezebrouck (F)/Thierry Depoix (F),INOVALIS/E.LECLERC,blue,NA,27/04/2024,Udo Klinkel,BMW,M3,E46 Compact,NA,Result: 29th (22 laps behind the winner)Grid: 67th (9:51.6880),29th (22 laps behind the winner)Grid: 67th (9:51.6880),finished,67,9:51.6880,22 laps behind the winner,NA,https://www.racingsportscars.com/tn/photo/2004/TN_Nurburgring-2004-06-13-017.jpg,https://www.racingsportscars.com/photo/2004/Nurburgring-2004-06-13-017.jpg,https://www.racingsportscars.com/make/photo/BMW.html,https://www.racingsportscars.com/type/photo/BMW/M3.html,https://www.racingsportscars.com/suffix/photo/BMW/M3/E46%20Compact.html,NA
nurburgring,2004-06-13,125,Opel Astra Coupé - Opel,30,A3,Kissling Motorsport,-,-,Steffen Schulz/Bernd Ostmann (D)/Klaus-Peter Thaler/Hans Demant,NA,NA,NA,NA,NA,Opel,Astra,Coupé,NA,Result: 30th (22 laps behind the winner)Grid: 60th (9:47.0240),30th (22 laps behind the winner)Grid: 60th (9:47.0240),finished,60,9:47.0240,22 laps behind the winner,NA,https://www.racingsportscars.com/images/car_no_photo.png,https://www.racingsportscars.com/about.html#contrib,https://www.racingsportscars.com/make/photo/Opel.html,https://www.racingsportscars.com/type/photo/Opel/Astra.html,https://www.racingsportscars.com/suffix/photo/Opel/Astra/Coup%c3%a9.html,NA
nurburgring,2004-06-13,198,BMW M3 - BMW,31,V4,Dolate Motorsport,Closed bodywork,Front-engined,Alexander Böhm (D)/Dean Hawkey (GB)/Frank Haack/Michael Luther,NA,NA,NA,NA,NA,BMW,M3,NA,NA,Result: 31st (23 laps behind the winner)Grid: 98th (10:12.6880),31st (23 laps behind the winner)Grid: 98th (10:12.6880),finished,98,10:12.6880,23 laps behind the winner,NA,https://www.racingsportscars.com/images/car_no_photo.png,https://www.racingsportscars.com/about.html#contrib,https://www.racingsportscars.com/make/photo/BMW.html,https://www.racingsportscars.com/type/photo/BMW/M3.html,NA,NA
nurburgring,2004-06-13,6,Porsche 996 GT3-R - Porsche,32,A7,Steam-Racing GmbH,Closed bodywork,Rear-engined,Stephan Dröger/Johannes Siegler (D)/Andreas Eberhardt/Michael Schaal,NA,NA,NA,NA,NA,Porsche,996 GT3-R,NA,NA,Result: 32nd (23 laps behind the winner)Grid: 32nd (9:23.6620),32nd (23 laps behind the winner)Grid: 32nd (9:23.6620),finished,32,9:23.6620,23 laps behind the winner,NA,https://www.racingsportscars.com/images/car_no_photo.png,https://www.racingsportscars.com/about.html#contrib,https://www.racingsportscars.com/make/photo/Porsche.html,https://www.racingsportscars.com/type/photo/Porsche/996%20GT3-R.html,NA,NA
nurburgring,2004-06-13,55,Audi A3 Turbo - Audi,33,A6,Pirelli Competizioni,Closed bodywork,-,Holger Eckhardt (D)/Christina Surer/Dierk Möller-Sonntag (D)/Peter Oberndorfer (D),NA,NA,Pirelli,NA,NA,Audi,A3,Turbo,NA,Result: 33rd (23 laps behind the winner)Grid: 104th (10:15.5050),33rd (23 laps behind the winner)Grid: 104th (10:15.5050),finished,104,10:15.5050,23 laps behind the winner,NA,https://www.racingsportscars.com/images/car_no_photo.png,https://www.racingsportscars.com/about.html#contrib,https://www.racingsportscars.com/make/photo/Audi.html,https://www.racingsportscars.com/type/photo/Audi/A3.html,https://www.racingsportscars.com/suffix/photo/Audi/A3/Turbo.html,NA
nurburgring,2004-06-13,68,BMW Z3 M Coupé - BMW,34,A6,Gotcha Historic Racing Team,-,-,Christian Graf von Wedel/Marcus Graf von Oeynhausen/Chris Chiles (GB)/Alexander Kolb (D),NA,NA,NA,NA,NA,BMW,Z3,M Coupé,NA,Result: 34th (23 laps behind the winner)Grid: 85th (10:07.2800),34th (23 laps behind the winner)Grid: 85th (10:07.2800),finished,85,10:07.2800,23 laps behind the winner,NA,https://www.racingsportscars.com/images/car_no_photo.png,https://www.racingsportscars.com/about.html#contrib,https://www.racingsportscars.com/make/photo/BMW.html,https://www.racingsportscars.com/type/photo/BMW/Z3.html,https://www.racingsportscars.com/suffix/photo/BMW/Z3/M%20Coup%c3%a9.html,NA
nurburgring,2004-06-13,208,Honda Accord Type R - Honda,35,V4,,Closed bodywork,Front-engined,Gerhard Molzberger/Frank Lohmann (D)/David Horn (D)/Jeff Orford,H- König/HONFA gerhard,white (+red),Dunlop,27/04/2024,Udo Klinkel,Honda,Accord,Type R,NA,Result: 35th (24 laps behind the winner)Grid: 116th (10:19.2880),35th (24 laps behind the winner)Grid: 116th (10:19.2880),finished,116,10:19.2880,24 laps behind the winner,NA,https://www.racingsportscars.com/tn/photo/2004/TN_Nurburgring-2004-06-13-208.jpg,https://www.racingsportscars.com/photo/2004/Nurburgring-2004-06-13-208.jpg,https://www.racingsportscars.com/make/photo/Honda.html,https://www.racingsportscars.com/type/photo/Honda/Accord.html,https://www.racingsportscars.com/suffix/photo/Honda/Accord/Type%20R.html,NA
nurburgring,2004-06-13,258,VW Bora R-TDi - VW TDI,36,S1,,Closed bodywork,Front-engined,Eberhard Rattunde/Wayne Moore (NZ)/Ralph Bohnhorst/Heiner Immig (D),NA,NA,NA,NA,NA,VW,Bora,R-TDi,NA,Result: 36th (24 laps behind the winner)Grid: 123rd (10:21.5810),36th (24 laps behind the winner)Grid: 123rd (10:21.5810),finished,123,10:21.5810,24 laps behind the winner,NA,https://www.racingsportscars.com/images/car_no_photo.png,https://www.racingsportscars.com/about.html#contrib,https://www.racingsportscars.com/make/photo/VW.html,https://www.racingsportscars.com/type/photo/VW/Bora.html,https://www.racingsportscars.com/suffix/photo/VW/Bora/R-TDi.html,NA
nurburgring,2004-06-13,30,Porsche 996 GT3 - Porsche F6 4v DOHC N/A,37,A7,,Closed bodywork,Rear-engined,Detlef Hirsch/Peter Schnittger/Miro Konôpka (SK)/Nils Bartels (D),YOKOHAMA/Enke,white (+red),Yokohama,27/04/2024,Udo Klinkel,Porsche,996 GT3,NA,NA,Result: 37th (24 laps behind the winner)Grid: 39th (9:31.5390),37th (24 laps behind the winner)Grid: 39th (9:31.5390),finished,39,9:31.5390,24 laps behind the winner,NA,https://www.racingsportscars.com/tn/photo/2004/TN_Nurburgring-2004-06-13-030.jpg,https://www.racingsportscars.com/photo/2004/Nurburgring-2004-06-13-030.jpg,https://www.racingsportscars.com/make/photo/Porsche.html,https://www.racingsportscars.com/type/photo/Porsche/996%20GT3.html,NA,NA
nurburgring,2004-06-13,144,Renault Clio RS - Renault,38,A3,ADAC Ostwestfalen-Lippe e.V.,-,-,Kai Riemer (D)/Jens Riemer (D)/Jörg Chmiela (D)/Jörg Backhaus,NA,NA,NA,NA,NA,Renault,Clio,RS,NA,Result: 38th (24 laps behind the winner)Grid: 77th (10:04.8610),38th (24 laps behind the winner)Grid: 77th (10:04.8610),finished,77,10:04.8610,24 laps behind the winner,NA,https://www.racingsportscars.com/images/car_no_photo.png,https://www.racingsportscars.com/about.html#contrib,https://www.racingsportscars.com/make/photo/Renault.html,https://www.racingsportscars.com/type/photo/Renault/Clio.html,https://www.racingsportscars.com/suffix/photo/Renault/Clio/RS.html,NA
nurburgring,2004-06-13,234,Honda Civic Type R - Honda,39,N2,,Closed bodywork,Front-engined,Joachim Thiel/Zoran Radulovic (D)/Jürgen Dorband/Wolfgang Stöhr,NA,NA,NA,NA,NA,Honda,Civic,Type R,NA,Result: 39th 1st in N2 (24 laps behind the winner)Grid: 118th (10:19.8350),39th 1st in N2 (24 laps behind the winner)Grid: 118th (10:19.8350),finished,118,10:19.8350,24 laps behind the winner,NA,https://www.racingsportscars.com/images/car_no_photo.png,https://www.racingsportscars.com/about.html#contrib,https://www.racingsportscars.com/make/photo/Honda.html,https://www.racingsportscars.com/type/photo/Honda/Civic.html,https://www.racingsportscars.com/suffix/photo/Honda/Civic/Type%20R.html,NA
nurburgring,2004-06-13,23,V8 Star - Lexus V8,40,E1,Ryll Racing,Closed bodywork,-,Siegfried Ryll/Meinhard Rittmeier/Ralf Weiner/Ralf Goral (D),RYLL,red (+silver),Michelin,27/04/2024,Udo Klinkel,V8,Star,NA,NA,Result: 40th (25 laps behind the winner)Grid: 49th (9:36.4420),40th (25 laps behind the winner)Grid: 49th (9:36.4420),finished,49,9:36.4420,25 laps behind the winner,NA,https://www.racingsportscars.com/tn/photo/2004/TN_Nurburgring-2004-06-13-023.jpg,https://www.racingsportscars.com/photo/2004/Nurburgring-2004-06-13-023.jpg,https://www.racingsportscars.com/make/photo/V8.html,https://www.racingsportscars.com/type/photo/V8/Star.html,NA,NA
nurburgring,2004-06-13,200,BMW 325i - BMW,41,V4,,-,-,Torsten Pobbig/Alfred Mertens/Martin Scheiff/Markus Palttala (FIN),NA,NA,NA,NA,NA,BMW,325i,NA,NA,Result: 41st (25 laps behind the winner)Grid: 177th (10:48.7640),41st (25 laps behind the winner)Grid: 177th (10:48.7640),finished,177,10:48.7640,25 laps behind the winner,NA,https://www.racingsportscars.com/images/car_no_photo.png,https://www.racingsportscars.com/about.html#contrib,https://www.racingsportscars.com/make/photo/BMW.html,https://www.racingsportscars.com/type/photo/BMW/325i.html,NA,NA
nurburgring,2004-06-13,232,Honda Civic Type R - Honda,42,N2,AMC Diepholz e.V.,Closed bodywork,Front-engined,Werner Uetrecht (D)/Florian Fricke (D)/Mark Giesbrecht (D)/David Gunther,NA,NA,NA,NA,NA,Honda,Civic,Type R,NA,Result: 42nd (25 laps behind the winner)Grid: 127th (10:22.6680),42nd (25 laps behind the winner)Grid: 127th (10:22.6680),finished,127,10:22.6680,25 laps behind the winner,NA,https://www.racingsportscars.com/images/car_no_photo.png,https://www.racingsportscars.com/about.html#contrib,https://www.racingsportscars.com/make/photo/Honda.html,https://www.racingsportscars.com/type/photo/Honda/Civic.html,https://www.racingsportscars.com/suffix/photo/Honda/Civic/Type%20R.html,NA
nurburgring,2004-06-13,238,Honda Civic Type R - Honda,43,N2,Fleper Motorsport,Closed bodywork,Front-engined,Norbert Bermes (D)/Harald Thönnes/Marcel Engels (B)/Auro Straffi,NA,NA,NA,NA,NA,Honda,Civic,Type R,NA,Result: 43rd (25 laps behind the winner)Grid: 83rd (10:06.9720),43rd (25 laps behind the winner)Grid: 83rd (10:06.9720),finished,83,10:06.9720,25 laps behind the winner,NA,https://www.racingsportscars.com/images/car_no_photo.png,https://www.racingsportscars.com/about.html#contrib,https://www.racingsportscars.com/make/photo/Honda.html,https://www.racingsportscars.com/type/photo/Honda/Civic.html,https://www.racingsportscars.com/suffix/photo/Honda/Civic/Type%20R.html,NA
nurburgring,2004-06-13,251,VW Golf TDi - VW Turbo Diesel,44,S1,,Closed bodywork,Front-engined,Traudl Klink/Sonja Bayer (D)/Markus Fahrner/Tim Schrick (D),NA,NA,NA,NA,NA,VW,Golf,TDi,NA,Result: 44th (25 laps behind the winner)Grid: 190th (10:55.6390),44th (25 laps behind the winner)Grid: 190th (10:55.6390),finished,190,10:55.6390,25 laps behind the winner,NA,https://www.racingsportscars.com/images/car_no_photo.png,https://www.racingsportscars.com/about.html#contrib,https://www.racingsportscars.com/make/photo/VW.html,https://www.racingsportscars.com/type/photo/VW/Golf.html,https://www.racingsportscars.com/suffix/photo/VW/Golf/TDi.html,NA
nurburgring,2004-06-13,51,BMW M3 - BMW,45,A6,,Closed bodywork,Front-engined,Gregor Vogler/Rolf Wittke/Christian Behling/Reik Kleinherbers,NA,NA,NA,NA,NA,BMW,M3,NA,NA,Result: 45th (25 laps behind the winner)Grid: 65th (9:50.3730),45th (25 laps behind the winner)Grid: 65th (9:50.3730),finished,65,9:50.3730,25 laps behind the winner,NA,https://www.racingsportscars.com/images/car_no_photo.png,https://www.racingsportscars.com/about.html#contrib,https://www.racingsportscars.com/make/photo/BMW.html,https://www.racingsportscars.com/type/photo/BMW/M3.html,NA,NA
nurburgring,2004-06-13,56,Audi A3 Turbo - Audi,46,A6,Pirelli Competizioni,Closed bodywork,-,Gugielmo Fiocchi/Stefan Küster/Otto Hofmayer/Thorsten Unger,AUTOSOL,silver (+red/grey),Pirelli,27/04/2024,Udo Klinkel,Audi,A3,Turbo,NA,Result: 46th (25 laps behind the winner)Grid: 102nd (10:13.3080),46th (25 laps behind the winner)Grid: 102nd (10:13.3080),finished,102,10:13.3080,25 laps behind the winner,NA,https://www.racingsportscars.com/tn/photo/2004/TN_Nurburgring-2004-06-13-056.jpg,https://www.racingsportscars.com/photo/2004/Nurburgring-2004-06-13-056.jpg,https://www.racingsportscars.com/make/photo/Audi.html,https://www.racingsportscars.com/type/photo/Audi/A3.html,https://www.racingsportscars.com/suffix/photo/Audi/A3/Turbo.html,NA
nurburgring,2004-06-13,74,BMW M3 E36 - BMW,47,A5,MSC Rhön e.V. im AvD,Closed bodywork,Front-engined,Kai Pfister/Henk Kruidenier/Peter Meyer/Richard Purtscher (A),KUTTENKEULER LUBRICANTS,yellow (+red/black),NA,27/04/2024,Udo Klinkel,BMW,M3,E36,NA,Result: 47th (25 laps behind the winner)Grid: 69th (9:57.6000),47th (25 laps behind the winner)Grid: 69th (9:57.6000),finished,69,9:57.6000,25 laps behind the winner,NA,https://www.racingsportscars.com/tn/photo/2004/TN_Nurburgring-2004-06-13-074.jpg,https://www.racingsportscars.com/photo/2004/Nurburgring-2004-06-13-074.jpg,https://www.racingsportscars.com/make/photo/BMW.html,https://www.racingsportscars.com/type/photo/BMW/M3.html,https://www.racingsportscars.com/suffix/photo/BMW/M3/E36.html,NA
nurburgring,2004-06-13,98,BMW M3 - BMW,48,A4,Soda-Club-Team,Closed bodywork,Front-engined,Udo Förster/Michael Pingel/Rainer Wehner,NA,NA,NA,NA,NA,BMW,M3,NA,NA,Result: 48th (25 laps behind the winner)Grid: 63rd (9:49.1010),48th (25 laps behind the winner)Grid: 63rd (9:49.1010),finished,63,9:49.1010,25 laps behind the winner,NA,https://www.racingsportscars.com/images/car_no_photo.png,https://www.racingsportscars.com/about.html#contrib,https://www.racingsportscars.com/make/photo/BMW.html,https://www.racingsportscars.com/type/photo/BMW/M3.html,NA,NA
nurburgring,2004-06-13,182,BMW Compact - BMW,49,V2,MSC Wahlscheid e.V.,Closed bodywork,Front-engined,Rolf Derscheid/Alexander Schula (D)/Frank Möller/Werner Schlehecker (D),NA,NA,NA,NA,NA,BMW,Compact,NA,NA,Result: 49th 1st in V2 (26 laps behind the winner)Grid: 162nd (10:42.6440),49th 1st in V2 (26 laps behind the winner)Grid: 162nd (10:42.6440),finished,162,10:42.6440,26 laps behind the winner,NA,https://www.racingsportscars.com/images/car_no_photo.png,https://www.racingsportscars.com/about.html#contrib,https://www.racingsportscars.com/make/photo/BMW.html,https://www.racingsportscars.com/type/photo/BMW/Compact.html,NA,NA
nurburgring,2004-06-13,57,Audi A3 Turbo - Audi,50,A6,Pirelli Competizioni,Closed bodywork,-,Thomas Kroher/Felix Kinzer/Hans-Martin Gass (D)/Horst Wippersteg,NA,NA,Pirelli,NA,NA,Audi,A3,Turbo,NA,Result: 50th (26 laps behind the winner)Grid: 110th (10:17.0370),50th (26 laps behind the winner)Grid: 110th (10:17.0370),finished,110,10:17.0370,26 laps behind the winner,NA,https://www.racingsportscars.com/images/car_no_photo.png,https://www.racingsportscars.com/about.html#contrib,https://www.racingsportscars.com/make/photo/Audi.html,https://www.racingsportscars.com/type/photo/Audi/A3.html,https://www.racingsportscars.com/suffix/photo/Audi/A3/Turbo.html,NA
nurburgring,2004-06-13,239,Honda Accord Euro R - Honda,51,N2,Team Spoon,-,-,Hideki Okada (J)/Daisuke Ito (J)/Hisashi Tsukahara (J)/Shin'ichi Katsura (J),NA,NA,NA,NA,NA,Honda,Accord,Euro R,NA,Result: 51st (26 laps behind the winner)Grid: 125th (10:21.6700),51st (26 laps behind the winner)Grid: 125th (10:21.6700),finished,125,10:21.6700,26 laps behind the winner,NA,https://www.racingsportscars.com/images/car_no_photo.png,https://www.racingsportscars.com/about.html#contrib,https://www.racingsportscars.com/make/photo/Honda.html,https://www.racingsportscars.com/type/photo/Honda/Accord.html,https://www.racingsportscars.com/suffix/photo/Honda/Accord/Euro%20R.html,NA
nurburgring,2004-06-13,188,Opel Astra OPC - Opel,52,V3,Pink Power Taunus Racing Team e.V. im ADAC,-,-,Ludger Henrich/Jürgen Schulten (D)/Horst Rotter,NA,NA,NA,NA,NA,Opel,Astra,OPC,NA,Result: 52nd 1st in V3 (26 laps behind the winner)Grid: 144th (10:33.1960),52nd 1st in V3 (26 laps behind the winner)Grid: 144th (10:33.1960),finished,144,10:33.1960,26 laps behind the winner,NA,https://www.racingsportscars.com/images/car_no_photo.png,https://www.racingsportscars.com/about.html#contrib,https://www.racingsportscars.com/make/photo/Opel.html,https://www.racingsportscars.com/type/photo/Opel/Astra.html,https://www.racingsportscars.com/suffix/photo/Opel/Astra/OPC.html,NA
nurburgring,2004-06-13,132,Renault Clio - Renault,53,A3,,-,-,Robert Lünsmann/Marc von Niesewand (D)/Daniel Zils (D)/Uwe Reich (D),NA,NA,NA,NA,NA,Renault,Clio,NA,NA,Result: 53rd (26 laps behind the winner)Grid: 143rd (10:33.0170),53rd (26 laps behind the winner)Grid: 143rd (10:33.0170),finished,143,10:33.0170,26 laps behind the winner,NA,https://www.racingsportscars.com/images/car_no_photo.png,https://www.racingsportscars.com/about.html#contrib,https://www.racingsportscars.com/make/photo/Renault.html,https://www.racingsportscars.com/type/photo/Renault/Clio.html,NA,NA
nurburgring,2004-06-13,181,BMW 318 is E36 - BMW,54,V2,MSC Rhön e.V. im AvD,Closed bodywork,Front-engined,Christian Leitheuser (D)/Sven Kehl/Manfred Werker/Robert Surauer,KRAFT WALZEN/AvD,yellow (+white),NA,27/04/2024,Udo Klinkel,BMW,318,is E36,NA,Result: 54th (27 laps behind the winner)Grid: 196th (10:58.1660),54th (27 laps behind the winner)Grid: 196th (10:58.1660),finished,196,10:58.1660,27 laps behind the winner,NA,https://www.racingsportscars.com/tn/photo/2004/TN_Nurburgring-2004-06-13-181.jpg,https://www.racingsportscars.com/photo/2004/Nurburgring-2004-06-13-181.jpg,https://www.racingsportscars.com/make/photo/BMW.html,https://www.racingsportscars.com/type/photo/BMW/318.html,https://www.racingsportscars.com/suffix/photo/BMW/318/is%20E36.html,NA
nurburgring,2004-06-13,227,Honda Civic Type R - Honda,55,N2,,Closed bodywork,Front-engined,Wilfried Schmitz (D)/Michael Ecker/Bernd Degner (D)/Andy Fink,NA,NA,NA,NA,NA,Honda,Civic,Type R,NA,Result: 55th (27 laps behind the winner)Grid: 114th (10:18.5910),55th (27 laps behind the winner)Grid: 114th (10:18.5910),finished,114,10:18.5910,27 laps behind the winner,NA,https://www.racingsportscars.com/images/car_no_photo.png,https://www.racingsportscars.com/about.html#contrib,https://www.racingsportscars.com/make/photo/Honda.html,https://www.racingsportscars.com/type/photo/Honda/Civic.html,https://www.racingsportscars.com/suffix/photo/Honda/Civic/Type%20R.html,NA
nurburgring,2004-06-13,178,BMW 318 is - BMW,56,V2,,Closed bodywork,Front-engined,Kornelius Hoffmann (D)/Dieter Köll (D)/Wolfgang Wegner-Bscher/Jens Fischer,NA,NA,NA,NA,NA,BMW,318,is,NA,Result: 56th (27 laps behind the winner)Grid: 169th (10:45.4570),56th (27 laps behind the winner)Grid: 169th (10:45.4570),finished,169,10:45.4570,27 laps behind the winner,NA,https://www.racingsportscars.com/images/car_no_photo.png,https://www.racingsportscars.com/about.html#contrib,https://www.racingsportscars.com/make/photo/BMW.html,https://www.racingsportscars.com/type/photo/BMW/318.html,https://www.racingsportscars.com/suffix/photo/BMW/318/is.html,NA
nurburgring,2004-06-13,28,BMW 318 is - BMW,57,V2,,Closed bodywork,Front-engined,Jochen Werner/Rolf Scheibner (D)/Wolf Silvester (D)/Michael Schlüter,Valeo/BURG RABENSTEIN,white (+red),Dunlop,27/04/2024,Udo Klinkel,BMW,318,is,NA,Result: 57th (27 laps behind the winner)Grid: 149th (10:34.3571),57th (27 laps behind the winner)Grid: 149th (10:34.3571),finished,149,10:34.3571,27 laps behind the winner,NA,https://www.racingsportscars.com/tn/photo/2004/TN_Nurburgring-2004-06-13-028.jpg,https://www.racingsportscars.com/photo/2004/Nurburgring-2004-06-13-028.jpg,https://www.racingsportscars.com/make/photo/BMW.html,https://www.racingsportscars.com/type/photo/BMW/318.html,https://www.racingsportscars.com/suffix/photo/BMW/318/is.html,NA
nurburgring,2004-06-13,263,VW Bora R-TDi - VW TDI,58,S1,Müller & Breuer Motorsport,Closed bodywork,Front-engined,Ralf Kraus (D)/Bernd Schlee/Best Caspar/Hans-Werner Wüst,NA,NA,NA,NA,NA,VW,Bora,R-TDi,NA,Result: 58th (27 laps behind the winner)Grid: 88th (10:08.3240),58th (27 laps behind the winner)Grid: 88th (10:08.3240),finished,88,10:08.3240,27 laps behind the winner,NA,https://www.racingsportscars.com/images/car_no_photo.png,https://www.racingsportscars.com/about.html#contrib,https://www.racingsportscars.com/make/photo/VW.html,https://www.racingsportscars.com/type/photo/VW/Bora.html,https://www.racingsportscars.com/suffix/photo/VW/Bora/R-TDi.html,NA
nurburgring,2004-06-13,84,Mitsubishi Lancer Evo VIII - Mitsubishi,59,A6,Recaro-Raeder Motorsport,Closed bodywork,-,Elmar Deegener (D)/Gerd Schumacher/Timo Frings/Bernd Schneider (D),NA,NA,NA,NA,NA,Mitsubishi,Lancer,Evo VIII,NA,Result: 59th (28 laps behind the winner)Grid: 34th (9:25.6800),59th (28 laps behind the winner)Grid: 34th (9:25.6800),finished,34,9:25.6800,28 laps behind the winner,NA,https://www.racingsportscars.com/images/car_no_photo.png,https://www.racingsportscars.com/about.html#contrib,https://www.racingsportscars.com/make/photo/Mitsubishi.html,https://www.racingsportscars.com/type/photo/Mitsubishi/Lancer.html,https://www.racingsportscars.com/suffix/photo/Mitsubishi/Lancer/Evo%20VIII.html,NA
nurburgring,2004-06-13,120,Honda Civic Type R - Honda,60,A3,,-,-,Peter Wyss (CH)/Arno Wester (D)/Michael Podlogar/Frank Warrings,NA,NA,NA,NA,NA,Honda,Civic,Type R,NA,Result: 60th (28 laps behind the winner)Grid: 122nd (10:21.1870),60th (28 laps behind the winner)Grid: 122nd (10:21.1870),finished,122,10:21.1870,28 laps behind the winner,NA,https://www.racingsportscars.com/images/car_no_photo.png,https://www.racingsportscars.com/about.html#contrib,https://www.racingsportscars.com/make/photo/Honda.html,https://www.racingsportscars.com/type/photo/Honda/Civic.html,https://www.racingsportscars.com/suffix/photo/Honda/Civic/Type%20R.html,NA
nurburgring,2004-06-13,72,BMW 320i - BMW,61,A3,Engstler Motorsport,Closed bodywork,Front-engined,Franz Engstler (D)/Richard Göransson (S)/Donald Molenaar (NL)/Tim Coronel (NL),NA,NA,NA,NA,NA,BMW,320i,NA,NA,Result: 61st (28 laps behind the winner)Grid: 40th (9:31.6640),61st (28 laps behind the winner)Grid: 40th (9:31.6640),finished,40,9:31.6640,28 laps behind the winner,NA,https://www.racingsportscars.com/images/car_no_photo.png,https://www.racingsportscars.com/about.html#contrib,https://www.racingsportscars.com/make/photo/BMW.html,https://www.racingsportscars.com/type/photo/BMW/320i.html,NA,NA
nurburgring,2004-06-13,118,Honda Integra Type R - Honda,62,A3,,-,-,Mike Rimmer/Chris Rimmer/Llynden Riethmüller (AUS),NA,NA,NA,NA,NA,Honda,Integra,Type R,NA,Result: 62nd (28 laps behind the winner)Grid: 99th (10:12.7790),62nd (28 laps behind the winner)Grid: 99th (10:12.7790),finished,99,10:12.7790,28 laps behind the winner,NA,https://www.racingsportscars.com/images/car_no_photo.png,https://www.racingsportscars.com/about.html#contrib,https://www.racingsportscars.com/make/photo/Honda.html,https://www.racingsportscars.com/type/photo/Honda/Integra.html,https://www.racingsportscars.com/suffix/photo/Honda/Integra/Type%20R.html,NA
nurburgring,2004-06-13,203,BMW M3 - BMW,63,V4,"DSK e.V. ""Ja zum Motorsport""",Closed bodywork,Front-engined,Hans-Rolf Salzer/Sascha Salzer,NA,NA,NA,NA,NA,BMW,M3,NA,NA,Result: 63rd (29 laps behind the winner)Grid: 134th (10:26.8580),63rd (29 laps behind the winner)Grid: 134th (10:26.8580),finished,134,10:26.8580,29 laps behind the winner,NA,https://www.racingsportscars.com/images/car_no_photo.png,https://www.racingsportscars.com/about.html#contrib,https://www.racingsportscars.com/make/photo/BMW.html,https://www.racingsportscars.com/type/photo/BMW/M3.html,NA,NA
nurburgring,2004-06-13,189,Opel Astra OPC - Opel,64,V3,ADAC Pfalz e.V.,-,-,Hans-Peter Wilsberg/Thomas Schulte/Ulrich Henning/Oliver Schmidt,NA,NA,NA,NA,NA,Opel,Astra,OPC,NA,Result: 64th (29 laps behind the winner)Grid: 181st (10:51.4041),64th (29 laps behind the winner)Grid: 181st (10:51.4041),finished,181,10:51.4041,29 laps behind the winner,NA,https://www.racingsportscars.com/images/car_no_photo.png,https://www.racingsportscars.com/about.html#contrib,https://www.racingsportscars.com/make/photo/Opel.html,https://www.racingsportscars.com/type/photo/Opel/Astra.html,https://www.racingsportscars.com/suffix/photo/Opel/Astra/OPC.html,NA
nurburgring,2004-06-13,156,Ford Fiesta ST - Ford N/A,65,A2,,Closed bodywork,Front-engined,Harald Hennes (D)/Carsten Seifert (D)/Thomas Gerling/Philipp Stange,NA,NA,NA,NA,NA,Ford,Fiesta,ST,NA,Result: 65th 1st in A2 (29 laps behind the winner)Grid: 121st (10:20.3100),65th 1st in A2 (29 laps behind the winner)Grid: 121st (10:20.3100),finished,121,10:20.3100,29 laps behind the winner,NA,https://www.racingsportscars.com/images/car_no_photo.png,https://www.racingsportscars.com/about.html#contrib,https://www.racingsportscars.com/make/photo/Ford.html,https://www.racingsportscars.com/type/photo/Ford/Fiesta.html,https://www.racingsportscars.com/suffix/photo/Ford/Fiesta/ST.html,NA
nurburgring,2004-06-13,228,Honda Civic Type R - Honda,66,N2,,Closed bodywork,Front-engined,Michael Marsani/Olaf Neunkirchen/Kai von Schauroth/Mathias Schläppi (CH),NA,NA,NA,NA,NA,Honda,Civic,Type R,NA,Result: 66th (29 laps behind the winner)Grid: 131st (10:25.3470),66th (29 laps behind the winner)Grid: 131st (10:25.3470),finished,131,10:25.3470,29 laps behind the winner,NA,https://www.racingsportscars.com/images/car_no_photo.png,https://www.racingsportscars.com/about.html#contrib,https://www.racingsportscars.com/make/photo/Honda.html,https://www.racingsportscars.com/type/photo/Honda/Civic.html,https://www.racingsportscars.com/suffix/photo/Honda/Civic/Type%20R.html,NA
nurburgring,2004-06-13,236,Honda Civic Type R - Honda,67,N2,,Closed bodywork,Front-engined,Knut Kohlmorgen/Thorsten Kill/Uwe Unteroberdörster/Roland Senge,NA,NA,NA,NA,NA,Honda,Civic,Type R,NA,Result: 67th (29 laps behind the winner)Grid: 119th (10:19.9580),67th (29 laps behind the winner)Grid: 119th (10:19.9580),finished,119,10:19.9580,29 laps behind the winner,NA,https://www.racingsportscars.com/images/car_no_photo.png,https://www.racingsportscars.com/about.html#contrib,https://www.racingsportscars.com/make/photo/Honda.html,https://www.racingsportscars.com/type/photo/Honda/Civic.html,https://www.racingsportscars.com/suffix/photo/Honda/Civic/Type%20R.html,NA
nurburgring,2004-06-13,197,BMW M3 - BMW,68,V4,Dolate Motorsport,Closed bodywork,Front-engined,Nikolaus Wegeler/Dirk Wachendorf/Fred Brandt,NA,NA,NA,NA,NA,BMW,M3,NA,NA,Result: 68th (29 laps behind the winner)Grid: 113th (10:18.0700),68th (29 laps behind the winner)Grid: 113th (10:18.0700),finished,113,10:18.0700,29 laps behind the winner,NA,https://www.racingsportscars.com/images/car_no_photo.png,https://www.racingsportscars.com/about.html#contrib,https://www.racingsportscars.com/make/photo/BMW.html,https://www.racingsportscars.com/type/photo/BMW/M3.html,NA,NA
nurburgring,2004-06-13,220,Honda Integra Type R - Honda,69,N2,,-,-,Martyn Spurrell/John Coates/Rob Croydon (GB),NA,NA,NA,NA,NA,Honda,Integra,Type R,NA,Result: 69th (30 laps behind the winner)Grid: 142nd (10:32.4890),69th (30 laps behind the winner)Grid: 142nd (10:32.4890),finished,142,10:32.4890,30 laps behind the winner,NA,https://www.racingsportscars.com/images/car_no_photo.png,https://www.racingsportscars.com/about.html#contrib,https://www.racingsportscars.com/make/photo/Honda.html,https://www.racingsportscars.com/type/photo/Honda/Integra.html,https://www.racingsportscars.com/suffix/photo/Honda/Integra/Type%20R.html,NA
nurburgring,2004-06-13,152,Mitsubishi Mirage RS - Mitsubishi,70,A2,,Closed bodywork,Front-engined,Mal Rose (AUS)/Anthony Robson (AUS)/Kevin Burton/Peter Leemhuis (AUS),TOYO/my105.com,black (+yellow),Toyo,27/04/2024,Udo Klinkel,Mitsubishi,Mirage,RS,NA,Result: 70th (30 laps behind the winner)Grid: 205th (11:11.4170),70th (30 laps behind the winner)Grid: 205th (11:11.4170),finished,205,11:11.4170,30 laps behind the winner,NA,https://www.racingsportscars.com/tn/photo/2004/TN_Nurburgring-2004-06-13-152.jpg,https://www.racingsportscars.com/photo/2004/Nurburgring-2004-06-13-152.jpg,https://www.racingsportscars.com/make/photo/Mitsubishi.html,https://www.racingsportscars.com/type/photo/Mitsubishi/Mirage.html,https://www.racingsportscars.com/suffix/photo/Mitsubishi/Mirage/RS.html,NA
nurburgring,2004-06-13,73,BMW M3 - BMW,71,A5,MSC Rhön e.V. im AvD,Closed bodywork,Front-engined,Ivano Giuliani (I)/Giovanni Bottazzi/Giuliano Bottazzi/Ulli Rossaro,NA,NA,NA,NA,NA,BMW,M3,NA,NA,Result: 71st (30 laps behind the winner)Grid: 62nd (9:48.9630),71st (30 laps behind the winner)Grid: 62nd (9:48.9630),finished,62,9:48.9630,30 laps behind the winner,NA,https://www.racingsportscars.com/images/car_no_photo.png,https://www.racingsportscars.com/about.html#contrib,https://www.racingsportscars.com/make/photo/BMW.html,https://www.racingsportscars.com/type/photo/BMW/M3.html,NA,NA
nurburgring,2004-06-13,237,Honda Civic Type R - Honda,72,N2,Fleper Motorsport,Closed bodywork,Front-engined,Joachim Steidel (D)/Herbert von Danwitz (D)/Marcel Hoppe (D)/Michael Oberdries,NA,NA,NA,NA,NA,Honda,Civic,Type R,NA,Result: 72nd (30 laps behind the winner)Grid: 109th (10:17.0100),72nd (30 laps behind the winner)Grid: 109th (10:17.0100),finished,109,10:17.0100,30 laps behind the winner,NA,https://www.racingsportscars.com/images/car_no_photo.png,https://www.racingsportscars.com/about.html#contrib,https://www.racingsportscars.com/make/photo/Honda.html,https://www.racingsportscars.com/type/photo/Honda/Civic.html,https://www.racingsportscars.com/suffix/photo/Honda/Civic/Type%20R.html,NA
nurburgring,2004-06-13,196,Porsche Boxster - Porsche,73,V4,,-,-,Harald Müller (D)/Reinhold Renger (D)/Felix Gropengießer,NA,NA,NA,NA,NA,Porsche,Boxster,NA,NA,Result: 73rd (31 laps behind the winner)Grid: 101st (10:13.0160),73rd (31 laps behind the winner)Grid: 101st (10:13.0160),finished,101,10:13.0160,31 laps behind the winner,NA,https://www.racingsportscars.com/images/car_no_photo.png,https://www.racingsportscars.com/about.html#contrib,https://www.racingsportscars.com/make/photo/Porsche.html,https://www.racingsportscars.com/type/photo/Porsche/Boxster.html,NA,NA
nurburgring,2004-06-13,260,Alfa Romeo 147 Cup 1.9 JTD - Alfa Romeo,74,S1,Classic Driver,-,-,"""Fred Feuerstein""/Barney Geröllheimer/Mr. Slate/Peter Heckmann",NA,NA,NA,NA,NA,Alfa Romeo,147,Cup 1.9 JTD,NA,Result: 74th (31 laps behind the winner)Grid: 209th (11:13.5170),74th (31 laps behind the winner)Grid: 209th (11:13.5170),finished,209,11:13.5170,31 laps behind the winner,NA,https://www.racingsportscars.com/images/car_no_photo.png,https://www.racingsportscars.com/about.html#contrib,https://www.racingsportscars.com/make/photo/Alfa%20Romeo.html,https://www.racingsportscars.com/type/photo/Alfa%20Romeo/147.html,https://www.racingsportscars.com/suffix/photo/Alfa%20Romeo/147/Cup%201.9%20JTD.html,NA
nurburgring,2004-06-13,140,VW Golf IV Kit Car - VW,75,A3,H&R Spezialfedern,Closed bodywork,Front-engined,Michael Dernedde/Heinz Remmen/Kai Jordan (D)/Florian Gruber (D),H&R/Scheiben-Doktor,silver,Dunlop,27/04/2024,Udo Klinkel,VW,Golf,IV Kit Car,NA,Result: 75th (31 laps behind the winner)Grid: 48th (9:36.1370),75th (31 laps behind the winner)Grid: 48th (9:36.1370),finished,48,9:36.1370,31 laps behind the winner,NA,https://www.racingsportscars.com/tn/photo/2004/TN_Nurburgring-2004-06-13-140.jpg,https://www.racingsportscars.com/photo/2004/Nurburgring-2004-06-13-140.jpg,https://www.racingsportscars.com/make/photo/VW.html,https://www.racingsportscars.com/type/photo/VW/Golf.html,https://www.racingsportscars.com/suffix/photo/VW/Golf/IV%20Kit%20Car.html,NA
nurburgring,2004-06-13,101,Mini Cooper -,76,A4,Fakt Prüfzentrum-BSO 2001,Closed bodywork,Front-engined,Andreas Decker/Robert Fassl/Frank Herrmann/Jörg Weidinger (D),NA,NA,NA,NA,NA,Mini,Cooper,NA,NA,Result: 76th (31 laps behind the winner)Grid: 92nd (10:10.2980),76th (31 laps behind the winner)Grid: 92nd (10:10.2980),finished,92,10:10.2980,31 laps behind the winner,NA,https://www.racingsportscars.com/images/car_no_photo.png,https://www.racingsportscars.com/about.html#contrib,https://www.racingsportscars.com/make/photo/Mini.html,https://www.racingsportscars.com/type/photo/Mini/Cooper.html,NA,NA
nurburgring,2004-06-13,235,Honda Civic Type R - Honda,77,N2,Scuderia Offenbach e.V.,Closed bodywork,Front-engined,Ralph-Peter Rink (D)/Andreas Weiland (D)/Nikolai von Prittwitz/Torsten Trenz,NA,NA,NA,NA,NA,Honda,Civic,Type R,NA,Result: 77th (31 laps behind the winner)Grid: 94th (10:11.0340),77th (31 laps behind the winner)Grid: 94th (10:11.0340),finished,94,10:11.0340,31 laps behind the winner,NA,https://www.racingsportscars.com/images/car_no_photo.png,https://www.racingsportscars.com/about.html#contrib,https://www.racingsportscars.com/make/photo/Honda.html,https://www.racingsportscars.com/type/photo/Honda/Civic.html,https://www.racingsportscars.com/suffix/photo/Honda/Civic/Type%20R.html,NA
nurburgring,2004-06-13,199,Mercedes-Benz 190 E - Mercedes-Benz N/A,78,V4,,Closed bodywork,Front-engined,Dirk Roth (D)/Andreas Schettler (D)/Thomas Mautner,NA,NA,NA,NA,NA,Mercedes-Benz,190 E,NA,NA,Result: 78th (31 laps behind the winner)Grid: 111th (10:17.0850),78th (31 laps behind the winner)Grid: 111th (10:17.0850),finished,111,10:17.0850,31 laps behind the winner,NA,https://www.racingsportscars.com/images/car_no_photo.png,https://www.racingsportscars.com/about.html#contrib,https://www.racingsportscars.com/make/photo/Mercedes-Benz.html,https://www.racingsportscars.com/type/photo/Mercedes-Benz/190%20E.html,NA,NA
nurburgring,2004-06-13,58,Porsche Boxster - Porsche,79,A6,,Closed bodywork,-,Hannes Ressl/Harald Egger/Peter Bergmann/Reinhard Wenger,KEIPER/RECARO,red/blue (+black),NA,27/04/2024,Udo Klinkel,Porsche,Boxster,NA,NA,Result: 79th (32 laps behind the winner)Grid: 136th (10:27.4080),79th (32 laps behind the winner)Grid: 136th (10:27.4080),finished,136,10:27.4080,32 laps behind the winner,NA,https://www.racingsportscars.com/tn/photo/2004/TN_Nurburgring-2004-06-13-058.jpg,https://www.racingsportscars.com/photo/2004/Nurburgring-2004-06-13-058.jpg,https://www.racingsportscars.com/make/photo/Porsche.html,https://www.racingsportscars.com/type/photo/Porsche/Boxster.html,NA,NA
nurburgring,2004-06-13,229,Honda Civic Type R - Honda,80,N2,MSC Mühlheim e.V.,Closed bodywork,Front-engined,Roland Lotzmann/Frank Totz/Jörg Totz,NA,NA,NA,NA,NA,Honda,Civic,Type R,NA,Result: 80th (32 laps behind the winner)Grid: 138th (10:29.9070),80th (32 laps behind the winner)Grid: 138th (10:29.9070),finished,138,10:29.9070,32 laps behind the winner,NA,https://www.racingsportscars.com/images/car_no_photo.png,https://www.racingsportscars.com/about.html#contrib,https://www.racingsportscars.com/make/photo/Honda.html,https://www.racingsportscars.com/type/photo/Honda/Civic.html,https://www.racingsportscars.com/suffix/photo/Honda/Civic/Type%20R.html,NA
nurburgring,2004-06-13,268,Seat Ibiza TDi - Seat Turbo Diesel,81,S1,,Closed bodywork,Front-engined,Nicola Tesini (I)/Giovanni Mancini/Matthias Hempfling/Roberto Ragazzi (I),NA,NA,NA,NA,NA,Seat,Ibiza,TDi,NA,Result: 81st (32 laps behind the winner)Grid: 202nd (11:08.1801),81st (32 laps behind the winner)Grid: 202nd (11:08.1801),finished,202,11:08.1801,32 laps behind the winner,NA,https://www.racingsportscars.com/images/car_no_photo.png,https://www.racingsportscars.com/about.html#contrib,https://www.racingsportscars.com/make/photo/Seat.html,https://www.racingsportscars.com/type/photo/Seat/Ibiza.html,https://www.racingsportscars.com/suffix/photo/Seat/Ibiza/TDi.html,NA
nurburgring,2004-06-13,157,Honda Civic - Honda,82,A2,Scuderia Augustusburg Brühl e.V. im ADAC,-,-,Eric Freichels (D)/Michael Klotz/Jochen Garnjost/Christer Hallgren,NA,NA,NA,NA,NA,Honda,Civic,NA,NA,Result: 82nd (32 laps behind the winner)Grid: 213th (11:23.3470),82nd (32 laps behind the winner)Grid: 213th (11:23.3470),finished,213,11:23.3470,32 laps behind the winner,NA,https://www.racingsportscars.com/images/car_no_photo.png,https://www.racingsportscars.com/about.html#contrib,https://www.racingsportscars.com/make/photo/Honda.html,https://www.racingsportscars.com/type/photo/Honda/Civic.html,NA,NA
nurburgring,2004-06-13,33,Porsche 996 GT3-RS - Porsche,83,A7,Scuderia Offenbach e.V.,Closed bodywork,Rear-engined,Harald Weiland (D)/Achim Schneider (D)/Michael Prym (A)/Friedrich Ungnadner,NA,NA,NA,NA,NA,Porsche,996 GT3-RS,NA,NA,Result: 83rd (33 laps behind the winner)Grid: 52nd (9:40.2240),83rd (33 laps behind the winner)Grid: 52nd (9:40.2240),finished,52,9:40.2240,33 laps behind the winner,NA,https://www.racingsportscars.com/images/car_no_photo.png,https://www.racingsportscars.com/about.html#contrib,https://www.racingsportscars.com/make/photo/Porsche.html,https://www.racingsportscars.com/type/photo/Porsche/996%20GT3-RS.html,NA,NA
nurburgring,2004-06-13,233,Honda Civic Type R - Honda,84,N2,Sport Auto,Closed bodywork,Front-engined,Florian Auer/Sascha Weber/Sebastian Grunert (D)/Reinhard Huber (D),sport auto/Honda Racing,white,Dunlop,27/04/2024,Udo Klinkel,Honda,Civic,Type R,NA,Result: 84th (33 laps behind the winner)Grid: 105th (10:15.8850),84th (33 laps behind the winner)Grid: 105th (10:15.8850),finished,105,10:15.8850,33 laps behind the winner,NA,https://www.racingsportscars.com/tn/photo/2004/TN_Nurburgring-2004-06-13-233.jpg,https://www.racingsportscars.com/photo/2004/Nurburgring-2004-06-13-233.jpg,https://www.racingsportscars.com/make/photo/Honda.html,https://www.racingsportscars.com/type/photo/Honda/Civic.html,https://www.racingsportscars.com/suffix/photo/Honda/Civic/Type%20R.html,NA
nurburgring,2004-06-13,183,BMW 318 is - BMW,85,V2,Faber Finesse Racing,Closed bodywork,Front-engined,Carsten Spengemann/Leonard Diepenbrock/Frank Schmitz/Franz Fabian,NA,NA,NA,NA,NA,BMW,318,is,NA,Result: 85th (33 laps behind the winner)Grid: 173rd (10:46.7080),85th (33 laps behind the winner)Grid: 173rd (10:46.7080),finished,173,10:46.7080,33 laps behind the winner,NA,https://www.racingsportscars.com/images/car_no_photo.png,https://www.racingsportscars.com/about.html#contrib,https://www.racingsportscars.com/make/photo/BMW.html,https://www.racingsportscars.com/type/photo/BMW/318.html,https://www.racingsportscars.com/suffix/photo/BMW/318/is.html,NA
nurburgring,2004-06-13,139,Seat Ibiza - Seat,86,A3,AC Mülheim-Ruhr e.V.,-,-,Holger Roggenbuck/Rolf Siebert/Aaron Burkart/Berthold Bassfeld,NA,NA,NA,NA,NA,Seat,Ibiza,NA,NA,Result: 86th (33 laps behind the winner)Grid: 200th (11:06.1021),86th (33 laps behind the winner)Grid: 200th (11:06.1021),finished,200,11:06.1021,33 laps behind the winner,NA,https://www.racingsportscars.com/images/car_no_photo.png,https://www.racingsportscars.com/about.html#contrib,https://www.racingsportscars.com/make/photo/Seat.html,https://www.racingsportscars.com/type/photo/Seat/Ibiza.html,NA,NA
nurburgring,2004-06-13,79,Porsche 996 GT3 - Porsche F6 4v DOHC N/A,87,A7,,Closed bodywork,Rear-engined,Karl-Christian Lück (D)/Hubert Haupt (D)/Klaus Rader (D)/Marcel Wintersohl,BF Goodrich,red/black,BF Goodrich,27/04/2024,Udo Klinkel,Porsche,996 GT3,NA,NA,Result: 87th (33 laps behind the winner)Grid: 28th (9:19.5610),87th (33 laps behind the winner)Grid: 28th (9:19.5610),finished,28,9:19.5610,33 laps behind the winner,NA,https://www.racingsportscars.com/tn/photo/2004/TN_Nurburgring-2004-06-13-079.jpg,https://www.racingsportscars.com/photo/2004/Nurburgring-2004-06-13-079.jpg,https://www.racingsportscars.com/make/photo/Porsche.html,https://www.racingsportscars.com/type/photo/Porsche/996%20GT3.html,NA,NA
nurburgring,2004-06-13,255,VW Golf IV R-TDi - VW Turbo Diesel,88,S1,,Closed bodywork,Front-engined,Paul-Martin Dose (D)/Helmut Bolz (D)/Uwe Seuser/Martin Schilling,NA,NA,NA,NA,NA,VW,Golf,IV R-TDi,NA,Result: 88th (33 laps behind the winner)Grid: 155th (10:37.9580),88th (33 laps behind the winner)Grid: 155th (10:37.9580),finished,155,10:37.9580,33 laps behind the winner,NA,https://www.racingsportscars.com/images/car_no_photo.png,https://www.racingsportscars.com/about.html#contrib,https://www.racingsportscars.com/make/photo/VW.html,https://www.racingsportscars.com/type/photo/VW/Golf.html,https://www.racingsportscars.com/suffix/photo/VW/Golf/IV%20R-TDi.html,NA
nurburgring,2004-06-13,219,Honda Integra Type R - Honda,89,N2,Dürener Motorsportclub e.V. im ADAC,-,-,Hans Keutmann (D)/Bruce Trenery (USA)/Steve Pfeifer (USA)/Maurice O'Reilly (NZ),NA,NA,NA,NA,NA,Honda,Integra,Type R,NA,Result: 89th (33 laps behind the winner)Grid: 191st (10:56.1990),89th (33 laps behind the winner)Grid: 191st (10:56.1990),finished,191,10:56.1990,33 laps behind the winner,NA,https://www.racingsportscars.com/images/car_no_photo.png,https://www.racingsportscars.com/about.html#contrib,https://www.racingsportscars.com/make/photo/Honda.html,https://www.racingsportscars.com/type/photo/Honda/Integra.html,https://www.racingsportscars.com/suffix/photo/Honda/Integra/Type%20R.html,NA
nurburgring,2004-06-13,131,Opel Vectra - Opel,90,A3,,-,-,Stefan Hardtke/Roland Hardtke/Gerd Flentje/Andre Schächinger,NA,NA,NA,NA,NA,Opel,Vectra,NA,NA,Result: 90th (33 laps behind the winner)Grid: 176th (10:48.4530),90th (33 laps behind the winner)Grid: 176th (10:48.4530),finished,176,10:48.4530,33 laps behind the winner,NA,https://www.racingsportscars.com/images/car_no_photo.png,https://www.racingsportscars.com/about.html#contrib,https://www.racingsportscars.com/make/photo/Opel.html,https://www.racingsportscars.com/type/photo/Opel/Vectra.html,NA,NA
nurburgring,2004-06-13,63,Audi S3 quattro Turbo - Audi,91,A6,,-,-,Hans-Joachim Holz/Werner Scholz/Martin De Groot,NA,NA,NA,NA,NA,Audi,S3,quattro Turbo,NA,Result: 91st (34 laps behind the winner)Grid: 115th (10:18.6610),91st (34 laps behind the winner)Grid: 115th (10:18.6610),finished,115,10:18.6610,34 laps behind the winner,NA,https://www.racingsportscars.com/images/car_no_photo.png,https://www.racingsportscars.com/about.html#contrib,https://www.racingsportscars.com/make/photo/Audi.html,https://www.racingsportscars.com/type/photo/Audi/S3.html,https://www.racingsportscars.com/suffix/photo/Audi/S3/quattro%20Turbo.html,NA
nurburgring,2004-06-13,159,Citroën Saxo VTS # - Citroën N/A,92,A2,Frensch Power Motorsport,Closed bodywork,-,Hans-Dieter Herzog/Florian Frensch/Charles Voggenreiter/Julian Dodd,NA,NA,NA,NA,NA,Citroën,Saxo,VTS,#,Result: 92nd (34 laps behind the winner)Grid: 154th (10:37.7419),92nd (34 laps behind the winner)Grid: 154th (10:37.7419),finished,154,10:37.7419,34 laps behind the winner,NA,https://www.racingsportscars.com/images/car_no_photo.png,https://www.racingsportscars.com/about.html#contrib,https://www.racingsportscars.com/make/photo/Citro%c3%abn.html,https://www.racingsportscars.com/type/photo/Citro%c3%abn/Saxo.html,https://www.racingsportscars.com/suffix/photo/Citro%c3%abn/Saxo/VTS.html,https://www.racingsportscars.com/chassis/photo/Saxo-Frensch%23.html
nurburgring,2004-06-13,14,Audi V8 - Audi,93,A8,Derichs Rennwagen e.V.,-,-,Erwin Derichs (D)/Manfred Kubik (A)/Rolf Kienen (D)/Helmut Undorf (D),NA,NA,NA,NA,NA,Audi,V8,NA,NA,Result: 93rd (35 laps behind the winner)Grid: 219th (11:50.9540),93rd (35 laps behind the winner)Grid: 219th (11:50.9540),finished,219,11:50.9540,35 laps behind the winner,NA,https://www.racingsportscars.com/images/car_no_photo.png,https://www.racingsportscars.com/about.html#contrib,https://www.racingsportscars.com/make/photo/Audi.html,https://www.racingsportscars.com/type/photo/Audi/V8.html,NA,NA
nurburgring,2004-06-13,185,BMW 318 is Coupé - BMW,94,V2,,Closed bodywork,Front-engined,Marc Lee/Stefan Viehmann/Holger Knudsen (DK)/Oliver Hofmann,NA,NA,NA,NA,NA,BMW,318,is Coupé,NA,Result: 94th (35 laps behind the winner)Grid: 189th (10:55.1820),94th (35 laps behind the winner)Grid: 189th (10:55.1820),finished,189,10:55.1820,35 laps behind the winner,NA,https://www.racingsportscars.com/images/car_no_photo.png,https://www.racingsportscars.com/about.html#contrib,https://www.racingsportscars.com/make/photo/BMW.html,https://www.racingsportscars.com/type/photo/BMW/318.html,https://www.racingsportscars.com/suffix/photo/BMW/318/is%20Coup%c3%a9.html,NA
nurburgring,2004-06-13,180,Seat Toledo - Seat,95,V2,Dortmunder Motorsportclub e.V. im ADAC,-,-,Jürgen Stüwe/Wolfgang Lemmens/Tom Glodde,NA,NA,NA,NA,NA,Seat,Toledo,NA,NA,Result: 95th (35 laps behind the winner)Grid: 211th (11:18.7090),95th (35 laps behind the winner)Grid: 211th (11:18.7090),finished,211,11:18.7090,35 laps behind the winner,NA,https://www.racingsportscars.com/images/car_no_photo.png,https://www.racingsportscars.com/about.html#contrib,https://www.racingsportscars.com/make/photo/Seat.html,https://www.racingsportscars.com/type/photo/Seat/Toledo.html,NA,NA
nurburgring,2004-06-13,36,BMW M3 - BMW,96,A7,,Closed bodywork,Front-engined,Jean-Marie Dumont (L)/Frédéric Schmit (F)/Thierry Chkondali (F)/Nico Demuth (L),NA,NA,NA,NA,NA,BMW,M3,NA,NA,Result: 96th (36 laps behind the winner)Grid: 107th (10:16.8610),96th (36 laps behind the winner)Grid: 107th (10:16.8610),finished,107,10:16.8610,36 laps behind the winner,NA,https://www.racingsportscars.com/images/car_no_photo.png,https://www.racingsportscars.com/about.html#contrib,https://www.racingsportscars.com/make/photo/BMW.html,https://www.racingsportscars.com/type/photo/BMW/M3.html,NA,NA
nurburgring,2004-06-13,213,BMW M3 GT - BMW,97,V5,MSC Rhön e.V. im AvD,Closed bodywork,Front-engined,Luigi Scalini (I)/Timo Saccomanno/Alberto Grimoldi (I)/Luca Zuppini,NA,NA,NA,NA,NA,BMW,M3,GT,NA,Result: 97th 1st in V5 (36 laps behind the winner)Grid: 206th (11:11.7000),97th 1st in V5 (36 laps behind the winner)Grid: 206th (11:11.7000),finished,206,11:11.7000,36 laps behind the winner,NA,https://www.racingsportscars.com/images/car_no_photo.png,https://www.racingsportscars.com/about.html#contrib,https://www.racingsportscars.com/make/photo/BMW.html,https://www.racingsportscars.com/type/photo/BMW/M3.html,https://www.racingsportscars.com/suffix/photo/BMW/M3/GT.html,NA
nurburgring,2004-06-13,179,Ford Puma - Ford,98,V2,,-,-,Björn Herrmann/Martin Kämmerling/Sven Panowitz/Christian Steffens (D),NA,NA,NA,NA,NA,Ford,Puma,NA,NA,Result: 98th (37 laps behind the winner)Grid: 172nd (10:46.3190),98th (37 laps behind the winner)Grid: 172nd (10:46.3190),finished,172,10:46.3190,37 laps behind the winner,NA,https://www.racingsportscars.com/images/car_no_photo.png,https://www.racingsportscars.com/about.html#contrib,https://www.racingsportscars.com/make/photo/Ford.html,https://www.racingsportscars.com/type/photo/Ford/Puma.html,NA,NA
nurburgring,2004-06-13,20,BMW Z3 M Coupé - BMW,99,A6,,-,-,Ralph Bohnhorst/Torsten Schubert (D)/Thomas Winkelhock (D)/Claudia Hürtgen (D),NA,NA,NA,NA,NA,BMW,Z3,M Coupé,NA,Result: 99th (37 laps behind the winner)Grid: 59th (9:43.9570),99th (37 laps behind the winner)Grid: 59th (9:43.9570),finished,59,9:43.9570,37 laps behind the winner,NA,https://www.racingsportscars.com/images/car_no_photo.png,https://www.racingsportscars.com/about.html#contrib,https://www.racingsportscars.com/make/photo/BMW.html,https://www.racingsportscars.com/type/photo/BMW/Z3.html,https://www.racingsportscars.com/suffix/photo/BMW/Z3/M%20Coup%c3%a9.html,NA
nurburgring,2004-06-13,109,BMW M3 - BMW,100,A5,,Closed bodywork,Front-engined,Frank Nöhring (D)/Thomas Wirtz/Eugen Sing/Karlheinz Grüner (D),NA,NA,NA,NA,NA,BMW,M3,NA,NA,Result: 100th (37 laps behind the winner)Grid: 58th (9:43.8270),100th (37 laps behind the winner)Grid: 58th (9:43.8270),finished,58,9:43.8270,37 laps behind the winner,NA,https://www.racingsportscars.com/images/car_no_photo.png,https://www.racingsportscars.com/about.html#contrib,https://www.racingsportscars.com/make/photo/BMW.html,https://www.racingsportscars.com/type/photo/BMW/M3.html,NA,NA
nurburgring,2004-06-13,100,BMW M3 E46 - BMW,101,A4,,Closed bodywork,Front-engined,Heribert Steiner (D)/Henning Meyersrenken/Donny Wagner/Rainer Schieben,GOODYEAR,white/yellow (+dark blue),Goodyear,27/04/2024,Udo Klinkel,BMW,M3,E46,NA,Result: 101st (37 laps behind the winner)Grid: 133rd (10:26.7629),101st (37 laps behind the winner)Grid: 133rd (10:26.7629),finished,133,10:26.7629,37 laps behind the winner,NA,https://www.racingsportscars.com/tn/photo/2004/TN_Nurburgring-2004-06-13-100.jpg,https://www.racingsportscars.com/photo/2004/Nurburgring-2004-06-13-100.jpg,https://www.racingsportscars.com/make/photo/BMW.html,https://www.racingsportscars.com/type/photo/BMW/M3.html,https://www.racingsportscars.com/suffix/photo/BMW/M3/E46.html,NA
nurburgring,2004-06-13,29,BMW M3 - BMW,102,V5,Bonnfinanz Motorsport,Closed bodywork,Front-engined,Oliver Rövenich (D)/Thomas Brügmann/Thomas Ambiel (D)/Jörg Hardt (D),NA,NA,NA,NA,NA,BMW,M3,NA,NA,Result: 102nd (37 laps behind the winner)Grid: 89th (10:08.6640),102nd (37 laps behind the winner)Grid: 89th (10:08.6640),finished,89,10:08.6640,37 laps behind the winner,NA,https://www.racingsportscars.com/images/car_no_photo.png,https://www.racingsportscars.com/about.html#contrib,https://www.racingsportscars.com/make/photo/BMW.html,https://www.racingsportscars.com/type/photo/BMW/M3.html,NA,NA
nurburgring,2004-06-13,70,Ford Fiesta - Ford N/A,103,A2,,Closed bodywork,Front-engined,Patrick Bernhardt (D)/Thomas Klenke (D)/Hermann Joha/Mola Adebisi,NA,NA,NA,NA,NA,Ford,Fiesta,NA,NA,Result: 103rd (37 laps behind the winner)Grid: 140th (10:30.9041),103rd (37 laps behind the winner)Grid: 140th (10:30.9041),finished,140,10:30.9041,37 laps behind the winner,NA,https://www.racingsportscars.com/images/car_no_photo.png,https://www.racingsportscars.com/about.html#contrib,https://www.racingsportscars.com/make/photo/Ford.html,https://www.racingsportscars.com/type/photo/Ford/Fiesta.html,NA,NA
nurburgring,2004-06-13,201,Honda Accord - Honda,104,V4,,-,-,Walter Nawotka (D)/Nikolaus Hardt/Gerd Grundmann/Mike Böttcher,NA,NA,NA,NA,NA,Honda,Accord,NA,NA,Result: 104th (37 laps behind the winner)Grid: 116th (10:19.2860),104th (37 laps behind the winner)Grid: 116th (10:19.2860),finished,116,10:19.2860,37 laps behind the winner,NA,https://www.racingsportscars.com/images/car_no_photo.png,https://www.racingsportscars.com/about.html#contrib,https://www.racingsportscars.com/make/photo/Honda.html,https://www.racingsportscars.com/type/photo/Honda/Accord.html,NA,NA
nurburgring,2004-06-13,124,Renault Clio RS - Renault,105,A3,,-,-,Michael Wellmann/Dietmar Konopka (D)/Markus Leger/Christian Ott (D),NA,NA,NA,NA,NA,Renault,Clio,RS,NA,Result: 105th (38 laps behind the winner)Grid: 97th (10:12.3730),105th (38 laps behind the winner)Grid: 97th (10:12.3730),finished,97,10:12.3730,38 laps behind the winner,NA,https://www.racingsportscars.com/images/car_no_photo.png,https://www.racingsportscars.com/about.html#contrib,https://www.racingsportscars.com/make/photo/Renault.html,https://www.racingsportscars.com/type/photo/Renault/Clio.html,https://www.racingsportscars.com/suffix/photo/Renault/Clio/RS.html,NA
nurburgring,2004-06-13,96,BMW 320is E30 - BMW,106,A3,Soda-Club-Team,Closed bodywork,Front-engined,Karl Brinker (D)/Werner Bauer/Oliver Schneck/Klaus-Peter Kristek,NA,orange (+dark blue/yellow),NA,27/04/2024,Udo Klinkel,BMW,320is,E30,NA,Result: 106th (38 laps behind the winner)Grid: 112th (10:17.4800),106th (38 laps behind the winner)Grid: 112th (10:17.4800),finished,112,10:17.4800,38 laps behind the winner,NA,https://www.racingsportscars.com/tn/photo/2004/TN_Nurburgring-2004-06-13-096.jpg,https://www.racingsportscars.com/photo/2004/Nurburgring-2004-06-13-096.jpg,https://www.racingsportscars.com/make/photo/BMW.html,https://www.racingsportscars.com/type/photo/BMW/320is.html,https://www.racingsportscars.com/suffix/photo/BMW/320is/E30.html,NA
nurburgring,2004-06-13,78,BMW M3 - BMW,107,A5,,Closed bodywork,Front-engined,Winfried Lobe/Marcus Frey/E. .l. Cabra/Pedro Passyutu,NA,NA,NA,NA,NA,BMW,M3,NA,NA,Result: 107th (38 laps behind the winner)Grid: 132nd (10:26.3090),107th (38 laps behind the winner)Grid: 132nd (10:26.3090),finished,132,10:26.3090,38 laps behind the winner,NA,https://www.racingsportscars.com/images/car_no_photo.png,https://www.racingsportscars.com/about.html#contrib,https://www.racingsportscars.com/make/photo/BMW.html,https://www.racingsportscars.com/type/photo/BMW/M3.html,NA,NA
nurburgring,2004-06-13,129,Ford Puma - Ford,108,A3,MSC Winnenden e.V. im ADAC,-,-,Frank Aust/Robert Thiele/Martina Bossert/Ron Noll,NA,NA,NA,NA,NA,Ford,Puma,NA,NA,Result: 108th (39 laps behind the winner)Grid: 160th (10:40.9520),108th (39 laps behind the winner)Grid: 160th (10:40.9520),finished,160,10:40.9520,39 laps behind the winner,NA,https://www.racingsportscars.com/images/car_no_photo.png,https://www.racingsportscars.com/about.html#contrib,https://www.racingsportscars.com/make/photo/Ford.html,https://www.racingsportscars.com/type/photo/Ford/Puma.html,NA,NA
nurburgring,2004-06-13,137,Ford Puma - Ford,109,A3,,-,-,Dirk Kremp/Detlef Meiering/Gert Butenhoff/Kuno Kuttenkeuler,NA,NA,NA,NA,NA,Ford,Puma,NA,NA,Result: 109th (39 laps behind the winner)Grid: 183rd (10:51.9830),109th (39 laps behind the winner)Grid: 183rd (10:51.9830),finished,183,10:51.9830,39 laps behind the winner,NA,https://www.racingsportscars.com/images/car_no_photo.png,https://www.racingsportscars.com/about.html#contrib,https://www.racingsportscars.com/make/photo/Ford.html,https://www.racingsportscars.com/type/photo/Ford/Puma.html,NA,NA
nurburgring,2004-06-13,169,Suzuki Swift GTi R # - Suzuki,110,A1,,-,-,Christian Tschornia/Sebastian Tschornia/Guido Janzen/Franz Hasenstab,NA,NA,NA,NA,NA,Suzuki,Swift,GTi R,#,Result: 110th 1st in A1 (39 laps behind the winner)Grid: 186th (10:54.0400),110th 1st in A1 (39 laps behind the winner)Grid: 186th (10:54.0400),finished,186,10:54.0400,39 laps behind the winner,NA,https://www.racingsportscars.com/images/car_no_photo.png,https://www.racingsportscars.com/about.html#contrib,https://www.racingsportscars.com/make/photo/Suzuki.html,https://www.racingsportscars.com/type/photo/Suzuki/Swift.html,https://www.racingsportscars.com/suffix/photo/Suzuki/Swift/GTi%20R.html,https://www.racingsportscars.com/chassis/photo/Swift-Tschornia%23.html
nurburgring,2004-06-13,184,BMW 318 ti Compact - BMW,111,V2,,Closed bodywork,Front-engined,Peter Buschmans/Marco Keller (D)/Wolfgang Savelsbergh (D)/Martin Tschornia (D),NA,NA,NA,NA,NA,BMW,318,ti Compact,NA,Result: 111th (39 laps behind the winner)Grid: 139th (10:30.0120),111th (39 laps behind the winner)Grid: 139th (10:30.0120),finished,139,10:30.0120,39 laps behind the winner,NA,https://www.racingsportscars.com/images/car_no_photo.png,https://www.racingsportscars.com/about.html#contrib,https://www.racingsportscars.com/make/photo/BMW.html,https://www.racingsportscars.com/type/photo/BMW/318.html,https://www.racingsportscars.com/suffix/photo/BMW/318/ti%20Compact.html,NA
nurburgring,2004-06-13,66,Chrysler Viper GTS-R #C36 - Chrysler V10/90° 2v OHV 7986 cc N/A,112,A8,Zakspeed Racing GmbH & Co. KG (D),Closed bodywork,Front-engined,Hans-Peter Huppert-Nieder/Werner Mohr/Markus Großmann (D)/Andreas Gülden (D),NA,white/green (+black),Dunlop,27/04/2024,Udo Klinkel,Chrysler,Viper,GTS-R,#C36,Result: 112th (39 laps behind the winner)Grid: 8th (8:41.5280),112th (39 laps behind the winner)Grid: 8th (8:41.5280),finished,8,8:41.5280,39 laps behind the winner,NA,https://www.racingsportscars.com/tn/photo/2004/TN_Nurburgring-2004-06-13-066.jpg,https://www.racingsportscars.com/photo/2004/Nurburgring-2004-06-13-066.jpg,https://www.racingsportscars.com/make/photo/Chrysler.html,https://www.racingsportscars.com/type/photo/Chrysler/Viper.html,https://www.racingsportscars.com/suffix/photo/Chrysler/Viper/GTS-R.html,https://www.racingsportscars.com/chassis/photo/GTSR-C36.html
nurburgring,2004-06-13,77,Jaguar S-type Diesel - Jaguar Diesel,113,S1,Jaguar Deutschland GmbH,Closed bodywork,-,Wolfgang Schuhbauer (D)/Michael Hess (D)/Burkhard Bechtel/Anja Wassertheurer (D),NA,NA,NA,NA,NA,Jaguar,S-type,Diesel,NA,Result: 113th (39 laps behind the winner)Grid: 188th (10:54.8760),113th (39 laps behind the winner)Grid: 188th (10:54.8760),finished,188,10:54.8760,39 laps behind the winner,NA,https://www.racingsportscars.com/images/car_no_photo.png,https://www.racingsportscars.com/about.html#contrib,https://www.racingsportscars.com/make/photo/Jaguar.html,https://www.racingsportscars.com/type/photo/Jaguar/S-type.html,https://www.racingsportscars.com/suffix/photo/Jaguar/S-type/Diesel.html,NA
nurburgring,2004-06-13,127,BMW 318 is - BMW,114,A3,AC Oberhausen e.V.,-,-,Rainer Oesterbeck/Rolf Mölleken/Friedhelm Heidemann/Andreas Leiendecker,NA,NA,NA,NA,NA,BMW,318,is,NA,Result: 114th (40 laps behind the winner)Grid: 204th (11:09.7830),114th (40 laps behind the winner)Grid: 204th (11:09.7830),finished,204,11:09.7830,40 laps behind the winner,NA,https://www.racingsportscars.com/images/car_no_photo.png,https://www.racingsportscars.com/about.html#contrib,https://www.racingsportscars.com/make/photo/BMW.html,https://www.racingsportscars.com/type/photo/BMW/318.html,https://www.racingsportscars.com/suffix/photo/BMW/318/is.html,NA
nurburgring,2004-06-13,158,Honda Civic - Honda,115,A2,,-,-,Thomas Krüger (D)/Lothar Dahlen (D)/Nicole Dahlen/Georg Krause,NA,NA,NA,NA,NA,Honda,Civic,NA,NA,Result: 115th (40 laps behind the winner)Grid: 147th (10:34.1270),115th (40 laps behind the winner)Grid: 147th (10:34.1270),finished,147,10:34.1270,40 laps behind the winner,NA,https://www.racingsportscars.com/images/car_no_photo.png,https://www.racingsportscars.com/about.html#contrib,https://www.racingsportscars.com/make/photo/Honda.html,https://www.racingsportscars.com/type/photo/Honda/Civic.html,NA,NA
nurburgring,2004-06-13,138,BMW 318 is - BMW,116,V2,,Closed bodywork,Front-engined,Peter Seher/Iris Hoffmann/Marcel Luhr/Deniz Islek,NA,NA,NA,NA,NA,BMW,318,is,NA,Result: 116th (40 laps behind the winner)Grid: 198th (11:03.3760),116th (40 laps behind the winner)Grid: 198th (11:03.3760),finished,198,11:03.3760,40 laps behind the winner,NA,https://www.racingsportscars.com/images/car_no_photo.png,https://www.racingsportscars.com/about.html#contrib,https://www.racingsportscars.com/make/photo/BMW.html,https://www.racingsportscars.com/type/photo/BMW/318.html,https://www.racingsportscars.com/suffix/photo/BMW/318/is.html,NA
nurburgring,2004-06-13,242,BMW 325i - BMW,117,N3,Team DMV e.V.,Closed bodywork,Front-engined,Wolfgang Förster/Ralf-Udo Blöding/Elmar Brunsch/Kurt Lotz,NA,NA,NA,NA,NA,BMW,325i,NA,NA,Result: 117th 1st in N3 (40 laps behind the winner)Grid: 197th (10:59.6530),117th 1st in N3 (40 laps behind the winner)Grid: 197th (10:59.6530),finished,197,10:59.6530,40 laps behind the winner,NA,https://www.racingsportscars.com/images/car_no_photo.png,https://www.racingsportscars.com/about.html#contrib,https://www.racingsportscars.com/make/photo/BMW.html,https://www.racingsportscars.com/type/photo/BMW/325i.html,NA,NA
nurburgring,2004-06-13,142,Renault Mégane Cup - Renault,118,A3,,-,-,Horst Philipp/Rolf Jülich/Frank Lamberti,NA,NA,NA,NA,NA,Renault,Mégane,Cup,NA,Result: 118th (40 laps behind the winner)Grid: 166th (10:44.6260),118th (40 laps behind the winner)Grid: 166th (10:44.6260),finished,166,10:44.6260,40 laps behind the winner,NA,https://www.racingsportscars.com/images/car_no_photo.png,https://www.racingsportscars.com/about.html#contrib,https://www.racingsportscars.com/make/photo/Renault.html,https://www.racingsportscars.com/type/photo/Renault/M%c3%a9gane.html,https://www.racingsportscars.com/suffix/photo/Renault/M%c3%a9gane/Cup.html,NA
nurburgring,2004-06-13,141,Lotus Elise -,119,A3,,Closed bodywork,Mid-engined,Ralf Zensen (D)/Christopher Peters (D)/Hermann Backus,Stelter/KOMO-TEC/DSK,white,NA,27/04/2024,Udo Klinkel,Lotus,Elise,NA,NA,Result: 119th (40 laps behind the winner)Grid: 82nd (10:06.1980),119th (40 laps behind the winner)Grid: 82nd (10:06.1980),finished,82,10:06.1980,40 laps behind the winner,NA,https://www.racingsportscars.com/tn/photo/2004/TN_Nurburgring-2004-06-13-141.jpg,https://www.racingsportscars.com/photo/2004/Nurburgring-2004-06-13-141.jpg,https://www.racingsportscars.com/make/photo/Lotus.html,https://www.racingsportscars.com/type/photo/Lotus/Elise.html,NA,NA
nurburgring,2004-06-13,225,Honda Civic Type R - Honda,120,N2,Dürener Motorsportclub e.V. im ADAC,Closed bodywork,Front-engined,Hans Keutmann (D)/Andre Krumbach (D)/Rolf Scheuring/Florian Scholze (D),NA,NA,NA,NA,NA,Honda,Civic,Type R,NA,Result: 120th (40 laps behind the winner)Grid: 93rd (10:10.3150),120th (40 laps behind the winner)Grid: 93rd (10:10.3150),finished,93,10:10.3150,40 laps behind the winner,NA,https://www.racingsportscars.com/images/car_no_photo.png,https://www.racingsportscars.com/about.html#contrib,https://www.racingsportscars.com/make/photo/Honda.html,https://www.racingsportscars.com/type/photo/Honda/Civic.html,https://www.racingsportscars.com/suffix/photo/Honda/Civic/Type%20R.html,NA
nurburgring,2004-06-13,126,Nissan Sunny Coupe - Nissan,121,A3,,-,-,Thomas Roth/Paul Hochweg/Monika Hochweg,NA,NA,NA,NA,NA,Nissan,Sunny,Coupe,NA,Result: 121st (42 laps behind the winner)Grid: 159th (10:40.8270),121st (42 laps behind the winner)Grid: 159th (10:40.8270),finished,159,10:40.8270,42 laps behind the winner,NA,https://www.racingsportscars.com/images/car_no_photo.png,https://www.racingsportscars.com/about.html#contrib,https://www.racingsportscars.com/make/photo/Nissan.html,https://www.racingsportscars.com/type/photo/Nissan/Sunny.html,https://www.racingsportscars.com/suffix/photo/Nissan/Sunny/Coupe.html,NA
nurburgring,2004-06-13,256,Alfa Romeo 147 JTD - Alfa Romeo,122,S1,,-,-,Dietrich Hueck (D)/Dale Daré/Werner Habermehl/Franz Schütte,NA,NA,NA,NA,NA,Alfa Romeo,147,JTD,NA,Result: 122nd (42 laps behind the winner)Grid: 165th (10:44.5861),122nd (42 laps behind the winner)Grid: 165th (10:44.5861),finished,165,10:44.5861,42 laps behind the winner,NA,https://www.racingsportscars.com/images/car_no_photo.png,https://www.racingsportscars.com/about.html#contrib,https://www.racingsportscars.com/make/photo/Alfa%20Romeo.html,https://www.racingsportscars.com/type/photo/Alfa%20Romeo/147.html,https://www.racingsportscars.com/suffix/photo/Alfa%20Romeo/147/JTD.html,NA
nurburgring,2004-06-13,160,VW Golf 16V - VW L4 4v N/A,123,A3,"DSK e.V. ""Ja zum Motorsport""",Closed bodywork,Front-engined,Helmut Arens/Heribert Blümel/Ralf Zimmermann,NA,NA,NA,NA,NA,VW,Golf,16V,NA,Result: 123rd (43 laps behind the winner)Grid: 161st (10:42.4620),123rd (43 laps behind the winner)Grid: 161st (10:42.4620),finished,161,10:42.4620,43 laps behind the winner,NA,https://www.racingsportscars.com/images/car_no_photo.png,https://www.racingsportscars.com/about.html#contrib,https://www.racingsportscars.com/make/photo/VW.html,https://www.racingsportscars.com/type/photo/VW/Golf.html,https://www.racingsportscars.com/suffix/photo/VW/Golf/16V.html,NA
nurburgring,2004-06-13,59,Audi 200 quattro - Audi,124,A6,,Closed bodywork,-,Dirk Riebensahm (D)/Christian Kohlhaas (D)/Christopher Gerhard,NA,orange,NA,27/04/2024,Udo Klinkel,Audi,200,quattro,NA,Result: 124th (43 laps behind the winner)Grid: 68th (9:57.3900),124th (43 laps behind the winner)Grid: 68th (9:57.3900),finished,68,9:57.3900,43 laps behind the winner,NA,https://www.racingsportscars.com/tn/photo/2004/TN_Nurburgring-2004-06-13-059.jpg,https://www.racingsportscars.com/photo/2004/Nurburgring-2004-06-13-059.jpg,https://www.racingsportscars.com/make/photo/Audi.html,https://www.racingsportscars.com/type/photo/Audi/200.html,https://www.racingsportscars.com/suffix/photo/Audi/200/quattro.html,NA
nurburgring,2004-06-13,76,Hyundai Coupé GK -,125,A4,,Closed bodywork,-,Jürgen Schumann (D)/Peter Schumann (D)/Hubert Nacken (D),NA,NA,NA,NA,NA,Hyundai,Coupé,GK,NA,Result: 125th (43 laps behind the winner)Grid: 66th (9:51.1900),125th (43 laps behind the winner)Grid: 66th (9:51.1900),finished,66,9:51.1900,43 laps behind the winner,NA,https://www.racingsportscars.com/images/car_no_photo.png,https://www.racingsportscars.com/about.html#contrib,https://www.racingsportscars.com/make/photo/Hyundai.html,https://www.racingsportscars.com/type/photo/Hyundai/Coup%c3%a9.html,https://www.racingsportscars.com/suffix/photo/Hyundai/Coup%c3%a9/GK.html,NA
nurburgring,2004-06-13,143,Renault Clio RS - Renault N/A,126,A3,EBRT East Belgian Racing Team,Closed bodywork,Front-engined,Jacky Delvaux (B)/Fabrice Reicher (F)/Gerard Cotteret,NA,NA,NA,NA,NA,Renault,Clio,RS,NA,Result: 126th (43 laps behind the winner)Grid: 214th (11:26.4690),126th (43 laps behind the winner)Grid: 214th (11:26.4690),finished,214,11:26.4690,43 laps behind the winner,NA,https://www.racingsportscars.com/images/car_no_photo.png,https://www.racingsportscars.com/about.html#contrib,https://www.racingsportscars.com/make/photo/Renault.html,https://www.racingsportscars.com/type/photo/Renault/Clio.html,https://www.racingsportscars.com/suffix/photo/Renault/Clio/RS.html,NA
nurburgring,2004-06-13,202,Mercedes-Benz 190 E Evo 1 - Mercedes-Benz N/A,127,V4,,Closed bodywork,Front-engined,Jörg-Rüdiger von der Marwitz/Bernd Lilier (D)/Patrik Balz/Dieter Dick,NA,NA,NA,NA,NA,Mercedes-Benz,190 E,Evo 1,NA,Result: 127th (44 laps behind the winner)Grid: 167th (10:44.8160),127th (44 laps behind the winner)Grid: 167th (10:44.8160),finished,167,10:44.8160,44 laps behind the winner,NA,https://www.racingsportscars.com/images/car_no_photo.png,https://www.racingsportscars.com/about.html#contrib,https://www.racingsportscars.com/make/photo/Mercedes-Benz.html,https://www.racingsportscars.com/type/photo/Mercedes-Benz/190%20E.html,https://www.racingsportscars.com/suffix/photo/Mercedes-Benz/190%20E/Evo%201.html,NA
nurburgring,2004-06-13,165,Mini Cooper Classic -,128,A1,,Closed bodywork,Front-engined,Walter Kaufmann/Gregor Nick/Peter Schmid,NA,NA,NA,NA,NA,Mini,Cooper,Classic,NA,Result: 128th (44 laps behind the winner)Grid: 216th (11:38.4380),128th (44 laps behind the winner)Grid: 216th (11:38.4380),finished,216,11:38.4380,44 laps behind the winner,NA,https://www.racingsportscars.com/images/car_no_photo.png,https://www.racingsportscars.com/about.html#contrib,https://www.racingsportscars.com/make/photo/Mini.html,https://www.racingsportscars.com/type/photo/Mini/Cooper.html,https://www.racingsportscars.com/suffix/photo/Mini/Cooper/Classic.html,NA
nurburgring,2004-06-13,145,Ford Focus - Ford,129,A3,,-,-,Stefan Terkatz/Andreas Liehr-Griem/Franz Esser (D)/Jürgen Zimmermann,NA,NA,NA,NA,NA,Ford,Focus,NA,NA,Result: 129th (44 laps behind the winner)Grid: 192nd (10:57.4470),129th (44 laps behind the winner)Grid: 192nd (10:57.4470),finished,192,10:57.4470,44 laps behind the winner,NA,https://www.racingsportscars.com/images/car_no_photo.png,https://www.racingsportscars.com/about.html#contrib,https://www.racingsportscars.com/make/photo/Ford.html,https://www.racingsportscars.com/type/photo/Ford/Focus.html,NA,NA
nurburgring,2004-06-13,149,Opel Corsa GSi - Opel,130,A2,"Team Castrol-HAUGG-Cup ""Um die Willi Hieke Pokale""",-,-,Jörg Kosmalla/Benno Cormann/Michael Daum/Uwe Karp,NA,NA,NA,NA,NA,Opel,Corsa,GSi,NA,Result: 130th (44 laps behind the winner)Grid: 208th (11:12.9900),130th (44 laps behind the winner)Grid: 208th (11:12.9900),finished,208,11:12.9900,44 laps behind the winner,NA,https://www.racingsportscars.com/images/car_no_photo.png,https://www.racingsportscars.com/about.html#contrib,https://www.racingsportscars.com/make/photo/Opel.html,https://www.racingsportscars.com/type/photo/Opel/Corsa.html,https://www.racingsportscars.com/suffix/photo/Opel/Corsa/GSi.html,NA
nurburgring,2004-06-13,226,Honda Civic Type R - Honda,131,N2,Schirra Motoring,Closed bodywork,Front-engined,Jörg Viebahn (D)/Peter Venn (D)/Dave Allan (GB)/Frank Kuhlmann (D),NA,NA,NA,NA,NA,Honda,Civic,Type R,NA,Result: 131st (45 laps behind the winner)Grid: 73rd (10:03.5390),131st (45 laps behind the winner)Grid: 73rd (10:03.5390),finished,73,10:03.5390,45 laps behind the winner,NA,https://www.racingsportscars.com/images/car_no_photo.png,https://www.racingsportscars.com/about.html#contrib,https://www.racingsportscars.com/make/photo/Honda.html,https://www.racingsportscars.com/type/photo/Honda/Civic.html,https://www.racingsportscars.com/suffix/photo/Honda/Civic/Type%20R.html,NA
nurburgring,2004-06-13,240,Seat Ibiza 16V - Seat,132,N2,Lanza Motorsport,-,-,Mauro Simoncini (I)/Massimo Cairati/Stefano Mazzeri,NA,NA,NA,NA,NA,Seat,Ibiza,16V,NA,Result: 132nd (45 laps behind the winner)Grid: 174th (10:47.0170),132nd (45 laps behind the winner)Grid: 174th (10:47.0170),finished,174,10:47.0170,45 laps behind the winner,NA,https://www.racingsportscars.com/images/car_no_photo.png,https://www.racingsportscars.com/about.html#contrib,https://www.racingsportscars.com/make/photo/Seat.html,https://www.racingsportscars.com/type/photo/Seat/Ibiza.html,https://www.racingsportscars.com/suffix/photo/Seat/Ibiza/16V.html,NA
nurburgring,2004-06-13,163,Suzuki Swift GTi - Suzuki,133,A1,,-,-,Michael Flehmer/Udo Frey/Manfred Heise/Tobias Trunz,NA,NA,NA,NA,NA,Suzuki,Swift,GTi,NA,Result: 133rd (46 laps behind the winner)Grid: 215th (11:27.3840),133rd (46 laps behind the winner)Grid: 215th (11:27.3840),finished,215,11:27.3840,46 laps behind the winner,NA,https://www.racingsportscars.com/images/car_no_photo.png,https://www.racingsportscars.com/about.html#contrib,https://www.racingsportscars.com/make/photo/Suzuki.html,https://www.racingsportscars.com/type/photo/Suzuki/Swift.html,https://www.racingsportscars.com/suffix/photo/Suzuki/Swift/GTi.html,NA
nurburgring,2004-06-13,270,VW Golf III GTI 16V - VW L4 4v N/A,134,A3,VW Rallye Team Austria,Closed bodywork,Front-engined,Alberto Bergamaschi (I)/Dieter Depping (D)/Joachim Müller/Jörg Kock,NA,NA,NA,NA,NA,VW,Golf,III GTI 16V,NA,Result: 134th (47 laps behind the winner)Grid: 72nd (10:01.5510),134th (47 laps behind the winner)Grid: 72nd (10:01.5510),finished,72,10:01.5510,47 laps behind the winner,NA,https://www.racingsportscars.com/images/car_no_photo.png,https://www.racingsportscars.com/about.html#contrib,https://www.racingsportscars.com/make/photo/VW.html,https://www.racingsportscars.com/type/photo/VW/Golf.html,https://www.racingsportscars.com/suffix/photo/VW/Golf/III%20GTI%2016V.html,NA
nurburgring,2004-06-13,71,Alfa Romeo GTV - Alfa Romeo,135,A5,Engstler Motorsport,-,-,Franz Engstler (D)/Hannes Pfledderer (D)/Felix Wedam/Jürgen Schmarl (A),NA,NA,NA,NA,NA,Alfa Romeo,GTV,NA,NA,Result: 135th (47 laps behind the winner)Grid: 171st (10:46.3190),135th (47 laps behind the winner)Grid: 171st (10:46.3190),finished,171,10:46.3190,47 laps behind the winner,NA,https://www.racingsportscars.com/images/car_no_photo.png,https://www.racingsportscars.com/about.html#contrib,https://www.racingsportscars.com/make/photo/Alfa%20Romeo.html,https://www.racingsportscars.com/type/photo/Alfa%20Romeo/GTV.html,NA,NA
nurburgring,2004-06-13,254,Renault Clio Trophy Diesel - Renault Diesel,136,S1,,Closed bodywork,Front-engined,Franck Grossetéte/Philippe Géhin/Meik Utsch (D),NA,NA,NA,NA,NA,Renault,Clio,Trophy Diesel,NA,Result: 136th (47 laps behind the winner)Grid: 87th (10:08.1890),136th (47 laps behind the winner)Grid: 87th (10:08.1890),finished,87,10:08.1890,47 laps behind the winner,NA,https://www.racingsportscars.com/images/car_no_photo.png,https://www.racingsportscars.com/about.html#contrib,https://www.racingsportscars.com/make/photo/Renault.html,https://www.racingsportscars.com/type/photo/Renault/Clio.html,https://www.racingsportscars.com/suffix/photo/Renault/Clio/Trophy%20Diesel.html,NA
nurburgring,2004-06-13,231,Opel Astra - Opel,137,A3,Racing-Team Schöne Aussicht,Closed bodywork,Front-engined,Jochen Vollmer (D)/Maic Hagenloch/Sven Fisch,NA,NA,NA,NA,NA,Opel,Astra,NA,NA,Result: 137th (47 laps behind the winner)Grid: 180th (10:50.9871),137th (47 laps behind the winner)Grid: 180th (10:50.9871),finished,180,10:50.9871,47 laps behind the winner,NA,https://www.racingsportscars.com/images/car_no_photo.png,https://www.racingsportscars.com/about.html#contrib,https://www.racingsportscars.com/make/photo/Opel.html,https://www.racingsportscars.com/type/photo/Opel/Astra.html,NA,NA
nurburgring,2004-06-13,253,VW New Beetle - VW,138,S1,Playstation 2 Racing Team,Closed bodywork,-,"""Smudo"" (D)/Thomas von Löwis of Menar (D)/Michael Irmgartz/Thorsten Stadler (D)",PlayStation 2,yellow/dark blue,Kumho,27/04/2024,Udo Klinkel,VW,New Beetle,NA,NA,Result: 138th (48 laps behind the winner)Grid: 128th (10:22.6950),138th (48 laps behind the winner)Grid: 128th (10:22.6950),finished,128,10:22.6950,48 laps behind the winner,NA,https://www.racingsportscars.com/tn/photo/2004/TN_Nurburgring-2004-06-13-253.jpg,https://www.racingsportscars.com/photo/2004/Nurburgring-2004-06-13-253.jpg,https://www.racingsportscars.com/make/photo/VW.html,https://www.racingsportscars.com/type/photo/VW/New%20Beetle.html,NA,NA
nurburgring,2004-06-13,269,VW Golf IV TDi - VW Turbo Diesel,139,S1,VW Rallye Team Austria,Closed bodywork,Front-engined,Armin Holz (D)/Lars Döhmann/Waldemar Gajda/Andreas Leue,NA,NA,NA,NA,NA,VW,Golf,IV TDi,NA,Result: 139th (48 laps behind the winner)Grid: 210th (11:18.1479),139th (48 laps behind the winner)Grid: 210th (11:18.1479),finished,210,11:18.1479,48 laps behind the winner,NA,https://www.racingsportscars.com/images/car_no_photo.png,https://www.racingsportscars.com/about.html#contrib,https://www.racingsportscars.com/make/photo/VW.html,https://www.racingsportscars.com/type/photo/VW/Golf.html,https://www.racingsportscars.com/suffix/photo/VW/Golf/IV%20TDi.html,NA
nurburgring,2004-06-13,153,Mitsubishi Mirage RS - Mitsubishi,140,A2,,Closed bodywork,Front-engined,Peter Leemhuis (AUS)/Tony Alford (AUS)/Adam Beechey (AUS)/Mal Rose (AUS),NA,NA,NA,NA,NA,Mitsubishi,Mirage,RS,NA,Result: 140th (48 laps behind the winner)Grid: 199th (11:05.1851),140th (48 laps behind the winner)Grid: 199th (11:05.1851),finished,199,11:05.1851,48 laps behind the winner,NA,https://www.racingsportscars.com/images/car_no_photo.png,https://www.racingsportscars.com/about.html#contrib,https://www.racingsportscars.com/make/photo/Mitsubishi.html,https://www.racingsportscars.com/type/photo/Mitsubishi/Mirage.html,https://www.racingsportscars.com/suffix/photo/Mitsubishi/Mirage/RS.html,NA
nurburgring,2004-06-13,61,Volvo S40 2.0 - Volvo 2000 cc,141,A6,,-,-,Patrick Brenndörfer (D)/Martin Müller (D)/Frank Eichholt,NA,NA,NA,NA,NA,Volvo,S40,2.0,NA,Result: 141st (51 laps behind the winner)Grid: 103rd (10:15.0080),141st (51 laps behind the winner)Grid: 103rd (10:15.0080),finished,103,10:15.0080,51 laps behind the winner,NA,https://www.racingsportscars.com/images/car_no_photo.png,https://www.racingsportscars.com/about.html#contrib,https://www.racingsportscars.com/make/photo/Volvo.html,https://www.racingsportscars.com/type/photo/Volvo/S40.html,https://www.racingsportscars.com/suffix/photo/Volvo/S40/2.0.html,NA
nurburgring,2004-06-13,119,Opel Kadett E 16V - Opel,142,A3,,Closed bodywork,Front-engined,Stefan Schmelter/Jürgen Freiburg/Ralf Klein/Andreas Telker,NA,NA,NA,NA,NA,Opel,Kadett,E 16V,NA,Result: 142nd (51 laps behind the winner)Grid: 178th (10:48.9020),142nd (51 laps behind the winner)Grid: 178th (10:48.9020),finished,178,10:48.9020,51 laps behind the winner,NA,https://www.racingsportscars.com/images/car_no_photo.png,https://www.racingsportscars.com/about.html#contrib,https://www.racingsportscars.com/make/photo/Opel.html,https://www.racingsportscars.com/type/photo/Opel/Kadett.html,https://www.racingsportscars.com/suffix/photo/Opel/Kadett/E%2016V.html,NA
nurburgring,2004-06-13,117,Alfa Romeo 156 - Alfa Romeo,143,A3,,-,-,Giles Groombridge (GB)/David Smith (GB)/Dave Ashford (GB)/Steven Griffin (GB),NA,NA,NA,NA,NA,Alfa Romeo,156,NA,NA,Result: 143rd (51 laps behind the winner)Grid: 203rd (11:08.8621),143rd (51 laps behind the winner)Grid: 203rd (11:08.8621),finished,203,11:08.8621,51 laps behind the winner,NA,https://www.racingsportscars.com/images/car_no_photo.png,https://www.racingsportscars.com/about.html#contrib,https://www.racingsportscars.com/make/photo/Alfa%20Romeo.html,https://www.racingsportscars.com/type/photo/Alfa%20Romeo/156.html,NA,NA
nurburgring,2004-06-13,113,BMW 320i - BMW,144,A3,MSC Ruhr-Blitz-Bochum e.V. im ADAC,Closed bodywork,Front-engined,Peter Hansen (DK)/Peter Boylan (AUS)/Geoffrey Morgan (AUS)/Frank Burgmann,NA,NA,NA,NA,NA,BMW,320i,NA,NA,Result: 144th (52 laps behind the winner)Grid: 71st (9:58.2110),144th (52 laps behind the winner)Grid: 71st (9:58.2110),finished,71,9:58.2110,52 laps behind the winner,NA,https://www.racingsportscars.com/images/car_no_photo.png,https://www.racingsportscars.com/about.html#contrib,https://www.racingsportscars.com/make/photo/BMW.html,https://www.racingsportscars.com/type/photo/BMW/320i.html,NA,NA
nurburgring,2004-06-13,136,Opel Astra - Opel,145,A3,,-,-,Daniel Sorg (D)/Ian Green/Kenneth Heyer (D)/René Göttlich,NA,NA,NA,NA,NA,Opel,Astra,NA,NA,Result: 145th (54 laps behind the winner)Grid: 218th (11:40.5190),145th (54 laps behind the winner)Grid: 218th (11:40.5190),finished,218,11:40.5190,54 laps behind the winner,NA,https://www.racingsportscars.com/images/car_no_photo.png,https://www.racingsportscars.com/about.html#contrib,https://www.racingsportscars.com/make/photo/Opel.html,https://www.racingsportscars.com/type/photo/Opel/Astra.html,NA,NA
nurburgring,2004-06-13,221,Honda Civic - Honda,146,A2,Monkey Amateur Racing Team,Closed bodywork,Front-engined,Hitoshi Goto (J)/Hisahiko Usui (J)/Tom Nack (D)/Jens Bauer,ENDLESS,black (+light blue),NA,27/04/2024,Udo Klinkel,Honda,Civic,NA,NA,Result: 146th (56 laps behind the winner)Grid: 164th (10:43.8820),146th (56 laps behind the winner)Grid: 164th (10:43.8820),finished,164,10:43.8820,56 laps behind the winner,NA,https://www.racingsportscars.com/tn/photo/2004/TN_Nurburgring-2004-06-13-221.jpg,https://www.racingsportscars.com/photo/2004/Nurburgring-2004-06-13-221.jpg,https://www.racingsportscars.com/make/photo/Honda.html,https://www.racingsportscars.com/type/photo/Honda/Civic.html,NA,NA
nurburgring,2004-06-13,19,Chevrolet Corvette C5 - Chevrolet,147,A8,,Closed bodywork,Front-engined,Gerd Niemeyer/Armin Zumtobel (A)/Oliver Louisoder (D)/Rolf Lamberty (D),BRATKE,orange,NA,27/04/2024,Udo Klinkel,Chevrolet,Corvette C5,NA,NA,Result: 147th (59 laps behind the winner)Grid: 64th (9:49.8570),147th (59 laps behind the winner)Grid: 64th (9:49.8570),finished,64,9:49.8570,59 laps behind the winner,NA,https://www.racingsportscars.com/tn/photo/2004/TN_Nurburgring-2004-06-13-019.jpg,https://www.racingsportscars.com/photo/2004/Nurburgring-2004-06-13-019.jpg,https://www.racingsportscars.com/make/photo/Chevrolet.html,https://www.racingsportscars.com/type/photo/Chevrolet/Corvette%20C5.html,NA,NA
nurburgring,2004-06-13,264,BMW 320d - BMW Turbo Diesel,148,S1,,Closed bodywork,Front-engined,Bruno Baumgartner/Martin Baumgartner/Paul Waser/Marcel Blumer,NA,NA,NA,NA,NA,BMW,320d,NA,NA,Result: 148th (60 laps behind the winner)Grid: 100th (10:12.8150),148th (60 laps behind the winner)Grid: 100th (10:12.8150),finished,100,10:12.8150,60 laps behind the winner,NA,https://www.racingsportscars.com/images/car_no_photo.png,https://www.racingsportscars.com/about.html#contrib,https://www.racingsportscars.com/make/photo/BMW.html,https://www.racingsportscars.com/type/photo/BMW/320d.html,NA,NA
nurburgring,2004-06-13,114,Honda Integra Type R - Honda,149,A3,Scuderia Augustusburg Brühl e.V. im ADAC,-,-,Carola Esser-Feyen/Dirk Esser/Thomas Frank (D)/Wilhelm Feyen,NA,NA,NA,NA,NA,Honda,Integra,Type R,NA,Result: 149th (61 laps behind the winner)Grid: 175th (10:47.2990),149th (61 laps behind the winner)Grid: 175th (10:47.2990),finished,175,10:47.2990,61 laps behind the winner,NA,https://www.racingsportscars.com/images/car_no_photo.png,https://www.racingsportscars.com/about.html#contrib,https://www.racingsportscars.com/make/photo/Honda.html,https://www.racingsportscars.com/type/photo/Honda/Integra.html,https://www.racingsportscars.com/suffix/photo/Honda/Integra/Type%20R.html,NA
nurburgring,2004-06-13,135,Honda S2000 - Honda,150,A3,,-,-,Charles Kauffman (L)/Markus Horn/Giuseppe Timperanza (D)/Patrick Dubois (L),NA,NA,NA,NA,NA,Honda,S2000,NA,NA,Result: 150th (62 laps behind the winner)Grid: 130th (10:24.5950),150th (62 laps behind the winner)Grid: 130th (10:24.5950),finished,130,10:24.5950,62 laps behind the winner,NA,https://www.racingsportscars.com/images/car_no_photo.png,https://www.racingsportscars.com/about.html#contrib,https://www.racingsportscars.com/make/photo/Honda.html,https://www.racingsportscars.com/type/photo/Honda/S2000.html,NA,NA
nurburgring,2004-06-13,257,VW Golf TDi Kit Car - VW Turbo Diesel,151,S1,,Closed bodywork,Front-engined,Theo Milz/Bernd Erdmann/Jim Briody (USA)/Gerhard Mayer,NA,NA,NA,NA,NA,VW,Golf,TDi Kit Car,NA,Result: 151st (62 laps behind the winner)Grid: 187th (10:54.0861),151st (62 laps behind the winner)Grid: 187th (10:54.0861),finished,187,10:54.0861,62 laps behind the winner,NA,https://www.racingsportscars.com/images/car_no_photo.png,https://www.racingsportscars.com/about.html#contrib,https://www.racingsportscars.com/make/photo/VW.html,https://www.racingsportscars.com/type/photo/VW/Golf.html,https://www.racingsportscars.com/suffix/photo/VW/Golf/TDi%20Kit%20Car.html,NA
nurburgring,2004-06-13,166,VW Polo 16V - VW,152,A1,,-,-,Dietrich Dimmler/Axel Potthast/Klaus Weigner (D)/Holger Münster,NA,NA,NA,NA,NA,VW,Polo,16V,NA,Result: 152nd (64 laps behind the winner)Grid: 182nd (10:51.5240),152nd (64 laps behind the winner)Grid: 182nd (10:51.5240),finished,182,10:51.5240,64 laps behind the winner,NA,https://www.racingsportscars.com/images/car_no_photo.png,https://www.racingsportscars.com/about.html#contrib,https://www.racingsportscars.com/make/photo/VW.html,https://www.racingsportscars.com/type/photo/VW/Polo.html,https://www.racingsportscars.com/suffix/photo/VW/Polo/16V.html,NA
nurburgring,2004-06-13,192,Opel Astra OPC - Opel,153,V3,,-,-,Armin Krehl/Roland Henning/Wolfgang Krapp,NA,NA,NA,NA,NA,Opel,Astra,OPC,NA,Result: 153rd (65 laps behind the winner)Grid: 170th (10:45.6260),153rd (65 laps behind the winner)Grid: 170th (10:45.6260),finished,170,10:45.6260,65 laps behind the winner,NA,https://www.racingsportscars.com/images/car_no_photo.png,https://www.racingsportscars.com/about.html#contrib,https://www.racingsportscars.com/make/photo/Opel.html,https://www.racingsportscars.com/type/photo/Opel/Astra.html,https://www.racingsportscars.com/suffix/photo/Opel/Astra/OPC.html,NA
nurburgring,2004-06-13,176,BMW 318 is E36 Coupe - BMW,154,V2,Team Sax Racing Leipzig,Closed bodywork,Front-engined,Hannes Hirsch/René Wolff (D)/Arnd Meier (D)/Niclas Königbauer,SAX RACING,blue/black,NA,27/04/2024,Udo Klinkel,BMW,318,is E36 Coupe,NA,Result: 154th (65 laps behind the winner)Grid: 108th (10:16.9210),154th (65 laps behind the winner)Grid: 108th (10:16.9210),finished,108,10:16.9210,65 laps behind the winner,NA,https://www.racingsportscars.com/tn/photo/2004/TN_Nurburgring-2004-06-13-176.jpg,https://www.racingsportscars.com/photo/2004/Nurburgring-2004-06-13-176.jpg,https://www.racingsportscars.com/make/photo/BMW.html,https://www.racingsportscars.com/type/photo/BMW/318.html,https://www.racingsportscars.com/suffix/photo/BMW/318/is%20E36%20Coupe.html,NA
nurburgring,2004-06-13,115,Renault Clio Sport - Renault,155,A3,,-,-,Chris Harris (GB)/Anthony Coxon/Peter Cate (GB)/Meyrick Cox (GB),NA,NA,NA,NA,NA,Renault,Clio,Sport,NA,Result: 155th (66 laps behind the winner)Grid: 156th (10:38.8110),155th (66 laps behind the winner)Grid: 156th (10:38.8110),finished,156,10:38.8110,66 laps behind the winner,NA,https://www.racingsportscars.com/images/car_no_photo.png,https://www.racingsportscars.com/about.html#contrib,https://www.racingsportscars.com/make/photo/Renault.html,https://www.racingsportscars.com/type/photo/Renault/Clio.html,https://www.racingsportscars.com/suffix/photo/Renault/Clio/Sport.html,NA
nurburgring,2004-06-13,168,Mini Cooper Classic -,156,A1,,Closed bodywork,Front-engined,Peter Mölders/Niklas Johannson/Bengt Bengtzon,NA,NA,NA,NA,NA,Mini,Cooper,Classic,NA,Result: 156th (68 laps behind the winner)Grid: 207th (11:12.4620),156th (68 laps behind the winner)Grid: 207th (11:12.4620),finished,207,11:12.4620,68 laps behind the winner,NA,https://www.racingsportscars.com/images/car_no_photo.png,https://www.racingsportscars.com/about.html#contrib,https://www.racingsportscars.com/make/photo/Mini.html,https://www.racingsportscars.com/type/photo/Mini/Cooper.html,https://www.racingsportscars.com/suffix/photo/Mini/Cooper/Classic.html,NA
nurburgring,2004-06-13,64,Ford Focus Turbo - Ford,157,A6,,-,-,Stephan Wölflick (D)/Uwe Gummersbach/Graham Mace,NA,NA,NA,NA,NA,Ford,Focus,Turbo,NA,Result: 157th (69 laps behind the winner)Grid: 90th (10:08.9970),157th (69 laps behind the winner)Grid: 90th (10:08.9970),finished,90,10:08.9970,69 laps behind the winner,NA,https://www.racingsportscars.com/images/car_no_photo.png,https://www.racingsportscars.com/about.html#contrib,https://www.racingsportscars.com/make/photo/Ford.html,https://www.racingsportscars.com/type/photo/Ford/Focus.html,https://www.racingsportscars.com/suffix/photo/Ford/Focus/Turbo.html,NA
nurburgring,2004-06-13,207,BMW M3 - BMW,158,V4,DMC Dürener Motorsportclub e.V. im ADAC,Closed bodywork,Front-engined,Sascha Hancke (D)/Jürgen Peter (D)/Matthew Truelove/Paul Krell,NA,NA,NA,NA,NA,BMW,M3,NA,NA,Result: 158th (69 laps behind the winner)Grid: 86th (10:08.1080),158th (69 laps behind the winner)Grid: 86th (10:08.1080),finished,86,10:08.1080,69 laps behind the winner,NA,https://www.racingsportscars.com/images/car_no_photo.png,https://www.racingsportscars.com/about.html#contrib,https://www.racingsportscars.com/make/photo/BMW.html,https://www.racingsportscars.com/type/photo/BMW/M3.html,NA,NA
nurburgring,2004-06-13,104,Mini Cooper S -,159,A4,Cooper Car Company,Closed bodywork,Front-engined,Paul Harvey/Karl-Heinz Kalbfell/Roberto Ravaglia (I)/Benno Rottenfusser (D),PRINZ/Castrol/GENUINE MINI ACCESSORIES,red (+white),Dunlop,27/04/2024,Udo Klinkel,Mini,Cooper,S,NA,Result: 159th (70 laps behind the winner)Grid: 129th (10:22.8680),159th (70 laps behind the winner)Grid: 129th (10:22.8680),finished,129,10:22.8680,70 laps behind the winner,NA,https://www.racingsportscars.com/tn/photo/2004/TN_Nurburgring-2004-06-13-104.jpg,https://www.racingsportscars.com/photo/2004/Nurburgring-2004-06-13-104.jpg,https://www.racingsportscars.com/make/photo/Mini.html,https://www.racingsportscars.com/type/photo/Mini/Cooper.html,https://www.racingsportscars.com/suffix/photo/Mini/Cooper/S.html,NA
nurburgring,2004-06-13,155,Ford Puma RS - Ford,160,A2,Scuderia Augustusburg Brühl e.V. im ADAC,Closed bodywork,-,Klaus Ebbing/Ernst Berg (NL)/Thorsten Willems,www.TU-ES.de/EMD,white,NA,27/04/2024,Udo Klinkel,Ford,Puma,RS,NA,Result: 160th (71 laps behind the winner)Grid: 148th (10:34.3340),160th (71 laps behind the winner)Grid: 148th (10:34.3340),finished,148,10:34.3340,71 laps behind the winner,NA,https://www.racingsportscars.com/tn/photo/2004/TN_Nurburgring-2004-06-13-155.jpg,https://www.racingsportscars.com/photo/2004/Nurburgring-2004-06-13-155.jpg,https://www.racingsportscars.com/make/photo/Ford.html,https://www.racingsportscars.com/type/photo/Ford/Puma.html,https://www.racingsportscars.com/suffix/photo/Ford/Puma/RS.html,NA
nurburgring,2004-06-13,60,Saab 9-3 - Saab,NA,A6,,-,-,Peter Wallenberg (S)/Hans Simonsson/Joakim Thörjesson/Thed Björk (S),NA,NA,NA,NA,NA,Saab,9-3,NA,NA,Result: did not finishGrid: 27th (9:16.8930),did not finishGrid: 27th (9:16.8930),not_finished,27,9:16.8930,NA,9:16.8930,https://www.racingsportscars.com/images/car_no_photo.png,https://www.racingsportscars.com/about.html#contrib,https://www.racingsportscars.com/make/photo/Saab.html,https://www.racingsportscars.com/type/photo/Saab/9-3.html,NA,NA
nurburgring,2004-06-13,2,Porsche 996 Turbo # - Porsche F6 Turbo,NA,A8,Vitaphone Racing - Porsche Zentrum Rhein-Oberberg,Closed bodywork,Rear-engined,Jürgen Alzen (D)/Klaus Ludwig (D)/Uwe Alzen (D)/Michael Bartels (D),vitaphone/H&R,turquoise/black,NA,27/04/2024,Udo Klinkel,Porsche,996 Turbo,NA,#,Result: did not finishGrid: 1st (8:19.2880),did not finishGrid: 1st (8:19.2880),not_finished,1,8:19.2880,NA,8:19.2880,https://www.racingsportscars.com/tn/photo/2004/TN_Nurburgring-2004-06-13-002.jpg,https://www.racingsportscars.com/photo/2004/Nurburgring-2004-06-13-002.jpg,https://www.racingsportscars.com/make/photo/Porsche.html,https://www.racingsportscars.com/type/photo/Porsche/996%20Turbo.html,NA,https://www.racingsportscars.com/chassis/photo/996T-Alzen%23.html
nurburgring,2004-06-13,191,Peugeot 306 S16 - Peugeot,NA,V3,Schirra Motoring,-,-,Joey Kelly/Olaf Hoppelshäuser (D)/Marco Wolf,NA,NA,NA,NA,NA,Peugeot,306,S16,NA,Result: did not finishGrid: 126th (10:22.2310),did not finishGrid: 126th (10:22.2310),not_finished,126,10:22.2310,NA,10:22.2310,https://www.racingsportscars.com/images/car_no_photo.png,https://www.racingsportscars.com/about.html#contrib,https://www.racingsportscars.com/make/photo/Peugeot.html,https://www.racingsportscars.com/type/photo/Peugeot/306.html,https://www.racingsportscars.com/suffix/photo/Peugeot/306/S16.html,NA
nurburgring,2004-06-13,91,BMW M3 E46 GTR - BMW,NA,A5,MSC Ruhr-Blitz-Bochum e.V. im ADAC,Closed bodywork,Front-engined,Willi Obermann (D)/Wolfgang Drabiniok (D)/Andre Duve/Kai Lutterbach,Merten,blue,Divinol,27/04/2024,Udo Klinkel,BMW,M3,E46 GTR,NA,Result: did not finishGrid: 50th (9:37.9120),did not finishGrid: 50th (9:37.9120),not_finished,50,9:37.9120,NA,9:37.9120,https://www.racingsportscars.com/tn/photo/2004/TN_Nurburgring-2004-06-13-091.jpg,https://www.racingsportscars.com/photo/2004/Nurburgring-2004-06-13-091.jpg,https://www.racingsportscars.com/make/photo/BMW.html,https://www.racingsportscars.com/type/photo/BMW/M3.html,https://www.racingsportscars.com/suffix/photo/BMW/M3/E46%20GTR.html,NA
nurburgring,2004-06-13,11,Honda NSX R - Honda,NA,A6,Sport Auto (D),-,-,Horst von Saurma-Jeltsch (D)/Peter-Paul Pietsch (D)/Jochen Übler (D)/Uwe Nittel (D),NA,NA,NA,NA,NA,Honda,NSX,R,NA,Result: did not finishGrid: 51st (9:39.0680),did not finishGrid: 51st (9:39.0680),not_finished,51,9:39.0680,NA,9:39.0680,https://www.racingsportscars.com/images/car_no_photo.png,https://www.racingsportscars.com/about.html#contrib,https://www.racingsportscars.com/make/photo/Honda.html,https://www.racingsportscars.com/type/photo/Honda/NSX.html,https://www.racingsportscars.com/suffix/photo/Honda/NSX/R.html,NA
nurburgring,2004-06-13,222,Honda Integra Type R - Honda,NA,N2,,-,-,"""Segolen"" (F)/Gérard Tremblay (F)/van de Vyver",NA,NA,NA,NA,NA,Honda,Integra,Type R,NA,Result: did not finishGrid: 185th (10:53.6580),did not finishGrid: 185th (10:53.6580),not_finished,185,10:53.6580,NA,10:53.6580,https://www.racingsportscars.com/images/car_no_photo.png,https://www.racingsportscars.com/about.html#contrib,https://www.racingsportscars.com/make/photo/Honda.html,https://www.racingsportscars.com/type/photo/Honda/Integra.html,https://www.racingsportscars.com/suffix/photo/Honda/Integra/Type%20R.html,NA
nurburgring,2004-06-13,116,Renault Clio RS Coupe - Renault,NA,A3,,-,-,Martin Tschornia (D)/Franjo Kovac (HR)/Andreas Kramer (CH)/Thomas Mühlenz (D),NA,NA,NA,NA,NA,Renault,Clio,RS Coupe,NA,Result: did not finishGrid: 81st (10:05.7210),did not finishGrid: 81st (10:05.7210),not_finished,81,10:05.7210,NA,10:05.7210,https://www.racingsportscars.com/images/car_no_photo.png,https://www.racingsportscars.com/about.html#contrib,https://www.racingsportscars.com/make/photo/Renault.html,https://www.racingsportscars.com/type/photo/Renault/Clio.html,https://www.racingsportscars.com/suffix/photo/Renault/Clio/RS%20Coupe.html,NA
nurburgring,2004-06-13,167,Suzuki Swift - Suzuki,NA,A1,,-,-,Karl-Heinz Teichmann (D)/Peter Kreuer/Michael Schneider (D)/Wilfried Selbach,NA,NA,NA,NA,NA,Suzuki,Swift,NA,NA,Result: did not finishGrid: 179th (10:49.9860),did not finishGrid: 179th (10:49.9860),not_finished,179,10:49.9860,NA,10:49.9860,https://www.racingsportscars.com/images/car_no_photo.png,https://www.racingsportscars.com/about.html#contrib,https://www.racingsportscars.com/make/photo/Suzuki.html,https://www.racingsportscars.com/type/photo/Suzuki/Swift.html,NA,NA
nurburgring,2004-06-13,92,BMW M3 - BMW,NA,A6,,Closed bodywork,Front-engined,Michael Funke (D)/Artur Deutgen (D)/Richard Meins (GB)/Werner Fischer,NA,NA,NA,NA,NA,BMW,M3,NA,NA,Result: did not finishGrid: 31st (9:21.3370),did not finishGrid: 31st (9:21.3370),not_finished,31,9:21.3370,NA,9:21.3370,https://www.racingsportscars.com/images/car_no_photo.png,https://www.racingsportscars.com/about.html#contrib,https://www.racingsportscars.com/make/photo/BMW.html,https://www.racingsportscars.com/type/photo/BMW/M3.html,NA,NA
nurburgring,2004-06-13,12,Audi RS4 Turbo - Audi,NA,A8,,-,-,Uwe Bleck/Simon Englerth (D)/Jochen Krumbach (D)/Rudi Adams (D),NA,NA,NA,NA,NA,Audi,RS4,Turbo,NA,Result: did not finishGrid: 22nd (9:05.9780),did not finishGrid: 22nd (9:05.9780),not_finished,22,9:05.9780,NA,9:05.9780,https://www.racingsportscars.com/images/car_no_photo.png,https://www.racingsportscars.com/about.html#contrib,https://www.racingsportscars.com/make/photo/Audi.html,https://www.racingsportscars.com/type/photo/Audi/RS4.html,https://www.racingsportscars.com/suffix/photo/Audi/RS4/Turbo.html,NA
nurburgring,2004-06-13,45,Porsche 996 GT3 MR #WP0ZZZ99ZXS698081 - Porsche F6 4v DOHC N/A,NA,A7,König Sitze GmbH - Manthey Racing,Closed bodywork,Rear-engined,Wilhelm Kern (D)/Bert Lambrecht (B)/Andy Bovensiepen (D)/Georg Berlandy (D),KÖNIG,red/dark blue (+yellow/black/white),Dunlop,27/04/2024,Udo Klinkel,Porsche,996 GT3,MR,#WP0ZZZ99ZXS698081,Result: did not finishGrid: 20th (9:03.6600),did not finishGrid: 20th (9:03.6600),not_finished,20,9:03.6600,NA,9:03.6600,https://www.racingsportscars.com/tn/photo/2004/TN_Nurburgring-2004-06-13-045.jpg,https://www.racingsportscars.com/photo/2004/Nurburgring-2004-06-13-045.jpg,https://www.racingsportscars.com/make/photo/Porsche.html,https://www.racingsportscars.com/type/photo/Porsche/996%20GT3.html,https://www.racingsportscars.com/suffix/photo/Porsche/996%20GT3/MR.html,https://www.racingsportscars.com/chassis/photo/WP0ZZZ99ZXS698081.html
nurburgring,2004-06-13,252,BMW 320d - BMW Turbo Diesel,NA,S1,MSC Rottenegg,Closed bodywork,Front-engined,Peter Nemecek/Helmut Walkolbinger/Hans Schachinger/Franz Berndorfer,NA,NA,NA,NA,NA,BMW,320d,NA,NA,Result: did not finishGrid: 168th (10:45.1680),did not finishGrid: 168th (10:45.1680),not_finished,168,10:45.1680,NA,10:45.1680,https://www.racingsportscars.com/images/car_no_photo.png,https://www.racingsportscars.com/about.html#contrib,https://www.racingsportscars.com/make/photo/BMW.html,https://www.racingsportscars.com/type/photo/BMW/320d.html,NA,NA
nurburgring,2004-06-13,205,Mercedes-Benz 190 E Evo 1 - Mercedes-Benz N/A,NA,V4,Renngemeinschaft Bergisch-Gladbach e.V. im ADAC,Closed bodywork,Front-engined,Heinz-Willi Delzepich/Uwe Krumscheid (D)/Andreas Krause/Walter Schneider (D),ALPINE,blue/white,Dunlop,27/04/2024,Udo Klinkel,Mercedes-Benz,190 E,Evo 1,NA,Result: did not finishGrid: 145th (10:33.2720),did not finishGrid: 145th (10:33.2720),not_finished,145,10:33.2720,NA,10:33.2720,https://www.racingsportscars.com/tn/photo/2004/TN_Nurburgring-2004-06-13-205.jpg,https://www.racingsportscars.com/photo/2004/Nurburgring-2004-06-13-205.jpg,https://www.racingsportscars.com/make/photo/Mercedes-Benz.html,https://www.racingsportscars.com/type/photo/Mercedes-Benz/190%20E.html,https://www.racingsportscars.com/suffix/photo/Mercedes-Benz/190%20E/Evo%201.html,NA
nurburgring,2004-06-13,15,Audi ASR Abt - Audi,NA,A8,Motorsportclub Stuttgart e.V.,-,-,Martin Tomczyk (D)/Peter Terting (D)/Rudolf Brandl (D)/Wolf-Dieter Ihle,NA,NA,NA,NA,NA,Audi,ASR,Abt,NA,Result: did not finishGrid: 35th (9:27.2670),did not finishGrid: 35th (9:27.2670),not_finished,35,9:27.2670,NA,9:27.2670,https://www.racingsportscars.com/images/car_no_photo.png,https://www.racingsportscars.com/about.html#contrib,https://www.racingsportscars.com/make/photo/Audi.html,https://www.racingsportscars.com/type/photo/Audi/ASR.html,https://www.racingsportscars.com/suffix/photo/Audi/ASR/Abt.html,NA
nurburgring,2004-06-13,81,BMW M3 - BMW,NA,A5,Airnergy Motorsport GmbH i.G.,Closed bodywork,Front-engined,Christoph Breunig/Guido Bierther/Jeff Wyatt (GB)/Tim Christmas (GB),NA,NA,NA,NA,NA,BMW,M3,NA,NA,Result: did not finishGrid: 135th (10:27.0811),did not finishGrid: 135th (10:27.0811),not_finished,135,10:27.0811,NA,10:27.0811,https://www.racingsportscars.com/images/car_no_photo.png,https://www.racingsportscars.com/about.html#contrib,https://www.racingsportscars.com/make/photo/BMW.html,https://www.racingsportscars.com/type/photo/BMW/M3.html,NA,NA
nurburgring,2004-06-13,133,Honda Accord Euro R - Honda,NA,A3,Honda R&D Europe GmbH Kotaro Yamamoto,Closed bodywork,-,Kotaro Yamamoto (J)/Norman Starke/Cyril Kalbassi (D),HONDA ACCORD/BBS,black/red/white,NA,02/08/2025,Udo Klinkel and Norman Starke,Honda,Accord,Euro R,NA,Result: did not finishGrid: 146th (10:33.4830),did not finishGrid: 146th (10:33.4830),not_finished,146,10:33.4830,NA,10:33.4830,https://www.racingsportscars.com/tn/photo/2004/TN_Nurburgring-2004-06-13-133.jpg,https://www.racingsportscars.com/photo/2004/Nurburgring-2004-06-13-133.jpg,https://www.racingsportscars.com/make/photo/Honda.html,https://www.racingsportscars.com/type/photo/Honda/Accord.html,https://www.racingsportscars.com/suffix/photo/Honda/Accord/Euro%20R.html,NA
nurburgring,2004-06-13,259,BMW 330d - BMW TDi,NA,S1,Renngemeinschaft Bergisch-Gladbach e.V. im ADAC,Closed bodywork,Front-engined,Thomas Haider (D)/Rainer Kutsch/Marc Hiltscher (D),NA,NA,NA,NA,NA,BMW,330d,NA,NA,Result: did not finishGrid: 124th (10:21.6600),did not finishGrid: 124th (10:21.6600),not_finished,124,10:21.6600,NA,10:21.6600,https://www.racingsportscars.com/images/car_no_photo.png,https://www.racingsportscars.com/about.html#contrib,https://www.racingsportscars.com/make/photo/BMW.html,https://www.racingsportscars.com/type/photo/BMW/330d.html,NA,NA
nurburgring,2004-06-13,151,Seat Ibiza - Seat,NA,A3,Team DMV e.V.,-,-,Hans-Christoph Schäfer (D)/Dirk Leßmeister (D)/Burkhard Scheffler/Maik Pötzl,NA,NA,NA,NA,NA,Seat,Ibiza,NA,NA,Result: did not finishGrid: 220th (12:05.9659),did not finishGrid: 220th (12:05.9659),not_finished,220,12:05.9659,NA,12:05.9659,https://www.racingsportscars.com/images/car_no_photo.png,https://www.racingsportscars.com/about.html#contrib,https://www.racingsportscars.com/make/photo/Seat.html,https://www.racingsportscars.com/type/photo/Seat/Ibiza.html,NA,NA
nurburgring,2004-06-13,103,Mini Cooper S -,NA,A4,,Closed bodywork,Front-engined,Benno Rottenfusser (D)/Gunther Weber/Thomas Stoltz/Paul Harvey,NA,NA,NA,NA,NA,Mini,Cooper,S,NA,Result: did not finishGrid: 70th (9:58.1270),did not finishGrid: 70th (9:58.1270),not_finished,70,9:58.1270,NA,9:58.1270,https://www.racingsportscars.com/images/car_no_photo.png,https://www.racingsportscars.com/about.html#contrib,https://www.racingsportscars.com/make/photo/Mini.html,https://www.racingsportscars.com/type/photo/Mini/Cooper.html,https://www.racingsportscars.com/suffix/photo/Mini/Cooper/S.html,NA
nurburgring,2004-06-13,261,Alfa Romeo GT - Alfa Romeo,NA,S1,Alfa Romeo Divisione Sportiva,-,-,Eve Scheer/Gunnar Beer (D)/Markus Lungstrass (D)/Stefan Neuberger (D),NA,NA,NA,NA,NA,Alfa Romeo,GT,NA,NA,Result: did not finishGrid: 74th (10:03.7920),did not finishGrid: 74th (10:03.7920),not_finished,74,10:03.7920,NA,10:03.7920,https://www.racingsportscars.com/images/car_no_photo.png,https://www.racingsportscars.com/about.html#contrib,https://www.racingsportscars.com/make/photo/Alfa%20Romeo.html,https://www.racingsportscars.com/type/photo/Alfa%20Romeo/GT.html,NA,NA
nurburgring,2004-06-13,69,Mini Cooper -,NA,A2,OK-Speed Marketing.com Hammer Sport,Closed bodywork,Front-engined,Sabine Schmitz (D)/Stéphane Mertens (B)/Ossi Kragl/Daniel Pfrommer,NA,NA,NA,NA,NA,Mini,Cooper,NA,NA,Result: did not finishGrid: 150th (10:34.4170),did not finishGrid: 150th (10:34.4170),not_finished,150,10:34.4170,NA,10:34.4170,https://www.racingsportscars.com/images/car_no_photo.png,https://www.racingsportscars.com/about.html#contrib,https://www.racingsportscars.com/make/photo/Mini.html,https://www.racingsportscars.com/type/photo/Mini/Cooper.html,NA,NA
nurburgring,2004-06-13,54,Porsche 996 GT3 Cup - Porsche F6 4v DOHC N/A,NA,A7,,Closed bodywork,Rear-engined,Wolfgang Kaufmann (D)/Markus Hofbauer/Thomas Reissert/Jan Frank,hasseröder,yellow/white,Pirelli,27/04/2024,Udo Klinkel,Porsche,996 GT3 Cup,NA,NA,Result: did not finishGrid: 23rd (9:10.4320),did not finishGrid: 23rd (9:10.4320),not_finished,23,9:10.4320,NA,9:10.4320,https://www.racingsportscars.com/tn/photo/2004/TN_Nurburgring-2004-06-13-054.jpg,https://www.racingsportscars.com/photo/2004/Nurburgring-2004-06-13-054.jpg,https://www.racingsportscars.com/make/photo/Porsche.html,https://www.racingsportscars.com/type/photo/Porsche/996%20GT3%20Cup.html,NA,NA
nurburgring,2004-06-13,214,BMW M3 - BMW,NA,V5,Matador Rennsport Team Deutschland,Closed bodywork,Front-engined,Uwe Rentel/Holger Fuchs (D)/Denis Weimer/Athanasios Karageorgos,NA,NA,NA,NA,NA,BMW,M3,NA,NA,Result: did not finishGrid: 78th (10:04.8700),did not finishGrid: 78th (10:04.8700),not_finished,78,10:04.8700,NA,10:04.8700,https://www.racingsportscars.com/images/car_no_photo.png,https://www.racingsportscars.com/about.html#contrib,https://www.racingsportscars.com/make/photo/BMW.html,https://www.racingsportscars.com/type/photo/BMW/M3.html,NA,NA
nurburgring,2004-06-13,123,Seat Ibiza - Seat,NA,A3,MC Heilbronn e.V.,-,-,Mike Schedler/Martin Mechtersheimer/Volker Buurmann,NA,NA,NA,NA,NA,Seat,Ibiza,NA,NA,Result: did not finishGrid: 151st (10:34.7371),did not finishGrid: 151st (10:34.7371),not_finished,151,10:34.7371,NA,10:34.7371,https://www.racingsportscars.com/images/car_no_photo.png,https://www.racingsportscars.com/about.html#contrib,https://www.racingsportscars.com/make/photo/Seat.html,https://www.racingsportscars.com/type/photo/Seat/Ibiza.html,NA,NA
nurburgring,2004-06-13,25,BMW 318 is - BMW,NA,V2,,Closed bodywork,Front-engined,Rupert Douglas-Pennant/Dean Charles/John Taylor,NA,NA,NA,NA,NA,BMW,318,is,NA,Result: did not finishGrid: 212th (11:21.7159),did not finishGrid: 212th (11:21.7159),not_finished,212,11:21.7159,NA,11:21.7159,https://www.racingsportscars.com/images/car_no_photo.png,https://www.racingsportscars.com/about.html#contrib,https://www.racingsportscars.com/make/photo/BMW.html,https://www.racingsportscars.com/type/photo/BMW/318.html,https://www.racingsportscars.com/suffix/photo/BMW/318/is.html,NA
nurburgring,2004-06-13,212,BMW M3 E36 GT - BMW,NA,V5,,Closed bodywork,Front-engined,Jan van Springel/Stephan Rösler (D)/Bernd Küpper (D)/Klaus Koch (D),AUTO SURGES/ATS/VSR,black (+white/green),NA,27/04/2024,Udo Klinkel,BMW,M3,E36 GT,NA,Result: did not finishGrid: 95th (10:12.2930),did not finishGrid: 95th (10:12.2930),not_finished,95,10:12.2930,NA,10:12.2930,https://www.racingsportscars.com/tn/photo/2004/TN_Nurburgring-2004-06-13-212.jpg,https://www.racingsportscars.com/photo/2004/Nurburgring-2004-06-13-212.jpg,https://www.racingsportscars.com/make/photo/BMW.html,https://www.racingsportscars.com/type/photo/BMW/M3.html,https://www.racingsportscars.com/suffix/photo/BMW/M3/E36%20GT.html,NA
nurburgring,2004-06-13,122,Renault Clio RS - Renault,NA,A3,,-,-,Christian Benz/Stefan Benz,NA,NA,NA,NA,NA,Renault,Clio,RS,NA,Result: did not finishGrid: 80th (10:05.7140),did not finishGrid: 80th (10:05.7140),not_finished,80,10:05.7140,NA,10:05.7140,https://www.racingsportscars.com/images/car_no_photo.png,https://www.racingsportscars.com/about.html#contrib,https://www.racingsportscars.com/make/photo/Renault.html,https://www.racingsportscars.com/type/photo/Renault/Clio.html,https://www.racingsportscars.com/suffix/photo/Renault/Clio/RS.html,NA
nurburgring,2004-06-13,86,V8 Star - Jaguar V8,NA,E1,Recaro-Raeder Motorsport,Closed bodywork,-,Hermann Tilke (D)/Ulrich Gallade (D)/Dirk Adorf (D),KEIPER/RECARO,red/blue (+black),Dunlop,27/04/2024,Udo Klinkel,V8,Star,NA,NA,Result: did not finishGrid: 9th (8:41.6840),did not finishGrid: 9th (8:41.6840),not_finished,9,8:41.6840,NA,8:41.6840,https://www.racingsportscars.com/tn/photo/2004/TN_Nurburgring-2004-06-13-086.jpg,https://www.racingsportscars.com/photo/2004/Nurburgring-2004-06-13-086.jpg,https://www.racingsportscars.com/make/photo/V8.html,https://www.racingsportscars.com/type/photo/V8/Star.html,NA,NA
nurburgring,2004-06-13,21,Volvo S60 Turbo - Volvo,NA,A8,,-,-,Gunnar Dackevall/Kjell-Olov Andersson/Tero Mustonen/Mats Lindén (S),NA,NA,NA,NA,NA,Volvo,S60,Turbo,NA,Result: did not finishGrid: 157th (10:39.9330),did not finishGrid: 157th (10:39.9330),not_finished,157,10:39.9330,NA,10:39.9330,https://www.racingsportscars.com/images/car_no_photo.png,https://www.racingsportscars.com/about.html#contrib,https://www.racingsportscars.com/make/photo/Volvo.html,https://www.racingsportscars.com/type/photo/Volvo/S60.html,https://www.racingsportscars.com/suffix/photo/Volvo/S60/Turbo.html,NA
nurburgring,2004-06-13,111,Opel Corsa C - Opel,NA,V2,,-,-,Jürgen Glath/Markus Schmickler (D)/Markus Mauer,NA,NA,NA,NA,NA,Opel,Corsa,C,NA,Result: did not finishGrid: 195th (10:58.1420),did not finishGrid: 195th (10:58.1420),not_finished,195,10:58.1420,NA,10:58.1420,https://www.racingsportscars.com/images/car_no_photo.png,https://www.racingsportscars.com/about.html#contrib,https://www.racingsportscars.com/make/photo/Opel.html,https://www.racingsportscars.com/type/photo/Opel/Corsa.html,https://www.racingsportscars.com/suffix/photo/Opel/Corsa/C.html,NA
nurburgring,2004-06-13,265,Audi A3 TDi - Audi Turbo Diesel,NA,S1,,-,-,Klaus Müller (D)/Markus Geyer/Paul-Martin Dose (D)/Siegfried Sträwe (D),NA,NA,NA,NA,NA,Audi,A3,TDi,NA,Result: did not finishGrid: 193rd (10:57.7870),did not finishGrid: 193rd (10:57.7870),not_finished,193,10:57.7870,NA,10:57.7870,https://www.racingsportscars.com/images/car_no_photo.png,https://www.racingsportscars.com/about.html#contrib,https://www.racingsportscars.com/make/photo/Audi.html,https://www.racingsportscars.com/type/photo/Audi/A3.html,https://www.racingsportscars.com/suffix/photo/Audi/A3/TDi.html,NA
nurburgring,2004-06-13,27,BMW M3 - BMW,NA,A5,,Closed bodywork,Front-engined,Michael Bonk (D)/Peter Bonk (D)/Urs Schild/Wolf Silvester (D),NA,NA,NA,NA,NA,BMW,M3,NA,NA,Result: did not finishGrid: 57th (9:43.2150),did not finishGrid: 57th (9:43.2150),not_finished,57,9:43.2150,NA,9:43.2150,https://www.racingsportscars.com/images/car_no_photo.png,https://www.racingsportscars.com/about.html#contrib,https://www.racingsportscars.com/make/photo/BMW.html,https://www.racingsportscars.com/type/photo/BMW/M3.html,NA,NA
nurburgring,2004-06-13,154,Honda Civic - Honda,NA,A2,MSC Ruhr-Blitz-Bochum e.V. im ADAC,-,-,Haakon Schjärin (N)/Roger Sandberg (N)/Dino Drössiger (D)/Thor-Christian Ebbesvik (N),NA,NA,NA,NA,NA,Honda,Civic,NA,NA,Result: did not finishGrid: 79th (10:05.6230),did not finishGrid: 79th (10:05.6230),not_finished,79,10:05.6230,NA,10:05.6230,https://www.racingsportscars.com/images/car_no_photo.png,https://www.racingsportscars.com/about.html#contrib,https://www.racingsportscars.com/make/photo/Honda.html,https://www.racingsportscars.com/type/photo/Honda/Civic.html,NA,NA
nurburgring,2004-06-13,31,Porsche 996 GT3-RSR - Porsche,NA,A7,PMC Sports,Closed bodywork,Rear-engined,Marc Gindorf (D)/Peter Scharmach (D)/Dennis Rostek (D)/Oliver Mathai (D),portal/BEST pasten.de/BOSS,white/red,BF Goodrich,27/04/2024,Udo Klinkel,Porsche,996 GT3-RSR,NA,NA,Result: did not finishGrid: 18th (8:58.9050),did not finishGrid: 18th (8:58.9050),not_finished,18,8:58.9050,NA,8:58.9050,https://www.racingsportscars.com/tn/photo/2004/TN_Nurburgring-2004-06-13-031.jpg,https://www.racingsportscars.com/photo/2004/Nurburgring-2004-06-13-031.jpg,https://www.racingsportscars.com/make/photo/Porsche.html,https://www.racingsportscars.com/type/photo/Porsche/996%20GT3-RSR.html,NA,NA
nurburgring,2004-06-13,146,Lotus Elise -,NA,A3,,Closed bodywork,Mid-engined,Doug Newman (GB)/Julian Lay/Glenn Westwood-Price,NA,yellow (+black),NA,27/04/2024,Udo Klinkel,Lotus,Elise,NA,NA,Result: did not finishGrid: 91st (10:09.4360),did not finishGrid: 91st (10:09.4360),not_finished,91,10:09.4360,NA,10:09.4360,https://www.racingsportscars.com/tn/photo/2004/TN_Nurburgring-2004-06-13-146.jpg,https://www.racingsportscars.com/photo/2004/Nurburgring-2004-06-13-146.jpg,https://www.racingsportscars.com/make/photo/Lotus.html,https://www.racingsportscars.com/type/photo/Lotus/Elise.html,NA,NA
nurburgring,2004-06-13,267,Seat Ibiza TDi - Seat Turbo Diesel,NA,S1,,Closed bodywork,Front-engined,Michele Camarlinghi (I)/Michele Moreale/Riccardo Ragazzi (I)/Raffaele Blasi,NA,NA,NA,NA,NA,Seat,Ibiza,TDi,NA,Result: did not finishGrid: 184th (10:53.4900),did not finishGrid: 184th (10:53.4900),not_finished,184,10:53.4900,NA,10:53.4900,https://www.racingsportscars.com/images/car_no_photo.png,https://www.racingsportscars.com/about.html#contrib,https://www.racingsportscars.com/make/photo/Seat.html,https://www.racingsportscars.com/type/photo/Seat/Ibiza.html,https://www.racingsportscars.com/suffix/photo/Seat/Ibiza/TDi.html,NA
nurburgring,2004-06-13,5,Opel Astra V8 Coupé - Opel V8,NA,E1,OPC Team Phoenix,Closed bodywork,-,Peter Dumbreck (GB)/Marcel Fässler (CH)/Christian Menzel (D)/Volker Strycek (D),Opel Frisches Denken für bessere Autos/OPEL,yellow (+red/black),Michelin,27/04/2024,Udo Klinkel,Opel,Astra,V8 Coupé,NA,Result: did not finish (Accident)Grid: 2nd (8:30.3500),did not finish (Accident)Grid: 2nd (8:30.3500),not_finished,2,8:30.3500,NA,Accident,https://www.racingsportscars.com/tn/photo/2004/TN_Nurburgring-2004-06-13-005.jpg,https://www.racingsportscars.com/photo/2004/Nurburgring-2004-06-13-005.jpg,https://www.racingsportscars.com/make/photo/Opel.html,https://www.racingsportscars.com/type/photo/Opel/Astra.html,https://www.racingsportscars.com/suffix/photo/Opel/Astra/V8%20Coup%c3%a9.html,NA
nurburgring,2004-06-13,3,Honda NSX - Honda,NA,A6,Sport Auto,Closed bodywork,Mid-engined,/Robert Lechner (A)/Armin Hahne (D)/Markus Oestreich (D)/Robin Liddell (GB),sport auto/HONDA,white (+red),Michelin,27/04/2024,Udo Klinkel,Honda,NSX,NA,NA,Result: did not finishGrid: 16th (8:54.5490),did not finishGrid: 16th (8:54.5490),not_finished,16,8:54.5490,NA,8:54.5490,https://www.racingsportscars.com/tn/photo/2004/TN_Nurburgring-2004-06-13-003.jpg,https://www.racingsportscars.com/photo/2004/Nurburgring-2004-06-13-003.jpg,https://www.racingsportscars.com/make/photo/Honda.html,https://www.racingsportscars.com/type/photo/Honda/NSX.html,NA,NA
nurburgring,2004-06-13,206,BMW 325i - BMW,NA,V4,Airnergy Motorsport GmbH i.G.,-,-,Frank Bierther/Christian Kautz (CH)/Sven Bomhoff/Denis Cribbin,NA,NA,NA,NA,NA,BMW,325i,NA,NA,Result: did not finishGrid: 137th (10:28.7120),did not finishGrid: 137th (10:28.7120),not_finished,137,10:28.7120,NA,10:28.7120,https://www.racingsportscars.com/images/car_no_photo.png,https://www.racingsportscars.com/about.html#contrib,https://www.racingsportscars.com/make/photo/BMW.html,https://www.racingsportscars.com/type/photo/BMW/325i.html,NA,NA
nurburgring,2004-06-13,65,Toyota MR-2 Turbo - Toyota,NA,A6,,-,-,"Gerhard Ludwig (D)/Franz Rohr (D)/Jens Bauer/""El Gringo"" (I)",NA,NA,NA,NA,NA,Toyota,MR-2,Turbo,NA,Result: did not finishGrid: 163rd (10:42.9620),did not finishGrid: 163rd (10:42.9620),not_finished,163,10:42.9620,NA,10:42.9620,https://www.racingsportscars.com/images/car_no_photo.png,https://www.racingsportscars.com/about.html#contrib,https://www.racingsportscars.com/make/photo/Toyota.html,https://www.racingsportscars.com/type/photo/Toyota/MR-2.html,https://www.racingsportscars.com/suffix/photo/Toyota/MR-2/Turbo.html,NA
nurburgring,2004-06-13,10,BMW M3 E46 GTRS - BMW,NA,A7,Scuderia Augustusburg Brühl e.V. im ADAC,Closed bodywork,Front-engined,Johannes Scheid (D)/Mario Merten (D)/Oliver Kainz (D)/Claudia Hürtgen (D),sport auto/FEV,blue,Dunlop,27/04/2024,Udo Klinkel,BMW,M3,E46 GTRS,NA,Result: did not finishGrid: 15th (8:51.1200),did not finishGrid: 15th (8:51.1200),not_finished,15,8:51.1200,NA,8:51.1200,https://www.racingsportscars.com/tn/photo/2004/TN_Nurburgring-2004-06-13-010.jpg,https://www.racingsportscars.com/photo/2004/Nurburgring-2004-06-13-010.jpg,https://www.racingsportscars.com/make/photo/BMW.html,https://www.racingsportscars.com/type/photo/BMW/M3.html,https://www.racingsportscars.com/suffix/photo/BMW/M3/E46%20GTRS.html,NA
nurburgring,2004-06-13,190,Peugeot 306 S16 - Peugeot,NA,V3,Schirra Motoring,-,-,Jürgen Nett (D)/Rolf Schütz/Klaus Knorra/Thomas Reuter,NA,NA,NA,NA,NA,Peugeot,306,S16,NA,Result: did not finishGrid: 117th (10:19.7580),did not finishGrid: 117th (10:19.7580),not_finished,117,10:19.7580,NA,10:19.7580,https://www.racingsportscars.com/images/car_no_photo.png,https://www.racingsportscars.com/about.html#contrib,https://www.racingsportscars.com/make/photo/Peugeot.html,https://www.racingsportscars.com/type/photo/Peugeot/306.html,https://www.racingsportscars.com/suffix/photo/Peugeot/306/S16.html,NA
nurburgring,2004-06-13,230,Honda Civic Type R - Honda,NA,N2,,Closed bodywork,Front-engined,Stefan Gosch/Ingo Gosch/Jörg Fladung/Jürgen Czernio,NA,NA,NA,NA,NA,Honda,Civic,Type R,NA,Result: did not finishGrid: 96th (10:12.3490),did not finishGrid: 96th (10:12.3490),not_finished,96,10:12.3490,NA,10:12.3490,https://www.racingsportscars.com/images/car_no_photo.png,https://www.racingsportscars.com/about.html#contrib,https://www.racingsportscars.com/make/photo/Honda.html,https://www.racingsportscars.com/type/photo/Honda/Civic.html,https://www.racingsportscars.com/suffix/photo/Honda/Civic/Type%20R.html,NA
nurburgring,2004-06-13,170,Ford Focus ST 170 - Ford,NA,V3,,-,-,Christoph Knour/Erwin Kallies/Georg Ströter/Manfred Anspann (D),NA,NA,NA,NA,NA,Ford,Focus,ST 170,NA,Result: did not finishGrid: 153rd (10:35.3140),did not finishGrid: 153rd (10:35.3140),not_finished,153,10:35.3140,NA,10:35.3140,https://www.racingsportscars.com/images/car_no_photo.png,https://www.racingsportscars.com/about.html#contrib,https://www.racingsportscars.com/make/photo/Ford.html,https://www.racingsportscars.com/type/photo/Ford/Focus.html,https://www.racingsportscars.com/suffix/photo/Ford/Focus/ST%20170.html,NA
nurburgring,2004-06-13,121,Honda S2000 - Honda,NA,A3,Sport Auto,-,-,Anja Wassertheurer (D)/Gaby Roosen (D)/Friederike Moritz/Yolanda Tavoli,NA,NA,NA,NA,NA,Honda,S2000,NA,NA,Result: did not finishGrid: 158th (10:40.1630),did not finishGrid: 158th (10:40.1630),not_finished,158,10:40.1630,NA,10:40.1630,https://www.racingsportscars.com/images/car_no_photo.png,https://www.racingsportscars.com/about.html#contrib,https://www.racingsportscars.com/make/photo/Honda.html,https://www.racingsportscars.com/type/photo/Honda/S2000.html,NA,NA
nurburgring,2004-06-13,128,Alfa Romeo 146 TS - Alfa Romeo,NA,A3,,-,-,Jürg Hügli (CH)/Alexander Furiani/Ivo Salvadori/Daniele Facetti,NA,NA,NA,NA,NA,Alfa Romeo,146,TS,NA,Result: did not finishGrid: 217th (11:40.3960),did not finishGrid: 217th (11:40.3960),not_finished,217,11:40.3960,NA,11:40.3960,https://www.racingsportscars.com/images/car_no_photo.png,https://www.racingsportscars.com/about.html#contrib,https://www.racingsportscars.com/make/photo/Alfa%20Romeo.html,https://www.racingsportscars.com/type/photo/Alfa%20Romeo/146.html,https://www.racingsportscars.com/suffix/photo/Alfa%20Romeo/146/TS.html,NA
nurburgring,2004-06-13,50,BMW M3 - BMW,NA,A6,,Closed bodywork,Front-engined,Rudi Adams (D)/Andreas Fries/Josef Wenger/Werner Riess,NA,NA,NA,NA,NA,BMW,M3,NA,NA,Result: did not finishGrid: 38th (9:28.6370),did not finishGrid: 38th (9:28.6370),not_finished,38,9:28.6370,NA,9:28.6370,https://www.racingsportscars.com/images/car_no_photo.png,https://www.racingsportscars.com/about.html#contrib,https://www.racingsportscars.com/make/photo/BMW.html,https://www.racingsportscars.com/type/photo/BMW/M3.html,NA,NA
nurburgring,2004-06-13,89,Jaguar S-type - Jaguar,NA,A5,,-,-,Martin Hütter/Jochen Westerhoff/Markus Schmickler (D)/Michael Raja Ploreit,NA,NA,NA,NA,NA,Jaguar,S-type,NA,NA,Result: did not finishGrid: 152nd (10:34.7620),did not finishGrid: 152nd (10:34.7620),not_finished,152,10:34.7620,NA,10:34.7620,https://www.racingsportscars.com/images/car_no_photo.png,https://www.racingsportscars.com/about.html#contrib,https://www.racingsportscars.com/make/photo/Jaguar.html,https://www.racingsportscars.com/type/photo/Jaguar/S-type.html,NA,NA
nurburgring,2004-06-13,164,Citroën AX Sport - Citroën,NA,A1,,-,-,Udo Bonin/Jörg Bonin/Udo Poppe/Thorsten Reuschenbach,NA,NA,NA,NA,NA,Citroën,AX,Sport,NA,Result: did not finishGrid: 194th (10:57.9360),did not finishGrid: 194th (10:57.9360),not_finished,194,10:57.9360,NA,10:57.9360,https://www.racingsportscars.com/images/car_no_photo.png,https://www.racingsportscars.com/about.html#contrib,https://www.racingsportscars.com/make/photo/Citro%c3%abn.html,https://www.racingsportscars.com/type/photo/Citro%c3%abn/AX.html,https://www.racingsportscars.com/suffix/photo/Citro%c3%abn/AX/Sport.html,NA
nurburgring,2004-06-13,88,Morgan Plus 8 # -,NA,A7,,Open bodywork with separated mudguards,Front-engined,Christian Bock (D)/Michael Bock (GB)/Keith Ahlers (GB),SERVICE IM AUTOHAUS,black (+yellow),Dunlop,27/04/2024,Udo Klinkel,Morgan,Plus 8,NA,#,Result: did not finishGrid: 106th (10:15.9990),did not finishGrid: 106th (10:15.9990),not_finished,106,10:15.9990,NA,10:15.9990,https://www.racingsportscars.com/tn/photo/2004/TN_Nurburgring-2004-06-13-088.jpg,https://www.racingsportscars.com/photo/2004/Nurburgring-2004-06-13-088.jpg,https://www.racingsportscars.com/make/photo/Morgan.html,https://www.racingsportscars.com/type/photo/Morgan/Plus%208.html,NA,https://www.racingsportscars.com/chassis/photo/Plus8-Bock%23.html
nurburgring,2004-06-13,16,BMW M3 E46 - BMW,NA,A6,Duller Motorsport,Closed bodywork,Front-engined,/Philipp Peter (A)/Artur Deutgen (D)/Dieter Quester (A)/Vincent Vosse (B),Red Bull,blue (+yellow/red),Michelin,27/04/2024,Udo Klinkel,BMW,M3,E46,NA,Result: did not finishGrid: 19th (9:03.3820),did not finishGrid: 19th (9:03.3820),not_finished,19,9:03.3820,NA,9:03.3820,https://www.racingsportscars.com/tn/photo/2004/TN_Nurburgring-2004-06-13-016.jpg,https://www.racingsportscars.com/photo/2004/Nurburgring-2004-06-13-016.jpg,https://www.racingsportscars.com/make/photo/BMW.html,https://www.racingsportscars.com/type/photo/BMW/M3.html,https://www.racingsportscars.com/suffix/photo/BMW/M3/E46.html,NA
nurburgring,2004-06-13,87,Audi A3 RS - Audi,NA,A5,König Sitze GmbH - Manthey Racing (D),-,-,Günter Kühlewein (D)/Roland Waschkau (D)/Rudi Speich (D),NA,NA,NA,NA,NA,Audi,A3,RS,NA,Result: did not finishGrid: 84th (10:07.2570),did not finishGrid: 84th (10:07.2570),not_finished,84,10:07.2570,NA,10:07.2570,https://www.racingsportscars.com/images/car_no_photo.png,https://www.racingsportscars.com/about.html#contrib,https://www.racingsportscars.com/make/photo/Audi.html,https://www.racingsportscars.com/type/photo/Audi/A3.html,https://www.racingsportscars.com/suffix/photo/Audi/A3/RS.html,NA
nurburgring,2004-06-13,9,V8 Star - Audi V8,NA,E1,MIS Sport Promotion,-,-,Thomas Mutsch (D)/Harald Becker (D)/Christian Hohenadel (D)/Klaus Panchyrz (D),NA,NA,NA,NA,NA,V8,Star,NA,NA,Result: did not finishGrid: 13th (8:47.6270),did not finishGrid: 13th (8:47.6270),not_finished,13,8:47.6270,NA,8:47.6270,https://www.racingsportscars.com/images/car_no_photo.png,https://www.racingsportscars.com/about.html#contrib,https://www.racingsportscars.com/make/photo/V8.html,https://www.racingsportscars.com/type/photo/V8/Star.html,NA,NA
nurburgring,2004-06-13,108,Porsche 911 GT3 Cup - Porsche,NA,A7,Mühlner Motorsport Sprl.,-,Rear-engined,Heinz-Josef Bermes (D)/Thomas Koll (D)/Werner Kather (D)/Jürgen Gockel,NA,NA,NA,NA,NA,Porsche,911 GT3 Cup,NA,NA,Result: did not finishGrid: 25th (9:13.9680),did not finishGrid: 25th (9:13.9680),not_finished,25,9:13.9680,NA,9:13.9680,https://www.racingsportscars.com/images/car_no_photo.png,https://www.racingsportscars.com/about.html#contrib,https://www.racingsportscars.com/make/photo/Porsche.html,https://www.racingsportscars.com/type/photo/Porsche/911%20GT3%20Cup.html,NA,NA
nurburgring,2004-06-13,35,BMW 320i - BMW,NA,A3,Dolate Motorsport,Closed bodywork,Front-engined,Marc Hennerici (D)/Thomas Winkelhock (D)/Erik Schwarz/Thomas Schiemann (D),NA,NA,NA,NA,NA,BMW,320i,NA,NA,Result: did not finishGrid: 37th (9:27.5200),did not finishGrid: 37th (9:27.5200),not_finished,37,9:27.5200,NA,9:27.5200,https://www.racingsportscars.com/images/car_no_photo.png,https://www.racingsportscars.com/about.html#contrib,https://www.racingsportscars.com/make/photo/BMW.html,https://www.racingsportscars.com/type/photo/BMW/320i.html,NA,NA
nurburgring,2004-06-13,130,Opel Astra Coupé - Opel,NA,A3,Kissling Motorsport,-,-,Stefan Kissling (D)/Josef Klüber (D)/Rainer Bastuck/Wolfgang Haugg (D),NA,NA,NA,NA,NA,Opel,Astra,Coupé,NA,Result: did not finishGrid: 45th (9:34.7120),did not finishGrid: 45th (9:34.7120),not_finished,45,9:34.7120,NA,9:34.7120,https://www.racingsportscars.com/images/car_no_photo.png,https://www.racingsportscars.com/about.html#contrib,https://www.racingsportscars.com/make/photo/Opel.html,https://www.racingsportscars.com/type/photo/Opel/Astra.html,https://www.racingsportscars.com/suffix/photo/Opel/Astra/Coup%c3%a9.html,NA
nurburgring,2004-06-13,147,Ford Puma - Ford,NA,A3,,-,-,Michael Macheledt/Holger Siebertz/Max Kuypers/Alexander Wetzlich,NA,NA,NA,NA,NA,Ford,Puma,NA,NA,Result: did not finishGrid: 141st (10:31.0150),did not finishGrid: 141st (10:31.0150),not_finished,141,10:31.0150,NA,10:31.0150,https://www.racingsportscars.com/images/car_no_photo.png,https://www.racingsportscars.com/about.html#contrib,https://www.racingsportscars.com/make/photo/Ford.html,https://www.racingsportscars.com/type/photo/Ford/Puma.html,NA,NA
nurburgring,2004-06-13,93,BMW M3 GTR - BMW,NA,A6,,Closed bodywork,Front-engined,Ian Mitchell (GB)/Sterensen/Phillip Bennett (GB)/Michael Funke (D),NA,NA,NA,NA,NA,BMW,M3,GTR,NA,Result: did not finishGrid: 47th (9:35.4520),did not finishGrid: 47th (9:35.4520),not_finished,47,9:35.4520,NA,9:35.4520,https://www.racingsportscars.com/images/car_no_photo.png,https://www.racingsportscars.com/about.html#contrib,https://www.racingsportscars.com/make/photo/BMW.html,https://www.racingsportscars.com/type/photo/BMW/M3.html,https://www.racingsportscars.com/suffix/photo/BMW/M3/GTR.html,NA
nurburgring,2004-06-13,148,VW Golf III GTI - VW,NA,A3,,Closed bodywork,Front-engined,Stefan Hübenthal/Michael Nolte/Michael Brüggenkamp (D),NA,NA,NA,NA,NA,VW,Golf,III GTI,NA,Result: did not finishGrid: 201st (11:06.2240),did not finishGrid: 201st (11:06.2240),not_finished,201,11:06.2240,NA,11:06.2240,https://www.racingsportscars.com/images/car_no_photo.png,https://www.racingsportscars.com/about.html#contrib,https://www.racingsportscars.com/make/photo/VW.html,https://www.racingsportscars.com/type/photo/VW/Golf.html,https://www.racingsportscars.com/suffix/photo/VW/Golf/III%20GTI.html,NA
nurburgring,2004-06-13,112,Chrysler Crossfire - Chrysler,NA,A8,Notifier-Fire-Racing-Team,Closed bodywork,-,Holger Hesse/Ellen Lohr (D)/Wolfgang Kaufmann (D)/Michel Vaillant,NA,black (+red),NA,NA,NA,Chrysler,Crossfire,NA,NA,Result: did not finishGrid: (no time),did not finishGrid: (no time),not_finished,NA,NA,NA,no time,https://www.racingsportscars.com/images/car_no_photo.png,https://www.racingsportscars.com/about.html#contrib,https://www.racingsportscars.com/make/photo/Chrysler.html,https://www.racingsportscars.com/type/photo/Chrysler/Crossfire.html,NA,NA
