brand,model,model_full,model_family,model_extra,model_code,year,category_raw,category,engine,engine_position,displacement_cc,max_power_cv,rpm_max_power,torque_nm,rpm_max_torque,top_speed_kmh,weight_kg,wheelbase_mm,length_mm,width_mm,height_mm,photo_url,url,description
Ferrari,125 S,125 S,NA,NA,NA,1947,Sport Prototype,Competition,V12,NA,1497,118,6800,NA,NA,NA,650,2420,NA,NA,NA,https://cdn.ferrari.com/cms/network/media/img/resize/5ddbd834f8fc7b0aa908148a-ferrari-125-s-thumb?width=1600&height=1080,https://www.ferrari.com/en-EN/auto/125-s,Ferrari 125 S: This was the very first car to wear the Ferrari badge. The V12 engine was designed by Gioacchino Colombo with contributions from Giuseppe Busso and Luigi Bazzi.
Ferrari,159 S,159 S,NA,NA,NA,1947,Sport Prototype,Competition,V12,front,1903,125,6500,NA,NA,NA,NA,2420,NA,NA,NA,https://cdn.ferrari.com/cms/network/media/img/resize/5ddbd8f8f8fc7b0aa90814b4-ferrari-159-s-thumb?width=1600&height=1080,https://www.ferrari.com/en-EN/auto/159-s,Ferrari 159 S: Developed from the 125 S whose engine was increased to 1903 cc by boring it out and working on the stroke.
Ferrari,166 Inter,166 Inter,NA,NA,NA,1948,Gran Turismo,Road,V12,front,1995,90,5600,NA,NA,150,900,2620,NA,NA,NA,https://cdn.ferrari.com/cms/network/media/img/resize/5ddbda2d2cdb32285a79ac43-ferrari-166-inter1948-thumb?width=1600&height=1080,https://www.ferrari.com/en-EN/auto/166-inter,"Ferrari 166 Inter: This was Ferrari’s first 12-cylinder engine to reach 2-litre capacity. As in the case of the 159 S, bore sizes and strokes were both increased, and as usual both open-wheel and full bodywork models were produced."
Ferrari,166 Inter Sport,166 Inter Sport,NA,NA,NA,1948,Sport Prototype,Competition,V12,front,1995,131,6500,NA,NA,215,630,2420,NA,NA,NA,https://cdn.ferrari.com/cms/network/media/img/resize/5ddbdafe2cdb32285a79ac71-ferrari-166-inter-sport-thumb?width=1600&height=1080,https://www.ferrari.com/en-EN/auto/166-inter-sport,The Ferrari Tipo 166 Inter Sport two-litre engine spawned a whole range of sports and single-seater models.
Ferrari,166 MM,166 MM,NA,NA,NA,1948,Sport Prototype,Competition,V12,front,1995,140,6600,NA,NA,220,650,2200,NA,NA,NA,https://cdn.ferrari.com/cms/network/media/img/resize/5ddbdb742cdb32285a79ac8e-ferrari-166-mm-1948-thumb?width=1600&height=1080,https://www.ferrari.com/en-EN/auto/166-mm,"Designed for long distance competition, the Ferrari 166 MM took its name from one of the world’s most famous road races, the Mille Miglia, in which the Maranello cars were to triumph again and again. Its coachwork was built by Touring using the “Superlight” method."
Ferrari,166 S,166 S,NA,NA,NA,1948,Sport Prototype,Competition,V12,front,1995,110,6000,NA,NA,170,800,2420,NA,NA,NA,https://cdn.ferrari.com/cms/network/media/img/resize/5ddbdaa3f8fc7b0aa9081513-ferrari-166-s-1948-thumb?width=1600&height=1080,https://www.ferrari.com/en-EN/auto/166-s,"The Ferrari 166 S was launched at the start of 1948 in both berlinetta and spider versions, both of which were built by Allemano."
Ferrari,195 Inter,195 Inter,NA,NA,NA,1950,Gran Turismo,Road,V12,front,2341,131,6000,NA,NA,180,950,2500,NA,NA,NA,https://cdn.ferrari.com/cms/network/media/img/resize/5ddbeee784077c3b2433d66b-ferrari-195-inter-thumb?width=1600&height=1080,https://www.ferrari.com/en-EN/auto/195-inter,"Ferrari 195 Inter: This was a touring-type version of the 195 S, with a more powerful yet more flexible engine which made driving easier for clients unused to extreme performance."
Ferrari,195 S,195 S,NA,NA,NA,1950,Sport Prototype,Competition,V12,front,2341,170,7000,NA,NA,NA,720,2250,NA,NA,NA,https://cdn.ferrari.com/cms/network/media/img/resize/5ddbef422cdb32285a79b0e0-ferrari-195-s-1950.thumb?width=1600&height=1080,https://www.ferrari.com/en-EN/auto/195-s,"Ferrari 195 S: A further development of the 12-cylinder that reached a displacement of 2,350 cc. The increase in power was combined with a sweeter, more gradual delivery. Just a small number of 195 Ss were produced, with Touring bodying both the open and coupé versions."
Ferrari,275 S,275 S,NA,NA,NA,1950,Sport Prototype,Competition,V12,front,3322,271,7200,NA,NA,240,850,2420,NA,NA,NA,https://cdn.ferrari.com/cms/network/media/img/resize/5ddbefad0cf6995f44de92fe-ferrari-275-s-1950-thumb?width=1600&height=1080,https://www.ferrari.com/en-EN/auto/275-s,The big new Lampredi engine got its first outing in the Ferrari 275 S sports car at 3322 cc. Two models were built with Touring barchetta bodies and took part in the Mille Miglia held in April 1950.
Ferrari,340 America,340 America,NA,NA,NA,1950,Sport Prototype,Competition,V12,front,4102,220,6000,NA,NA,240,900,2420,NA,NA,NA,https://cdn.ferrari.com/cms/network/media/img/resize/5ddbf01cf8fc7b0aa90819c9-ferrari-340-america-1950-thumb?width=1600&height=1080,https://www.ferrari.com/en-EN/auto/340-america,"Ferrari 340 America: The American market was growing with every year that passed and showed great potential for the Maranello marque. In fact, this model, which was actually based directly on the 340 F1, was created specifically to meet the demands of the new breed of owner."
Ferrari,212 Export,212 Export,NA,NA,NA,1951,Sport Prototype,Competition,V12,front,2563,165,7000,NA,NA,220,850,2250,NA,NA,NA,https://cdn.ferrari.com/cms/network/media/img/resize/5ddbf1520cf6995f44de9301-ferrari-212-export-1951-thumb?width=1600&height=1080,https://www.ferrari.com/en-EN/auto/212-export,"Ferrari 212 Export: Gioachino Colombo's V12 was given a further boost in power to 2562.51 cm3. A new chassis was constructed; one with a more rigid undercarriage, to be able to withstand the 150 bhp the engine was capable of delivering. "
Ferrari,212 Inter,212 Inter,NA,NA,NA,1951,Gran Turismo,Road,V12,front,2563,150,6500,NA,NA,200,1000,2600,NA,NA,NA,https://cdn.ferrari.com/cms/network/media/img/resize/5ddbf07af8fc7b0aa90819e7-ferrari-212-inter-1951-thumb?width=1600&height=1080,https://www.ferrari.com/en-EN/auto/212-inter,"Ferrari 212 Inter: The Gioacchino Colombo V12 was bored out to provide a bigger displacement. The chassis was inspired by that of the 166 MM, with modifications aimed at transmitting the higher power output to the road."
Ferrari,342 America,342 America,NA,NA,NA,1951,Gran Turismo,Road,V12,front,4102,200,5000,NA,NA,186,1200,2650,NA,NA,NA,https://cdn.ferrari.com/cms/network/media/img/resize/5ddbf0dc2cdb32285a79b14f-ferrari-342-america-1951-thumb?width=1600&height=1080,https://www.ferrari.com/en-EN/auto/342-america,"Ferrari 342 America: Interest in Ferraris was growing among potential clients, but some were wary of the competition levels of performance provided by engines which reached the market with very little in the way of detuning."
Ferrari,250 S,250 S,NA,NA,NA,1952,Sport Prototype,Competition,V12,front,2953,230,7500,NA,NA,250,850,2250,3800,1570,1400,https://cdn.ferrari.com/cms/network/media/img/resize/5ddbf1c1f8fc7b0aa9081a34-ferrari-250-s-1952-thumb?width=1600&height=1080,https://www.ferrari.com/en-EN/auto/250-s,"Ferrari 250 S: Based yet again on the designs of Gioachino Colombo developed Aurelio Lampredi, the V12 Ferrari was a three-litre with coachwork by Vignale and Touring."
Ferrari,340 Mexico,340 Mexico,NA,NA,NA,1952,Sport Prototype,Competition,V12,front,4102,280,6600,NA,NA,282,900,2600,4201,1503,1333,https://cdn.ferrari.com/cms/network/media/img/resize/5ddbf2ae2cdb32285a79b1bc-ferrari-340-mexico-1952-thumb?width=1600&height=1080,https://www.ferrari.com/en-EN/auto/340-mexico,Ferrari 340 Mexico: Resounding success in the 1951 Carrera Panamericana convinced Enzo Ferrari to create this car. Only four examples were built in all by Vignale: three Berlinettas and one Spider.
Ferrari,Ferrari 225 S,Ferrari 225 S,NA,NA,NA,1952,Sport Prototype,Competition,V12,front,2715,209,7200,NA,NA,230,850,2250,NA,NA,NA,https://cdn.ferrari.com/cms/network/media/img/resize/5ddbf258f8fc7b0aa9081a54-ferrari-225-s-1952-thumb?width=1600&height=1080,https://www.ferrari.com/en-EN/auto/225-s,Ferrari 225 S: Ferrari continued with its development of two absolute jewels at this particular time: the two V12s designed respectively by Gioachino Colombo and Aurelio Lampredi.
Ferrari,250 Europa,250 Europa,NA,NA,NA,1953,Gran Turismo,Road,V12,front,2963,200,6300,NA,NA,218,1150,2800,NA,NA,NA,https://cdn.ferrari.com/cms/network/media/img/resize/5ddbf3020cf6995f44de9304-ferrari_250_europa_1953-thumb?width=1600&height=1080,https://www.ferrari.com/en-EN/auto/250-europa,"The Ferrari 250 Europa took over from the 212 Inter, and for economies of scale, shared the same chassis as the 375 America. The Lampredi V12 was kept below 3 litres."
Ferrari,250 MM,250 MM,NA,NA,NA,1953,Sport Prototype,Competition,V12,front,2953,239,7200,NA,NA,250,900,2400,NA,NA,NA,https://cdn.ferrari.com/cms/network/media/img/resize/5ddbf3e1f8fc7b0aa9081ab7-ferrari-250-mm-1953-thumb?width=1600&height=1080,https://www.ferrari.com/en-EN/auto/250-mm,"Ferrari 250 MM: Two versions of the 250 Sport-derived 250 MM were built: a Pininfarina berlinetta, which hailed in a whole new era in design, and a barchetta by Vignale. Significant improvements had been made to both the engine and the suspensions with the addition of Houdaille shocks."
Ferrari,340 MM,340 MM,NA,NA,NA,1953,Sport Prototype,Competition,V12,front,4102,280,6600,NA,NA,282,850,2500,NA,NA,NA,https://cdn.ferrari.com/cms/network/media/img/resize/5ddbf4762cdb32285a79b232-ferrari-340-mm-1953-thumb?width=1600&height=1080,https://www.ferrari.com/en-EN/auto/340-mm,The Ferrari 340 MM was built for the 1953 Mille Miglia which Giannino Marzotto duly won in a barchetta version with coachwork by Vignale. Marzotto set a new record speed for the race at an average of over 142 km/h.
Ferrari,375 America,375 America,NA,NA,NA,1953,Gran Turismo,Road,V12,front,4522,300,6300,NA,NA,250,1150,2800,NA,NA,NA,https://cdn.ferrari.com/cms/network/media/img/resize/5ddbf359f8fc7b0aa9081a93-ferrari-375-america-1953-thumb?width=1600&height=1080,https://www.ferrari.com/en-EN/auto/375-america,"Ferrari 375 America: Heir to the 342 America, this model was aimed at the same segment of the market. The Colombo-designed V12 was dropped in favour of the Aurelio Lampredi version that featured cylinder heads with twin inlet tracts."
Ferrari,375 MM,375 MM,NA,NA,NA,1953,Sport Prototype,Competition,V12,front,4523,340,7000,NA,NA,289,900,2600,NA,NA,NA,https://cdn.ferrari.com/cms/network/media/img/resize/5ddbf50ef8fc7b0aa9081b02-ferrari-375-mm-1953-thumb?width=1600&height=1080,https://www.ferrari.com/en-EN/auto/375-mm,"The Ferrari 375 Mille Miglia carried on the Ferrari tradition of naming sports models after the famous Italian road race and was a spin-off of the F1 single-seater, just like its sister car, the 375 America, which was the GT equivalent."
Ferrari,500 Mondial,500 Mondial,NA,NA,NA,1953,Sport Prototype,Competition,4-cyl.,front,1985,170,7000,NA,NA,236,720,2250,NA,NA,NA,https://cdn.ferrari.com/cms/network/media/img/resize/5ddbf664f8fc7b0aa9081b6b-ferrari-500-mondial-1953-thumb?width=1600&height=1080,https://www.ferrari.com/en-EN/auto/500-mondial,Ferrari 500 Mondial: The first of these cars was built by a young coachbuilder from Modena called Scaglietti and was inspired by a design created by Dino Ferrari to freshen up the look of the old 166 given to him by his father.
Ferrari,625 TF,625 TF,NA,NA,NA,1953,Sport Prototype,Competition,V4,front,2498,220,7000,NA,NA,240,730,2250,NA,NA,NA,https://cdn.ferrari.com/cms/network/media/img/resize/5ddbf58c84077c3b2433d81f-ferrari-625-tf-1953-thumb?width=1600&height=1080,https://www.ferrari.com/en-EN/auto/625-tf,Ferrari 625 TF: This is an interesting model from many points of view starting with the fact that the 625 of its name refers to the ccs of the 1954 F1 2.5-litre and the TF may refer to the Targa Florio even though the car never actually raced in it.
Ferrari,735 S,735 S,NA,NA,NA,1953,Sport Prototype,Competition,4-cyl.,front,2942,224,6800,NA,NA,NA,750,2250,NA,NA,NA,https://cdn.ferrari.com/cms/network/media/img/resize/5ddbf5ff84077c3b2433d845-ferrari-735-s-1953-thumb?width=1600&height=1080,https://www.ferrari.com/en-EN/auto/735-s,Ferrari 735 S: The in-line 4-cylinder Ferrari engine started out its career in the 1950 Formula 2 Championship. This engine type had proved itself a winner on both twisty and fast circuits and so it was decided to transfer the technology to sports cars.
Ferrari,250 GT Coupé,250 GT Coupé,NA,NA,NA,1954,Gran Turismo,Road,V12,front,2953,220,7000,NA,NA,230,1050,2600,NA,NA,NA,https://cdn.ferrari.com/cms/network/media/img/resize/5ddbf79f0cf6995f44de9306-ferrari-250-gt-coupe-1954-thumb?width=1600&height=1080,https://www.ferrari.com/en-EN/auto/250-gt-coupe,"Ferrari 250 GT Coupé: Presented at the Paris Motor Show in 1954, the 250 GT Coupé represented Ferrari's first attempt at standardising a model destined for the normal motorist. Developed from the 250 Europa, it was fitted with a version of the Colombo Type 125 engine fed by three classic Weber 36 DCZ carburettors."
Ferrari,250 Monza,250 Monza,NA,NA,NA,1954,Sport Prototype,Competition,V12,front,3000,260,6000,NA,NA,264,760,2250,NA,NA,NA,https://cdn.ferrari.com/cms/network/media/img/resize/5ddd25192cdb32285a79ef75-ferrari-250-monza-1954-thumb?width=1600&height=1080,https://www.ferrari.com/en-EN/auto/250-monza,"The Ferrari 250 Monza was powered by the V12 engine of the 250 MM, mounted in the highly capable chassis of the 750 Monza."
Ferrari,375 Plus,375 Plus,NA,NA,NA,1954,Sport Prototype,Competition,V12,front,4954,330,6000,NA,NA,280,1030,2600,NA,NA,NA,https://cdn.ferrari.com/cms/network/media/img/resize/5ddd255f0cf6995f44de9328-ferrari-375-plus-1954-thumb?width=1600&height=1080,https://www.ferrari.com/en-EN/auto/375-plus,"Ferrari 375 Plus: After winning the Auto Sport World Championships in 1953, Enzo Ferrari decided to build a small series of spiders that would spearhead the Scuderia’s latest assault on the World title."
Ferrari,750 Monza,750 Monza,NA,NA,NA,1954,Sport Prototype,Competition,4-cyl.,front,3000,239,7200,NA,NA,250,850,2400,NA,NA,NA,https://cdn.ferrari.com/cms/network/media/img/resize/5ddd24ad2cdb32285a79ef58-ferrari-750-monza-1954-thumb?width=1600&height=1080,https://www.ferrari.com/en-EN/auto/750-monza,Ferrari 750 Monza: The prototype made its debut at Monza in 1954 with an engine based on a development of the four-cylinder Type 555 and took both first and second positions.
Ferrari,376 S,376 S,NA,NA,NA,1955,Sport Prototype,Competition,6-cyl.,front,3747,280,6200,NA,NA,NA,850,2400,NA,NA,NA,https://cdn.ferrari.com/cms/network/media/img/resize/5ddd25cc2cdb32285a79efa4-ferrari-376-s-1954-thumb?width=1600&height=1080,https://www.ferrari.com/en-EN/auto/376-s,"Ferrari 376 S: This is the very first sports car with a six-cylinder in-line engine, although another three-litre 306 engine was also been built but never used in competition."
Ferrari,735 LM,735 LM,NA,NA,NA,1955,Sport Prototype,Competition,6-cyl.,front,4412,330,5800,NA,NA,280,850,2400,NA,NA,NA,https://cdn.ferrari.com/cms/network/media/img/resize/5ddd262184077c3b2434153f-ferrari-735-lm-1954-thumb?width=1600&height=1080,https://www.ferrari.com/en-EN/auto/735-lm,"Like the 376, the Ferrari 735 LM sported an in-line 6-cylinder engine. However, what made it unusual was that the 735 in its names refers to the displacement of just one cylinder, as was the case in the earliest models."
Ferrari,857 S,857 S,NA,NA,NA,1955,Sport Prototype,Competition,4-cyl.,front,3432,280,6000,NA,NA,NA,NA,2250,NA,NA,NA,https://cdn.ferrari.com/cms/network/media/img/resize/5ddd26a02cdb32285a79eff4-ferrari-857-s-1955-thumb?width=1600&height=1080,https://www.ferrari.com/en-EN/auto/857-s,The Ferrari 857 S was equipped with the largest displacement version of the legendary four-cylinder in-line which started its career with World Championship victories in 1952 and 1953 and was later upped to a three-litre with the same external block dimensions.
Ferrari,250 GT Berlinetta,250 GT Berlinetta,NA,NA,NA,1956,Gran Turismo,Road,V12,front,2953,239,7000,NA,NA,252,1050,2600,NA,NA,NA,https://cdn.ferrari.com/cms/network/media/img/resize/5ddd288cf8fc7b0aa90858f4-ferrari-250-gt-berlinetta-1956-thumb?width=1600&height=1080,https://www.ferrari.com/en-EN/auto/250-gt-berlinetta,"Ferrari 250 GT Berlinetta: This was the first model in the legendary berlinetta series. These cars were not only perfect for driving to the track, but also for racing (and winning!) on it."
Ferrari,290 MM,290 MM,NA,NA,NA,1956,Sport Prototype,Competition,V12,front,3491,320,7200,NA,NA,280,880,2350,NA,NA,NA,https://cdn.ferrari.com/cms/network/media/img/resize/5ddd2c422cdb32285a79f14c-ferrari-290-mm-1956-thumb?width=1600&height=1080,https://www.ferrari.com/en-EN/auto/290-mm,"Designed for the 1956 Mille Miglia and as a replacement for the 860 Monza, the Ferrari 290MM was mounted with a V12 engine with dual ignition and dry sump derived from the 4.5-litre Grand Prix. Even though this engine could be described as belonging to Lampredi school, its bore and stroke measurements were really more reminiscent of Colombo’s V12 than anything else."
Ferrari,410 S,410 S,NA,NA,NA,1956,Sport Prototype,Competition,V12,front,4963,340,6200,NA,NA,280,1200,2420,NA,NA,NA,https://cdn.ferrari.com/cms/network/media/img/resize/5ddd2bd284077c3b243416b9-ferrari-410-s-1956-thumb?width=1600&height=1080,https://www.ferrari.com/en-EN/auto/410-s,"The Ferrari 410 S marked a return to the 12-cylinder theme, which had remained dear to Enzo Ferrari’s heart. A dual ignition V12 of almost 5000 ccs fed by three Weber 42DCZ/4 carburettors was mounted on a very light chassis with a wheel base of just 2500 mm while a De Dion axle controlled the rear wheels."
Ferrari,410 Superamerica,410 Superamerica,NA,NA,NA,1956,Gran Turismo,Road,V12,front,4963,340,6000,NA,NA,262,1200,2800,NA,NA,NA,https://cdn.ferrari.com/cms/network/media/img/resize/5ddd29f90cf6995f44de932c-ferrari-410-superamerica-1956-thumb?width=1600&height=1080,https://www.ferrari.com/en-EN/auto/410-superamerica,"The engine that was to equip the Ferrari 410 Superamerica was presented on the chassis of the 375 America at the Paris Motor Show in October 1955. The car itself was unveiled to the public later, at the 1956 Brussels Motor Show. The elegant bodywork with its impressive dimensions was the work of Pinin Farina. It is a curious fact that this model, which was destined for series production, actually gave rise to a number of competition versions, reverting to Ferrari’s customary practice."
Ferrari,500 TR,500 TR,NA,NA,NA,1956,Sport Prototype,Competition,4-cyl.,front,1985,179,7000,NA,NA,245,680,2250,NA,NA,NA,https://cdn.ferrari.com/cms/network/media/img/resize/5ddd2aba2cdb32285a79f0ec-ferrari-500-tr-1956-thumb?width=1600&height=1080,https://www.ferrari.com/en-EN/auto/500-tr,"Ferrari 500 TR: Ferrari needed a very new special weapon with which to take on the Maserati four-cylinder two-litre. With this in mind, the 2200cc derived from the Mondial was handed over to a former Maserati engineer named Massimino who made it more reliable and powerful."
Ferrari,625 LM,625 LM,NA,NA,NA,1956,Sport Prototype,Competition,4-cyl.,front,2498,220,6200,NA,NA,250,730,2250,NA,NA,NA,https://cdn.ferrari.com/cms/network/media/img/resize/5ddd2b51f8fc7b0aa90859a2-ferrari-625-lm-1956-thumb?width=1600&height=1080,https://www.ferrari.com/en-EN/auto/625-lm,"Due to the tragic accident at Le Mans in 1955, the French placed a 2500 cc limit on prototypes for the following year’s race. This meant that the Ferrari 625 LM had to be put together in great haste by boring out the four cylinders of the 2-litre Testarossa engine and replacing the existing carburettors with twin Weber 42 DCOA/3s."
Ferrari,860 Monza,860 Monza,NA,NA,NA,1956,Sport Prototype,Competition,4-cyl.,front,3432,280,6000,NA,NA,260,860,2350,NA,NA,NA,https://cdn.ferrari.com/cms/network/media/img/resize/5ddd2d242cdb32285a79f182-ferrari-860-monza-1956-thumb?width=1600&height=1080,https://www.ferrari.com/en-EN/auto/860-monza,The Ferrari 860 Monza brought the era of the four-cylinder engine to a close and marked the channelling of the company’s engineering efforts back into the V12.
Ferrari,250 California,250 California,NA,NA,NA,1957,Gran Turismo,Road,V12,front,2953,239,7000,NA,NA,252,1100,2600,NA,NA,NA,https://cdn.ferrari.com/cms/network/media/img/resize/5ddd2ffd2cdb32285a79f21c-ferrari-250-california-1957-thumb?width=1600&height=1080,https://www.ferrari.com/en-EN/auto/250-california,"Ferrari 250 California: Thanks to Ferrari's reputation in motor sports, and the work of importer Luigi Chinetti, the United States became an important market. John Von Neumann, the west coast representative, thought that there was potential for an open Spider suited to the Californian sun, a sort of open 250 GT Berlinetta."
Ferrari,250 GT Cabriolet,250 GT Cabriolet,NA,NA,NA,1957,Gran Turismo,Road,V12,front,2953,239,7000,NA,NA,252,1050,2600,NA,NA,NA,https://cdn.ferrari.com/cms/network/media/img/resize/5ddd2dc52cdb32285a79f1a7-ferrari-250-gt-cabriolet-1956-thumb?width=1600&height=1080,https://www.ferrari.com/en-EN/auto/250-gt-cabriolet,"Ferrari 250 GT Cabriolet: Pininfarina presented this two-seater spider at the Geneva Motor Show in 1957, a year after a similar proposal by Boano debuted at the same venue. With its classic lines, the Pininfarina interpretation proved to be an instant hit with the more refined clientele."
Ferrari,250 Testa Rossa,250 Testa Rossa,NA,NA,NA,1957,Sport Prototype,Competition,V12,front,2953,300,7200,NA,NA,270,800,2350,NA,NA,NA,https://cdn.ferrari.com/cms/network/media/img/resize/5ddd338a0cf6995f44de9336-ferrari-250-testa-rossa-1957-thumb?width=1600&height=1080,https://www.ferrari.com/en-EN/auto/250-testa-rossa,"The Ferrari 250 Testa Rossa was designed to offer customers already racing with the 500 TRC a much more powerful engine on a similar chassis to help retain the former model’s great handling. Rumour also had it that the FIA would place a three-litre limit on prototypes and this indeed proved to be the case. As a result the reliable V12 from the 250 Gran Turismo was used albeit with a radically tuned with six twin-choke carburettors. Compared with the 500 TRC, only the valve covers were painted red, but the car still kept the Testa Rossa name and won the Manufacturers’ World Championship in 1958."
Ferrari,290 S,290 S,NA,NA,NA,1957,Sport Prototype,Competition,V12,front,3491,330,8000,NA,NA,NA,NA,2350,NA,NA,NA,https://cdn.ferrari.com/cms/network/media/img/resize/5ddd31550cf6995f44de9332-ferrari-290-s-1957-thumb?width=1600&height=1080,https://www.ferrari.com/en-EN/auto/290-s,"The Ferrari 290 S was the first Ferrari sports car powered by a four overhead camshaft engine. Built by the team led by Vittorio Jano, the engine embodied a number of technical ideas incorporated on the F1 V8 engine recently inherited from Lancia."
Ferrari,315 S,315 S,NA,NA,NA,1957,Sport Prototype,Competition,V12,front,3783,360,7800,NA,NA,290,880,2350,NA,NA,NA,https://cdn.ferrari.com/cms/network/media/img/resize/5ddd31d40cf6995f44de9333-ferrari-315-s-1957-thumb?width=1600&height=1080,https://www.ferrari.com/en-EN/auto/315-s,"Fitted with a V12 with four chain-driven overhead camshafts, the Ferrari 315 S signalled a major advance on the single camshaft engine. In addition to being more powerful, the engine was also nine kilos lighter and more reliable to boot. At the tragic 1957 Mille Miglia, the scene of De Portago’s devastating accident, Piero Taruffi drove the 315 S to victory in what was also to be the final race of his career."
Ferrari,335 S,335 S,NA,NA,NA,1957,Sport Prototype,Competition,V12,front,4023,390,7400,NA,NA,300,880,2350,NA,NA,NA,https://cdn.ferrari.com/cms/network/media/img/resize/5ddd327084077c3b2434183e-ferrari-335-s-1957-thumb?width=1600&height=1080,https://www.ferrari.com/en-EN/auto/335-s,"Ferrari 335 S: The direct descendant of the 315 S, the 335 S made its debut at the infamous 1957 Mille Miglia with Alfonso De Portago replacing an unwell Luigi Musso at the wheel at the last minute. The car was lying third when tragedy struck near Guidizzolo, killing De Portago, his co-driver Edmond Nelson and 14 spectators. The ensuing barrage of protests brought the era of high-speed road racing to an end in Italy."
Ferrari,500 TRC,500 TRC,NA,NA,NA,1957,Sport Prototype,Competition,I4,front,1985,179,7000,NA,NA,245,680,2250,NA,NA,NA,https://cdn.ferrari.com/cms/network/media/img/resize/5ddd30ae84077c3b243417da-ferrari-500-trc-1957-thumb?width=1600&height=1080,https://www.ferrari.com/en-EN/auto/500-trc,"Ferrari 500 TRC: The 500 TR launched the previous year needed to be revised to comply with the new C-section regulations of the International Sporting Code which came into force at the start of 1957. The C in the name of the resulting 500 TRC refers to this fact. Scaglietti took advantage of changes to design new lower, sleeker, even more seductive bodywork. The model was only raced by clients and didn’t win any prestigious races outright."
Ferrari,Dino 196 S,Dino 196 S,NA,NA,NA,1958,Sport Prototype,Competition,V6,front,1984,194,7200,NA,NA,250,NA,2220,NA,NA,NA,https://cdn.ferrari.com/cms/network/media/img/resize/5ddd342c2cdb32285a79f315-ferrari-dino-196-s-1958-thumb?width=1600&height=1080,https://www.ferrari.com/en-EN/auto/dino-196-s,"Ferrari Dino 196 S: At first sight this car looks just like a slightly smaller version of the 250 Testa Rossa, but on closer inspection it becomes clear that the transparent air intake over the carburettors has six instead of 12 intake trumpets. The body is of a style very much in vogue in between 1958 and 1960 and in fact, it pops up again on the other sports model with a Dino engine, the 246 S. The two-litre version’s engine performed brilliantly and the car triumphed in its class over and over again before making way for the more powerful 246 model."
Ferrari,Dino 296 S,Dino 296 S,NA,NA,NA,1958,Sport Prototype,Competition,V6,front,2962,300,7600,NA,NA,NA,NA,2280,NA,NA,NA,https://cdn.ferrari.com/cms/network/media/img/resize/5ddd3554f8fc7b0aa9085c08-ferrari-dino-296-s-1958-thumb?width=1600&height=1080,https://www.ferrari.com/en-EN/auto/dino-296-s,"Ferrari Dino 296 S: Featuring a single overhead camshaft per cylinder bank, the 196 S was driven by Collins first time out at Goodwood. The engine was modified to a single overhead camshaft V6 60° unit for endurance races in 1959 and 1960. A 2.4 litre version was also produced in 1960, the 246 S. The 296 S was also given a V6 engine, with an overall displacement of 1983.72 cm3. All three vehicles were designed by Scaglietti and Fantuzzi."
Ferrari,Ferrari 250 Testa Rossa Competizione / 335,Ferrari 250 Testa Rossa Competizione / 335,NA,NA,NA,1958,Sport Prototype,Competition,V12,front,4023,432,8000,NA,NA,NA,NA,2350,NA,NA,NA,https://cdn.ferrari.com/cms/network/media/img/resize/6904a1d8706c6f0020389d96-ferrari-250-testa-rossa-competizione-card?width=1600&height=1080,https://www.ferrari.com/en-EN/auto/250-testa-rossa-competizione,NA
Ferrari,250 GT Berlinetta passo corto,250 GT Berlinetta passo corto,NA,NA,NA,1959,Gran Turismo,Road,V12,front,2953,280,7000,NA,NA,268,960,2400,NA,NA,NA,https://cdn.ferrari.com/cms/network/media/img/resize/5ddd37250cf6995f44de933b-ferrari-250-berlinetta-passo-corto-thumb?width=1600&height=1080,https://www.ferrari.com/en-EN/auto/250-gt-berlinetta-passo-corto,"Ferrari 250 GT Berlinetta passo corto: Presented in Paris in October 1959, the short-wheelbase 250 GT Berlinetta epitomised the ideal road racer. With just a few minor touches (colder spark plugs, racing tyres and a roll-bar), the car could take to any circuit and battle it out for a class win."
Ferrari,250 GT 2+2,250 GT 2+2,NA,NA,NA,1960,Gran Turismo,Road,V12,front,2953,239,7000,NA,NA,230,1280,2600,4700,1710,1340,https://cdn.ferrari.com/cms/network/media/img/resize/5defacba23a9f6031d9e27b1-ferrari-250-gt-2-2-1960-thumb?width=1600&height=1080,https://www.ferrari.com/en-EN/auto/250-gt-2-2,Ferrari 250 GT 2+2 - 1960
Ferrari,400 Superamerica,400 Superamerica,NA,NA,NA,1960,Gran Turismo,Road,V12,front,3967,340,7000,NA,NA,265,1250,2420,NA,NA,NA,https://cdn.ferrari.com/cms/network/media/img/resize/5defacf6d920210f0efa9827-ferrari-400-superamerica-thumb?width=1600&height=1080,https://www.ferrari.com/en-EN/auto/400-superamerica,Ferrari 400 Superamerica - 1960
Ferrari,Dino 246 S,Dino 246 S,NA,NA,NA,1960,Sport Prototype,Competition,V6,front,2417,250,7500,NA,NA,NA,640,2160,NA,NA,NA,https://cdn.ferrari.com/cms/network/media/img/resize/5defad3d7aa1855022678aad-ferrari-dino-246-1960-thumb?width=1600&height=1080,https://www.ferrari.com/en-EN/auto/dino-246-s,Ferrari Dino 246 - 1960
Ferrari,246 SP,246 SP,NA,NA,NA,1961,Sport Prototype,Competition,V6,rear,2417,271,8000,NA,NA,270,590,2320,4060,1480,1050,https://cdn.ferrari.com/cms/network/media/img/resize/5defabf2015cdf6d417badb7-ferrari-246-sp-thumb?width=1600&height=1080,https://www.ferrari.com/en-EN/auto/246-sp,Ferrari 246 SP - 1960
Ferrari,196 SP,196 SP,NA,NA,NA,1962,Sport Prototype,Competition,V6,rear,1984,209,7500,NA,NA,240,600,2320,4060,1480,970,https://cdn.ferrari.com/cms/network/media/img/resize/5dc0096248ab400ab445c399-ferrari-196-sp-1962-thumb?width=1600&height=1080,https://www.ferrari.com/en-EN/auto/196-sp,The sports models included the Ferrari 196 SP which did not have a Dino engine
Ferrari,248 SP,248 SP,NA,NA,NA,1962,Sport Prototype,Competition,V8,rear,2459,250,7400,NA,NA,290,640,2320,4060,1480,970,https://cdn.ferrari.com/cms/network/media/img/resize/5dc0077a8c92940b3a3f1f39-ferrari-248-sp-thumb?width=1600&height=1080,https://www.ferrari.com/en-EN/auto/248-sp,"Ferrari 248 SP: This 2,458 cc barchetta was fitted with a single overhead camshaft V8 engine"
Ferrari,250 GT Berlinetta lusso,250 GT Berlinetta lusso,NA,NA,NA,1962,Gran Turismo,Road,V12,front,2953,239,7500,NA,NA,240,1020,2400,NA,NA,NA,https://cdn.ferrari.com/cms/network/media/img/resize/5dc00af148ab400ab445c3f7-ferrari-250-gt-berlinetta-lusso-thumb?width=1600&height=1080,https://www.ferrari.com/en-EN/auto/250-gt-berlinetta-lusso,Ferrari 250 GT Berlinetta lusso - 1962
Ferrari,250 GTO,250 GTO,NA,NA,NA,1962,Gran Turismo,Road,V12,front,NA,300,NA,NA,NA,NA,880,2400,4325,1600,1210,https://cdn.ferrari.com/cms/network/media/img/resize/5ddb9b72f8fc7b0aa90807a2-ferrari-250-gto-1962-thumb?width=1600&height=1080,https://www.ferrari.com/en-EN/auto/250-gto,Ferrari 250 GTO - 1962
Ferrari,268 SP,268 SP,NA,NA,NA,1962,Sport Prototype,Competition,V8,rear,2645,265,7000,NA,NA,NA,660,2320,4060,1480,970,https://cdn.ferrari.com/cms/network/media/img/resize/5dc0066b900e4a3e9ebba615-ferrari-268-sp-1962-thumb?width=1600&height=1080,https://www.ferrari.com/en-EN/auto/268-sp,"Ferrari 268 SP: This 2,458 cc barchetta was fitted with a single overhead camshaft V8 engine"
Ferrari,286 SP,286 SP,NA,NA,NA,1962,Sport Prototype,Competition,V6,rear,2863,260,6800,NA,NA,NA,620,2320,4060,1480,970,https://cdn.ferrari.com/cms/network/media/img/resize/5dc008ca48ab400ab445c36c-ferrari-286-sp-1962-thumb?width=1600&height=1080,https://www.ferrari.com/en-EN/auto/286-sp,Ferrari 286 SP: This second model that debuted at the 1962 press conference is very similar indeed to the 196 SP
Ferrari,330 LM,330 LM,NA,NA,NA,1962,Sport Prototype,Competition,V12,front,3967,390,7500,NA,NA,280,950,2420,4360,1675,1245,https://cdn.ferrari.com/cms/network/media/img/resize/5dc005afb6fd1830814ef18e-ferrari-330-lm-1962-thumb?width=1600&height=1080,https://www.ferrari.com/en-EN/auto/330-lm,Ferrari 330 LM: The 4-litre berlinetta racers were built to comply with changing FIA regulations.
Ferrari,330 TR,330 TR,NA,NA,NA,1962,Sport Prototype,Competition,V12,front,3967,390,7500,NA,NA,NA,820,2420,4520,1590,1050,https://cdn.ferrari.com/cms/network/media/img/resize/5dc00465b6fd1830814ef147-ferrari-330-tr-1962-list?width=1600&height=1080,https://www.ferrari.com/en-EN/auto/330-tr,Ferrari 330 TR: This one-off was the last Ferrari front-engined sports car to win the classic Le Mans 24-hour race.
Ferrari,250 LM,250 LM,NA,NA,NA,1963,Sport Prototype,Competition,V12,rear,3286,320,7500,NA,NA,287,820,2400,4090,1700,1115,https://cdn.ferrari.com/cms/network/media/img/resize/5dc13dc1900e4a3e9ebbe0c9-ferrari-250-lm-1963-thumb?width=1600&height=1080,https://www.ferrari.com/en-EN/auto/250-lm,Ferrari 250 LM: Presented at the Paris Motor Show in October 1963
Ferrari,250 P,250 P,NA,NA,NA,1963,Sport Prototype,Competition,V12,rear,2953,310,7500,NA,NA,290,760,2400,4015,1670,1080,https://cdn.ferrari.com/cms/network/media/img/resize/5dc0104c8c92940b3a3f214c-ferrari-250-p-1963-thumb?width=1600&height=1080,https://www.ferrari.com/en-EN/auto/250-p,Ferrari 250 P: The very first 12-cylinder mid-engined Ferrari was unveiled to the press on the track at Monza on March 4 1963.
Ferrari,330 P,330 P,NA,NA,NA,1963,Sport Prototype,Competition,V12,rear,3967,370,7200,NA,NA,NA,785,2400,4160,1675,1055,https://cdn.ferrari.com/cms/network/media/img/resize/5dc1390948ab400ab445fd1f-ferrari-330-p-1963-thumb?width=1600&height=1080,https://www.ferrari.com/en-EN/auto/330-p,Ferrari 330 P: The versatile four-litre V12 made its first appearance in 1964 in the sports-prototypes following the three-litre 250 and 3.3-litre 275 versions.
Ferrari,275 GTB,275 GTB,NA,NA,NA,1964,Gran Turismo,Road,V12,front,3286,280,7600,NA,NA,258,1100,2400,4325,1725,1245,https://cdn.ferrari.com/cms/network/media/img/resize/5dc2975fc9ba7568b9921c57-ferrari-275-gtb-1964-thumb?width=1600&height=1080,https://www.ferrari.com/en-EN/auto/275-gtb,The most important new features of the Ferrari 275 GTB were the rear-mounted gearbox and independent rear suspension.
Ferrari,275 GTS,275 GTS,NA,NA,NA,1964,Gran Turismo,Road,V12,front,3286,260,7000,NA,NA,242,1120,2400,4350,1675,1250,https://cdn.ferrari.com/cms/network/media/img/resize/5dc2a63ceb1099300b0ba376-ferrari-275-gts-1964-thumb?width=1600&height=1080,https://www.ferrari.com/en-EN/auto/275-gts,Ferrari 275 GTS: The Pininfarina-designed spider version of the 275 GTB shared the same independent rear suspension and rear-mounted gearbox.
Ferrari,275 P,275 P,NA,NA,NA,1964,Sport Prototype,Competition,V12,rear,3286,320,7700,NA,NA,NA,755,2400,4160,1675,1055,https://cdn.ferrari.com/cms/network/media/img/resize/5dc2afa3eb1099300b0ba571-ferrari-275-p-1964-thumb?width=1600&height=1080,https://www.ferrari.com/en-EN/auto/275-p,Ferrari 275 P: This model is yet another addition to the long and hugely successful P series which began with the 250 P.
Ferrari,330 GT 2+2,330 GT 2+2,NA,NA,NA,1964,Gran Turismo,Road,V12,front,3967,300,6600,NA,NA,245,1380,2650,4840,1715,1360,https://cdn.ferrari.com/cms/network/media/img/resize/5dc143677fe44e0aa82c943b-ferrari-330-gt-2-2-1964-thumb?width=1600&height=1080,https://www.ferrari.com/en-EN/auto/330-gt-2-2,The 330 America was replaced by the Ferrari 330 GT 2+2
Ferrari,500 Superfast,500 Superfast,NA,NA,NA,1964,Gran Turismo,Road,V12,front,4963,400,6500,NA,NA,280,1400,2650,4820,1730,1280,https://cdn.ferrari.com/cms/network/media/img/resize/5dc15b96bb199d427b48b672-ferrari-1964-500-superfast-thumb?width=1600&height=1080,https://www.ferrari.com/en-EN/auto/500-superfast,"Ferrari 500 Superfast: This model, targeted at clients looking for uncompromising performance in a luxury car, was presented at the 1964"
Ferrari,275 GTB Competizione,275 GTB Competizione,NA,NA,NA,1965,Sport Prototype,Competition,V12,front,3286,300,7600,NA,NA,282,980,2400,4300,1700,1160,https://cdn.ferrari.com/cms/network/media/img/resize/5dc41ba295e21208efa332a1-ferrari-275-gtb-competizione-thumb?width=1600&height=1080,https://www.ferrari.com/en-EN/auto/275-gtb-competizione,Ferrari 275 GTB Competizione: At least two prototypes of this model were built in 1965.
Ferrari,275 P2,275 P2,NA,NA,NA,1965,Sport Prototype,Competition,V12,rear,3286,349,8500,NA,NA,NA,790,2400,4260,1675,1040,https://cdn.ferrari.com/cms/network/media/img/resize/5dc4225c37497e4ff8d2c9e4-ferrari-275-p2-1965-thumb?width=1600&height=1080,https://www.ferrari.com/en-EN/auto/275-p2,Ferrari 275 P2: The various models in the P series were developed over a period of four years beginning in 1964.
Ferrari,330 P2,330 P2,NA,NA,NA,1965,Sport Prototype,Competition,V12,rear,3967,409,8000,NA,NA,NA,820,2400,4260,1675,1040,https://cdn.ferrari.com/cms/network/media/img/resize/5dc4258595e21208efa334db-ferrari-275-p2-1965-thumb?width=1600&height=1080,https://www.ferrari.com/en-EN/auto/330-p2,NA
Ferrari,365 P,365 P,NA,NA,NA,1965,Sport Prototype,Competition,V12,rear,4390,379,7200,NA,NA,300,850,2400,4260,1675,1040,https://cdn.ferrari.com/cms/network/media/img/resize/5dc4298737497e4ff8d2cb91-ferrari-365-p-1965-thumb?width=1600&height=1080,https://www.ferrari.com/en-EN/auto/365-p,The Ferrari 365 P was the exception to the 4-litre rule for the official works cars.
Ferrari,Dino 166 P,Dino 166 P,NA,NA,NA,1965,Sport Prototype,Competition,V6,rear,1593,175,9000,NA,NA,NA,586,2280,3820,1570,960,https://cdn.ferrari.com/cms/network/media/img/resize/5dc433783378a829c0098381-ferrari-dino-166-p-1965-thumb?width=1600&height=1080,https://www.ferrari.com/en-EN/auto/dino-166-p,"Ferrari Dino 166 P: The Dino name was revived for a prototype sports car of just 1,600 cc with styling reminiscent of the big P series models."
Ferrari,Dino 206 SP,Dino 206 SP,NA,NA,NA,1965,Sport Prototype,Competition,V6,rear,1987,218,9000,NA,NA,NA,532,2280,3820,1570,800,https://cdn.ferrari.com/cms/network/media/img/resize/5dc435a53378a829c0098400-ferrari-dino-206-sp-1965-thumb?width=1600&height=1080,https://www.ferrari.com/en-EN/auto/dino-206-sp,Ferrari 206 sp: This model could best be described as an open-top version of the Dino 166 P with a bigger engine.
Ferrari,275 GTB4,275 GTB4,NA,NA,NA,1966,Gran Turismo,Road,V12,front,3286,300,8000,NA,NA,268,1100,2400,NA,NA,NA,https://cdn.ferrari.com/cms/network/media/img/resize/5dc92bec01d20661709545b3-ferrari-275gb4-1966-thumb?width=1600&height=1080,https://www.ferrari.com/en-EN/auto/275-gtb4,Ferrari 275 GTB4: Presented at the 1966 Paris Motor Show
Ferrari,330 GTC,330 GTC,NA,NA,NA,1966,Gran Turismo,Road,V12,front,3967,300,7000,NA,NA,242,1300,2400,4470,1665,1282,https://cdn.ferrari.com/cms/network/media/img/resize/5dc540263378a829c009b0f9-ferrari-330-gtc-1966-thumb?width=1600&height=1080,https://www.ferrari.com/en-EN/auto/330-gtc,"Ferrari 330 GTC: This model slotted in between the 275 GTB Berlinetta, whose chassis it shared, and the more tranquil 330 2+2 Coupé"
Ferrari,330 GTS,330 GTS,NA,NA,NA,1966,Gran Turismo,Road,V12,front,3967,300,7000,NA,NA,242,1200,2400,4430,1675,1250,https://cdn.ferrari.com/cms/network/media/img/resize/5dc93c653378a829c00a601c-ferrari-330-gts-1966-thumb?width=1600&height=1080,https://www.ferrari.com/en-EN/auto/330-gts,the Ferrari 330 GTS was presented at the Paris Motor Show in October 1966.
Ferrari,330 P3,330 P3,NA,NA,NA,1966,Sport Prototype,Competition,V12,rear,3967,420,8000,NA,NA,310,851,2400,4170,1780,950,https://cdn.ferrari.com/cms/network/media/img/resize/5dc557b93378a829c009b5dd-ferrari-1966-300-p3-thumb?width=1600&height=1080,https://www.ferrari.com/en-EN/auto/330-p3,"An evolution of the 330 P2, the Ferrari 330 P3 featured a new tubular chassis with a fibreglass tub"
Ferrari,365 California,365 California,NA,NA,NA,1966,Gran Turismo,Road,V12,front,4390,320,6600,NA,NA,245,1320,2650,4900,1780,1330,https://cdn.ferrari.com/cms/network/media/img/resize/5dc54f9b95e21208efa3683e-ferrari-365-california-1966-thumb?width=1600&height=1080,https://www.ferrari.com/en-EN/auto/365-california,Ferrari 365 California: Presented at the 1966 Geneva Motor Show
Ferrari,Dino 206 S,Dino 206 S,NA,NA,NA,1966,Sport Prototype,Competition,V6,rear,1987,220,9000,NA,NA,270,580,2280,3875,1680,985,https://cdn.ferrari.com/cms/network/media/img/resize/5dc549f901d2066170949cca-ferrari-dino-206-s-1966-thumb?width=1600&height=1080,https://www.ferrari.com/en-EN/auto/dino-206-s,The Ferrari Dino 206 S could be described as a small-scale 330 P3.
Ferrari,330 P4,330 P4,NA,NA,NA,1967,Sport Prototype,Competition,V12,rear,3967,450,8000,NA,NA,320,792,2400,4185,1810,1000,https://cdn.ferrari.com/cms/network/media/img/resize/5dcaced00cf6995f44ddb741-ferrari-330-p4-1967-thumb?width=1600&height=1080,https://www.ferrari.com/en-EN/auto/330-p4,Ferrari 330 P4: this model was powered by a V12 engine
Ferrari,350 Can Am,350 Can Am,NA,NA,NA,1967,Sport Prototype,Competition,V12,rear,4176,480,8500,NA,NA,315,700,2400,3950,1995,940,https://cdn.ferrari.com/cms/network/media/img/resize/5dcc147a84077c3b24308146-ferrari-350-can-am-1967-thumb?width=1600&height=1080,https://www.ferrari.com/en-EN/auto/350-can-am,"Ferrari 350 Can Am: When sports car races were organised on the Canadian and American tracks in 1966, Chinetti asked Ferrari to come up with a suitable car."
Ferrari,365 GT 2+2,365 GT 2+2,NA,NA,NA,1967,Gran Turismo,Road,V12,front,4390,320,6600,NA,NA,245,1480,2650,4974,1786,1345,https://cdn.ferrari.com/cms/network/media/img/resize/5dcab482f8fc7b0aa90483b2-ferrari-365-gt-2-2-1967-thumb?width=1600&height=1080,https://www.ferrari.com/en-EN/auto/365-gt-2-2,The Ferrari 365 GT 2+2 was presented at the 1967 Paris Motor Show
Ferrari,412 P,412 P,NA,NA,NA,1967,Sport Prototype,Competition,V12,rear,3967,420,8000,NA,NA,310,835,2400,4170,1780,985,https://cdn.ferrari.com/cms/network/media/img/resize/5dcad4f50cf6995f44ddb87a-ferrari-412-p-1967-thumb?width=1600&height=1080,https://www.ferrari.com/en-EN/auto/412-p,"This model Ferrari 412 P was also known as the P3/4, and was used by Ferrari’s privateer customer teams."
Ferrari,Dino 206 GT,Dino 206 GT,NA,NA,NA,1967,Gran Turismo,Road,V6,rear,1987,179,8000,NA,NA,235,900,2280,4150,1700,1115,https://cdn.ferrari.com/cms/network/media/img/resize/5dc9478a3378a829c00a621e-ferrari-dino-206-gt-1967-thumb?width=1600&height=1080,https://www.ferrari.com/en-EN/auto/dino-206-gt,"Ferrari 206 GT: With the prototype of the Dino 196 S already in-house, there was an excellent opportunity to design a relatively small displacement"
Ferrari,365 GTB4,365 GTB4,NA,NA,NA,1968,Gran Turismo,Road,V12,front,4390,352,7500,NA,NA,280,1200,2400,4425,1760,1245,https://cdn.ferrari.com/cms/network/media/img/resize/5dcae27af8fc7b0aa9048da4-ferrari-365-gtb4-thumb?width=1600&height=1080,https://www.ferrari.com/en-EN/auto/365-gtb4,Ferrari 365 GTB4: The evolution of the 275 GTB4 was a milestone in the history of extreme high-performance front-engined sports cars.
Ferrari,365 GTC,365 GTC,NA,NA,NA,1968,Gran Turismo,Road,V12,front,4390,320,6600,NA,NA,250,1350,2400,4470,1670,1300,https://cdn.ferrari.com/cms/network/media/img/resize/5dcada8d2cdb32285a762337-ferrari-365-gtc-1968-thumb?width=1600&height=1080,https://www.ferrari.com/en-EN/auto/365-gtc,The design of the Ferrari 365 GTC was basically similar to that of the last 330 GTCs built
Ferrari,612 Can Am,612 Can Am,NA,NA,NA,1968,Sport Prototype,Competition,V12,rear,6222,620,7000,NA,NA,340,700,2450,4200,2240,890,https://cdn.ferrari.com/cms/network/media/img/resize/5dcc1b752cdb32285a765d3e-ferrari-612-can-am-1968-thumb?width=1600&height=1080,https://www.ferrari.com/en-EN/auto/612-can-am,Ferrari 612 Can Am: This second model was built for the Can-Am Challenge Cups series
Ferrari,212 E,212 E,NA,NA,NA,1969,Sport Prototype,Competition,V12,rear,1991,300,11800,NA,NA,250,500,2340,3800,1980,NA,https://cdn.ferrari.com/cms/network/media/img/resize/5dcd747a84077c3b2430d5c9-ferrari-212-e-1969-thumb?width=1600&height=1080,https://www.ferrari.com/en-EN/auto/212-e,The Ferrari 212 E was built to compete in the European Mountain Championship.
Ferrari,312 P,312 P,NA,NA,NA,1969,Sport Prototype,Competition,V12,rear,2991,450,10800,NA,NA,320,680,2370,4230,1980,890,https://cdn.ferrari.com/cms/network/media/img/resize/68cd5bfb30b3620021467789-ferrari-past-model-312-p-1969-thumb?width=1600&height=1080,https://www.ferrari.com/en-EN/auto/312-p-1969,NA
Ferrari,365 GTS,365 GTS,NA,NA,NA,1969,Gran Turismo,Road,V12,front,4390,320,6600,NA,NA,245,1350,2400,4470,1670,1300,https://cdn.ferrari.com/cms/network/media/img/resize/5ecf831b57b59406e3a0bb4a-ferrari-365-gts-1969-thumb-v2?width=1600&height=1080,https://www.ferrari.com/en-EN/auto/365-gts,NA
Ferrari,365 GTS4,365 GTS4,NA,NA,NA,1969,Gran Turismo,Road,V12,front,4390,352,7500,NA,NA,280,NA,2400,4450,1740,1250,https://cdn.ferrari.com/cms/network/media/img/resize/5dcd734d2cdb32285a76af94-ferrari-365-gts4-1969-thumb?width=1600&height=1080,https://www.ferrari.com/en-EN/auto/365-gts4,The convertible version of the ferrari 365 GTB4 made its debut at the 1969 Frankfurt Motor Show.
Ferrari,Dino 246 GT,Dino 246 GT,NA,NA,NA,1969,Gran Turismo,Road,V6,rear,2419,194,7600,NA,NA,235,1080,2340,4235,1700,1135,https://cdn.ferrari.com/cms/network/media/img/resize/5dcc044d0cf6995f44ddee04-ferrari-dino-246-gt-1969-thumb?width=1600&height=1080,https://www.ferrari.com/en-EN/auto/dino-246-gt,The Ferrari Dino 246 GT was an evolution of the Dino 206 GT
Ferrari,512 M,512 M,NA,NA,NA,1970,Sport Prototype,Competition,V12,rear,4994,610,9000,NA,NA,310,815,2400,4180,2015,985,https://cdn.ferrari.com/cms/network/media/img/resize/5dd29edb84077c3b2431f663-ferrari-512-m-1970-thumb?width=1600&height=1080,https://www.ferrari.com/en-EN/auto/512-m,The Ferrari 512 M (the M stands for modified) is a direct descendant of the 512 S.
Ferrari,512 S,512 S,NA,NA,NA,1970,Sport Prototype,Competition,V12,rear,4994,549,8500,NA,NA,340,840,2400,4060,2000,972,https://cdn.ferrari.com/cms/network/media/img/resize/5e54f95d2032ae0ad21e2616-ferrari-512-s-1970-thumb-ok?width=1600&height=1080,https://www.ferrari.com/en-EN/auto/512-s,NA
Ferrari,312 P,312 P,NA,NA,NA,1971,Sport Prototype,Competition,V12,rear,2991,450,10800,NA,NA,320,585,2220,3500,1880,956,https://cdn.ferrari.com/cms/network/media/img/resize/5dd2b8460cf6995f44de90e3-ferrari-312-p-1971-thumb?width=1600&height=1080,https://www.ferrari.com/en-EN/auto/312-p,Ferrari 312 P: The new 1971 version of the sports prototype came with a flat-12 engine
Ferrari,365 GT4 BB,365 GT4 BB,NA,NA,NA,1971,Gran Turismo,Road,V12,rear,4390,360,7500,NA,NA,300,1160,2500,4360,1800,1120,https://cdn.ferrari.com/cms/network/media/img/resize/5dd2a2cc0cf6995f44de90d4-ferrari-365-gt4-bb-1971-thumb?width=1600&height=1080,https://www.ferrari.com/en-EN/auto/365-gt4-bb,"Ferrari 365 GT4 BB: There were two important novelties on this car: the new 12-cylinder boxer derived from the Formula 1 car, and the mid-engined layout"
Ferrari,365 GTB4 Competizione,365 GTB4 Competizione,NA,NA,NA,1971,Sport Prototype,Competition,V12,rear,4390,NA,7800,NA,NA,310,1240,2400,NA,NA,NA,https://cdn.ferrari.com/cms/network/media/img/resize/5dd2bb5ff8fc7b0aa906400c-ferrari-365-gtb4-competizione-1971-thumb?width=1600&height=1080,https://www.ferrari.com/en-EN/auto/365-gtb4-competizione,"This Ferrari 365 GTB4 Competizione model, also known as the Daytona in recognition of the P4’s victory, enjoyed a successful career"
Ferrari,365 GTC4,365 GTC4,NA,NA,NA,1971,Gran Turismo,Road,V12,front,4390,340,6200,NA,NA,260,1450,2500,4550,1780,1270,https://cdn.ferrari.com/cms/network/media/img/resize/5dd2a49c2cdb32285a77d1dd-ferrari-365-gtc4-1971-thumb?width=1600&height=1080,https://www.ferrari.com/en-EN/auto/365-gtc4,"The Ferrari 365 GTC4 took up where the 365 GT 2+2 left off and, thanks to careful interior design, Ferrari succeeded in slotting in two small rear seats, while retaining the more compact dimensions of two-seater coupé bodywork."
Ferrari,712 Can Am,712 Can Am,NA,NA,NA,1971,Sport Prototype,Competition,V12,rear,6860,680,7000,NA,NA,NA,826,2400,NA,NA,NA,https://cdn.ferrari.com/cms/network/media/img/resize/5dd2bbb8f8fc7b0aa9064025-ferrari-712-can-am-1971-thumb?width=1600&height=1080,https://www.ferrari.com/en-EN/auto/712-can-am,Ferrari 712 Can Am: The need for very high torque to cope with the torturous tracks of the Can Am series saw Ferrari build its biggest ever engine at around seven litres.
Ferrari,365 GT4 2+2,365 GT4 2+2,NA,NA,NA,1972,Gran Turismo,Road,V12,front,4390,340,6200,NA,NA,245,1500,2700,4810,1796,1310,https://cdn.ferrari.com/cms/network/media/img/resize/5dd2c2de0cf6995f44de90ed-ferrari-365-gt4-2+2-1972-thumb?width=1600&height=1080,https://www.ferrari.com/en-EN/auto/365-gt4-2-2,"Ferrari 365 GT4 2+2: This was a brand new design from Pininfarina, which faced the task of developing a fast, svelte and elegant 2+2 powered by the classic VI2 engine."
Ferrari,Dino 246 GTS,Dino 246 GTS,NA,NA,NA,1972,Gran Turismo,Road,V6,rear,2419,194,7600,NA,NA,235,1080,2340,4235,1700,1135,https://cdn.ferrari.com/cms/network/media/img/resize/5dd2c1cff8fc7b0aa906419d-ferrari-dino-246-gts-1972-thumb?width=1600&height=1080,https://www.ferrari.com/en-EN/auto/dino-246-gts,"Ferrari looked to increase its popularity still further by introducing Dino 246 GTS, an open version."
Ferrari,Dino 308 GT4,Dino 308 GT4,NA,NA,NA,1973,Gran Turismo,Road,V8,rear,2927,256,7700,NA,NA,250,1150,2550,4300,1800,1180,https://cdn.ferrari.com/cms/network/media/img/resize/5dd3b36e0cf6995f44de9101-ferrari-dino-308-gt4-1972-thumb?width=1600&height=1080,https://www.ferrari.com/en-EN/auto/dino-308-gt4,Ferrari Dino 308 GT4: The Paris Motor Show 1973.
Ferrari,308 GTB,308 GTB,NA,NA,NA,1975,Gran Turismo,Road,V8,rear,2927,256,7700,NA,NA,252,1090,2340,4230,1720,1120,https://cdn.ferrari.com/cms/network/media/img/resize/5dd3f14984077c3b24323c4d-ferrari-308-gtb-1975-thumb?width=1600&height=1080,https://www.ferrari.com/en-EN/auto/308-gtb,The Ferrari 308 GTB made its debut at the Paris and London shows in 1975.
Ferrari,Dino 208 GT4,Dino 208 GT4,NA,NA,NA,1975,Gran Turismo,Road,V8,rear,1991,170,7700,NA,NA,220,1150,2550,4300,1800,1180,https://cdn.ferrari.com/cms/network/media/img/resize/5dd3d23b0cf6995f44de9135-ferrari-dino-208-gt4-1975-thumb?width=1600&height=1080,https://www.ferrari.com/en-EN/auto/dino-208-gt4,The Dino 208 GT4 came about when Ferrari decided to fit a 2000cc engine in the body of the Dino 308 GT4.
Ferrari,400 Automatic,400 Automatic,NA,NA,NA,1976,Gran Turismo,Road,V12,front,4823,340,NA,NA,NA,240,1700,2700,4810,1796,1310,https://cdn.ferrari.com/cms/network/media/img/resize/5dd3f4b82cdb32285a78176c-ferrari-400-automatic-1976-thumb?width=1600&height=1080,https://www.ferrari.com/en-EN/auto/400-automatic,Ferrari 400 automatic: The 400 series replaced the 365 GT4 2+2 model at the 1976 Paris Salon
Ferrari,400 GT,400 GT,NA,NA,NA,1976,Gran Turismo,Road,V12,front,4823,340,NA,NA,NA,245,1700,2700,4810,1796,1310,https://cdn.ferrari.com/cms/network/media/img/resize/5dd402700cf6995f44de917a-ferrari-400-gt-1976-thumb?width=1600&height=1080,https://www.ferrari.com/en-EN/auto/400-gt,"Basically a more powerful version of the famous 365 GT4 2+2 reaching 4.8 litres, the Ferrari 400 GT brought the development of the high performance, big displacement front-engined 2+2 coupé to new levels."
Ferrari,512 BB,512 BB,NA,NA,NA,1976,Gran Turismo,Road,V12,rear,4943,360,6800,NA,NA,302,1400,2500,4400,1830,1120,https://cdn.ferrari.com/cms/network/media/img/resize/5dd412db2cdb32285a781e9c-ferrari-512-bb-1976-thumb?width=1600&height=1080,https://www.ferrari.com/en-EN/auto/512-bb,"At its debut at the Paris Show in 1976, the Ferrari 512 BB was equipped with a 5-litre version of the 12-cylinder boxer."
Ferrari,308 GTS,308 GTS,NA,NA,NA,1977,Gran Turismo,Road,V8,rear,2927,256,7700,NA,NA,252,1090,2340,4230,1720,1120,https://cdn.ferrari.com/cms/network/media/img/resize/5dd50103f8fc7b0aa906b423-ferrari-308-gts-1977-thumb?width=1600&height=1080,https://www.ferrari.com/en-EN/auto/308-gts,The Ferrari 308 GTS was developed in collaboration with Pininfarina in 1977 to help make that dream come true.
Ferrari,512 BB LM,512 BB LM,NA,NA,NA,1978,Sport Prototype,Competition,V12,rear,4943,470,7250,NA,NA,320,1050,2500,4895,1830,1120,https://cdn.ferrari.com/cms/network/media/img/resize/5dd502762cdb32285a784ba7-ferrari-512-bb-lm-1978-thumb?width=1600&height=1080,https://www.ferrari.com/en-EN/auto/512-bb-lm,The Ferrari 512 BB LM was also considered to have racing potential
Ferrari,400 Automatic i,400 Automatic i,NA,NA,NA,1979,Gran Turismo,Road,V12,front,4823,310,6500,NA,NA,240,1830,2700,4810,1798,1314,https://cdn.ferrari.com/cms/network/media/img/resize/5dd504380cf6995f44de91b2-ferrari-400-automatic-i-1979-thumb?width=1600&height=1080,https://www.ferrari.com/en-EN/auto/400-automatic-i,The Ferrari 400 Automatic i succeeded the 400 Automatic in November 1979
Ferrari,400 GTi,400 GTi,NA,NA,NA,1979,Gran Turismo,Road,V12,front,4823,310,6500,NA,NA,245,1830,2700,4810,1798,1314,https://cdn.ferrari.com/cms/network/media/img/resize/5dd511ba84077c3b243274ea-ferrari-400-gti-1979-thumb?width=1600&height=1080,https://www.ferrari.com/en-EN/auto/400-gti,"Ferrari 400 GTi: The glorious V12, complete with new Bosch K-Jetronic fuel injection to comply with US exhaust emission standards, demonstrated generous powerful and enviable torque."
Ferrari,208 GTB,208 GTB,NA,NA,NA,1980,Gran Turismo,Road,V8,rear,1991,155,6800,NA,NA,215,1232,2340,4230,1720,1120,https://cdn.ferrari.com/cms/network/media/img/resize/5de0fc86f8fc7b0aa90925cf-ferrari-208-gtb-1980-thumb?width=1600&height=1080,https://www.ferrari.com/en-EN/auto/208-gtb,"Ferrari 208 GTB: By no means new to the production of smaller displacement, high output, multi-fractioned engines; on the heels of the 1975 208 GT4 Ferrari introduced the smallest displacement version of the 308 GTB – the 208 GTB and GTS – in 1980."
Ferrari,208 GTS,208 GTS,NA,NA,NA,1980,Gran Turismo,Road,V8,rear,1991,155,6800,NA,NA,215,1254,2340,4230,1720,1120,https://cdn.ferrari.com/cms/network/media/img/resize/5de106c32cdb32285a7ac0d6-ferrari-208-gts-1980-thumb?width=1600&height=1080,https://www.ferrari.com/en-EN/auto/208-gts,"Ferrari 208 GTS: By no means new to the production of smaller displacement, high output, multi-fractioned engines; on the heels of the 1975 208 GT4 Ferrari introduced the smallest displacement version of the 308 GTB – the 208 GTB and GTS – in 1980."
Ferrari,308 GTBi,308 GTBi,NA,NA,NA,1980,Gran Turismo,Road,V8,rear,2927,213,6600,NA,NA,240,1286,2340,4230,1720,1120,https://cdn.ferrari.com/cms/network/media/img/resize/5de13ceb84077c3b2434f333-ferrari-308-gtbi-1980-thumb?width=1600&height=1080,https://www.ferrari.com/en-EN/auto/308-gtbi,"Ferrari 308 GTBi: The most important changes, however, were made to the engine. In fact, in competition, fuel injection systems had replaced the traditional stacks of carburettors and, as transferring racing experience to production cars has always been part of the Ferrari mission, adopting fuel injection systems was in line with this, helping indirectly to comply with new exhaust emission norms."
Ferrari,308 GTSi,308 GTSi,NA,NA,NA,1980,Gran Turismo,Road,V8,rear,2927,213,6600,NA,NA,240,1297,2340,4230,1720,1120,https://cdn.ferrari.com/cms/network/media/img/resize/5de4d445b6285a70bc7c6a06-ferrari-308-gts1-1980-thumb?width=1600&height=1080,https://www.ferrari.com/en-EN/auto/308-gtsi,Ferrari 308 GTSi: This spider version of the 308 GTBi shared both its line and engine. The fuel injection system gave both models much smoother power delivery.
Ferrari,Mondial 8,Mondial 8,NA,NA,NA,1980,Gran Turismo,Road,V8,rear,2927,213,6600,NA,NA,230,1445,2650,4580,1790,1250,https://cdn.ferrari.com/cms/network/media/img/resize/5de0f14684077c3b2434e088-ferrari-mondial-8-1980-thumb?width=1600&height=1080,https://www.ferrari.com/en-EN/auto/mondial-8,"Unveiled to the waiting world at the 1980 Geneva Salon, the new Ferrari Mondial 8 was very much the successor to the 308 GT4, and the styling marked the return of this high-performance, mid-engined, V8-powered 2+2 coupé to the Pininfarina fold."
Ferrari,512 BBi,512 BBi,NA,NA,NA,1981,Gran Turismo,Road,V12,rear,4943,340,NA,NA,NA,280,1499,2500,4400,1830,1120,https://cdn.ferrari.com/cms/network/media/img/resize/5de4e39c7953932d566a5d40-ferrari-512-bb1-1981-thumb?width=1600&height=1080,https://www.ferrari.com/en-EN/auto/512-bbi,"Ferrari 512 BBi: Bosch K-Jetronic mechanical fuel injection on the 512 BBi replaced the outgoing model’s four, triple-choke Weber 40 IF 3C carburettors. Otherwise mechanically identical, the flat-12 featured lower maximum revs (6,600 rpm compared to the 512 BB’s 6,800 rpm) and the engine developed 20 bhp less, although top speed remained within a whisker of the 512 BB’s 283 km/h."
Ferrari,208 GTB Turbo,208 GTB Turbo,NA,NA,NA,1982,Gran Turismo,Road,V8,rear,1991,220,7000,NA,NA,242,1232,2340,4230,1720,1120,https://cdn.ferrari.com/cms/network/media/img/resize/5de4edd291756c07f10a8593-ferrari-208-gtb-turbo-1982-thumb?width=1600&height=1080,https://www.ferrari.com/en-EN/auto/208-gtb-turbo,"Turbo-charging had taken a strong foothold in Formula 1 racing and the experience gained on the tracks soon made the leap to production with the Ferrari 208 GTB Turbo, unveiled at the 1982 Turin Motor Show."
Ferrari,308 GTB Quattrovalvole,308 GTB Quattrovalvole,NA,NA,NA,1982,Gran Turismo,Road,V8,rear,2927,239,7000,NA,NA,255,1275,2340,4230,1720,1120,https://cdn.ferrari.com/cms/network/media/img/resize/5de515967953932d566a699d-ferrari-308gtbquattrovalvole-thumb?width=1600&height=1080,https://www.ferrari.com/en-EN/auto/308-gtb-quattrovalvole,Ferrari 308 GTB Quattrovalvole: Research to remedy this situation was quickly undertaken and soon showed that four valves per cylinder offered the optimal solution. This innovation saw the engine make up its lost horsepower and the car regain position as the reference point in its category.
Ferrari,308 GTS Quattrovalvole,308 GTS Quattrovalvole,NA,NA,NA,1982,Gran Turismo,Road,V8,rear,2927,239,7000,NA,NA,255,1286,2340,4230,1720,1120,https://cdn.ferrari.com/cms/network/media/img/resize/5de52d27b6285a70bc7c7ff9-ferrari-308-gts-quattrovalvole-1982-thumb?width=1600&height=1080,https://www.ferrari.com/en-EN/auto/308-gts-quattrovalvole,"As with the preceding 308 GTB and 308 GTBi models there was a targa roof version available, which was called the Ferrari 308 GTS quattrovalvole. This version is easily identifiable by the removable black roof section and the satin black triangular shaped louvres covering the glass in the sail panels."
Ferrari,Mondial Quattrovalvole,Mondial Quattrovalvole,NA,NA,NA,1982,Gran Turismo,Road,V8,rear,2927,239,7000,NA,NA,240,1430,2650,4580,1790,1260,https://cdn.ferrari.com/cms/network/media/img/resize/5de4f79c7953932d566a6283-ferrari-mondial-quattrovalvole-1982-thumb?width=1600&height=1080,https://www.ferrari.com/en-EN/auto/mondial-quattrovalvole,"Ferrari Mondial Quattrovalvole: While all manufacturers (including Ferrari on its smaller capacity V8s) were pursuing the turbo route to increase power and performance (at the cost of higher fuel consumption and more costly mechanics), for this more mainstream sports car Ferrari’s engineers decided to opt for the 4-valve per cylinder engine."
Ferrari,208 GTS Turbo,208 GTS Turbo,NA,NA,NA,1983,Gran Turismo,Road,V8,rear,1991,220,7000,NA,NA,242,1243,2340,4230,1720,1120,https://cdn.ferrari.com/cms/network/media/img/resize/5de5218591756c07f10a921a-ferrari-208-gts-turbo-thumb?width=1600&height=1080,https://www.ferrari.com/en-EN/auto/208-gts-turbo,"Ferrari 208 GTS Turbo: Turbocharging had taken a strong foothold in Formula 1 racing and the experience gained on the tracks soon made the leap to production with the 208 GTB Turbo, unveiled at the 1982 Turin Motor Show."
Ferrari,Mondial Cabriolet,Mondial Cabriolet,NA,NA,NA,1983,Gran Turismo,Road,V8,rear,2927,NA,5000,NA,NA,240,1430,2650,4580,1790,1260,https://cdn.ferrari.com/cms/network/media/img/resize/5de6240b7953932d566aa0aa-ferrari-mondial-cabriolet-1983-thumb?width=1600&height=1080,https://www.ferrari.com/en-EN/auto/mondial-cabriolet,"Ferrari Mondial Cabriolet: By a bit of canny engineering, Pininfarina managed to give the canvas top the same line as the coupé. In fact, it extended rearwards to include the two buttresses either side of the rear window, and Pininfarina’s clever mechanism allowed the hood to fold away neatly behind the seats."
Ferrari,GTO,GTO,NA,NA,NA,1984,Gran Turismo,Road,V8,rear,2855,400,7000,NA,NA,305,1160,2450,4290,1910,1120,https://cdn.ferrari.com/cms/network/media/img/resize/5de62eb9b6285a70bc7cb36e-ferrari-gto-1984-thumb?width=1600&height=1080,https://www.ferrari.com/en-EN/auto/gto,"The legendary name, the stunning styling by Pininfarina, the engine with its seemingly inexhaustible power (2.8 litres and 8 cylinders) and the widespread use of composite materials, made the Ferrari GTO the closest thing to a racing car."
Ferrari,Testarossa,Testarossa,NA,NA,NA,1984,Gran Turismo,Road,V12,rear,4943,390,6300,NA,NA,290,1506,2550,4485,1976,1130,https://cdn.ferrari.com/cms/network/media/img/resize/5de63da6b6285a70bc7cb70e-ferrari-testarossa-1984-thumb?width=1600&height=1080,https://www.ferrari.com/en-EN/auto/testarossa,The Paris Motor Show in October 1984 saw the return of the glorious Ferrari Testarossa as heir to the 512 BBi. Pininfarina’s design broke somewhat with tradition and was striking and innovative.
Ferrari,3.2 Mondial,3.2 Mondial,NA,NA,NA,1985,Gran Turismo,Road,V8,rear,3186,271,7000,NA,NA,250,1410,2650,4535,1795,1235,https://cdn.ferrari.com/cms/network/media/img/resize/5de681b1520ff40ac72195c7-ferrari-3-2-mondial-1985-thumb?width=1600&height=1080,https://www.ferrari.com/en-EN/auto/3.2-mondial,"Ferrari 3.2 Mondial: The new 3.2 version of the Mondial offered a more powerful and flexible V8 that significantly improved the car’s performance. New, more efficient and elegant light clusters, a more ergonomic interior and better fit and finish completed the profile of this 2+2. It was comfortable and spacious, and offered excellent visibility for a car in its category."
Ferrari,3.2 Mondial Cabriolet,3.2 Mondial Cabriolet,NA,NA,NA,1985,Gran Turismo,Road,V8,rear,3186,271,7000,NA,NA,250,1400,2650,4535,1795,1265,https://cdn.ferrari.com/cms/network/media/img/resize/5de77496b6285a70bc7cf9fd-ferrari-3-2-mondial-cabriolet-thumb?width=1600&height=1080,https://www.ferrari.com/en-EN/auto/3.2-mondial-cabriolet,In 1985 the Ferrari Mondial 3.2 Cabriolet was equipped with the new 3.2-litre engine. This increase in power made it an even more exclusive car than before: no rival four-seater cabriolet of similar engine size could offer comparable performance.
Ferrari,328 GTB,328 GTB,NA,NA,NA,1985,Gran Turismo,Road,V8,rear,3186,271,7000,NA,NA,263,1263,2350,4255,1730,1128,https://cdn.ferrari.com/cms/network/media/img/resize/5de668aa91756c07f10ad613-ferrrari-328-gtb-1985-thumb?width=1600&height=1080,https://www.ferrari.com/en-EN/auto/328-gtb,"The 308 series had won universal acclaim from both customers and critics, and its natural evolution continued with the Ferrari 328 GTB, a berlinetta fitted with the new 3.2-litre version of the V8."
Ferrari,328 GTS,328 GTS,NA,NA,NA,1985,Gran Turismo,Road,V8,rear,3186,271,7000,NA,NA,263,1273,2350,4255,1730,1128,https://cdn.ferrari.com/cms/network/media/img/resize/5de674c2b6285a70bc7cc432-ferrari-328-gts-1985-thumb?width=1600&height=1080,https://www.ferrari.com/en-EN/auto/328-gts,"Ferrari 328 GTS: Pininfarina paid particular attention to styling details that influenced the car’s CD and aerodynamic lift characteristics – with impressive results. Cabin ergonomics were improved and the shape of the seats revised to better suit the sporty driving style this type of car deserved. On all versions, low profile tyres and 16″ alloy wheels were available as an option."
Ferrari,412,412,NA,NA,NA,1985,Gran Turismo,Road,V12,front,4943,340,6000,NA,NA,250,1810,2700,4810,1798,1314,https://cdn.ferrari.com/cms/network/media/img/resize/5de66046520ff40ac7218d4d-ferrari-412-1985-thumb?width=1600&height=1080,https://www.ferrari.com/en-EN/auto/412,"The Ferrari 412 replaced the 400i and introduced a series of improvements, the most noticeable being the higher boot line, along with a deeper front spoiler to improve the car’s aerodynamics."
Ferrari,GTB Turbo,GTB Turbo,NA,NA,NA,1986,Gran Turismo,Road,V8,rear,1991,254,6500,NA,NA,253,1265,2350,4255,1730,1128,https://cdn.ferrari.com/cms/network/media/img/resize/66e7f32401fb95001148df1b-ferrari-gtb-turbo-share-1986-new?width=1600&height=1080,https://www.ferrari.com/en-EN/auto/gtb-turbo,Ferrari GTB Turbo - 1986
Ferrari,GTS Turbo,GTS Turbo,NA,NA,NA,1986,Gran Turismo,Road,V8,rear,1991,254,6500,NA,NA,253,1275,2350,4255,1730,1128,https://cdn.ferrari.com/cms/network/media/img/resize/5de7896f7953932d566aef6a-ferrari-gtsturbo-1986-thumb?width=1600&height=1080,https://www.ferrari.com/en-EN/auto/gts-turbo,Ferrari GTS Turbo: The convertible version of the GTB Turbo was fitted with the same engine and offered similar out-and-out performance. The body styling and cabin were the same as the 328 series and included all the latest aerodynamic and ergonomic improvements added by Pininfarina.
Ferrari,408 4RM,408 4RM,NA,NA,NA,1987,Sport Prototype,Competition,V8,rear,4000,300,6250,NA,NA,NA,1343,2550,4220,1885,1200,https://cdn.ferrari.com/cms/network/media/img/resize/5de7bb94b6285a70bc7d0c67-ferrari-408-4rm-1987-intro-thumb?width=1600&height=1080,https://www.ferrari.com/en-EN/auto/408-4rm,"Ferrari 408 4RM: Just two prototypes of this model were built. The first, a red car, was completed June 1987 and sported chassis no. 70183, while the second, chassis no 78610, was yellow and is now exhibited in the Galleria Ferrari in Maranello."
Ferrari,F40,F40,NA,NA,NA,1987,Gran Turismo,Road,V8,rear,2936,478,7000,NA,NA,324,1100,2450,4358,1970,1124,https://cdn.ferrari.com/cms/network/media/img/resize/5de7925e520ff40ac721d0dc-ferrari-f40-1987-thumb?width=1600&height=1080,https://www.ferrari.com/en-EN/auto/f40,"The Ferrari F40 was built to celebrate Ferrari’s 40th anniversary. A very fast berlinetta designed by Pininfarina, it was built mainly from composites. Its sophisticated high-performance, turbo-charged running gear combined with a first class chassis gave it the kind of great dynamic prowess that was close to that of a racing car."
Ferrari,348 TB,348 TB,NA,NA,NA,1989,Gran Turismo,Road,V8,rear,3405,300,7200,NA,NA,275,1393,2450,4230,1894,1170,https://cdn.ferrari.com/cms/network/media/img/resize/5de7dc547953932d566b05d3-ferrari-348-tb-1989-thumb?width=1600&height=1080,https://www.ferrari.com/en-EN/auto/348-tb,"Heir to the 328 GTB, the Ferrari 348 TB was actually a completely new car, which offered a new interpretation of the two-seater mid-engined V8 berlinetta. The body combined styling cues from the Testarossa – along the flanks – with ones from classic models of the past (such as the front-end treatment, reminiscent of the 375 MM)."
Ferrari,348 TS,348 TS,NA,NA,NA,1989,Gran Turismo,Road,V8,rear,3405,300,NA,NA,NA,275,1393,2450,4230,1894,1170,https://cdn.ferrari.com/cms/network/media/img/resize/5de6835db6285a70bc7cc7aa-ferrari-348-ts-1989-thumb?width=1600&height=1080,https://www.ferrari.com/en-EN/auto/348-ts,"The convertible version of the Ferrari 348 TS, with a removable hard top, was powered by the same drive-train"
Ferrari,F40 Competizione,F40 Competizione,NA,NA,NA,1989,Sport Prototype,Competition,V8,rear,2936,700,NA,NA,NA,367,1040,2450,4535,1980,1150,https://cdn.ferrari.com/cms/network/media/img/resize/5de67c0791756c07f10adb1a-ferrari-f40-competizione-1989-thumb?width=1600&height=1080,https://www.ferrari.com/en-EN/auto/f40-competizione,Ferrari F40 Competizione - Thumb
Ferrari,Mondial T,Mondial T,NA,NA,NA,1989,Gran Turismo,Road,V8,rear,3405,300,7200,NA,NA,255,1426,2650,4535,1810,1235,https://cdn.ferrari.com/cms/network/media/img/resize/5de7bf807953932d566afd54-ferrari-mondial-t-1989-thumb?width=1600&height=1080,https://www.ferrari.com/en-EN/auto/mondial-t,"The Ferrari Mondial T represented a further step forward in the evolution of this most singular Ferrari: a truly high-performance car with a mid-mounted engine and room for four. The letter ‘T’ was inspired by the F1 312 T single-seater, which had just won the Formula 1 World Championship and also used the longitudinal engine/transverse gearbox layout."
Ferrari,Mondial T Cabriolet,Mondial T Cabriolet,NA,NA,NA,1989,Gran Turismo,Road,V8,rear,3405,300,7200,NA,NA,255,1468,2650,4535,1810,1235,https://cdn.ferrari.com/cms/network/media/img/resize/5de7cd74b6285a70bc7d11bd-ferrari-mondial-t-1989-thumb?width=1600&height=1080,https://www.ferrari.com/en-EN/auto/mondial-t-cabriolet,"Ferrari Mondial T Cabriolet: The new drive-train layout with longitudinal engine and transverse gearbox, first used on the 348 TB and TS, was also fitted into the Cabriolet version of the Mondial. This new solution increased the space available in the cabin in all versions, and the cabin was also completely redesigned to improve ergonomics and comfort."
Ferrari,512 TR,512 TR,NA,NA,NA,1991,Gran Turismo,Road,V12,rear,4943,428,6750,NA,NA,314,1473,2550,4480,1976,1135,https://cdn.ferrari.com/cms/network/media/img/resize/5dd5104c2cdb32285a784ef8-ferrari-512tr-1991-thumb?width=1600&height=1080,https://www.ferrari.com/en-EN/auto/512-tr,Ferrari 512 TR: The interior was redesigned to increase comfort and ergonomics and the exterior facelift was designed to improve aerodynamics.
Ferrari,456 GT,456 GT,NA,NA,NA,1992,Gran Turismo,Road,V12,front,5474,442,6250,NA,NA,300,1690,2600,4730,1920,1300,https://cdn.ferrari.com/cms/network/media/img/resize/5dd518b184077c3b2432765b-ferrari-456-gt-1992-thumb?width=1600&height=1080,https://www.ferrari.com/en-EN/auto/456-gt,The Ferrari 456 GT took the luxury 2+2 coupé theme to new heights
Ferrari,348 Challenge,348 Challenge,NA,NA,NA,1993,Sport Prototype,Competition,V8,rear,3405,320,7200,NA,NA,NA,1360,2450,4230,1894,1170,https://cdn.ferrari.com/cms/network/media/img/resize/5dd5282ef8fc7b0aa906bcfa-ferrari-348-gt-competizione-1993-thumb?width=1600&height=1080,https://www.ferrari.com/en-EN/auto/348-challenge,Ferrari 348 Challenge: The Ferrari Challenge debuted in 1993 and at that time included just an Italian and European series.
Ferrari,348 GT Competizione,348 GT Competizione,NA,NA,NA,1993,Sport Prototype,Competition,V8,rear,3405,320,7200,NA,NA,NA,1180,2450,4230,1894,1170,https://cdn.ferrari.com/cms/network/media/img/resize/6400967b96dffd0918d19304-ferrari-348-gt-competizione-1993-thumb-past?width=1600&height=1080,https://www.ferrari.com/en-EN/auto/348-gt-competizione,Ferrari 348 GT Competizione (1993)
Ferrari,348 GTB,348 GTB,NA,NA,NA,1993,Gran Turismo,Road,V8,rear,3405,320,7200,NA,NA,280,1370,2450,4230,1894,1170,https://cdn.ferrari.com/cms/network/media/img/resize/5dd51df6f8fc7b0aa906bac3-ferrari-348-gtb-1993-thumb?width=1600&height=1080,https://www.ferrari.com/en-EN/auto/348-gtb,"Ferrari 348 GTB: Its styling was harmonious and aerodynamically efficient, and the mid-mounted V8 engine ensured perfect weight distribution and class-beating power."
Ferrari,348 GTS,348 GTS,NA,NA,NA,1993,Gran Turismo,Road,V8,rear,3405,320,7200,NA,NA,280,1370,2450,4230,1894,1170,https://cdn.ferrari.com/cms/network/media/img/resize/5dd5230484077c3b243278b8-ferrari-348-gts-1993-thumb?width=1600&height=1080,https://www.ferrari.com/en-EN/auto/348-gts,This Ferrari 348 GTS two-seater convertible offered the same specifications as the 348 GTB
Ferrari,348 Spider,348 Spider,NA,NA,NA,1993,Gran Turismo,Road,V8,rear,3405,320,7200,NA,NA,280,1370,2450,4230,1894,1170,https://cdn.ferrari.com/cms/network/media/img/resize/5dd5269684077c3b2432797e-ferrari-348-spider-1993-thumb?width=1600&height=1080,https://www.ferrari.com/en-EN/auto/348-spider,Ferrari 348 Spider: The spiders built by Ferrari have always been a perfect expression of their sporting heritage.
Ferrari,333 SP,333 SP,NA,NA,NA,1994,Sport Prototype,Competition,V12,rear,3997,650,11000,NA,NA,368,860,2740,4569,2000,1025,https://cdn.ferrari.com/cms/network/media/img/resize/5dd67a172cdb32285a7897e7-ferrari-f333-sp-1994-thumb?width=1600&height=1080,https://www.ferrari.com/en-EN/auto/f333-sp,The F333 SP marked Ferrari’s return to the sports-prototype racing
Ferrari,F355 Berlinetta,F355 Berlinetta,NA,NA,NA,1994,Gran Turismo,Road,V8,rear,3496,379,8250,NA,NA,295,1350,2450,4250,1900,1170,https://cdn.ferrari.com/cms/network/media/img/resize/5dd52a270cf6995f44de91e5-ferrari-f355-berlinetta-1994-thumb?width=1600&height=1080,https://www.ferrari.com/en-EN/auto/f355-berlinetta,"Unveiled at the 1994 Geneva Motor Show, the Ferrari F355 Berlinetta quickly became the benchmark in its class."
Ferrari,F355 GTS,F355 GTS,NA,NA,NA,1994,Gran Turismo,Road,V8,rear,3496,379,8250,NA,NA,295,1350,2450,4250,1900,1170,https://cdn.ferrari.com/cms/network/media/img/resize/5dd666a3f8fc7b0aa906fb5c-ferrari-f355-gts-1994-thumb?width=1600&height=1080,https://www.ferrari.com/en-EN/auto/f355-gts,"Along the lines of the earlier Targa top, this open version of the Ferrari F355 GTS had a hard top that could be stowed away behind the seats."
Ferrari,F512 M,F512 M,NA,NA,NA,1994,Gran Turismo,Road,V12,rear,4943,441,6750,NA,NA,315,1455,2550,4480,1976,1135,https://cdn.ferrari.com/cms/network/media/img/resize/5dd66e5df8fc7b0aa906fd24-ferrari-f512-m-1994-thumb?width=1600&height=1080,https://www.ferrari.com/en-EN/auto/f512-m,"In the autumn of 1994 the Ferrari F512 M, the new version of the 512, was presented"
Ferrari,F355 Challenge,F355 Challenge,NA,NA,NA,1995,Sport Prototype,Competition,V8,rear,3496,379,8250,NA,NA,NA,1355,2450,4250,1900,1170,https://cdn.ferrari.com/cms/network/media/img/resize/5dd694a6f8fc7b0aa907067d-ferrari-f355-challenge-1995-thumb?width=1600&height=1080,https://www.ferrari.com/en-EN/auto/f355-challenge,The Ferrari F355 Challenge flanked the 348 Challenge in the Ferrari Challenge for the 1995 season.
Ferrari,F355 Spider,F355 Spider,NA,NA,NA,1995,Gran Turismo,Road,V8,rear,3496,379,8250,NA,NA,295,1350,2450,4250,1900,1170,https://cdn.ferrari.com/cms/network/media/img/resize/5dd695d70cf6995f44de9255-ferrari-f355-spider-1995-thumb?width=1600&height=1080,https://www.ferrari.com/en-EN/auto/f355-spider,Ferrari F355 Spider: Open sports cars are an integral part of Ferrari tradition
Ferrari,F50,F50,NA,NA,NA,1995,Gran Turismo,Road,V12,rear,4698,519,8500,NA,NA,325,1230,2580,4480,1986,1120,https://cdn.ferrari.com/cms/network/media/img/resize/5ddd32102cdb32285a79f29a-ferrari-f50-1995-thumb?width=1600&height=1080,https://www.ferrari.com/en-EN/auto/f50,Ferrari F50 - Created to celebrate Ferrari’s 50th anniversary
Ferrari,456 GTA,456 GTA,NA,NA,NA,1996,Gran Turismo,Road,V12,front,5474,442,6250,NA,NA,298,1770,2600,4730,1920,1300,https://cdn.ferrari.com/cms/network/media/img/resize/5dd69d800cf6995f44de9259-ferrari-456-gta-1996-thumb?width=1600&height=1080,https://www.ferrari.com/en-EN/auto/456-gta,Ferrari 456 GTA: This was the automatic version of the 456 GT.
Ferrari,550 Maranello,550 Maranello,NA,NA,NA,1996,Gran Turismo,Road,V12,front,5474,485,7000,NA,NA,320,1690,2500,4550,1935,1277,https://cdn.ferrari.com/cms/network/media/img/resize/5dd6afbe2cdb32285a78a3de-ferrari-550-maranello-1996-thumb?width=1600&height=1080,https://www.ferrari.com/en-EN/auto/550-maranello,"Launched to the press at the Nürburgring in 1996, the 550 Maranello was Ferrari's answer to those who believed the performance of a front-engined V12 car could not beat that of a mid-engined sports car. The successor to the F512M, the 550 Maranello proved quicker and, thanks to its better front-engined, rear drive packaging layout, far more practical."
Ferrari,F50 GT,F50 GT,NA,NA,NA,1996,Sport Prototype,Competition,V12,rear,4698,749,10500,NA,NA,376,860,2580,4578,1986,1092,https://cdn.ferrari.com/cms/network/media/img/resize/5dd7e2e60cf6995f44de929e-ferrari-f50-gt-1996-thumb?width=1600&height=1080,https://www.ferrari.com/en-EN/auto/f50-gt,"Ferrari F50 GT: Aesthetically, the most notable changes with respect to the road car were an air intake on the roof, a different rear wing with central strut and a rear diffuser."
Ferrari,355 F1 Berlinetta,355 F1 Berlinetta,NA,NA,NA,1997,Gran Turismo,Road,V8,rear,3496,379,8250,NA,NA,295,1350,2450,4250,1900,1170,https://cdn.ferrari.com/cms/network/media/img/resize/5dd7e3780cf6995f44de92a2-ferrari-355-f1-berlinetta-1997-thumb?width=1600&height=1080,https://www.ferrari.com/en-EN/auto/355-f1-berlinetta,Ferrari 355 F1 Berlinetta: This was the first ever road car to be equipped with the innovative F1-style gearbox management system
Ferrari,355 F1 GTS,355 F1 GTS,NA,NA,NA,1997,Gran Turismo,Road,V8,rear,3496,379,8250,NA,NA,295,1350,2450,4250,1900,1170,https://cdn.ferrari.com/cms/network/media/img/resize/5dd803edf8fc7b0aa90752c0-ferrari-355-f1-gts-thumb?width=1600&height=1080,https://www.ferrari.com/en-EN/auto/355-f1-gts,"Ferrari 355 F1 GTS: This was the first ever road car to be equipped with the innovative F1-style gearbox management system, available on all three versions: berlinetta, GTS and spider."
Ferrari,355 F1 Spider,355 F1 Spider,NA,NA,NA,1997,Gran Turismo,Road,V8,rear,3496,379,8250,NA,NA,295,1350,2450,4250,1900,1170,https://cdn.ferrari.com/cms/network/media/img/resize/5dde3c8a2cdb32285a7a25fc-ferrari-355-f1-spider-thumb?width=1600&height=1080,https://www.ferrari.com/en-EN/auto/355-f1-spider,"Ferrari 355 F1 Spider: This was the first ever road car to be equipped with the innovative F1-style gearbox management system, available on all three versions: berlinetta, GTS and spider."
Ferrari,456M GT,456M GT,NA,NA,NA,1998,Gran Turismo,Road,V12,front,5474,442,6250,NA,NA,300,1690,2600,4763,1920,1300,https://cdn.ferrari.com/cms/network/media/img/resize/5dde48342cdb32285a7a288d-ferrari-456-gt-1998-thumb?width=1600&height=1080,https://www.ferrari.com/en-EN/auto/456m-gt,"The Ferrari 456M, in its GT and automatic gearbox GTA guises, is the evolution of Ferrari’s highly successful interpretation of its traditional 2+2 models."
Ferrari,456M GTA,456M GTA,NA,NA,NA,1998,Gran Turismo,Road,V12,front,5474,442,6250,NA,NA,298,1690,2600,4763,1920,1300,https://cdn.ferrari.com/cms/network/media/img/resize/5dde8dc5f8fc7b0aa9089f86-ferrari-456-gta-1998-thumb?width=1600&height=1080,https://www.ferrari.com/en-EN/auto/456m-gta,"Ferrari 456M GTA: The 456M, in its GT and automatic gearbox GTA guises, is the evolution of Ferrari’s highly successful interpretation of its traditional 2+2 models."
Ferrari,360 Modena,360 Modena,NA,NA,NA,1999,Gran Turismo,Road,V8,rear,3586,400,8500,NA,NA,295,1290,2600,4477,1922,1214,https://cdn.ferrari.com/cms/network/media/img/resize/5dde937184077c3b24345e1e-ferrari-360-modena-1999-thumb?width=1600&height=1080,https://www.ferrari.com/en-EN/auto/360-modena,The Ferrari 360 Modena is a clean-sheet design which anticipates trends for future Ferrari road cars. These include lower weight combined with greater chassis rigidity – seemingly contrasting objectives that have been achieved by employing innovative construction technology.
Ferrari,360 Challenge,360 Challenge,NA,NA,NA,2000,Sport Prototype,Competition,V8,rear,3586,400,NA,NA,NA,295,1170,2600,4477,1992,1184,https://cdn.ferrari.com/cms/network/media/img/resize/5ddfd28a0cf6995f44de9432-ferrari-360-challenge-2000-thumb?width=1600&height=1080,https://www.ferrari.com/en-EN/auto/360-challenge,"Discover all the specifications of the Ferrari 360 Challenge, 2000: dimensions, wheel and tyres, suspension, and performance."
Ferrari,360 spider,360 spider,NA,NA,NA,2000,Gran Turismo,Road,V8,rear,3586,400,NA,NA,NA,290,1350,2600,4477,1922,1235,https://cdn.ferrari.com/cms/network/media/img/resize/5ddff0352cdb32285a7a86dd-ferrari-360-spider-2000-thumb?width=1600&height=1080,https://www.ferrari.com/en-EN/auto/360-spider,The 360 Spider is Ferrari’s 20th road-going convertible and is a record breaker in two quite different ways.
Ferrari,550 Barchetta Pininfarina,550 Barchetta Pininfarina,NA,NA,NA,2000,Gran Turismo,Road,V12,front,5474,485,NA,NA,NA,300,1690,2500,4550,1935,1258,https://cdn.ferrari.com/cms/network/media/img/resize/5ddfdd7a2cdb32285a7a80bf-ferrari-550-barchetta-pininfarina-2000-thumb?width=1600&height=1080,https://www.ferrari.com/en-EN/auto/550-barchetta-pininfarina,The Ferrari 550 Barchetta Pininfarina was so named to commemorate the 70th anniversary of Ferrari’s coachbuilder and stylist.
Ferrari,360 GT,360 GT,NA,NA,NA,2002,Sport Prototype,Competition,V8,rear,3586,430,8500,NA,NA,NA,1100,2600,4557,1985,1185,https://cdn.ferrari.com/cms/network/media/img/resize/5dc5952a3378a829c009c23c-ferrari-360-gt-thumb?width=1600&height=1080,https://www.ferrari.com/en-EN/auto/360-gt,"With the launch of the 360 Modena Challenge in 2000, the level of competitiveness of the Ferrari Challenge series took a huge step forward."
Ferrari,575M Maranello,575M Maranello,NA,NA,NA,2002,Gran Turismo,Road,V12,front,5748,515,7250,NA,NA,325,1730,2500,4550,1935,1277,https://cdn.ferrari.com/cms/network/media/img/resize/5dde9a532cdb32285a7a39c3-ferrari-575m-maranello-2002-thumb?width=1600&height=1080,https://www.ferrari.com/en-EN/auto/575m-maranello,575M Maranello signals a whole new level of achievement for one of Ferrari’s most traditional layouts
Ferrari,Enzo Ferrari,Enzo Ferrari,NA,NA,NA,2002,Gran Turismo,Road,V12,rear,5999,669,NA,NA,NA,350,1255,2650,4702,2035,1147,https://cdn.ferrari.com/cms/network/media/img/resize/5dc59df837497e4ff8d30e51-ferrari-enzo-2002-thumb?width=1600&height=1080,https://www.ferrari.com/en-EN/auto/enzo-ferrari,"This family of extreme performance cars was joined in 2002 by the Enzo Ferrari, which was the expression of the latest Formula 1 technology and know-how."
Ferrari,575 GTC,575 GTC,NA,NA,NA,2003,Sport Prototype,Competition,V12,front,5997,605,6300,NA,NA,NA,1150,2500,4590,2035,1170,https://cdn.ferrari.com/cms/network/media/img/resize/5dc53f7f95e21208efa3654f-ferrari-575-gtc-2003-thumb?width=1600&height=1080,https://www.ferrari.com/en-EN/auto/575-gtc,The 575 GTC was developed by the Ferrari Corse Clienti department in collaboration with N.Technology to make the most of the original 575 M Maranello car s strong points.
Ferrari,Challenge Stradale,Challenge Stradale,NA,NA,NA,2003,Gran Turismo,Road,V8,rear,3586,426,NA,NA,NA,300,1180,2600,4477,1922,1199,https://cdn.ferrari.com/cms/network/media/img/resize/5dc555883378a829c009b545-ferrari-challenge-stradale-thumb?width=1600&height=1080,https://www.ferrari.com/en-EN/auto/challenge-stradale,The Ferrari Challenge Stradale lines up alongside the 360 Modena and 360 Spider with the precise aim of providing drivers the performances that only a true racing car for road use can provide.
Ferrari,360 GTC,360 GTC,NA,NA,NA,2004,Sport Prototype,Competition,V8,rear,3586,456,8750,NA,NA,NA,1100,2600,4557,1982,1185,https://cdn.ferrari.com/cms/network/media/img/resize/5dc4314a37497e4ff8d2cd36-ferrari-360-gtc-thumb?width=1600&height=1080,https://www.ferrari.com/en-EN/auto/360-gtc,The car was developed by the Corse Clienti department in Maranello in collaboration with Michelotto Automobili and sports the latest technology tested with great success in the previous 360 GT
Ferrari,612 Scaglietti,612 Scaglietti,NA,NA,NA,2004,Gran Turismo,Road,V12,NA,5749,540,NA,NA,NA,320,NA,NA,NA,NA,NA,https://cdn.ferrari.com/cms/network/media/img/resize/5dc45da801d20661709475b4-ferrari-612-scaglietti-2004-thumb?width=1600&height=1080,https://www.ferrari.com/en-EN/auto/612-scaglietti,The Ferrari 612 Scaglietti is the result of an avant-garde design that continues the great Ferrari 2+2 tradition in fabulous style.
Ferrari,F430,F430,NA,NA,NA,2004,Gran Turismo,Road,V8,NA,4308,490,8500,NA,NA,315,NA,NA,NA,NA,NA,https://cdn.ferrari.com/cms/network/media/img/resize/5dc43ff195e21208efa33a4f-ferrari-f430-2004-thumb?width=1600&height=1080,https://www.ferrari.com/en-EN/auto/f430,The Ferrari F430 hails the arrival of a whole new generation of Ferrari V8-engined berlinettas
Ferrari,F430 Spider,F430 Spider,NA,NA,NA,2005,Gran Turismo,Road,V8,NA,4308,490,8500,NA,NA,311,NA,NA,NA,NA,NA,https://cdn.ferrari.com/cms/network/media/img/resize/5dc3e85037497e4ff8d2bdbc-ferrari-f430-spider-2005-thumb?width=1600&height=1080,https://www.ferrari.com/en-EN/auto/f430-spider,"Created by Pininfarina, the F430 Spider is inspired by the car’s exceptional engineering and Formula 1."
Ferrari,FXX,FXX,NA,NA,NA,2005,Sport Prototype,Competition,V12,rear,6262,811,8500,NA,NA,345,1155,2650,4832,2040,1127,https://cdn.ferrari.com/cms/network/media/img/resize/5dc048c18c92940b3a3f2d13-ferrari-fxx-2005-thumb?width=1600&height=1080,https://www.ferrari.com/en-EN/auto/fxx,"The FXX is the fruit of Ferrari’s know-how in building special limited-series sports cars combined with, of course, its racing experience. It will provide the basic framework on which the specifics of future extreme models will be worked out."
Ferrari,Superamerica,Superamerica,NA,NA,NA,2005,Gran Turismo,Road,V12,front,5748,NA,7250,NA,NA,320,1790,2500,4550,1935,1277,https://cdn.ferrari.com/cms/network/media/img/resize/5dc405d03378a829c00979e4-ferrari-superamerica-2005-thumb?width=1600&height=1080,https://www.ferrari.com/en-EN/auto/superamerica,"The Ferrari Superamerica combines stunning Ferrari 12-cylinder berlinetta performance with a highly original, innovative take on the ever-versatile convertible."
Ferrari,599 GTB Fiorano,599 GTB Fiorano,NA,NA,NA,2006,Gran Turismo,Road,V12,NA,5999,620,7600,NA,NA,330,NA,NA,NA,NA,NA,https://cdn.ferrari.com/cms/network/media/img/resize/5dc031dd48ab400ab445cc68-ferrari-599-gtb-fiorano-2006-thumb?width=1600&height=1080,https://www.ferrari.com/en-EN/auto/599-gtb-fiorano,The Ferrari 599 GTB Fiorano sprints from 0 to 100 km/h in 3.7 seconds and has a top speed in excess of 330 km/h
Ferrari,F430 Challenge,F430 Challenge,NA,NA,NA,2006,Sport Prototype,Competition,V8,NA,4308,490,8500,NA,NA,NA,1225,2601,4512,1923,1184,https://cdn.ferrari.com/cms/network/media/img/resize/5dc0032248ab400ab445c23d-ferrari-f430-challenge-2006-thumb?width=1600&height=1080,https://www.ferrari.com/en-EN/auto/f430-challenge,"The F430 Challenge, the 8-cylinder berlinetta-derived competition car that will be taking part in the Ferrari Challenge Trofeo Pirelli from the 2006 season."
Ferrari,F430 GTC,F430 GTC,NA,NA,NA,2006,Sport Prototype,Competition,V8,NA,3995,450,7000,NA,NA,NA,NA,NA,NA,NA,NA,https://cdn.ferrari.com/cms/network/media/img/resize/5ddd540284077c3b24342166-ferrari-f430-gtc-2006-thumb?width=1600&height=1080,https://www.ferrari.com/en-EN/auto/f430-gtc,The 2006 season brought the debut of the stunning Ferrari F430 GTC which was developed by the Corse Clienti department
Ferrari,430 Scuderia,430 Scuderia,NA,NA,NA,2007,Gran Turismo,Road,V8,NA,4310,510,8500,NA,NA,319,NA,NA,NA,NA,NA,https://cdn.ferrari.com/cms/network/media/img/resize/5ddd51f5f8fc7b0aa90863ad-ferrari-430-scuderia-2007-thumb?width=1600&height=1080,https://www.ferrari.com/en-EN/auto/430-scuderia,"Michael Schumacher spent a lot of time testing the Ferrari 430 Scuderia when it was being developed, carefully applying the method that made him unique on the racetrack for many years."
Ferrari,Ferrari California,Ferrari California,NA,NA,NA,2008,Gran Turismo,Road,V8,NA,4297,460,7750,NA,NA,310,NA,NA,NA,NA,NA,https://cdn.ferrari.com/cms/network/media/img/resize/5ddd4f3b0cf6995f44de9359-ferrari-california-2008-thumb?width=1600&height=1080,https://www.ferrari.com/en-EN/auto/ferrari-california,THE FERRARI CALIFORNIA JOINS THE PRANCING HORSE'S 8-CYLINDER FAMILY WHICH HAS ALWAYS BEEN DEFINED BY POWER AND PERFORMANCE.
Ferrari,Scuderia Spider 16M,Scuderia Spider 16M,NA,NA,NA,2008,Gran Turismo,Road,V8,NA,4310,510,8500,NA,NA,315,NA,NA,NA,NA,NA,https://cdn.ferrari.com/cms/network/media/img/resize/5ddd508384077c3b24342069-ferrari-scuderia-spider-16-m-2008-thumb?width=1600&height=1080,https://www.ferrari.com/en-EN/auto/scuderia-spider-16m,Celebrating the win of the 2008 formula 1 constructor’s world title this car bears the name Ferrari Scuderia Spider 16M.
Ferrari,Ferrari 458 Italia,Ferrari 458 Italia,NA,NA,NA,2009,Gran Turismo,Road,V8,NA,4497,570,9000,NA,NA,325,NA,NA,NA,NA,NA,https://cdn.ferrari.com/cms/network/media/img/resize/5ddd4a312cdb32285a79f924-ferrari-458-italia-thumb?width=1600&height=1080,https://www.ferrari.com/en-EN/auto/458-italia,THE FERRARI 458 ITALIA CONTINUES TO GO FROM STRENGTH TO STRENGTH AND HAS GARNERED OVER 30 INTERNATIONAL AWARDS IN ITS SHORT CAREER.
Ferrari,458 Challenge,458 Challenge,NA,NA,NA,2010,Sport Prototype,Competition,V8,NA,4498,570,9000,NA,NA,NA,NA,NA,NA,NA,NA,https://cdn.ferrari.com/cms/network/media/img/resize/5ddd2d472cdb32285a79f18a-ferrari-458-challenge-2010-thumb?width=1600&height=1080,https://www.ferrari.com/en-EN/auto/458-challenge,The Ferrari 458 Challenge  is the fifth model fielded by Ferrari for the one-make Ferrari Challenge Trofeo Pirelli championship
Ferrari,599 GTO,599 GTO,NA,NA,NA,2010,Gran Turismo,Road,V12,NA,5999,670,8250,NA,NA,335,NA,NA,NA,NA,NA,https://cdn.ferrari.com/cms/network/media/img/resize/5ddd30862cdb32285a79f23f-ferrari-599-gto-thumb?width=1600&height=1080,https://www.ferrari.com/en-EN/auto/599-gto,This Ferrari limited edition special series of just 599 GTO is the new pinnacle of Prancing Horse sportiness
Ferrari,599XX,599XX,NA,NA,NA,2010,Sport Prototype,Competition,V12,NA,5999,730,NA,NA,NA,NA,NA,NA,NA,NA,NA,https://cdn.ferrari.com/cms/network/media/img/resize/5ddd326f0cf6995f44de9334-ferrari-599xx-thumb?width=1600&height=1080,https://www.ferrari.com/en-EN/auto/599xx,The Ferrari 599XX incorporates the most advanced technological solutions
Ferrari,SA APERTA,SA APERTA,NA,NA,NA,2010,Gran Turismo,Road,V12,NA,5999,670,8250,NA,NA,325,NA,NA,NA,NA,NA,https://cdn.ferrari.com/cms/network/media/img/resize/5dc00cce48ab400ab445c47a-ferrari-sa-aperta-thumb?width=1600&height=1080,https://www.ferrari.com/en-EN/auto/sa-aperta,Ferrari SA APERTA - 2010
Ferrari,458 Spider,458 Spider,NA,NA,NA,2011,Gran Turismo,Road,V8,NA,4497,570,9000,NA,NA,320,NA,NA,NA,NA,NA,https://cdn.ferrari.com/cms/network/media/img/resize/5ddd33f00cf6995f44de9339-ferrari-458-spider-thumb?width=1600&height=1080,https://www.ferrari.com/en-EN/auto/458-spider,The Ferrari 458 Spider is the first car ever to combine a mid-rear engine with a retractable folding hard top
Ferrari,FF,FF,NA,NA,NA,2011,Gran Turismo,Road,V12,NA,NA,660,8000,NA,NA,NA,NA,NA,NA,NA,NA,https://cdn.ferrari.com/cms/network/media/img/resize/5dc00c9848ab400ab445c46d-ferrari-ff-thumb?width=1600&height=1080,https://www.ferrari.com/en-EN/auto/ff,Ferrari FF - 2011
Ferrari,F12berlinetta,F12berlinetta,NA,NA,NA,2012,Gran Turismo,Road,V12,NA,6262,740,8250,NA,NA,340,NA,NA,NA,NA,NA,https://cdn.ferrari.com/cms/network/media/img/resize/5dc00c59900e4a3e9ebba773-ferrari-f12-berlinetta-thumb?width=1600&height=1080,https://www.ferrari.com/en-EN/auto/f12-berlinetta,Ferrari F12 Berlinetta - 2012
Ferrari,Ferrari California 30,Ferrari California 30,NA,NA,NA,2012,Gran Turismo,Road,V8,NA,4297,490,7750,NA,NA,312,NA,NA,NA,NA,NA,https://cdn.ferrari.com/cms/network/media/img/resize/5ddd35eff8fc7b0aa9085c2f-ferrari-california-30-thumb?width=1600&height=1080,https://www.ferrari.com/en-EN/auto/ferrari-california-30,The Ferrari California 30’s V8 now punches out a maximum of 490 hp with maximum torque climbing to 505 Nm at 5000 rpm.
Ferrari,458 Speciale,458 Speciale,NA,NA,NA,2013,Gran Turismo,Road,V8,NA,4497,605,9000,NA,NA,325,NA,NA,NA,NA,NA,https://cdn.ferrari.com/cms/network/media/img/resize/5ddd3870f8fc7b0aa9085cd3-ferrari-458-speciale-thumb?width=1600&height=1080,https://www.ferrari.com/en-EN/auto/458-speciale,"As with all Ferrari special series, the 458 Speciale boasts an array of advanced technical solutions"
Ferrari,LaFerrari,LaFerrari,NA,NA,NA,2013,Gran Turismo,Road,V12,NA,NA,800,NA,NA,NA,NA,NA,NA,NA,NA,NA,https://cdn.ferrari.com/cms/network/media/img/resize/5ddb97a00cf6995f44de92de-laferrari-2013-thumb?width=1600&height=1080,https://www.ferrari.com/en-EN/auto/laferrari,LaFerrari - 2013
Ferrari,458 Challenge EVO,458 Challenge EVO,NA,NA,NA,2014,Sport Prototype,Competition,V8,NA,4498,570,9000,NA,NA,NA,NA,NA,NA,NA,NA,https://cdn.ferrari.com/cms/network/media/img/resize/620a4f5f9627e7652272b07f-ferrari-458-challenge-evo-past-model-thumb?width=1600&height=1080,https://www.ferrari.com/en-EN/auto/458-challenge-evo,"458 Challenge Evo, compared to the 458 Challenge, has been boosted by the addition of an aerodynamic kit."
Ferrari,458 Speciale A,458 Speciale A,NA,NA,NA,2014,Gran Turismo,Road,V8,NA,4497,605,9000,NA,NA,320,NA,NA,NA,NA,NA,https://cdn.ferrari.com/cms/network/media/img/resize/5dc00bdf48ab400ab445c43d-ferrari-458-speciale-a-thumb?width=1600&height=1080,https://www.ferrari.com/en-EN/auto/458-speciale-a,Ferrari 458 Speciale A - 2012
Ferrari,FXX K,FXX K,NA,NA,NA,2014,Sport Prototype,Competition,V12,NA,NA,NA,NA,NA,NA,NA,NA,NA,NA,NA,NA,https://cdn.ferrari.com/cms/network/media/img/resize/5dda52bf0cf6995f44de92d5-ferrari-fxx-k-social?width=1600&height=1080,https://www.ferrari.com/en-EN/auto/fxx-k,FXX-K is Ferrari’s research and development programme centring around a laboratory car based on Maranello’s first hybrid.
Ferrari,Ferrari California T,Ferrari California T,NA,NA,NA,2014,Gran Turismo,Road,V8,NA,3855,560,7500,NA,NA,315,NA,NA,NA,NA,NA,https://cdn.ferrari.com/cms/network/media/img/resize/5ddd3a460cf6995f44de933c-ferrrari-california-t-thumb?width=1600&height=1080,https://www.ferrari.com/en-EN/auto/california-t,"THE FERRARI CALIFORNIA T EPITOMISES THE SUBLIME ELEGANCE, SPORTINESS, VERSATILITY AND EXCLUSIVITY"
Ferrari,488 GTB,488 GTB,NA,NA,NA,2015,Gran Turismo,Road,V8,NA,3902,670,8000,NA,NA,330,NA,NA,NA,NA,NA,https://cdn.ferrari.com/cms/network/media/img/resize/5ddd3cd00cf6995f44de9340-ferrari-488-gtb-thumb?width=1600&height=1080,https://www.ferrari.com/en-EN/auto/ferrari-488-gtb,The 488 GTB name marks a return to the classic Ferrari model designation with the 488
Ferrari,F12tdf,F12tdf,NA,NA,NA,2015,Gran Turismo,Road,V12,NA,6262,780,8500,NA,NA,340,NA,NA,NA,NA,NA,https://cdn.ferrari.com/cms/network/media/img/resize/5ddd3dc20cf6995f44de9342-ferrari_f12tdf-thumb?width=1600&height=1080,https://www.ferrari.com/en-EN/auto/f12tdf,FERRARI REVEALS THE F12TDF WHICH PAYS HOMAGE TO THE TOUR DE FRANCE
Ferrari,488 Challenge,488 Challenge,NA,NA,NA,2016,Sport Prototype,Competition,V8,NA,3902,670,8000,NA,NA,NA,NA,NA,NA,NA,NA,https://cdn.ferrari.com/cms/network/media/img/resize/5dda49c20cf6995f44de92d0-ferrari_488_challenge_thumb?width=1600&height=1080,https://www.ferrari.com/en-EN/auto/488-challenge,"Ferrari 488 Challenge is the most powerful car in the Challenge history thanks to 670 hp from the V8 3, 9-liter engine derived from the 488 GTB"
Ferrari,488 GT3,488 GT3,NA,NA,NA,2016,Sport Prototype,Competition,V8,NA,3996,600,NA,NA,NA,NA,NA,NA,NA,NA,NA,https://cdn.ferrari.com/cms/network/media/img/resize/6787ed554e5f24001074a6c7-ferrari-488-gt3-thumb?width=1600&height=1080,https://www.ferrari.com/en-EN/auto/488-gt3,NA
Ferrari,488 GTE,488 GTE,NA,NA,NA,2016,Sport Prototype,Competition,V8,NA,3996,600,NA,NA,NA,NA,NA,NA,NA,NA,NA,https://cdn.ferrari.com/cms/network/media/img/resize/6787dfb9409996001011d914-ferrari-488-gte-card?width=1600&height=1080,https://www.ferrari.com/en-EN/auto/488-gte,NA
Ferrari,488 Spider,488 Spider,NA,NA,NA,2016,Gran Turismo,Road,V8,NA,NA,670,NA,NA,NA,NA,NA,NA,NA,NA,NA,https://cdn.ferrari.com/cms/network/media/img/resize/5ddd4572f8fc7b0aa908605a-ferrari-488-spider-2016-thumb?width=1600&height=1080,https://www.ferrari.com/en-EN/auto/488-spider,The  is the latest chapter in Maranello's ongoing history of open-top v8 sports cars
Ferrari,GTC4Lusso,GTC4Lusso,NA,NA,NA,2016,Gran Turismo,Road,V12,NA,NA,NA,NA,NA,NA,NA,NA,NA,NA,NA,NA,https://cdn.ferrari.com/cms/network/media/img/resize/5fb3a1dc850aac6b67934c2e-ferrari-gtc4lusso-past-model-thumb?width=1600&height=1080,https://www.ferrari.com/en-EN/auto/gtc4lusso,Ferrari GTC4Lusso - 2016
Ferrari,GTC4Lusso T,GTC4Lusso T,NA,NA,NA,2016,Gran Turismo,Road,NA,NA,NA,610,NA,NA,NA,NA,NA,NA,NA,NA,NA,https://cdn.ferrari.com/cms/network/media/img/resize/5fb3a30b7980ac5cca302aa0-ferrari-gtc4lusso-t-past-model-thumb-2?width=1600&height=1080,https://www.ferrari.com/en-EN/auto/gtc4lussot,NA
Ferrari,LaFerrari Aperta,LaFerrari Aperta,NA,NA,NA,2016,Gran Turismo,Road,V12,NA,6262,800,9000,NA,NA,350,NA,NA,NA,NA,NA,https://cdn.ferrari.com/cms/network/media/img/resize/5ddd469e84077c3b24341dd1-laferrari-aperta-thumb?width=1600&height=1080,https://www.ferrari.com/en-EN/auto/laferrari-aperta,"Designed for Ferrari’s most passionate clients, the LaFerrari Aperta is the new limited-edition special series model"
Ferrari,812 Superfast,812 Superfast,NA,NA,NA,2017,Gran Turismo,Road,V12,NA,NA,800,NA,NA,NA,NA,NA,NA,NA,NA,NA,https://cdn.ferrari.com/cms/network/media/img/resize/60d1b4c09fdfa1733415e0e7-812 superfast?width=1600&height=1080,https://www.ferrari.com/en-EN/auto/812-superfast,Shift to the 12th Dimension
Ferrari,Ferrari Portofino,Ferrari Portofino,NA,NA,NA,2017,Gran Turismo,Road,V8,NA,NA,NA,NA,NA,NA,NA,NA,NA,NA,NA,NA,https://cdn.ferrari.com/cms/network/media/img/resize/5f5b4cec57f0c16d75e823f5-ferrari_portofino_share-2020-past?width=1600&height=1080,https://www.ferrari.com/en-EN/auto/ferrari-portofino,NA
Ferrari,488 Pista Spider,488 Pista Spider,NA,NA,NA,2018,Gran Turismo,Road,V8,NA,NA,720,NA,NA,NA,NA,NA,NA,NA,NA,NA,https://cdn.ferrari.com/cms/network/media/img/resize/5fec50a1d27b3f5ad3b7d204-ferrari-488-pista-spider-past-model-thumb?width=1600&height=1080,https://www.ferrari.com/en-EN/auto/ferrari-488-pista-spider,Ferrari 488 Pista Spider - 2018
Ferrari,Ferrari 488 Pista,Ferrari 488 Pista,NA,NA,NA,2018,Gran Turismo,Road,V8,NA,NA,NA,NA,NA,NA,NA,NA,NA,NA,NA,NA,https://cdn.ferrari.com/cms/network/media/img/resize/5fec50a0ebd0050770f0349a-ferrari-488-pista-past-model-thumb?width=1600&height=1080,https://www.ferrari.com/en-EN/auto/ferrari-488-pista,NA
Ferrari,812 GTS,812 GTS,NA,NA,NA,2019,Gran Turismo,Road,V12,NA,NA,800,NA,NA,NA,NA,NA,NA,NA,NA,NA,https://cdn.ferrari.com/cms/network/media/img/resize/60d1b6e02a3f1c5509cb468f-812 gts?width=1600&height=1080,https://www.ferrari.com/en-EN/auto/812-gts,A legend is reborn
Ferrari,F8 Spider,F8 Spider,NA,NA,NA,2019,Gran Turismo,Road,V8,NA,NA,720,NA,NA,NA,NA,NA,NA,NA,NA,NA,https://cdn.ferrari.com/cms/network/media/img/resize/60d1bbd69fdfa1733415e184-f8 spider?width=1600&height=1080,https://www.ferrari.com/en-EN/auto/f8-spider,Wild at heart
Ferrari,F8 Tributo,F8 Tributo,NA,NA,NA,2019,Gran Turismo,Road,NA,NA,NA,NA,NA,NA,NA,NA,NA,NA,NA,NA,NA,https://cdn.ferrari.com/cms/network/media/img/resize/60d1bbd688780642c79ba8ca-f8 tributo?width=1600&height=1080,https://www.ferrari.com/en-EN/auto/f8-tributo,Live for the Moment
Ferrari,Ferrari Roma,Ferrari Roma,NA,NA,NA,2019,Gran Turismo,Road,NA,NA,NA,NA,NA,NA,NA,NA,NA,NA,NA,NA,NA,https://cdn.ferrari.com/cms/network/media/img/resize/60d1bd14997c9a7a59e64395-roma?width=1600&height=1080,https://www.ferrari.com/en-EN/auto/ferrari-roma,La nuova Dolce Vita
Ferrari,SF90 Stradale,SF90 Stradale,NA,NA,NA,2019,Gran Turismo,Road,V8,NA,NA,1000,7500,NA,NA,NA,NA,NA,NA,NA,NA,https://cdn.ferrari.com/cms/network/media/img/resize/60d1ba1007fbc76f1b331d6f-sf90 stradale?width=1600&height=1080,https://www.ferrari.com/en-EN/auto/sf90-stradale,Beyond Imagination
Ferrari,Ferrari Portofino M,Ferrari Portofino M,NA,NA,NA,2020,Gran Turismo,Road,V8,NA,3855,620,NA,NA,NA,NA,NA,NA,NA,NA,NA,https://cdn.ferrari.com/cms/network/media/img/resize/60d1bd1488780642c79ba8ed-portofino m?width=1600&height=1080,https://www.ferrari.com/en-EN/auto/ferrari-portofino-m,A Voyage of Rediscovery
Ferrari,SF90 Spider,SF90 Spider,NA,NA,NA,2020,Gran Turismo,Road,V8,NA,NA,1000,7500,NA,NA,NA,NA,NA,NA,NA,NA,https://cdn.ferrari.com/cms/network/media/img/resize/60d1ba10076bff7cf5f216d8-sf90 spider?width=1600&height=1080,https://www.ferrari.com/en-EN/auto/sf90-spider,Beyond Imagination
Ferrari,Ferrari Roma Spider,Ferrari Roma Spider,NA,NA,NA,2023,Gran Turismo,Road,NA,NA,NA,NA,NA,NA,NA,NA,NA,NA,NA,NA,NA,https://cdn.ferrari.com/cms/network/media/img/resize/640f5410c03a600022ea50fe-ferrari-roma-spider-dynamics-cover-desk?width=1600&height=1080,https://www.ferrari.com/en-EN/auto/ferrari-roma-spider,Ferrari Roma Spider - Dynamics
Nissan,Gorham-style three-wheeled vehicle(miniature),Gorham-style three-wheeled vehicle(miniature) (1920 : -),Gorham Lila,NA,NA,1920,Road,Road,NA,NA,1200,NA,NA,NA,NA,48,350,NA,NA,NA,NA,https://www.nissan-global.com/EN/HERITAGE_COLLECTION/img/modelDetail/uploader/data/en/Web/1317105105269083622.jpg,https://www.nissan-global.com/EN/HERITAGE_COLLECTION/gorham_style_three.html,This compact 3-wheel automobile was built in 1920 by William R. Gorham. It uses a motorcycle engine and was steered by means of a rudder-like handle.
Nissan,Gorham-style four-wheeled vehicles (miniature),Gorham-style four-wheeled vehicles (miniature) (1921 : -),Gorham Lila,NA,NA,1921,Road,Road,NA,NA,1200,NA,NA,NA,NA,48,450,NA,NA,NA,NA,https://www.nissan-global.com/EN/HERITAGE_COLLECTION/img/modelDetail/uploader/data/en/Web/1317104763101051288.jpg,https://www.nissan-global.com/EN/HERITAGE_COLLECTION/gorham_style_four.html,"In 1921, in order to improve stability the design was changed from a 3-wheeler to a 4-wheeler. In addition to the 7hp engine, an 8.4hp engine could be installed, but the steering handle was unchanged."
Nissan,Lila Phaeton (miniature),Lila Phaeton (miniature) (1923 : -),Gorham Lila,NA,NA,1923,Road,Road,NA,NA,1260,NA,NA,NA,NA,56,450,NA,NA,NA,NA,https://www.nissan-global.com/EN/HERITAGE_COLLECTION/img/modelDetail/uploader/data/en/Web/1317104270399067143.jpg,https://www.nissan-global.com/EN/HERITAGE_COLLECTION/lila_phaeton.html,"This small passenger vehicle, developed in 1923, featured a steering wheel and shaft drive. The bright lilac-colored body and high-quality soft top made were very popular. It cost 1,700 yen (Osaka delivery)."
Nissan,Lila Roadster (miniature),Lila Roadster (miniature) (1924 : -),Gorham Lila,NA,NA,1924,Road,Road,NA,NA,1260,NA,NA,NA,NA,56,450,NA,NA,NA,NA,https://www.nissan-global.com/EN/HERITAGE_COLLECTION/img/modelDetail/uploader/data/en/Web/1317103875972034851.jpg,https://www.nissan-global.com/EN/HERITAGE_COLLECTION/lila_roadster.html,"Developed in 1924, this smart, recreational model was manufactured to high standards and enamel paint was used on the body. The trunk was fitted with a rumble seat for one passenger."
Nissan,Lila Truck (miniature),Lila Truck (miniature) (1925 : -),Gorham Lila,NA,NA,1925,Road,Road,NA,NA,1260,NA,NA,NA,NA,40,450,NA,NA,NA,NA,https://www.nissan-global.com/EN/HERITAGE_COLLECTION/img/modelDetail/uploader/data/en/Web/1317103461350055608.jpg,https://www.nissan-global.com/EN/HERITAGE_COLLECTION/lila_truck.html,"Developed in 1925, this compact goods vehicle was designed after the passenger car. At a time when cargo was mainly transported on carts drawn by horses or oxen, the refined styling and speed of this truck made it popular."
Nissan,Datsun 12 Phaeton,Datsun 12 Phaeton (1933 : 12),Datsun 1931 1945,12,12,1933,Road,Road,"Water-cooled, 4 cylinders, SV",NA,NA,NA,NA,NA,NA,NA,NA,1918,NA,NA,NA,https://www.nissan-global.com/EN/HERITAGE_COLLECTION/img/modelDetail/uploader/data/en/Web/1317195088275065180.jpg,https://www.nissan-global.com/EN/HERITAGE_COLLECTION/datsun_12_phaeton.html,"Origin of the “DATSUN” name comes from “DAT Car” that Kwaishinsha Motor Car Works first produced in 1914. “DAT” are the initials of three investors in Kwaishinsha and “SON” stands for a son of DAT. But it was changed to “DATSUN” because the word SON evoked a negative image of “loss” in Japanese. DATSUN first appeared in DATSUN 10 in 1932. Ever since then it has been used for NISSAN compact cars and became one of the most popular brand names in overseas countries as well as in Japan. This DATSUN 12 Phaeton is the oldest model of NISSAN that had been already manufactured in December 1933 when NISSAN MOTOR CO. was established, so is the oldest in the Heritage Collection. “Phaeton” stands for a convertible four-seater car with a cloth top."
Nissan,Datsun 14 Pickup,Datsun 14 Pickup (1935: 14),NA,14,14,1935,Road,Road,"4-cyl. inline, SV",NA,NA,15,3600,NA,NA,NA,NA,2005,NA,NA,NA,https://www.nissan-global.com/EN/HERITAGE_COLLECTION/img/modelDetail/454/high.jpg,https://www.nissan-global.com/EN/HERITAGE_COLLECTION/Datsun_14_Pickup.html,"""Datsun"" released in 1932 by ""DAT Jidosha Seizo Co., Ltd."" became synonymous with Japanese car. The initial lineup included commercial vehicles (pickup trucks and vans). People could see Datsun pickup trucks of Datsun ""10""to ""14"", ""15T"" and ""17T"" at shops, department stores and delivery companies. One of the features was advanced engine equipped with aluminum piston, duralumin conrods and crankshaft using ball bearings. This is the Datsun 14 Pickup that was manufactured at Yokohama Plant when Japan's first mass production started. It is the oldest commercial vehicle in Nissan Heritage Collection. It took 2 years to restore it but it returned to the almost original moving state."
Nissan,Datsun 14 Roadster,Datsun 14 Roadster (1935: 14),Datsun 1931 1945,14,14,1935,Road,Road,"4-cyl. inline, SV",NA,NA,NA,NA,NA,NA,80,NA,1980,NA,NA,NA,https://www.nissan-global.com/EN/HERITAGE_COLLECTION/img/modelDetail/002/high.jpg,https://www.nissan-global.com/EN/HERITAGE_COLLECTION/datsun_14_roadster_yellow.html,"Jidosha-Seizo Co., Ltd. established in December 1933, became Nissan Motor Co., Ltd in the following year and started full-scale production. At the company's new factory in Yokohama, the first car to come off the line was this ""14"" (April 1935). It was powered by a new 722cc, 15ps engine. A distinguishing feature is the beautiful rabbit mascot created by Ryuichi Tomiya, who worked on the body design."
Nissan,Datsun 15 Phaeton,Datsun 15 Phaeton (1936 : 15),Datsun 1931 1945,15,15,1936,Road,Road,"4-cyl. inline, SV",NA,722,NA,3600,37,2000,80,NA,2005,NA,NA,NA,https://www.nissan-global.com/EN/HERITAGE_COLLECTION/img/modelDetail/uploader/data/en/Web/1317194772214078845.jpg,https://www.nissan-global.com/EN/HERITAGE_COLLECTION/datsun_15_phaeton.html,"The ""15"", which appeared in May 1936, uses the same 722cc (Type 7) engine as the ""14"", but the compression ratio was raised from 5.2 to 5.4 to turn it into a 16ps engine. The square badge on the upper left of the radiator grille is a feature of the ""15"", which also had horizontal louvers on the side of the hood of a more elaborate design than the simple vertical ones on the ""14""."
Nissan,Datsun 16 Coupe,Datsun 16 Coupe (1937 : 16),NA,16,16,1937,Road,Road,"Water-cooled, 4-cyl. inline, SV",NA,NA,16,3600,NA,NA,NA,NA,2005,NA,NA,NA,https://www.nissan-global.com/EN/HERITAGE_COLLECTION/img/modelDetail/uploader/data/en/Web/HIGH/278_datsun_16_coupe.jpg,https://www.nissan-global.com/EN/HERITAGE_COLLECTION/datsun_16_coupe.html,"Datsun 16 series, launched in 1937, had wide body variation such as Sedan, Phaeton, Roadster, Pickup and Coupe. This “16 Coupe” had unique styling features like steplessbody sides, unique door handles, streamlined roof, upholstered interior, etc. Coupe models in early Datsun are very hard to find today, due to limited production volume."
Nissan,Datsun 16 Phaeton,Datsun 16 Phaeton (1937: 16),Datsun 1931 1945,16,16,1937,Road,Road,"4-cyl. inline, SV",NA,722,16,3600,NA,NA,NA,610,2005,3129,1180,NA,https://www.nissan-global.com/EN/HERITAGE_COLLECTION/img/modelDetail/234/high.jpg,https://www.nissan-global.com/EN/HERITAGE_COLLECTION/datsun_16_phaeton.html,"Prewar DATSUN models achieved unprecedented low prices and high quality by Japan's first integrated production in large quantity that started in 1935 when ""DATSUN 14"" was released, and they became widespread in Japan. DATSUN was improved almost every year and the price gradually fell. This is ""DATSUN 16"" of ""Phaeton"" with 4 seaters and soft-top rolled out in 1937. The lineup other than Phaeton was Sedan, Roadster, Coupe, Pickup and Van to satisfy wide-ranging needs of customers. But DATSUN cars for consumer use were discontinued in 1939 as Japan entered into a wartime regime. This car was restored in 2019 for exhibition only, not for driving."
Nissan,Datsun 16 Roadster,Datsun 16 Roadster (1937 : 16),Datsun 1931 1945,16,16,1937,Road,Road,"4-cyl. inline, SV",NA,722,NA,3600,37,2000,80,500,2005,NA,NA,NA,https://www.nissan-global.com/EN/HERITAGE_COLLECTION/img/modelDetail/uploader/data/en/Web/1317194651356052324.jpg,https://www.nissan-global.com/EN/HERITAGE_COLLECTION/datsun_16_roadster.html,"This roadster had the same 722cc engine as the ""14"", but by increasing the compression ratio from 5.2 to 5.4, maximum horsepower was increased by 1ps to 16. As with the phaeton, it was distinguished by the square badge on the radiator grille and louvers on the side of the hood that look as if they open and close. Due to changes in the law, from the ""15"" onwards, the spare tire could be mounted on the outside of the trunk."
Nissan,Datsun 17 Phaeton,Datsun 17 Phaeton (1938 : 17),Datsun 1931 1945,17,17,1938,Road,Road,"Water-cooled, 4-cyl. inline, SV",NA,NA,16,3600,NA,NA,NA,NA,2005,NA,NA,NA,https://www.nissan-global.com/EN/HERITAGE_COLLECTION/img/modelDetail/uploader/data/en/Web/HIGH/293_datsun_17_phaeton.jpg,https://www.nissan-global.com/EN/HERITAGE_COLLECTION/datsun_17_phaeton.html,"Datsun 17 was rolled out in 1938 when a war was approaching. The model was very popular in those days because of its toughness and economic efficiency, and was called “National Economical Car” in the catalog. The interior was simple due to the shortage of pure cotton and pure wool, while the styling was quite similar to that of Datsun 16 of the previous year. This car is Datsun 17 “Phaeton,” 4-seater with a cloth top. It was once owned by the automobile club of SeijoUniversity, and fully restored back to the original for the school festival in 1974."
Nissan,Datsun 17 Sedan,Datsun 17 Sedan (1938 : 17),Datsun 1931 1945,17,17,1938,Road,Road,"4-cyl. inline, SV",NA,722,NA,3600,NA,NA,80,630,2005,NA,NA,NA,https://www.nissan-global.com/EN/HERITAGE_COLLECTION/img/modelDetail/uploader/data/en/Web/1317194311680035720.jpg,https://www.nissan-global.com/EN/HERITAGE_COLLECTION/datsun_17_sedan.html,"In 1938 Japan was already at war in China. The rugged and very economical Datsun was hugely popular. The exterior was not much different to that of the ""16"", but a thick vertical bar in middle of the front grille distinguished it. As cotton and wool were scarce, the cabin interior had a very simple finish. The 722cc engine was a side valve (SV) design."
Nissan,Datsun 17T Pickup,Datsun 17T Pickup (1938 : 17T),Datsun 1931 1945,17T,17T,1938,Road,Road,"Water-cooled, 4-cyl. inline",NA,NA,16,3600,NA,NA,NA,NA,2005,NA,NA,NA,https://www.nissan-global.com/EN/HERITAGE_COLLECTION/img/modelDetail/uploader/data/en/Web/HIGH/251_datsun_17t_pickup.jpg,https://www.nissan-global.com/EN/HERITAGE_COLLECTION/datsun_17t_pickup.html,"Nissan's pickup history goes back to middle 1930's, as the company has intended to meet various customers' needs since the beginning. This ""Datsun 17T Pickup"" was the successor of the previous ""15T (1936)"", and equipped the same 722cc engine as Datsun passenger car series. Throughout 1930's, early Datsun Pickup played an important role in small-lot transportation by self-owned shops and department stores in Japan."
Nissan,NISSAN Passenger Car,NISSAN Passenger Car (1938: 70),Nissan,70,70,1938,Road,Road,"6-cyl. inline, SV",NA,3670,NA,3400,226,1200,80,1410,2794,NA,NA,NA,https://www.nissan-global.com/EN/HERITAGE_COLLECTION/img/modelDetail/007/high.jpg,https://www.nissan-global.com/EN/HERITAGE_COLLECTION/nissan_passenger_car.html,"Until the introduction of corporate identity guidelines in 1981, two different car names (brand names) were used: small cars were called ""Datsun"" while large vehicles were named ""Nissan"". The first NISSAN model was made with equipment purchased from an American company, Graham Paige Motors Corp., so the size of the vehicle was comparable to the Fords and Chevrolet at that time. The first car came off the line in March 1937."
Nissan,NISSAN Van,NISSAN Van (1939 : 81),Nissan,81,81,1939,Road,Road,"6-cyl. inline, side valve",NA,3670,85,3400,226,1200,NA,3315,3251,6338,2161,2655,https://www.nissan-global.com/EN/HERITAGE_COLLECTION/img/modelDetail/uploader/data/en/Web/1317097630570090324.jpg,https://www.nissan-global.com/EN/HERITAGE_COLLECTION/nissan_van.html,"First ""NISSAN-branded"" cars were rolled out in 1937. They were almost as big as American cars while ""DATSUN"" cars were small cars. Production started at Yokohama Plant with equipment, tools, and drawings handed over from an American manufacturer ""Graham-Paige"" to realize early launch. The original lineup was passenger cars (70), commercial vans (80), and motorcoaches (90). Vans (80) and motorcoaches (90) were Japan's first cars of semi cab over type with larger luggage room and riding space. They created fresh impression since most vans and buses were of conventional type in Japan. This car is a delivery van which was introduced at Mitsukoshi Department Store in 1939. It worked until 1962 to prove usefulness and ruggedness."
Nissan,Tama Electric Car,Tama Electric Car (1947 : E4S-47-1),Tama 1947,E4S-47-1,E4S-47-1,1947,Road,Road,NA,NA,NA,NA,NA,NA,NA,NA,1100,2000,3035,1230,1630,https://www.nissan-global.com/EN/HERITAGE_COLLECTION/img/modelDetail/uploader/data/en/Web/1317189824233050906.jpg,https://www.nissan-global.com/EN/HERITAGE_COLLECTION/tama_electric.html,"""TAMA"" is an electric vehicle developed by Tokyo Electro Automobile Co.(later becomes *Prince Motors, Ltd.) that was a spin-off of TachikawaAircraft. When this car first rolled out in 1947, Japan was suffering from an acute shortage of oil, goods and food while the supply of electricity had a surplus since there were almost no home appliances or bulk users of electricity. Under such condition, with the encouragement of the government, there were many electric vehicles by start-up car manufacturers. ""TAMA"" achieved the driving range of 96km and the maximum speed of 35km/h on the 1st Electric Vehicle Performance Test. It worked very well as a taxi until about 1951. The model code is E4S-47 I. E is for electric, 4S is for 4-seater sedan, 47 is for the year, and I stands for the initial type. The brand name ""TAMA"" comes from the name of the place where the factory was located. It is not very well known that electric vehicles have a long history --they were running in Japan shortly after WWII and helped reconstruction of Japan. This car was fully restored to the original specifications of the year 1947 and returned to moving state in 2010 when the production model of the electric vehicle ""NISSAN LEAF"" was rolled out. *Prince Motors, Ltd. : Merged with Nissan Motor Co., Ltd. in 1966."
Nissan,Tama Pickup Truck [gasoline],Tama Pickup Truck [gasoline] (1947 : EOT-47-2),Tama 1947,EOT-47-2,EOT-47-2,1947,Road,Road,4-cyl. inline,NA,NA,NA,NA,NA,NA,NA,NA,2000,3200,1350,1710,https://www.nissan-global.com/EN/HERITAGE_COLLECTION/img/modelDetail/uploader/data/en/Web/1317189399192068025.jpg,https://www.nissan-global.com/EN/HERITAGE_COLLECTION/tama_truck.html,"""Tama"" was an electric vehicle (EV) by the predecessor of Prince Motors* in 1947. Since Japan was suffering a shortage of oil while electricity generated by waterpower was abundant, the government encouraged manufacturing EVs. Among many EV models, ""Tama"" achieved the best result at the 1st performance test by the government and was popular as taxi and truck until around 1951. But outbreak of Korean War in 1950 caused the price of lead to skyrocket while the control of gasoline was removed in 1952 and gasoline cars became dominant again. This is the car that was modified to a gasoline car at the time. A 4-cyl. inline 760cc engine is mounted now. *Prince Motors, Ltd.: Merged with Nissan Motor Co., Ltd. in 1966."
Nissan,Datsun Truck,Datsun Truck (1948 : 2225),Datsun Truck Van,2225,2225,1948,Road,Road,"4-cyl. inline, SV",NA,722,NA,3600,37,2000,NA,620,2005,3147,1458,1550,https://www.nissan-global.com/EN/HERITAGE_COLLECTION/img/modelDetail/uploader/data/en/Web/1317191900801010863.jpg,https://www.nissan-global.com/EN/HERITAGE_COLLECTION/datsuntruck2.html,"The Datsun Truck series was born before the war as the Datsun 13 Truck (1934), later being revived after the war (1946) as the 1121. The 2225 was launched in 1947 as an improved version; with its 722cc engine, it had a 500kg load capacity and seating for two. The vehicles produced immediately after the war clearly demonstrate the hardships caused by shortages of materials. To cope with such difficulties, complex manufacturing processes were avoided and some parts of the body were even made of wood."
Nissan,Datsun Fire Engine,Datsun Fire Engine (1950: F4146),Datsun Truck Van,F4146,F4146,1950,Road,Road,"Water-cooled, 4-cyl. inline, SV",NA,NA,16,3600,NA,NA,NA,NA,2005,NA,NA,NA,https://www.nissan-global.com/EN/HERITAGE_COLLECTION/img/modelDetail/uploader/data/en/Web/HIGH/350_datsun_fire_engine.jpg,https://www.nissan-global.com/EN/HERITAGE_COLLECTION/datsun_fire_engine.html,"This fire engine is ""F4146,"" manufactured from Datsun Pickup 4146, rolled out in 1950. ""F"" is for ""Fire."" On the same chassis, ambulance cars of the van type body were also available. The smaller body enabled running through narrow lanes. The Datsun's original durability and good fuel efficiency were also highly appreciated."
Nissan,Datsun Sports,Datsun Sports (1952 : DC-3),NA,DC-3,DC-3,1952,Road,Road,"4-cyl. inline, SV",NA,NA,NA,NA,NA,NA,NA,750,2150,NA,NA,NA,https://www.nissan-global.com/EN/HERITAGE_COLLECTION/img/modelDetail/uploader/data/en/Web/1317185475489081135.jpg,https://www.nissan-global.com/EN/HERITAGE_COLLECTION/datsun_sports.html,"Datsun Sports (DC-3) was originally a concept car planned by Yutaka Katayama, built on the same chassis as Datsun Sedan DB-2 and Pickup 5147. It had a sporty open-top body that was specially designed by SukekazuOhta. It was unveiled in January 1952 in the Nissan's own exhibition and it got so much of favorable reviews. That made Nissan produce by 20 units of them and sell to the customers. This is Japan's first ""Sports Car"" with the name of ""Sports"", and also a monumental car that precedes Datsun Fairladyand current Z-car (""the FairladyZ"" in Japanese market)."
Nissan,Austin A40 Somerset Saloon,Austin A40 Somerset Saloon (1953 : B30),Austin 1953 1959,B30,B30,1953,Road,Road,"4-cyl. inline, OHV",NA,NA,NA,4500,NA,NA,109,1020,2350,NA,NA,NA,https://www.nissan-global.com/EN/HERITAGE_COLLECTION/img/modelDetail/uploader/data/en/Web/1317102923344093604.jpg,https://www.nissan-global.com/EN/HERITAGE_COLLECTION/austin_a40_somerset.html,"Production of passenger cars was restricted by GHQ after WW2, but GHQ lifted the ban in 1949. Nissan entered a technology partnership with Austin Motor Co. Ltd. of UK in 1952. Austin was chosen because it was skilled at developing smallsize cars and was predominant in the US market at that time. Job-1 car of ""A40 Somerset Saloon"" by Nissan came off the line at the Austin factory in Yokohama in April 1953, and the release exhibition was held on 8th May with Minister of International Trade and Industry and British Ambassador to Japan among guests. This car is the genuine car of No.1 off the line. The partnership between Nissan and Austin continued until 1959."
Nissan,Datsun Deluxe Sedan,Datsun Deluxe Sedan (1953 : DB-5),Datsun 1946,DB-5,DB-5,1953,Road,Road,"4-cyl. inline, SV",NA,NA,NA,NA,NA,NA,78,890,2150,NA,NA,NA,https://www.nissan-global.com/EN/HERITAGE_COLLECTION/img/modelDetail/uploader/data/en/Web/1317185133750007350.jpg,https://www.nissan-global.com/EN/HERITAGE_COLLECTION/datsun_deluxe_sedan.html,"This is Datsun Deluxe Sedan (DB) rolled out in March 1948 as a successor of Datsun Standard sedan (DA) that was the first passenger vehicle manufactured by Nissan after WWII. While Standard Sedan (DA) adopted linear body that was easy to manufacture on chassis of prewar design, Deluxe Sedan (DB) adopted an American styling body. The engine originally mounted on DB was 722cc type, the same as that of DA, but was changed to 860cc and 20ps type on DB-2 rolled out in September 1950 with reinforced chassis. The horsepower of DB-5 rolled out in February 1953 was improved up to 24ps."
Nissan,Datsun Pickup 6147,Datsun Pickup 6147 (1953 : 6147),Datsun Truck Van,6147,6147,1953,Road,Road,"4-cyl. inline, SV",NA,860,NA,4000,50,2400,NA,755,2150,3406,1398,1590,https://www.nissan-global.com/EN/HERITAGE_COLLECTION/img/modelDetail/370/high.jpg,https://www.nissan-global.com/EN/HERITAGE_COLLECTION/datsun_pickup_6147.html,"Datsun Pickup Truck was among the lineup of Datsun (10) manufactured by DAT Jidosha Seizo Co. in 1932. Datsun 14 was the first model that included in a brochure and the letter T for truck was added to model numbers after Datsun 15 in 1936. Datsun Truck was discontinued during WWII, but the production of the first postwar model 1121 based on prewar design was started as early as 1946. It continued over minor changes until the end of 1954, supporting the postwar reconstruction of Japan. This pickup is ""Datsun 6147"", the last one of revised prewar models, manufactured in 1953. The maximum load capacity was 600kg. Datsun Pickup was remodeled to Model 120 with the all-new design in 1955 and has been passed down until today."
Nissan,Prince Sedan,Prince Sedan (1954: AISH-2),Prince,AISH-2,AISH-2,1954,Road,Road,"4-cyl. inline, OHV",NA,1484,NA,4000,105,3200,110,1254,2460,NA,NA,NA,https://www.nissan-global.com/EN/HERITAGE_COLLECTION/img/modelDetail/014/high.jpg,https://www.nissan-global.com/EN/HERITAGE_COLLECTION/prince_sedan.html,"Nissan Motor Co., Ltd. merged with Prince Motors, Ltd., the former Tama Automobile, in 1966. Tama manufactured ""Prince Sedan"" with the engine by Fuji Precision Machinery Co., Ltd. It was rolled out in March, 1952. ""Prince"" was named after the ceremonial investiture of the Crown Prince of Akihito (His Imperial Majesty as of July 2018) and was used as the company name and the brand name. The equipped engine was called ""FG4A"". F is for Fuji Precision Machinery, G is for gasoline engine, 4 means four cylinders, and A means the first engine developed by Fuji. Prince Akihito became fond of this model at the 1st Tokyo Motor Show held at Hibiya Park in 1954 and purchased it later. This car is the very treasurable car that Prince Akihito actually drove by himself."
Nissan,Datsun Sedan A110,Datsun Sedan A110 (1955: A110),Datsun 1946,A110,A110,1955,Road,Road,"4-cyl.inline, SV",NA,860,25,4000,50,2400,NA,890,2220,3860,1466,1540,https://www.nissan-global.com/EN/HERITAGE_COLLECTION/img/modelDetail/240/high.jpg,https://www.nissan-global.com/EN/HERITAGE_COLLECTION/240_datsun_sedan_a110.html,"DATSUN Sedan 110/A110 was the first compact car that was designed by Nissan after WWII and rolled out in 1955. All the exterior panels were pressed into shapes and the body was made from metal without any wooden parts. The form by S. Sato, a founder of Nissan Design Division, was drastically modernized. It broke away from prewar models while the engine was D-10 (860cc, 4-cyl. inline, side-valve, 25ps) of the prewar design. The max. speed reached 79km/h via 4-speed MT. DATSUN Sedan 112 with harmonica-like front grille was released after a minor change in 1955 and won ""Mainichi Design Award"". DATSUN Sedan in 1950s, the predecessor of Bluebird series, was almost ""a common sight of the time"" in Japan."
Nissan,Datsun Sedan,Datsun Sedan (1956: 113),Datsun 1946,113,113,1956,Road,Road,"4-cyl. inline, SV",NA,NA,NA,NA,NA,NA,85,880,2220,NA,NA,NA,https://www.nissan-global.com/EN/HERITAGE_COLLECTION/img/modelDetail/015/high.jpg,https://www.nissan-global.com/EN/HERITAGE_COLLECTION/datsun_sedan.html,"Datsun Sedan (110) is a four-seater passenger car rolled out in January 1955. This is Nissan's first ""all-new"" car since the end of WWII. Equipped with the 860cc ""D-10"" engine (25ps) and 4-speed floor-shift transmission, its maximum speed reached 79km/h. Its modernized exterior was achieved by the all-pressed body panels. The minor facelift edition ""112"" had a harmonica-looking front grille and won the authoritative ""Mainichi Industrial Design Award"". This car is ""113"" whose transmission was changed from the floor-shift to the column-shift, but the characteristic harmonica-looking grille remained."
Nissan,Prince Skyline Deluxe,Prince Skyline Deluxe (1957: ALSID-1),Prince,ALSID-1,ALSID-1,1957,Road,Road,"4-cyl. inline, OHV",NA,NA,NA,4400,105,3200,125,1310,2535,4280,1675,1535,https://www.nissan-global.com/EN/HERITAGE_COLLECTION/img/modelDetail/016/high.jpg,https://www.nissan-global.com/EN/HERITAGE_COLLECTION/prince_skyline_deluxe.html,"Skyline, the one of the greatest cars in Japan, grew side-by-side with Japan's motorization and won a great number of glorious victories in the motor sports scene. Its first model was rolled out in April, 1957. It was developed as a successor of Prince Sedan and is categorized into the current premium cars. The big rollout at Tokyo Takarazuka Theater also became a hot topic. The body was decorated in an American style with chrome moldings at the side and the small tail fin. The mounted engine was ""GA30"" of inline 4-cylinder OHV 1484cc, and generated 60ps. The maximum speed reached 125km/h that was fastest among domestic cars. The Skyline generations are famous for innovative technologies, and this first generation is no exception - equipped with the first De Dion type axle and 2-speed windshield wipers. The first 4-lamp headlamps were applied at a minor change in February 1960 to improve driver's visibility at a high speed."
Nissan,Datsun 1000 Sedan,Datsun 1000 Sedan (1958 : 210),Datsun 1946,210,210,1958,Road,Road,"4-cyl. inline, OHV",NA,988,34,4400,65,2400,NA,925,2220,3860,1466,1535,https://www.nissan-global.com/EN/HERITAGE_COLLECTION/img/modelDetail/287/high.jpg,https://www.nissan-global.com/EN/HERITAGE_COLLECTION/datsun_1000_sedan_287.html,"Datsun 1000 Sedan 210 was the successor of Datsun Sedan 110 that was developed by Nissan with technologies gained through corporation with Austin Motor in UK. Compact styling was passed down from 110 but curved glass windows and chromium plated side molding/front grille were newly adopted. The output of newly developed engine ""C"" (4-cyl. in line OHV, 988cc) was 34ps and the max speed reached 95km/h. Two 210 sedans ""Fuji"" and ""Sakura"" participated in ""Mobilgas Trial (Round Australia)"" in 1958 when full-scale export to US was started. Fuji won and Sakura finished fourth in the under 1-liter class, which demonstrated Datsun's reliability and durability. 210 evolved into 211 with improved stability in 1958."
Nissan,"Datsun 1000 Sedan ""Fuji""","Datsun 1000 Sedan ""Fuji"" (1958 : 210)",Datsun 1946,210,210,1958,Competition,Competition,"4-cyl. inline, OHV",NA,NA,NA,4400,65,2400,95,925,2220,3860,1466,1535,https://www.nissan-global.com/EN/HERITAGE_COLLECTION/img/modelDetail/uploader/data/en/Web/1317184254590094239.jpg,https://www.nissan-global.com/EN/HERITAGE_COLLECTION/datsun_210_fuji.html,"The postwar Datsun Sedans, which evolved into the Datsun Bluebird series later in 1959, were direct successors of the prewar Datsun passenger car series. The 1957 Datsun 1000 Sedan 210 was the last all-new Datsun before the launch of Bluebird. It was equipped with a newly developed and Nissan's first OHV 1-liter engine in order to improve high-speed performance. The engineers were thinking of future export potential when they also added such features as curved glass for the windshield. In August-September 1958 at the Mobilgas Trial (Round Australia), a rally which ran 16,000km round Australian continent in 19 days, this car ""Fuji"" teamed up with another 210 ( ""Sakura"" ) and came first in Class A (25th overall). This enabled Datsun car appeal its excellence across the world."
Nissan,"Datsun 1000 Sedan ""Sakura""","Datsun 1000 Sedan ""Sakura""(1958 : 210)",Datsun 1946,210,210,1958,Competition,Competition,"4-cyl. inline, OHV",NA,NA,NA,4400,65,2400,95,925,2220,3860,1466,1535,https://www.nissan-global.com/EN/HERITAGE_COLLECTION/img/modelDetail/uploader/data/en/Web/1317183883208037121.jpg,https://www.nissan-global.com/EN/HERITAGE_COLLECTION/datsun_1000_sedan_sakura.html,"The postwar Datsun Sedans, which evolved into the Datsun Bluebird series later in 1959, were direct successors of the prewar Datsun passenger car series. The 1957 Datsun 1000 Sedan 210 was the last all-new Datsun before the launch of Bluebird. It was equipped with a newly developed and Nissan's first OHV 1-liter engine in order to improve high-speed performance. The engineers were thinking of future export potential when they also added such features as curved glass for the windshield. In August-September 1958 at the Mobilgas Trial (Round Australia), a rally which ran 16,000km round Australian continent in 19 days, this car ""Sakura"" teamed up with another 210 ( ""Fuji"" , the class winner) and came fourth in Class A. This enabled Datsun car appeal its excellence across the world."
Nissan,Datsun 1000 Sedan (U.S. spec),Datsun 1000 Sedan (U.S. spec) (1958 : L210),Datsun 1946,L210,L210,1958,Competition,Competition,"4-cyl. inline, OHV",NA,NA,NA,4400,NA,NA,NA,925,2220,NA,NA,NA,https://www.nissan-global.com/EN/HERITAGE_COLLECTION/img/modelDetail/uploader/data/en/Web/1317187037026090350.jpg,https://www.nissan-global.com/EN/HERITAGE_COLLECTION/datsun_1000_sedan_163.html,"Datsun 1000 Sedan and Pickup (210 and 220 respectively) were rolled out in November 1957. Cars were not what everybody could own at the time in Japan, but popularization of cars was getting widespread. The exhibition at Imported Car Show at L.A., USA in January 1958 and the class win of Datsun 1000 ""Fuji"" at Mobilgas Trial (Round Australia) in the same year triggered Nissan's full-scale export to North America. This Datsun 1000 in silver is a car with the steering wheel at the left side for North America and was donated by HOSHINO IMPUL Co., Ltd. The president is Kazuyoshi Hoshino, the former one-of-the-best race drivers. The successor of this Datsun 1000 was the first generation Datsun Bluebird (310). The silver paintwork is not original."
Nissan,Datsun Pickup,Datsun Pickup (1958 : 220),Datsun Truck Van,220,220,1958,Competition,Competition,"4-cyl. inline, OHV",NA,988,NA,4400,65,2400,90,620,2200,3742,1466,1625,https://www.nissan-global.com/EN/HERITAGE_COLLECTION/img/modelDetail/uploader/data/en/Web/1317190722503019131.jpg,https://www.nissan-global.com/EN/HERITAGE_COLLECTION/datsuntruck.html,"Commercial vehicle ""DATSUN Pickup"" has been on the market since Nissan was established and now it is known as ""NISSAN NP300 Navara"" in global market. The fourth generation 220 rolled out in 1957 shared engine and chassis with DATSUN 1000 sedan 210 released simultaneously. New engine ""C"" (988cc, 4-cyl. inline) was Nissan's first OHV engine. DATSUN 1000 sedan 210 won class championship at a rally in Australia in 1958, which proved high durability and high performance of"" C"". DATSUN Sedan 210 and Pickup 220 were exhibited at LA Auto Show in 1958 and export of both models started soon after the show. Thus, they were memorable models that opened the door to export to US."
Nissan,Austin A50 Cambridge Saloon,Austin A50 Cambridge Saloon (1959 : B131),Austin 1953 1959,B131,B131,1959,Road,Road,"4-cyl. inline, OHV",NA,NA,NA,4400,NA,NA,130,1085,2520,NA,NA,NA,https://www.nissan-global.com/EN/HERITAGE_COLLECTION/img/modelDetail/uploader/data/en/Web/1317102414666085081.jpg,https://www.nissan-global.com/EN/HERITAGE_COLLECTION/austin_a50_cambridge_red_whi.html,"GHQ lifted the ban on production of passenger cars in 1949. Since the restriction was a severe blow to the automobile industry, the Japanese government encouraged manufacturers to acquire production/facilities know-how through partnership with overseas manufacturers. Nissan entered a partnership with Austin Motor Co. Ltd. of UK in 1952, imported parts and started production. Although the number of domestic parts was small when production of ""A40"" started, it became more than 200 at the start of ""A50"" in 1955 and all the parts became made-in-Japan in 1956. A50 is a 1500cc luxury sedan with 4-cyl. OHV engine. This is the last car that came off that assembly line in 1959."
Nissan,Austin A50 Cambridge Saloon,Austin A50 Cambridge Saloon (1959 : B131),Austin 1953 1959,B131,B131,1959,Road,Road,"4-cyl. inline, OHV",NA,NA,NA,4400,NA,NA,130,1085,2520,NA,NA,NA,https://www.nissan-global.com/EN/HERITAGE_COLLECTION/img/modelDetail/uploader/data/en/Web/1317102001412035638.jpg,https://www.nissan-global.com/EN/HERITAGE_COLLECTION/austin_a50_navy_blue.html,"This is the actual vehicle used by Prince Takamatsu. Making use of the technologies obtained through collaboration with the Austin company, Nissan manufactured the A50 from December 1954. It was at first a 5-seater with a 50hp engine, but the later 1957 version (launched in July) was a 6-seater. In December 1958, the final version was launched with a 57hp engine (+7hp), offering improved comfort and better rear visibility."
Nissan,Datsun 1000 Sedan,Datsun 1000 Sedan (1959 : 211),Datsun 1946,211,211,1959,Competition,Competition,"4-cyl. inline, SV",NA,NA,NA,4400,NA,NA,95,925,2220,NA,NA,NA,https://www.nissan-global.com/EN/HERITAGE_COLLECTION/img/modelDetail/uploader/data/en/Web/1317183436673024364.jpg,https://www.nissan-global.com/EN/HERITAGE_COLLECTION/datsun_1000_Sedan.html,"Launched in October 1958, this model has a different styling to that of the 210, as can be seen in the design of the radiator grille, the shape of the signal lamps, and the larger surface area of the rear window. However, its main feature was greatly improved driving performance, the fruit of experience gained in the Australian rally and the American market. This car was the base for the later Bluebird (Datsun 310)."
Nissan,Datsun 1000 Sedan,Datsun 1000 Sedan (1959 : 211),Datsun 1946,211,211,1959,Competition,Competition,"4-cyl. inline, SV",NA,NA,NA,4400,NA,NA,95,925,2220,NA,NA,NA,https://www.nissan-global.com/EN/HERITAGE_COLLECTION/img/modelDetail/uploader/data/en/Web/1317187574012071092.jpg,https://www.nissan-global.com/EN/HERITAGE_COLLECTION/datsun_1000_sedan_020.html,"The 210, launched in November 1957, became the 211 after a minor change in October the following year. The main changes were in the radiator grille design, the shape of the signal lamps and the longer side moldings. Thanks to experience gained in the 1958 Australian rally (1st in class), it offered better road performance, improved stamina and greater reliability; it was even exported."
Nissan,Datsun Bluebird 1200 Standard,Datsun Bluebird 1200 Standard (1959 : P310),Bluebird,P310,P310,1959,Road,Road,"4-cyl. inline, OHV",NA,1189,NA,4800,82,2400,120,870,2280,3860,1496,1480,https://www.nissan-global.com/EN/HERITAGE_COLLECTION/img/modelDetail/uploader/data/en/Web/1317115252801071401.jpg,https://www.nissan-global.com/EN/HERITAGE_COLLECTION/datsun_bluebird_1200_standard.html,"The name ""Bluebird"" was born in August 1959. It was a passenger vehicle of the new generation. The first generation was model 310 which indicated that it replaced Datsun 1000 sedan (210 and 211). Its well-proportioned styling designed by Shozo Sato of Nissan got favorable reviews and it was given an endearing nickname after the shape of tail lamps. Mounted engines were 4-cyl. in line OHV of 1000cc-38ps (passed down from 1000 sedan) and 1200cc-43ps. Newly adopted front-wheel independent suspension realized much more comfortability. Body types were 4-door sedan and ""estate wagon"" that was added in July 1960. This is a sedan of the early days with 1200cc engine."
Nissan,Datsun Bluebird 1200 Deluxe,Datsun Bluebird 1200 Deluxe (1960 : P311),Bluebird,P311,P311,1960,Competition,Competition,"4-cyl. inline, OHV",NA,NA,NA,4800,86,3600,120,900,2280,NA,NA,NA,https://www.nissan-global.com/EN/HERITAGE_COLLECTION/img/modelDetail/uploader/data/en/Web/1317180537046067279.jpg,https://www.nissan-global.com/EN/HERITAGE_COLLECTION/datsun_bluebird_1200_dx_1960.html,"Datsun 1000 sedan (Models 210 and 211) developed its durability at Mobilgas Trial (Round Australia) in 1958, the first international rally that Nissan participated in. It was the first Nissan model that was exported to US. Datsun 310 was born in August 1959 as successor of Datsun 1000. 310 was the first ""Bluebird"" and now its long story began as a major brand of Nissan. This is the advanced model 311 rolled out in October 1960 with enhanced Type E1 engine (1189cc, 55ps) and full-synchronized transmission system. This is the car that was used for Driving All Around Japan event in 1960. Drawn on the body are emblems and autographs of governors of prefectures it visited."
Nissan,Prince Skyline Sports,Prince Skyline Sports (1960 : BLRA-3),Prince,BLRA-3,BLRA-3,1960,Road,Road,"4-cyl. inline, OHV",NA,NA,NA,4800,153,3600,150,1350,2535,NA,NA,NA,https://www.nissan-global.com/EN/HERITAGE_COLLECTION/img/searchbymodel/uploader/data/en/Web/1317114544563024535.jpg,https://www.nissan-global.com/EN/HERITAGE_COLLECTION/princeskylinesports.html,"Prince Skyline Sport, designed by an Italian famous car designer Giovanni Michelotti, made a debut at Torino Auto Show in 1960. It was the first domestic luxury sports coupe and was known as the first domestic car of the Italian design. Mounted 4-cyl. in line engine of 1900cc and chassis were those for Gloria. The car exhibited at Torino Motor Show was manufactured at a carrozzeria in Italy. This is the genuine show car. Rearview mirror (Olympic symbol was put on in tribute to Rome Olympic Games held in 1960) and emblems are slightly different from those of production model. Audiences were amazed when this blue coupe and the white convertible appeared at the show."
Nissan,Prince Skyway,Prince Skyway (1960 : ALVG-2),Prince,ALVG-2,ALVG-2,1960,Road,Road,"4-cyl. inline, OHV",NA,1484,NA,4800,113,3600,NA,1410,2535,4420,1680,1590,https://www.nissan-global.com/EN/HERITAGE_COLLECTION/img/modelDetail/023/high.jpg,https://www.nissan-global.com/EN/HERITAGE_COLLECTION/princeskyway.html,"Fuji Precision Machinery (later the Prince Motor Co., Ltd.) launched the Prince Skyline (ALSI series) in April 1957 as a successor of Prince Sedan series. A van model became also available from 1959, called the Skyway. It had quite similar mechanisms to the Skyline including 1.5-liter OHV engine of 70ps, a unique De-Dion rear suspension, etc."
Nissan,Cedric Custom,Cedric Custom (1961 : G30),Cedric Gloria,G30,G30,1961,Road,Road,"4-cyl. inline, OHV",NA,1883,NA,4800,153,3200,NA,1240,2630,4510,1680,1510,https://www.nissan-global.com/EN/HERITAGE_COLLECTION/img/modelDetail/027/high.jpg,https://www.nissan-global.com/EN/HERITAGE_COLLECTION/cedric_custom_1961.html,"Knockdown production of Austin A40 Somerset Saloon in 1952 was the start of the technology partnership between Nissan and Austin Motor in UK. Nissan developed the first generation Cedric (Model 30) with technologies acquired through the partnership. Cedric 1500cc, a full-sized sedan, made a debut as successor of Austin A40 and A50 in April 1960 prior to the expiration of the partnership in 1960. American-style body with vertically aligned 4-bulb headlights and wraparound windshield gained popularity. Custom with the 4-cyl. in line OHV engine (1883cc, 88ps) was rolled out in October 1960 and Deluxe in May 1961. This is Custom (Model G30) on which 1900cc engine was mounted."
Nissan,Datsun Bluebird 1200 Deluxe,Datsun Bluebird 1200 Deluxe (1961 : P311),Bluebird,P311,P311,1961,Road,Road,"4-cyl. inline, OHV",NA,NA,NA,4800,86,3600,120,900,2280,NA,NA,NA,https://www.nissan-global.com/EN/HERITAGE_COLLECTION/img/modelDetail/uploader/data/en/Web/1317180391933012973.jpg,https://www.nissan-global.com/EN/HERITAGE_COLLECTION/datsun_bluebird_1200_dx_black.html,"Carrying on from the Datsun 210, the 310 appeared in August 1959. Starting with this model, the brand name ""Bluebird"" was used. At launch, it was a 4-passenger vehicle, but two months later the rear seat was enlarged to allow the car to carry 5 people. The 311 had a maximum speed of 110km/h for the 1,000cc, 120km/h for the 1,200cc. No other compact car could match the top speed of the Bluebird at that time."
Nissan,Datsun Bluebird 1200 Deluxe,Datsun Bluebird 1200 Deluxe (1961 : P311),Bluebird,P311,P311,1961,Competition,Competition,"4-cyl. inline, OHV",NA,NA,NA,4800,86,3600,120,900,2280,NA,NA,NA,https://www.nissan-global.com/EN/HERITAGE_COLLECTION/img/modelDetail/uploader/data/en/Web/1317179600242039970.jpg,https://www.nissan-global.com/EN/HERITAGE_COLLECTION/datsun_bluebird_1200_dx_blue.html,"Datsun 1000 sedan (Models 210 and 211) developed its durability at Mobilgas Trial (Round Australia) in 1958, the first international rally that Nissan participated in. It was the first Nissan model that was exported to US. Datsun 310 was born in August 1959 as successor of Datsun 1000. 310 was the first ""Bluebird"" and now its long story began as a major brand of Nissan. This is the advanced model 311 rolled out in October 1960 with enhanced Type E1 engine (1189cc, 55ps) and full-synchronized transmission system."
Nissan,Datsun Fairlady,Datsun Fairlady (1961: SPL213),Fairlady,SPL213,SPL213,1961,Road,Road,"4-cyl. inline, OHV",NA,1186,55,4800,NA,3600,NA,890,2220,4025,1475,1380,https://www.nissan-global.com/EN/HERITAGE_COLLECTION/img/modelDetail/274/high.jpg,https://www.nissan-global.com/EN/HERITAGE_COLLECTION/274_datsun_fairlady.html,A full-scale export of Datsun FairladySPL212 to North America started in January 1960 and it gained recognition as a small-sized sport car. It underwent minor change into SPL213 in October and the maximum power increased from 48ps to 55ps. The production volume of SPL212/213 series was around 500 in total. The letter “L” stood for “left-hand drive” which meant it was the export edition. This car is SPL213 in red and white with a curvy lace on the body side.
Nissan,Nissan Junior Fire Engine,Nissan Junior Fire Engine,Cablight Junior,NA,NA,1961,Road,Road,NA,NA,NA,NA,NA,NA,NA,NA,NA,NA,NA,NA,NA,https://www.nissan-global.com/EN/HERITAGE_COLLECTION/img/thumbs/361_nissan_jr_fire_engine.jpg,https://www.nissan-global.com/EN/HERITAGE_COLLECTION/cablight_junior.html#no-361,NA
Nissan,Datsun Bluebird 1200 Deluxe,Datsun Bluebird 1200 Deluxe (1962 : P312),Bluebird,P312,P312,1962,Road,Road,"4-cyl. inline, OHV",NA,1189,NA,NA,86,3600,120,900,2280,3915,1496,1470,https://www.nissan-global.com/EN/HERITAGE_COLLECTION/img/modelDetail/uploader/data/en/Web/1317273158242001610.jpg,https://www.nissan-global.com/EN/HERITAGE_COLLECTION/datsun_bluebird_1200dx_1962.html,"The first generation Datsun Bluebird (Model 310) was released in 1959. Its accumulated production reached 20,000 and the export to US started in 1960. It evolved into Model 311 with full-synchronized transmission in October 1960 and into Model 312 with refined interior/exterior in 1961. This is the genuine ""Flower Car"" whose mission was to bring seeds of prefectural flowers to ""Kodomo-no-kuni"" to be constructed in commemoration of the royal wedding in 1959. This event was organized by The Asahi Shimbun Company and all the prefectures in 1963. Bluebird was chosen because of its overall high performance and durability. Drawn on the body were prefectural flowers and autographs of governors."
Nissan,Datsun Bluebird 1200 Deluxe,Datsun Bluebird 1200 Deluxe,Bluebird,NA,NA,1962,Road,Road,NA,NA,NA,NA,NA,NA,NA,NA,NA,NA,NA,NA,NA,https://www.nissan-global.com/EN/HERITAGE_COLLECTION/img/thumbs/313_datsun_bluebird_1200_dx.jpg,https://www.nissan-global.com/EN/HERITAGE_COLLECTION/bluebird.html#no-313,NA
Nissan,Datsun Bluebird 1200 Fancy Deluxe,Datsun Bluebird 1200 Fancy Deluxe (1963: DP312),Bluebird,DP312,DP312,1963,Road,Road,"4-cyl. inline, OHV",NA,1189,55,4800,NA,3600,NA,NA,2280,3915,1496,1470,https://www.nissan-global.com/EN/HERITAGE_COLLECTION/img/modelDetail/158/high.jpg,https://www.nissan-global.com/EN/HERITAGE_COLLECTION/158_datsun_bluebird_1200_fancy_dx.html,"The first generation Datsun Bluebird 310 made a debut in August 1959, with the copy “Bluebird that brings happiness.” It underwent minor change to 311 in October 1960. And in February 1961, the special model “Fancy Deluxe” was added for female owner-drivers. Exclusive equipment included the body in pale yellow color tones and in damask rose color tones and matching wheels, a cosmetics container placed in the sun visor, the flasher switch with a music box, the interior color that matched the exterior color, the seat adjuster with wider range of motion, the longer accelerator for high heels, a pole attached under the ceiling on rear seat for hanging clothes, an umbrella stand on the side of front seat, a shoe rack under the dashboard, and a small vase. This car is a Fancy Deluxe manufactured in 1963 and keeps almost all the exclusive equipment."
Nissan,Datsun Fairlady 1500,Datsun Fairlady 1500 (1963 : SP310),Fairlady,SP310,SP310,1963,Competition,Competition,"4-cyl. inline, OHV",NA,1488,NA,5600,118,4000,NA,870,2280,NA,NA,NA,https://www.nissan-global.com/EN/HERITAGE_COLLECTION/img/modelDetail/030/high.jpg,https://www.nissan-global.com/EN/HERITAGE_COLLECTION/datsun_fairlady_1500.html,"The history of Japan's modern motor sports began with the 1st Japan GP Race (1963, Suzuka) and this machine was the winner of the B-II race. The driver was G. Tahara, who later became Sports Car Club of Nissan Chairman. Although the car was based on the Datsun 310 chassis (first-generation Bluebird) with the Cedric's engine, its fame spread as an authentic sports car."
Nissan,Nissan Caball 1900,Nissan Caball 1900 (1963: C141),NA,C141,C141,1963,Road,Road,4-cyl. inline OHV,NA,1883,85,4800,149,3200,NA,1520,2390,4610,1675,1990,https://www.nissan-global.com/EN/HERITAGE_COLLECTION/img/modelDetail/449/high.jpg,https://www.nissan-global.com/EN/HERITAGE_COLLECTION/nissan_caball_1900.html,"Nissan Junior Caball C40 was released in 1957 when trucks of cab-over type were not common. The horsepower of the original engine (1500cc) was increased from 50ps to 57ps and the model became C42 in 1958. C43 for 3 passengers was rolled out in 1959, followed by C140 with the horsepower of 71ps released in 1960. C141 was released with the engine of 1900cc and 85ps in 1962. Various improvements such as a face-lift around headlamps were made one after another. It got favorable reviews because of comfortable ride realized by the stabilizer of the torsion bar type and the minimum turning radius of 5.3m. This is C141 in the agreeable 2-tone color, manufactured in1963."
Nissan,Prince Skyline Sport Coupe,Prince Skyline Sport Coupe (1963: BLRA-3),Prince,BLRA-3,BLRA-3,1963,Road,Road,"4-cyl. inline, OHV",NA,1189,55,4800,NA,3600,NA,NA,2280,3915,1496,1470,https://www.nissan-global.com/EN/HERITAGE_COLLECTION/img/modelDetail/302/high.jpg,https://www.nissan-global.com/EN/HERITAGE_COLLECTION/302_prince_skyline_sport.html,"It was a famous car designer Giovanni Michelotti that designed Prince Skyline Sport which was rolled out at Torino Motor Show in Italy in 1960 and released in Japan in April 1962. Manufacturing method was unheard-of; artisans were invited from Italy and body was made by hand work that was handed down from them. Mechanisms such as engine (4-cyl.in line OHV, 1900cc, 94ps) were shared with those of Prince Gloria 1900. Since sticker prices were so high (1,850,000yen for coupe and 1,950,000yen for convertible at the time which is over 20,000,000yen now) that only a few people could afford it. The number of production units was only about 60."
Nissan,Cedric Custom,Cedric Custom (1964 : H31),Cedric Gloria,H31,H31,1964,Road,Road,"4-cyl. inline, OHV",NA,1883,NA,4800,153,3200,NA,1260,2690,4650,1690,1505,https://www.nissan-global.com/EN/HERITAGE_COLLECTION/img/modelDetail/uploader/data/en/Web/1317101087871001985.jpg,https://www.nissan-global.com/EN/HERITAGE_COLLECTION/cedric_custom_1964.html,"The 31 Cedric has its 4 headlights arranged horizontally, unlike the first-generation with its vertical arrangement. This design lowers the body and creates an impression of greater stability. It was launched in November 1962. The Cedric Custom used an 88PS H engine and the wheelbase was lengthened by 60mm to 2,690mm, it was the longest wheelbase among domestic medium-sized cars. The spacious, comfortable interior was yet further improved."
Nissan,Cedric Special,Cedric Special (1964 : 50),Cedric Gloria,50,50,1964,Road,Road,"6-cyl. inline, OHV",NA,2825,NA,4400,206,2400,NA,1400,2835,4855,1690,1495,https://www.nissan-global.com/EN/HERITAGE_COLLECTION/img/modelDetail/035/high.jpg,https://www.nissan-global.com/EN/HERITAGE_COLLECTION/cedric_special.html,"Japan was in the period of rapid economic growth in 1960s. Motorization gradually proceeded, although buying a car was still one of people’s dreams. The Nissan Cedric debuted as a new luxury sedan in 1960. “Cedric Special” was the first full-sized domestic passenger car rolled out in 1963. Its engine was Inline 6-cylinder OHV type with the displacement of 2,825cc (Type K) and the horsepower of 115ps. The wheelbase size of 2,835mm that promised the large room space was almost as long as that of Mercedes Benz 220S in those days. After 1965, this segment was taken over by the Nissan President (150). This car carried the Olympic torch in Tokyo Olympic Games in 1964."
Nissan,Datsun Baby,Datsun Baby (1964: AF8N),Datsun 1946,AF8N,AF8N,1964,Road,Road,"2-cycle single cylinder, forced air cooling",NA,199,8,5000,13,3200,NA,430,1670,2960,1420,1245,https://www.nissan-global.com/EN/HERITAGE_COLLECTION/img/modelDetail/452/high.jpg,https://www.nissan-global.com/EN/HERITAGE_COLLECTION/datsun_baby.html,"Datsun Baby was an ""automobile for children"" in a Kodomonokuni park, inaugurated in 1965 in Yokohama city. Nissan designed Datsun Baby based on ""Cony Guppy"" of Aichi Machine Industry, manufactured 100 units mostly by hand work, and donated them to provide children with knowledge about automobiles and promote road safety. Despite a children's car, it was a real automobile with highly technological structures such as a gasoline engine at midship, torque converter AT with 2 pedals and 4-wheel independent suspension. It was also equipped with the speed limiter that cut off the engine at 30km/h. This car is No.100 that was restored by Nissan Restoration Club in 2014 to celebrate the 50th anniversary of the park."
Nissan,Datsun Bluebird 1200 Deluxe,Datsun Bluebird 1200 Deluxe (1964 : DP410),Bluebird,DP410,DP410,1964,Road,Road,"4-cyl. inline, OHV",NA,1189,NA,4800,86,3600,NA,915,2380,3995,1490,1440,https://www.nissan-global.com/EN/HERITAGE_COLLECTION/img/modelDetail/170/high.jpg,https://www.nissan-global.com/EN/HERITAGE_COLLECTION/datsun_bluebird_1200_dx_White.html,"Datsun Bluebird was fully remodeled to the second generation 410 in September 1963, when the number of automobiles in Japan exceeded a million. This model was designed by famous Italian carrozzeriaPininfarinaS.p.A. in a European style with a flat hood. Monocoquebody structure was adopted to satisfy both the weight reduction and the stiffness. This generation had originally 2 engine types of 1-liter and 1.2-liter (max. power 45ps and 55ps respectively), but “1200SS” (Sports Sedan), “1300SS” and “1600SSS” (Super Sports Sedan) were added in later years. This car is “1200 Deluxe” of the early 410."
Nissan,Datsun Pickup 1200 Deluxe,Datsun Pickup 1200 Deluxe (1964 : 320),Datsun Truck Van,320,320,1964,Road,Road,"4-cyl. inline, OHV",NA,1189,NA,4800,86,3600,NA,955,2470,4125,1515,1610,https://www.nissan-global.com/EN/HERITAGE_COLLECTION/img/modelDetail/uploader/data/en/Web/1317197654830080461.jpg,https://www.nissan-global.com/EN/HERITAGE_COLLECTION/datsuntruck1200deluxe.html,"The Datsun Pickup helped to provide logistic support for the post-war economic growth of Japan. The 320, released in August 1961, was noted for its Bluebird-like front mask and spacious interior. It featured a 1,200cc engine and independent (torsion bar) front-wheel suspension, improving performance and comfort. A long body was also introduced. Following a full change in May 1965, it became the 520."
Nissan,Prince Gloria Super 6,Prince Gloria Super 6 (1964: S41D),Prince,S41D,S41D,1964,Competition,Competition,"6-cyl. inline, OHC",NA,1988,NA,6800,165,4400,NA,1320,2680,4650,1695,1480,https://www.nissan-global.com/EN/HERITAGE_COLLECTION/img/modelDetail/031/high.jpg,https://www.nissan-global.com/EN/HERITAGE_COLLECTION/prince_gloria_super_6.html,"The first generation Prince Gloria BLSI, a luxury passenger car that made a debut in 1959, shared the body with Skyline ALSI. Gloria was remodeled to the second generation S40 with the modern flat deck style in 1962. ""Super 6"" was added in 1963 on which 6-cyl. inline SOHC engine ""G7"" was mounted, which was the first case in 2-liter cars. 1988cc G7 was the first engine in Japan that broke through 100ps, generating 105ps. This high-powered engine enabled Gloria to be active in the motor sports. At the 2nd Japan Grand Prix ""T-VI Race"" in 1964, No.39 steered by H. Oishi won the championship and No.38 steered by Y. Sugita finished 2nd. This is the championship spec car."
Nissan,Prince Skyline GT,Prince Skyline GT (1964 : S54),Prince,S54,S54,1964,Competition,Competition,6-cyl. inline OHC with triple carb.,NA,NA,150,6800,176,4800,NA,980,2590,4255,1495,1415,https://www.nissan-global.com/EN/HERITAGE_COLLECTION/img/modelDetail/034/high.jpg,https://www.nissan-global.com/EN/HERITAGE_COLLECTION/princeskyline2000gt.html,"“Skyline GT (S54A-1)” is a special machine that Prince Motors, Ltd. produced to win the 2nd Japan Grand Prix “GT-II Race” on May 3rd, 1964. It was manufactured by extending the wheelbase of Skyline 1500 (S50) by 200mm to mount the 6-cylinder “G7” engine originally for Gloria and was rolled out on May 1st to get entry qualifications. Actual race cars were equipped with “sports options” including Weber triple carburetors, the 5-speed close-ratio transmission, the non-slip differential, etc. Although the winner was Porsche 904 (Carrera GTS), Skyline GTs ranked 2nd to 6th and impressed their high performance. After the race, “2000GT (S54B-2)” of 125ps was officially rolled out as catalog model in February 1965 to respond to the request from customers. This car was fully restored by “Nissan Restoration Club” for the 50th anniversary of SuzukaCircuit in 2012. The specifications are the same as those of the race car No.39, driven by Yoshikazu Sunako, that won second place."
Nissan,Datsun Bluebird 1200 Deluxe,Datsun Bluebird 1200 Deluxe (1965 : P410),Bluebird,P410,P410,1965,Road,Road,"4-cyl. inline, OHV",NA,1189,NA,4800,86,3600,NA,915,2380,3995,1490,1440,https://www.nissan-global.com/EN/HERITAGE_COLLECTION/img/modelDetail/uploader/data/en/Web/1317171616208065816.jpg,https://www.nissan-global.com/EN/HERITAGE_COLLECTION/datsun_bluebird_1200_dx_navy.html,"The second-generation Bluebird, the 410 (1200/1000), was launched in September 1963; its lightweight yet highly rigid monocoque body and European styling are distinctive. In October 1964, the radiator grille was made finer, and the bumper overrider was changed to a thinner design. It became the 411 in May 1965 when the engine was upgraded to 1,300cc (Type J)."
Nissan,Datsun Fairlady 1500,Datsun Fairlady 1500 (1965: SP310),Fairlady,SP310,SP310,1965,Road,Road,"4-cyl. Inline OHV, SU twin carb.",NA,1488,NA,5600,118,4000,NA,910,2280,3910,1495,1305,https://www.nissan-global.com/EN/HERITAGE_COLLECTION/img/modelDetail/032/high.jpg,https://www.nissan-global.com/EN/HERITAGE_COLLECTION/Datsun_Fairlady1500_032.html,"Datsun Fairlady 1500 (SP310) that stole the show at the 8th Tokyo Motor Show in 1961 was released in 1962 as the first full-fledged sports car. 1500cc engine for the first generation Cedric 30 was mounted on chassis for the first generation Datsun Bluebird 310 and the styling resembled UK-made sports cars such as MG and Triumph at that time. The early spec of ""G"" engine of 1488cc OHV were the max. horsepower of 71ps and the max. torque of 11.5kgf-m. The output was improved to 80ps in 1963 by adopting SU twin carburetors for export version. This car is a 1965 model year car and was restored in 2018 to nearly its standard conditions including frames and body."
Nissan,Datsun Light Van 1200 Deluxe,Datsun Light Van 1200 Deluxe (1965 : V320),Datsun Truck Van,V320,V320,1965,Road,Road,"4-cyl. inline, OHV",NA,1189,NA,4800,65,3600,110,1020,2470,4145,1497,1545,https://www.nissan-global.com/EN/HERITAGE_COLLECTION/img/modelDetail/uploader/data/en/Web/1317195756581060015.jpg,https://www.nissan-global.com/EN/HERITAGE_COLLECTION/datsunlightvan1200deluxe.html,"The new commercial vehicle Datsun 320 was released in 1961. The lineup was truck with single carburetor and twin carburetors, and 2-door van. The chassis of the first generation Bluebird 310 released in 1959 was reinforced and adopted for this model. The styling of front section was similar to that of Bluebird and performance was equivalent to that of passenger vehicles. Interior and cargo space was much larger than that of models 220 to 223. Mounted engine was 4-cyl. OHV, 1200cc and 55ps. Controllability and comfortability were improved because front-wheel independent suspension was adopted like Bluebird, which elevated the popularity of Datsun commercial vehicles."
Nissan,Prince Skyline 1500 Deluxe,Prince Skyline 1500 Deluxe (1965 : S50),Skyline,S50,S50,1965,Road,Road,"4-cyl. inline, OHV",NA,NA,NA,4800,113,3600,135,960,2390,4100,1495,1435,https://www.nissan-global.com/EN/HERITAGE_COLLECTION/img/modelDetail/142/high.jpg,https://www.nissan-global.com/EN/HERITAGE_COLLECTION/prince_skykine_1500.html,"Skyline is one of the best cars in Japan that originated from Prince Motors and was taken over by Nissan. The second generation Skyline S50 was released by Prince in 1963. The first generation, a full-size sedan, was utterly changed to a small-size family sedan. Advanced monocoque body was adopted and maintenance was unnecessary for several years. ""Sealed engine"" (1500cc, 4-cyl. in line, OHV, 70ps) guaranteed no maintenance up to 40,000km or for 2 years. Chassis didn't need periodic lubrication. Other equipment included the world's first ""non-reflective meters"" and layout with a low center of gravity pursuant to human-centric ideas that have been passed down in Skyline."
Nissan,Prince Skyline 2000GT,Prince Skyline 2000GT (1965: S54B-2),Skyline,S54B-2,S54B-2,1965,Road,Road,6-cyl. inline OHC with triple carb.,NA,1988,125,5600,167,4400,NA,1070,2590,4255,1495,1410,https://www.nissan-global.com/EN/HERITAGE_COLLECTION/img/modelDetail/291/high.jpg,https://www.nissan-global.com/EN/HERITAGE_COLLECTION/prince_skyline_2000gt.html,"Prince Skyline 2000GT (S54B-2) rolled out in February 1965 was a more sophisticated grand touring car; in other words, the evolved Skyline GT (S54A-1) that had been rolled out in March of the previous year. With the power of 125ps, the maximum speed reached 180km/h, which made it one of the fastest domestic sport sedans. In order to support the high engine output, the chassis was strengthened and front disc brakes were installed along with front & rear stabilizers. The combination of chic appearance and advanced technologies was phrased in the catalog as ""a wolf in sheep's skin."""
Nissan,Cedric Custom 6,Cedric Custom 6 (1966: P130),Cedric Gloria,P130,P130,1966,Competition,Competition,"6-cyl. inline, OHV",NA,1973,100,5200,152,3600,NA,1280,2690,4680,1690,1455,https://www.nissan-global.com/EN/HERITAGE_COLLECTION/img/modelDetail/364/high.jpg,https://www.nissan-global.com/EN/HERITAGE_COLLECTION/cedric_custom_6_1966.html,"Nissan Cedric 130, remodeled 5 years after the first generation, restyled its body from American styling to elegant Italian styling and rolled out in 1965. Initially, three types of 2-liter engines were available: ""H20"" of 4-cyl. OHV, ""J20"" of 6-cyl. OHV and the newly-developed ""L20"" of 6-cyl. OHC. The Cedric 130 participated in East-African Safari Rally in 1967 and 1968, which was a rare case for luxury sedans, and finished the competition successfully. This car is the earliest Cedric ""Custom 6"" with J20 6-cyl. OHV engine."
Nissan,Cedric Special 6,Cedric Special 6 (1966 : H130),Cedric Gloria,H130,H130,1966,Road,Road,"6-cyl. inline, OHC",NA,1998,NA,5200,157,3600,NA,1290,2690,4680,1690,1455,https://www.nissan-global.com/EN/HERITAGE_COLLECTION/img/modelDetail/uploader/data/en/Web/1317096974809090990.jpg,https://www.nissan-global.com/EN/HERITAGE_COLLECTION/cedric_special_6_1965.html,"Cedric was one of the most famous high-end cars in Japan for a long time. The second generation Cedric 130 was rolled out in 1965. The styling was changed from American to European. The elegant form, called ""Flowing line"", designed by Italian carrozzeria Pininfarina was admired. It was the time when highway networks were rapidly constructed in Japan. Traveling performance in high speed, quietness and safety were greatly improved for the motorization in the future. The new ""L20"" engine (6-cyl. in line, SOHC, 1998cc, twin carburetors, 105ps) was first mounted on this model. This car is equipped with characteristic big rectangle tail lamps added at minor change in 1966."
Nissan,Cedric Wagon 6,Cedric Wagon 6 (1966: WP130),Cedric Gloria,WP130,WP130,1966,Competition,Competition,"6-cyl. inline, OHV",NA,1973,100,5200,152,3600,NA,1355,2690,4690,1690,1470,https://www.nissan-global.com/EN/HERITAGE_COLLECTION/img/modelDetail/365/high.jpg,https://www.nissan-global.com/EN/HERITAGE_COLLECTION/cedric_wagon_6.html,"The second generation Cedric 130 made a debut in 1965, five years after the release of the first generation. It adopted the flowing and elegant Italian design. Cedric wagons were also remodeled; ""Wagon"" with H20 engine of 4-cyl. OHV and ""Wagon 6"" with J20 engine of 6-cyl. OHV. Cedric Wagon was the only domestic station wagon for 8 passengers with the largest luggage room in the class and the seats that can be arranged for 6 or 3 passengers. This car is ""Wagon 6"" of column shift M/T of the earliest model. Cedric 130 ran and finished at East African Safari Rally in 1967 and '68, which was an unusual and surprising record for luxury car in Nissan's motor sports history."
Nissan,Datsun 1300 Van,Datsun 1300 Van (1966 : V520),Datsun Truck Van,V520,V520,1966,Road,Road,"4-cyl. inline, OHV",NA,1299,62,5000,98,2800,NA,1070,2530,4300,1570,1525,https://www.nissan-global.com/EN/HERITAGE_COLLECTION/img/modelDetail/uploader/data/en/Web/datsun_1300_van.jpg,https://www.nissan-global.com/EN/HERITAGE_COLLECTION/datsun_1300_van.html,"DATSUN Vans have supported daily life of Japanese by transporting various goods from Nissan's early days. Van 520 was rolled out in 1965. Mounted engine was J (1300cc, the max. output 62ps, the max. torque 10kgm). The max. speed leaped to 120km/h, which made long-distance, high-speed driving easier. 55mm increase in width resulted in the seating capacity of 3 and more comfortableness. The body resembled Bluebird 410 from the beginning. Headlamps became 4-bulb type lamps in 1966 and the appearance looked more alike. The fourspeed manual transmission was fully synchronized, and the lineup became ""Deluxe"" and ""Standard"". This is ""Deluxe"" after a minor change."
Nissan,Datsun Bluebird 1300SS,Datsun Bluebird 1300SS (1966 : DP411),Bluebird,DP411,DP411,1966,Competition,Competition,"4-cyl. inline, OHV with SU Twin-carb.",NA,1299,NA,6000,100,3600,NA,920,2380,4000,1490,1435,https://www.nissan-global.com/EN/HERITAGE_COLLECTION/img/modelDetail/040/high.jpg,https://www.nissan-global.com/EN/HERITAGE_COLLECTION/datsun_bluebird_1300ss_white.html,"The second generation Datsun Bluebird (410) was rolled out in September 1963 and a sports model of 1200SS (sports sedan) was added in March 1964. 1200SS is the origin of the sports models such as “SS” and “SSS” that were the bywords of Bluebird. Its engine, 1.2-liter “E” with the twin carburetor, generated 65ps. It underwent minor change to 411 in May 1965 to evolve to “1300SS” with the “J” engine of 72ps and the maximum speed of 150 m/h. 1300SS contributed to improving the image of Nissan sports cars by winning rallies such as the class win in the 14thEast-African Safari Rally in 1966."
Nissan,Datsun Bluebird 1300SS,Datsun Bluebird 1300SS (1966 : DP411),Bluebird,DP411,DP411,1966,Competition,Competition,"4-cyl. inline, OHV with SU Twin-carb.",NA,1299,NA,6400,NA,NA,NA,900,2380,4000,1490,1470,https://www.nissan-global.com/EN/HERITAGE_COLLECTION/img/modelDetail/uploader/data/en/Web/1317178574603096043.jpg,https://www.nissan-global.com/EN/HERITAGE_COLLECTION/datsun_bluebird_1300ss_red.html,"The second generation Datsun Bluebird (410) was rolled out in September 1963 and a sports model of 1200SS (sports sedan)was added in March 1964. 1200SS is the origin of the sports models such as “SS” and “SSS” that were the bywords of Bluebird. Its engine, 1.2-liter “E” with the twin carburetor, generated 65ps. It underwent minor change to 411 in May 1965 to evolve to “1300SS” with the “J” engine of 72ps and the maximum speed of 150 m/h. 1300SS contributed to improving the image of Nissan sports cars by winning rallies such as the class win in the 14th East-African Safari Rally in 1966. This car is the actual class winner machine of the rally which was so grueling that 90% of the entrants did not finish. This story of Datsun Team later became the original of the movie film “Safari 5000” (1969), starring Yujiro Ishihara."
Nissan,Datsun Bluebird 2-door Sedan 1300DX,Datsun Bluebird 2-door Sedan 1300DX (1966 : P411),Bluebird,P411,P411,1966,Road,Road,"4-cyl. inline, OHV",NA,1299,62,5000,98,2800,NA,910,2380,4000,1490,1440,https://www.nissan-global.com/EN/HERITAGE_COLLECTION/img/modelDetail/261/high.jpg,https://www.nissan-global.com/EN/HERITAGE_COLLECTION/datsun_bluebird_1300dx.html,"The first generation DATSUN Bluebird evolved into the second generation 410 in 1963. The European form with advanced flat bonnet was designed based on the draft of a carrozzeria Pininfarina in Italy. Following ""Cedric"", Bluebird was the second model in Nissan that adopted monocoque body structure to realize both weight reduction and high stiffness. Engine variations were 1000cc and 1200cc in early days, but 1200SS (sports sedan), 1300SS, and 1600SSS (super sports sedan) were added later and people gradually came to think Bluebird as sports sedan. This car is 1300DX 2-door sedan rolled out after the big minor change in 1966 when rear character lines were changed."
Nissan,Datsun Cablight 1150,Datsun Cablight 1150 (1966 : A221),Cablight Junior,A221,A221,1966,Road,Road,"4-cyl. inline, OHV",NA,1138,NA,5000,83,2800,NA,970,2220,3840,1608,1735,https://www.nissan-global.com/EN/HERITAGE_COLLECTION/img/modelDetail/uploader/data/en/Web/1317089975817079436.jpg,https://www.nissan-global.com/EN/HERITAGE_COLLECTION/datsun_cablight_1150.html,"The first-generation Cablight, the A20, was launched in 1958. In 1968, following a third model change, it was reintroduced as the Cabstar (A320). In the intervening ten years, the A20 was widely used along with the Datsun Truck as a very capable yet compact vehicle for commercial goods transport. The second-generation A220 was launched in March 1964, followed by the A221 with its D11 engine in April 1966."
Nissan,Datsun Sunny 1000 Deluxe,Datsun Sunny 1000 Deluxe (1966: B10),Sunny,B10,B10,1966,Road,Road,"4-cyl. inline, OHV",NA,988,NA,6000,76,3600,135,645,2280,3820,1445,1345,https://www.nissan-global.com/EN/HERITAGE_COLLECTION/img/modelDetail/043/high.jpg,https://www.nissan-global.com/EN/HERITAGE_COLLECTION/datsun_sunny_deluxe.html,"Datsun Sunny 1000 B10 that played a significant role in starting the age of private cars and motorization in Japan was released in 1966. Nissan ran the campaign prior to release for the name of a new car. ""Sunny"" was selected from 8.5 million entries. The strategic sticker price with the average income of salaried workers in mind was successful and sold 30 thousand cars within 5 months after release. Newly developed Type A engine (988cc, OHV, 56ps) promised the delightful driving. Although the body size was smaller than that of today's compact cars, the interior space was large enough to meet a need of families of younger generation. 4-door models and coupes were added later."
Nissan,Nissan Silvia,Nissan Silvia (1966: CSP311),Silvia Gazelle,CSP311,CSP311,1966,Road,Road,"4-cyl. inline, OHV with SU Twin-carb.",NA,1595,NA,6000,132,4000,NA,980,2280,3985,1510,1275,https://www.nissan-global.com/EN/HERITAGE_COLLECTION/img/modelDetail/369/high.jpg,https://www.nissan-global.com/EN/HERITAGE_COLLECTION/369_silvia.html,"The first generation Silvia CSP311 was rolled out as ""Datsun Coupe 1500"" at Tokyo Motor Show in 1964 and was released in 1965 as a Nissan car with the name Silvia, a goddess in Greek mythology. The exterior and interior were designed by Nissan internal designers (K. Kimura & F. Yoshida) with advice from then-consultant A. Goertz. The jewel-like styling was one of the features. As few as approximately 550 units were built for 4 years because nearly seamless bodywork and elegant interior on chassis for Datsun Fairlady 1600 SP311 were semi-handmade. It was known as the pioneer of sports coupe and the first highway police car in Japan."
Nissan,Prince R380A-I,Prince R380A-I (1966 : R380),Prince,R380,R380,1966,Competition,Competition,6-cyl. inline 4-valve DOHC,NA,NA,NA,8400,172,6400,NA,620,2360,3930,1580,1035,https://www.nissan-global.com/EN/HERITAGE_COLLECTION/img/modelDetail/045/high.jpg,https://www.nissan-global.com/EN/HERITAGE_COLLECTION/prince_r380_i.html,"This is the first prototype race car in postwar Japan that was developed by Prince Motors, Ltd. to beat Porsche, the champion of the 2nd Japan Grand Prix in 1964. The chief engineer was Shin-ichiroSakurai (1929 -2011) who was famous for engineering Skyline generations. Original aluminum body was mounted on the similar chassis to BrabhamBT8, and the GR8 engine of 4-valve DOHC newly designed based on the G7, OHC was mounted in the middle. This car is the actual car No.11 driven by Yoshikazu Sunakothat won its first race of the 3rd Japan GP at Fuji Speedway in 1966. This means Prince Motors won the last race before merging with Nissan Motor. This car was fully restored by NISMO in 2013 and repainted in the same red as 1966 later in 2018."
Nissan,Silvia,Silvia (1966 : CSP311),Silvia Gazelle,CSP311,CSP311,1966,Road,Road,"4-cyl. inline, OHV with SU Twin-carb.",NA,1595,NA,6000,132,4000,NA,980,2280,3985,1510,1275,https://www.nissan-global.com/EN/HERITAGE_COLLECTION/img/modelDetail/041/high.jpg,https://www.nissan-global.com/EN/HERITAGE_COLLECTION/silvia_041.html,"The first generation Silvia CSP311 was rolled out as ""Datsun Coupe 1500"" at Tokyo Motor Show in 1964 and was released in 1965 as a Nissan car with the name Silvia, a goddess in Greek mythology. The exterior and interior were designed by Nissan internal designers (K. Kimura & F. Yoshida) with advice from then-consultant A. Goertz. The jewel-like styling was one of the features. As few as approximately 550 units were built for 4 years because nearly seamless bodywork and elegant interior on chassis for Datsun Fairlady 1600 SP311 were semi-handmade. It was known as the pioneer of sports coupe and the first highway police car in Japan."
Nissan,Datsun 2000 Sports,Datsun 2000 Sports (1967: SR311),Fairlady,SR311,SR311,1967,Road,Road,"4-cyl. inline, OHC",NA,1982,145,6000,176,4800,NA,910,2280,3910,1495,1300,https://www.nissan-global.com/EN/HERITAGE_COLLECTION/img/modelDetail/348/high.jpg,https://www.nissan-global.com/EN/HERITAGE_COLLECTION/datsun_sports_2000.html,"The first generation Datsun Fairlady SPL212 and 213 were exclusively for export. The second generation was released in Japan in 1962 as ""Fairlady 1500 SP310"" with 1500cc engine on chassis for Bluebird. It evolved into 1600 (SP311) with 1600cc engine in 1965 and 2000 (SR311) with 2000cc engine in 1967. U20 engine of 4-cyl. OHC generated 145ps. It took only 15.4 seconds to run 400m starting from rest and the max speed was 205km/h. It was the fastest domestic car. It was equipped with torque rod for rear suspension to cope with powerful engine and laminated glasses and three-point type seatbelts for safety. This car is ""Datsun 2000 Sports,"" an early model for Australia."
Nissan,Datsun Bluebird 1300,Datsun Bluebird 1300 (1967 : PL411),Bluebird,PL411,PL411,1967,Road,Road,"4-cyl. inline, OHV",NA,1299,NA,5000,98,2800,NA,NA,2380,3995,1490,1440,https://www.nissan-global.com/EN/HERITAGE_COLLECTION/img/modelDetail/uploader/data/en/Web/1317178350022052748.jpg,https://www.nissan-global.com/EN/HERITAGE_COLLECTION/datsun_bluebird_1300.html,"Bluebird used to be a Nissan's No.1 family car. The second generation Datsun Bluebird 410/411 got a face-lift in 1966. This is PL411 manufactured at Cuernavaca Plant of Nissan Mexicana. The letter L indicates the left-hand drive. This is the car offered to Japanese Delegation to the 3rd International Games held in Mexico City in 1967. Drawn on the body are autographs of players. Many of them also played in The Games of the XIX Olympiad in Mexico in 1968 at which Japanese players did pretty well in games such as gymnastics, wrestling and weightlifting, and won 11 gold medals, 7 silver medals and 7 bronze medals. Winning the broze medal in football is a lasting achievement."
Nissan,Datsun Bluebird 1300 Estate Wagon,Datsun Bluebird 1300 Estate Wagon (1967 : WP411),Bluebird,WP411,WP411,1967,Road,Road,"4-cyl. inline, OHV",NA,1299,NA,5000,98,2800,140,960,2380,3995,1490,1430,https://www.nissan-global.com/EN/HERITAGE_COLLECTION/img/modelDetail/uploader/data/en/Web/1317169747620098880.jpg,https://www.nissan-global.com/EN/HERITAGE_COLLECTION/datsun_bluebird_1300_Wagon.html,"The second generation Datsun Bluebird 410 was the model that attracted attention for its elegant styling with soft curves. 4-door sedan and wagon were released at the same time in 1963. Prepared for wagon was only E engine of 1200cc. The model became 411 at a minor change in May 1965 and E engine of 55ps was replaced with J of 1300cc and 62ps which greatly improved the traveling performance in high speed. The shape of tail end had been a contentious part, but it was changed at a minor change in 1966, and ""1300 van"" with J engine was added at the same time. This is Estate Wagon of the last model manufactured in 1967."
Nissan,Datsun Bluebird Estate Wagon,Datsun Bluebird Estate Wagon (1967 : W510),Bluebird,W510,W510,1967,Road,Road,"4-cyl. inline, OHC",NA,1296,NA,6000,103,3600,145,940,2420,4145,1560,1435,https://www.nissan-global.com/EN/HERITAGE_COLLECTION/img/modelDetail/uploader/data/en/Web/1317169906872044532.jpg,https://www.nissan-global.com/EN/HERITAGE_COLLECTION/datsun_bluebird_estate_wagon.html,"The third generation Datsun Bluebird 510 made a debut in 1967. Bluebird shifted to the 1300-1600cc class due to the release of a new low-end car Datsun Sunny 1000 in 1966. Soft and curvy styling of the previous generation was replaced with sharp linear styling with the image of supersonic aircraft. The copy was ""Supersonic line"", suggesting the age of high-speed driving. The original lineup was sedan, estate wagon and van. Sedan adopted the new 4-wheel independent suspension while wagon and van adopted rear-wheel suspension with parallel leaf springs for more load capacity. This car is Estate Wagon of the early days and mounted engine is L13 (4-cyl.in line OHC, 72ps)."
Nissan,Datsun Sunny 1000 4-door Deluxe,Datsun Sunny 1000 4-door Deluxe (1967 : B10),Sunny,B10,B10,1967,Road,Road,4-cyl. inline OHV,NA,988,NA,6000,75,3600,NA,665,2280,3820,1445,1345,https://www.nissan-global.com/EN/HERITAGE_COLLECTION/img/modelDetail/uploader/data/en/Web/datsun_sunny_1000_4-door.jpg,https://www.nissan-global.com/EN/HERITAGE_COLLECTION/datsun_sunny_1000_4-door.html,"The first generation Datsun Sunny, rolled out in April 1966, was developed mainly by younger engineers including Zenzo Sonoda, the supervisor. The 1-liter ""A"" OHV engine generated 56ps. Its clean and sporty styling, the high performance of 20.6 second for the standing start quarter mile and the maximum speed of 135km/h appealed many users. The 4-door sedan type was rolled out in April 1967 and the Sports series with 4-speed manual floorshift and the 3-speed automatic transmission type were added. The Sunny had a wide variation of types such as trucks and coupes and became one of the most popular models of Nissan. This car is a 4-door Deluxe of 1967."
Nissan,Nissan Gloria Super Deluxe,Nissan Gloria Super Deluxe (1967: PA30),Cedric Gloria,PA30,PA30,1967,Road,Road,"6-cyl.inline, OHC",NA,1988,105,5200,157,3600,NA,1295,2690,4690,1690,1445,https://www.nissan-global.com/EN/HERITAGE_COLLECTION/img/modelDetail/509/high.jpg,https://www.nissan-global.com/EN/HERITAGE_COLLECTION/509_nissan_gloria_super_deluxe.html,"The third generation ""Nissan Gloria A30"" made a debut in April 1967 after Prince Motors, Ltd. merged with Nissan Motor Co., Ltd. The development was substantially made by former Prince, but some of the parts and components were shared with Nissan cars. For example, the unique De Dion rear suspension of the Gloria was changed to the conventional parallel leaf. The A30's styling looked like a limousine ""Nissan Prince Royal"" that was unveiled in 1966, and its long and wide body was called ""Royal Line"". Its 2-liter OHC ""G7"" engine of Prince Motors since 1963 was changed into ""L20"" engine of Nissan in October 1969. This car here is the earliest Super Deluxe from 1967, powered with a G7 engine. After the fourth generation model ""Gloria 230"" rolled out in 1971, Gloria shared the body with the Nissan Cedric."
Nissan,Nissan R380A-II,Nissan R380A-II (1967 : R380),Racing Car,R380,R380,1967,Competition,Competition,6-cyl. inline 4-valve DOHC,NA,NA,NA,8400,196,7200,NA,590,2360,4060,1685,985,https://www.nissan-global.com/EN/HERITAGE_COLLECTION/img/modelDetail/046/high.jpg,https://www.nissan-global.com/EN/HERITAGE_COLLECTION/Nissan_R380-2.html,"The prototype race car R380 challenged not only races but also the international speed records. Its first challenge was done in August 1965. R380-AI recorded better time than the international records in 4 categories, but the records were certified only as domestic records because JARI (at Yatabe, Ibaraki) courses were not authorized by FIA. The second challenge was done on 8th October 1967 after the victory at the Japan GP in 1966. The driver, TatsuYokoyama, set the world records in the following 7 categories; 50km / 50miles / 100km / 100miles / 200km / 200miles / 1hour. This is the actual car of that R380-AII. The cowl is longer than that of a race car by 80mm in order to increase the maximum speed."
Nissan,Prince Gloria Super 6,Prince Gloria Super 6 (1967 : S41D),Prince,S41D,S41D,1967,Road,Road,"6-cyl. in-line, OHC",NA,1988,NA,5200,167,3600,NA,1320,2680,4650,1695,1480,https://www.nissan-global.com/EN/HERITAGE_COLLECTION/img/modelDetail/333/high.jpg,https://www.nissan-global.com/EN/HERITAGE_COLLECTION/Prince_Gloria_Super6.html,"The first generation Gloria (BLSI) released in 1959 from Prince Motors, Ltd. was a luxury car derived from Skyline (ALSI). The second generation Gloria S4 series released in 1962 was an ambitious model, ""the ideal of Japan's luxury car"" of Prince, with latest technologies such as novel flat hood, De-Dion type rear suspension with high roadholding ability and aluminum drum brakes. This ""Super 6 (S41)"" was added in 1963. Mounted was 2-liter ""G7"" engine of 6-cyl. inline SOHC. That engine was mounted on ""Skyline GT (S54)"" in 1964 which showed a legendary performance. This car is the last model manufactured after Nissan and Prince were merged and has emblems of both PRINCE and NISSAN."
Nissan,Cablight Fire Engine,Cablight Fire Engine,Cablight Junior,NA,NA,1968,Road,Road,NA,NA,NA,NA,NA,NA,NA,NA,NA,NA,NA,NA,NA,https://www.nissan-global.com/EN/HERITAGE_COLLECTION/img/thumbs/357_cablight_fire_engine.jpg,https://www.nissan-global.com/EN/HERITAGE_COLLECTION/cablight_junior.html#no-357,NA
Nissan,Datsun 1600 Sports,Datsun 1600 Sports (1968 : SPL311),Fairlady,SPL311,SPL311,1968,Competition,Competition,"4-cyl. in-line, OHV",NA,1595,NA,6000,132,4000,NA,NA,2280,3955,1495,1325,https://www.nissan-global.com/EN/HERITAGE_COLLECTION/img/modelDetail/279/high.jpg,https://www.nissan-global.com/EN/HERITAGE_COLLECTION/datsun_1600_roadster.html,"The Fairlady name* was used for the first time with the SPL213 (1,200cc, 60PS) launched in 1961. This model can be traced back to the Datsun Sports (S211), which was launched in June 1959. The SPL212 (1,200cc, 43PS) and SPL213 (1,200cc, 55PS) engines - improved versions of the S211 (1,000cc, 34PS) - were originally used exclusively for export models. The name ""Fairlady"" appeared on the domestic market with the launch of the Fairlady 1500 (SP310) in October 1962. In May 1963, an S310 powered by the Cedric's 71PS engine easily beat an array of foreign sports cars in the 1st Japan GP (B-II race), thereby demonstrating to the whole world the high standard attained by Japan's sports cars. The Fairlady 1600 (SP311) was launched in May 1965 as an upgraded model. It was equipped with the 1,595cc, 90PS R engine, first used in the first-generation Silvia, and a Porsche-type 4-speed full-synchromesh transmission. In March 1967, at the time the Fairlady 2000 (SR311) was launched, there was a minor change to the SP311 that chiefly concerned the interior. In November of the same year, another minor change was carried out to ensure the car conformed to US safety standards. This commemorative car is the North American export model with left-hand drive. It differs slightly in specifications and exterior design from the domestic model, one example being the bumper overriders. *During a trip to the US, Katsuji Kawamata, former President of Nissan, was so moved by the long-running musical ""My Fair Lady"" that he decided to name the upcoming SPL213 after it. It was his wish that the new car, like the musical, would prove to be popular over many years."
Nissan,Datsun 2000 Sports,Datsun 2000 Sports (1968: SRL311),Fairlady,SRL311,SRL311,1968,Competition,Competition,"4-cyl. inline, OHC",NA,1982,NA,6000,167,4400,NA,NA,2280,3910,1495,1300,https://www.nissan-global.com/EN/HERITAGE_COLLECTION/img/modelDetail/217/high.jpg,https://www.nissan-global.com/EN/HERITAGE_COLLECTION/datsun_2000_roadster.html,"The engine size of the second generation DATSUN Fairlady started with 1500cc on ""1500"" in 1962. It finally reached 2000cc on ""Fairlady 2000"" SR311 in 1967. The combination of U20 engine (1,982cc, 4-cyl. inline, OHC) and SOLEX twin carburetor generated the max. output of 145ps and achieved the max. speed of 205km/h via 5-speed MT with Porsche type synchromesh. SR311 was known as the first Japanese car that broke through a wall of 200km/h. It also achieved good results in races such as Japan GP 1967 and Rallye Monte-Carlo in 1968. It was often seen at events until the release of the successor Fairlady Z in 1969. This is a left-hand-drive car for export to US."
Nissan,Datsun Sunny 1000 Sports Deluxe,Datsun Sunny 1000 Sports Deluxe (1968 : B10),Sunny,B10,B10,1968,Road,Road,4-cyl. inline OHV,NA,988,NA,6000,NA,6000,NA,665,2280,3820,1445,1345,https://www.nissan-global.com/EN/HERITAGE_COLLECTION/img/modelDetail/044/high.jpg,https://www.nissan-global.com/EN/HERITAGE_COLLECTION/datsun_sunny_sports.html,"The first generation Datsun Sunny, rolled out in April 1966, was developed mainly by younger engineers including ZenzoSonoda, the supervisor. The 1-liter “A” OHV engine generated 56ps. Its clean and sporty styling, the high performance of 20.6 second for the standing start quarter mile and the maximum speed of 135km/h appealed many users. The 4-door sedan type was rolled out in April 1967 and the sports series with 4-speed manual floorshiftand the 3-speed automatic transmission type were added. The Sunny had a wide variation of types such as trucks and coupes and became one of the most popular models of Nissan. This car is a “Sports Deluxe” grade."
Nissan,Datsun Sunny 1000 Van,Datsun Sunny 1000 Van (1968: VB10),Sunny,VB10,VB10,1968,Road,Road,"4-cyl. inline, OHV",NA,988,56,6000,75,3600,NA,665,2280,3800,1445,1385,https://www.nissan-global.com/EN/HERITAGE_COLLECTION/img/modelDetail/292/high.jpg,https://www.nissan-global.com/EN/HERITAGE_COLLECTION/datsun_sunny_1000_van.html,"The first generation Datsun Sunny 1000 that opened the door to ""the era of private cars"" in Japan was released in April 1966 as a Datsun brand car. The original lineup was 2-door sedan and van. Sunny 1000 4-door van and Sunny truck (B20) were added in 1967. Linear exterior was shared with van and sedan, but here is a trivia; when developing the model, van was designed first, and sedan was designed based on van. Sunny 1000 van was a stylish commercial vehicle with an air of sedan and met a multitude of needs. This car is ""Datsun Sunny 1000 Van Deluxe"" after a minor change in 1968."
Nissan,Laurel 1800 Deluxe B,Laurel 1800 Deluxe B (1968 : C30),Laurel,C30,C30,1968,Road,Road,"4-cyl. inline, OHC",NA,1815,NA,5600,147,3600,NA,985,2620,4350,1605,1405,https://www.nissan-global.com/EN/HERITAGE_COLLECTION/img/modelDetail/uploader/data/en/Web/1317089637025015112.jpg,https://www.nissan-global.com/EN/HERITAGE_COLLECTION/laurel_1800.html,"The first generation Laurel (C30) was developed as a small-size luxury car line positioned between Bluebird and Cedric and released in 1968. It started up the time when sedans were classified not by engines or body sizes but by their concepts or drivers' lifestyles. Mounted engine was newly developed G18 (4-cyl. inline, OHC, 1800cc) that was to be mounted on Skyline. It was equipped with 4-wheel independent suspension of strut unit for front wheels and semi-trailing arm type for rear wheels, like the third generation Bluebird (510), to realize better road holding performance. Nissan's first pillarless 2-door hardtop and G20 engine (2000cc, OHC) were added in 1970."
Nissan,Nissan R381,Nissan R381 (1968 : R381),Racing Car,R381,R381,1968,Competition,Competition,Chevrolet V8 OHV,NA,5461,NA,6000,534,5500,NA,855,2470,4410,1790,845,https://www.nissan-global.com/EN/HERITAGE_COLLECTION/img/modelDetail/047/high.jpg,https://www.nissan-global.com/EN/HERITAGE_COLLECTION/Nissan_R381.html,"Nissan R381 is a Group 7 racing car especially built for 1968 Japan Grand Prix (GP race). The biggest characteristic of the machine is the active split rear wings named “Aero Stabilizer” whose left wing and right wing coordinate with the rear suspension, move independently while running, and move together at braking. The R381 machines with this characteristic wings were called “Griffin.” This car is No.20, driven by Moto Kitano that won the championship of the 1968 GP race."
Nissan,President Type C,President Type C (1968: H150),NA,H150,H150,1968,Road,Road,V8 OHV,NA,3988,180,4800,314,3200,NA,1600,2850,5045,1795,1460,https://www.nissan-global.com/EN/HERITAGE_COLLECTION/img/modelDetail/149/high.jpg,https://www.nissan-global.com/EN/HERITAGE_COLLECTION/president_type_c.html,"A new high-end passenger car ""President"" (150) was rolled out in 1965 as a successor of Cedric Special (50). The concept of exterior was the harmony of curved lines with aerodynamic performance. Two types of engine were adopted; 6-cyl. in line and 2,974cc for limousines, and V8 3,988cc and 180ps with oil tappet and silent chain for quietness. Comfortability was realized by items such as the first power steering system on domestic vehicles, heated rear window, dimming rear-view mirror, variable speed wiper, remote-control side mirrors and air conditioner for rear seat to be one of the best cars in Japan. This is ""C-spec"" car in 1968 with V8 engine."
Nissan,Skyline Van,Skyline Van (1968: VC10),Skyline,VC10,VC10,1968,Road,Road,"4-cyl. inline, OHC",NA,1483,88,6000,120,4000,NA,1010,2490,4265,1595,1425,https://www.nissan-global.com/EN/HERITAGE_COLLECTION/img/modelDetail/265/high.jpg,https://www.nissan-global.com/EN/HERITAGE_COLLECTION/skyline_van.html,"The third generation Skyline C10 was released in 1968. The nickname ""Hakosuka (Boxy Skyline)"" came from its boxy styling. The first generation ""2000GT-R"", the symbol of the third generation Skyline, made a debut in 1969. The lineup of C10 Skyline included commercial vehicles ""Estate"" and ""Van"". They were popular as stylish commercial vehicles because they also had ""Surfin' Line"" coming from the Sedan series. Mounted engine was ""G15"" (4-cyl.in line SOHC, 1500cc, 88ps) that was developed for the last model of the second generation. G18 engine (1800cc, 100ps) was added in 1969. The rear suspension of the 1500 series including commercial vehicles was rigid axle type with parallel leaf springs."
Nissan,Cedric Custom 6,Cedric Custom 6 (1969 : H130),Cedric Gloria,H130,H130,1969,Road,Road,"6-cyl. inline, OHC",NA,1998,NA,5200,157,3600,NA,1280,2690,4690,1690,1455,https://www.nissan-global.com/EN/HERITAGE_COLLECTION/img/modelDetail/uploader/data/en/Web/1317097314520029045.jpg,https://www.nissan-global.com/EN/HERITAGE_COLLECTION/cedric_custom_6_1969.html,"The second-generation Cedric, the H130, was launched in October 1965. It was designed by the Italian carrozzeria Pininfarina. The H130 was also the first to feature a 6-cylinder in line OHC engine (L20) that was to be used for the next two decades. Since its launch, minor changes were carried out every autumn, and by September 1968 the interior of the car as well as its styling had changed considerably."
Nissan,Cedric Special 6,Cedric Special 6 (1969 : H130),Cedric Gloria,H130,H130,1969,Road,Road,"6-cyl. inline, OHC",NA,1998,NA,5600,162,3600,NA,1330,2690,4690,1690,1455,https://www.nissan-global.com/EN/HERITAGE_COLLECTION/img/modelDetail/uploader/data/en/Web/1317097500900054360.jpg,https://www.nissan-global.com/EN/HERITAGE_COLLECTION/cedric_special_6_1969.html,"The second generation Cedric 130 was released after a full-model change in 1965 when Japan is amid the high economic growth period. The refined styling by Italian carrozzeria Pininfarina followed the European design trend at the time. It was an epoch-making model because mounted was the first L20 engine (6-cyl. In line, OHC) that was the core engine of Nissan for the following 20 years. A minor change was made almost every autumn, and in 1968, the form was changed to flat and square styling with no remnant of the original model. Special 6Ewas the highest-grade model. This car is the model after a minor change in 1969. L20 engine (single carburetor, 115ps) is mounted."
Nissan,Cedric Special 6,Cedric Special 6 (1969 : H130),Cedric Gloria,H130,H130,1969,Road,Road,"6-cyl. inline, OHC",NA,1998,NA,5200,157,3600,150,1310,2690,4690,1690,1455,https://www.nissan-global.com/EN/HERITAGE_COLLECTION/img/modelDetail/uploader/data/en/Web/1317092434523080269.jpg,https://www.nissan-global.com/EN/HERITAGE_COLLECTION/cedric_special_6.html,"Launched in October 1965, the distinguishing feature of the second-generation model (130) was its prestigious style, designed by the Italian carrozzeria, Pininfarina. The Special 6 anticipated the era of high-speed transport by using a 6-cylinder in line OHC engine (L20); it also had disc brakes fitted as standard. In September 1968, the front end and rear end were significantly redesigned, after which it was referred to as the ""late model""."
Nissan,Datsun Bluebird 1600 Deluxe,Datsun Bluebird 1600 Deluxe (1969 : P510),Bluebird,P510,P510,1969,Competition,Competition,4-cyl. inline OHC,NA,1595,92,6000,129,3600,NA,930,2420,4120,1560,1410,https://www.nissan-global.com/EN/HERITAGE_COLLECTION/img/thumbs/054_datsun_bluebird_1600_dx.jpg,https://www.nissan-global.com/EN/HERITAGE_COLLECTION/datsun_bluebird_1600_deluxe.html,"The third generation Bluebird 510 was rolled out in August 1967 and immediately acquired a very good reputation because of a sharp body shape with no ventilation windows, high basic performance and usefulness realized by advanced mechanisms such as the OHC engine and four-wheel independent suspension. The global sales reached more than a million and a half in 5 years. Many people still call it ""Five-Ten,"" an endearing nickname. This model was highly esteemed in the motor sport scene for the overall victory at the 18th East-African Safari Rally in 1970. Some people even said that this model had rewritten performance criteria of this class. This car is ""1600 Deluxe"" equipped with single carburetor L16 engine of 92ps."
Nissan,Datsun Bluebird 1600SSS Coupe,Datsun Bluebird 1600SSS Coupe (1969 : KP510),Bluebird,KP510,KP510,1969,Competition,Competition,4-cyl. inline OHC with SU Twin-carb.,NA,1595,NA,6000,132,4000,NA,935,2420,4120,1560,1395,https://www.nissan-global.com/EN/HERITAGE_COLLECTION/img/modelDetail/242/high.jpg,https://www.nissan-global.com/EN/HERITAGE_COLLECTION/datsun_bluebird_1600sss_coupe.html,"The third generation Datsun Bluebird 510 was rolled out in August 1967. It started with sedans of 2 doors / 4 doors and station wagons / vans of 5 doors. The engine variation was 1.3-liter L13 of inline 4-cylinder OHC, and 1.6-liter L16 to be mounted on 1600SSS (Super Sport Sedan). It became very popular for the sharp body lines, excellent basic performance and usability. The global sales reached more than 1.55 million in 5 years. The 2-door coupe series was added in November 1968 in Japanese market. The sedan ""1600SSS"" won in both the overall and the team categories at the 18th East-African Safari Rally in 1970. This car is Coupe 1600SSS with L16 twin-carburetor 100ps engine."
Nissan,Datsun Sunny 1000 Coupe,Datsun Sunny 1000 Coupe (1969: KB10),Sunny,KB10,KB10,1969,Road,Road,"4-cyl. inline, OHV",NA,988,60,6000,80,4000,NA,675,2280,3770,1445,1310,https://www.nissan-global.com/EN/HERITAGE_COLLECTION/img/modelDetail/504/high.jpg,https://www.nissan-global.com/EN/HERITAGE_COLLECTION/504_datsun_sunny_1000_coupe.html,"The first generation DATSUN Sunny 1000 that opened the door to ""The Age of private cars"" in Japan was rolled out in April 1966. It was a DATSUN car with variations of 2-door sedan and van. 4-door and truck (B20) were added in 1967 and smartish fastback coupe was added in 1968 to increase the number of variations. Coupe was greatly favored by mostly young people as a stylish and affordable private car. 4-cyl. OHV engine of 1000cc generated 60ps. The floor shift transmission and the car weight as light as 675kg helped to create the image that Sunny is a sporty compact car. This car is manufactured in 1969 and colored in ""Sun-kissed Yellow"" that match up with Sunny's image of ""Sun""."
Nissan,Datsun Sunny 1000 Pickup,Datsun Sunny 1000 Pickup (1969 : B20),Sunny,B20,B20,1969,Road,Road,"4-cyl. inline, OHV",NA,998,56,6000,75,3600,NA,615,2280,3815,1450,1385,https://www.nissan-global.com/EN/HERITAGE_COLLECTION/img/modelDetail/441/high.jpg,https://www.nissan-global.com/EN/HERITAGE_COLLECTION/datsun_sunny_1000_pickup.html,"After a big campaign to advertise for names, Nissan released Datsun Sunny 1000 B10, the all-new affordable passenger car, in April 1966. It became a big hit among younger people because of its youthful image, brisk ride and low prices of 410,000 yen for standard and 460,000 yen for deluxe. The original lineup of Sunny 1000 included commercial van. Another commercial vehicle of pickup truck ""Sunny Truck"" was added in 1967. The low price of 365,000 yen, high output of 56ps, modern styling and the minimum turning radius of 4m overwhelmed competing trucks and Sunny truck became very popular. This is the model after the minor change in October 1968."
Nissan,Fairlady Z432,Fairlady Z432 (1969 : PS30),Fairlady Z,PS30,PS30,1969,Road,Road,6-cyl. inline 4-valve DOHC,NA,1989,160,7000,177,5600,NA,1040,2305,4115,1630,1290,https://www.nissan-global.com/EN/HERITAGE_COLLECTION/img/modelDetail/221/high.jpg,https://www.nissan-global.com/EN/HERITAGE_COLLECTION/fairlady_z_432.html,"The first generation ""FairladyZ"" S30, also known as Datsun 240Z or ""Z-car"", was rolled out in December 1969 and won a big market not only in Japan but in North America and other countries. This model was manufactured for nine years as a representative car of Nissan all over the world and its global sales was over 520,000 units, the best number on record for sport cars of a single model. This car is the high performance Model ""Z432"" on which ""S20"" engine of an inline 6-cylinder 4-valve DOHC and 160ps is mounted. This engine is same as that of the third generation Skyline 2000GT-R (PGC10). ""432"" comes from the engine configuration of S20, i.e. ""4 valves, 3 carburetors, and 2 camshafts."" The standard equipment included LSD (limited slip differential) and luxurious magnesium wheels appropriate for the flagship model. The sticker price was 1.85 million yen that was almost double of the basic Z-car."
Nissan,Gloria Super Deluxe,Gloria Super Deluxe (1969 : PA30),Cedric Gloria,PA30,PA30,1969,Road,Road,6-cyl. inline OHC,NA,1988,105,5200,157,3600,NA,1305,2690,4690,1695,1445,https://www.nissan-global.com/EN/HERITAGE_COLLECTION/img/modelDetail/359/high.jpg,https://www.nissan-global.com/EN/HERITAGE_COLLECTION/359_gloria_super_deluxe.html,"The third generation ""Nissan Gloria A30"" made a debut in April 1967 after Prince Motors, Ltd. merged with Nissan Motor Co., Ltd. The development was substantially made by former Prince, but some of the parts and components were shared with Nissan cars. For example, the unique De Dion rear suspension of the Gloria was changed to the conventional parallel leaf rigid. The A30's styling looked like a limousine ""Nissan Prince Royal"" that was unveiled in 1966, and its long and wide body was called ""Royal line."" Its 2-liter OHC ""G7"" engine of Prince Motors since 1963 was changed to ""L20"" engine of Nissan in October 1969. This car is 1969 Nissan Gloria ""Super Deluxe"" with the G7 engine. After the fourth generation model ""Gloria 230"" rolled out in 1971, Gloria shared the body with the Nissan Cedric."
Nissan,Nissan R382,Nissan R382 (1969 : R382),Racing Car,R382,R382,1969,Competition,Competition,"V12, 4-valve DOHC",NA,5954,600,7200,627,5600,NA,790,2400,4045,1870,925,https://www.nissan-global.com/EN/HERITAGE_COLLECTION/img/modelDetail/053/high.jpg,https://www.nissan-global.com/EN/HERITAGE_COLLECTION/Nissan_R382_053.html,"""Grand Prix race"" was the race of the highest rank in Japan Grand Prix about which many Japanese were enthusiastic in the late 1960s. Nissan R382 is a ""Group 7"" provisions-compliant prototype race car that was developed for the GP in 1969. Mounted engine was GRX-III, newly developed 6-liter V12 DOHC, generated more than 600ps. M. Kurosawa/Y. Sunako drove No.21 and won first place and M. Kitano/T. Yokoyama drove No.20 and won second place, marking the 2nd straight victory of Nissan. Japan GP was discontinued in 1970 with increasing social issues around automobiles. This car is the 10th place car No.23 which was driven by K. Takahashi/K. Tohira in the race."
Nissan,Nissan R382,Nissan R382 (1969 : R382),Racing Car,R382,R382,1969,Competition,Competition,V12 4-valve DOHC,NA,5954,600,7200,627,5600,NA,790,2400,4045,1879,925,https://www.nissan-global.com/EN/HERITAGE_COLLECTION/img/modelDetail/197/high.jpg,https://www.nissan-global.com/EN/HERITAGE_COLLECTION/Nissan_R382.html,"Grand Prix race"" was the race of the highest rank in Japan Grand Prix about which many Japanese were enthusiastic in the late 1960s. Nissan R382 is a ""Group 7"" provisions-compliant prototype race car that was developed for the GP in 1969. Mounted engine was GRX-III, newly developed 6-liter V12 DOHC, generated more than 600ps. MotoharuKurosawa drove No.21 and won first place and Moto Kitano drove No.20 and won second place, marking the 2nd straight victory of Nissan. Japan GP was discontinued in 1970 with increasing social issues around automobiles. This car is the genuine overall winner No.21."
Nissan,Nissan Skyline 2000GT-R,Nissan Skyline 2000GT-R (1969: PGC10),Skyline,PGC10,PGC10,1969,Competition,Competition,"6-cyl. inline, 4-valve DOHC",NA,1989,NA,8000,196,6000,NA,980,2640,4395,1610,1385,https://www.nissan-global.com/EN/HERITAGE_COLLECTION/img/modelDetail/423/high.jpg,https://www.nissan-global.com/EN/HERITAGE_COLLECTION/skyline_2000gtr_1969.html,"""Skyline 2000 GT-R (PGC10)"", a high performance sedan for touring car races with world's first 4-valve DOHC engine fro production cars, was released as a variation of the third generation Skyline C10 in 1969. This is the origin of ""GT-R"". Its first race was ""JAF GP"" in Fuji Int'l Speedway in May 1969. Most participants were clubman drivers. Many GT-R machines of Prince Motorist Club·Sports (PMC·S)* participated but most of them retired due to the difficulty of driving a high-spec machine. As a result, T. Shinohara on No.39 won on points. It was a narrow win for GT-R that would win many races in the future. This is the overall winner No.39 spec car of JAF GP in 1969, driven by T. Shinohara. *PMC·S. Prince Motorist Club-Sports, that has participated in motor sports since 1964, with Skyline and NISSAN GT-R."
Nissan,Skyline 2000GT-R,Skyline 2000GT-R (1969 : PGC10),Skyline,PGC10,PGC10,1969,Competition,Competition,"6-cyl. inline, 4-valve DOHC",NA,1989,NA,7000,177,5600,NA,1120,2640,4395,1610,1385,https://www.nissan-global.com/EN/HERITAGE_COLLECTION/img/modelDetail/052/high.jpg,https://www.nissan-global.com/EN/HERITAGE_COLLECTION/skyline_2000gt_r.html,"Nissan combined its best technologies and produced “Skyline 2000GT-R” in February 1969 after merging with Prince Motors, Ltd. “GT-R” was a high performance car produced for touring car races. The know-how for prototype race car ""R380"" was filled in an ordinary looking sedan body*. Mounted was the 4-valve DOHC engine re-engineered from the one for R380 to suit production cars. It made a debut and won at “JAF GP” in May 1969, 3 months after the rollout. Since then, it kept winning until it attained 52 victories before the Nissan works team withdrew in October 1972. *The body changed to 2-door hardtop in the autumn of 1970."
Nissan,Cherry 2-door Deluxe,Cherry 2-door Deluxe (1970 : E10),Cherry,E10,E10,1970,Road,Road,"4-cyl. inline, OHV",NA,988,NA,6000,78,4000,NA,630,2335,3610,1470,1380,https://www.nissan-global.com/EN/HERITAGE_COLLECTION/img/modelDetail/064/high.jpg,https://www.nissan-global.com/EN/HERITAGE_COLLECTION/cherry_2door_deluxe.html,"The first generation Cherry made a debut in 1970 as the Nissan's first front-wheel drive (FWD) car and gained a high recognition especially in Europe. Rear-wheel drive (RWD) was being replaced with FWD in small-sized cars in those days because FWD layout could realize both compact body and large interior space. Most of compact cars today adopt it for this reason. The name ""Cherry"" came from the cherry tree for Japaneseness. Gently-curved body named capsule shape and J-shaped side window lines were the exterior features. Coupe of a bold design was added in 1971. This car is 2-door sedan with standard A10 engine of 58ps."
Nissan,Cherry X-1,Cherry X-1 (1970: PE10),Cherry,PE10,PE10,1970,Road,Road,"4-cyl. inline, OHV",NA,988,80,6400,96,4400,NA,670,2335,3610,1470,1375,https://www.nissan-global.com/EN/HERITAGE_COLLECTION/img/modelDetail/305/high.jpg,https://www.nissan-global.com/EN/HERITAGE_COLLECTION/cherry_x1.html,"The first generation Cherry made a debut in 1970 as the Nissan's first FF (front engine, front-wheel drive) car and gained a high recognition especially in Europe. FR (front engine, rear-wheel drive) was being replaced with FF in small-sized cars in those days because FF layout could realize both compact body and large interior space. Most of compact cars today adopt it for this reason. The name ""Cherry"" came from the cherry tree for Japaneseness. Gently-curved body named capsule shape and J-shaped side window lines were the exterior features. Coupe of a bold design was added in 1971. This car is 4-door sedan ""X-1"" with A12 engine of 80ps and SU type twin carburetors."
Nissan,Datsun Bluebird 1600SSS,Datsun Bluebird 1600SSS (1970 : P510),Bluebird,P510,P510,1970,Competition,Competition,4-cyl. inline OHC with SOLEX 44PHH x 2,NA,1595,130,6800,157,4800,NA,965,2420,4070,1660,1405,https://www.nissan-global.com/EN/HERITAGE_COLLECTION/img/modelDetail/051/high.jpg,https://www.nissan-global.com/EN/HERITAGE_COLLECTION/datsun_bluebird_1600sss.html,"In August of 1967, the Datsun Bluebird was fully remodelled to the third generation ""510"". The 510, as well as the past DATSUN cars, gradually proved its high potential through grueling international rallies. And finally the 1600SSS won the 18th East-African Safari Rally in all the categories of Overall/Class/Team in 1970. This is the historic first win as a domestic car and an accomplishment of Nissan since its first challenge to this rally in 1963. This model is well-known as ""a great car on screen"" because it was this model that Yujiro Ishihara, one of the best actors in the Showa era, drove as his own machine in the movie ""Safari 5000"" released in July, 1969."
Nissan,Datsun Sunny 1200 2-door GL,Datsun Sunny 1200 2-door GL (1970 : B110),Sunny,B110,B110,1970,Road,Road,"4-cyl. inline, OHV",NA,1171,NA,6000,95,3600,NA,690,2300,3830,1495,1390,https://www.nissan-global.com/EN/HERITAGE_COLLECTION/img/modelDetail/055/high.jpg,https://www.nissan-global.com/EN/HERITAGE_COLLECTION/datsun_sunny_2-door.html,"Datsun Sunny 1200 B110 was released in 1970 after the first generation 1000. With the image of a family car, it evolved into a car with abundant appealing items. The copy ""A car next door looks smaller"" is still talked about. Mounted A12 engine (4-cyl.in line OHV, 1171cc) was utilized so much that it was admired as one of the best-performing engines in motor sports. Interior space was largest in the class and interiors such as meters and seats were of rich-conscious designs. Mechanisms of upper grade including auto-ventilation system and shock-absorbing instrument panel were adopted. This is Sunny ""1200GL"" grade that was used in advertising when the model was released."
Nissan,Datsun Sunny 1200 4-door Deluxe,Datsun Sunny 1200 4-door Deluxe (1970 : B110),Sunny,B110,B110,1970,Road,Road,4-cyl. inline OHV,NA,1171,68,6000,95,3600,NA,700,2300,3830,1495,1390,https://www.nissan-global.com/EN/HERITAGE_COLLECTION/img/modelDetail/058/high.jpg,https://www.nissan-global.com/EN/HERITAGE_COLLECTION/datsun_sunny_1200_4_deluxe.html,"This is the second generation Datsun Sunny (B110 series), rolled out as a family car in January 1970. The advertising tagline in Japan was ""Car next door looks small."" The model started with a wide variation of 14 sedan types with 2 doors / 4 doors, 4 coupe types of 2 doors, and 4 types of van. The 4-door sedan had the maximum room space in the class and was especially popular among many people as the hallmark of Sunny. The A12 engine of 4-cylinder OHV 1171cc generated 68ps. It secured the handling and stability, the comfortable riding as good as that of higher class cars, and the maximum speed of 150km/h."
Nissan,Datsun Sunny Van 1200 DX,Datsun Sunny Van 1200 DX (1970 : VB110),Sunny,VB110,VB110,1970,Road,Road,"4-cyl. inline, OHV",NA,1171,NA,6000,95,3600,NA,735,2300,3865,1495,1405,https://www.nissan-global.com/EN/HERITAGE_COLLECTION/img/modelDetail/uploader/data/en/Web/datsun_sunny_van_1200_dx.jpg,https://www.nissan-global.com/EN/HERITAGE_COLLECTION/datsun_sunny_van_1200_dx.html,"The first generation DATSUN Sunny 1000 B10 made a debut in 1966. Sunny sedan was an epoch-making car that triggered the age of private cars in Japan. Sunny 1000 van VB10 was rolled out simultaneously as a handy passenger and cargo vehicle and became very popular. The next generation was DATSUN Sunny 1200 Van VB110 on which A12 engine (1200cc, 4-cyl. inline, OHV, 68ps) was mounted like sedan and coupe. Usability was greatly improved by the 4-door design and the tailgate with balancer. This car is ""Deluxe"" in 1970. The production of the brother car Sunny Truck was continued after discontinuation of sedan, coupe and van until 1994 in Japan and 2008 in overseas markets."
Nissan,FairladyZ-L,FairladyZ-L (1970: S30),NA,S30,S30,1970,Road,Road,"6-cyl. Inline, OHC, SU twin carb.",NA,1998,130,6000,172,4400,NA,995,2305,4115,1630,1285,https://www.nissan-global.com/EN/HERITAGE_COLLECTION/img/modelDetail/263/high.jpg,https://www.nissan-global.com/EN/HERITAGE_COLLECTION/FairladyZ_L_S30.html,"In 1969, ""Datsun Fairlady"" (also known as Datsun Sports / Roadster) was transformed from a convertible to a GT car ""Fairlady Z (also known as Datsun Z)"" S30 on which a driver could ride comfortably and enjoy cruising. Its lower, longer and wider styling created an aura of elegance and fierceness, which captured many people. Performance was of the first grade. ""240Z"" with the engine of 2400cc and 150ps demonstrated its potential by achieving good results in motor sports. The first generation ""Z"", also called ""Z-Car"", was famous as a biggest-selling sports car in the world with the worldwide sales for 8 years up to 1978 of 520,000. Z was admired passionately by many people. This car is ""Z-L"", the upper grade model in the earliest days."
Nissan,Gloria Super Deluxe,Gloria Super Deluxe (1970 : HA30),Cedric Gloria,HA30,HA30,1970,Road,Road,"6-cyl. inline, OHC",NA,1998,NA,6000,167,4000,NA,1290,2690,4690,1690,1410,https://www.nissan-global.com/EN/HERITAGE_COLLECTION/img/modelDetail/uploader/data/en/Web/1317097138836062467.jpg,https://www.nissan-global.com/EN/HERITAGE_COLLECTION/gloria_super_deluxe.html,"TGloria was born as a high-end passenger car of Prince Motors and later became a variant model of Nissan Cedric. The third generation Gloria A30 was released in 1967 and attracted attention as ""Nissan Gloria"". It was the first new model after Nissan and Prince merged but was virtually a car developed by former Prince. One of the features was the front mask with vertically aligned 4-bulb type headlamps that resembled ""Nissan Prince Royal"", a VIP limousine developed by Prince. And the well-proportioned and wide styling gained popularity. This is the last model manufactured in 1970. G7 engine designed by Prince was replaced with L20 engine (6-cyl. in line, SOHC, 2000cc) designed by Nissan."
Nissan,Laurel Hardtop 2000GX,Laurel Hardtop 2000GX (1970 : KPC30),Laurel,KPC30,KPC30,1970,Road,Road,"4-cyl. inline, OHC",NA,1815,NA,5800,172,3600,180,1020,2620,4330,1605,1380,https://www.nissan-global.com/EN/HERITAGE_COLLECTION/img/modelDetail/uploader/data/en/Web/1317086234468033881.jpg,https://www.nissan-global.com/EN/HERITAGE_COLLECTION/laurel_hardtop_2000gx.html,"The first generation Laurel C30 rolled out in 1968 was an innovative vehicle, different from Bluebird 510 and Cedric 130, that created a new category of ""the car for high-class owners"". One of the features was advanced technologies such as G18 engine (1800cc, 4-cyl. inline, OHC of cross-flow type), 4-wheel independent suspension of strut/semi trailing arm, and rack-and-pinion steering. Its stately and elegant form was also a selling point. A model with G20 engine (2000cc) and a model of Nissan's first pillar-less 2-door hardtop were added in 1970. This car is 2000GX of the highest grade in hardtop series with vinyl chloride leather roof that was in fashion at the time."
Nissan,Nissan R383,Nissan R383,Racing Car,NA,NA,1970,Competition,Competition,"V12, DOHC",NA,NA,NA,NA,647,NA,NA,740,2400,4115,2030,1088,https://www.nissan-global.com/EN/HERITAGE_COLLECTION/img/modelDetail/056/high.jpg,https://www.nissan-global.com/EN/HERITAGE_COLLECTION/nissan_r383.html,"The development of the new machine ""R383"" was launched for a three-peat of Japan Grand Prix after R381's victory in 1968 and R382's in 1969. The engine would be the same with that of R382 (GRX-III; V12, DOHC, 5954cc) with the output exceeding 700ps. It would be 900ps in the turbocharged specs for races of CAN-AM series. But Japan GP was discontinued in 1970 due to changes in circumstances around automobiles and the battlefield for R383 was lost. That's why it was called ""phantom machine."" This car was restored to the drivable condition like other R38 series cars and demonstrated its first run at NISMO FESTIVAL in 2006 after 36 years since it was developed."
Nissan,Nissan Skyline 2000GT,Nissan Skyline 2000GT (1970: GC10),Skyline,GC10,GC10,1970,Road,Road,"6-cyl. inline, OHC",NA,1998,120,6000,167,4000,NA,1095,2640,4430,1595,1390,https://www.nissan-global.com/EN/HERITAGE_COLLECTION/img/modelDetail/508/high.jpg,https://www.nissan-global.com/EN/HERITAGE_COLLECTION/508_nissan_skyline_2000gt.html,"The third generation Skyline C10 was born in 1968 after a full-model change. It was famous for its nickname ""Hakosuka (Boxy Skyline)"". Features included wider and lower body and edgy styling. Especially the character line on the rear fender was designed based on the hydrodynamics and later called ""Surfin' Line"". In August 1969, the 1800 series was added when a minor change was made and the legendary advertising campaign with the copy ""Ai-no-Skyline (Skyline Of Love)"" was started. Since then, Skyline became more and more recognized as grand touring car with its own identity. This car is 2000GT after the minor change with owner's modifications such as twin carburetors."
Nissan,Datsun 240Z,Datsun 240Z (1971 : HS30),Fairlady Z,HS30,HS30,1971,Competition,Competition,6-cyl. inline OHC,NA,2393,210,6800,230,6000,NA,1000,2305,4115,1630,1305,https://www.nissan-global.com/EN/HERITAGE_COLLECTION/img/modelDetail/060/high.jpg,https://www.nissan-global.com/EN/HERITAGE_COLLECTION/060_datsun_240z.html,"The FairladyZ, also known as the export model name ""Datsun 240Z"", challenged world rallies to prove its high performance. This car is the overall winner of the 19th East-African Safari Rally in 1971, and brought Nissan's second win in a row, following the victory in the previous year by the Datsun Bluebird. The engine mounted on the competition machine was L24 with in line 6-cylinder OHC 2393cc and generated 210ps. This car was restored by ""Nissan Restoration Club"" in 2013 to the drivable condition while preserving the appearance at the rally's finish line."
Nissan,Skyline 1500GL,Skyline 1500GL (1971: C10),Skyline,C10,C10,1971,Road,Road,"4-cyl. inline, OHC",NA,1483,88,6000,120,4000,NA,960,2490,4235,1595,1405,https://www.nissan-global.com/EN/HERITAGE_COLLECTION/img/modelDetail/314/high.jpg,https://www.nissan-global.com/EN/HERITAGE_COLLECTION/skyline_1500gl.html,"The third generation Skyline C10 was born in 1968 after a full-model change. It was famous for its nickname ""Hakosuka (Boxy Skyline)"". Features included wider and lower body and edgy styling. Especially the character line on the rear fender was designed based on the hydrodynamics and later called ""Surfin' Line"". The advertising campaign with the copy ""Ai-no-Skyline (Skyline Of Love)"" became legendary. The original lineup of 1500 series was ""Standard"" and ""Deluxe"", but ""Family Deluxe"", ""Touring Deluxe"" and ""Sporty Deluxe"" were added. Mounted engine was ""G15"" (4-cyl. OHC, 1500cc, 88ps) developed for the last model of the previous generation. This car is Sporty Deluxe manufactured in 1971."
Nissan,Skyline Hardtop 1500 Deluxe,Skyline Hardtop 1500 Deluxe (1971: KC10),Skyline,KC10,KC10,1971,Road,Road,"4-cyl. inline, OHC",NA,1483,95,6000,127,4000,NA,945,2420,4135,1595,1390,https://www.nissan-global.com/EN/HERITAGE_COLLECTION/img/modelDetail/343/high.jpg,https://www.nissan-global.com/EN/HERITAGE_COLLECTION/skyline_hardtop_1500_deluxe.html,"The third generation Skyline C10 was born in 1968 after a full-model change. It was famous for its nickname ""Hakosuka (Boxy Skyline)"". Features included wider and lower body and edgy styling. Especially the character line on the rear fender was designed based on the hydrodynamics and later called ""Surfin' Line"". The advertising campaign with the copy ""Ai-no-Skyline (Skyline Of Love)"" became legendary. The original lineup of 1500 series was ""Standard"" and ""Deluxe"", but ""Family Deluxe"", ""Touring Deluxe"" and ""Sporty Deluxe"" were added. Mounted engine was ""G15"" (4-cyl. OHC, 1500cc, 88ps) developed for the last model of the previous generation. This car is Sporty Deluxe manufactured in 1971."
Nissan,Cedric 4-door Sedan 2000GL,Cedric 4-door Sedan 2000GL (1972 : 230),Cedric Gloria,230,230,1972,Competition,Competition,"6-cyl. inline, OHC",NA,1998,NA,5600,162,3600,NA,1345,2690,4690,1690,1455,https://www.nissan-global.com/EN/HERITAGE_COLLECTION/img/modelDetail/uploader/data/en/Web/1317099312773060319.jpg,https://www.nissan-global.com/EN/HERITAGE_COLLECTION/cedric_4door_sedan_2000gl.html,"The third generation Cedric 230 released in 1971 was the first generation that shared basic structure with Gloria after Nissan merged with Prince Motors in 1966. Its elegant and graceful styling of moderately adopted coke bottle line gained very favorable reviews. Japan's first pillarless 4-door hardtop that had both beautiful styling and comfortability was added in 1972, which created a trend of domestic high-end cars for the following several decades. 230 sedan was often seen in police dramas televised years ago in Japan. This car is Cedric 2000GL Sedan with L20 engine. The leather-top roof is non-original feature."
Nissan,Datsun 240Z,Datsun 240Z (1972 : HLS30),Fairlady Z,HLS30,HLS30,1972,Competition,Competition,6-cyl. inline OHC,NA,2393,220,7200,230,6400,NA,1050,2305,4115,1630,1290,https://www.nissan-global.com/EN/HERITAGE_COLLECTION/img/modelDetail/061/high.jpg,https://www.nissan-global.com/EN/HERITAGE_COLLECTION/datsun_240z_061.html,"The Fairlady 240Z, also known as the export model name ""Datsun 240Z"", participated in famous ""Rallye Monte-Carlo"" mainly on snowy and icy roads. In the 41st Rallye Monte-Carlo, the 240Z finished third, which surprised rally concerned people all over the world. The reason is that 240Z adopted the FR (front engine / rear wheel drive) system with the engine mounted in front. The FR system was thought to be disadvantageous on snow and ice, but the result betrayed the prediction. As a result, more and more drivers began driving Z-car at domestic rallies. This car is the one that finished third at the 41st Rallye Monte-Carlo in 1972 by Rauno Aaltonen and Jean Todt."
Nissan,Datsun Sunny Coupe 1200GX-5,Datsun Sunny Coupe 1200GX-5(1972 : KB110),Sunny,KB110,KB110,1972,Competition,Competition,"4-cyl. inline, OHV",NA,1298,NA,8500,127,7600,NA,638,2300,3825,1615,1290,https://www.nissan-global.com/EN/HERITAGE_COLLECTION/img/modelDetail/uploader/data/en/Web/063_high.jpg,https://www.nissan-global.com/EN/HERITAGE_COLLECTION/datsun_sunny_1200.html,"The second generation Datsun Sunny (B110) achieved good results in motor sports with the engine enhanced from 1000cc to 1200cc. 1200GX-5, 2-door coupe, added in August 1972 was heavily used as a base car for races. ""5"" of GX-5 stands for 5-speed floor-shift MT in which the reduction gear ratio is 1.000 at fifth. With A12 engine tuned up to 130ps and wide tires, it ran races in ""TS Race"" category of Fuji International Speedway and won championships from 1971 through 1974, in 1977, 1979, 1980 and 1982. This is the genuine car that was exhibited at Tokyo Motor Show in 1972. It was restored by Nissan Restoration Club in 2018."
Nissan,Datsun Van 1500 Deluxe,Datsun Van 1500 Deluxe (1972 : VN521),Datsun Truck Van,VN521,VN521,1972,Road,Road,"4-cyl. inline, OHV",NA,1483,NA,5200,118,3200,NA,1070,2530,4345,1570,1525,https://www.nissan-global.com/EN/HERITAGE_COLLECTION/img/modelDetail/166/high.jpg,https://www.nissan-global.com/EN/HERITAGE_COLLECTION/datsunvan1500deluxe.html,"The 520 was launched in May 1965. It became the 521 in February 1970 and, to meet the demands of the era of fast travel, the 1500 series was introduced. The 1300 too was subject to a minor change, adding a new radiator grille with horizontal emphasis and egg-shaped fender mirrors. There were 3 models available in the commercial-use Datsun series: the standard truck, van, and pickup."
Nissan,Fairlady 240ZG,Fairlady 240ZG (1972 : HS30),Fairlady Z,HS30,HS30,1972,Road,Road,6-cyl. in-line OHC,NA,2393,150,5600,206,4800,NA,1010,2305,4305,1690,1285,https://www.nissan-global.com/EN/HERITAGE_COLLECTION/img/modelDetail/340/high.jpg,https://www.nissan-global.com/EN/HERITAGE_COLLECTION/340_fairlady_240zg.html,"""Datsun 240Z,"" equipped with 2.4-liter engine, was originally an exported model mainly to North America as of 1970. It went on sale also in Japan in November 1971 to respond to the request from customers. Three variations were available -Nissan Fairlady 240Z, 240Z-L, and 240ZG. The 240ZG's biggest exterior characteristic was the front end: so-called ""G-nose"" with the nose piece made of FRP, headlamp covers, and over fenders. The coefficient of drag (Cd) was the top-class performance of 0.390 among many other sport cars at that time, and the maximum speed reached 210km/h."
Nissan,Fairlady 240ZG Highway Police car,Fairlady 240ZG Highway Police car (1972 : HS30rev.),Fairlady Z,HS30rev.,HS30rev.,1972,Road,Road,6-cyl. inline OHC,NA,2393,150,5600,206,4800,NA,1010,2305,4305,1690,1285,https://www.nissan-global.com/EN/HERITAGE_COLLECTION/img/modelDetail/329/high.jpg,https://www.nissan-global.com/EN/HERITAGE_COLLECTION/fairlady_240z_g.html,"The first generation FairladyZ S30 (also known as Datsun 240Z) was developed as successor of Datsun Sports 2000 SR311 and released in December 1969 in Japan. It became a big hit not only in Japan but in foreign countries such as North America because of the beautiful styling, improved driving comfort and safety, high performance engine, 4-wheel independent suspension, and the affordable price. The initial lineup in Japan had only 2.0-liter engines, however, 2.4-liter engine series, as well as the exported editions, was added in 1971. This car is the fastest grade ""240ZG"" that was used as a police car of Kanagawa Prefectural Police since 1972, mainly on expressways. The travel distance of this car reached 370,940km in total."
Nissan,Nissan Laurel Hardtop 2000GL-6,Nissan Laurel Hardtop 2000GL-6 (1972: KHC130),Laurel,KHC130,KHC130,1972,Road,Road,"6-cyl. inline, OHC",NA,1998,115,5600,162,3600,NA,1185,2670,4500,1670,1405,https://www.nissan-global.com/EN/HERITAGE_COLLECTION/img/modelDetail/505/high.jpg,https://www.nissan-global.com/EN/HERITAGE_COLLECTION/505_laurel_hardtop_2000gl_6.html,"The second generation Nissan Laurel C130 rolled out in 1972 was a luxurious car like the first generation C30 and also ""a car with luxury and high quality that the owner can boast"" in the 1970s. The copy ""Drive easy, live easy"" was sensational and went ahead of the times since Japan was still amid the high-growth period. The form of 4-door sedan and 2-door hardtop featured ""Thunder streak"", i.e., the side of body was pressed into ""Z"" shape. Especially 2-door was very popular because its form viewed from the rear looked like an American car. This car is ""2000GL-6"" in the early days with L20 single cab 115ps engine. Engine variations on C130 totaled 6 from 1800cc to 2800cc."
Nissan,Nissan Patrol,Nissan Patrol (1972: 60),NA,60,60,1972,Road,Road,"6-cyl. inline, OHV",NA,3956,130,3600,294,1600,NA,1580,2200,3770,1715,1980,https://www.nissan-global.com/EN/HERITAGE_COLLECTION/img/modelDetail/315/high.jpg,https://www.nissan-global.com/EN/HERITAGE_COLLECTION/nissan_patrol.html,"The second generation Patrol 60 remained a long-selling product from 1960 to 1980 when the next generation Safari 160 was released. Robust design of ladder frame and leaf rigid suspension was passed down from the first generation 4W60. 2WD and 4WD could be switched by a lever. The lineup was short body (the wheelbase of 2200mm), long body (the wheelbase of 2500mm), soft top/hard top/van/station wagon. It is also adopted as fire engine because of its powerful engine and mobility. In overseas markets, the name Patrol has been passed down since the first generation that was born in 1951. This is the most long-lasting name except ""Nissan/Datsun Pickup"". This car is Soft Top of Short Body."
Nissan,Skyline 2000GT-R,Skyline 2000GT-R (1972: KPGC110),Skyline,KPGC110,KPGC110,1972,Competition,Competition,6-cyl. inline 4-valve DOHC,NA,1989,NA,7000,177,5600,NA,1145,2610,4460,1695,1380,https://www.nissan-global.com/EN/HERITAGE_COLLECTION/img/modelDetail/067/high.jpg,https://www.nissan-global.com/EN/HERITAGE_COLLECTION/067_skyline_2000gt-r.html,"The ""Skyline 2000GT-R"" first appeared in 1969 out of the third generation Skyline C10 and reached milestone of 50 victories at domestic touring car races within 2 years and 10 months. On the other hand, a new model of Skyline, Model C110, was introduced in September 1972. This car was a ""Skyline 2000GT-R Racing Concept"" car and was exhibited at the 19th Tokyo Motor Show held in 1972 after the introduction of the new model. Its car number was 73 which suggested the participation in races of the coming 1973 season. But the Nissan works team stopped operating because of tasks such as the development of anti-pollution technology and improvement of fuel efficiency. This car was fully restored by ""Nissan Restoration Club"" in 2007, 35 years after the unveiling, and ran at the NISMO FESTIVAL in the same year with applause and cheering."
Nissan,Skyline Hardtop 2000GT-R,Skyline Hardtop 2000GT-R (1972 : KPGC10),Skyline,KPGC10,KPGC10,1972,Competition,Competition,6-cyl. inline 4-valve DOHC,NA,1989,160,7000,176,5600,NA,1100,2570,4330,1665,1370,https://www.nissan-global.com/EN/HERITAGE_COLLECTION/img/modelDetail/401/high.jpg,https://www.nissan-global.com/EN/HERITAGE_COLLECTION/skyline_hardtop_2000gt-r.html,"Skyline 2000GT-R (PGC10) was a 4-door sedan rolled out in 1969, and it became invincible at domestic touring car races. It remodeled to 2-door hardtop (KPGC10) in 1970. The wheelbase was shortened by 70mm and the weight was lightened by more than 20kg by downsizing the body. As well as the sedan version, 2-liter, 4-valve DOHC inline 6-cyl. ""S20"" engine was mounted into which all the technologies of engine of a prototype racing car ""Nissan R380"" were applied. Hardtop cars also had a fuel tank of 100L, full bucket seats without recliner mechanism, and spartaninterior without amenities. GT-R attained unprecedented 50 victories in March 1972 at domestic touring car races. It has a record of 52 victories when Nissan works team stopped its activities in October 1972."
Nissan,Skyline Hardtop 2000GT-X,Skyline Hardtop 2000GT-X (1972: KGC10),Skyline,KGC10,KGC10,1972,Road,Road,6-cyl. inline OHC with Twin-carb.,NA,1998,NA,6000,172,4400,NA,1115,2570,4330,1595,1375,https://www.nissan-global.com/EN/HERITAGE_COLLECTION/img/modelDetail/199/high.jpg,https://www.nissan-global.com/EN/HERITAGE_COLLECTION/skyline_ht_2000gt-x_1972.html,"Skyline was fully remodeled to the third generation C10 in August 1968. The C10 was the first Skyline after Nissan Motor merged with Prince Motors. The series started with 4-door sedan with 1.5-liter and 2.0-liter engines and station wagon / van with a 1.5-liter engine, but the variation gradually became wider after ""2000GT-R"" with very high performance and 1.8-liter engine cars appeared. A new series of stylish ""2-door hardtop"" body with a shorter wheelbase by 70mm was rolled out in 1970. The ""2000GT-X"" with the engine of SU twin carburetor and the power 130ps was added in September 1971 as an upper model of the 2000GT line. This car is 2-door Hardtop 2000GT-X manufactured in 1972."
Nissan,Cedric 4-door Hardtop 2000 Custom Deluxe,Cedric 4-door Hardtop 2000 Custom Deluxe (1973: KF230),Cedric Gloria,KF230,KF230,1973,Competition,Competition,"6-cyl. inline, OHC",NA,1998,NA,5600,162,3600,NA,1320,2690,4690,1690,1420,https://www.nissan-global.com/EN/HERITAGE_COLLECTION/img/modelDetail/421/high.jpg,https://www.nissan-global.com/EN/HERITAGE_COLLECTION/cedric_4door_hardtop_2000_custom_deluxe.html,"The third generation Cedric 230 released in 1971 was the first generation that shared the basic structure with Gloria after Nissan merged with Prince Motors in 1966. Its elegant and graceful styling of moderately adopted ""coke bottle line"" gained very favorable reviews, and unit sales exceeded that of Toyopet Crown. The original lineup was 4-door sedan, 2-door hardtop, station wagon and van. Mounted engine was L20 of 2000cc. L26 engine of 2600cc was added in 1971. Japan's first pillarless 4-door hardtop was added in 1972. 4-door hardtop created the trend of high-end cars to come. This car is 4-door Hardtop Custom Deluxe with L20 engine and the sticker price was 1,150,000yen."
Nissan,Cherry Coupe X-1,Cherry Coupe X-1 (1973 : KPE10),Cherry,KPE10,KPE10,1973,Competition,Competition,"4-cyl. inline, OHV",NA,1298,NA,8500,132,7600,NA,645,2035,3690,1650,1250,https://www.nissan-global.com/EN/HERITAGE_COLLECTION/img/modelDetail/065/high.jpg,https://www.nissan-global.com/EN/HERITAGE_COLLECTION/cherry_coupe_x1.html,"The Cherry debuted as Nissan's first FF car in October 1970, with the same A10 and A12 engines as those in the Sunny. In November of the following year, a coupe was added to the lineup. The top-tier ""X-1"" model was powered by the SU twin-carb A12 (80ps) engine and attracted many younger drivers. In the 1972 Fuji GC Series Minor Touring class, it performed well alongside the Sunny, which won that year's title."
Nissan,Datsun 240Z,Datsun 240Z (1973 : HLS30),Fairlady Z,HLS30,HLS30,1973,Competition,Competition,"6-cyl. inline, OHC",NA,2497,NA,7200,250,4800,NA,1100,2305,4115,1630,1305,https://www.nissan-global.com/EN/HERITAGE_COLLECTION/img/modelDetail/uploader/data/en/Web/1317178592011067680.jpg,https://www.nissan-global.com/EN/HERITAGE_COLLECTION/datsun_240z.html,"The Fairlady Z (S30) was launched as the 2000 series in November 1969. Two years later in November 1971, the 240Z was added to the domestic lineup (it had previously only been available as a North American export model). Offering high power and superior maneuverability, the 240Z did well in overseas rallies, coming in 1st overall in the 1971 and 1973 Safari Rally. This commemorative car is the No.1 car that won in 1973, driven by S. Mehta and Lofty Drews."
Nissan,Datsun Bluebird U 1800SSS,Datsun Bluebird U 1800SSS (1973 : P610),Bluebird,P610,P610,1973,Competition,Competition,"4-cyl. inline, OHC",NA,1889,NA,6800,196,5200,NA,1100,2500,4215,1600,1400,https://www.nissan-global.com/EN/HERITAGE_COLLECTION/img/modelDetail/uploader/data/en/Web/1317177651187018276.jpg,https://www.nissan-global.com/EN/HERITAGE_COLLECTION/datsun_bluebird_u_1800sss.html,"At the 21st East Africa Safari Rally in 1973, the same Nissan team's Fairlady 240Z having just become the overall champion, this 1800SSS (H. Carlstrom ) performed brilliantly, coming in 2nd overall and winning its class, thus ensuring that people around the world would associate the name ""Nissan"" with car rallies. The 610's debut was in August 1971. There were two series, the 1.6-liter and 1.8-liter."
Nissan,Datsun Sunny Excellent Coupe,Datsun Sunny Excellent Coupe (1973 : KPB110),Sunny,KPB110,KPB110,1973,Competition,Competition,inline-4,NA,NA,NA,9400,NA,NA,NA,775,2340,3995,1515,1355,https://www.nissan-global.com/EN/HERITAGE_COLLECTION/img/modelDetail/062/high.jpg,https://www.nissan-global.com/EN/HERITAGE_COLLECTION/datsun_sunny_excellent.html,"The second-generation Sunny, launched in January 1970, was significantly larger, with an overall length of 3,830mm (+30mm), an overall width of 1,495mm (+45mm), and a wheelbase of 2,300mm (+20mm). April of the following year saw the addition of the Excellent Series (Sedan/Coupe), high-grade models equipped with the L14 engine. H. Kitano's No. 2 car won the 1973 Japan GP (TS race)."
Nissan,Fairlady 240Z,Fairlady 240Z (1973 : HS30),Fairlady Z,HS30,HS30,1973,Competition,Competition,"6-cyl. inline, OHC",NA,2870,NA,7600,314,6400,NA,NA,2305,4305,1790,1250,https://www.nissan-global.com/EN/HERITAGE_COLLECTION/img/modelDetail/059/high.jpg,https://www.nissan-global.com/EN/HERITAGE_COLLECTION/fairlady_240z_059.html,"In November 1971, ""240Z"" with 2,400cc engine included in the Fairlady Z lineup in Japan. The top-of-the-line model, the 240ZG, featured a 190mm long nose, headlight covers and over-fenders as standard. This car is the test car for the Omori factory, which had an L28 engine with crossflow combustion chambers."
Nissan,Skyline 2000GT-R,Skyline 2000GT-R (1973 : KPGC110),Skyline,KPGC110,KPGC110,1973,Competition,Competition,6-cyl. inline 4-valve DOHC,NA,1989,160,7000,177,5600,NA,1145,2610,4460,1695,1380,https://www.nissan-global.com/EN/HERITAGE_COLLECTION/img/modelDetail/068/high.jpg,https://www.nissan-global.com/EN/HERITAGE_COLLECTION/068_skyline_2000gtr.html,"This is the fourth generation Skyline that became very popular by the copy ""Skyline for Ken and Mary."" However, this ""2000GT-R"" model was manufactured for only 4 months from January to April of 1973 and the total number of manufactured cars was less than 200 due to the stricter emission standards. Along with the fact that it didn't participate in touring car races, this model is still called ""Phantom GT-R."" Intake air duct, disc brakes for four wheels, mesh front grille, over fenders on wheels, and the exterior with a rear spoiler as standard equipment also attracted attention. But it was very rare even in those days for people to see this model running."
Nissan,Skyline 2000GT-R,Skyline 2000GT-R (1973 : KPGC110),Skyline,KPGC110,KPGC110,1973,Competition,Competition,6-cyl. inline 4-valve DOHC,NA,1989,160,7000,177,5600,NA,1145,2610,4460,1695,1380,https://www.nissan-global.com/EN/HERITAGE_COLLECTION/img/modelDetail/069/high.jpg,https://www.nissan-global.com/EN/HERITAGE_COLLECTION/skyline_h_t_2000_kpgc110.html,"This is the fourth generation Skyline that became very popular by the copy ""Skyline for Ken and Mary."" However, this ""2000GT-R"" model was manufactured for only 4 months from January to April of 1973 and the total number of manufactured cars was less than 200 due to the stricter emission standards. Along with the fact that it didn't participate in touring car races, this model is still called ""Phantom GT-R."" Intake air duct, disc brakes for four wheels, mesh front grille, over fenders on wheels, and the exterior with a rear spoiler as standard equipment also attracted attention. But it was very rare even in those days for people to see this model running."
Nissan,Violet H/T 1600SSS-E,Violet H/T 1600SSS-E (1973 : KP710),Violet,KP710,KP710,1973,Competition,Competition,"4-cyl. inline, OHC",NA,1595,NA,6200,143,4400,NA,985,2450,4120,1580,1375,https://www.nissan-global.com/EN/HERITAGE_COLLECTION/img/modelDetail/uploader/data/en/Web/1317190616417086141.jpg,https://www.nissan-global.com/EN/HERITAGE_COLLECTION/violet_h_t.html,"Launched in January 1973, the Violet was positioned between the Sunny and the Bluebird U. There were 1,400cc and 1,600cc engines, and both the sedan and hardtop had a long nose and fastback for a sporty silhouette. Furthermore, the hardtop's rear window was unusual in using recurved glass."
Nissan,Skyline 2000GT,Skyline 2000GT (1974: KGC110),Skyline,KGC110,KGC110,1974,Road,Road,"6-cyl. Inline, OHC",NA,1998,125,6000,167,4400,NA,1150,2610,4460,1625,1380,https://www.nissan-global.com/EN/HERITAGE_COLLECTION/img/modelDetail/267/high.jpg,https://www.nissan-global.com/EN/HERITAGE_COLLECTION/skyline_2000gt_1974.html,"The fourth Skyline C110 generation, released in September, 1972, inherited the unique feature of the predecessor with expanded body size. Its distinct ""Surfin' Line"" was changed to soft and elegant style. The iconic four ring-shaped taillights, modeled after a jet engine nozzle, was first adopted in this model. Stemming from the previous advertisement campaign known as the ""Skyline Love"", the new ""Ken & Mary's Skyline"" campaign became a mega hit with its original T-shirts sales. It became a social phenomenon during the sales period of five years and the total sales of C110/C111 under the nick name of ""Ken & Mary"" had broken 0.66 million. This model was 2000GT, a 1974 model year car, and it was recoated in the initial image color: ""Bright Blue Metallic""."
Nissan,Bluebird U 2000GTX,Bluebird U 2000GTX (1975: G610),Bluebird,G610,G610,1975,Road,Road,"6-cyl. inline, OHC",NA,1998,125,6000,167,4400,NA,1145,2650,4420,1615,1400,https://www.nissan-global.com/EN/HERITAGE_COLLECTION/img/modelDetail/285/high.jpg,https://www.nissan-global.com/EN/HERITAGE_COLLECTION/bluebird_u_2000gtx.html,"The fourth generation Bluebird 610 released in 1971 was named ""Bluebird U"" from a strategic point of view to upgrade its image to a high-end car. Mounted engines were L (4-cyl. OHC, 1600cc and 1800cc) and there were variations of single carburetor, SU type twin carburetors and electronically controlled fuel infection system (EGI) for 1800cc. In 1973, 2000 GT series (G610) was added. Mounted engine was L20 (6-cyl.in line, 2000cc) that was the same as the one on Skyline. One of the features was the styling with long nose and the look gave it a nickname of ""Shark Face"". This car is 4-door sedan 2000 GTX and mounted L20 engine with SU type twin carburetors generates 125ps."
Nissan,Cherry F-II 1400GL,Cherry F-II 1400GL (1975 : F10),Cherry,F10,F10,1975,Road,Road,"4-cyl. inline, OHV",NA,1397,80,6000,113,3600,NA,755,2395,3825,1500,1345,https://www.nissan-global.com/EN/HERITAGE_COLLECTION/img/modelDetail/165/high.jpg,https://www.nissan-global.com/EN/HERITAGE_COLLECTION/cherry_fii_1400gl.html,"The first generation Cherry E10, Nissan's first front-wheel drive (FWD) car, underwent a full model change to Cherry F-II F10 in 1974 with enlarged body sizes and engine. Lineup was sedan, coupe, and van. Engine variations were 1200cc and 1400cc. It had soft and curvy form and details were uniquely designed with the motif of hexagon. Impact absorbing structure and 3-point type seatbelts were installed to answer the increased safety awareness. It got favorable reviews by the name of ""DATSUN 120A"" in overseas markets as well as E10. This car is 4-door sedan 1400GL in 1975 of the original specifications that was driven by a single owner for more than 40 years."
Nissan,Datsun Bluebird U 1600GL,Datsun Bluebird U 1600GL (1975 : 610),Bluebird,610,610,1975,Road,Road,"4-cyl. inline, OHC",NA,1595,NA,6000,132,4000,NA,985,2500,4215,1600,1405,https://www.nissan-global.com/EN/HERITAGE_COLLECTION/img/modelDetail/uploader/data/en/Web/1317177477172003426.jpg,https://www.nissan-global.com/EN/HERITAGE_COLLECTION/bluebird_u_1600gl.html,"The fourth generation Bluebird U 610 was rolled out in 1971 as a successor of the famous DATSUN Bluebird 510. ""U""stands for both USER and YOU. It has sweeping form and one of the features is J-shaped line of side windows. The engine of the predecessor was mainly 1600cc but 610 had 2 types of engines of 1600cc 4-cylinder OHC and 1800cc 4-cylinder OHC in early days. 2000GT (G610) with the engine of 2000cc 6-cylinder, the same type with that of Skyline, was added in 1973. This is Sedan 1600GL of the later days with L16 engine of 100ps. Disk brakes for front wheels, wooden steering, and rear window with heating coil are included as standard."
Nissan,Datsun Sunny Excellent 1400 GL,Datsun Sunny Excellent 1400 GL (1975 : PB210),Sunny,PB210,PB210,1975,Road,Road,"4-cyl. inline, OHC",NA,1428,85,6000,116,3600,NA,880,2340,4045,1545,1370,https://www.nissan-global.com/EN/HERITAGE_COLLECTION/img/modelDetail/456/high.jpg,https://www.nissan-global.com/EN/HERITAGE_COLLECTION/datsun_sunny_excellent_1400gl.html,"Datsun Sunny led the motorization of Japan since 1966 and the third generation Sunny B210 was rolled out in 1973. 1400cc engine model was added to the previous generation in 1971 and 1400cc model of B210 was also called ""Sunny Excellent"". Forms of sedan and coupe were changed to curvy ones. Especially the form of coupe was very unique with handy tailgate like ""Fairlady Z"" and ""coda tronca"" type of tail end. Horizontally aligned 6 round taillamps of Excellent Coupe were also talked about. Collapsible steering wheel, seat belts, head rests, and front disc brakes were widely adopted in terms of safety. This is Sunny Excellent 1400 GL with L14 engine of 1428cc, 85ps."
Nissan,Gloria 2000 Custom Deluxe,Gloria 2000 Custom Deluxe (1975: 230),Cedric Gloria,230,230,1975,Competition,Competition,"6-cyl. inline, OHC",NA,1998,NA,5600,162,3600,NA,1300,2690,4690,1690,1455,https://www.nissan-global.com/EN/HERITAGE_COLLECTION/img/modelDetail/277/high.jpg,https://www.nissan-global.com/EN/HERITAGE_COLLECTION/gloria_2000_custom_deluxe.html,"The fourth generation Gloria 230 released in 1971 was the first generation that shared basic structure with Cedric after Nissan merged with Prince in 1966. Its elegant and graceful styling of moderately adopted coke bottle line gained very favorable reviews. Japan's first pillarless 4-door hardtop that had both beautiful styling and comfortability was added in 1972, which created a trend of domestic high-end cars for the following several decades. 230 sedan was often seen in police dramas televised years ago in Japan. This car is Custom Deluxe Sedan with L20 engine. Other equipment includes 4-speed column shift, trunk lid opener of vacuum type, seat belts with automatic locking retractor mechanism (ALR) and intermittent wipers."
Nissan,Gloria 4-door Sedan Custom Deluxe,Gloria 4-door Sedan Custom Deluxe (1975 : H230),Cedric Gloria,H230,H230,1975,Road,Road,"6-cyl. inline, OHC",NA,1815,NA,5600,157,3600,NA,1300,2690,4690,1690,1455,https://www.nissan-global.com/EN/HERITAGE_COLLECTION/img/modelDetail/uploader/data/en/Web/1317110010182043507.jpg,https://www.nissan-global.com/EN/HERITAGE_COLLECTION/gloria_4door_sedan_deluxe.html,"Starting with the 230 launched in February 1971, the Cedric and Gloria were integrated into one model. The Cedric and Gloria then differed only in the hood panel/mascot, radiator grille and rear combination lamps and finisher, etc. In April of the same year, a 4-door hardtop version (without center pillar) was introduced, Japan's first in the 2-liter class. Following a minor change in April 1973, the Custom Deluxe was fitted with a heated rear window as standard."
Nissan,Laurel 2000GX,Laurel 2000GX (1975 : HC130),Laurel,HC130,HC130,1975,Road,Road,"6-cyl. inline, OHC",NA,1998,NA,6000,167,4400,NA,1175,2670,4500,1680,1415,https://www.nissan-global.com/EN/HERITAGE_COLLECTION/img/modelDetail/uploader/data/en/Web/1317088162857086064.jpg,https://www.nissan-global.com/EN/HERITAGE_COLLECTION/laurel_2000gx.html,"The second-generation Laurel (C130) was launched in April 1972. The sophisticated styling proved very popular. Starting with this model, the Laurel had a 2-liter L20 engine instead of G18 and G20; in October 1973, the 2.6 liter (L26) version was also included in the lineup. The SGX (L20 only) boasted a high output of 130PS (regular gasoline engine was 125PS) with its SU twin-carb engine."
Nissan,New Silvia LS Type S,New Silvia LS Type S (1975: S10),Silvia Gazelle,S10,S10,1975,Road,Road,"4-cyl. inline, OHC",NA,1770,105,6000,147,3600,NA,990,2340,4135,1600,1300,https://www.nissan-global.com/EN/HERITAGE_COLLECTION/img/modelDetail/253/high.jpg,https://www.nissan-global.com/EN/HERITAGE_COLLECTION/new_silvia_ls_type_s.html,"The first generation Silvia released in 1965 was a high-end 2-seater sports coupe, but the second generation S10 released in 1975 fell into the specialty car category. The hardtop body with spaceship-like styling attracted attention. Features included deep-set headlamps and front grill, combination rear lamps and side character line that went down to rear wheel arch. Exterior was such characteristic, but interior was sporty with horizontally aligned 4 round meters. Originally Nissan's first rotary engine was to be mounted but the plan was canceled due to oil crisis, etc. Actually mounted was L18 engine (4-cyl.in line OHC, 1800cc). The official name of S10 series is ""New Silvia"" in Japan, while ""Datsun 200SX"" in the U.S."
Nissan,Cherry FII Coupe Coupe GX-Twin,Cherry FII Coupe Coupe GX-Twin (1976 : KPF10),Cherry,KPF10,KPF10,1976,Competition,Competition,"4-cyl. inline, OHV",NA,1298,145,8500,132,6800,NA,785,2395,3825,1600,1315,https://www.nissan-global.com/EN/HERITAGE_COLLECTION/img/modelDetail/uploader/data/en/Web/1317104893193098796.jpg,https://www.nissan-global.com/EN/HERITAGE_COLLECTION/cherry_fii_coupe.html,"Cherry, Nissan's first FWD (front wheel drive) car, evolved into the second generation ""Cherry F-II"" (F10) at full-model change in 1974. This machine was produced for catalog on the base of the top grade car ""GX Twin"" on which an engine with twin carburetors was mounted. Its engine was enhanced to 145ps and was manufactured in compliance with regulations of TS races at the time. In Japan, unfortunately it was only an exhibit and didn't run at any races since Nissan had decided not to participate in races. But it actually ran and won at a race as a proof of high potential in New Zealand. This car is yellow because of the copy ""Yellow Cherry"" at release."
Nissan,Datsun Bluebird 1800SSS-ES,Datsun Bluebird 1800SSS-ES (1976: P810),Bluebird,P810,P810,1976,Road,Road,"4-cyl. inline, OHC",NA,1770,115,6200,152,3600,NA,990,2340,4135,1600,1300,https://www.nissan-global.com/EN/HERITAGE_COLLECTION/img/modelDetail/398/high.jpg,https://www.nissan-global.com/EN/HERITAGE_COLLECTION/datsun_bluebird_1800sss_es.html,"The fifth generation Bluebird 810 was a successor of 610 and was released in 1976. There were many problems to solve at the time such as exhaust emission (environmental problems), oil crisis (fuel consumption problems) and cutting down on traffic fatalities (safety problems). Therefore, efforts had to be poured into developing countermeasures such as Electronically Controlled Gas Injection, NAPS (Nissan Anti-Pollution System) and seat belts with ELR (emergency locking retractor). As a result, Bluebird had to become less sporty. But, without overcoming these difficulties, automobiles might have disappeared by now. This car is Sports Sedan 1800 SSS-E·S of the highest grade."
Nissan,Skyline 2000GTX-E,Skyline 2000GTX-E (1976 : KGC111),Skyline,KGC111,KGC111,1976,Competition,Competition,6-cyl. inline OHC,NA,1998,130,6000,167,4400,NA,1210,2610,4460,1625,1380,https://www.nissan-global.com/EN/HERITAGE_COLLECTION/img/modelDetail/074/high.jpg,https://www.nissan-global.com/EN/HERITAGE_COLLECTION/074_skyline_2000gtx-e.html,"The fourth generation Skyline C110 was rolled out in September 1972, but it was required at that time that all the cars of existing models and new models should conform the emission regulations that became increasingly rigor. Due to this situation, Nissan stopped the works activities of Skyline 2000GT-R in touring car races and the development resources had to concentrate on cleaner emission. The main engine of Skyline series was the inline 6-cylinder OHC ""L20"" of 1,998cc, but it was changed from the traditional carburetor system to ""L20E"" of the EGI (Electronic Gasoline Injection) system. This car is the upper-grade 2000GTX-E with L20E engine. C110 series sold more than 660 thousand units that was the best sales results among the Skyline generations, owing to the successful marketing campaign of ""Skyline for Ken and Mary."""
Nissan,Cedric 2800SGL,Cedric 2800SGL (1977 : P331),Cedric Gloria,P331,P331,1977,Road,Road,"6-cyl. inline, OHC",NA,2753,NA,5200,221,3600,NA,1425,2690,4785,1705,1440,https://www.nissan-global.com/EN/HERITAGE_COLLECTION/img/modelDetail/uploader/data/en/Web/1317099135358082567.jpg,https://www.nissan-global.com/EN/HERITAGE_COLLECTION/cedric_2800sgl.html,"The fourth-generation Cedric, the 330, was launched in June 1975. Both a sedan and hardtop (2-door/4-door) versions were available. The dignified styling was very popular. Following a minor change in June 1977, it became the 331, and the 2800 Brougham was introduced. This car, along with a Bluebird, was used for newsgathering along the Asian Highway (Route A1) by the Asahi Newspaper Co.."
Nissan,Datsun Bluebird 1800SSS,Datsun Bluebird 1800SSS (1977 : P810),Bluebird,P810,P810,1977,Road,Road,"4-cyl. inline, OHC",NA,1770,NA,6200,147,3600,NA,1060,2500,4260,1630,1390,https://www.nissan-global.com/EN/HERITAGE_COLLECTION/img/modelDetail/uploader/data/en/Web/1317177306190027569.jpg,https://www.nissan-global.com/EN/HERITAGE_COLLECTION/datsun_bluebird_1800sss_1977.html,"The fifth-generation Bluebird, the 810, was introduced in July 1976. The lineup included 1,600cc, 1,800cc and 2,000cc versions. Then in 1978, there was a minor change in the design to create the 811 with its square headlights. This car was used together with a Cedric (commemorative car #076) by the team compiling the Asahi newspaper's serialized reports on Route A1 of the Asian Highway network."
Nissan,Fairlady Z-T,Fairlady Z-T (1977 : S31),Fairlady Z,S31,S31,1977,Road,Road,"V6, OHC",NA,1998,NA,6000,167,4400,NA,1135,2305,4115,1630,1295,https://www.nissan-global.com/EN/HERITAGE_COLLECTION/img/modelDetail/075/high.jpg,https://www.nissan-global.com/EN/HERITAGE_COLLECTION/Fairlady_z_t.html,"The first-generation Fairlady Z (S30) was announced in October 1969 and launched in November that same year. In Japan, the 240Z was launched two years later in November 1971, followed by the 2/2 model in January 1974. In July 1976, this car evolved into the S31 (1976 ""NAPS""=Nissan Anti-Pollution System= spec.). This Z-T (5-speed, floor shift only) was equipped with aluminum wheels, 195/70HR14 tires, and remote-controlled mirrors as standard."
Nissan,Nissan Fairlady Z-T,Nissan Fairlady Z-T (1977: S31),Fairlady Z,S31,S31,1977,Road,Road,"6-cyl. inline, OHC",NA,1998,130,6000,167,4400,NA,1135,2305,4115,1630,1295,https://www.nissan-global.com/EN/HERITAGE_COLLECTION/img/modelDetail/241/high.jpg,https://www.nissan-global.com/EN/HERITAGE_COLLECTION/fairlady_z_l.html,"The first generation Fairlady Z (S30) was born in 1969 as a successor of convertible sports car Datsun Fairlady and became a global big hit. Mounted engines were L20 (6-cyl.in line OHC, 2000cc, SU type twin carburetors) and S20 (6-cyl.in line 4-valve DOHC, 2000cc, SOLEX twin-choke triple carburetors). S20 was discontinued in 1973 due to the emission control. L20 was revised by changing SU type twin carburetors to electronically controlled fuel injection system and became L20E to comply with the emission control in 1976. The model became S31. This car is S31 Z-T manufactured in 1977."
Nissan,Violet,Violet (1977 : KP711),Violet,KP711,KP711,1977,Competition,Competition,"4-cyl. inline, DOHC",NA,1991,NA,8600,211,6800,NA,960,2450,4120,1780,1400,https://www.nissan-global.com/EN/HERITAGE_COLLECTION/img/modelDetail/uploader/data/en/Web/1317194333173012331.jpg,https://www.nissan-global.com/EN/HERITAGE_COLLECTION/violet_1977.html,"The first Violet (Datsun 710) appeared in January 1973. Two types of engines, the L14 and the L16, were used and the lineup included a sedan and hardtop. It performed well in overseas rallies. This commemorative car won the 12th Southern Cross Rally (Australia) in 1977. It is powered by a rally-use twin-cam, 16-valve engine."
Nissan,Cedric 2000 Deluxe,Cedric 2000 Deluxe (1978 : 332),Cedric Gloria,332,332,1978,Road,Road,"6-cyl. inline, OHC",NA,1998,NA,5600,162,3600,NA,1335,2690,4690,1690,1440,https://www.nissan-global.com/EN/HERITAGE_COLLECTION/img/modelDetail/189/high.jpg,https://www.nissan-global.com/EN/HERITAGE_COLLECTION/cedric_2000_deluxe.html,"The fourth generation Cedric 330 was released in 1975. The lineup was the same as that of favored 230; 4-door sedan, 2-door/4-door hardtop and van, but the styling became more intricate. It cleared the exhaust emission regulations in 1975 by NAPS (Nissan Anti Pollution System). The model 331 was released in 1976 to comply with the regulations of that year and 332 was released in 1978 to comply with the regulations of that year. Sedan with diesel engine of 2200cc was added in 1977, which suggested the potential for the age of diesel engines. The model 330 as well as 230 could be seen in police dramas televised years ago. This is Cedric 2000 Deluxe Sedan (332)."
Nissan,Datsun Bluebird 1800GL,Datsun Bluebird 1800GL (1978 : PJ811),Bluebird,PJ811,PJ811,1978,Road,Road,"4-cyl. inline, OHC",NA,1770,NA,6000,147,3600,NA,1010,2500,4345,1630,1390,https://www.nissan-global.com/EN/HERITAGE_COLLECTION/img/modelDetail/uploader/data/en/Web/1317177137522037537.jpg,https://www.nissan-global.com/EN/HERITAGE_COLLECTION/datsun_bluebird_1800gl.html,"After the oil shock, the fifth-generation 810, which appeared in July 1976, was designed to be a safe, economical, low-consumption car. The 811 represented a minor change. In August 1978, it was launched as the '78 NAPS specification model. The 811, with the 2x2 square headlights giving it a bold appearance, was given a new catchphrase for TV commercials: ""The heavy-duty choice""."
Nissan,Fairlady 280Z-L,Fairlady 280Z-L (1978 : HS130),Fairlady Z,HS130,HS130,1978,Road,Road,"6-cyl. inline, OHC",NA,2753,NA,5200,226,4000,NA,1225,2320,4420,1690,1295,https://www.nissan-global.com/EN/HERITAGE_COLLECTION/img/modelDetail/uploader/data/en/Web/1317170985093051714.jpg,https://www.nissan-global.com/EN/HERITAGE_COLLECTION/fairlady_280z_l.html,"A second-generation Z (S130), equipped with a 6-cylinder in line 2,758cc L28 engine was launched in August 1978 as the 280Z. Attracting interest was the new styling, which featured the traditional long nose and short deck, blended with sharper lines, while the grille-less front end enhanced the unified look of the body. Both the 2-seater and the 2/2 offered more spacious interiors, further improving comfort."
Nissan,Nissan Patrol Fire Engine,Nissan Patrol Fire Engine (1978: FHN60),NA,FHN60,FHN60,1978,Road,Road,"6-cyl. inline, OHV",NA,3956,130,3600,294,1600,NA,2400,2800,4825,1850,2100,https://www.nissan-global.com/EN/HERITAGE_COLLECTION/img/modelDetail/435/high.jpg,https://www.nissan-global.com/EN/HERITAGE_COLLECTION/nissan_patrol_fire_engine.html,"The second generation Patrol 60 remained a long-selling product from 1960 to 1980 when the next generation Safari 160 was released. Robust design of ladder frame and leaf rigid suspension was passed down from the first generation 4W60. 2WD and 4WD could be switched by a lever. The lineup had short body (the wheelbase of 2200mm), long body (the wheelbase of 2500mm), soft top/hard top/van/station wagon. It is also adopted as fire engine (with the wheelbase of 2800mm) because of its powerful engine and mobility. In overseas markets, the name Patrol has been passed down since the first generation that was born in 1951. This is the most long-lasting name except ""Nissan/Datsun Pickup"". This car is its fire engine version that worked in a company for 37 years from 1978 to 2005."
Nissan,Violet,Violet (1978 : PA10),Violet,PA10,PA10,1978,Competition,Competition,"4-cyl. inline, OHC",NA,1952,NA,7200,206,5200,NA,950,2400,4080,1600,1390,https://www.nissan-global.com/EN/HERITAGE_COLLECTION/img/modelDetail/uploader/data/en/Web/1317193962746027447.jpg,https://www.nissan-global.com/EN/HERITAGE_COLLECTION/violet_1978.html,"The A10, which made its overseas debut in the spring of 1978 at the Safari Rally (3rd overall), won the autumn Southern Cross Rally in Australia two years in a row (in 1977 it was the 710). The driver was the previous year's Australian champion, J. Fury. In Australia the car was sold as the Stanza, so a ""STANZA"" emblem adorns the body."
Nissan,Caravan Chaircab,Caravan Chaircab (1979: HPE20rev.),NA,HPE20rev.,HPE20rev.,1979,Road,Road,"4-cyl. inline, OHV",NA,1982,NA,4800,157,3200,NA,1740,2730,4690,1690,2180,https://www.nissan-global.com/EN/HERITAGE_COLLECTION/img/modelDetail/uploader/data/en/Web/Caravan_Chaircab.jpg,https://www.nissan-global.com/EN/HERITAGE_COLLECTION/Caravan_Chaircab.html,"The first generation Caravan, also known as ""Urvan"" E20 rolled out in 1973 was a multi-purpose commercial van of the cab over type. ""Chaircab"" was added in 1977 that had a lift and an anchoring device for a wheelchair. A long-run charity TV program in Japan started in 1978 with the watchwords of ""Welfare"", ""Environment"", and ""Disaster Recovery"". Nissan, as a major sponsor, has donated many welfare vehicles from the beginning of the program. This is the actual car of No.27 among 213 donated welfare cars in 1978 and was used at a welfare facility for about 20 years. The logo of the program is drawn on the body. It was restored by Autech Japan, Inc. in 2015 to the almost brand-new condition including the electric lift."
Nissan,DATSUN Sunny Sedan 1400SGL,DATSUN Sunny Sedan 1400SGL (1979: HB310),Sunny,HB310,HB310,1979,Road,Road,"4-cyl. inline, OHV",NA,1397,80,NA,112,3600,NA,840,2340,3995,1590,1370,https://www.nissan-global.com/EN/HERITAGE_COLLECTION/img/modelDetail/uploader/data/en/Web/DATSUN_Sunny_Sedan_1400SGL.jpg,https://www.nissan-global.com/EN/HERITAGE_COLLECTION/DATSUN_Sunny_Sedan_1400SGL.html,"The fourth generation Sunny B310 was rolled out in 1977 when automobiles were blamed as a cause of air pollution. Besides improving overall performance, meeting emission control regulations in 1978 was the problem. Nissan developed an exhaust purification system ""NAPS: Nissan Anti-Pollution System"" to meet the strict regulations. Fuel consumption was improved to 15.5km/l in the 10-mode test for 1200cc car. 1400cc cars with EGI (electronic fuel injection system) were added in 1978. B310 was the last DATSUN Sunny and also the last rear-driven Sunny with smooth handling. 5-door station wagon ""Sunny California"" added in 1979 became a topic car of a new type with usability."
Nissan,Datsun Bluebird 1800SSS,Datsun Bluebird 1800SSS (1979: KP910),Bluebird,KP910,KP910,1979,Road,Road,"4-cyl. inline, OHC",NA,1770,NA,6000,147,3600,NA,1050,2525,4360,1655,1370,https://www.nissan-global.com/EN/HERITAGE_COLLECTION/img/modelDetail/086/high.jpg,https://www.nissan-global.com/EN/HERITAGE_COLLECTION/datsun_bluebird_1800sss_1979.html,"The Bluebird 910 launch was in November 1979. Thanks in part to its straight-line styling and high-quality build, it achieved the tremendous record of being the top seller for 27 consecutive months (from the month after its launch to February 1982) in the compact vehicle class. All of the engines (1,600cc, 1,800cc and 2,000cc) were now 4-cylinder models. The improved drive stability that came from the zero-scrub suspension was widely noticed."
Nissan,Datsun Bluebird 2000G6-EF,Datsun Bluebird 2000G6-EF,Bluebird,NA,NA,1979,Road,Road,NA,NA,NA,NA,NA,NA,NA,NA,NA,NA,NA,NA,NA,https://www.nissan-global.com/EN/HERITAGE_COLLECTION/img/thumbs/378_datsun_bluebird_2000g6-ef.jpg,https://www.nissan-global.com/EN/HERITAGE_COLLECTION/bluebird.html#no-378,NA
Nissan,Laurel 2-door Hardtop 2000SGL-E,Laurel 2-door Hardtop 2000SGL-E (1979: KHC231),Laurel,KHC231,KHC231,1979,Road,Road,"6-cyl. inline, OHC",NA,1998,130,6000,167,4000,NA,1265,2670,4625,1690,1395,https://www.nissan-global.com/EN/HERITAGE_COLLECTION/img/modelDetail/uploader/data/en/Web/Laurel_2-door_Hardtop_2000SGL-E.jpg,https://www.nissan-global.com/EN/HERITAGE_COLLECTION/Laurel_2-door_Hardtop_2000SGL-E.html,"Laurel opened the personally-owned car market in Japan when it was rolled out in 1968. The third generation in 1977 was a model designed on the concept of ""a sophisticated, stately, luxurious, and fashionable car for owners of upper class"". The lineup was traditional 2-door hardtop and 4-door sedan, and ""4-door hardtop"" with no B pillars. This ""4-door hardtop"" is a body structure first introduced in Japan for NISSAN ""Cedric / Gloria"" in 1972. It became a popular category that realized beautiful form, sense of openness, comfortableness, and utility, and created a trend in the personally-owned car market in Japan that lasted for decades. This is a 2-door hardtop SGL-E in elegant copper brown."
Nissan,Skyline 2000GT-E·L,Skyline 2000GT-E·L (1979: HGC211),Skyline,HGC211,HGC211,1979,Road,Road,"6-cyl. inline, OHC",NA,1998,NA,6000,167,4000,NA,1190,2615,4600,1625,1390,https://www.nissan-global.com/EN/HERITAGE_COLLECTION/img/modelDetail/428/high.jpg,https://www.nissan-global.com/EN/HERITAGE_COLLECTION/skyline_2000gt_el.html,"The fifth generation Skyline C210 was released in 1977. Unlike the fourth generation C110 ""Skyline for Ken and Mary"" with laid-back form, C210 had a sharp styling that was reminiscent of the third generation C10 ""Ai-no-Skyline (Skyline Of Love)"". It has a nickname ""Japan"" that came from the copy ""Skyline Japan"", meaning a great car cultivated in Japan. It was remodeled to C211 to comply with the emission control regulations in 1978. Performance improvement was pausing at the time because of increasing rigor of emission control. It was the most difficult time for Skyline. This car is 2000 GT-E·L with EGI engine of 130ps. The model was C211 of the early days manufactured in 1979."
Nissan,Violet,Violet (1979 : PA10),Violet,PA10,PA10,1979,Competition,Competition,"4-cyl. inline, OHC",NA,1952,NA,7200,206,5200,NA,1080,2400,4080,1600,1390,https://www.nissan-global.com/EN/HERITAGE_COLLECTION/img/modelDetail/uploader/data/en/Web/1317191432898082477.jpg,https://www.nissan-global.com/EN/HERITAGE_COLLECTION/violet_1979.html,"This car was the overall winner (S. Mehta/M. Doughty) of the 27th Safari Rally (1979), the Nissan team's fourth Safari championship victory after a gap of six years. The competition was strong in that year's Safari - with the Mercedes Benz 450SLC, Peugeot 504, and Abarth 131 - but Nissan fought bravely, taking 1st, 5th, 7th and 9th places. The official entry name was ""Datsun 160J""."
Nissan,Cedric Sedan 200SGL Extra,Cedric Sedan 200SGL Extra(1980 : 430),Cedric Gloria,430,430,1980,Road,Road,"6-cyl. inline, OHC",NA,NA,130,6000,167,4000,NA,1405,2690,4690,1690,1430,https://www.nissan-global.com/EN/HERITAGE_COLLECTION/img/modelDetail/225/high.jpg,https://www.nissan-global.com/EN/HERITAGE_COLLECTION/cedric_sedan_2000SGL_Extra.html,"430 rolled out in 1979 as the fifth generation Cedric and the sixth generation Gloria had a linear, clean form and got favorable reviews. Japan's first Electronic Concentrated Engine Control System (ECCS) was implemented in the model with 2800cc engine to control ignition and idling by computer. Today, it is considered as the very first step toward ""intelligent vehicles"". Japan's first turbo engine (L20E·T) cars were added in 1979, which triggered the trend for turbo engines since they enable small displacement engine to achieve high power and good fuel efficiency. 430 was often seen in police dramas televised years ago. This car is Cedric 4-door Sedan 200E SGL Extra, fully restored in 2019 by Autech Japan, Inc."
Nissan,Gloria 4-door H/T 200E GL,Gloria 4-door H/T 200E GL (1980 : K430G),Cedric Gloria,K430G,K430G,1980,Road,Road,"6-cyl. inline, OHC",NA,1998,NA,6000,167,4000,NA,1380,2690,4690,1690,1410,https://www.nissan-global.com/EN/HERITAGE_COLLECTION/img/modelDetail/uploader/data/en/Web/1317098181725079158.jpg,https://www.nissan-global.com/EN/HERITAGE_COLLECTION/gloria_4_door_ht200e_gl.html,"The sixth-generation Gloria (430) was launched in June 1979. The styling was modified to emphasize straight lines. With the appearance of this model, the 2-door hardtop version was discontinued. In October that year, the first domestic model to be fitted with a turbo engine was introduced. It underwent minor changes in April 1981 and in June 1982."
Nissan,Junior 2000,Junior 2000 (1980 : 141),Cablight Junior,141,141,1980,Road,Road,"4-cyl. inline, OHV",NA,1982,NA,4800,157,3200,NA,1455,2865,4690,1690,1720,https://www.nissan-global.com/EN/HERITAGE_COLLECTION/img/modelDetail/uploader/data/en/Web/1317089418665064178.jpg,https://www.nissan-global.com/EN/HERITAGE_COLLECTION/junior_2000.html,"The Junior was a medium-size vehicle introduced to fill the gap between the Datsun and Nissan trucks. The first-generation B40 was launched in October 1956. Later, due to a change in the compact- vehicle standard, the newly designed model 40 was introduced in 1960. The 140, which integrated the Junior and Miler, was introduced in 1970 and in 1974, an improved model, the 141 (conforming to 1975 exhaust emission regulations), was launched."
Nissan,Laurel 4-door H/T 2000SGL-E,Laurel 4-door H/T 2000SGL-E (1980 : KHC230),Laurel,KHC230,KHC230,1980,Road,Road,"6-cyl. inline, OHC",NA,1998,NA,6000,167,4000,NA,1280,2670,4625,1690,1395,https://www.nissan-global.com/EN/HERITAGE_COLLECTION/img/modelDetail/uploader/data/en/Web/1317087555281044776.jpg,https://www.nissan-global.com/EN/HERITAGE_COLLECTION/laurel_2000sgle.html,"The design concept of the third-generation Laurel (C230), launched in January 1977, focused on safety, low emissions, and low consumption. Its distinguishing feature was its styling, with its well-rounded bodylines and large central grille. A new 4-door hardtop version was also introduced. The C231, launched in November 1980, conformed to 1978 exhaust emission regulations."
Nissan,Nissan Cedric 4-door Hardtop Turbo SGL Extra,Nissan Cedric 4-door Hardtop Turbo SGL Extra (1980: 430),Cedric Gloria,430,430,1980,Road,Road,"6-cyl. inline, OHC with turbo",NA,1998,145,5600,206,3200,NA,1440,2690,4690,1690,1410,https://www.nissan-global.com/EN/HERITAGE_COLLECTION/img/modelDetail/191/high.jpg,https://www.nissan-global.com/EN/HERITAGE_COLLECTION/191_cedric_4_door_hardtop_turbo_sgl_extra.html,"430 was rolled out as the fifth generation Cedric and the sixth generation Gloria in 1979. Unlike the preceding 2 generations, it had a linear form that got favorable reviews. Japan's first Electronic Concentrated Engine Control System (ECCS) was adopted to control ignition and idling, to power up, and to improve fuel efficiency and environmental performance. Turbo engine (L20E·T) cars were added in 1979 during the second oil crisis. Since turbocharger technologies enable small displacement engine to achieve high power and fuel efficiency, turbo engines met the demand for energy saving and Nissan triggered the trend. This car is Cedric Turbo SGL Extra 4-door Hardtop."
Nissan,President Sovereign,President Sovereign (1980 : H252),NA,H252,H252,1980,Road,Road,"V8, OHV",NA,4414,NA,4800,338,3200,NA,1875,2850,5280,1830,1480,https://www.nissan-global.com/EN/HERITAGE_COLLECTION/img/modelDetail/uploader/data/en/Web/1317176668244087358.jpg,https://www.nissan-global.com/EN/HERITAGE_COLLECTION/President_Sovereign.html,"As Nissan's flagship car, this high-quality sedan boasted the best in technology and luxury. The H252 indicates that it was derived from the Cedric Special (50), launched in August 1963. The 250 was launched in 1973, and the 252, which conformed to 1978 exhaust emission regulations, was launched in August 1977. The top-grade Sovereign was equipped with an 4,400cc V8 engine."
Nissan,Pulsar 1200TS,Pulsar 1200TS (1980 : YN10),Pulsar,YN10,YN10,1980,Road,Road,"4-cyl. inline, OHV",NA,1237,70,6000,100,3600,NA,800,2395,3890,1600,1360,https://www.nissan-global.com/EN/HERITAGE_COLLECTION/img/modelDetail/354/high.jpg,https://www.nissan-global.com/EN/HERITAGE_COLLECTION/pulsar_1200ts.html,"The first generation Pulsar N10 was rolled out in 1978 as successor to the second generation Cherry F10. Pulsar aimed at ""high quality car of international level"" with performance enough to compete in European market full of great compact cars, and evolved into a car with more comfortableness, more safety, and more functionality. The form with verve is also impressive. The advertisement ""Pulsar Europe"" in which rival cars such as VW Golf and Renault 5 appeared reflected that spirit and became a topic. The lineup was 4-door sedan, 3-door 2-box hatchback, 3-door coupe with glass hatch, and commercial van. This is Sedan 1200TS in 1980, restored by Autech Japan Inc. in 2020."
Nissan,Skyline 2000GT,Skyline 2000GT (1980 : HGC211),Skyline,HGC211,HGC211,1980,Road,Road,"6-cyl. inline, OHC",NA,1998,NA,5600,162,3600,NA,1185,2615,4600,1625,1390,https://www.nissan-global.com/EN/HERITAGE_COLLECTION/img/modelDetail/uploader/data/en/Web/1317167547241043563.jpg,https://www.nissan-global.com/EN/HERITAGE_COLLECTION/skyline_2000gt.html,"The C210, which was the fifth-generation Skyline, was launched in 1977. It was popular for its straight bodylines. The C211 was introduced in 1980 following a minor change. Three versions of 2000GT were available: Turbo GT-E (145PS), GT-E (125PS), and the GT (115PS). This 2000GT was donated by Teshima, who used it to drive right round Australia."
Nissan,Skyline 2000GT-EL,Skyline 2000GT-EL (1980 : HGC211),Skyline,HGC211,HGC211,1980,Road,Road,"6-cyl. inline, OHC",NA,1998,NA,6000,167,4000,NA,1210,2615,4600,1625,1390,https://www.nissan-global.com/EN/HERITAGE_COLLECTION/img/modelDetail/135/high.jpg,https://www.nissan-global.com/EN/HERITAGE_COLLECTION/skyline_2000gt-el.html,"The fifth-generation Skyline (nickname: ""Japan"") was launched in August 1977. All the cars in the series met the 1978 exhaust emission regulations, and the new TI-EX model featured halogen headlights. The GT family included GT, GT-L, GT-EL, GT-EX, and GT-ES models. A minor change in 1979 changed the front mask, and another in 1980 introduced the turbo GT-E."
Nissan,Violet,Violet (1980 : PA10),Violet,PA10,PA10,1980,Competition,Competition,"4-cyl. inline, OHC",NA,1952,NA,7400,206,5600,NA,1100,2400,4080,1600,1390,https://www.nissan-global.com/EN/HERITAGE_COLLECTION/img/modelDetail/uploader/data/en/Web/1317190925089008440.jpg,https://www.nissan-global.com/EN/HERITAGE_COLLECTION/violet_1980.html,"The launch in May 1977 of the second-generation Violet (A10) completed the trio: Violet (Nissan), Auster (Cherry) and Stanza (Sunny). Inheriting Nissan's rally tradition, the A10 did well in the overseas rallies, like the 710 Violet. This commemorative car was driven by S. Mehta team when they won the 28th Safari Rally in 1980."
Nissan,Datsun Bluebird 2000SSS-EX,Datsun Bluebird 2000SSS-EX (1981 : Y910),Bluebird,Y910,Y910,1981,Road,Road,"4-cyl. inline, OHC",NA,1952,NA,5600,167,3600,NA,1135,2525,4510,1655,1385,https://www.nissan-global.com/EN/HERITAGE_COLLECTION/img/modelDetail/uploader/data/en/Web/1317171759666003158.jpg,https://www.nissan-global.com/EN/HERITAGE_COLLECTION/datsun_bluebird_2000sss_ex.html,"The sixth generation Bluebird 910 rolled out in 1979 was an epoch-making car with a linear form of 510, retrieved high traveling performance and pioneering technologies. Technological topics were enlarged tread and overall width, 4-cylinder engine variations, front suspension setting called zero-scrub radius geometry, rack & pinion steering gear, etc. The square body styling also improved roominess and comfortability. 910 refreshed the image of Bluebird and became a big hit. It was the top selling car in the category of 1600-2000cc passenger vehicles for 27 months in Japan. This car is 2000SSS-EX of 1981 with Z20E engine (120ps, 2 spark plugs for each cylinder), and ""7-way seat"" that has 7 adjustment functions."
Nissan,Fairlady 280Z-T,Fairlady 280Z-T (1981 : HGS130),Fairlady Z,HGS130,HGS130,1981,Road,Road,"6-cyl. inline, OHC",NA,2753,NA,5200,226,4000,NA,1225,2520,4620,1690,1305,https://www.nissan-global.com/EN/HERITAGE_COLLECTION/img/modelDetail/uploader/data/en/Web/248_high.jpg,https://www.nissan-global.com/EN/HERITAGE_COLLECTION/fairlady_280z_t.html,"Fairlady rolled out in 1969 became a worldwide hit, which was unusual for sports cars. In 1978, it evolved into the second generation S130 after the first full model change. Lineup in Japan was ""Z"" (2000cc, 6-cyl. inline, OHC) and ""280Z"" (2800cc). It was known as ""DATSUN 280ZX"" in overseas markets. This car is Fairlady 280Z-T 2by2 in 1981 of the highest grade. Mounted engine was L28E (max. output 155ps), and air conditioner, power window, and aluminum wheels were equipped as standard. The specialized car ""SUPER Z"" in a police dramas televised years ago was manufactured based on 280Z. SUPER Z was a legendary machine with gull-wing doors and varius special equipment."
Nissan,Gazelle Hatchback Turbo XE,Gazelle Hatchback Turbo XE (1981 : KS110Y),Silvia Gazelle,KS110Y,KS110Y,1981,Road,Road,"4-cyl. inline, OHC",NA,1770,NA,6000,196,3600,NA,1115,2400,4475,1680,1310,https://www.nissan-global.com/EN/HERITAGE_COLLECTION/img/modelDetail/uploader/data/en/Web/1317173026525099520.jpg,https://www.nissan-global.com/EN/HERITAGE_COLLECTION/gazelle_hatchback_turbo_xe.html,"The Gazelle (hardtop) was launched in March 1979 as a sibling to the third-generation Silvia. Designed to be a specialty car, the S110 was distinguished by its refined styling and electronics. In August of the same year, the hatchback series was added to the lineup, and in May 1981 a powerful turbo version was launched."
Nissan,Laurel 4-door Hardtop 2000 Turbo SGX,Laurel 4-door Hardtop 2000 Turbo SGX (1981: HC31),Laurel,HC31,HC31,1981,Road,Road,"6-cyl. inline, OHC with turbo",NA,1998,145,5600,206,3200,NA,1220,2670,4635,1690,1380,https://www.nissan-global.com/EN/HERITAGE_COLLECTION/img/modelDetail/uploader/data/en/Web/308_high.jpg,https://www.nissan-global.com/EN/HERITAGE_COLLECTION/Laurel_4-door_Hardtop_2000_Turbo_SGX.html,"The fourth generation Laurel C31 made a debut in 1980. The concept was ""vehicles with advanced performance and global awareness for owners of upper class in 1980s"". It got favorable reviews for sleek aerodynamic form and high basic performance. It featured a low waistline, large windows, and the low center-of-gravity. 4-door hardtop model achieved the outstanding drag coefficient (Cd) of 0.38. The idea that the basic performance of ""run, turn, stop"" is important even for luxury cars was a belief of S. Sakurai, the chief engineer of C31. The idea still stands in Nissan. This is a high-grade model ""2000 Turbo SGX"" with ""L20E·T"" turbo engine (6-cyl., 145ps, 2000cc)."
Nissan,Skyline H/T Turbo 2000GT-ES,Skyline H/T Turbo 2000GT-ES (1981 : KHR30),Skyline,KHR30,KHR30,1981,Competition,Competition,"6-cyl. inline, OHC",NA,1998,NA,5600,206,3200,NA,1160,2615,4595,1665,1360,https://www.nissan-global.com/EN/HERITAGE_COLLECTION/img/modelDetail/094/high.jpg,https://www.nissan-global.com/EN/HERITAGE_COLLECTION/skyline_h_t.html,"The sixth-generation Skyline (Type R30), was launched in August 1981. For the advertising campaign, the actor Paul Newman - a familiar face in racing circles - was hired, and the catchphrase ""New Love Skyline"" attracted much attention. The 6-cylinder and 4-cylinder models used bodies with the same nose length. A 5-door hatchback was also launched, while the estate wagon was discontinued."
Nissan,Violet,Violet (1981 : PA10),Violet,PA10,PA10,1981,Competition,Competition,"4-cyl. inline, DOHC",NA,1952,NA,7600,221,5600,NA,1080,2400,4080,1600,1390,https://www.nissan-global.com/EN/HERITAGE_COLLECTION/img/modelDetail/uploader/data/en/Web/1317193279331041452.jpg,https://www.nissan-global.com/EN/HERITAGE_COLLECTION/violet_1981.html,"With the 29th Safari Rally in 1981, this vehicle achieved a historical first by winning three championships in a row (a first too for the S. Mehta/M. Doughty). That year, in addition to a pair of Violets prepared to Group 4 specifications with powerful twin-cam heads, the Nissan team entered a Violet, Bluebird and Silvia, each prepared to Group 2 specifications. The result was that Nissan monopolized the top four places."
Nissan,Cedric 4-door H/T Turbo Brougham,Cedric 4-door H/T Turbo Brougham (1982 : K430),Cedric Gloria,K430,K430,1982,Road,Road,"6-cyl. inline, OHC",NA,1998,NA,5600,206,3200,NA,1485,2690,4690,1690,1410,https://www.nissan-global.com/EN/HERITAGE_COLLECTION/img/modelDetail/uploader/data/en/Web/1317096391395041643.jpg,https://www.nissan-global.com/EN/HERITAGE_COLLECTION/cedric_4door_htturbo_brough.html,"With the 430, launched in June 1979, there was no 2-door hardtop version but the estate wagon was reintroduced. This was Nissan's first model to adopt the Engine Central Control System (ECCS). Following a minor change in December 1979, Japan's first car with a turbo engine was introduced and new technology that improved the fuel economy of the turbo won high praise."
Nissan,Datsun Bluebird 4H/T 1800 Turbo SSS-E/ G,Datsun Bluebird 4H/T 1800 Turbo SSS-E/ G (1982 : KP910),Bluebird,KP910,KP910,1982,Road,Road,"4-cyl. inline, OHC",NA,1770,NA,6000,196,3600,NA,1185,2525,4510,1655,1370,https://www.nissan-global.com/EN/HERITAGE_COLLECTION/img/modelDetail/uploader/data/en/Web/1317170303017039780.jpg,https://www.nissan-global.com/EN/HERITAGE_COLLECTION/datsun_bluebird_1800_turbo.html,"Launched in November 1979, the 910 (sixth-generation model) was the last Bluebird to bear the Datsun name. With its straight bodylines and the sporty ride offered by the newly developed zero-scrub suspension, it proved very popular. It was the best selling car (compact car category) for 27 months in a row. The SSS-E/G was the top-grade model, equipped with a multi-voice warning system."
Nissan,Leopard Turbo 2000SGX,Leopard Turbo 2000SGX (1982 : PF30),Leopard,PF30,PF30,1982,Road,Road,"V6, OHC",NA,1998,NA,5600,206,3200,NA,1250,2625,4630,1690,1345,https://www.nissan-global.com/EN/HERITAGE_COLLECTION/img/modelDetail/uploader/data/en/Web/1317091673950064470.jpg,https://www.nissan-global.com/EN/HERITAGE_COLLECTION/leopard_turbo_2000sgx.html,"The first-generation Leopard (F30), designed to be a specialty car, was launched in September 1980. This well-appointed hardtop was available in both 4-door and 2-door versions, with a choice of two engines: the 2,000cc L20 or the 2,800cc L28. There was a minor change in 1982, when it was equipped with the world's first steering switches by optical communications."
Nissan,March Super Silhouette,March Super Silhouette (1982 : K10),March,K10,K10,1982,Competition,Competition,"4-cyl. inline, OHC",NA,1487,NA,8000,172,6400,NA,NA,2300,3735,1580,1335,https://www.nissan-global.com/EN/HERITAGE_COLLECTION/img/modelDetail/uploader/data/en/Web/1317101561912003276.jpg,https://www.nissan-global.com/EN/HERITAGE_COLLECTION/march_super_silhouette.html,"The first generation March K10 was rolled out in 1982. The image character was a popular singer/actor Masahiko ""Matchy"" Kondo and the model became very popular due to appealing copies such as ""Matchy's March"" and ""Super Idol"". This car is one and only special machine with a similar appearance to that of racing machines of ""Super Silhouette (Group 5)"". It was manufactured for M. Kondo who was known as a car lover and wanted to be a racing driver. Mounted engine of E15 (1500cc, OHC) was tuned up to 160ps. The impressive body riveted people's attention. M. Kondo practiced driving technique for motor sports on this car around 1983 and started a career as a racing driver."
Nissan,Nissan 240RS,Nissan 240RS (1982: BS110),NA,BS110,BS110,1982,Competition,Competition,"4-cyl. inline, 4-valve DOHC",NA,2340,250,7600,250,6000,NA,1020,2400,4330,1800,1310,https://www.nissan-global.com/EN/HERITAGE_COLLECTION/img/modelDetail/286/high.jpg,https://www.nissan-global.com/EN/HERITAGE_COLLECTION/286_nissan_240rs.html,"The third generation Silvia S110 released in 1979 and its variation car Gazelle were closely connected with motor sports such as Super Silhouette Races and WRC. This is 240RS that was developed based on S110 as Group B rally car to participate in WRC, and the number of produced units was more than 200. Markets were mainly overseas and many of them were left-hand drive cars. FJ24 engine (4-valve DOHC, 2340cc) generated 240ps in the standard specs and FJ24rev. for works machines generated as much as 275ps. The best achievement was the second-place finish at Rally New Zealand in 1983. This car was restored to the state at the debut race by Nissan Restoration Club in 2006."
Nissan,Nissan Fairlady 280Z-T 2-seater T-top,Nissan Fairlady 280Z-T 2-seater T-top (1982: HS130),Fairlady Z,HS130,HS130,1982,Road,Road,"6-cyl. inline, OHC",NA,2753,155,5200,230,4000,NA,1280,2320,4420,1690,1295,https://www.nissan-global.com/EN/HERITAGE_COLLECTION/img/modelDetail/464/high.jpg,https://www.nissan-global.com/EN/HERITAGE_COLLECTION/464_fairlady_280z_t_2_seater_t_top.html,"Fairlady Z, unusual for sports car, became a global hit when it was rolled out in 1969. It was evolved into the second generation S130 at a full-model change in 1978. Lineup in Japan was ""Z"" with 6-cyl. inline OHC, 2000cc engine and ""280Z"" with 2800cc engine. It is known as ""DATSUN 280ZX"" in overseas. This is two-seater 280Z with Japan's first ""T-top"" that built a sense of openness. Since T-top structure provided much more rigidity of body than fully openable roof, could meet severe collision safety standards, and required no big modification of body structure, it became prevalent in US in 1980s. This car is specially colored in black and silver."
Nissan,Nissan Laurel Givenchy Version,Nissan Laurel Givenchy Version (1982: HC31),Laurel,HC31,HC31,1982,Road,Road,"6-cyl. inline, OHC with turbo",NA,1998,145,5600,206,3200,NA,1280,2670,4675,1690,1380,https://www.nissan-global.com/EN/HERITAGE_COLLECTION/img/modelDetail/512/high.jpg,https://www.nissan-global.com/EN/HERITAGE_COLLECTION/512_laurel_givenchy_version.html,"The fourth-generation Laurel C31 Series released in 1980 was a luxury sedan with aerodynamic styling and high basic performance. From 1981 the world-renowned fashion designer Hubert de Givenchy served as the image character, and furthermore in 1982, a limited release of 500 ""Givenchy version"" cars was made in collaboration with the Givenchy brand. The car here is the favorite car of Shotaro Shimomura, the 12th generation head of the Shimomura family known for founding the Daimaru department store chain. The car has a piece of trivia related to it, for on the occasion of the 30-year Givenchy retrospective in 1983, Givenchy himself, who was a close friend of Shimomura, and the actor Audrey Hepburn, who was visiting Japan for the first time, rode in the car between Itami Airport and the Shimomura residence (Daimaru Villa in Kyoto). After the owner passed, it was preserved in the garage of the Daimaru Villa, and in 2022, it was generously donated to Nissan Heritage Collection."
Nissan,Nissan Silvia Coupe Turbo ZSE-X,Nissan Silvia Coupe Turbo ZSE-X (1982: S110),Silvia Gazelle,S110,S110,1982,Competition,Competition,"4-cyl. inline, OHC with turbo",NA,1770,135,6000,196,3600,NA,1125,2400,4400,1680,1310,https://www.nissan-global.com/EN/HERITAGE_COLLECTION/img/modelDetail/496/high.jpg,https://www.nissan-global.com/EN/HERITAGE_COLLECTION/496_silvia_coupe_turbo_zse_x.html,"""Silvia"" is a Nissan's leading specialty car. The third generation S110 and its sibling car Gazelle were rolled out at the same time in 1979. 2-door hardtop with square 4-bulb headlights was added in March, and 3-door hatchback with ""Z-car""-like large tailgate in August. Lineup was expanded later by adding ""RS"" that shared FJ20E engine (4-valve DOHC) with ""Skyline RS"", and models with Z18E·T turbo engines. As was typical in 1980s, it was equipped with many futuristic technologies such as digital meters, drive assist computer almost as functional as rally computers, voice information, and world's first sound recognition power windows. This is Turbo ZSE-X in 1982."
Nissan,Silvia,Silvia (1982 : S110),Silvia Gazelle,S110,S110,1982,Competition,Competition,"4-cyl. inline, DOHC",NA,1975,NA,7600,221,5600,NA,1150,2400,4400,1680,1310,https://www.nissan-global.com/EN/HERITAGE_COLLECTION/img/modelDetail/uploader/data/en/Web/1317167791741021243.jpg,https://www.nissan-global.com/EN/HERITAGE_COLLECTION/silvia093.html,"The third-generation Silvia, the S110, was launched in March 1979 and the RS version, with the FJ20 engine, was launched in April 1982.Overseas, the export-specification rally car (LZ20B engine) performed well in the Safari Rally as the successor to the Violet (PA10). It was 3rd overall in the 1982 Safari Rally."
Nissan,Sunny 1500 SGL Extra,Sunny 1500 SGL Extra (1982 : HB11),Sunny,HB11,HB11,1982,Road,Road,"4-cyl. inline, OHC",NA,1487,NA,6600,121,3600,NA,800,2400,4050,1620,1390,https://www.nissan-global.com/EN/HERITAGE_COLLECTION/img/modelDetail/099/high.jpg,https://www.nissan-global.com/EN/HERITAGE_COLLECTION/sunny_1500_sgl_extra.html,"Rear-wheel drive cars transitioned to front-wheel drive (FWD) cars in the first half of 1980s for higher space efficiency and most of them adopted FWD with ""transverse engine layout"". The Nissan's first FWD car was ""Cherry"" in 1970. The fifth generation Sunny B11 in 1981 was the third product line of FWD car after ""Pulsar"" and ""Violet Liberta"". Mounted engine was mainly E (1300cc and 1500cc, 4 cylinders) developed for FWD. Lineup was sedan, 3-door, and 5-door wagon (named ""California""). This car is 1500cc sedan, the best-selling model at the time. This generation was the first model that was sold in US market as NISSAN Sentra. Annual output of B11 in 1983 was the largest among world top-selling models like VW Golf and Toyota Corolla."
Nissan,Vanette Largo Coach,Vanette Largo Coach,NA,NA,NA,1982,Road,Road,NA,NA,NA,NA,NA,NA,NA,NA,NA,NA,NA,NA,NA,https://www.nissan-global.com/EN/HERITAGE_COLLECTION/img/thumbs/416_vanette_largo_coach.jpg,https://www.nissan-global.com/EN/HERITAGE_COLLECTION/1980.html#no-416,NA
Nissan,Violet,Violet (1982 : PA10),Violet,PA10,PA10,1982,Competition,Competition,"4-cyl. inline, DOHC",NA,1975,NA,7600,226,6000,NA,1080,2400,4080,1600,1390,https://www.nissan-global.com/EN/HERITAGE_COLLECTION/img/modelDetail/082/high.jpg,https://www.nissan-global.com/EN/HERITAGE_COLLECTION/violet_1982.html,"This is the car that won the 30th Safari Rally in the overall category in 1982 by exerting its high travelling performance and high reliability. That was the unprecedented 4th straight victory for both NISSAN and S. Mehta, the driver, and M. Doughty, the navigator, which made the headlines. The mounted engine was ""LZ20B"" with the in line 4-cyl DOHC, the displacement of 1,975cc, and the max. power of 230ps as was specified by the Group 4 rules. Although Violet Model PA10 had a well-balanced chassis and an engine that had both high power and endurance, it retired as a rally car with the glittering record because rules on vehicles of Groups 2 and 4 terminated in that year. In 2009, ""NISSAN Restoration Club"" fully restored it, while keeping damages as they are, to hand down the car to the next generation."
Nissan,Bluebird Super Silhouette,Bluebird Super Silhouette (1983 : KY910),Bluebird,KY910,KY910,1983,Competition,Competition,"4-cyl. inline, DOHC",NA,2082,NA,7600,539,6400,NA,1000,2490,5120,2000,1250,https://www.nissan-global.com/EN/HERITAGE_COLLECTION/img/modelDetail/uploader/data/en/Web/1317171913462024931.jpg,https://www.nissan-global.com/EN/HERITAGE_COLLECTION/bluebird_super_silhouette.html,"Despite retaining the form of the production car, this monster machine is a ""Super Silhouette,"" a race category introduced into Japan in 1979. Driven by H. Yanagida, this Bluebird won the championship title twice, in 1980 and 1982. In the 1983 Fuji GC series, it won 3 rounds out of 4. It also won the Tsukuba event, displaying overwhelming power."
Nissan,Laurel 4-door Sedan 2000 Medalist,Laurel 4-door Sedan 2000 Medalist (1983 : HJC31),Laurel,HJC31,HJC31,1983,Road,Road,"6-cyl. in-line, OHC",NA,1998,NA,6000,167,4400,NA,1145,2670,4635,1690,1380,https://www.nissan-global.com/EN/HERITAGE_COLLECTION/img/modelDetail/uploader/data/en/Web/1317085796914082874.jpg,https://www.nissan-global.com/EN/HERITAGE_COLLECTION/laurel_sedan_2000.html,"The first-generation Laurel, the C30, was launched in April 1968. Following two full model changes in April 1972 and January 1977, the fourth-generation model, the C31, was launched on November 5, 1980. The C31 was distinguished by its simple and clean styling. Its slanted nose and low hood gave the C31 superior aerodynamics (Cd: 0.38). It was the first Laurel to be equipped with a turbocharger and Engine Central Control System (ECCS), and it also offered several features to improve cabin comfort: an improved suspension, a roomier interior, auto-levelizer (a device to maintain vehicle height automatically), Japan's first automatic seat-setter with a seat lifter that can adjust steplessly, computer-controlled automatic air conditioner, and high-quality audio system. Eight engines were available: the 4-cylinder Z18 and Z20; the 6-cylinder L20, L20E, L20ET and L28E; and the diesel LD20 and LD28. Also, the wide range of basic model types included 38 sedans and 20 hardtops. Top of the line was the Medalist, powered by either a 2,000cc or 2,800cc gasoline engine and equipped with an auto-levelizer, computer-controlled automatic air conditioner, high-quality audio system, and ASCD (Automatic Speed Control Device) as standard."
Nissan,NISSAN 300ZX Turbo T-top 50th Anniversary,NISSAN 300ZX Turbo T-top 50th Anniversary (1983 : HZ31),Fairlady Z,HZ31,HZ31,1983,Road,Road,"V6, OHC with turbo",NA,2960,200,5200,308,3600,NA,NA,2320,4335,1295,NA,https://www.nissan-global.com/EN/HERITAGE_COLLECTION/img/modelDetail/472/high.jpg,https://www.nissan-global.com/EN/HERITAGE_COLLECTION/nissan_300ZX_50th.html,"The accumulated production of ""Fairlady"" series since DATSUN Fairlady SPL212/213 in 1960 reached one million in 1983 when the third generation Fairlady Z (Z31) was rolled out. Its newly developed compact ""VG"" engine (V6, 2000cc and 3000cc) was a hot topic. Weight balance of entire vehicle was improved, which resulted in drastic improvement of traveling performance. The edgy form with traditional long nose/short deck and drag coefficient (Cd)=0.31 features semi-retractable headlights, called ""Parallel Rising Headlamps"". This is ""NISSAN 300ZX Turbo"" with VG30ET engine. It is of Canadian spec. and also of special edition on Nissan Motor's 50th anniversary in 1983."
Nissan,Silvia Super Silhouette,Silvia Super Silhouette (1983 : KS110),Silvia Gazelle,KS110,KS110,1983,Competition,Competition,"4-cyl. inline, DOHC",NA,2082,NA,7600,539,6400,NA,1050,2400,5000,1980,1250,https://www.nissan-global.com/EN/HERITAGE_COLLECTION/img/modelDetail/uploader/data/en/Web/1317175202080034079.jpg,https://www.nissan-global.com/EN/HERITAGE_COLLECTION/silvia_super_silhouette.html,"This is the machine driven by K. Hoshino at the Fuji Super Silhouette races (held between 1979 and 1984). Super Silhouette cars looked like production cars outside, but sported Formula car engineering inside. In accordance with international Group 5 regulations, the engine was the same twin-carb LZ20B (570PS) used in the Skyline Super Silhouette."
Nissan,Skyline 2000 Turbo RS,Skyline 2000 Turbo RS (1983: DR30),Skyline,DR30,DR30,1983,Competition,Competition,"4-cyl. inline, 4-valve DOHC + turbo",NA,1990,190,6400,NA,4800,NA,1165,2615,4595,1665,1385,https://www.nissan-global.com/EN/HERITAGE_COLLECTION/img/modelDetail/379/high.jpg,https://www.nissan-global.com/EN/HERITAGE_COLLECTION/379_skyline_2000_turbo_rs.html,"The sixth generation Skyline R30 released in 1981 was called “Newman Skyline” because the image character was Paul Newman, a Hollywood star and racing driver. FJ20E engine (4-cyl. 4-valve DOHC) mounted on 2000RS became very popular as the first DOHC engine on Skyline in eight years. 2000 Turbo RS was added in 1983 with FJ20E･T (190ps) engine that was a combination of FJ20E and turbo. The engine was so powerful that the car was called “The most powerful Skyline in history”. The front grille was removed at the minor change in August 1983 and so RS series cars was nicknamed “Iron mask” because of unique front end without grille. This car is 2000 Turbo RS of the early spec"
Nissan,Skyline 2000 Turbo RS,Skyline 2000 Turbo RS (1983: DR30),Skyline,DR30,DR30,1983,Competition,Competition,"4-cyl. inline, 4-valve DOHC + turbo",NA,1990,190,6400,225,4800,NA,1175,2615,4595,1665,1360,https://www.nissan-global.com/EN/HERITAGE_COLLECTION/img/modelDetail/430/high.jpg,https://www.nissan-global.com/EN/HERITAGE_COLLECTION/430_skyline_2000_turbo_rs.html,"The 6th generation Skyline R30 released in 1981 was called ""Newman Skyline"" because Paul Newman, an actor and racing driver, appeared as a poster boy. A new face ""2000 RS"" with ""FJ20"" engine of 4-cyl. 4-valve DOHC became very popular along with 2000GT Turbo since the 5th generation. ""Turbo RS"" with turbo-charged FJ20 engine made a debut in 1983. Its max. output was 190ps which was the highest of all the Skyline cars in generations. Although its sales copy was ""Most powerful Skyline ever,"" it didn't proclaim itself ""GT-R."" This car is ""2000 Turbo RS"" with horizontal grills in the earlier days. The model was used in very popular police dramas televised in Japan in 1980s."
Nissan,Skyline Hatchback 2000GT-EX,Skyline Hatchback 2000GT-EX,Skyline,NA,NA,1983,Road,Road,NA,NA,NA,NA,NA,NA,NA,NA,NA,NA,NA,NA,NA,https://www.nissan-global.com/EN/HERITAGE_COLLECTION/img/thumbs/382_skyline_hatchback_2000gt-ex.jpg,https://www.nissan-global.com/EN/HERITAGE_COLLECTION/skyline.html#no-382,NA
Nissan,Skyline Super Silhouette,Skyline Super Silhouette (1983 : KDR30),Skyline,KDR30,KDR30,1983,Competition,Competition,"4-cyl. inline, DOHC",NA,2082,NA,7600,539,6400,NA,1005,2615,5065,1980,1239,https://www.nissan-global.com/EN/HERITAGE_COLLECTION/img/modelDetail/095/high.jpg,https://www.nissan-global.com/EN/HERITAGE_COLLECTION/skyline_super_silhouette.html,"In the Super Silhouette races that started in 1979, Masahiro Hasemi competed in the 1982 and 1983 seasons driving this machine. The category allowed heavy modifications and this monster, although the same as a production car on the outside, is the equivalent of a Formula racing car on the inside. Its dynamic performance won many fans. The engine is a LZ20B turbo (570PS). Its race debut was in May 1982 and it did extremely well, chalking up 2 wins in 1982 and 5 wins in 1983."
Nissan,Cedric 4-door Sedan GL,Cedric 4-door Sedan GL (1984 : NY30),Cedric Gloria,NY30,NY30,1984,Competition,Competition,NA,NA,NA,NA,5600,152,2400,NA,1340,2730,4690,1690,1455,https://www.nissan-global.com/EN/HERITAGE_COLLECTION/img/modelDetail/uploader/data/en/Web/1317091706565014222.jpg,https://www.nissan-global.com/EN/HERITAGE_COLLECTION/cedric_4door_sedan_gl.html,"Since the appearance of the first-generation model 30 (announced in March 1960, launched in April), the Cedric - noted for its impressive styling and advanced automotive technologies - has stood at the forefront of Japanese automobile manufacture, demonstrating consistent popularity in a broad range of applications, from personal to formal. The sixth-generation model Y30 was launched on June 22, 1983. This model attracted a great deal of interest as Japan's first passenger car to be powered by a V-type 6-cylinder OHC engine. Its distinctive styling featured a dignified front grille design and a stable, low-profile silhouette. The 4-door hardtop, 4-door sedan, station wagon and van all received high praise. Three versions of the newly developed VG engine were available for the Y30: the VG30E (180PS), VG20E (130PS), and VG20ET (170PS). New engine noise suppression, a lengthened wheelbase (+40mm), double vibration proofing for the suspension, and flush body surfaces all contributed to ensuring a quiet and comfortable interior. In addition to the VG engine, 3 other engines were available: the economical LD28 (6-cylinder in-line diesel), CA20S (4-cylinder in-line gasoline, available for the sedan & van), and CA20P (LPG, available for the sedan). These engines were mainly used for the sedan since it is the first choice for formal (limousine/taxi) applications. Two engines were available for limousine rental specifications: the LD28 (diesel) and CA20P (LPG)."
Nissan,Nissan Laurel 4-door Hardtop Turbo Medalist Eminence,Nissan Laurel 4-door Hardtop Turbo Medalist Eminence (1984: GC32),Laurel,GC32,GC32,1984,Road,Road,"V6, OHC with turbo",NA,1998,170,6000,216,4000,NA,1400,2670,4675,1690,1390,https://www.nissan-global.com/EN/HERITAGE_COLLECTION/img/modelDetail/493/high.jpg,https://www.nissan-global.com/EN/HERITAGE_COLLECTION/493_laurel_turbo_medalist_eminence.html,"Laurel was a groundbreaking product rolled in 1968 that created unprecedented ""personal luxury car for owners of upper class"" market. The fifth generation C32 was developed on the concept of ""most luxurious saloon that appeals to sensibility of the driver"" and rolled out in 1984. Advanced technologies adopted included world's first ""power-folding door mirror"", world's first ""automatic glare-proof rearview mirror"", and raindrop sensing automatic wiper. Newly-developed ""RB"" engine (6-cyl. inline) was one of the topics. This is V20 Turbo Medalist Eminence with VG20E·T engine, the top-of-the-line model with power-folding door mirror and automatic wiper equipped as standard."
Nissan,Prairie JW-G,Prairie JW-G (1984 : M10),Prairie Terrano,M10,M10,1984,Road,Road,"4-cyl. inline, OHC",NA,1809,NA,5600,149,2800,NA,1020,2510,4090,1655,1600,https://www.nissan-global.com/EN/HERITAGE_COLLECTION/img/modelDetail/159/high.jpg,https://www.nissan-global.com/EN/HERITAGE_COLLECTION/Prairie_JW_G.html,"The first-generation Prairie was a pioneer in the multipurpose RV market, which eventually led to today's popular minivans. It was launched in August 1982. Thanks to its FF design, it offered two sliding side doors on both sides, without the obstruction of a central pillar, something not seen on any other passenger vehicle at the time. This made getting in and out much easier. The JW-G was an 8-seater; a 5-seater and 3/6-seater were also available."
Nissan,Pulsar Milano X-1,Pulsar Milano X-1 (1984 : RHN12),Pulsar,RHN12,RHN12,1984,Competition,Competition,"4-cyl. inline, OHC",NA,1487,NA,6000,123,3600,NA,880,2415,4095,1620,1390,https://www.nissan-global.com/EN/HERITAGE_COLLECTION/img/modelDetail/uploader/data/en/Web/1317101240014012817.jpg,https://www.nissan-global.com/EN/HERITAGE_COLLECTION/Pulsar_Milano_X.html,"Launched in 1982, this is the racing version of the second-generation Pulsar. A normal engine was used for the normal car races. To adapt it for circuit racing, the suspension was strengthened and equipment such as a roll bar, extinguisher, and kill switch were installed to meet safety regulations. The base vehicle was the 3-door hatchback Milano X-1 (launched in March 1984)."
Nissan,Pulsar Milano X-1,Pulsar Milano X-1 (1984 : RHN12),Pulsar,RHN12,RHN12,1984,Competition,Competition,"4-cyl. inline, OHC",NA,1487,NA,6000,123,3600,NA,880,2415,4095,1620,1390,https://www.nissan-global.com/EN/HERITAGE_COLLECTION/img/modelDetail/uploader/data/en/Web/1317100836402041929.jpg,https://www.nissan-global.com/EN/HERITAGE_COLLECTION/Pulsar_Milano_X-1.html,"As with No. 101 above, the Milano X-1(launched in March 1984) was used as the basis for this racing version. It performed well in national rookie races (normal car races), such as the Fuji Freshman Race. The engine is normal, but the suspension was strengthened and safety equipment required for racing - such as the roll bar and extinguisher - added."
Nissan,Skyline 2000 Turbo RS Intercooler,Skyline 2000 Turbo RS Intercooler (1984 : DR30),NA,DR30,DR30,1984,Competition,Competition,"4-cyl. inline, 4-valve DOHC with turbo",NA,NA,205,6400,245,4400,NA,1235,2615,4620,1675,1385,https://www.nissan-global.com/EN/HERITAGE_COLLECTION/img/modelDetail/270/high.jpg,https://www.nissan-global.com/EN/HERITAGE_COLLECTION/skyline_2000_Turbo_RS_Intercooler.html,"The sixth generation Skyline R30 rolled out in 1981 is called ""Newman Skyline"" since the image character was an actor/racing driver Paul Newman. ""2000RS"" series with ""FJ20"" engine (4-cyl. 4-valve, DOHC), as well as 2000GT turbo series, won popularity. "" Turbo RS"" with FJ20 turbo engine was added in 1983. "" The Most Powerful Skyline"" was the copy since its max. output reached 190ps, the highest among all the Skyline models. RS series underwent a minor change in 1983 to have a unique front mask without front grille and was called ""Iron Mask"". Turbo RS became ""Turbo Intercooler RS"" with the output of 205ps in 1984. This car is ""Turbo Intercooler RS·X"" of the higher grade."
Nissan,Cedric 4-door Hardtop V30 Turbo Brougham VIP,Cedric 4-door Hardtop V30 Turbo Brougham VIP (1985 : PY30),Cedric Gloria,PY30,PY30,1985,Road,Road,NA,NA,NA,NA,5200,333,3600,NA,1570,2730,4860,1720,1410,https://www.nissan-global.com/EN/HERITAGE_COLLECTION/img/modelDetail/uploader/data/en/Web/1317090822342081205.jpg,https://www.nissan-global.com/EN/HERITAGE_COLLECTION/cedric_4_door_hardtop_v30_turb.html,"Since the first-generation model (30) appeared in April 1960, the Cedric has been at the forefront of the luxury sedan market, a domestically manufactured passenger car that truly represents Japan. The sixth-generation Y30 was launched on June 22, 1983. Attracting attention as the first Japanese passenger car with a V6 engine (VG30E/VG20E), the Y30 also featured a wealth of advanced electronic technologies, including the world's first automatic windshield wiper system with rain sensor and intermittent mode, electronic radio tuner (turbo models) with track display and program reservation, illuminated (EL) hood mascot, and computer-controlled fully automatic air conditioner. On January 9, 1984, the V30E Brougham VIP debuted as the top-of-the-line model, complete with such standard equipment as computer-controlled power seats (position memory for all 4 seats). And on June 18 of that year the lineup gained two new models, the Turbo Brougham VIP and Turbo Brougham, both powered by the same turbocharged VG30ET engine (max. output: 230PS) used on the Fairlady Z. The V30 Turbo Brougham VIP had improved suspension and brakes, and came with such standard equipment as an auto-levelizer to maintain vehicle height, and computer-controlled power seats. The wide range of options included genuine leather seats, keyless entry system, JBL speaker system, and fiber-optic steering wheel switches."
Nissan,DATSUN Pickup Long Body Deluxe,DATSUN Pickup Long Body Deluxe (1985: CG720),NA,CG720,CG720,1985,Road,Road,"4-cyl. inline, OHC",NA,1595,NA,5000,134,3200,NA,1115,2815,4690,1660,1530,https://www.nissan-global.com/EN/HERITAGE_COLLECTION/img/modelDetail/109/high.jpg,https://www.nissan-global.com/EN/HERITAGE_COLLECTION/DATSUN_Pickup_Long_Body_Deluxe.html,"Nissan's commercial vehicle ""DATSUN Truck (Pickup)"" has been on the market since early days of the company and now it's known as ""NISSAN NP300 Navara"" in the global market. 720 rolled out in 1979 had a linear and sharp form like Silvia S110 (200SX in US) that was on the market at the time. Introduction of the first 4WD model to lineup to respond to increasing demand for recreation use was a big turning point. Production of the model started at Nissan Motor Manufacturing Corp. (current Nissan North America Inc.) in Smyrna, Tennessee in 1983 to meet the demand for pickup trucks in US. This is"" Flat Bed Long body Deluxe"" with Z16 engine after a minor change in 1982."
Nissan,EV Guide-II (Electric Vehicle),EV Guide-II (Electric Vehicle) (1985 : -),Concept Cars,NA,NA,1985,Road,Road,NA,NA,NA,NA,NA,NA,NA,16,1525,2300,4090,1620,2180,https://www.nissan-global.com/EN/HERITAGE_COLLECTION/img/modelDetail/uploader/data/en/Web/1317114067498029531.jpg,https://www.nissan-global.com/EN/HERITAGE_COLLECTION/ev_guide-ii_electric_vehicle.html,"The EV Guide (type II) was exhibited at the 26th Tokyo Motor Show in 1985 and is a one-box type, six-seater electric car (remodeled after the show to add a roof). The clean performance of this electric car made it ideal for transporting royalty and other state guests on VIP factory visits, and it performed admirably as a guide car for many years."
Nissan,Fairlady 200ZG,Fairlady 200ZG (1985 : GZ31),Fairlady Z,GZ31,GZ31,1985,Competition,Competition,"V6, OHC",NA,1998,NA,6000,216,3600,NA,1270,2520,4535,1690,1310,https://www.nissan-global.com/EN/HERITAGE_COLLECTION/img/modelDetail/uploader/data/en/Web/1317171316405090057.jpg,https://www.nissan-global.com/EN/HERITAGE_COLLECTION/fairlady_200zg.html,"The third-generation Z (Z31) was launched in 1983, the same year as the Fairlady production total passed 1 million units. Unlike the 2.8-liter, the 3.0-liter model was the first in Japan to use a V6 turbo engine and attracted much interest. Its beautiful silhouette, boasting a drag coefficient (Cd) of 0.31, and its unique parallel-rising headlights were very popular."
Nissan,"Fairlady Z 300ZX, Japanese Rally Championship in 1985","Fairlady Z 300ZX, Japanese Rally Championship in 1985 (1985 : HZ31)",Fairlady Z,HZ31,HZ31,1985,Competition,Competition,"V6, OHC",NA,2960,NA,5200,333,3600,NA,1325,2320,4335,1725,1295,https://www.nissan-global.com/EN/HERITAGE_COLLECTION/img/modelDetail/uploader/data/en/Web/1317179372908095309.jpg,https://www.nissan-global.com/EN/HERITAGE_COLLECTION/fairlady_z_300zx_100.html,"Japan's world famous sportscar Fairlady Z evolved into the third generation Z31 in 1983. Its sharp styling with traditional long nose and short rear deck made a vivid impression. The hottest topic was newly designed turbo engine of V6 (only 2000cc and 3000cc in early days). V6 engine that was more compact than inline engine improved weight distribution and drastically improved dynamic performance. This car is ""300ZX"" of rally spec with VG30ET engine (3000cc, 230ps). At Japanese Rally Championship in 1985, this machine showed stable performance in each round, won first place in the 6th and 7th rounds, and finally won the series championship."
Nissan,Leopard 4-door Hardtop 200X ZGX,Leopard 4-door Hardtop 200X ZGX (1985 : PF30),Leopard,PF30,PF30,1985,Road,Road,NA,NA,NA,NA,6000,167,4400,NA,1260,2625,4630,1690,1355,https://www.nissan-global.com/EN/HERITAGE_COLLECTION/img/modelDetail/uploader/data/en/Web/1317090268182072622.jpg,https://www.nissan-global.com/EN/HERITAGE_COLLECTION/leopard_hardtop.html,"The first-generation Leopard (F30), with its innovative styling and advanced technologies, was presented as a ""new genre, new age car"", providing high performance and high quality. It was launched on September 30, 1980 with its sibling, the Leopard TR-X (F30Y). The F30's styling was instantly recognizable: it combined smooth curves and sharp lines to create a dynamic, streamlined form. It also featured a slanted nose with headlights set at 26.5 degrees (the highest angle for a domestic model) and sharply slanted windshield, giving it excellent aerodynamic performance (Cd: 0.37). The interior was distinguished by its elegant soft-trim finish, used throughout the cabin. The F30 was equipped with the world's first electronic multi-meter, a drive computer, an audio system with auto-volume control (the first of its type in a Japanese car), tilting/telescopic steering column, and automatic air conditioner (standard equipment for the top-of-the-line model). Nissan also adopted several advanced technologies to ensure a comfortable ride - zero-scrub suspension, ventilated disc brakes (all models), and Japan's first auto-levelizer (standard equipment on the top-grade SF-L). To start with, there was a choice of 2 series, the 4-door hardtop and 2-door hardtop, plus 3 engines: the L28E, L20E, and Z18S. On July 28 of the following year, the L20E turbo engine was added to the lineup. Also, on the September 20, 1982, following a minor change, the front grille was changed to a transparent plastic type. Launched at that time, the 200XZGX was the top of the non-turbo line, equipped with the world's first fiber-optic steering wheel switches (ASCD and audio switches mounted in the center pad), and high-quality plain-weave cloth upholstery as standard."
Nissan,March Collet,March Collet (1985 : K10),March,K10,K10,1985,Road,Road,"4-cyl. inline, OHC",NA,987,NA,6000,78,3600,NA,655,2300,3645,1560,1395,https://www.nissan-global.com/EN/HERITAGE_COLLECTION/img/modelDetail/187/high.jpg,https://www.nissan-global.com/EN/HERITAGE_COLLECTION/march_collet.html,"The first-generation March (K10) was launched in October 1982. In April 1983, the fashionable, high-quality ""Collet"" was added to the lineup (based on the top grade G). Chic and luxurious, the Collet proved very popular with the young crowd and women. In February 1985, the first minor change was carried out."
Nissan,Nissan GTP ZX-Turbo (1985 : (LOLA)),Nissan GTP ZX-Turbo (1985 : (LOLA)),Racing Car,(LOLA,(LOLA,1985,Competition,Competition,"V6, DOHC",NA,2966,NA,8000,686,5500,NA,860,2705,4800,2000,1016,https://www.nissan-global.com/EN/HERITAGE_COLLECTION/img/modelDetail/uploader/data/en/Web/1317191985666064101.jpg,https://www.nissan-global.com/EN/HERITAGE_COLLECTION/nissan_gtp_zx_turbo.html,"This machine took part in the GTP Series of the US IMSA GT Championship. In 1988 G. Brabham won the Driver's Championship in it. The V6 engine is a modified VG30ET. California-based Electramotive Engineering was responsible for developing and racing the vehicle, winning the Constructor's Championship in 1989, 1990 and 1991."
Nissan,Nissan Safari 4WD Hardtop Standard roof AD,Nissan Safari 4WD Hardtop Standard roof AD (1985 : VR161),NA,VR161,VR161,1985,Road,Road,"6-cyl. inline, OHV, diesel",NA,3246,95,3600,216,1800,NA,1880,2350,4230,1690,1845,https://www.nissan-global.com/EN/HERITAGE_COLLECTION/img/modelDetail/148/high.jpg,https://www.nissan-global.com/EN/HERITAGE_COLLECTION/Nissan_Safari_4WD_Hardtop_Standard_roof_AD.html,"The first generation ""Patrol"" was rolled out in 1951. In Japan, it became ""Safari"" when the third generation 160 was rolled out in 1980. In overseas countries, it continues to be Patrol, a time-proven brand with the robust frame and reliable rigid suspension with leaf springs. 160 had user-friendly equipment and interior to enhance passengers' comfort to satisfy the demand for 4WD cars for recreation. Safari in Japan started with SD33 engine (3300cc, 95ps, diesel) and evolved into 161 in 1983 that featured SD33T engine (120ps, diesel with turbo) and 5-speed manual transmission. High roof van type model was also added to lineup. This is the car of ""AD"" (adventure) grade in 1985."
Nissan,Nissan Skyline GT Twin-cam 24V Turbo Passage,Nissan Skyline GT Twin-cam 24V Turbo Passage (1985: HR31),Skyline,HR31,HR31,1985,Competition,Competition,"6-cyl. inline, 4-valve DOHC with turbo",NA,1998,NA,6400,245,3600,NA,1460,2615,4650,1690,1385,https://www.nissan-global.com/EN/HERITAGE_COLLECTION/img/modelDetail/366/high.jpg,https://www.nissan-global.com/EN/HERITAGE_COLLECTION/366_skyline_gt_twin_cam_24v_turbo_passage.html,"Known as ""Seventh"", the R31 Skyline appeared in 1985 with full model change. The upper-grade model introduced many new features: newly developed RB20DE (165ps) straight-six engine with 4-valve DOHC, its turbocharged version RB20DET (210ps), and ""HICAS"", the first suspension that allows the rear wheels to form angles according to lateral gravity and speed. Additionally, it was the first model with ""Card Entry System"" which was the origin of the today's ""Intelligent Key"". This ""Passage Twin Cam 24V Turbo"" was the fastest model at the time of its debut. Later in 1986, the long-awaited two-door coupe was released. The coupe model played an active part in touring car races."
Nissan,Pulsar EXA Convertible,Pulsar EXA Convertible (1985 : HN12rev.),Pulsar,HN12rev.,HN12rev.,1985,Competition,Competition,"4-cyl. inline, OHC",NA,1487,NA,5600,121,3600,NA,905,2415,4125,1620,1340,https://www.nissan-global.com/EN/HERITAGE_COLLECTION/img/modelDetail/uploader/data/en/Web/1317099900377055692.jpg,https://www.nissan-global.com/EN/HERITAGE_COLLECTION/Pulsar_EXA_Convertible.html,"Pulsar EXA rolled out in 1982 is a coupe model of Pulsar. The daring form with slanting retractable headlights was designed to pursue an image totally different from that of Pulsar sedan or hatchback. One-make race was held for EXA, a compact sporty model. This ""Convertible"" was rolled out in 1985 as a commemorative car of 15th anniversary of dealers of NISSAN Cherry. The number of production was only 100. This car is manufactured based on EXA 5-speed MT. The soft-top is made of specially woven cloth with high weatherproof and waterproof performance and organic glass of polycarbonate series is adopted for better rearward visibility."
Nissan,Skyline GT Passage Twin-cam,Skyline GT Passage Twin-cam (1985 : KRR31),Skyline,KRR31,KRR31,1985,Competition,Competition,"6-cyl. inline, DOHC",NA,1998,NA,NA,343,NA,NA,NA,2615,4660,1690,1385,https://www.nissan-global.com/EN/HERITAGE_COLLECTION/img/modelDetail/uploader/data/en/Web/1317119639126057033.jpg,https://www.nissan-global.com/EN/HERITAGE_COLLECTION/skyline_gt_passage.html,"The seventh-generation Skyline (R31), commonly known as the ""Seven"", was launched in August 1985. With this model, the 6-cylinder DOHC was reintroduced and in autumn that same year, a race-specification machine was exhibited at the Tokyo Motor Show, where it attracted longing looks from visitors. From 1986 it competed in the All Japan Championship, in which driver A. Suzuki clinched the Constructor and Driver categories."
Nissan,Bluebird 4H/T V6 Turbo Maxima Legrand,Bluebird 4H/T V6 Turbo Maxima Legrand (1986 : PU11),Bluebird,PU11,PU11,1986,Road,Road,"V6, OHC",NA,1998,NA,6000,216,4000,NA,1380,2550,4590,1690,1370,https://www.nissan-global.com/EN/HERITAGE_COLLECTION/img/modelDetail/uploader/data/en/Web/1317170126429040484.jpg,https://www.nissan-global.com/EN/HERITAGE_COLLECTION/bluebird_turbo_maxima_2.html,"The Bluebird U11 (seventh-generation) was launched in October 1983. The Maxima was launched in October of the following year as the high-end version. As an FF car, it was Japan's first to use the V6 engine. Distinctive was its nose, which was 90mm longer than the U11. The most advanced version, the Legrand, was equipped as standard with a high-quality audio system and an ultrasonic, electronically controlled suspension."
Nissan,Leopard Turbo 200XS-II,Leopard Turbo 200XS-II (1986 : GF31),Leopard,GF31,GF31,1986,Road,Road,"V6, OHC",NA,1998,NA,6000,209,3600,NA,1370,2615,4680,1690,1370,https://www.nissan-global.com/EN/HERITAGE_COLLECTION/img/modelDetail/uploader/data/en/Web/1317090640906016455.jpg,https://www.nissan-global.com/EN/HERITAGE_COLLECTION/leopard_turbo_200xs.html,"The second-generation Leopard (F31) was launched in February 1986 as a stylish 2-door coupe equipped with a newly developed V6 engine (VG30/VG20). The Altima, the most luxurious grade, featured an electronically controlled suspension with ultrasonic sonar, thereby living up to its concept as a specialty car."
Nissan,Nissan EXA Canopy Type B,Nissan EXA Canopy Type B (1986 : KEN13),Pulsar,KEN13,KEN13,1986,Road,Road,"4-cyl. inline, 4-valve DOHC",NA,1598,120,6400,137,5200,NA,1080,2430,4230,1680,1295,https://www.nissan-global.com/EN/HERITAGE_COLLECTION/img/modelDetail/317/high.jpg,https://www.nissan-global.com/EN/HERITAGE_COLLECTION/nissan_exa_canopy.html,"The third generation Pulsar N13 was released in May 1986 and its coupe model branched off to Nissan EXA (KEN13) in October in the same year. ""Coupe"" itself was a center of attention because of retractable headlamps and T-Top, but ""Canopy"" with removable rear roof was a hotter topic as an unconventional unique car. Styling was designed by NDA (former Nissan Design International: NDI) in U.S. Removable rear hatch and canopy could be switched on cars for export, which was unfortunately not allowed in Japan by regulations. T-Top was also removable. So, users could enjoy changing styling. This car is ""Type B"" of the upper grade with canopy and alloy wheels."
Nissan,Nissan R85V,Nissan R85V (1986 : R85V),Racing Car,R85V,R85V,1986,Competition,Competition,"V6, DOHC",NA,2966,NA,8000,686,5500,NA,880,2670,4794,1994,1069,https://www.nissan-global.com/EN/HERITAGE_COLLECTION/img/modelDetail/uploader/data/en/Web/1317192909663011582.jpg,https://www.nissan-global.com/EN/HERITAGE_COLLECTION/nissan_r85v.html,"In the 1986 Le Mans, the Nissan (NISMO) team entered a pair of Group C cars. Sadly, the top Japanese machine in the qualifier, the #23 Nissan R86V Nichira (K. Hoshino, K. Matsumoto, A. Suzuki), was forced to retire. However, the #23 Nissan R85V Amada (Masahiro Hasemi, T. Wada, J. Weaver) attracted attention when it came in 16th overall in its debut race."
Nissan,Nissan R86V,Nissan R86V (1986 : R86V),Racing Car,R86V,R86V,1986,Competition,Competition,"V6, DOHC",NA,2966,NA,8000,686,5500,NA,850,2671,4794,1985,1094,https://www.nissan-global.com/EN/HERITAGE_COLLECTION/img/modelDetail/108/high.jpg,https://www.nissan-global.com/EN/HERITAGE_COLLECTION/nissan_r86v.html,"This is the racing car manufactured for All-Japan Sport Prototype Championship (JSPC) for Group C prototype racing cars in 1986. It has a chassis 86G manufactured by March Engineering Ltd. and a VG30 twin turbo engine of 3-liter V6 that generates over 680ps. It featured the improved aerodymanicperformance by the side radiator system. At 24 Hours of Le Mans in 1986, it finished 24th in the qualifying race with the drivers K. Hoshino, K. Matsumoto and A. Suzuki, but retired in the final. At JSPC, it was driven by K. Hoshino and A. Hagiwara in Round 1 and K. Hoshino and O. Nakakoin Rounds 3 and after. This is colored in the same colors at 24 Hours of Le Mans in 1986."
Nissan,Pulsar 3-door Hatchback Milano X-1 Twin-cam,Pulsar 3-door Hatchback Milano X-1 Twin-cam (1986 : EN13),Pulsar,EN13,EN13,1986,Road,Road,"4-cyl. in-line, DOHC",NA,1598,NA,6400,137,5200,NA,1030,2430,4030,1640,1380,https://www.nissan-global.com/EN/HERITAGE_COLLECTION/img/modelDetail/uploader/data/en/Web/1317175026375028264.jpg,https://www.nissan-global.com/EN/HERITAGE_COLLECTION/100000352_100000474.html,"The first-generation Pulsar, the N10, was launched in May 1978 and following two full model changes, the N13 was launched on May 7, 1986. The N13’s distinguishing feature was its sporty styling, which combined flowing curved surfaces and sharp lines. Three body types were available: the 3-door hatchback, the 5-door hatchback, and the 4-door saloon. There were also five engines: 4 gasoline (1,300cc, 1,500cc, and 1,600cc twin-cam) and a diesel engine (1,700cc). Altogether, there were 33 basic models in the lineup. The Milano X1 series was a sports-grade model available as a 3-door hatchback or 4-door saloon. The X1 twin-cam was positioned as the sportiest model, at the top end of the series. What attracted attention to this model, together with its newly developed 1,600cc twin-cam engine, was Japan’s first fully automatic full-time 4WD (viscous coupling type), adopted for the 4-door saloon 1500J1. This ground-breaking 4WD system - which automatically ensured optimal torque distribution to the front and rear wheels, providing an easy, safe drive - was highly praised; in fact, it was singled out in the awarding of the 1986-87 Japan Car of the Year title. In January 1987, to commemorate winning the 1986-87 Japan Car of the Year Award, the world’s first triple-viscous, fully automatic full-time 4WD car (Milano X1-E) was launched as a limited-edition model, and available as an option for the Milano X1 twin-cam was Japan’s first viscous LSD."
Nissan,Silvia Coupe Twin-cam Turbo RS-X,Silvia Coupe Twin-cam Turbo RS-X (1986 : S12),Silvia Gazelle,S12,S12,1986,Competition,Competition,"4-cyl. in-line, DOHC",NA,1809,NA,6400,201,4000,NA,1180,2450,4460,1670,1333,https://www.nissan-global.com/EN/HERITAGE_COLLECTION/img/modelDetail/uploader/data/en/Web/1317164913044061738.jpg,https://www.nissan-global.com/EN/HERITAGE_COLLECTION/silvia_coupe_twincam.html,"The Silvia (CSP311) was introduced in March 1965 and attracted attention as Japan's first specialty car. Following the S10 (launched October 1975) and S110 (launched March 1979), the S12, the fourth-generation model, was launched on August 23, 1983 (its sibling, the Gazelle, was launched at the same time). The Silvia was on the cutting edge, with its innovative styling and lively performance. The S12 was no exception: with its bold front mask and fully retractable headlights, a powerful wedge-type silhouette, and high-performance twin-cam 24-valve FJ20 engine, this unique car was very popular. Two body types were available: a coupe with a notchback roof, and a hatchback with a wide-opening rear gate. Following a minor change in February 1986, the FJ20ET and FJ20E engines were replaced with the new 1.8-liter twin-cam turbo 145PS (net) CA18DET engine, following which all models were powered by the CA18 family. The twin-cam turbo RS-X was the top-of-the-line model for both the coupe and hatchback series. Following a minor change in February 1986, it was equipped with an electronically controlled 4-speed lockup automatic transmission with overdrive that automatically switches between power and economy modes."
Nissan,Skyline 4-door Hardtop GTS Twin-cam 24V Turbo,Skyline 4-door Hardtop GTS Twin-cam 24V Turbo (1986 : KRR31),Skyline,KRR31,KRR31,1986,Road,Road,"6-cyl. in-line, DOHC turbo",NA,1998,NA,6400,240,4800,NA,1400,2615,4660,1690,1385,https://www.nissan-global.com/EN/HERITAGE_COLLECTION/img/modelDetail/uploader/data/en/Web/1317092562619065242.jpg,https://www.nissan-global.com/EN/HERITAGE_COLLECTION/skyline_4door.html,"The seventh-generation Skyline (R31) was launched on August 19, 1985 at a time when peoples' lifestyles and values were changing greatly. The R31 was a high-profile model that aimed to offer the sort of cutting-edge design and performance sought by a mature automotive society. The public already liked the R31's refined styling, which hinted at its superior drivability, but when a stylish 4-door hardtop was introduced, the Skyline's popularity soared even higher. A high-quality driving experience was the goal, and this was realized by the powerful, newly developed 6-cylinder in-line twin-cam 24-valve turbocharged RB20DET engine. These twin-cam engine models were also equipped with such advanced technologies as the breakthrough HICAS (High Capacity Actively-controlled Suspension) rear-wheel steering system. HICAS turns the rear wheels by as much as 0.5 of a degree in response to steering angle and car speed. A total of 32 basic models were available within the 2 types of body- 4-door sedan and 4-door hardtop - as well as 6 engines (RB20DET, RB20DE, RB20ET, RB20E, CA18S, and RD28). Starting with a 2-door sports coupe (equipped with a ceramic turbo engine) launched on May 22, 1986, ""GTS"" was positioned as a the twin-cam grade (later a twin-cam 4-door hardtop was also introduced), featuring HICAS, 4-wheel disc brakes, high-support seats and full-wheel covers as standard equipment."
Nissan,Be-1,Be-1 (1987 : BK10),Be 1 Pao,BK10,BK10,1987,Road,Road,"4-cyl. inline, OHC",NA,987,NA,NA,NA,NA,NA,700,2300,3635,1580,1395,https://www.nissan-global.com/EN/HERITAGE_COLLECTION/img/modelDetail/112/high.jpg,https://www.nissan-global.com/EN/HERITAGE_COLLECTION/Be_1_standardroof.html,"“Be-1” was exhibited as reference at the 26th Tokyo Motor Show in 1985. Its concept was “Coziness-oriented Car.” The car body was based on the first generation March K10, but its styling and interior reminded people of good old cars. The name come from “Plan B-1”. When the model was rolled out with a production limit of 10,000 in January 1987, more than 10,000 orders were made, and buyers were decided by lottery. Be-1 triggered the production of Nissan Pike Car Series of PAO and FIGARO. The meaning of the word “pike” was “edgy”, and pike cars were highly unique cars that were manufactured in limited volume."
Nissan,Be-1,Be-1 (1987 : BK10),Be 1 Pao,BK10,BK10,1987,Road,Road,"4-cyl. inline, OHC",NA,987,NA,NA,NA,NA,NA,NA,2300,3635,1580,1370,https://www.nissan-global.com/EN/HERITAGE_COLLECTION/img/modelDetail/uploader/data/en/Web/1317086690350088437.jpg,https://www.nissan-global.com/EN/HERITAGE_COLLECTION/Be_1.html,"This custom-made open car, based on the Be-1, was designed as a relief car for use at the Yokohama Stadium, the home ground of the Yokohama BayStars baseball team. The passenger seat is slightly raised. After debuting in 1987, it was used for about 2 years. A famous pitcher, Kazuhiro ""Daimajin"" Sasaki, who used to play in Seattle Mariners, used this car when he was in Yokohama BayStars before he became a major leaguer."
Nissan,Cedric 4-door H/T V20 Turbo Urban G,Cedric 4-door H/T V20 Turbo Urban G (1987 : Y30),Cedric Gloria,Y30,Y30,1987,Road,Road,"6-cyl. inline, OHC",NA,1998,NA,5600,221,3200,NA,1420,2730,4690,1690,1425,https://www.nissan-global.com/EN/HERITAGE_COLLECTION/img/modelDetail/uploader/data/en/Web/1317092231318019720.jpg,https://www.nissan-global.com/EN/HERITAGE_COLLECTION/cedric_4door_htv20_turbo_ur.html,"The sixth-generation (Y30) was launched in June 1983. This model was available in three series: the 4-door sedan, the 4-door hardtop, and the estate wagon. The main engine was a newly developed V6 (VG30/20). In January 1987, to commemorate the production of 1 million VG engines, the Urban G - a special limited edition (500 cars) based on the Urban - was launched."
Nissan,NISSAN Be-1 Canvas Top,NISSAN Be-1 Canvas Top (1987 : BK10),Be 1 Pao,BK10,BK10,1987,Road,Road,"4-cyl. inline, OHC",NA,987,NA,NA,NA,NA,NA,710,2300,3635,1580,1420,https://www.nissan-global.com/EN/HERITAGE_COLLECTION/img/modelDetail/uploader/data/en/Web/1317088568201019589.jpg,https://www.nissan-global.com/EN/HERITAGE_COLLECTION/Be_1_yellow.html,"""Be-1"" was exhibited as reference at the 26th Tokyo Motor Show in 1985. Its concept was ""Coziness-oriented Car"". The car body was based on the first generation March K10, but its styling and interior reminded people of good old cars. The name come from ""Plan B-1"". When the model was rolled out with a production limit of 10,000 in January 1987, more than 10,000 orders were made and buyers were decided by lottery. Be-1 triggered the production of Nissan Pike Car Series of PAO and FIGARO. The meaning of the word ""pike"" was ""edgy"", and pike cars were highly unique cars that were manufactured by limited small volume."
Nissan,Nissan MID4-II,Nissan MID4-II (1987 : MID4-II),Concept Cars,MID4-II,MID4-II,1987,Road,Road,"V6, DOHC twin turbo",NA,2960,NA,6800,382,3200,NA,1400,2540,4300,1860,1200,https://www.nissan-global.com/EN/HERITAGE_COLLECTION/img/modelDetail/167/high.jpg,https://www.nissan-global.com/EN/HERITAGE_COLLECTION/nissan_mid_4_type_ii.html,"MID4 is an experimental car to exhibit the achievements of R&D at motor shows. The model name comes from a supercar with a midshipengine layout and a four-wheel drive system. This car “MID4 II” was exhibited at the 27th Tokyo Motor Show in 1987. Mounted engine, “VG30DETT”, 3-liter V6 DOHC twin-turbo with intercooler, generated 330ps. The suspension type was Double Wishbone for front and Multilink for rear with steering system named “HICAS”. Although this model was never sold in the market, many of its new technologies were applied to the Nissan 300ZX (Z32) rolled out in 1989 and the Skyline GT-R (R32)."
Nissan,Nissan March Super Turbo,Nissan March Super Turbo (1987: K10),March,K10,K10,1987,Competition,Competition,"4-cyl. inline, OHC",NA,930,NA,6400,130,4800,NA,620,2300,3890,1690,1420,https://www.nissan-global.com/EN/HERITAGE_COLLECTION/img/modelDetail/134/high.jpg,https://www.nissan-global.com/EN/HERITAGE_COLLECTION/march_super_turbo.html,"The first-generation March (K10) debuted at the 1981 Tokyo Motor Show. Its name was chosen from among thousands of entries submitted by the general public, and it was launched in October 1982. This particular vehicle was a rental machine built by NISMO for the ""March Little Dynamite Cup Race"", an event first held in 1987. The engine is fitted with both a turbo and supercharger. A super-turbo version with the same specifications was launched in January 1989."
Nissan,Skyline 2-door Sports Coupe GTS-X Twin-cam 24V Turbo,Skyline 2-door Sports Coupe GTS-X Twin-cam 24V Turbo (1987: HR31),Skyline,HR31,HR31,1987,Road,Road,"6-cyl. inline, 4-valve DOHC with turbo",NA,1998,180,6400,225,3600,NA,1370,2615,4660,1690,1365,https://www.nissan-global.com/EN/HERITAGE_COLLECTION/img/modelDetail/319/high.jpg,https://www.nissan-global.com/EN/HERITAGE_COLLECTION/Skyline_2-door_Sports_Coupe_GTS-X_Twin-cam_24V_Turbo.html,"The seventh generation Skyline R31 was rolled out with the copy ""This is urban engineering"" in 1985. It adopted various innovations such as ""RB"" engine (6-cyl., DOHC), ceramic turbo charger, and ""HICAS"" four-wheel drive system, but was talked critically that significantly enlarged body, elimination of 2-door model from lineup, and luxury-car line advocating ""driver-friendly high performance"" didn't fit Skyline. The long-awaited 2-door coupe was added in 1986. ""GTS-R"" won the title at Japan Touringcar Championship (JTC) in 1989, publicizing its existence. This is ""GTS-X"" with the engine of 6-cyl. 4-valve DOHC with turbo, 180ps mounted on 2-door coupe and special aluminum wheels."
Nissan,Skyline 2000GTS-R,Skyline 2000GTS-R (1987 : KHR31),Skyline,KHR31,KHR31,1987,Competition,Competition,"6-cyl. inline, DOHC",NA,1998,NA,6400,245,4800,NA,1345,2615,4660,1690,1365,https://www.nissan-global.com/EN/HERITAGE_COLLECTION/img/modelDetail/227/high.jpg,https://www.nissan-global.com/EN/HERITAGE_COLLECTION/skyline_2000gts-r.html,"The seventh-generation Skyline (R31) was launched in August 1985 and this model is well remembered as being the first to reintroduce the 6-cylinder DOHC engine (discontinued with the C110). In May 1986, the coupe GTS appeared, and in August 1987, after a minor change, the coupe GTS-R (RB20DET-R: 210PS engine) - based on Group A race specifications - was sold as a limited edition (800 units)."
Nissan,Cedric Cima Type II Limited,Cedric Cima Type II Limited (1988 : FY31),Cedric Gloria,FY31,FY31,1988,Road,Road,"V6, DOHC",NA,2960,NA,6000,221,3200,NA,1640,2735,4890,1770,1380,https://www.nissan-global.com/EN/HERITAGE_COLLECTION/img/modelDetail/uploader/data/en/Web/1317092010329072967.jpg,https://www.nissan-global.com/EN/HERITAGE_COLLECTION/cedric_cimatype_ii_limited.html,"Following its debut at the 27th Tokyo Motor Show in 1987, the FY31 (first-generation Cima) was officially launched in January 1988 as Japan's first car to sport a V6 twin-cam turbo engine. Without the constraints of a compact car frame, its generous styling and comfortable interior made it stand apart. The top-of-the-line Type II Limited model was also equipped with an electronically controlled air suspension."
Nissan,Nissan Cefiro,Nissan Cefiro (1988: A31),NA,A31,A31,1988,Road,Road,"6-cyl. inline, 4-valve DOHC with turbo",NA,1998,205,6400,265,3200,NA,1330,2670,4690,1695,1375,https://www.nissan-global.com/EN/HERITAGE_COLLECTION/img/modelDetail/458/high.jpg,https://www.nissan-global.com/EN/HERITAGE_COLLECTION/458_nissan_cefiro.html,"A new model was rolled out in 1988 without the name being publicized in advance. The target was people of early 30s. It was ""Cefiro"" sedan, the third model of large-sized sedan following Skyline and Laurel. It featured ""Cefiro combination"", i.e. there were 3 types of 2000cc engine, 3 kinds of suspension, 9 body colors, 3 interior materials and 2 interior colors, and a customer could choose any of them for his/her own car. That is why early models have no names to indicate their grade and many ""Recommended Combinations"" were shown in catalogs. Many advanced technologies were adopted such as multilink rear suspension and HICAS-II. This is the model of early days in bluish silver."
Nissan,Nissan R88C,Nissan R88C (1988 : R88C),Racing Car,R88C,R88C,1988,Competition,Competition,"V8, DOHC",NA,2966,NA,8000,735,5500,NA,850,2800,4780,1990,965,https://www.nissan-global.com/EN/HERITAGE_COLLECTION/img/modelDetail/uploader/data/en/Web/1317188061485080675.jpg,https://www.nissan-global.com/EN/HERITAGE_COLLECTION/nissan_r88c_110.html,"The R88C was powered by the VRH30, newly developed for the 24 Hours of Le Mans race. The car too had evolved considerably, featuring a longer wheelbase to improve driving ease and Nissan's original cowl design. It came in 15th overall in the 24 Hours of Le Mans race in 1988, and it best result in the All Japan Sports Prototype Championship (JSPC) was 3rd position."
Nissan,Nissan R88C,Nissan R88C (1988 : R88C),Racing Car,R88C,R88C,1988,Competition,Competition,"V8, DOHC",NA,2966,NA,8000,735,5500,NA,850,2800,4780,1990,965,https://www.nissan-global.com/EN/HERITAGE_COLLECTION/img/modelDetail/uploader/data/en/Web/1317112204811057628.jpg,https://www.nissan-global.com/EN/HERITAGE_COLLECTION/Nissan_R88C.html,"A distinguishing feature of the R88C was that it was powered by a new engine, the VRH30, developed for racing at Le Mans. Driven by #24 YHP's No.1 driver, Masahiro Hasemi, it took part in the 1988 and 1989 JSPC races (up to the 2nd round in 1989). In the 1988 season, it came in 3rd in the 1st round (Fuji) and 5th round (Suzuka). In 1989, it was 3rd in the 2nd round (Fuji) and 4th in the World Sports Prototype Championship (WSPC) 1st round (Suzuka)."
Nissan,Nissan Silvia Q's,Nissan Silvia Q's (1988: S13),Silvia Gazelle,S13,S13,1988,Road,Road,"4-cyl. inline, DOHC",NA,1809,NA,6400,159,5200,NA,1110,2475,4470,1690,1290,https://www.nissan-global.com/EN/HERITAGE_COLLECTION/img/modelDetail/115/high.jpg,https://www.nissan-global.com/EN/HERITAGE_COLLECTION/silvia_qs.html,"The fifth generation Silvia (S13), rolled out in May 1988 in Japan with the tagline “Art Force Silvia,” was a beautifully shaped coupe and became very popular especially among young people. It received the Good Design Award selected by Ministry of International Trade and Industry and Car of The Year Japan as a proof of its beauty and popularity. FR (front engine and rear drive) drive system also attracted drivers. The engine mounted on the original model was 1.8-liter “CA18” DOHC. An NA (natural aspiration) of 135ps was mounted for “J’s” and “Q’s”, and a turbo-charged version of 175ps for “K’s”. In 1991, all the engines were changed to 2-liter “SR20” DOHC to enhance the power. NISSAN 180SX that shared the platform with the Silvia was rolled out in 1989 and also became a big hit. This car is “Q’s” equipped with CA18DE engine."
Nissan,Nissan Sunny 1500 EX Saloon,Nissan Sunny 1500 EX Saloon (1988: FB12),Sunny,FB12,FB12,1988,Road,Road,"4-cyl. inline, OHC",NA,1497,85,6000,122,3600,NA,900,2430,4175,1640,1385,https://www.nissan-global.com/EN/HERITAGE_COLLECTION/img/modelDetail/358/high.jpg,https://www.nissan-global.com/EN/HERITAGE_COLLECTION/358_sunny_1500_ex_saloon.html,"The sixth-generation Sunny B12 Series released in 1985 was a hit model given the nickname ""Trad Sunny"" from the advertising copy ""TRAD SUNNY"" that appealed to universal values regardless of the era. The youthful, clean styling, high-quality image evoked by the word ""trad"", together with the appealing TV commercial featuring several hit songs by the late-era Beatles contributed to the rejuvenation of the aging Sunny owner demographic. The body types lined up with the 3-door hatchback and 5-door ""California"" in addition to the 4-door sedan, while the 3-door vehicle had a unique grade composition with grade names of ""303"", ""305"", and ""306"" depending on the engine size. In 1986 the variation was broadened with the addition of the sharp 3-door coupe ""RZ-1"". The car here is the medium class 1500 EX Saloon that had undergone minor change in 1987."
Nissan,Silvia 200SX,Silvia 200SX (1988 : RVS12),Silvia Gazelle,RVS12,RVS12,1988,Competition,Competition,"V6, OHC",NA,2960,NA,7000,289,5200,NA,1250,2425,4460,1670,1320,https://www.nissan-global.com/EN/HERITAGE_COLLECTION/img/modelDetail/uploader/data/en/Web/1317167344556014402.jpg,https://www.nissan-global.com/EN/HERITAGE_COLLECTION/silvia_200sx.html,"This Silvia (export name: Nissan 200SX) was driven by Mike Kirkland in the 36th Safari Rally of 1988; it came 2nd overall and also won the A4 class (over 2,000cc, 2WD). That year's Safari Rally was very hazardous due to heavy rain preceding the event and only 14 cars completed the course, but the March won in the A3 class (1,600cc-2,000cc), making Nissan a 2-class champion."
Nissan,Skyline GTS-R,Skyline GTS-R (1988 : HR31),Skyline,HR31,HR31,1988,Competition,Competition,"6-cyl. in-line, DOHC",NA,2029,NA,7200,412,6000,NA,1160,2615,4660,1690,1325,https://www.nissan-global.com/EN/HERITAGE_COLLECTION/img/modelDetail/255/high.jpg,https://www.nissan-global.com/EN/HERITAGE_COLLECTION/skyline_gts-r.html,"The 7th generation Skyline R31 was rolled out in 1985. It was in 1986, the next year, that the longed-for 2-door coupe series was added to the line. The limited edition ""GTS-R"" coupe with the engine output of 210ps was rolled out in 1987 as base model for Group A touring cars. This is the car manufactured by NME (Nissan Motorsports Europe; the activity base of NISMO in Europe). It participated in European Touring Car Championship (ETC) races in 1988 with the drivers A. Grice and W. Percy. It finished 6th in the overall category at Total 24 Hours of Spa Francorchamps, one of the Triple Crown of endurance races, driven by A. Grice, W. Percy and A. Olofsson."
Nissan,Fairlady Z 300ZX,Fairlady Z 300ZX (1989 : GCZ32),Fairlady Z,GCZ32,GCZ32,1989,Competition,Competition,"V6, DOHC",NA,2960,NA,6400,388,3600,NA,1570,2570,4525,1800,1255,https://www.nissan-global.com/EN/HERITAGE_COLLECTION/img/modelDetail/uploader/data/en/Web/1317178215110037063.jpg,https://www.nissan-global.com/EN/HERITAGE_COLLECTION/fairlady_z_300zx_146.html,"The fourth-generation model (Z32) was launched in July 1989. The only available engine was a 3-liter V6, but it came with or without a turbo. There were 2 types of body available: the two-seater and 2/2. The vehicle shown was used as a pace car for races held on the Fuji Speedway. Its suspension was strengthened for driving on the circuit."
Nissan,FairladyZ 2by2 300ZX Twin-Turbo,FairladyZ 2by2 300ZX Twin-Turbo (1989: GCZ32),Fairlady Z,GCZ32,GCZ32,1989,Road,Road,"V6, 4-valve DOHC with twin turbo",NA,2960,280,6400,388,3600,NA,1570,2570,4525,1800,1255,https://www.nissan-global.com/EN/HERITAGE_COLLECTION/img/modelDetail/402/high.jpg,https://www.nissan-global.com/EN/HERITAGE_COLLECTION/402_fairladyz_2by2_300zx_twin-turbo.html,"The fourth generation Fairlady Z (Z32), also known as 300ZX, was released in '89. One of the features was the styling into which innovations and Z's traditions were integrated; wide and low styling, heavily slanted headlamps, cabin-forward form and short overhang. There were two models in early days; the traditional 2-seater and the ""2by2"" for 4 passengers. Mounted engine was VG30DE of 3000cc, V6 4-valve DOHC with the choice of twin turbo or natural aspiration. Nissan's latest chassis technologies of the time such as 4-wheel multilink suspensions, super HICAS, and aluminum caliper and opposing 4-piston brakes were implemented. This car is the top grade ""2by2"" model, Fairlady 300ZX twin turbo."
Nissan,March Collet Canvas top,March Collet Canvas top (1989 : K10),March,K10,K10,1989,Road,Road,"4-cyl. inline, OHC",NA,987,NA,6000,74,3600,NA,720,2300,3735,1560,1395,https://www.nissan-global.com/EN/HERITAGE_COLLECTION/img/modelDetail/186/high.jpg,https://www.nissan-global.com/EN/HERITAGE_COLLECTION/march_collet_canvas.html,"March (Micra in overseas countries) has been Nissan's No.1 compact car since it was rolled out in 1982. The first generation was exhibited as a concept car ""NX-018"" at Tokyo Motor Show in 1981 and, after a major advertising campaign for the name, rolled out in October 1982. Economically efficient and user-friendly basic performance and plain but fashionable styling attracted mainly active women. Collet, with fancier interior such as plaid textile for seats and vanity mirrors attached to sun visors on driver's and passenger's seats, became popular among a wide range of drivers. This car is Collet in 1989 with optional canvas top."
Nissan,Nissan PAO,Nissan PAO (1989 : PK10),Be 1 Pao,PK10,PK10,1989,Road,Road,"4-cyl. inline, OHC",NA,987,NA,NA,NA,NA,NA,760,2300,3740,1570,1480,https://www.nissan-global.com/EN/HERITAGE_COLLECTION/img/modelDetail/128/high.jpg,https://www.nissan-global.com/EN/HERITAGE_COLLECTION/Pao.html,"Following the Be-1, the PAO rolled out as the second model of “Pike Car” series. Pike car is a generic name of playful yet “edgy” cars manufactured on the condition of limited volume production. PAO was exhibited as a concept car at the 27th Tokyo Motor Show in 1987 and was rolled out in January 1989. Total production exceeded 30 thousand units. Its interior and exterior were designed in a retrospective style under the concept of “adventurous spirit” which became a big hit. The name PAO comes from the Chinese word meaning a Mongolian portable dwelling. This car is equipped with a canvas top."
Nissan,Nissan Prairie J7 ATTESA,Nissan Prairie J7 ATTESA (1989: NM11),Prairie Terrano,NM11,NM11,1989,Road,Road,"4-cyl. Inline, OHC",NA,1973,91,5200,145,2800,NA,1360,2595,4350,1690,1650,https://www.nissan-global.com/EN/HERITAGE_COLLECTION/img/modelDetail/507/high.jpg,https://www.nissan-global.com/EN/HERITAGE_COLLECTION/507_nissan_prairie_j7_attesa.html,"The first-generation Prairie released in 1982 was the pioneering ""world's first minivan"" - an unprecedented, futuristic sedan/multi-use sedan. The following, second-generation model debuted in September 1988 to combine aerodynamic, curved styling and higher driving performance with the concept of ""a car offering relaxation and fun to people who cherish activities with the family"". The styling underwent a drastic turnaround to a one motion style with the low nose leading gently to the long cabin, from the two-box form of the first generation model. Although the first-generation's central pillarless structure was discontinued, the convenient slide doors on both sides which were unusual at the time were continued. The car here is the J7 ATTESA, an early, top-grade 7-seater and which was equipped with the new-generation full-time 4WD system which was being deployed on a large scale by Nissan at the time, starting with the Bluebird."
Nissan,Nissan R89C,Nissan R89C (1989 : R89C),Racing Car,R89C,R89C,1989,Competition,Competition,"V8, DOHC",NA,3496,NA,7600,784,5600,NA,900,2794,4800,1990,1100,https://www.nissan-global.com/EN/HERITAGE_COLLECTION/img/modelDetail/uploader/data/en/Web/1317109892691057597.jpg,https://www.nissan-global.com/EN/HERITAGE_COLLECTION/Nissan_R89C.html,"In 1989 Group C cars evolved into the monster machine ""Nissan R89C"" with the max. power of more than 800ps by switching the chassis manufacturer from March Engineering Ltd. to Lola Cars International Ltd. and changing 3-liter engine to 3.5-liter VRH35 (V8 DOHC). Its main features are more sleek-looking exterior and a fullscaleimplementation of the telemetry device. In JSPC, it made a debut at Round 3:Fuji GT 500mile Race. At Round 5:Fuji GT 1000km Race, Car No.24 YHP (the drivers Masahiro Hasemiand A. Olofsson) finished 8th and showed a glimpesof its potential. This is the genuine machine of No.23 Calsonic Nissan R89C steered by Kazuyoshi Hoshino and Toshio Suzuki."
Nissan,Nissan Skyline GT-R,Nissan Skyline GT-R (1989: BNR32),Skyline,BNR32,BNR32,1989,Competition,Competition,"6-cyl. inline, DOHC",NA,2568,NA,6800,353,4400,NA,1430,2615,4545,1755,1340,https://www.nissan-global.com/EN/HERITAGE_COLLECTION/img/modelDetail/210/high.jpg,https://www.nissan-global.com/EN/HERITAGE_COLLECTION/skyline_gt-r_1989.html,"The eighth generation Skyline R32 was rolled out in May 1989. Three months later, the “GT-R” was brought back after the 16-year absence. The engine was a specially designed “RB26DETT” of 2.6-liter inline 6-cylinder DOHC twin turbo and generated maximum power of 280ps. The drive system was called “ATTESA E-TS” that was the electronically controlled torque split 4WD which transmitted the best torque to all the wheels. It even had the 4-wheel multilink suspension. These equipment realized one of the best performances all over the world as a sedan-based sport car. This GT-R has a record of amazing 29 victories and no defeat for 4 seasons at Japan Touring Car Championship from 1990 through 1993. It also received a high reputation at overseas races like Spa-Francorchamps24 Hours."
Nissan,Nissan Slivia K's,Nissan Slivia K's (1989: S13),Silvia Gazelle,S13,S13,1989,Road,Road,"4-cyl. in-line, DOHC turbo",NA,1809,NA,6400,226,4000,NA,1120,2475,4470,1690,1290,https://www.nissan-global.com/EN/HERITAGE_COLLECTION/img/modelDetail/275/high.jpg,https://www.nissan-global.com/EN/HERITAGE_COLLECTION/silvia_ks.html,"The fifth-generation Silvia (S13) - descended from the first-generation CSP311, launched in March 1965 - was introduced on May 17, 1988. This car was developed as a compact specialty coupe with an emphasis on beauty and the driving experience. Exterior and interior shared the same design theme, and numerous advanced technologies, such as the multilink rear suspension, were incorporated to enhance performance. For this reason, the car was greatly appreciated by the younger generation, who are very particular about the way a car handles. The S13 was regarded as a high-quality product, and in 1988 it received the Good Design Award by the Ministry of International Trade and Industry. The natural lines and curved surfaces of the streamlined styling set the S13 apart. Together with its interior - which, from dashboard to door trim and center console, featured a unified design - this car had the unmistakable look of a specialty coupe. The multilink rear suspension was a new idea that was later adopted for the Skyline. Together with the HICAS-II 4-wheel steering system (option) and the 1.8-liter twin-cam engine (CA18DE/CA18DET), the car was equipped to provide an excellent drive. The S13 was available in 3 grades*: K's, Q's, and J's. The top-of-the-line K's was equipped with the S-pack (rear spoiler, projected headlights, 195/60R15 tires, etc.) which accentuated the sporty character of the car. Following a minor change in January 1991, the engine was changed to the twin-cam SR20DE/SR20DET. *The names of the three models were derived from the three court cards: King (K), Queen (Q), and Jack (J)."
Nissan,Nissan Sunny RZ-1 Twincam NISMO,Nissan Sunny RZ-1 Twincam NISMO (1989: EB12),Sunny,EB12,EB12,1989,Competition,Competition,"4-cyl. inline, 4-valve, DOHC",NA,1598,NA,6400,137,5200,NA,1050,2430,4230,1665,1335,https://www.nissan-global.com/EN/HERITAGE_COLLECTION/img/modelDetail/427/high.jpg,https://www.nissan-global.com/EN/HERITAGE_COLLECTION/427_sunny_rz_1_twincam_nismo.html,"The sixth generation Sunny B12 was rolled out in 1985. The original lineup was 4-door sedan that became a big hit, and crisp 3-door hatchback. The lineup was expanded in 1986 by adding ""RZ-1"", 3-door hatchback coupe of edgy form, and ""California"", utility 5-door hatchback. A high-performance version ""Twin-cam series"" with 4-valve DOHC engine was also added in that year. This is ""RZ-1 Twin-cam NISMO"" of special spec based on a twin-cam model of RZ-1, bearing the name of ""Nissan Motorsports International (NISMO)"" established In 1984. It was a ""hot"" car with special suspension, special aerodynamic exterior parts, special leather-wrapped steering wheel, and white instrument panel."
Nissan,S-Cargo,S-Cargo (1989 : G20),S Cargo,G20,G20,1989,Road,Road,"4-cyl. inline, OHC",NA,1487,NA,5600,116,3200,NA,970,2260,3480,1595,1860,https://www.nissan-global.com/EN/HERITAGE_COLLECTION/img/modelDetail/129/high.jpg,https://www.nissan-global.com/EN/HERITAGE_COLLECTION/s_cargo_129.html,"The S-Cargo rolled out together with PAO in January 1989, got very popular for its snail-like styling. The name “S-Cargo” is coined by combining the French word “escargot” that means snail with a “cargo”. The luggage room was 1,230mm high and very useful, and the body sides were often used as advertising billboard. The instrument panel was very unique; a table-like instrument panel with the big speedometer located in the center and the shift lever below the speedometer. The S-Cargo is the only commercial vehicle in the “Pike Car” series and is still very popular."
Nissan,Bluebird 2.0SSS Attesa X,Bluebird 2.0SSS Attesa X (1990: HNU12),Bluebird,HNU12,HNU12,1990,Competition,Competition,"4-cyl. inline, 4-valve DOHC",NA,1998,140,6400,178,4800,NA,1280,2550,4520,1690,1390,https://www.nissan-global.com/EN/HERITAGE_COLLECTION/img/modelDetail/356/high.jpg,https://www.nissan-global.com/EN/HERITAGE_COLLECTION/356_bluebird_2-0sss_attesa_x.html,"The eighth generation Bluebird U12 was released in 1987 with ""ATTESA"", the groundbreaking fulltime 4WD system that used viscous coupling in center differential. ""CA"" engine series on U12 was replaced with ""SR"" engine series at a minor change in 1989. U12 was one of the sportiest models among generations of Skyline and was equipped with a lot of new technologies. It even had a variation of rally car ""SSS-R"" based on ""SSS ATTESA Limited"" of full-time 4WD with turbo engine. ""SSS-R"" won the championship of Japan Rally Championship in 1988. This car is ""SSS ATTESA X"" of 4WD with SR20DE engine of 140ps, STC (Super Toe Control) and viscous LSD (limited slip differential)."
Nissan,Bluebird 4-door Hardtop 2.0SSS-X II,Bluebird 4-door Hardtop 2.0SSS-X II,Bluebird,NA,NA,1990,Road,Road,NA,NA,NA,NA,NA,NA,NA,NA,NA,NA,NA,NA,NA,https://www.nissan-global.com/EN/HERITAGE_COLLECTION/img/thumbs/290_bluebird_4-door_hardtop_2_0sss-x_ii.jpg,https://www.nissan-global.com/EN/HERITAGE_COLLECTION/bluebird.html#no-290,NA
Nissan,Cefiro Autech Version,Cefiro Autech Version,NA,NA,NA,1990,Road,Road,NA,NA,NA,NA,NA,NA,NA,NA,NA,NA,NA,NA,NA,https://www.nissan-global.com/EN/HERITAGE_COLLECTION/img/thumbs/334_cefiro_autech_version.jpg,https://www.nissan-global.com/EN/HERITAGE_COLLECTION/1990.html#no-334,NA
Nissan,Cima Type II Limited,Cima Type II Limited (1990: FPAY31),NA,FPAY31,FPAY31,1990,Road,Road,"V6, 4-valve DOHC with turbo",NA,2960,255,6000,343,3200,NA,1640,2735,4890,1770,1380,https://www.nissan-global.com/EN/HERITAGE_COLLECTION/img/modelDetail/442/high.jpg,https://www.nissan-global.com/EN/HERITAGE_COLLECTION/442_cima_type_ii_limited.html,"The first generation Cima FPY31 was exhibited at the 27th Tokyo Motor Show in 1987 and rolled out in January 1988. The Cima was designed uniquely for large sedan segment only, and made waves across Japan due to sleek body line, spacious room, high performance of Japan's first turbocharged V6 DOHC engine, and electronically controlled air suspension. The sales increased after the commodity tax was abolished in 1989 and affordability increased, which triggered the so-called ""large car boom"" in Japan. This car is ""Type II Limited,"" the top grade of this line with a 3.0-liter turbocharged V6 DOHC engine (VG30DET) that generated 255ps."
Nissan,Laurel RB20 Medalist,Laurel RB20 Medalist (1990 : KHJC33),Laurel,KHJC33,KHJC33,1990,Road,Road,"6-cyl. in-line, OHC",NA,1998,NA,5600,172,4400,NA,1300,2670,4690,1695,1365,https://www.nissan-global.com/EN/HERITAGE_COLLECTION/img/modelDetail/uploader/data/en/Web/1317084803888023042.jpg,https://www.nissan-global.com/EN/HERITAGE_COLLECTION/laurel_rb20.html,"The first-generation Laurel, the C30, was launched as Japan's first 1,800cc car in April 1968. The Laurel achieved its status as a pure ""owner's car"", a personal passenger car that was not to be made available in taxi or van versions. The C33 (sixth-generation) Laurel, which was launched on the December 16, 1988, was designed as a high-quality 4-door salon that would appeal to a mature taste. Its distinctive styling combined strong flat surfaces with generous curves in a mature form, while a bold-looking front-mask and character lines running down the sides created an impression of refinement. With ingenious use of curved surfaces and high-quality materials, the designers created an even more pleasing cabin interior. A choice of 6-cylinder in-line engines was available. Nissan's own advanced technologies were used to good effect, as demonstrated by the DUET-EA (engine-transmission integrated control) system to ensure smooth acceleration, the multi-link rear suspension to provide both improved control and greater ride comfort, and the HICAS-II, a 4-wheel steering system for greater driving versatility. Also, the new ""Club L"" and the ""Club S"" versions of the top-of-the-line Medalist model were equipped with an 8-way driver's power seat, genuine leather seats, leather-wrapped steering wheel, and genuine wood-grained instrument cluster as standard."
Nissan,Maxima SE,Maxima SE (1990 : J30),Maxima,J30,J30,1990,Road,Road,"V6, OHC",NA,2960,NA,5200,248,3200,NA,1370,2650,4765,1760,1395,https://www.nissan-global.com/EN/HERITAGE_COLLECTION/img/modelDetail/uploader/data/en/Web/1317102671038082982.jpg,https://www.nissan-global.com/EN/HERITAGE_COLLECTION/maxima_se.html,"The Maxima started out as a top-of-the-line Bluebird. The PU11 (first-generation model) was launched on October 17, 1984. With the first model change (J30) on October 21, 1988, however, it was recognized as an independent series. The J30 only came as a 4-door sedan. The model powered by the VG30E V6 engine featured an electronic 4-speed automatic transmission with DUET-EA integrated control, as well as the DUET-SS ""supersonic"" suspension. Safety was enhanced, with those models equipped with ventilated front disc brakes having ABS as standard. At the time of the launch, there were only two models on offer: Type I (standard: 4-wheel disc brakes, ABS, fully automatic air conditioner, aluminum wheels), and Type II (Type I plus DUET-EA, Bose sound system, ASCD as standard). However, on August 24 1989 the sporty SE was added, followed by the luxury 300SV on January 24, 1991. The SE, which went on sale in August 1989, featured the DUET-EA system, 2-stage shock absorbers, and electronically controlled power assisted steering. Its standard equipment included a ""blackout"" exterior (black trim moldings and rear finisher), a rear spoiler, leather-wrapped 4-spoke steering wheel, ASCD, Bose sound system, and fully automatic air conditioner."
Nissan,Nissan 180SX TYPE II,Nissan 180SX TYPE II (1990 : RS13),NA,RS13,RS13,1990,Road,Road,"4-cyl. inline, 4-valve DOHC, turbo",NA,1809,175,6400,225,4000,NA,1170,2475,4540,1690,1290,https://www.nissan-global.com/EN/HERITAGE_COLLECTION/img/modelDetail/323/high_Nissan_180SX_Type_ii.jpg,https://www.nissan-global.com/EN/HERITAGE_COLLECTION/nissan_180SX_TYPE_II.html,"180SX was a hatchback coupe that shared the platform with Silvia S13. 240SX/200SX were released in North America and Europe as 1989 year model prior to the release in Japan in 1989. It realized the aerodynamic performance of Cd 0.3 due to the flowing body with retractable headlamps. It had CA18DET engine of 1800cc, 4-valve DOHC with turbo for ""Silvia K's,"" multilink rear suspension and HICAS-II, which enabled handling stability, traveling performance and comfortability to be balanced in a high level. This car is ""TYPE II"" of the early model. 180SX continued without any change of basic design until 1998 and had a significant influence on younger people at the time."
Nissan,Nissan March Super Turbo,Nissan March Super Turbo (1990: EK10),March,EK10,EK10,1990,Competition,Competition,"4-cyl. inline, OHC, Turbo+Supercharger",NA,930,110,6400,130,4800,NA,770,2300,3735,1590,1395,https://www.nissan-global.com/EN/HERITAGE_COLLECTION/img/modelDetail/433/high.jpg,https://www.nissan-global.com/EN/HERITAGE_COLLECTION/433_march_super_turbo.html,"The first-generation March released in 1982 was a compact car based on an original styling layout draft by Italdesign led by Giorgetto Giugiaro from Italy, the maestro of car design. The lifespan of the product was unusually long at around 10 years, and additional releases were made from time to time, like the Canvas Top, the Turbo, and the 5-door car. The Super Turbo here is the road car version of the March R rally car and in consideration of participation in competition, its displacement has been daringly shrunk to 930cc from a normal 987cc to keep it in the 1.6l class even if a turbo coefficient of 1.4 is applied. Also, it is equipped with a supercharger and a turbocharger with differing characteristics, and is set up to achieve high output from low to high revolution. This March Super Turbo was the only commercially available car in Japan to have this kind of twin charging engine."
Nissan,Nissan R90CK,Nissan R90CK (1990 : R90C),Racing Car,R90C,R90C,1990,Competition,Competition,"V8, DOHC",NA,3496,NA,7600,784,5600,NA,900,2794,4800,1990,1100,https://www.nissan-global.com/EN/HERITAGE_COLLECTION/img/modelDetail/uploader/data/en/Web/1317109446999000999.jpg,https://www.nissan-global.com/EN/HERITAGE_COLLECTION/nissan_r90ck_119.html,"The R90C was developed jointly with the Lola Cars International company, but the R91C was 100% manufactured by Nissan. The ""CP"" refers to JSPC specifications, while ""CK"" means WSPC specifications; a difference can be seen in the shape of the rear spoiler. The yellow No.27 car is an R90CK from the UK (NME)*. Following Nissan's decision to pull out of world championship racing, this machine (Nakatani, Volker Weidler) took part in the JSPC as the ""From-A R91CK Nissan"". *NME: Nissan Motorsports Europe"
Nissan,Nissan R90CK,Nissan R90CK (1990 : R90C),Racing Car,R90C,R90C,1990,Competition,Competition,"V8, DOHC",NA,3496,NA,7600,784,5600,NA,900,2794,4780,1990,1100,https://www.nissan-global.com/EN/HERITAGE_COLLECTION/img/modelDetail/uploader/data/en/Web/1317107764947064993.jpg,https://www.nissan-global.com/EN/HERITAGE_COLLECTION/nissan_r90ck.html,"There were 2 types of R90 - the R90C made at Oppama, and the R90CK made by NME (NISMO Europe) - differing in cowl and rear spoiler design. The R90CK was entered in WSPC including Le Mans, in 1990 and 1991; it also took part in US endurance races. The machine shown was entered by the US-based NPTI* Team in the 1991 Daytona 24 Hours. *NPTI: Nissan Performance Technology Incorporated"
Nissan,Nissan R90CK,Nissan R90CK (1990 : R90C),Racing Car,R90C,R90C,1990,Competition,Competition,"V8, DOHC",NA,3486,NA,7600,784,5600,NA,900,2749,4780,1990,1100,https://www.nissan-global.com/EN/HERITAGE_COLLECTION/img/modelDetail/uploader/data/en/Web/1317176384772028916.jpg,https://www.nissan-global.com/EN/HERITAGE_COLLECTION/nissan_r90ck_165.html,"A total of five R90CP/CK cars took part in the 1990 Le Mans race, entered by teams from Japan, the US, and Britain. The NPTI team, which contested the US IMSA Series, ran a pair of R90CKs. When the results were in, No.83 had come in 4th in the qualifier but retired in the final race, while No.84 (B. Earl, M. Roe, S. Millen) was 25th in the qualifier and 17th in the main event."
Nissan,Nissan R90CK rev.,Nissan R90CK rev. (1990 : R90C),Racing Car,R90C,R90C,1990,Competition,Competition,"V8, DOHC",NA,2996,NA,7200,784,5400,NA,910,2794,4780,1990,1100,https://www.nissan-global.com/EN/HERITAGE_COLLECTION/img/modelDetail/uploader/data/en/Web/1317106711340095953.jpg,https://www.nissan-global.com/EN/HERITAGE_COLLECTION/nissan_r90ck_rev.html,"Developed jointly with the Lola Cars International company, the R90C car was the fruit of global strategic planning. It incorporated significant advances, such as a newly designed monocoque body offering greater rigidity. The R90CK made by NME took part in international endurance championships, such as Le Mans, and also the IMSA series in USA. This machine was entered by the US-based NPTI Team in the 1992 Daytona 24 Hours (GTP class)."
Nissan,Nissan R90CP,Nissan R90CP (1990 : R90C),Racing Car,R90C,R90C,1990,Competition,Competition,"V8, DOHC",NA,3496,NA,7600,784,5600,NA,900,2794,4800,1990,1100,https://www.nissan-global.com/EN/HERITAGE_COLLECTION/img/modelDetail/uploader/data/en/Web/1317110617938057291.jpg,https://www.nissan-global.com/EN/HERITAGE_COLLECTION/Nissan_R90CP.html,"The Group C races, which started in 1983, evolved into the All Japan Championships from 1990. Nissan chalked up three consecutive wins in this series, and the first of those was achieved by this machine (Masahiro Hasemi and A. Olofsson). The chassis of the R90C was a British Lola, but about 70% of the parts were made by Nissan and NISMO."
Nissan,Nissan R90CP,Nissan R90CP (1990 : R90C),Racing Car,R90C,R90C,1990,Competition,Competition,"V8, DOHC",NA,3486,NA,7600,784,5600,NA,900,2794,4800,1990,1100,https://www.nissan-global.com/EN/HERITAGE_COLLECTION/img/modelDetail/uploader/data/en/Web/1317178447384020791.jpg,https://www.nissan-global.com/EN/HERITAGE_COLLECTION/nissan_r90cp_164.html,"This is Nissan R90CP YHP (driven by M. Hasemi and A. Olofsson) for All-Japan Sports Prototype Championship (JSPC) in 1991. The car number ""1"" is the proof of the champion of the previous year. It ran the season-opening race only. R91CP ran the 2nd race and after. R90CP was Nissan's original racing car for JSPC and Le Mans in 1990. While R90CK (used by NME and NPTI) adopted revised Lola chassis, R90CP adopted chassis thoroughly revised by Nissan and original cowl designed by Yoshitaka Suzuka. R91CP was 100% Nissan-made with Nissan's original full carbon monocoque. R90CP, R91CP and R92CP won Drivers Title and Manufacturers Title in 3 successive years from 1990 through 92."
Nissan,President,President (1990 : JHG50),NA,JHG50,JHG50,1990,Road,Road,"V8, DOHC",NA,1998,NA,5600,394,4000,NA,1950,3030,5225,1830,1425,https://www.nissan-global.com/EN/HERITAGE_COLLECTION/img/modelDetail/uploader/data/en/Web/1317175092681004669.jpg,https://www.nissan-global.com/EN/HERITAGE_COLLECTION/president.html,"The President was Japan's first authentic full-size car. The first-generation model (150) debuted on October 21, 1965. This was followed by a full model change (250) in August 1973, and the third-generation JHG50 was announced on October 24, 1990. The styling of the JHG50, representing the first full model change in 17 years, was distinguished by the elegant vertical design of its front grille and the grand proportions resulting from its long wheelbase. The interior was enhanced by the extended wheelbase (+180mm) and reduced noise (62dB in the cabin at 100km/h), while comfort was improved further with silk wool seats (standard), Connolly leather seats (option), power seats with auto-lifter, and a central control for the rear seats. Powered by the VH45DE engine (V8 4.5-liter DOHC), offering a maximum output of 270PS, the JHG50 featured the very latest of Nissan's technologies, as demonstrated by its 4-wheel multilink hydraulic active suspension, V-TCS traction control with viscous LSD, and engine automatic integrated control. With a minor change in February 1992, the short-wheelbase JS Series was added to the lineup, and in April 1993 a model was launched with the world's first rear-seat SRS airbags ."
Nissan,Pulsar GTI-R,Pulsar GTI-R,Pulsar,NA,NA,1990,Road,Road,NA,NA,NA,NA,NA,NA,NA,NA,NA,NA,NA,NA,NA,https://www.nissan-global.com/EN/HERITAGE_COLLECTION/img/thumbs/420_pulsar_gti-r.jpg,https://www.nissan-global.com/EN/HERITAGE_COLLECTION/pulsar.html#no-420,NA
Nissan,Pulsar Super Excellence Trenda,Pulsar Super Excellence Trenda (1990 : FN13),Pulsar,FN13,FN13,1990,Road,Road,"4-cyl. inline, OHC",NA,1497,NA,6000,123,3600,NA,960,2430,4215,1645,1380,https://www.nissan-global.com/EN/HERITAGE_COLLECTION/img/modelDetail/uploader/data/en/Web/1317175557815040840.jpg,https://www.nissan-global.com/EN/HERITAGE_COLLECTION/pulsarsuperexcellencetrenda.html,"The N13, launched in May 1986, received high praise for its newly developed twin-cam engine. As Japan's first full-time 4WD, it was awarded the 1986-87 Car of the Year Japan. Both 4-door saloon and hatchback models were available. The ""Trenda"" was launched in January 1990 as a ""good value"" series (equipped with air conditioner and stereo as standard)."
Nissan,Skyline GT-R,Skyline GT-R (1990 : BNR32),Skyline,BNR32,BNR32,1990,Competition,Competition,"6-cyl. inline, DOHC",NA,2568,NA,7600,490,6000,NA,1260,2615,4545,1755,1340,https://www.nissan-global.com/EN/HERITAGE_COLLECTION/img/modelDetail/249/high.jpg,https://www.nissan-global.com/EN/HERITAGE_COLLECTION/skyline_gt-r_1993.html,"The GT-R, reintroduced with the R32 (launched August 1989), made its debut at the opening race of the All Japan Championship in March 1990. In the 4 seasons running up to the last All Japan Championship, held in1993, the GT-R achieved a spectacular record, winning all 29 rounds. This No. 12 Calsonic (""CalsonicKansei"" at present) Skyline (K. Hoshino/Masahiko Kageyama) was victorious in 1990 and 1993."
Nissan,Skyline GTS-t TypeM,Skyline GTS-t TypeM (1990 : HCR32),NA,HCR32,HCR32,1990,Competition,Competition,"6-cyl. inline, 4-valve DOHC with turbo",NA,1998,215,6400,265,3200,NA,1260,2615,4530,1695,1325,https://www.nissan-global.com/EN/HERITAGE_COLLECTION/img/modelDetail/301/high_skyline_GTS-t_TypeM.jpg,https://www.nissan-global.com/EN/HERITAGE_COLLECTION/Skyline_GTS-t_TypeM.html,"The eighth generation Skyline R32 was rolled out in May 1989, which became a hottest topic as the revival of ""GT-R"" after 16 years of discontinuation. R32 was entirely renovated from form to suspension. Sizes were reduced for high dynamic performance, which was taken favorably as ""return to Skyline as it should be"" by many fans. The lineup was pillared hardtop 4-door sedan and 2-door coupe. This is"" GTS-t TypeM"", the hottest model as of May 1989. High cornering performance and stability achieved by 4-wheel multilink suspension was talked about a lot. ""TypeM"" was very popular as handy roadworthy GT-car while ""GT-R"" was born for touring car races and not everyone could drive it."
Nissan,SunnyNX Coupe Type B,SunnyNX Coupe Type B(1990: FB13),NA,FB13,FB13,1990,Road,Road,"4-cyl. inline, 4-valve DOHC",NA,1497,94,6000,125,3600,NA,1010,2430,4140,1680,1310,https://www.nissan-global.com/EN/HERITAGE_COLLECTION/img/modelDetail/339/high.jpg,https://www.nissan-global.com/EN/HERITAGE_COLLECTION/SunnyNX_Coupe_Type.html,"NX Coupe (100NX for export), a coupe model of the seventh generation Sunny B13, was rolled out in 1990. It was a cute and casual coupe, unusual for Sunny, while the previous model ""RZ-1"" had an edgy look. Its curvy form was designed for female users in North America by NDI*. Motifs of North America's favorite 300ZX (Z32) appeared throughout the car and there was T-Top as option. Engine variations were 1500cc, 1600cc, and 1800cc of 4-valve DOHC. The copy ""Wow! A time machine?"" and TV commercial were novel. Especially commercial CG in which personified NX coupe morphed became a hot topic. This is NX Coupe Type B in ""Yellow Pearl"". *NDI: Nissan Design International Inc., current Nissan Design America, Inc."
Nissan,Terrano (Pathfinder) V6-3000 R3M,Terrano (Pathfinder) V6-3000 R3M (1990 : WHYD21),Prairie Terrano,WHYD21,WHYD21,1990,Road,Road,"V6, OHC",NA,2960,155,4800,248,4000,NA,1720,2650,4365,1690,1680,https://www.nissan-global.com/EN/HERITAGE_COLLECTION/img/modelDetail/194/high.jpg,https://www.nissan-global.com/EN/HERITAGE_COLLECTION/terrano_v6_3000.html,"Cars for both city and off-road driving were simultaneously born in mid 1980s when people started driving pickup trucks and 4WD cars to go for recreation. NISSAN Terrano rolled out in 1986 was one of the cutting-edge SUVs. Although the base was Nissan Pickup D21, it was totally different from traditional 4WD cars. Suspensions were double wishbone for front and 5-link for rear to achieve traveling performance on rough road and comfort on pavement. And it had a form of urban taste designed by NDI (Nissan Design International) in North America. It is still popular in North America market as ""Pathfinder"". This car is ""V6-3000 R3M"" with 2-door body and powerful VG30E engine."
Nissan,Bluebird 2.0 ARX-G,Bluebird 2.0 ARX-G,Bluebird,NA,NA,1991,Road,Road,NA,NA,NA,NA,NA,NA,NA,NA,NA,NA,NA,NA,NA,https://www.nissan-global.com/EN/HERITAGE_COLLECTION/img/thumbs/300_bluebird_2_0_arx-g.jpg,https://www.nissan-global.com/EN/HERITAGE_COLLECTION/bluebird.html#no-300,NA
Nissan,Cedric 4-door Hardtop RD28 Brougham,Cedric 4-door Hardtop RD28 Brougham,Cedric Gloria,NA,NA,1991,Road,Road,NA,NA,NA,NA,NA,NA,NA,NA,NA,NA,NA,NA,NA,https://www.nissan-global.com/EN/HERITAGE_COLLECTION/img/thumbs/299_cedric_4-door_hardtop_rd28_brougham.jpg,https://www.nissan-global.com/EN/HERITAGE_COLLECTION/Cedric_Gloria.html#no-299,NA
Nissan,Cedric Brougham VIP,Cedric Brougham VIP,Cedric Gloria,NA,NA,1991,Road,Road,NA,NA,NA,NA,NA,NA,NA,NA,NA,NA,NA,NA,NA,https://www.nissan-global.com/EN/HERITAGE_COLLECTION/img/thumbs/413_cedric_brougham_vip.jpg,https://www.nissan-global.com/EN/HERITAGE_COLLECTION/Cedric_Gloria.html#no-413,NA
Nissan,Figaro,Figaro (1991: FK10),NA,FK10,FK10,1991,Road,Road,4-cyl. inline OHC with turbo,NA,987,76,6000,106,4400,NA,810,2300,3740,1630,1365,https://www.nissan-global.com/EN/HERITAGE_COLLECTION/img/modelDetail/397/high.jpg,https://www.nissan-global.com/EN/HERITAGE_COLLECTION/397_figaro.html,"The Figaro FK10 was a ""2-door coupe just for yourself"" that was exhibited at 1989 Tokyo Motor Show and received favorable reviews. It was rolled out in 1991 with the limited volume of 20,000 units. The Figaro was the fourth ""Pike car"" following the Be-1, PAO and S-Cargo. Its concept was ""Tokyo Nouvelle Vague"" and a trilogy short film ""FIGARO STORY"" in line with the concept was created featuring this model -quite unusual marketing activities were implemented. The Figaro had an elegant styling with unique open top, white leather interior trims, specially-designed instruments including meters and audio panels.any of them were carefully finished. 4 body colors were available -""Emerald"","" Paleaqua"","" Lapisgray (grayish purple)"", and ""Topazmist(muddy yellow)"". This car is in Emerald."
Nissan,Infiniti Q45,Infiniti Q45 (1991: G50),NA,G50,G50,1991,Road,Road,"V8, 4-valve DOHC",NA,4494,280,6000,400,4000,NA,1780,2880,5090,1825,1435,https://www.nissan-global.com/EN/HERITAGE_COLLECTION/img/modelDetail/229/high.jpg,https://www.nissan-global.com/EN/HERITAGE_COLLECTION/229_infiniti_q45.html,"Infiniti Q45 was rolled out in November 1989 as the flagship model of the new premium brand ""INFINITI"" in the U.S. market. The Q45 went on sale in Japan as well. With the concept ""Japan Original"", Nissan pursued the concept of values unique to Japan but acknowledged also in foreign countries, which resulted in a unique styling without front grille and adoption of Japanese traditional craftworks such as cloisonné front emblem. Mounted was a newly developed 4.5-liter V8 DOHC engine, and the world's first ""Hydraulic Active Suspension"" was equipped in the ""Selection Package"". This car is equipped with red leather seats and the standard suspension system in Burgundy (PM) body."
Nissan,Nissan Atlas,Nissan Atlas,NA,NA,NA,1991,Road,Road,NA,NA,NA,NA,NA,NA,NA,NA,NA,NA,NA,NA,NA,https://www.nissan-global.com/EN/HERITAGE_COLLECTION/img/thumbs/448_nissan_atlas.jpg,https://www.nissan-global.com/EN/HERITAGE_COLLECTION/1990.html#no-448,NA
Nissan,Nissan Cedric Twincam Turbo Gran Turismo SV,Nissan Cedric Twincam Turbo Gran Turismo SV (1991: Y31),Cedric Gloria,Y31,Y31,1991,Road,Road,"V6, 4-valve DOHC with turbo",NA,1998,210,6800,265,3600,NA,1540,2735,4690,1695,1400,https://www.nissan-global.com/EN/HERITAGE_COLLECTION/img/modelDetail/202/high.jpg,https://www.nissan-global.com/EN/HERITAGE_COLLECTION/202_cedric_gran_turismo_sv.html,"The seventh generation Cedric/the eighth generation Gloria Y31 rolled out in 1987 was the first model designed to realize ""the fun of driving"" for high-end passenger cars. The concept was embodied in ""Gran Turismo"" series newly set out besides ""Brougham"". The high-end car market marveled at traveling performance improved by excellent hardware such as Cedric's/Gloria's first 4-wheel independent suspension and ""VG20DET"" engine (2000cc, V6, 4-valve DOHC with turbo). VG20DET was the power unit of high performance in which low-friction ceramic turbo was adopted and first equipped on this car, Y31 Gran Turismo. The horsepower was 185ps in early days and 210ps after 1989."
Nissan,Nissan FEV,Nissan FEV (1991),NA,NA,NA,1991,Road,Road,Ni-Cd Battery + Quadrupolar AC induction motor x 2,NA,NA,27,NA,48,400,NA,900,2436,3995,1698,1290,https://www.nissan-global.com/EN/HERITAGE_COLLECTION/img/modelDetail/511/high.jpg,https://www.nissan-global.com/EN/HERITAGE_COLLECTION/511_nissan_fev.html,"Nissan is a company that has researched electric vehicle (EV) over many decades. Nissan FEV is the experimental high-performance EV exhibited at the 29th Tokyo Motor Show in 1991. Nissan achieved a high-performance car that lived up to the concept of ""a compact car that is people-friendly and environmentally friendly""; that employed a ""super fast electric charging system"" that could charge to 40% in only six minutes, even though research had not started on the automotive lithium-ion battery that is now the global standard in current EVs; extremely aerodynamic styling with a Cd (coefficient drag) of 0.19; independent control of left and right front wheels and low-rolling, low-resistance tires achieved with two compact, lightweight, high-output, high-efficiency AC induction motors; and, achieved a cruising distance of 250 km on one charge, acceleration from 0 to 400 m in 20 seconds, and a top speed of 130 km/h. The car here is a vehicle that was kept in Nissan Research Center. Nissan's Prototype Division restored the interior and exterior in 2025."
Nissan,Nissan Figaro,Nissan Figaro (1991: FK10),NA,FK10,FK10,1991,Road,Road,4-cyl. inline OHC with turbo,NA,987,76,6000,106,4400,NA,810,2300,3740,1630,1365,https://www.nissan-global.com/EN/HERITAGE_COLLECTION/img/modelDetail/483/high.jpg,https://www.nissan-global.com/EN/HERITAGE_COLLECTION/483_figaro.html,"The Figaro FK10 was a ""2-door coupe just for yourself"" that was exhibited at 1989 Tokyo Motor Show and received favorable reviews. It was rolled out in 1991 with the limited volume of 20,000 units. The Figaro was the fourth ""Pike car"" following the ""Be-1"", ""PAO"" and S-Cargo. Its concept was ""Tokyo Nouvelle Vague"" and a trilogy short film ""FIGARO STORY"" in line with the concept was created featuring this model - quite unusual marketing activities were implemented. The Figaro had an elegant styling with unique open top, white leather interior trims, specially-designed instruments including meters and audio panels... any of them were carefully finished. 4 body colors were available ""Emerald"", ""Pale aqua"", ""Lapis gray (grayish purple)"", and ""Topaz mist (muddy yellow)"". This car is in Pale aqua."
Nissan,Nissan Patrol (Safari) Std. Roof Granroad,Nissan Patrol (Safari) Std. Roof Granroad (1991: VRGY60),NA,VRGY60,VRGY60,1991,Road,Road,"6-cyl. inline Diesel, OHV",NA,4169,125,4000,273,2000,NA,2110,2970,4885,1930,1805,https://www.nissan-global.com/EN/HERITAGE_COLLECTION/img/modelDetail/501/high.jpg,https://www.nissan-global.com/EN/HERITAGE_COLLECTION/501_patrol_granroad.html,"""Nissan Patrol"" born in 1951 was the Nissan's first 4WD car and has been favored all over the world due to its rigidity and high traveling performance. 6 generations of Patrol models were rolled out in 70 years from 1951 to 2021. It was known as ""Safari"" from 1980 to the 2000s in Japan. Y60 rolled out in 1987 is known as the second generation ""Safari"" in Japan and as the fourth generation ""Patrol"" in overseas markets. It was the model that placed emphasis on leisure use of 4WD cars as the copy ""King of Adventure"" represented. Features included the magnificent form with blister fenders and the comfortable ride with the traditional traveling performance."
Nissan,Nissan R91CP,Nissan R91CP (1991 : -),Racing Car,NA,NA,1991,Competition,Competition,"V8, DOHC",NA,3496,NA,7600,784,5600,NA,900,2795,4800,1990,1100,https://www.nissan-global.com/EN/HERITAGE_COLLECTION/img/modelDetail/uploader/data/en/Web/1317105953397001376.jpg,https://www.nissan-global.com/EN/HERITAGE_COLLECTION/nissan_r91_cp.html,"This silver No.61 car was driven by Hideki Okada and T. Danielsson of Team Take One. Badged as ""Kokuyo, Take One, Nissan"", it raced alongside other Group C cars in the All Japan Championship of 1992, the final year it was held. In the Fuji 1000km race, the car's second race since its debut, it succeeded in coming in 2nd. This machine was fitted with Dunlop tires because of sponsorship requirements."
Nissan,Nissan R91CP,Nissan R91CP (1991 : R91CP),Racing Car,R91CP,R91CP,1991,Competition,Competition,"V8, DOHC",NA,3496,NA,7200,784,5200,NA,930,2795,4800,1990,1100,https://www.nissan-global.com/EN/HERITAGE_COLLECTION/img/modelDetail/124/high.jpg,https://www.nissan-global.com/EN/HERITAGE_COLLECTION/nissan_r91cp.html,"The history of Group C racing cars of Nissan started in 1983. At first, Nissan engines were mounted on chassis manufactured by March Engineering Ltd. or Lola Cars International Ltd. to run at WEC (World Endurance Championship) races and domestic endurance races (JSPC). But the number of in-house products drastically increased on and after Nissan R90. This is R91CP with new carbon monocoquedesigned by Nissan. This is the memorable machine that achieved the first overall victory as Japanese car at Rolex 24 At Daytona in 1992, steered by M. Hasemi, K. Hoshino and T. Suzuki. The excellent total balance of powerful VRH35Z engine and carefully tuned chassis led to this feat."
Nissan,President Electric Car,President Electric Car (1991 : JNHG50rev.),NA,JNHG50rev.,JNHG50rev.,1991,Road,Road,NA,NA,NA,NA,NA,NA,NA,40,1960,3030,5225,1830,1425,https://www.nissan-global.com/EN/HERITAGE_COLLECTION/img/modelDetail/uploader/data/en/Web/1317175527744000426.jpg,https://www.nissan-global.com/EN/HERITAGE_COLLECTION/President_Electric_Car.html,"This open car used to be lent out by Nissan for use in special events, such as transporting sumo champions in victory parades, or as the leading car in a marathon. Because of the special situations in which it was to be used, it was designed as an electric car to lighten the burden on the environment. Its top speed is 40km/h and maximum driving distance on one full charge is 100km. Its acceleration is impressive, doing 0-30km/h in 3 seconds, and 0-40km/h in 9.5 seconds."
Nissan,Pulsar GTI-R,Pulsar GTI-R (1991 : RNN14),Pulsar,RNN14,RNN14,1991,Competition,Competition,"4-cyl. inline, DOHC",NA,1998,NA,6400,373,4800,NA,1100,2430,3975,1695,1400,https://www.nissan-global.com/EN/HERITAGE_COLLECTION/img/modelDetail/uploader/data/en/Web/1317177878760046283.jpg,https://www.nissan-global.com/EN/HERITAGE_COLLECTION/pulsargti-r2.html,"The fourth-generation Pulsar, the N14, was launched in August 1990. Using the same SR20DET twin-cam turbo engine (230PS) as the Bluebird SSS-R, the GTI-R debuted in the World Rally Championship at the 1991 Safari Rally and performed well in other WRC events over the next two years. This commemorative car was driven by D. Llewellin's team in the 1991 Acropolis Rally."
Nissan,Saurus Jr.,Saurus Jr. (1991 : NSJ-91),Racing Car,NSJ-91,NSJ-91,1991,Competition,Competition,"4-cyl. inline, OHC",NA,987,NA,6400,NA,NA,NA,400,2100,3200,1440,1090,https://www.nissan-global.com/EN/HERITAGE_COLLECTION/img/modelDetail/uploader/data/en/Web/1317195613451073990.jpg,https://www.nissan-global.com/EN/HERITAGE_COLLECTION/saurus.html,"After appearing at the 1987 Tokyo Motor Show, the Saurus was further enhanced for its racing debut. This car, called ""Saurus Jr."", was its derivative model debuted in 1991 Tokyo Auto Salon. Around 120 units were produced and it was also served as a school car at the Nissan Racing School, helping to foster aspiring professional racing car drivers. The engine is MA10E, a popular Nissan engine found on the March."
Nissan,Skyline GT-R,Skyline GT-R (1991 : BNR32),Skyline,BNR32,BNR32,1991,Competition,Competition,"6-cyl. inline, DOHC",NA,NA,NA,7200,441,4800,NA,1240,2615,4545,1755,1340,https://www.nissan-global.com/EN/HERITAGE_COLLECTION/img/modelDetail/uploader/data/en/Web/1317118820999021265.jpg,https://www.nissan-global.com/EN/HERITAGE_COLLECTION/skyline_gt-r_1991.html,"After 16 years, the ""GT-R"" name was reintroduced with the eighth-generation R32. The combination of the RB26DETT engine (maximum output: 280PS) and ATTESA E-TS proved too much for its rivals at the All Japan Touring Car Championships (Group A). This vehicle won the 1993 Tsukuba 12h Endurance Race and was entered in the 1994 Daytona 24 Hours (N1 specifications). *Note: The R32GT-R was launched in August 1989."
Nissan,ZEXEL Skyline GT-R No.25,ZEXEL Skyline GT-R No.25 (1991: BNR32),Skyline,BNR32,BNR32,1991,Competition,Competition,"6-cyl. inline, 4-valve DOHC with twin turbo",NA,2568,550,7600,490,6000,NA,1250,2615,4545,1755,1320,https://www.nissan-global.com/EN/HERITAGE_COLLECTION/img/modelDetail/327/high.jpg,https://www.nissan-global.com/EN/HERITAGE_COLLECTION/327_zexel_skyline_gt-r.html,"RB26DETT engine and electronically controlled torque split 4WD ""ATTESA E-TS"" made Skyline GT-R R32 one of the most popular models in the line. It won all of 29 Group A touring car races in Japan and took the pole position at every race, which made a significant mark in the motorsport history in Japan. It ran at Total 24 Hours at Spa-Francorchamps, one of the Triple Crown of endurance races, from 1990 to 1992. No. 25, steered by N. Hattori, A. Olofsson and D. Brabham, won the championship in the overall category with the record of the highest speed/longest distance in 1991. R32 also finished 6th in overall category of Group N with the drivers T. Kinoshita, K. O'dorand D. Schoysman."
Nissan,Caravan Limousine,Caravan Limousine,NA,NA,NA,1992,Road,Road,NA,NA,NA,NA,NA,NA,NA,NA,NA,NA,NA,NA,NA,https://www.nissan-global.com/EN/HERITAGE_COLLECTION/img/thumbs/436_caravan_limousine.jpg,https://www.nissan-global.com/EN/HERITAGE_COLLECTION/1990.html#no-436,NA
Nissan,Leopard J.Ferie / Infiniti J30,Leopard J.Ferie / Infiniti J30 (1992: JPY32),Leopard,JPY32,JPY32,1992,Road,Road,"V6, 4-valve DOHC",NA,2960,200,6000,260,4400,NA,1540,2760,4880,1770,1385,https://www.nissan-global.com/EN/HERITAGE_COLLECTION/img/modelDetail/393/high.jpg,https://www.nissan-global.com/EN/HERITAGE_COLLECTION/393_leopard_j-ferie.html,"The third generation Leopard JPY32 released in 1992 was renamed to Leopard J. Ferie and upgraded to a high-end sedan based on Cedric/Gloria Y32. ""J. Ferie"" was a coined word for the French word ""jour ferie (holiday)"". It was released as ""Infiniti J30"" in North America at the same time. It was an unconventional high-end car with curvy styling with downwardly inclining tail that was contentious in Japan, and interior and design similar to those of British high-end cars. A driver also could enjoy driving a powerful car with high performance achieved by two types of engines; 8-cyl. V-type 4130cc and 6-cyl. V-type 2960cc. This car is ""Type L"" with the 3-liter engine."
Nissan,Nissan 300ZX T-Top,Nissan 300ZX T-Top (1992: Z32),Fairlady Z,Z32,Z32,1992,Competition,Competition,"V6, 4-valve DOHC",NA,2960,NA,6400,273,4800,NA,1470,2450,4310,1790,1250,https://www.nissan-global.com/EN/HERITAGE_COLLECTION/img/modelDetail/uploader/data/en/Web/1317169466030077325.jpg,https://www.nissan-global.com/EN/HERITAGE_COLLECTION/nissan_300ZX_ttop.html,"The fourth generation Fairlady Z (Z32) was released in 1989, twenty years after the release of the first generation. The styling with refined beauty and sharpness of Z such as curvy wide & low proportion, extremely slanted headlamps and short overhang representing high dynamic performance became a popular topic. The lineup included two bodies; 2-seater and 2+2, and two types of VG30 engine of V6, 4-valve DOHC and 3000cc; twin turbo and natural aspiration. Features included the leading-edge chassis technologies such as 4-wheel multi-link suspension, super HICAS and aluminum caliper opposed 4-pison brakes. This car is U.S. spec ""Nissan 300ZX"" manufactured in 1992, with naturally aspirated VG30DE engine."
Nissan,Nissan Fairlady Z Convertible,Nissan Fairlady Z Convertible (1992: HZ32),Fairlady Z,HZ32,HZ32,1992,Road,Road,"V6, DOHC",NA,2960,NA,6400,273,4800,NA,1530,2450,4310,1790,1255,https://www.nissan-global.com/EN/HERITAGE_COLLECTION/img/modelDetail/215/high.jpg,https://www.nissan-global.com/EN/HERITAGE_COLLECTION/fairlady_z_convertible.html,"The fourth-generation (Z32) was launched exactly 20 years after the first-generation Fairlady Z in July 1989. The convertible was officially released in August 1992, after its exhibition at the 1991 Tokyo Motor Show. The car is based on the two-seater 300ZX and features an independent trunk lid. The engine was a non-turbo VG30DE (230PS)."
Nissan,Nissan NP35,Nissan NP35 (1992 : NP35),Racing Car,NP35,NP35,1992,Competition,Competition,"V12, DOHC",NA,3499,NA,11600,392,9200,NA,750,2870,4795,1990,1080,https://www.nissan-global.com/EN/HERITAGE_COLLECTION/img/modelDetail/uploader/data/en/Web/1317103990370059457.jpg,https://www.nissan-global.com/EN/HERITAGE_COLLECTION/nissan_np35.html,"With a change in vehicle regulations, turbochargers were banned from Group C cars from 1993 onwards. In response, Nissan developed a naturally aspirated 3.5-liter engine, mounting it in the NP35 (JSPC specifications) and P35 (US IMSA specifications). However, with the cancellation of the World Championship, Nissan suspended its racing activities and this NP35 only made one appearance in the All Japan Championship."
Nissan,Nissan Pulsar (Sunny) GTI-R,Nissan Pulsar (Sunny) GTI-R (1992: RNN14),Pulsar,RNN14,RNN14,1992,Competition,Competition,"4-cyl. inline, 4-valve DOHC with Turbo",NA,1998,NA,6400,284,4800,NA,1230,2430,3975,1690,1400,https://www.nissan-global.com/EN/HERITAGE_COLLECTION/img/modelDetail/519/high.jpg,https://www.nissan-global.com/EN/HERITAGE_COLLECTION/519_pulsar_gti-r.html,"Pulsar GTI-R was developed as top performance model of the fourth generation Pulsar N14 to compete in World Rally Championship (WRC) under ""Group A"" regulations and was rolled out in 1990. Mechanisms featured 2000cc turbo engine that generated 230ps and 4WD controlled by ""ATTESA"". It is very popular as a road car of impressive appearance with a giant hood bulge that houses a large intercooler and a giant rear spoiler. It started to participate in WRC in 1991. The best result was the third place at Swedish Rally in 1992, but Nissan decided to withdraw from WRC in the same year. It was for only 2 years that the machine joined WRC. However, it won the title of the year in Group N and proved its high potential."
Nissan,Nissan Pulsar / Sunny GTI-R,Nissan Pulsar / Sunny GTI-R (1992: RNN14),Pulsar,RNN14,RNN14,1992,Competition,Competition,"4-cyl. inline, DOHC",NA,2026,NA,6400,373,4800,NA,1100,2430,3975,1695,1400,https://www.nissan-global.com/EN/HERITAGE_COLLECTION/img/modelDetail/192/high.jpg,https://www.nissan-global.com/EN/HERITAGE_COLLECTION/pulsargti-r.html,"NISSAN challenged grueling overseas rallies for several decades with varieties of machines such as the first rally car DATSUN Sedan, Bluebird, 240Z, Violet and Silvia. ""GTI-R"" that is the sports model of the 4th generation Pulsar (Model N14) rolled out in 1990 also participated in World Rally Championship (WRC) under the Group A regulations in 1991 and 1992. The reason Pulsar was chosen was that a high-performance DOHC turbo engine and the 4WD system called ""ATTESA"" (Advanced Total Traction Engineering System for All) could be packed in a compact body. The engine output of the works machines reached 300ps. This is the genuine machine that S. Blomqvistand B. Melanderdrove at Lombard RAC Rally of Great Britain in 1992."
Nissan,Nissan R92CP,Nissan R92CP (1992 : R92C),Racing Car,R92C,R92C,1992,Competition,Competition,"V8, DOHC",NA,3496,NA,7600,784,5600,NA,850,2795,4800,1990,1100,https://www.nissan-global.com/EN/HERITAGE_COLLECTION/img/modelDetail/uploader/data/en/Web/1317104687206074096.jpg,https://www.nissan-global.com/EN/HERITAGE_COLLECTION/Nissan_R92CP_1.html,"The R92CP is a model for the history books, having won the JSPC for three years running (Constructor's and Driver's Championships 1990-92). Its specifications are basically the same as the R91CP; ""R92CP"" was just the entry name. #24 YHP's results in the 6 races of the '92 season were 1st, 4th, 5th, 4th, 4th, and 4th. Masahiro Hasemi came in 5th in the Driver's Championship, with J. Krosnoff following in 9th position."
Nissan,Nissan R92CP,Nissan R92CP (1992 : R92C),Racing Car,R92C,R92C,1992,Competition,Competition,"V8, DOHC",NA,3496,NA,7600,784,5600,NA,900,2795,4800,1990,1100,https://www.nissan-global.com/EN/HERITAGE_COLLECTION/img/modelDetail/uploader/data/en/Web/1317102236644012844.jpg,https://www.nissan-global.com/EN/HERITAGE_COLLECTION/Nissan_R92CP.html,"In the 1991 season, K. Hoshino and Toshio Suzuki (Calsonic) easily won the Driver's Championship with 5 wins in 7 races. In 1992, the same team notched up 5 wins in 6 races (the other going to YHP) in a splendid defense of their throne. This is what led to Nissan taking the double title - Constructor's and Driver's Championships - for three years in a row, a glorious achievement."
Nissan,Skyline GT-R,Skyline GT-R (1992 : BNR32),Skyline,BNR32,BNR32,1992,Competition,Competition,"6-cyl. inline, DOHC",NA,2568,NA,NA,441,4800,NA,1240,2615,4545,1755,1340,https://www.nissan-global.com/EN/HERITAGE_COLLECTION/img/modelDetail/uploader/data/en/Web/1317098733284030576.jpg,https://www.nissan-global.com/EN/HERITAGE_COLLECTION/skyline_gt-r_1992.html,"In 1989, after a gap of 16 years, the ""GT-R"" name was reintroduced with the eighth-generation Skyline, and it returned to racing in 1990. This vehicle was the ZEXEL Racing Team's group N specification (N1) GT-R. It was entered in the N1 Endurance Round Series (Japan) and the Spa-Francorchamps 24 Hours (Belgium). Maximum output was increased to 400PS/7,200rpm."
Nissan,Bluebird Sedan 2000SSS-G,Bluebird Sedan 2000SSS-G (1993 : HU13),Bluebird,HU13,HU13,1993,Road,Road,"4-cyl. in-line, DOHC",NA,1998,NA,6400,178,4800,NA,1200,2620,4585,1685,1405,https://www.nissan-global.com/EN/HERITAGE_COLLECTION/img/modelDetail/uploader/data/en/Web/1317114316927002909.jpg,https://www.nissan-global.com/EN/HERITAGE_COLLECTION/bluebird_sedan_2000sss_g.html,"The ninth-generation Bluebird (U13) was launched on September 24, 1991. This distinctive model was available in 2 different body types (sedan & hardtop) and 3 clearly defined series - the SSS and EEX sedans, and the ARX hardtop. A characteristic of the styling of the sedan, with its fully-pressed door panels, was the uninterrupted mono-form design. Also, its body was larger: compared to the previous generation U12, the wheelbase was extended by 70mm and overall height was increased by 30mm. This, combined with the effect of the logical packaging , provided a spacious interior. In addition to 5 petrol engines (2,000cc/1,800cc, all twin-cam), there was a 2,000cc diesel engine, and the rear suspension was equipped with a super active toe control. Additionally, advanced noise-suppression technologies were adopted; these included strengthening the body using the weld-bond process, as well as adopting double vibration proof suspension and the world's first active noise control system (for canceling out low-frequency engine noise using sound of the opposite phase), installed on the ARX-Z Series. The sedan was available in 2 series: the sporty SSS and the family-orientated EEX. The 2000SSS-G was the top-of-the-line 2WD model powered by the SR20DE (145PS) engine. It was also equipped with aluminum wheels, fog lights, and driver's seat SRS airbag as standard."
Nissan,Caravan Ambulance Hyper-Pack,Caravan Ambulance Hyper-Pack (1993: FEGE24),NA,FEGE24,FEGE24,1993,Road,Road,"V6, OHC",NA,2960,155,5200,245,3200,NA,1950,2470,5130,1690,2470,https://www.nissan-global.com/EN/HERITAGE_COLLECTION/img/modelDetail/363/high.jpg,https://www.nissan-global.com/EN/HERITAGE_COLLECTION/Caravan_Ambulance_Hyper-Pack.html,"""Caravan"" is a traditional brand as Nissan cab-over van since 1973. Although included in the lineup, ambulance models of the first generation E20 and the second generation E23 in1980 were manufactured on a built-to-order basis and specification sheet was not included in catalogs. But catalogs of ambulances with many options became available from the third generation E24 in 1986 to respond to the increase in first-aid measures taken on-board by emergency medical technicians based on Emergency Life-Saving Technician's Act. This is an ambulance of ""Hyper-Pack specification"" with VG30E gasoline engine (V6, 3000cc), ambulance cot (stretcher), and Aero Sonic type warning light."
Nissan,March 1.0 iz-f,March 1.0 iz-f (1993: K11),March,K11,K11,1993,Road,Road,"4-cyl. inline, 4-valve DOHC",NA,997,58,6000,79,4000,NA,790,2360,3695,1585,1425,https://www.nissan-global.com/EN/HERITAGE_COLLECTION/img/modelDetail/404/high.jpg,https://www.nissan-global.com/EN/HERITAGE_COLLECTION/404_march_1-0_iz-f.html,"March (Micra in overseas) is a Nissan's leading compact car and the second generation March K11 was released in 1992. Its gentle styling of high quality got favorable reviews. The expected model life was unusual 10 years, which meant it had to have appealing characteristics. The lineup was; bodies of 3-door and 5-door and engines of 1000cc and 1300cc. Nissan's first continuously variable transmission system N·CVT was one of options for 1300cc model. The production of Micra K11 was started in UK in 1993. It became the first Japanese car of European Car Of The Year and became a big hit. This car is ""i·z-f"", the highest grade of 1-liter lineup with optional genuine aluminum wheels."
Nissan,Nissan P35,Nissan P35 (1993 : P35),Racing Car,P35,P35,1993,Competition,Competition,"V12, DOHC",NA,3499,NA,11600,392,9200,NA,750,2870,4795,1990,1080,https://www.nissan-global.com/EN/HERITAGE_COLLECTION/img/modelDetail/uploader/data/en/Web/1317104030587000038.jpg,https://www.nissan-global.com/EN/HERITAGE_COLLECTION/Nissan_P35_1.html,"As turbo engines were banned from Group C cars in 1993, Nissan developed a naturally aspirated 3.5-liter engine, mounting it in the NP35 (JSPC specifications) and P35 (US IMSA specifications). However, this project was suspended when the World Championship was cancelled. As a result, the NP35 made just one appearance in the JSPC, while this P35 was doomed to become a phantom racecar."
Nissan,Nissan P35,Nissan P35 (1993 : P35),Racing Car,P35,P35,1993,Competition,Competition,"V12, DOHC",NA,3499,NA,11600,392,9200,NA,750,2870,4795,1990,1080,https://www.nissan-global.com/EN/HERITAGE_COLLECTION/img/modelDetail/uploader/data/en/Web/1317103208515001593.jpg,https://www.nissan-global.com/EN/HERITAGE_COLLECTION/Nissan_P35.html,"The P35 was developed for the 1993 season, when turbo engines were banned. Like the NP35 (JSPC specifications), it was powered by a V12 3.5-liter NA (naturally aspirated) engine. US-based NPTI, which was in charge of basic chassis development, intended to enter the P35 in the 1993 IMSA Championship, but this never came about as Nissan pulled out of racing."
Nissan,Nissan Skyline Autech Version,Nissan Skyline Autech Version (1993: HNR32),Skyline,HNR32,HNR32,1993,Competition,Competition,"6-cyl. inline, 4-valve, DOHC",NA,2568,220,6800,245,5200,NA,1480,2615,4580,1695,1360,https://www.nissan-global.com/EN/HERITAGE_COLLECTION/img/modelDetail/459/high.jpg,https://www.nissan-global.com/EN/HERITAGE_COLLECTION/459_skyline_autech_version.html,"AUTECH JAPAN, Inc. has been standing out in areas of specialty vehicles, lifecare vehicles, and work-use vehicles since it was established as ""a company that develops and produces cars of novel concept in small amount through the integrated system"" in 1986. This is ""Skyline Autech Version"" manufactured by Autech Japan in 1992. It was based on ""4-door sedan GTS-4"" HNR32 with electronically controlled torque split type 4WD system, and mounted was RB26DE engine (naturally aspirated, 2600cc, 220ps). Engineers sticked to 4-door sedan as grand touring car and it gained a lot of attention as a car for an adult who loved sports driving. It featured front grille with crossrails like GT-R."
Nissan,Nissan Sunny 1500 Super Saloon SV 60th Anniversary,Nissan Sunny 1500 Super Saloon SV 60th Anniversary (1993: FB13),Sunny,FB13,FB13,1993,Road,Road,"4-cyl. inline, 4-valve DOHC",NA,1497,94,6000,125,3600,NA,1020,2430,4250,1670,1375,https://www.nissan-global.com/EN/HERITAGE_COLLECTION/img/modelDetail/355/high.jpg,https://www.nissan-global.com/EN/HERITAGE_COLLECTION/355_sunny_1500_super_saloon.html,"The first-generation Sunny (Datsun Sunny 1000) was released in 1966 as a concept for a 1-liter class basic sedan that was more compact than the Bluebird. From then, the Sunny led the Japanese affordable passenger car market for several decades, and from the 1970s, as a global car deployed in over 100 countries and regions, it overtook the Bluebird to become Nissan's highest-selling passenger car. The seventh-generation model, the B13 Series, released in 1990, appealed with its neat style and high quality as a normally evolved version of its predecessor, the ""Trad Sunny"" B12 Series. While only 4-door versions were available in Japan, there was also a sporty 2-door sedan in the overseas market. Meanwhile, a coupe version, the NX coupe, with individual styling by Nissan Design America was released at the same time. The car here is the mainstay ""1500 Super Saloon"" with special features to celebrate the 60th anniversary of Nissan's founding (1993)."
Nissan,Nissan Vanette Serena FX Rio,Nissan Vanette Serena FX Rio (1993: C23),NA,C23,C23,1993,Road,Road,"4-cyl. inline, 4-valve DOHC",NA,1998,130,6000,172,4800,NA,1440,2735,4250,1695,1870,https://www.nissan-global.com/EN/HERITAGE_COLLECTION/img/modelDetail/461/high.jpg,https://www.nissan-global.com/EN/HERITAGE_COLLECTION/461_vanette_serena.html,"The first generation ""Vanette Serena"" C23 rolled out in 1991 was a minivan of a new type that got favorable reviews for the semi-cab-over type body and practicality. It is the direct ancestor of ""Serena"" that has been on the market for more than 30 years. C23, developed based on the concept of ""Family vehicle of the new generation that offers fun and comfortableness to all the passengers"", became a big hit due to the endearing form, the interior space that generated a feeling of closeness, and the joy of driving created by the 4-wheel independent suspension and the midship layout. It is still remembered as a car that triggered the minivan boom in Japan in the 90s."
Nissan,Skyline GT-R,Skyline GT-R (1993 : BCNR33),Skyline,BCNR33,BCNR33,1993,Road,Road,"6-cyl. inline, DOHC",NA,2568,NA,7600,490,6000,NA,1260,2720,4675,1780,1360,https://www.nissan-global.com/EN/HERITAGE_COLLECTION/img/modelDetail/uploader/data/en/Web/1317114245773031867.jpg,https://www.nissan-global.com/EN/HERITAGE_COLLECTION/skyline_gt-r_bcnr33.html,"The ninth-generation Skyline (R33) was launched in August 1993, though the GT-R launch was slightly delayed: following its display in the autumn of 1993 at the 30th Tokyo Motor Show, it was finally launched in January 1995. This particular vehicle is the prototype displayed at the Tokyo Motor Show; the front and road-wheel design differ from the production model."
Nissan,Skyline GT-R Gr. A: STP TAISAN No. 2,Skyline GT-R Gr. A: STP TAISAN No. 2 (1993: BCNR33),Skyline,BCNR33,BCNR33,1993,Competition,Competition,"6-cyl. inline, 4-valve DOHC + turbo",NA,2568,550,7600,490,6000,NA,1260,2615,4545,1755,1320,https://www.nissan-global.com/EN/HERITAGE_COLLECTION/img/modelDetail/389/high.jpg,https://www.nissan-global.com/EN/HERITAGE_COLLECTION/389_skyline_gt-r_gr_a.html,"In 1993, as many as seven GT-R machines participated in Japan Touringcar Championship (JTC) from Unisia JECS team (M. Hasemi/H. Fukuyama), Calsonic team (K. Hoshino/M. Kageyama) and other 5 teams. Audience was fascinated with battles between GT-R machines. GT-R would win as a matter-of-course, but which GT-R? That was the hottest topic. It was a revival of the age of Skyline 2000 GT-R that won 52 wins in 3 years from 1969. This is the genuine machine STP Taisan GT-R that won the 2nd round in 1993 and finished second in the 4th round driven by K. Takahashi, one of the leaders of car races in Japan since 1960s, and K. Tsuchiya, ""Drift King"", with popularity and ability."
Nissan,Skyline GTS25 Type X·G,Skyline GTS25 Type X·G (1993 : ECR32),Skyline,ECR32,ECR32,1993,Road,Road,"6-cyl. inline, 4-valve DOHC",NA,2498,180,6000,226,5200,NA,1340,2615,4458,1695,1340,https://www.nissan-global.com/EN/HERITAGE_COLLECTION/img/modelDetail/406/high.jpg,https://www.nissan-global.com/EN/HERITAGE_COLLECTION/Skyline_GTS25_Type_X-G.html,"The eighth generation Skyline R32 was rolled out in 1989, which became a hottest topic as the revival of ""GT-R"" after 16 years of discontinuation. R32 was entirely renovated from form to suspension. Sizes were reduced for higher dynamic performance, which was taken favorably as ""return to Skyline as it should be"" by many fans. The lineup was 4-door sedan and 2-door coupe. The original lineup was GT-R with the engine of 6-cyl. 2600cc DOHC twin turbo and models with 6-cyl. 2000cc OHC/DOHC/DOHC with turbo and with 4-cyl. 1800cc OHC. ""GTS25"" with newly developed engine of 6-cyl. 2500cc DOHC was added in 1991. This is 4-door sedan GTS25 TypeX·G in 1993."
Nissan,March 5-door i-z SG package,March 5-door i-z SG package (1994: K11),March,K11,K11,1994,Road,Road,"4-cyl. inline, 4-valve DOHC",NA,997,58,6000,79,4000,NA,800,2360,3695,1585,1425,https://www.nissan-global.com/EN/HERITAGE_COLLECTION/img/modelDetail/uploader/data/en/Web/March_5-door_i-z_SG_package.jpg,https://www.nissan-global.com/EN/HERITAGE_COLLECTION/March_5-door_i-z_SG_package.html,"March (Micra in overseas) is a Nissan's leading compact car and the second generation March K11 was released in 1992. Its gentle styling of high quality got favorable reviews. The expected model life was unusual 10 years, which meant it had to have appealing characteristics. The lineup was; bodies of 3-door and 5-door and engines of 1000cc and 1300cc. Nissan's first continuously variable transmission system N·CVT was one of options. The production of Micra K11 was started in UK in 1993. It became the first Japanese car of European Car Of The Year and became a big hit. This car is ""i-z"" with optional N·CVT, Viscous LSD, ABS, etc."
Nissan,Rasheen Type II,Rasheen Type II (1994: RNFB14),NA,RNFB14,RNFB14,1994,Road,Road,"4-cyl. inline, 4-valve DOHC",NA,1497,105,6000,135,4000,NA,1190,2430,4115,1695,1515,https://www.nissan-global.com/EN/HERITAGE_COLLECTION/img/modelDetail/uploader/data/en/Web/Rasheen_Type_II.jpg,https://www.nissan-global.com/EN/HERITAGE_COLLECTION/Rasheen_Type_II.html,"""Rasheen"" is a compact 4WD that was exhibited at the 30th Tokyo Motor Show in 1993 and released in 1994. The unusual name came from the Japanese word ""rashimban"" meaning ""compass"" and the sales copy of the early days was ""Our Anywhere Door."" It was not a full-fledged 4WD but was a convenient city runabout and a pioneer of today's casual crossover SUV (crossover utility vehicle). It has been popular ever since its first release because of its pike-car-like atmosphere. Mounted engine was GA15DE of 1500cc in the early days and was changed to SR18DE of 1800cc at face-lift in 1997. Rasheen Forza, the sporty model with SR20DE engine of 2000cc and 145ps, was added in 1998."
Nissan,Silvia K's Type S,Silvia K's Type S (1994 : S14),Silvia Gazelle,S14,S14,1994,Road,Road,"4-cyl. inline, 4-valve DOHC with turbo",NA,NA,220,6000,274,4800,NA,1220,2525,4500,1730,1295,https://www.nissan-global.com/EN/HERITAGE_COLLECTION/img/modelDetail/198/high.jpg,https://www.nissan-global.com/EN/HERITAGE_COLLECTION/silvia_ks_s14.html,"The sixth generation Silvia S14 was rolled out in 1993 as the successor of popular S13 on the concept of ""stylish sport coupe that realizes good taste and fun of driving-at-will"". Although S13 was a compact car, S14 fell into the category of standard-sized car due to enlarged sizes to achieve roadholding ability, interior comfort, and collision safety. But styling image of popular S13 and grades of K's, Q's, and J's were kept in mind. S14 was popular as ""240SX"" in overseas markets. On the other hand, the hatchback model 180SX RS13 was rolled out in 1989 and manufactured until 1998. This car is ""K's Type S"" in 1994 with the rear spoiler equipped as standard and the turbo engine of 220ps."
Nissan,Skyline GT-R Nürburgring Time Attack,Skyline GT-R Nürburgring Time Attack (1994: BCNR33),Skyline,BCNR33,BCNR33,1994,Competition,Competition,"6-cyl. inline, 4-valve DOHC + turbo",NA,2568,280,6800,368,4400,NA,1530,2720,4675,1780,1360,https://www.nissan-global.com/EN/HERITAGE_COLLECTION/img/modelDetail/346/high.jpg,https://www.nissan-global.com/EN/HERITAGE_COLLECTION/346_skyline_gt-r_nurburgring.html,"The eighth generation Skyline R32 fell into the category of small-size cars except ""GT-R"" for touring car races. But the ninth generation Skyline R33 rolled out in 1993 was categorized as ordinary passenger car since the body was enlarged to represent ""Mainstream grand touring car for outstanding driving pleasure"". The new Skyline GT-R was exhibited as reference at Tokyo Motor Show in 1993 and released in 1995. This is a factory test car with the chassis No.000055. It was equipped with aluminum roll-over bar for time trial at Nürburgring, Germany. Its record was 7'59""887 which was faster than that of R32 by 21 sec. The copy ""Fascinated by minus 21 sec."" is still talked about."
Nissan,Cefiro 30 S Touring,Cefiro 30 S Touring (1995: HA32),NA,HA32,HA32,1995,Road,Road,"V6, 4-valve, DOHC",NA,2987,NA,6400,279,4400,NA,1370,2700,4760,1770,1410,https://www.nissan-global.com/EN/HERITAGE_COLLECTION/img/modelDetail/uploader/data/en/Web/Cefiro_30_S_Touring.jpg,https://www.nissan-global.com/EN/HERITAGE_COLLECTION/Cefiro_30_S_Touring.html,"The first generation Cefiro A31 was born in 1988 to be a personal car driven by its owner to enjoy driving. The second generation Cefiro A32 was rolled out in 1994. Its platform was integrated with that of Maxima, a large-sized FWD sedan, and the layout was changed to transverse FWD layout with VQ engine series (V6). This new Cefiro pursued higher level of ""high traveling performance"" and ""comfortableness"" of the previous generation. Lineup was cozy Excimo series and S Touring series for fun of driving. Engine variations were VQ20DE of 2000cc, 2500cc, and 3000cc. This is ""30 S Touring"" on which VQ30DE is mounted that generates 220ps."
Nissan,NISMO GT-R LM,NISMO GT-R LM (1995: BCNR33),Skyline,BCNR33,BCNR33,1995,Competition,Competition,"6-cyl. inline, DOHC",NA,2568,NA,7200,441,4800,NA,1150,2720,4675,1880,1300,https://www.nissan-global.com/EN/HERITAGE_COLLECTION/img/modelDetail/152/high.jpg,https://www.nissan-global.com/EN/HERITAGE_COLLECTION/skyline_gt-r_1995.html,"Nissan stopped competing in the Le Mans after 1990, but NISMO took its place. Their Skyline-based GT car - NISMO GT-R LM - was entered for Le Mans in 1995 and 1996. In 1995, this No.22 car (H. Fukuyama/S. Kasuya) was 10th overall and 5th in its class. It was modified to 2WD (FR) drive, a better choice for heavy vehicles. And unlike the No.23 car, it was powered by a Group N specification engine."
Nissan,NISMO GT-R LM Road Car,NISMO GT-R LM Road Car (1995: BCNR33),Skyline,BCNR33,BCNR33,1995,Competition,Competition,"6-cyl. inline, DOHC",NA,2568,NA,6500,373,4500,NA,1580,2720,4675,1888,1300,https://www.nissan-global.com/EN/HERITAGE_COLLECTION/img/modelDetail/181/high.jpg,https://www.nissan-global.com/EN/HERITAGE_COLLECTION/skyline_gt-r_1996.html,"The only machines that can enter the 24 Hours of Le Mans race in the GT class are so-called GT cars, based on vehicles approved for use on public roads. Based on the Skyline GT-R, this vehicle was created as an official road car so NISMO could take part in the 1996 Le Mans; it was actually registered in the UK (although never marketed)."
Nissan,Nissan Primera Tm-S Selection,Nissan Primera Tm-S Selection (1995: HP10),Primera Camino,HP10,HP10,1995,Road,Road,"4-cyl. inline, 4-valve DOHC",NA,1998,NA,6400,186,4800,NA,1200,2550,4400,1695,1385,https://www.nissan-global.com/EN/HERITAGE_COLLECTION/img/modelDetail/341/high.jpg,https://www.nissan-global.com/EN/HERITAGE_COLLECTION/341_primera_2-0_tm_s.html,"The first generation Primera P10 was rolled out in 1990 as a sedan of the new generation that realized both running performance and comfortableness. Primera was equipped with ""front multilink suspension"" for FWD drivetrain to enable high controllability that was one of the achievements of ""Project 901"" to develop high technologies. Other features included large interior space and spacious luggage room.The fun of driving it brought and conscientious works got very favorable reviews. It became legendary as a car that changed the image of Nissan in European markets. This car is the last model of P10, equipped with ""2.0Tm·S selection"" and optional full air spoiler package."
Nissan,Bluebird 2.0 SSS Limited,Bluebird 2.0 SSS Limited (1996: HU14),Bluebird,HU14,HU14,1996,Road,Road,"4-cyl. inline, 4-valve DOHC",NA,1998,150,6400,186,4800,NA,1200,2600,4565,1695,1395,https://www.nissan-global.com/EN/HERITAGE_COLLECTION/img/modelDetail/uploader/data/en/Web/Bluebird_2.0_SSS_Limited.jpg,https://www.nissan-global.com/EN/HERITAGE_COLLECTION/Bluebird_2.0_SSS_Limited.html,"The tenth generation Bluebird U14 rolled out in 1996 is the model that shared platform with Primera P11. Traditional hardtop cars were discontinued, and neat sedan became the only body type available. Variations were sporty SSS series and formal Le Grand series, and engine variations were gasoline engine of 1800cc and 2000cc and diesel engine of 2000cc. Direct injection engine and Hyper CVT with 6-speed manual mode were added later to achieve power-up of engine, cut-down of emission, and higher fuel-efficiency. Implementation of dual SRS airbags on front seats and ABS as standard was a characteristic trend of the time. This car is ""SSS Limited"" with 150ps engine."
Nissan,Cedric 4-door Sedan Original,Cedric 4-door Sedan Original (1996 : QJY31),Cedric Gloria,QJY31,QJY31,1996,Road,Road,NA,NA,NA,NA,4600,159,2400,NA,1350,2735,4690,1695,1445,https://www.nissan-global.com/EN/HERITAGE_COLLECTION/img/modelDetail/uploader/data/en/Web/1317090389094049708.jpg,https://www.nissan-global.com/EN/HERITAGE_COLLECTION/cedric_4door_sedan_original.html,"Since the appearance of the first-generation model 30 (announced in March 1960, launched in April), the Cedric - noted for its impressive styling and advanced automotive technologies - has stood at the forefront of Japanese automobile manufacture, securing an assured position of strength in a broad range of applications, from personal to formal. The seventh-generation Y31 was launched on June 17, 1987. Its development concept was focused on luxury car styling, creating the optimal balance of performance specifications, and generating a feeling of high quality throughout. True to the Cedric tradition of always adopting the newest technologies, the designers of this model went to great lengths to incorporate the latest advances, including a newly developed V6 twin-cam high-flow ceramic turbo engine, an electronically controlled air suspension, and a high-quality 4-coat paint process. There was a choice of a 4-door hardtop and a 4-door sedan; the latter could also be specified as a taxi. The three grades were Super Custom, Classic, and Original. At first the Y31 was available with either the RB20P LPG engine or the RD28 diesel engine, but as part of a minor change in June 1991 the NA20P 4-cylinder in-line LPG engine was added. At the same time, the vehicle design was modified to put more emphasis on rear-seat passengers, changing the roofline to increase headroom, and eliminating the opera windows. Adopted as standard equipment were halogen headlights with combined fog lights, a high-mount brake light, side-door beams, and a dual seat lifter for the driver."
Nissan,Cedric Brougham L,Cedric Brougham L,Cedric Gloria,NA,NA,1996,Road,Road,NA,NA,NA,NA,NA,NA,NA,NA,NA,NA,NA,NA,NA,https://www.nissan-global.com/EN/HERITAGE_COLLECTION/img/thumbs/310_cedric_brougham_l.jpg,https://www.nissan-global.com/EN/HERITAGE_COLLECTION/Cedric_Gloria.html#no-310,NA
Nissan,Leopard XR,Leopard XR,Leopard,NA,NA,1996,Road,Road,NA,NA,NA,NA,NA,NA,NA,NA,NA,NA,NA,NA,NA,https://www.nissan-global.com/EN/HERITAGE_COLLECTION/img/thumbs/409_leopard_xr.jpg,https://www.nissan-global.com/EN/HERITAGE_COLLECTION/leopard.html#no-409,NA
Nissan,NISMO GT-R LM,NISMO GT-R LM (1996: BCNR33),Skyline,BCNR33,BCNR33,1996,Competition,Competition,"6-cyl. inline, DOHC",NA,2795,NA,7000,618,5500,NA,1250,2720,4675,1880,1300,https://www.nissan-global.com/EN/HERITAGE_COLLECTION/img/modelDetail/133/high.jpg,https://www.nissan-global.com/EN/HERITAGE_COLLECTION/skyline_gt-r_bcnr33_1966.html,"1990 was the last year Nissan cars ran at 24 Hours of Le Mans. But Nissan and NISMO (Nissan Motorsports International Co., Ltd.) launched ""3-Year Project: Challenge to Le Mans"" in 1995. The displacement of RB26DETT engine of Skyline GT-R (BCNR33), inline 6-cylinder DOHC twin turbo, was increased to 2,795cc. The engine output of the works machines exceeded 600ps. This machine No.23 finished 15th (Overall) and 5th (Class) with the drivers M. Hasemi, K. Hoshino and T. Suzuki in 1996 with support from ""Club Le Mans,"" the Nissan Motorsports Fan Club in Japan with NISMO at the core."
Nissan,Primera Camino,Primera Camino (1996 : P11),Primera Camino,P11,P11,1996,Competition,Competition,"4-cyl. inline, DOHC",NA,1997,NA,8500,265,NA,NA,975,2600,4430,1695,1385,https://www.nissan-global.com/EN/HERITAGE_COLLECTION/img/modelDetail/uploader/data/en/Web/1317183350682030947.jpg,https://www.nissan-global.com/EN/HERITAGE_COLLECTION/Primera_Camino_2.html,"The UNISIA JECS Camino competed in the 1996 All Japan Touring Car Championships with the Sunny. The driver was Masahiko Kageyama. Its Japan Touring Car Championship debut was in round 3 in 1996. That season, it achieved its first win in JTCC Round 8 in MINE. There was a wide range of cars in this event, including the Corona EXiV, the Civic Ferio, Opel, and BMW."
Nissan,Sunny,Sunny (1996 : HB14),Sunny,HB14,HB14,1996,Competition,Competition,"4-cyl. inline, DOHC",NA,1997,NA,8500,265,NA,NA,975,2535,4285,1690,1385,https://www.nissan-global.com/EN/HERITAGE_COLLECTION/img/modelDetail/uploader/data/en/Web/1317170795988048298.jpg,https://www.nissan-global.com/EN/HERITAGE_COLLECTION/sunny_1996.html,"In 1994, the leading super touring car in Europe entered the All Japan Championship. In the first year, following on from the Primera, the Sunny took part from the 11th (TI) event and in the following year the Xanavi Sunny (#31, A. Iida) won the 10th (Mine) event for the first time. This commemorative car is the Xanavi Sunny (#32, S. Motoyama) which competed in the 1996 season."
Nissan,Terrano Rally Car,Terrano Rally Car (1996 : R50),Prairie Terrano,R50,R50,1996,Competition,Competition,"V6, OHC",NA,3274,NA,4800,266,NA,NA,1850,2700,4530,1840,1750,https://www.nissan-global.com/EN/HERITAGE_COLLECTION/img/modelDetail/uploader/data/en/Web/1317174579477028727.jpg,https://www.nissan-global.com/EN/HERITAGE_COLLECTION/2Terrano_Rally_Car.html,"The second-generation Terrano was launched in September 1995. In January of the following year, it participated in the TOTAL Granada-Dakar Rally 1996 (aka: Paris-Dakar). This car is a replica of the machine which entered in the same rally by the Nissan Private Japon team. It was produced as a display car for the autumn 1995 Tokyo Motor Show. In the rally, the Ishihara/Saito team came in 60th place (9th in the T1 class), and the Takeda/Sugimoto team came in 62nd place."
Nissan,Cefiro Wagon 20 Cruising,Cefiro Wagon 20 Cruising,NA,NA,NA,1997,Road,Road,NA,NA,NA,NA,NA,NA,NA,NA,NA,NA,NA,NA,NA,https://www.nissan-global.com/EN/HERITAGE_COLLECTION/img/thumbs/387_cefiro_wagon_20_cruising.jpg,https://www.nissan-global.com/EN/HERITAGE_COLLECTION/1990.html#no-387,NA
Nissan,Gloria Brougham VIP,Gloria Brougham VIP,Cedric Gloria,NA,NA,1997,Road,Road,NA,NA,NA,NA,NA,NA,NA,NA,NA,NA,NA,NA,NA,https://www.nissan-global.com/EN/HERITAGE_COLLECTION/img/thumbs/455_gloria_brougham_vip.jpg,https://www.nissan-global.com/EN/HERITAGE_COLLECTION/Cedric_Gloria.html#no-455,NA
Nissan,ITS Car 2001-i,ITS Car 2001-i (concept),Concept Cars,NA,NA,1997,Road,Road,NA,NA,NA,NA,NA,NA,NA,NA,NA,NA,NA,NA,NA,https://www.nissan-global.com/EN/HERITAGE_COLLECTION/img/thumbs/288_its_car_2001-i_concept.jpg,https://www.nissan-global.com/EN/HERITAGE_COLLECTION/concept_cars.html#no-288,NA
Nissan,Nissan Middle Sports (Z Prototype),Nissan Middle Sports (Z Prototype) (1997: S14rev.),NA,S14rev.,S14rev.,1997,Road,Road,"4-cyl. inline, 4-valve DOHC",NA,2389,NA,5600,256,4500,NA,1270,2545,4310,1770,1280,https://www.nissan-global.com/EN/HERITAGE_COLLECTION/img/modelDetail/372/high.jpg,https://www.nissan-global.com/EN/HERITAGE_COLLECTION/372_middle_sports.html,"In mid-1990s, various approaches were discussed within Nissan to determine a new Z-car after 300ZX Z32. This is one of the prototypes manufactured based on left-hand-drive Nissan 240SX S14 (Silvia in Japan). KA24DE engine (4-cyl. inline) was tuned to generate 200ps in front mid-ship layout, and the form was Z-like nifty fastback style that created a unique charm. It is said that Mr. Y. Katayama (Mr. K), the father of Z-car, drove the car at Tochigi Proving Ground, felt a sense of unity with the car and DNA of Z, and liked it. Although being a stillborn model, it was stored in Nissan for more than 20 years and was restored by Nissan's prototype production section."
Nissan,Nissan Patrol (Safari) 4-door Turbo Diesel Granroad,Nissan Patrol (Safari) 4-door Turbo Diesel Granroad (1997: WRGY61),NA,WRGY61,WRGY61,1997,Road,Road,"6-cyl. inline Diesel, OHV with Turbo",NA,4169,160,3600,330,2000,NA,2370,2970,4910,1930,1865,https://www.nissan-global.com/EN/HERITAGE_COLLECTION/img/modelDetail/502/high.jpg,https://www.nissan-global.com/EN/HERITAGE_COLLECTION/502_patrol_granroad.html,"""Nissan Patrol"" born in 1951 was the Nissan's first 4WD car and has been favored all over the world due to its rigidity and high traveling performance. 6 generations of Patrol models were rolled out in 70 years from 1951 to 2021. It was known as ""Safari"" from 1980 to the 2000s in Japan. Y61 rolled out in 1997 is known as the third generation ""Safari"" in Japan and as the fifth generation ""Patrol"" in overseas markets. Y61 featured the form with strength and modern senses, the comfortable ride, the traveling performance by the part-time 4WD system, and the power train that realized output and improved environmental performances. This car is Y61 with TD42 Turbo Diesel engine."
Nissan,Nissan R390 GT1,Nissan R390 GT1 (1997 : R390),Racing Car,R390,R390,1997,Competition,Competition,"V8, DOHC",NA,3495,NA,7000,686,5000,NA,1000,2720,4580,2000,1090,https://www.nissan-global.com/EN/HERITAGE_COLLECTION/img/modelDetail/uploader/data/en/Web/1317186776314031144.jpg,https://www.nissan-global.com/EN/HERITAGE_COLLECTION/nissan_r390_gt1_151.html,"Having raced the Skyline GT-R in 1995 and 1996, Nissan (NISMO) decided to enter a newly developed GT car in 1997. In that year, following a closely fought contest with Porsche and McLaren, the No.23 car (K. Hoshino, E. Comas, Masahiko Kageyama) came in 12th overall, 5th in class. The R390 name was derived from the previous R380 GP machine."
Nissan,Nissan R390 GT1,Nissan R390 GT1 (1997 : R390),Racing Car,R390,R390,1997,Competition,Competition,"V8, DOHC",NA,3495,NA,7000,686,5000,NA,1000,2720,4580,2000,1090,https://www.nissan-global.com/EN/HERITAGE_COLLECTION/img/modelDetail/uploader/data/en/Web/1317101685600031699.jpg,https://www.nissan-global.com/EN/HERITAGE_COLLECTION/Nissan_R390_GT1.html,"Following on from NISMO, which raced the Skyline at Le Mans, Nissan developed a true racing car, the R390, and entered it in1997. That year it raced three cars; two retired, but car No.23 (K. Hoshino, E. Comas, Masahiko Kageyama) came in 12th. The No.21 car team included M. Brundle, J. Muller, and W. Taylor."
Nissan,Nissan Stagea Autech Version 260RS,Nissan Stagea Autech Version 260RS (1997: WGNC34),NA,WGNC34,WGNC34,1997,Road,Road,"6-cyl. inline, 4-valve DOHC with twin turbo",NA,2568,NA,5600,368,4400,NA,1720,2720,4885,1755,1510,https://www.nissan-global.com/EN/HERITAGE_COLLECTION/img/modelDetail/176/high.jpg,https://www.nissan-global.com/EN/HERITAGE_COLLECTION/176_stagea_autech_version_260rs.html,"The new model Stagea rolled out in 1996 is a station wagon developed on the concept of ""prestige touring wagon"" to realize comfortable and sporty driving. The features were high traveling performance and large, user-friendly luggage room. ""Autech Version 260RS"" is a car rolled out by Autech Japan in 1997. 260 indicates that RB26DETT engine is mounted. This car fell into the grade of the highest performance with body and chassis vastly strengthened to accord with the power of 280ps. 260RS can be the fastest station wagon among Nissan cars since its constitution such as electric SUPER HICAS and electronically controlled torque split type 4WD is almost as good as that of the Skyline GT-R."
Nissan,Primera Camino,Primera Camino (1997 : P11),Primera Camino,P11,P11,1997,Competition,Competition,"4-cyl. inline, DOHC",NA,1997,NA,8500,265,NA,NA,975,2600,4430,1690,1385,https://www.nissan-global.com/EN/HERITAGE_COLLECTION/img/modelDetail/uploader/data/en/Web/1317182840443015552.jpg,https://www.nissan-global.com/EN/HERITAGE_COLLECTION/Primera_Camino_1.html,"From 1994, the All Japan Touring Car Championship was contested in the Super Touring Car category (2,000cc, 4-door sedan). With the introduction of this new category, on a like-for-like basis made for a close contest and race became even more exciting. The Primera (P10), Sunny (B14), and Primera Camino (P11) all performed well."
Nissan,Skyline GT-R V-Spec,Skyline GT-R V-Spec (1997 : BCNR33),Skyline,BCNR33,BCNR33,1997,Competition,Competition,"6-cyl. inline, 4-valve DOHC with twin-turbo",NA,2568,280,6800,368,4400,NA,1540,2720,4675,1780,1360,https://www.nissan-global.com/EN/HERITAGE_COLLECTION/img/modelDetail/211/high.jpg,https://www.nissan-global.com/EN/HERITAGE_COLLECTION/skyline_gt-r_1997.html,"GT-R V-spec was a Skyline GT-R with an optional package that was first equipped on Model R32 GT-R in February 1993. Its standard equipment included Brembobrakes and 17-inch BBS wheels. ATTESA E-TS PRO was adopted as the drive system for the all-new R33 GT-R rolled out in January 1995. GT-R V-specs cars were used a lot as a base car for Group N endurance races. This car is 1997 Skyline GT-R V-spec after the minor change in early 1997. Mounted is an inline 2.6-liter 6-cylinder DOHC twin turbo engine (RB26DETT) that is same as that of standard GT-R, but the car’s performances are more splendid due to the high performing brakes and larger wheels."
Nissan,Skyline GTS25t Type M,Skyline GTS25t Type M,Skyline,NA,NA,1997,Road,Road,NA,NA,NA,NA,NA,NA,NA,NA,NA,NA,NA,NA,NA,https://www.nissan-global.com/EN/HERITAGE_COLLECTION/img/thumbs/426_skyline_gts25t_type_m.jpg,https://www.nissan-global.com/EN/HERITAGE_COLLECTION/skyline.html#no-426,NA
Nissan,Fairlady Z 300ZX,Fairlady Z 300ZX (1998 : GCZ32),Fairlady Z,GCZ32,GCZ32,1998,Competition,Competition,"V6, DOHC",NA,2960,NA,6400,388,3600,NA,1570,2570,4525,1800,1255,https://www.nissan-global.com/EN/HERITAGE_COLLECTION/img/modelDetail/uploader/data/en/Web/1317177443731051135.jpg,https://www.nissan-global.com/EN/HERITAGE_COLLECTION/fairlady_z_300zx.html,"Since the launch of the first-generation S30 (1969), the Fairlady Z became an exceptional hit as a sports car with a production total in excess of 1 million units. Special features of the fourth-generation model (Z32), launched in July 1989, included its spirited silhouette - wide proportions, slanted nose, and forward cabin. Both two-seater and 2/2 series were produced."
Nissan,Nissan R390 GT1,Nissan R390 GT1 (1998 : R390),Racing Car,R390,R390,1998,Competition,Competition,"V8, DOHC",NA,3495,NA,6800,706,4400,NA,1000,2720,4720,2000,1090,https://www.nissan-global.com/EN/HERITAGE_COLLECTION/img/modelDetail/uploader/data/en/Web/1317102137276088445.jpg,https://www.nissan-global.com/EN/HERITAGE_COLLECTION/nissan_r390_gt1_174.html,"NISMO's ""Le Mans challenge"" continued for two years, 1995-96, but it is difficult to win at Le Mans with a production car like the Skyline. So from 1997 to 1999 Nissan took up the challenge using a purpose-built GT car. In 1998, the R390 GT1's second year at Le Mans, car No.32 (Hoshino, A. Suzuki, Kageyama) came in 3rd overall - Nissan's best result in this event."
Nissan,Nissan R390 GT1,Nissan R390 GT1 (1998 : R390),Racing Car,R390,R390,1998,Competition,Competition,"V8, DOHC",NA,3495,NA,6800,706,4400,NA,1000,2720,4720,2000,1090,https://www.nissan-global.com/EN/HERITAGE_COLLECTION/img/modelDetail/uploader/data/en/Web/1317106591388083467.jpg,https://www.nissan-global.com/EN/HERITAGE_COLLECTION/nissan_r390_gt1_1.html,"In 1998, in its second attempt at Le Mans, the R390 GT1 was represented by a total of 4 entries: No.30 (Clarion), No. 31 (UNISIA JECS), No. 32 (Calsonic), and No.33 (JOMO). Its proved to be a difficult race, with only 23 cars completing the course, but all the Nissans made the top-ten ranking, with car No.32 (Hoshino, A. Suzuki, Kageyama) coming in 3rd overall, thus demonstrating the machine’s reliability."
Nissan,Nissan R390GT1 24 Hours of Le Mans in 1998,Nissan R390GT1 24 Hours of Le Mans in 1998 (1998: R390),Racing Car,R390,R390,1998,Competition,Competition,"V8, DOHC",NA,3495,NA,6800,706,4400,NA,1000,2720,4720,2000,1090,https://www.nissan-global.com/EN/HERITAGE_COLLECTION/img/modelDetail/uploader/data/en/Web/1317107625614064258.jpg,https://www.nissan-global.com/EN/HERITAGE_COLLECTION/Nissan_R390_GT1_2.html,"Nissan R390GT1 is the racing car that was manufactured under GT1 regulations of the time to win 24 Hours of Le Mans in late 1990s. It finished 12th in the overall category at its first challenge in 1997, but in 1998 all the 4 participating machines finished in the top 10 in the overall category (No.32 steered by Kazuyoshi Hoshino, Aguri Suzuki and Masahiko Kageyama won 3rd, No.30 finished 5th, No.31 finished 6th, and No.33 finished 10th). This car is the genuine machine of No.32 of Nissan R390GT1 that won 3rd, the best record of Nissan at 24 Hours of Le Mans, in 1998. It was restored in 2018 to its original exterior."
Nissan,Nissan R390GT1 Road car,Nissan R390GT1 Road car (1998 : R390),Racing Car,R390,R390,1998,Competition,Competition,"V8, DOHC",NA,3495,NA,5200,490,4000,NA,1000,2720,4720,2000,1140,https://www.nissan-global.com/EN/HERITAGE_COLLECTION/img/modelDetail/182/high.jpg,https://www.nissan-global.com/EN/HERITAGE_COLLECTION/nissan_r390_gt1_182.html,"Of the machines entered in the GT class of the 24 Hours of Le Mans race, at least one must be based on a vehicle that can be driven on public roads. Therefore this road car was created in order to obtain official type-approval for the R390 GT1 as a ""GT car"". It was never marketed, but it was rumored to be worth 100 million yen if it had been put on sale."
Nissan,Nissan Skyline 25GT Turbo,Nissan Skyline 25GT Turbo (1998: ER34),Skyline,ER34,ER34,1998,Competition,Competition,"6-cyl. inline, 4-valve DOHC with turbo",NA,2498,280,6400,43,3200,NA,1450,2665,4705,1720,1375,https://www.nissan-global.com/EN/HERITAGE_COLLECTION/img/modelDetail/492/high.jpg,https://www.nissan-global.com/EN/HERITAGE_COLLECTION/492_skyline_25gt_turbo.html,"The tenth generation Skyline R34 made a debut in May 1998. The copy of the teaser campaign was so sensational; ""BMW, Mercedes, or new Skyline?"". Its biggest appealing point was, as the copy ""Body is power. DRIVING BODY"" said, improved body rigidity as a fundamental factor for joy of driving a car at will. Variations of R34 with traditional Skyline atmosphere and evolved performance were 2 types of body: 4-door sedan and 2-door coupe, 3 types of RB 6-cyl. inline engine: 2000cc, 2500cc naturally aspirated, and 2500cc turbocharged. ""25GT FOUR"" with torque split type 4WD ""ATTESA E-TS"" was also available. This car is 25GT Turbo of 4-door sedan in the early days."
Nissan,Prairie Joy EV National Institute of Polar Research,Prairie Joy EV National Institute of Polar Research (1998: PM11rev.),Prairie Terrano,PM11rev.,PM11rev.,1998,Road,Road,Permanent-magnet synchronous motor,NA,NA,84,NA,NA,NA,NA,1700,2610,4545,1690,1680,https://www.nissan-global.com/EN/HERITAGE_COLLECTION/img/modelDetail/450/high.jpg,https://www.nissan-global.com/EN/HERITAGE_COLLECTION/450_prairie_joy_ev.html,"Nissan has a long history of the development of EV from Tama electric vehicle by “Tokyo Electro Automobile Co.” in 1947. In 1990s, Nissan decided to adopt the world's first commercialized lithium ion batteries by Sony Corporation and started joint development with Sony in 1992. The lease of this “Prairie Joy EV,” the world's first EV on the market with lithium ion battery, to companies started in 1997. It showed sufficient performance with the max. speed of 120km/h and mileage per charge of over 200km. Its large interior space of minivans was also favorable. This car was used to collect Arctic air at National Institute of Polar Research in Norway from 2000 to 2006 with no trouble."
Nissan,Primera,Primera (1998 : P11),Primera Camino,P11,P11,1998,Competition,Competition,"4-cyl. inline, DOHC",NA,1998,NA,8500,265,NA,NA,975,2610,4450,1730,1385,https://www.nissan-global.com/EN/HERITAGE_COLLECTION/img/modelDetail/uploader/data/en/Web/1317178127953046556.jpg,https://www.nissan-global.com/EN/HERITAGE_COLLECTION/Primera_1.html,"Launched in September 1995, the second-generation P11, like its predecessor, used its advantage of an SR engine and multilink suspension to do well in the JTCC or Japan Touring Car Championship and in various European championship races. It also came 2nd in series at South East Asia Touring Car Zone Challenge in 1998, in which many different Asian countries competed."
Nissan,R'nessa EV / Altra EV,R'nessa EV / Altra EV (1998: EVN30),NA,EVN30,EVN30,1998,Road,Road,EM18 Permanent-magnet synchronous motor,NA,NA,84,NA,159,NA,NA,1730,2800,4770,1765,1680,https://www.nissan-global.com/EN/HERITAGE_COLLECTION/img/modelDetail/451/high.jpg,https://www.nissan-global.com/EN/HERITAGE_COLLECTION/451_rnessa_ev.html,"Nissan has continued R&D of EV that originated from ""Tama electric vehicle"" in 1947 by Tokyo Electro Automobile Co. Nissan started to sell Cedric EV in 1991 and Avenir EV in 1994 mainly to companies. ""Prairie Joy EV"" was released in 1997 as the world's first car with lithium ion battery. This is ""R'nessa EV"" manufactured based on a minivan R'nessa (N30) and released in 1998. It was equipped with many technique elements such as flat floor, non-contact charging system, air conditioner with remote controller, EV-dedicated digital meters, lithium ion battery and permanent-magnet synchronous motor, all of which would be implemented in the first generation Leaf (ZE0) in later years."
Nissan,R'nessa FCV,R'nessa FCV,NA,NA,NA,1998,Road,Road,NA,NA,NA,NA,NA,NA,NA,NA,NA,NA,NA,NA,NA,https://www.nissan-global.com/EN/HERITAGE_COLLECTION/img/thumbs/408_rnessa_fcv.jpg,https://www.nissan-global.com/EN/HERITAGE_COLLECTION/1990.html#no-408,NA
Nissan,Saurus,Saurus (1998 : NS-93),Racing Car,NS-93,NS-93,1998,Competition,Competition,"4-cyl. inline, DOHC",NA,1838,NA,6400,167,5200,NA,510,2350,4200,1600,1200,https://www.nissan-global.com/EN/HERITAGE_COLLECTION/img/modelDetail/uploader/data/en/Web/1317184104801044499.jpg,https://www.nissan-global.com/EN/HERITAGE_COLLECTION/saurus_jr_153.html,"After appearing at the 1987 Tokyo Motor Show, the Zaurus took part in one-make races in 1989. This car is the successor model debuted in 1993. Designed as a true single-seater, it was used at the Nissan Racing School for advanced classes. The engine is the SR18DE, familiar from the Primera, which has a maximum output of 150PS at 6,400rpm."
Nissan,Silvia,Silvia (1998 : S14),Silvia Gazelle,S14,S14,1998,Competition,Competition,"4-cyl. inline, DOHC",NA,1998,NA,6250,363,3500,NA,1050,2525,4520,1830,1265,https://www.nissan-global.com/EN/HERITAGE_COLLECTION/img/modelDetail/uploader/data/en/Web/1317165548301067963.jpg,https://www.nissan-global.com/EN/HERITAGE_COLLECTION/silvia.html,"From 1995, the All Japan GT Championship (JGTC) was split into two engine classes; the class names GT-500 and GT-300 were used from 1996 onwards. Cars such as the Skyline GT-R, Supra and NSX were classed as GT-500, while the Silvia, MR2 and the BMW were in the GT-300 category. This Silvia is a replica of the 1998 JGTC specification car sponsored by XANAVI Informatics Corp.."
Nissan,Skyline GT-R,Skyline GT-R (1998 : BCNR33),Skyline,BCNR33,BCNR33,1998,Competition,Competition,"6-cyl. inline, DOHC",NA,2708,NA,NA,706,NA,NA,1200,2720,4675,1885,1280,https://www.nissan-global.com/EN/HERITAGE_COLLECTION/img/modelDetail/uploader/data/en/Web/1317103350042046236.jpg,https://www.nissan-global.com/EN/HERITAGE_COLLECTION/skyline_gt-r_1998.html,"At the 1998 All Japan GT Championships, the E. Comas/Masami Kageyama team competed in a NISMO works machine (entry name: Pennzoil NISMO GT-R). Engine displacement was increased from 2,658cc to 2,708cc, and maximum output topped 500PS. In the 1998 season, Comas gained fame by taking the Driver's trophy."
Nissan,Skyline GT-R Autech Version 40th Anniversary,Skyline GT-R Autech Version 40th Anniversary (1998: BCNR33),Skyline,BCNR33,BCNR33,1998,Road,Road,"6-cyl. inline, 4-valve DOHC + turbo",NA,2568,280,6800,368,4400,NA,1560,2720,4755,1780,1380,https://www.nissan-global.com/EN/HERITAGE_COLLECTION/img/modelDetail/342/high.jpg,https://www.nissan-global.com/EN/HERITAGE_COLLECTION/342_skyline_gt-r_autech.html,"This is the model released from Autech Japan, Inc. in commemoration of 40th anniversary of Skyline. It was exhibited at the 32nd Tokyo Motor Show in 1997 with the concept of ""Sports sedan of highest performance for grown-ups"" and released in 1998. It shared the body with 4-door Skyline R33 but rear doors and rear fender were newly designed only for this model to replicate blister fender of 2-door GT-R. The exterior with smaller front spoiler and no rear spoiler created placid atmosphere. The interior for 4 passengers with bucket type rear seats was also unique. It was the first 4-door Skyline GT-R since ""2000GT-R (PGC10)"" released in 1969, and got favorable reviews."
Nissan,Nissan R391,Nissan R391 (1999 : R391),Racing Car,R391,R391,1999,Competition,Competition,"V8, DOHC",NA,4997,NA,NA,NA,NA,NA,900,2750,4650,2000,695,https://www.nissan-global.com/EN/HERITAGE_COLLECTION/img/modelDetail/uploader/data/en/Web/1317108438978051436.jpg,https://www.nissan-global.com/EN/HERITAGE_COLLECTION/nissan_r391_172.html,"Nissan entered a pair of R391 machines in the 1999 24 Hours of Le Mans race, but car No. 22 crashed in the previous day's qualifier, and car No. 23 retired after seven hours. However, in November that year, car No. 23 (M. Krumm, E. Comas, S. Motoyama) vindicated the R391, wining a brilliant victory in the Le Mans-Fuji 1000km race held in Japan."
Nissan,Primera GT,Primera GT (1999 : HP11),Primera Camino,HP11,HP11,1999,Competition,Competition,"4-cyl. inline, DOHC",NA,1998,NA,8300,265,8000,NA,975,2610,4450,1730,1290,https://www.nissan-global.com/EN/HERITAGE_COLLECTION/img/modelDetail/uploader/data/en/Web/1317177321324021891.jpg,https://www.nissan-global.com/EN/HERITAGE_COLLECTION/Primera_GT.html,"A boom in touring car races for 2-liter 4-door sedan cars happened around 1992 in European countries. In UK, BTCC (British Touring Car Championship) became very popular and the first generation PrimeraP10 that was manufactured in UK at the time also ran at races. The second generation P11 also raced at circuits. In 1999, machines such as Volvo S40, Renault Laguna, Vauxhall Vectra, Ford Mondeo and Honda Accord competed bitterly for their prestige. This machine is the genuine champion car that won 13 out of 26 races of BTCC in 1999 and got 4 titles such as Manufacturers', Drivers' and Teams'. The mounted engine is SR20DE with improved output of 300ps."
Nissan,Skyline GT-R,Skyline GT-R (1999 : BNR34),Skyline,BNR34,BNR34,1999,Competition,Competition,"6-cyl. inline, DOHC",NA,2708,NA,6000,706,4400,NA,1200,2665,4600,1885,NA,https://www.nissan-global.com/EN/HERITAGE_COLLECTION/img/modelDetail/uploader/data/en/Web/1317113581727075193.jpg,https://www.nissan-global.com/EN/HERITAGE_COLLECTION/skyline_gt-r_1999.html,"This vehicle, entered in the 1999 Japan GT Championship series, is the ""Pennzoil NISMO GT-R"", the NISMO works machine driven by the E. Comas/S. Motoyama team. Very stable at speed, it scored points in all 6 rounds of the series, and E. Comas took the Driver's trophy two years in a row. The drive system was modified to 2WD (FR)."
Nissan,Hypermini,Hypermini (2000: EA0),NA,EA0,EA0,2000,Road,Road,Permanent-magnet synchronous motor,NA,NA,33,NA,130,NA,NA,840,1890,2665,1475,1550,https://www.nissan-global.com/EN/HERITAGE_COLLECTION/img/modelDetail/289/high.jpg,https://www.nissan-global.com/EN/HERITAGE_COLLECTION/289_hypermini.html,"Following ""Prairie EV"" (1996), Hypermini was rolled out at Tokyo Motor Show in 1997 and production model was released in 2000. It was a very compact EV for 2 passengers; the overall length of 2660mm and the minimum turning radius of 3.9m. It was equipped with the groundbreaking keyless entry system of IC card type with a view to car-sharing, and was actually used to collect data from car-sharing experiments in Yokohama and Ebina. The max. speed was 100km/h and the mileage per charge was 115km, sufficient for driving in the neighborhood. Run-flat tires and lightweight aluminum frame were also adopted. ""Drive. Only 100 yen for 100 km"" was the forward-looking sales copy."
Nissan,Nissan Cube 4WD X,Nissan Cube 4WD X (2000: ANZ10),NA,ANZ10,ANZ10,2000,Road,Road,4-cyl. inline·4-valve DOHC,NA,1348,85,6000,120,4000,NA,1110,2360,3750,1610,1625,https://www.nissan-global.com/EN/HERITAGE_COLLECTION/img/modelDetail/419/high.jpg,https://www.nissan-global.com/EN/HERITAGE_COLLECTION/419_cube_4wd_x.html,"The first generation Cube Z10, based on the second generation March/Micra K11, was a revolutionary model that realized spacious cabin for 4 people and high usability by tall, square wagon-type body and glass hatch. It was rolled out in 1998 and became a big hit since there were no similar compact cars in Japan at the time. Cumulative sales of the first generation Cube reached as many as 400,000 during 5 years from 1998 to 2002 when the second generation Z11 made a debut. It was a victory of concept that younger people in the late 1990s enjoyed their leisure time with friends and the new model should capture them. This is the highest grade 4WD Cube ""X"" with aluminum wheels as standard."
Nissan,Skyline GT-R,Skyline GT-R (2000 : BNR34),Skyline,BNR34,BNR34,2000,Competition,Competition,"6-cyl. inline, DOHC",NA,2708,NA,6000,686,4400,NA,1100,2665,4675,1880,1280,https://www.nissan-global.com/EN/HERITAGE_COLLECTION/img/modelDetail/uploader/data/en/Web/1317102843342072430.jpg,https://www.nissan-global.com/EN/HERITAGE_COLLECTION/skyline_gt-r_2000.html,"In the 2000 Japan GT Championship, GT-500 class, U. Katayama and M. Krumm competed in the series with this NISMO works machine (entry name: Castrol NISMO GT-R). That year, with the Comas/Kageyama team (Locktite NISMO GT-R) also performing well, NISMO achieved 2nd place in the Team category."
Nissan,Skyline GT-R M⋅spec NE,Skyline GT-R M⋅spec NE (2000: BNR34),Skyline,BNR34,BNR34,2000,Competition,Competition,"6-cyl. inline, 4-valve DOHC + turbo",NA,2568,280,6800,392,4400,NA,1580,2665,4600,1780,1360,https://www.nissan-global.com/EN/HERITAGE_COLLECTION/img/modelDetail/306/high.jpg,https://www.nissan-global.com/EN/HERITAGE_COLLECTION/306_skyline_gt-r_m-spec_nur.html,"Skyline GT-R (BNR34) made a debut in January 1999. That is the last generation of ""Skyline GT-R"" as of 2019. ""V?SpecII Nür"" and ""M?Spec Nür"" named after Nürburgring where GT-R cars were developed were manufactured in 2002. They were the limited models and the number of production was 1,000 each. The former was aimed at sprint races while the latter, with significantly flexible suspensions, at endurance races. Mounted for both models was the engine based on N1 specs with equalized weight balance of pistons and connecting rods, and its cylinder head cover was colored gold. This car is ""M?Spec Nür"" of the special pale gold color."
Nissan,Skyline GT-R V⋅spec II,Skyline GT-R V⋅spec II (2000: BNR34),Skyline,BNR34,BNR34,2000,Competition,Competition,"6-cyl. inline, 4-valve DOHC + turbo",NA,2568,280,6800,392,4400,NA,1560,2665,4600,1780,1360,https://www.nissan-global.com/EN/HERITAGE_COLLECTION/img/modelDetail/280/high.jpg,https://www.nissan-global.com/EN/HERITAGE_COLLECTION/280_skyline_gt-r_v-spec_ii.html,"The 10th generation Skyline R34 was rolled out in 1998. The body had high rigidity to improve motion performance while securing enough interior space in a smaller body. Its highest-level performance model ""GT-R"" was released in 1999. ""V⋅spec"" was the center of talks due to higher traveling performance achieved by exclusive aero parts, specifically tuned suspensions and active LSD, and styling like a racing car. V⋅spec II added in 2000 adopted carbon engine hood with *NACA duct and aluminum pedals which created spartan atmosphere. This car is V⋅spec II of the special color ""Bayside Blue."" *NACA duct: the shape of intake port developed by NACA, the predecessor of NASA"
Nissan,Terrano Rally Car,Terrano Rally Car (2000 : R50),Prairie Terrano,R50,R50,2000,Competition,Competition,"V6, OHC",NA,3274,NA,5600,265,2800,NA,NA,2700,4640,1820,1900,https://www.nissan-global.com/EN/HERITAGE_COLLECTION/img/modelDetail/uploader/data/en/Web/1317112469702063620.jpg,https://www.nissan-global.com/EN/HERITAGE_COLLECTION/Terrano_Rally_Car.html,"Since the 2nd Rally Raid Mongol tournament in 1996, Masahiro Hasemi made consecutive appearances with the R50 Terrano, winning the 1997 and 1999-2000 events. At the 2000 rally (August 14-21), which was a 3,583.10km race starting at Ulan Bator, Hasemi won with a 4-hour lead over a Russian Jeep in 2nd place."
Nissan,Nissan Elgrand 4WD V,Nissan Elgrand 4WD V (2001: APWE50),NA,APWE50,APWE50,2001,Road,Road,"V6, 4-valve DOHC",NA,3498,240,6000,353,3200,NA,2040,2900,4740,1775,1945,https://www.nissan-global.com/EN/HERITAGE_COLLECTION/img/modelDetail/500/high.jpg,https://www.nissan-global.com/EN/HERITAGE_COLLECTION/500_elgrand_4wd_v.html,"A new type of minivan ""Elgrand"" E50 rolled out in 1997 was a pioneer of ""full-sized minivan"" that is extremely popular in Japan now. Developed based on the concept of ""High-end minivan of the new generation"", Elgrand had the massive form and the comfortable and spacious interior space. The flat floor realized by packaging FR layout and semi-cab-over type body enabled a passenger to walk between seats. Comfortable seats with a sense of high quality and luxury created a space for relaxation. E50 was a driving force behind the age of luxurious minivans in Japan and the accumulated sales volume exceeded 200 thousand until 2002 when the next generation E51 was rolled out."
Nissan,Nissan Silvia Varietta,Nissan Silvia Varietta (2001: S15),NA,S15,S15,2001,Competition,Competition,"4-cyl. inline, 4-valve DOHC",NA,1998,165,6400,192,4800,NA,1330,2525,4445,1695,1285,https://www.nissan-global.com/EN/HERITAGE_COLLECTION/img/modelDetail/494/high.jpg,https://www.nissan-global.com/EN/HERITAGE_COLLECTION/494_silvia_varietta.html,"The coupe convertible ""Varietta"" was added to the seventh generation Silvia S15 line in 2000. It was a groundbreaking car since, with electric-powered metal roof, it was an open-top car with beautiful long deck form when roof was completely stored and was a beautiful, traditional coupe when roof was closed. Noise barrier performance, heat shielding performance and anti-theft system were drastically improved from convertibles of the past. The body was designed and manufactured by Autech Japan as 2+2 car that was spacious enough for 4 occupants. Naturally aspirated SR20DE engine and 5-speed MT/4-speed AT enabled nimble running, which was one of selling points. This is Varietta colored in brilliant blue."
Nissan,Nissan Fairlady Z Version ST,Nissan Fairlady Z Version ST (2002: Z33),Fairlady Z,Z33,Z33,2002,Road,Road,"V6, 4-valve DOHC",NA,3498,280,6200,363,4800,NA,1450,2650,4310,1815,1315,https://www.nissan-global.com/EN/HERITAGE_COLLECTION/img/modelDetail/284/high.jpg,https://www.nissan-global.com/EN/HERITAGE_COLLECTION/284_fairlady_z_version_st.html,"Z-car history once halted when the production of Z32 ended in August 2000. However, the existence of the world-famous Z-car was too big for Nissan to throw away - as it represented its corporate DNA. Soon after the discontinuation, the expectation for Z-car's revival was growing among the fans, car enthusiasts, even among Nissan employees as well. The all-new Z-car concept was unveiled at 2001 North American International Auto Show, in the middle of expectation. It acquired a high reputation due to its modernity and traditional ""Z-ness"" within the exterior and interior as well. The new Z-car, model Z33, went on sale in July 2002 in the U.S. and Japan. The Z33 continued until Dec. 2008, and sold over 250,000 units in total. This was far more volume than the Z32. This silver car is an early model of Z33."
Nissan,Nissan March 14e,Nissan March 14e (2002: BK12),NA,BK12,BK12,2002,Road,Road,"4-cyl. inline, 4-valve, DOHC",NA,1386,NA,5600,137,3200,NA,950,2430,3695,1660,1525,https://www.nissan-global.com/EN/HERITAGE_COLLECTION/img/modelDetail/465/high.jpg,https://www.nissan-global.com/EN/HERITAGE_COLLECTION/465_march_14e.html,"March (Micra in overseas) has been a Nissan's leading compact car since 1982. The third generation March K12 rolled out in 2002 became popular due to traditional usability, unique and cute form, and 12 body colors named after food. It was the first car that adopted ""Alliance B Platform"" developed jointly with Renault after the alliance in 1999. It achieved excellent overall performance by adopting newly developed light and compact CR engine with high output, low fuel consumption, low emission and improved calmness along with B Platform. It was Nissan's first product to adopt a telematics service ""CARWINGS"" (today's Nissan Connect) and ""Intelligent Key"". This is the car colored in orange named ""Paprika Orange""."
Nissan,Skyline GT-R,Skyline GT-R (2002 : BNR34),Skyline,BNR34,BNR34,2002,Competition,Competition,"6-cyl. inline, DOHC",NA,2708,NA,6000,686,4400,NA,1200,2665,4600,1885,1140,https://www.nissan-global.com/EN/HERITAGE_COLLECTION/img/modelDetail/uploader/data/en/Web/1317098284986006958.jpg,https://www.nissan-global.com/EN/HERITAGE_COLLECTION/skyline_gt-r_2002.html,"The GT-R version of the tenth-generation Skyline (R34) was launched in January 1999. As with the R32 and R33, it performed well on the circuit, and in the 2002 Japan GT Championships it provided much excitement for its fans. This vehicle is the replica used by NISMO in the pre-season press conference; the coloring is the same as that applied to the #23 Castrol Pitwork GT-R (Masami Kageyama/E. Comas)."
Nissan,MOTUL PITWORK GT-R 2003 JGTC No. 22,MOTUL PITWORK GT-R 2003 JGTC No. 22 (2003: BNR34),Skyline,BNR34,BNR34,2003,Competition,Competition,"V6, 4-valve DOHC with twin turbo",NA,2987,485,5600,735,4000,NA,1080,2665,4600,1885,NA,https://www.nissan-global.com/EN/HERITAGE_COLLECTION/img/modelDetail/368/high.jpg,https://www.nissan-global.com/EN/HERITAGE_COLLECTION/368_motul_pitwork_gt-r_2003_jgtc_no-22.html,"In 2003, Skyline GT-R (BNR34) with V6 engine participated in Japan GT Championship (JGTC) as NISMO team. Although 6-cyl.in line engine was a symbol of Skyline GT-R, the engine length and the weight were limiting factors for performance improvement. Compact V6 engine brought revolutionary improvement of weight balance and lowering of center of gravity. 2003 was the last year for Skyline GT-R to run the race of GT500 class of JGTC because Fairlady Z (Z33) was to run in 2004. This is No.22 Motul Pitwork GT-R that, driven by Masami Kageyama and Richard Lyons, won Round 2 of JGTC held at Fuji International Speedway in 2003, and placed third in the drivers ranking."
Nissan,Nissan Fairlady Z Roadster,Nissan Fairlady Z Roadster (2003: HZ33),Fairlady Z,HZ33,HZ33,2003,Competition,Competition,V6·4-valve DOHC,NA,3498,280,6200,363,4800,NA,1635,2650,4310,1815,1325,https://www.nissan-global.com/EN/HERITAGE_COLLECTION/img/modelDetail/383/high.jpg,https://www.nissan-global.com/EN/HERITAGE_COLLECTION/383_fairlady_z_roadster.html,"The fifth generation Fairlady Z Z33 (350Z in overseas) was rolled out in 2002, 2 years after the discontinuation of Z32 in 2000. ""Roadster"" was added in 2003 like ""Convertible"" was added to Z32. The roof was not metal top that was becoming gradually popular at the time but traditional soft-top, and electrically opened/closed in about 20 seconds. Mounted engine was naturally aspirated VQ35DE (V6, 4-valve DOHC, 3498cc) like coupe models. This is a show car exhibited at overseas motor shows that slightly differs from the production model."
Nissan,Nissan Skyline Coupe 350GT,Nissan Skyline Coupe 350GT (2003: CPV35),Skyline,CPV35,CPV35,2003,Road,Road,"V6, 4-valve DOHC",NA,3498,280,6200,363,4800,NA,1530,2850,4640,1815,1395,https://www.nissan-global.com/EN/HERITAGE_COLLECTION/img/modelDetail/497/high.jpg,https://www.nissan-global.com/EN/HERITAGE_COLLECTION/497_skyline_coupe_350gt.html,"The eleventh generation Skyline V35 rolled out in 2001 was a GT car of the new generation with ""FM package"", i.e., small and light V6 engine was mounted in front midship layout. It was highly praised even in overseas markets as ""INFINITI G35"" for upgraded roadholding ability and ride achieved by weight distribution of 52:48. The first models were sedans with 2500cc/3000cc VQ direct injection engines. ""Sedan 350GT-8"" with 3500cc engine and 8-speed paddle shift was added in January 2002 and the long-waited 2-door coupe series with 3500cc engine was added in January 2003. They became very popular due to the flowing and stylish form and high traveling performance. This car is Coupe 350GT rolled out in 2003."
Nissan,Nissan X-TRAIL 4WD X,Nissan X-TRAIL 4WD X (2003: NT30),NA,NT30,NT30,2003,Road,Road,"4-cyl. inline, 4-valve, DOHC",NA,1998,150,6000,200,4000,NA,1400,2625,4455,1765,1750,https://www.nissan-global.com/EN/HERITAGE_COLLECTION/img/modelDetail/469/high.jpg,https://www.nissan-global.com/EN/HERITAGE_COLLECTION/469_x_trail_x_4wd.html,"New SUV ""X-TRAIL"" rolled out in 2000 was planned and developed based on the concept of ""joyous, comfortable, and handy 4WD for 4 people at the price of 2 million yen"", targeting people of 20s and 30s who enjoyed outdoor sports. Although the vehicle sizes were moderate, well-constructed packaging realized interior space and luggage room larger than a bigger 4WD enough to carry 4 people and their luggage. Well-thought specifications such as ""waterproof interior"" got very favorable reviews. At a minor change in 2003, it adopted ""Pop-up steering wheel"" so that a driver could change clothes easily in the driver's seat. This is ""X"" with 2000cc engine colored in ""burning red""."
Nissan,Nissan Cube 2WD SX 70th-II,Nissan Cube 2WD SX 70th-II (2004: BZ11),NA,BZ11,BZ11,2004,Road,Road,"4-cyl. inline, 4-valve, DOHC",NA,1386,NA,5600,137,3200,NA,1070,2430,3730,1670,1640,https://www.nissan-global.com/EN/HERITAGE_COLLECTION/img/modelDetail/466/high.jpg,https://www.nissan-global.com/EN/HERITAGE_COLLECTION/466_cube_2wd_sx.html,"Cube, a pioneer of ""compact high-body wagon"", was rolled out in 1998. The second generation Z11, produced based on the concept of ""magical box"", shared ""Alliance B Platform"" with March K12 and was rolled out in 2002. The form was genial and ""cubic with rounded corners"". It featured asymmetric rear window and convenient back door that opened/closed like a refrigerator door. Due to those features and interior with increased comfortableness, it gained enduring popularity and became a big hit with the accumulated sales of 550,000 which exceeded that of the first generation. This is ""SX 70th-II"", the special car rolled out on Nissan's 70th anniversary in 2003."
Nissan,Nissan Murano 2WD 350XV,Nissan Murano 2WD 350XV (2004: PZ50),NA,PZ50,PZ50,2004,Road,Road,"V6, 4-valve DOHC",NA,3498,231,5600,333,2800,NA,1720,2825,4770,1880,1685,https://www.nissan-global.com/EN/HERITAGE_COLLECTION/img/modelDetail/467/high.jpg,https://www.nissan-global.com/EN/HERITAGE_COLLECTION/467_murano_2wd_350xv.html,"Murano is a crossover SUV that was rolled out in US in 2002 and became very popular. It was rolled out in Japan in 2004 to meet the demand from the market. In that year, Nissan held a daring press conference, posting ""SHIFT_"", to unveil 6 new models including Murano at the same time, which became a hot topic and impressed Nissan's aggressive strategy. The form designed on the theme of ""lively sculpture"" was as flowing as coupe. The copy was ""That sports car is SUV"" to deliver a message that Murano was different from traditional rugged SUV and was a new category itself. This is 350XV with the engine of 6-cyl. V-type 3500cc and genuine leather seats in bright copper color."
Nissan,Nissan Pickup Dakar Rally 2004 mockup,Nissan Pickup Dakar Rally 2004 mockup (2004: D22rev.),NA,D22rev.,D22rev.,2004,Competition,Competition,"V6, 4-valve DOHC",NA,3498,272,5000,363,4000,NA,1750,NA,4700,2000,1700,https://www.nissan-global.com/EN/HERITAGE_COLLECTION/img/modelDetail/438/high.jpg,https://www.nissan-global.com/EN/HERITAGE_COLLECTION/438_nissan_pickup_dakar_2004.html,"The first Dakar Rally was held in 1978. Machines started the race in Paris, went through Algeria, Niger, and Mali, and reached Dakar in Senegal. The total driving distance was about 10,000km. In spite of cancellation and venue changes in between due to political reasons, the extremely grueling competition named ""Dakar Rally"" still continues.* The first NISSAN machine that participated in the rally was ""Patrol"" 160 in 1982. Then, Terrano/Pathfinder WD21 repeatedly won in T1 class and the second generation R50 won class championship in 2001. Pickup D22 by Nissan Works participated in the race from 2003 to 2005 and the best result was the 4th place. This is a mockup of 2004 model for display. * As of 2025"
Nissan,Nissan Teana 230JK,Nissan Teana 230JK (2004: J31),NA,J31,J31,2004,Competition,Competition,"V6, 4-valve DOHC",NA,2349,173,6000,225,4400,NA,1450,2775,4770,1765,1475,https://www.nissan-global.com/EN/HERITAGE_COLLECTION/img/modelDetail/476/high.jpg,https://www.nissan-global.com/EN/HERITAGE_COLLECTION/476_teana_230jk.html,"Luxury middle-sized sedans ""Laurel"" and ""Cefiro"" were integrated to be ""Teana"" in 2003. Based on the concept of ""Luxury sedan for refined adults"", it realized ""the classy interior like a modern living room"", featuring wood panels that created calmness and newness, and luxurious-sofa-like seats. As for exterior, it had a well-proportioned and graceful form to match up with interior. The copy ""Modern living room in a car"" that plainly conveyed the idea of design became a hot topic and the car received Good Design Award in 2003. The first generation Teana got favorable reviews also in the Asian market and became a hit with the global production of 300 thousand until 2008."
Nissan,Xanavi NISMO Z 2004 JGTC No. 1,Xanavi NISMO Z 2004 JGTC No. 1(2004: Z33),NA,Z33,Z33,2004,Competition,Competition,"V6, 4-valve DOHC with twin turbo",NA,NA,465,5600,706,4000,NA,1080,2650,4625,1940,NA,https://www.nissan-global.com/EN/HERITAGE_COLLECTION/img/modelDetail/375/high.jpg,https://www.nissan-global.com/EN/HERITAGE_COLLECTION/375_xanavi_nismo_z_2004_jgtc_no-1.html,"Skyline GT-R that won its last JGTC race in 2003 was replaced with Fairlady Z (Z33) as GT500 machine for JGTC races in 2004. Its main mechanisms such as VQ engine and transaxle were passed down from GT-R, and the styling was based on the limited model ""Type E"" with extended front/rear bumpers. It showed excellent performance on both straightway and corners. This car is XANAVI NISMO Z that ran JGTC races. The car number ""1"" indicates it is the defending champion. The drivers were S. Motoyama and R. Lyons. It won the debut race at TI Circuit Aida and the 6th Round at Autopolis International Racing Course, which resulted in Nissan's series title for the second year in a row."
Nissan,Nissan Note 2WD 15S,Nissan Note 2WD 15S (2005: E11),NA,E11,E11,2005,Road,Road,"4-cyl. inline, 4-valve, DOHC",NA,1386,NA,5600,137,3200,NA,1070,2430,3730,1670,1640,https://www.nissan-global.com/EN/HERITAGE_COLLECTION/img/modelDetail/479/high.jpg,https://www.nissan-global.com/EN/HERITAGE_COLLECTION/479_note_2wd_15s.html,"In September 2004, Nissan held a daring press conference, posting ""SHIFT_"", to unveil 6 new models at the same time, which became a hot topic and impressed Nissan's aggressive strategy. One of the six models was ""Note"" E11. Note was developed on the concept of ""a compact car that is equipped with user-friendly items and brings exhilarating ride to a driver"". It was a masterpiece that had power generated by HR15DE engine (1500cc, 80kW(109ps)) and extraordinary spacious interior created by long wheelbase of 2600mm. The global accumulated sales volume since its rollout in 2005 up to 2012 reached more than 900,000. This is ""15S"" in ""Oasis green"", one of the major body colors in early days."
Nissan,Nissan Skyline 350GT-8,Nissan Skyline 350GT-8 (2005: PV35),Skyline,PV35,PV35,2005,Road,Road,"V6, 4-valve DOHC",NA,3498,272,6000,353,4800,NA,1580,2850,4750,1750,1470,https://www.nissan-global.com/EN/HERITAGE_COLLECTION/img/modelDetail/417/high.jpg,https://www.nissan-global.com/EN/HERITAGE_COLLECTION/417_skyline_350gt_8.html,"The eleventh generation Skyline V35 rolled out in 2001 was a GT car of the new generation with ""FM package"", i.e. small and light V6 engine was mounted in front midship layout, It was highly praised even in overseas markets for upgraded roadholding ability and ride achieved by weight distribution of 52:48. The lineup in early days was sedan with VQ direct injection engine of 2500cc/3000cc. ""350GT-8"" with engine of 3500cc and 272ps (200kW) was added in 2002 in which innovative ""Extroid CVT"" and Japan's first paddle shift transmission were combined to create direct driving feeling just like 8-speed MT did. This is 350GT-8 in 2005."
Nissan,Nissan Tiida 15S,Nissan Tiida 15S (2005: C11),NA,C11,C11,2005,Road,Road,"4-cyl. inline, 4-valve DOHC",NA,1498,109,6000,148,4400,NA,1100,2600,4205,1695,1535,https://www.nissan-global.com/EN/HERITAGE_COLLECTION/img/modelDetail/338/high.jpg,https://www.nissan-global.com/EN/HERITAGE_COLLECTION/338_tiida_15s.html,"In September 2004, Nissan held a daring press conference, posting ""SHIFT_"", to unveil 6 new models at the same time, which became a hot topic and impressed Nissan's aggressive strategy. One of the six models was ""Tiida"" C11. Tiida was born as a compact car of 1500cc class, developed based on the concept of ""the compact car with adequate interior quality and well-thought space arrangement"" and the copy was ""Compact Meets Luxury"". The sales volume including 4-door sedan exceeded 2.8 million all over the world and became a big hit. The name ""Tiida"" was coined from an English word ""tide"" and it is pronounced as tee-dah, the same pronunciation as an Okinawan word meaning ""the sun""."
Nissan,MOTUL AUTECH Z 2006 SUPER GT No. 22,MOTUL AUTECH Z 2006 SUPER GT No. 22 (2006: Z33),NA,Z33,Z33,2006,Competition,Competition,"V6, 4-valve DOHC with twin turbo",NA,2987,500,5600,706,4000,NA,1100,2650,4625,1940,NA,https://www.nissan-global.com/EN/HERITAGE_COLLECTION/img/modelDetail/395/high.jpg,https://www.nissan-global.com/EN/HERITAGE_COLLECTION/395_motul_autech_z_2006_super_gt_no-22.html,"5 machines of Fairlady Z (Z33) participated in GT500 class of SUPER GT in 2006. Since it won only one race in 2005, significant improvement of performance was required in 2006. A lot of minor improvements that didn't appear in the specs data were made on the engine. This MOTUL AUTECH Z is one of two works machines of NISMO team. The drivers were Michael Krumm and Sakon Yamamoto up to the 3rd Round. After that, Richard Lyons drove instead of Sakon Yamamoto. It finished second at the 4th Round in Malaysia and at the 6th Round at Suzuka Circuit and Michael Krumm placed fourth in the drivers ranking, which impressed winning NISMO and winning Fairlady on audience."
Nissan,Nissan Serena 20RS,Nissan Serena 20RS (2006: C25),NA,C25,C25,2006,Road,Road,"4-cyl. inline, 4-valve DOHC",NA,1997,137,5200,200,4400,NA,1610,2860,4690,1695,1840,https://www.nissan-global.com/EN/HERITAGE_COLLECTION/img/modelDetail/480/high.jpg,https://www.nissan-global.com/EN/HERITAGE_COLLECTION/480_serena_20rs.html,"Serena, born in 1991, has been popular among customers as the Nissan's leading minivan for over 30 years. Among the models, the third generation C25 showed its uniqueness by the characteristic line of side windows. With the concept ""BIG! EASY! FUN! BOX"", C25 realized the maximum interior space among small-sized minivans and featured big sliding doors for easy getting in/out, various places for storage, and passenger-friendly seats that were easy to flip. It became a hit with sales volume of 450 thousand in 6 years from 2005 to 2010. It also won the top ranking in the sales volume of the domestic minivans with 3-row seats for three consecutive years from 2007 to 2009."
Nissan,NISSAN GT-R,NISSAN GT-R (2007: R35),Skyline,R35,R35,2007,Road,Road,"V6, 4-valve DOHC with twin turbo",NA,3799,480,6400,588,5200,NA,1740,2780,4655,1895,1370,https://www.nissan-global.com/EN/HERITAGE_COLLECTION/img/modelDetail/418/high.jpg,https://www.nissan-global.com/EN/HERITAGE_COLLECTION/418_nissan_gt-r.html,"""GT-R"" was discontinued when the production of R34 finished in 2002, but ""GT-R Concept"" was exhibited without any prior announcement at Tokyo Motor Show in 2001. After ""GT-R PROTO"" in 2005, ""GT-R"" was released as ""NISSAN GT-R"", without the name of Skyline, in 2007. NISSAN GT-R, with the engine (V6 DOHC with twin turbo, 480ps, 3800cc) and ""independent transaxle 4WD"" with dual clutch transmission located in the rear, had stolen the scene for its unprecedented high performance even before it was released. Manageability that was unusual for a supercar, environmental performance and fuel efficiency were also appealing. This car is the model of the earliest days."
Nissan,Nissan Micra C+C,Nissan Micra C+C (2007: FHZK12),NA,FHZK12,FHZK12,2007,Road,Road,"4-cyl. inline, 4-valve, DOHC",NA,1597,NA,6000,153,4400,NA,1200,2430,3820,1670,1445,https://www.nissan-global.com/EN/HERITAGE_COLLECTION/img/modelDetail/471/high.jpg,https://www.nissan-global.com/EN/HERITAGE_COLLECTION/471_micra_c_c.html,"March (Micra in overseas) has been a Nissan's leading compact car since 1982. The third generation K12 rolled out in 2002 was simultaneously produced in Japan and UK by Nissan Motor Manufacturing (UK). ""Micra C+C"" was an electric powered convertible coupe added in 2005 for European market. Only 1500 of them were imported to Japan and rolled out in 2007. Micra C+C was manufactured based on Micra of European spec with know-how of a famous German coachbuilder Karmann. It is a car full of appealing features such as interior and luggage large enough for 2+2 coupe, electric roof made of UV protection glass, elegant form, and crisp vehicle performance realized by 1600cc engine."
Nissan,Nissan Skyline Coupe 370GT Type S,Nissan Skyline Coupe 370GT Type S (2007: CKV36),Skyline,CKV36,CKV36,2007,Road,Road,"V6, 4-valve DOHC",NA,3696,333,7000,363,5200,NA,1530,2850,4655,1820,1390,https://www.nissan-global.com/EN/HERITAGE_COLLECTION/img/modelDetail/498/high.jpg,https://www.nissan-global.com/EN/HERITAGE_COLLECTION/498_skyline_coupe_370gt.html,"The twelfth generation Skyline V36 rolled out in 2006 was the first model that was developed to go on overseas markets, and so performance was on par with major sports sedans' in Europe and US. It was also known as Infiniti G35. The lower/wider form was characterized by the massive rear portion with sharp front grills and rear finishers. Double wishbone/multilink suspensions that realized both high roadholding ability and comfortableness, and the world's first 4-wheel Active Steering technology were also the topics. V36 series had only 4-door sedan in the beginning, but the long-waited new coupe model with exclusive 3700cc engine was rolled out in 2007. This car is 370GT Type S with magnesium shift paddle."
Nissan,Cube EV test car,Cube EV test car (2008: Z11rev.),NA,Z11rev.,Z11rev.,2008,Road,Road,Permanent-magnet synchronous motor,NA,NA,NA,12000,216,2650,NA,1597,2600,3900,1680,1645,https://www.nissan-global.com/EN/HERITAGE_COLLECTION/img/modelDetail/425/high.jpg,https://www.nissan-global.com/EN/HERITAGE_COLLECTION/425_cube_ev_test_car.html,"The first generation ""Nissan Leaf"" ZE0, the mass production model of EV, was released in 2010. This car is ""Cube"" Z11 remodeled to EV for the anticipatory development of Leaf. The rollout for the press and the test ride event were held in 2008. Since it was manufactured to examine specs of lithium ion battery to be mounted on Leaf, the vehicle dimension was almost the same as that of Cube on the market. This is a test car from hub to tire for experimental purposes, but air holes of ventilator at the front grill are changed to lightning-shape. It was in 2009 that the concept car of the first generation Nissan Leaf was exhibited at Nissan Global Headquarters Gallery and rolled out."
Nissan,NISSAN GT-R Bolt Special,NISSAN GT-R Bolt Special (2012: R35),Skyline,R35,R35,2012,Road,Road,"V6, 4-valve DOHC with twin turbo",NA,3799,550,6400,632,5800,NA,1730,2780,4670,1895,1370,https://www.nissan-global.com/EN/HERITAGE_COLLECTION/img/modelDetail/295/high.jpg,https://www.nissan-global.com/EN/HERITAGE_COLLECTION/295_nissan_gt-r_bolt_special.html,"Skyline ""GT-R"" came back as NISSAN GT-R (R35), a super sports car of a new generation, in 2007 after the discontinuation of Skyline GT-R (BNR34) in 2002. Usain bolt, one of the fastest sprinter in the world, who had been attracted to its high performance and had bought one became ""Brand Ambassador"" of NISSAN GT-R in 2012. GT-R colored in gold from the gold medal he won at the London Olympic Games in 2012 was put up for a charity auction and the proceeds were donated to Usain Bolt Foundation. There are 2 more gold-colored GT-Rs; one is the car presented to Bolt, and the other is the car on display that Bolt himself gave an autograph at an event in Japan."
Nissan,Nissan LEAF,Nissan LEAF (2012: ZE0),NA,ZE0,ZE0,2012,Road,Road,Permanent-magnet synchronous motor,NA,NA,109,9800,NA,2730,NA,1520,2700,4445,1770,1545,https://www.nissan-global.com/EN/HERITAGE_COLLECTION/img/modelDetail/462/high.jpg,https://www.nissan-global.com/EN/HERITAGE_COLLECTION/462_nissan_leaf.html,"The concept of ""Nissan Leaf,"" the first globally-marketed electric vehicle in the world for sustainable zero emission society, was unveiled in 2009 and the first generation model was released in 2010. It had high environmental performance as well as powerful and smooth acceleration performance, quietness in every speed range and good handling stability achieved by large-capacity lithium-ion battery of 24kWh and high-output electric motor. It was also equipped with advanced IT system, which provided a sense of unity between the driver and the car. Driving range was 200km (JC08 mode) at the time of release. It was improved to 228km in 2012 and to 300km with 30kWh battery in 2015."
Nissan,NISSAN GT-R NISMO N-Attack Package test car,NISSAN GT-R NISMO N-Attack Package test car (2013: R35),Skyline,R35,R35,2013,Competition,Competition,"V6, 4-valve DOHC with twin turbo",NA,3799,600,6800,NA,5600,NA,1740,2780,4680,1895,1370,https://www.nissan-global.com/EN/HERITAGE_COLLECTION/img/modelDetail/143/high.jpg,https://www.nissan-global.com/EN/HERITAGE_COLLECTION/143_nissan_gt-r_nismo_n-attack_package_test_car.html,"Ever since ""Skyline GT-R"" made a test run in 1988, all the GT-R machines have been tested on Nordschleife of Nürburgring, one of the toughest courses in the world, for evaluation. When ""NISSAN GT-R NISMO"" was planned as flagship car in 2013, the team ventured time attack to be evaluated as a machine with the best performance. The machine was equipped with the street-legal option pack. The drivers were S. Buemi, M. Krumm, A. Hahne and T. Tanaka. Krumm achieved the record of 7min 8sec 679, the fastest of all the production vehicles at the time, on his second lap. It was faster by almost 10 seconds than the best time of 7min 18sec achieved in 2012 by the same model."
Porsche,Type 64,Porsche Type 64 (1939 – 1940),Type 64,NA,NA,1939,Porsche Race Car Guides,Competition,flat-4,rear,1131,40,NA,NA,NA,140,NA,NA,NA,NA,NA,https://www.stuttcars.com/wp-content/uploads/2021/05/Porsche-type-64.png,https://www.stuttcars.com/porsche-type-64/,KdF Berlin-Rome race car. The Porsche Type 64 (1939-1940)
Porsche,356/1,Porsche 356/1 (1948),356,356,356,1948,The Rest of the Porsche Model Guides,Road,flat-4,rear,1100,35,4000,NA,NA,135,NA,NA,NA,NA,NA,https://www.stuttcars.com/wp-content/uploads/2021/05/HDK-674.jpg,https://www.stuttcars.com/porsche-356-1-ultimate-guide/,"The first Porsche, chasssis 356-001, was produced in Gmünd as two-seat roadster using VW parts."
Porsche,356/2 “Gmünd” Cabriolet,Porsche 356/2 “Gmünd” Cabriolet (1948 – 1951),356,356,356,1948,The Rest of the Porsche Model Guides,Road,flat-4,rear,1100,41,4200,71,3300,142,NA,NA,NA,NA,NA,https://www.stuttcars.com/wp-content/uploads/2021/05/1948_Porsche_3562GmndCabriolet1.jpeg,https://www.stuttcars.com/porsche-356-2-gmund-cabriolet-ultimate-guide/,"Of the 52 cars made in Gmünd, only eight were built up as cabriolets."
Porsche,356/2 “Gmünd” Coupe,Porsche 356/2 “Gmünd” Coupe (1948 – 1951),356,356,356,1948,The Rest of the Porsche Model Guides,Road,flat-4,rear,1100,41,4200,71,3300,142,NA,NA,NA,NA,NA,https://www.stuttcars.com/wp-content/uploads/2021/05/HNE-1090.jpg,https://www.stuttcars.com/porsche-356-2-gmund-coupe-ultimate-guide/,"With lessons learned from 356 No. 1, Porsche developed the 356/2 as a production-ready version."
Porsche,Type 360 Cisitalia,Porsche Type 360 Cisitalia (1948 – 1949),360,360,360,1948,Porsche Race Car Guides,Competition,NA,NA,NA,NA,NA,NA,NA,NA,NA,NA,NA,NA,NA,https://www.stuttcars.com/wp-content/uploads/2021/06/porsche_typ-360_cisitalia_47_11.jpeg,https://www.stuttcars.com/porsche-type-360/,"The Cisitalia Grand Prix is a single-seater car for the postwar 1.5-litre supercharged Grand Prix class, built by Italian sports car manufacturer Cisitalia and introduced in 1949."
Porsche,356 1100 “Pre-A”,Porsche 356 1100 “Pre-A” (1950 – 1954),356,356,356,1950,The Rest of the Porsche Model Guides,Road,flat-4,rear,1100,41,4200,71,3300,159,NA,NA,NA,NA,NA,https://www.stuttcars.com/wp-content/uploads/2021/05/1950_Porsche_356SplitWindowCoup1.jpeg,https://www.stuttcars.com/porsche-356-pre-a-1100/,The first Stuttgart-built 356 have later been called as 356 Pre-A.
Porsche,356 1300 “Pre-A”,Porsche 356 1300 “Pre-A” (1951 – 1955),356,356,356,1951,The Rest of the Porsche Model Guides,Road,flat-4,rear,1100,45,4200,81,2800,159,NA,NA,NA,NA,NA,https://www.stuttcars.com/wp-content/uploads/2022/01/1952-Porsche-356-1300-Pre-A-Coupe-8.jpeg,https://www.stuttcars.com/porsche-356-1300-pre-a-1951-1955/,"In 1951, a bigger 1.3-litre Type 506 engine was announced. It marked the first significant move away from the original Volkswagen unit."
Porsche,356 SL Gmünd Coupe,Porsche 356 SL Gmünd Coupe (1951),356,356,356,1951,The Rest of the Porsche Model Guides,Road,flat-4,rear,1100,47,4000,NA,NA,NA,NA,NA,NA,NA,NA,https://www.stuttcars.com/wp-content/uploads/2016/04/1951_Porsche_356SLGmndCoup-0-1024.jpg,https://www.stuttcars.com/1951-porsche-356-sl-gmund-coupe/,"In 1950, eleven remaining Gmund chassis were assembled after the factory returned to Germany and converted to SL racing spec"
Porsche,356 SL Roadster,Porsche 356 SL Roadster (1951),356,356,356,1951,The Rest of the Porsche Model Guides,Road,NA,rear,NA,NA,NA,NA,NA,NA,NA,NA,NA,NA,NA,https://www.stuttcars.com/wp-content/uploads/2016/04/880382.jpg,https://www.stuttcars.com/1951-porsche-356-sl-roadster/,"Before the 1952 races at Torrey Pines, von Neumann had Emil Diedt remove the coupe's roof, creating in effect the first Carrera Speedster."
Porsche,356 1500 “Pre-A”,Porsche 356 1500 “Pre-A” (1952 – 1955),356,356,356,1952,The Rest of the Porsche Model Guides,Road,flat-4,rear,1500,61,5000,102,3000,159,NA,NA,NA,NA,NA,https://www.stuttcars.com/wp-content/uploads/2022/01/1952_Porsche_356PreACoup1.jpeg,https://www.stuttcars.com/porsche-356-1500-pre-a-1952-1955/,The 1500 was Porsche’s newest engine which was quickly fitted with 40 PIBC Solex carburetors
Porsche,356 ‘America Roadster’,Porsche 356 ‘America Roadster’ (1952),356,356,356,1952,The Rest of the Porsche Model Guides,Road,NA,rear,NA,NA,NA,NA,NA,NA,NA,NA,NA,NA,NA,https://www.stuttcars.com/wp-content/uploads/2016/04/1014895-1.jpg,https://www.stuttcars.com/1952-porsche-356-america-roadster/,Max Hoffman convinced Porsche it needed a lightweight convertible to compete with Jaguar and Austin-Healey.
Porsche,Porsche-Glöckler 356 Roadster,Porsche-Glöckler 356 Roadster (1952),356,356,356,1952,The Rest of the Porsche Model Guides,Road,NA,rear,NA,NA,NA,NA,NA,NA,NA,NA,NA,NA,NA,https://www.stuttcars.com/wp-content/uploads/2016/04/1952_PorscheGlckler_356Roadster1.jpg,https://www.stuttcars.com/1952-porsche-glockler-356-roadster/,"Successful VW Dealer and sporstcar racer, Walter Glöckler built this special car for the German Car Championship"
Porsche,356 1500 Super “Pre-A”,Porsche 356 1500 Super “Pre-A” (1953 – 1955),356,356,356,1953,The Rest of the Porsche Model Guides,Road,flat-4,rear,1500,71,5000,102,3000,159,NA,NA,NA,NA,NA,https://www.stuttcars.com/wp-content/uploads/2022/01/id356prea01d01f0845.jpeg,https://www.stuttcars.com/porsche-356-1500-super-pre-a-1953-1955/,"Porsche's competition department reworked the 1500 engine with hotter cams and bigger Carburetors, boosting power to 70 bhp."
Porsche,550 Prototype Coupé,Porsche 550 Prototype Coupé (1953),550,550,550,1953,Porsche Race Car Guides,Competition,flat-4,mid,1500,79,NA,NA,NA,200,NA,NA,NA,NA,NA,https://www.stuttcars.com/wp-content/uploads/2016/04/1953_Porsche_550PrototypeCoup-0-1024.jpg,https://www.stuttcars.com/porsche-550-prototype-coupe/,The first two Porsche 550s (Chassis #550-01 & #550-02) were coupes
Porsche,550 Prototype Spyder,Porsche 550 Prototype Spyder (1953),550,550,550,1953,Porsche Race Car Guides,Competition,flat-4,mid,1500,112,6200,120,5000,220,NA,NA,NA,NA,NA,https://www.stuttcars.com/wp-content/uploads/2021/06/1953_Porsche_550PrototypeSpyder-0-1024.jpg,https://www.stuttcars.com/porsche-550-prototype-spyder/,Only 15 prototypes (including coupes) were made until regular production began in 1954 of the Porsche RS Spyder.
Porsche,645 Spyder,Porsche 645 Spyder (1953),645,645,645,1953,Porsche Race Car Guides,Competition,NA,NA,NA,NA,NA,NA,NA,NA,NA,NA,NA,NA,NA,https://www.stuttcars.com/wp-content/uploads/2021/06/645-solitude-1956-copyright-porsche.jpg,https://www.stuttcars.com/porsche-645-spyder/,"Planned as a successor to the Porsche 550, the car was discontinued in favor of the revised 550A and the Porsche 718. Single example was destroyed in a spectacular crash."
Porsche,356 1300 Super “Pre-A”,Porsche 356 1300 Super “Pre-A” (1954 – 1955),356,356,356,1954,The Rest of the Porsche Model Guides,Road,flat-4,rear,1300,61,5500,88,3600,159,NA,NA,NA,NA,NA,https://www.stuttcars.com/wp-content/uploads/2022/01/1954_Porsche_356_roadster_9596133395.jpeg,https://www.stuttcars.com/porsche-356-1300-super-pre-a-1954-1955/,"In 1953, the 1300 S or ""Super"" was introduced, and the 1,100 cc engine was dropped."
Porsche,356 1500 “Pre-A” Speedster,Porsche 356 1500 “Pre-A” Speedster (1954 – 1955),356,356,356,1954,The Rest of the Porsche Model Guides,Road,flat-4,rear,1500,55,4400,103,2500,159,NA,NA,NA,NA,NA,https://www.stuttcars.com/wp-content/uploads/2016/04/1954_Porsche_3561500Speedster1.jpg,https://www.stuttcars.com/porsche-speedster-1954-1955/,Max Hoffmann convinced Porsche to built the 356 Speedster. A cheaper and more sporting alternative to the Coupe and Cab.
Porsche,550 RS Spyder,Porsche 550 RS Spyder (1954 – 1956),550,550,550,1954,Porsche Race Car Guides,Competition,flat-4,mid,NA,112,6200,120,5000,220,NA,NA,NA,NA,NA,https://www.stuttcars.com/wp-content/uploads/2016/04/Porsche-550-RS-Spyder.jpeg,https://www.stuttcars.com/1954-porsche-550-rs-spyder/,The giant killer
Porsche,356 1500 “Pre-A” Carrera (4-cam),Porsche 356 1500 “Pre-A” Carrera (4-cam) (1955),356,356,356,1955,The Rest of the Porsche Model Guides,Road,NA,rear,NA,NA,NA,NA,NA,NA,NA,NA,NA,NA,NA,https://www.stuttcars.com/wp-content/uploads/2022/01/03-1955-Porsche-356-Carrera-1500-GS-Speedster-by-Reutter_10-1.jpeg,https://www.stuttcars.com/porsche-356-1500-pre-a-carrera-4-cam-1955/,The 356 gets a race inspired 1500 cc four cam motor
Porsche,356 1500 “Pre-A” Super Speedster,Porsche 356 1500 “Pre-A” Super Speedster (1955),356,356,356,1955,The Rest of the Porsche Model Guides,Road,NA,rear,NA,NA,NA,NA,NA,NA,NA,NA,NA,NA,NA,https://www.stuttcars.com/wp-content/uploads/2022/01/Porsche-356-1500-22Pre-A22-Super-Speedster-1955.png,https://www.stuttcars.com/porsche-356-1500-pre-a-super-speedster-1955/,The ‘super’ version had more horsepower (70 vs the standard 60) and the powerful ‘type 528 engine’
Porsche,597,Porsche 597 (1955-1958),597,597,597,1955,Porsche Concept Car Guides,Concept,NA,front,NA,NA,NA,NA,NA,NA,NA,NA,NA,NA,NA,https://www.stuttcars.com/wp-content/uploads/2021/06/b-911Magazin_E08_JagdwagenTyp597_Twitter_03.jpg,https://www.stuttcars.com/porsche-597/,"The Porsche 597 ""Jagdwagen"". The Floating Porsche."
Porsche,1600 Beutler Coupe,Porsche 1600 Beutler Coupe (1956),1600 Beutler,NA,NA,1956,The Rest of the Porsche Model Guides,Road,NA,NA,NA,NA,NA,NA,NA,NA,NA,NA,NA,NA,NA,https://www.stuttcars.com/wp-content/uploads/2016/04/1956_Porsche_1600BeutlerCoup1.jpg,https://www.stuttcars.com/1956-porsche-1600-beutler-coupe/,"Founded in 1943, the Carrosserie + Spritzwerk Beutler AG in the Swiss town of Thun was one of the most renowned coachbuilder in the country until 1987 and in 1956 received a special order from Porsche. In 1948, the Beutler Brothers began construction of special models based on Porsche and Volkswagen frames."
Porsche,356 A 1300,Porsche 356 A 1300 (1956 – 1957),356,356,356,1956,The Rest of the Porsche Model Guides,Road,flat-4,rear,1300,45,4200,81,2800,145,NA,NA,NA,NA,NA,https://www.stuttcars.com/wp-content/uploads/2022/01/1957_porsche_356a_1614797618fb4e149ebcf8b75feDSC00646.jpeg,https://www.stuttcars.com/porsche-356-a-1300-1956-1957/,"44 hp, the naturally aspirated 1.3 Liter 8v Flat 4 gasoline engine"
Porsche,356 A 1300 S,Porsche 356 A 1300 S (1956 – 1957),356,356,356,1956,The Rest of the Porsche Model Guides,Road,flat-4,rear,1300,61,5500,88,3600,145,NA,NA,NA,NA,NA,https://www.stuttcars.com/wp-content/uploads/2022/01/Porsche-356-A-1300-S-1956-1957.jpeg,https://www.stuttcars.com/porsche-356-a-1300-s-1956-1957/,"The 1300 S got more power from its 1.3 Liter 8v Flat 4, at 60 bhp and more torque, now at 65 ft lbs."
Porsche,356 A 1500 Carrera GS,Porsche 356 A 1500 Carrera GS (1956 – 1958),356,356,356,1956,The Rest of the Porsche Model Guides,Road,flat-4,rear,1500,117,6200,118,5200,201,NA,NA,NA,NA,NA,https://www.stuttcars.com/wp-content/uploads/2022/01/Porsche-356-A-1500-Carrera-GS.jpeg,https://www.stuttcars.com/porsche-356-a-1500-gs-gt-1956-1959/,Mated the potent four-camshaft engine from the 550 RS Spyder into the 356’s unassuming chassis.
Porsche,356 A 1600,Porsche 356 A 1600 (1956 – 1959),356,356,356,1956,The Rest of the Porsche Model Guides,Road,flat-4,rear,1600,61,4500,110,4500,166,NA,NA,NA,NA,NA,https://www.stuttcars.com/wp-content/uploads/2016/04/1956_Porsche_356A1600Coup1.jpeg,https://www.stuttcars.com/porsche-356a1600-1956-1959/,"Released in September of 1955, the 356A/1600 came in cabriolet, coupe and speedster bodies from Reutter."
Porsche,356 A 1600 S,Porsche 356 A 1600 S (1956 – 1959),356,356,356,1956,The Rest of the Porsche Model Guides,Road,flat-4,rear,1600,75,5000,117,3700,175,NA,NA,NA,NA,NA,https://www.stuttcars.com/wp-content/uploads/2022/01/Porsche-356A1600-Super-speedster-9-1400x1050-1.jpeg,https://www.stuttcars.com/porsche-356-a-1600-s-1956-1959/,With the 356A came a larger 1582 cc engine that had higher compression to take advantage of the available higher octane fuels.
Porsche,550A RS Spyder,Porsche 550A RS Spyder (1956 – 1957),550,550,550,1956,Porsche Race Car Guides,Competition,flat-4,mid,NA,137,NA,NA,NA,220,NA,NA,NA,NA,NA,https://www.stuttcars.com/wp-content/uploads/2016/04/1956_Porsche_550ARSSpyder-0-1024.jpg,https://www.stuttcars.com/porsche-550a-rs-spyder/,"The 550A was based on Porsche’s first purpose-built racing car, the mid-engined RS 550 Spyder."
Porsche,356 A 1500 GS Carrera GT,Porsche 356 A 1500 GS Carrera GT (1957 – 1958),356,356,356,1957,The Rest of the Porsche Model Guides,Road,NA,rear,NA,NA,NA,NA,NA,NA,NA,NA,NA,NA,NA,https://www.stuttcars.com/wp-content/uploads/2016/04/1957_Porsche_356A1500GSCarreraGTCoup1.jpg,https://www.stuttcars.com/porsche-356a-1500-gs-carrera-gt/,The fastest street-legal automobile offered by the still-small German automaker in 1957
Porsche,718 RSK Spyder,Porsche 718 RSK Spyder (1957 – 1959),718,718,718,1957,Porsche Race Car Guides,Competition,flat-4,mid,NA,144,7500,NA,NA,261,NA,NA,NA,NA,NA,https://www.stuttcars.com/wp-content/uploads/2016/04/1957_Porsche_718RSKSpyder-0-1024.jpg,https://www.stuttcars.com/porsche-718-rsk-spyder/,The Porsche 718 RSK Spyder was the culmination of years of competition racers by Porsche
Porsche,356 A 1600 GS Carrera GT,Porsche 356 A 1600 GS Carrera GT (1958 – 1959),356,356,356,1958,The Rest of the Porsche Model Guides,Road,NA,rear,NA,NA,NA,NA,NA,NA,NA,NA,NA,NA,NA,https://www.stuttcars.com/wp-content/uploads/2016/04/1959_Porsche_356A1600GSCarreraGTCoup1.jpg,https://www.stuttcars.com/porsche-356a1600gs-carrera-gt-1958-1959/,"Sold alongside the Carrera de Luxe, the GT was lightened and prepared for racing."
Porsche,356 A 1600 Zagato Speedster,Porsche 356 A 1600 Zagato Speedster (1958),356,356,356,1958,The Rest of the Porsche Model Guides,Road,NA,rear,NA,NA,NA,NA,NA,NA,NA,NA,NA,NA,NA,https://www.stuttcars.com/wp-content/uploads/2016/04/1958_Porsche_356A1600ZagatoSpeedster-6-1024.jpg,https://www.stuttcars.com/1958-porsche-356a1600-zagato-speedster/,The last project presented by the Milanese Atelier under the Zagato Classic program
Porsche,356A/1600 Super GT Speedster,Porsche 356A/1600 Super GT Speedster (1958 – 1959),356,356,356,1958,The Rest of the Porsche Model Guides,Road,NA,rear,NA,NA,NA,NA,NA,NA,NA,NA,NA,NA,NA,https://www.stuttcars.com/wp-content/uploads/2016/04/1959_Porsche_356A1600SuperGTSpeedster1.jpg,https://www.stuttcars.com/porsche-356a1600-super-gt-speedster/,"A handful of push-rod 356As were delivered from the factory with a lightweight package that was usually reserved for the Carrera race cars. Called GTs, these got the stripped out interior, aluminum doors, a large fuel tank and Porsche ATE disc brakes."
Porsche,718 RSK Mittellenker,Porsche 718 RSK Mittellenker (1958),718,718,718,1958,Porsche Race Car Guides,Competition,NA,mid,NA,NA,NA,NA,NA,NA,NA,NA,NA,NA,NA,https://www.stuttcars.com/wp-content/uploads/2021/06/1959-Porsche-718-RSK-05.jpeg,https://www.stuttcars.com/porsche-718-rsk-mittellenker/,"For 1958, the 718 RSK Spyder was modified to compete in FIA Formula racing events. Gone was the conventional two-seat layout now replaced with a single seat in the middle."
Porsche,356 A 1600 Carrera GS,Porsche 356 A 1600 Carrera GS (1959),356,356,356,1959,The Rest of the Porsche Model Guides,Road,flat-4,rear,1600,106,6500,121,5000,190,NA,NA,NA,NA,NA,https://www.stuttcars.com/wp-content/uploads/2022/01/Porsche-356-A-1600-Carrera-GS-Cabriolet-1959-4.jpeg,https://www.stuttcars.com/porsche-356-a-1600-carrera-gs-1959/,"Of all the Carreras, the 1959 de Luxe was best suited for the road. Not only was it the most luxurious 356, but it was also was the only year to get the large 1600cc 4-cam engine."
Porsche,356 B 1600,Porsche 356 B 1600 (1959 – 1963),356,356,356,1959,The Rest of the Porsche Model Guides,Road,flat-4,rear,1600,61,4500,110,4500,156,NA,NA,NA,NA,NA,https://www.stuttcars.com/wp-content/uploads/2022/01/art-mg-porsche356b1t5.jpeg,https://www.stuttcars.com/porsche-356-b-1600-1959-1963/,"In 1959 Porsche revealed their updated 356, the 356B. Completely revised body that was more suitable for the American market."
Porsche,356 B 1600 S,Porsche 356 B 1600 S (1959 – 1963),356,356,356,1959,The Rest of the Porsche Model Guides,Road,flat-4,rear,1600,75,5000,118,5000,156,NA,NA,NA,NA,NA,https://www.stuttcars.com/wp-content/uploads/2022/01/Porsche-356-B-1600-S-Roadster-1959-–-1963-7.jpg,https://www.stuttcars.com/porsche-356-b-1600-s-1959-1963/,"The 1600 Super sat in the middle of the lineup, below the Super 90 and above the base 1600."
Porsche,356 B 1600 Super 90,Porsche 356 B 1600 Super 90 (1959 – 1963),356,356,356,1959,The Rest of the Porsche Model Guides,Road,flat-4,rear,1600,87,5500,121,4300,156,NA,NA,NA,NA,NA,https://www.stuttcars.com/wp-content/uploads/2022/01/Porsche-356-B-1600-Super-90-Roadster-10.jpeg,https://www.stuttcars.com/porsche-356-b-1600-super-90-1959-1963/,New to the model was the Type 616/7 Super 90 engine which was an indirect replacement for the Carrera de Luxe models.
Porsche,718/2 F2,Porsche 718/2 F2 (1959 – 1963),718,718,718,1959,Porsche Race Car Guides,Competition,NA,mid,NA,NA,NA,NA,NA,NA,NA,NA,NA,NA,NA,https://www.stuttcars.com/wp-content/uploads/2021/06/Porsche-7182-F2.png,https://www.stuttcars.com/porsche-718-2-f2/,"For 1959, Porsche created a completely new Formula 2 car instead of the Mittellenker-version of the 718 RSK. Became known as the 718/2 or 718 F2."
Porsche,356 B 1600 GS/GT Carrera Coupe,Porsche 356 B 1600 GS/GT Carrera Coupe (1960 -1961),356,356,356,1960,The Rest of the Porsche Model Guides,Road,NA,rear,NA,NA,NA,NA,NA,NA,NA,NA,NA,NA,NA,https://www.stuttcars.com/wp-content/uploads/2016/04/Porsche-356-Carrera-GT-for-sale-Sports-Purpose-0-2000x1022-1.jpeg,https://www.stuttcars.com/porsche-356b1600gs-carrera-gt-coupe/,Just 49 356 B GS/GTs Produced. Built from lightweight materials and had Porsche’s most powerful racing engine of the time
Porsche,356B 1600 Super 90 GT Coupe,Porsche 356B 1600 Super 90 GT Coupe (1960 – 1961),356,356,356,1960,The Rest of the Porsche Model Guides,Road,NA,rear,NA,NA,NA,NA,NA,NA,NA,NA,NA,NA,NA,https://www.stuttcars.com/wp-content/uploads/2016/04/1962-Porsche-356B-1600-Super-90-GT-1.webp,https://www.stuttcars.com/porsche-356b1600-super-90-gt-coupe/,Fourteen Super 90 Coupes were ordered with the lightweight GT package for racing.
Porsche,356B/1600GS Carrera GTL Abarth,Porsche 356B/1600GS Carrera GTL Abarth (1960 – 1961),356,356,356,1960,The Rest of the Porsche Model Guides,Road,NA,rear,NA,NA,NA,NA,NA,NA,NA,NA,NA,NA,NA,https://www.stuttcars.com/wp-content/uploads/2016/04/1960_PorscheAbarth_356BCarreraGTL-1-1024.jpg,https://www.stuttcars.com/porsche-abarth-356b-carrera-gtl/,"In keeping with FIA regulations, Porsche created a new lightweight 356 with help from Abarth"
Porsche,718 RS 60 Spyder,Porsche 718 RS 60 Spyder (1960),718,718,718,1960,Porsche Race Car Guides,Competition,flat-4,mid,NA,152,7800,NA,NA,230,NA,NA,NA,NA,NA,https://www.stuttcars.com/wp-content/uploads/2016/04/1960-porsche-718-rs-22-2_1600x0w.jpeg,https://www.stuttcars.com/porsche-718-rs60-spyder/,Changes thanks to new regulations and a larger engine gave us the RS60
Porsche,718/2-05 Experimental F2,Porsche 718/2-05 Experimental F2 (1960),718,718,718,1960,Porsche Race Car Guides,Competition,NA,mid,NA,NA,NA,NA,NA,NA,NA,NA,NA,NA,NA,https://www.stuttcars.com/wp-content/uploads/2021/06/600918-zeltveg-718-2-05-barth-copyright-arthur-fenzlau-technisches-museum-wien.jpg,https://www.stuttcars.com/porsche-718-2-05-experimental-f2/,"The fifth and the last of the 718/2 F2 cars, with chassis number 718/2-05 was an experimental formula racing car"
Porsche,718 RS 61 LM Coupé,Porsche 718 RS 61 LM Coupé (1961),718,718,718,1961,Porsche Race Car Guides,Competition,NA,mid,NA,NA,NA,NA,NA,NA,NA,NA,NA,NA,NA,https://www.stuttcars.com/wp-content/uploads/2021/06/718-rs-61-coupe-copyright-porsche.jpg,https://www.stuttcars.com/porsche-718-rs-61-lm-coupe/,"The story of the 718 coupé began in 1960 when a customer ordered a one-off design from Karosserie Wendler, the same company that built the 550 and 718 bodies for Porsche. The car was built on the Porsche 550 chassis. Front-end design came from the 718 Spyder. The roof and the rear end were unique creations by Wendler."
Porsche,718 RS 61 Spyder,Porsche 718 RS 61 Spyder (1961),718,718,718,1961,Porsche Race Car Guides,Competition,flat-4,mid,NA,152,7800,NA,NA,230,NA,NA,NA,NA,NA,https://www.stuttcars.com/wp-content/uploads/2016/04/1961_Porsche_718RS61Spyder1-1.jpg,https://www.stuttcars.com/porsche-718-rs61-spyder/,The 1961 Porsche RS was one of the last Spyders made by Porsche that used the potent 4-cam engine. It was a successor to the 1960 RS60
Porsche,718 W-RS Spyder,Porsche 718 W-RS Spyder (1962 – 1964),RS Spyder,718,718,1961,Porsche Race Car Guides,Competition,flat-8,mid,2000,213,8400,NA,NA,259,NA,NA,NA,NA,NA,https://www.stuttcars.com/wp-content/uploads/2016/04/1962_porsche_7188wrsspyder1.jpeg,https://www.stuttcars.com/porsche-718-w-rs-spyder/,"So here is the story. The 1961 4-cylinder special Spyder is the car that became the 1962 8-cylinder W-RS Spyder. It started during the 1961 racing season, when three special 718 racing cars were created for the factory team. The bodies didn’t share any parts with the 718 RSK. Two of those special cars were built as coupés and one as a Spyder – with chassis number 718-047."
Porsche,787 F1,Porsche 787 F1 (1961),787,787,787,1961,Porsche Race Car Guides,Competition,NA,mid,NA,NA,NA,NA,NA,NA,NA,NA,NA,NA,NA,https://www.stuttcars.com/wp-content/uploads/2021/06/Porsche-787.jpeg,https://www.stuttcars.com/porsche-787-f1/,For the 1961 F1 season Porsche created a new car called 787.
Porsche,356 B 2000 GS/GT Carrera,Porsche 356 B 2000 GS/GT Carrera (1962 – 1963),356,356,356,1962,The Rest of the Porsche Model Guides,Road,NA,rear,NA,NA,NA,NA,NA,NA,NA,NA,NA,NA,NA,https://www.stuttcars.com/wp-content/uploads/2016/04/1962_Porsche_356B2000GSCarreraGT11.jpg,https://www.stuttcars.com/porsche-356b2000gs-carrera-gt/,"After a long absence of a Carrera model in the 356 model lineup, Porsche made another version with the intro of a 2.0L engine."
Porsche,356 B Carrera 2,Porsche 356 B Carrera 2 (1962 – 1963),356,356,356,1962,The Rest of the Porsche Model Guides,Road,flat-4,rear,2000,132,6200,161,4600,200,NA,NA,NA,NA,NA,https://www.stuttcars.com/wp-content/uploads/2016/04/1962_Porsche_356B2000GSCarrera21.jpg,https://www.stuttcars.com/porsche-356-b-2000gs-carrera-2/,The Carrera trailed a series of impressive 1.6 liter cars known as the 1600GS.
Porsche,718 GTR Coupé,Porsche 718 GTR Coupé (1962 – 1963),718,718,718,1962,Porsche Race Car Guides,Competition,NA,mid,NA,NA,NA,NA,NA,NA,NA,NA,NA,NA,NA,https://www.stuttcars.com/wp-content/uploads/2021/06/stuttcars-1962-targa-florio-718-gtr-01-copyright-porsche.jpeg,https://www.stuttcars.com/porsche-718-gtr-coupe/,"The chassis number 718-046 of a 1961 718 RS 61 Coupé was used for a new car called 718 GTR in 1962. The 718-046 got a new front end with completely different front lid design, a wheelbase extension and was fitted with an 8-cylinder engine."
Porsche,804 F1,Porsche 804 F1 (1962),804,804,804,1962,Porsche Race Car Guides,Competition,NA,mid,NA,NA,NA,NA,NA,NA,NA,NA,NA,NA,NA,https://www.stuttcars.com/wp-content/uploads/2021/06/Porsche-804-F1.jpeg,https://www.stuttcars.com/porsche-804-f1/,The Porsche 804 competed in Formula One (F1) in 1962. Porsche developed an 8-cylinder engine for it.
Porsche,356 B Carrera GS/GT ‘Dreikantschaber’,Porsche 356 B Carrera GS/GT ‘Dreikantschaber’ (1963),356,356,356,1963,The Rest of the Porsche Model Guides,Road,NA,rear,NA,NA,NA,NA,NA,NA,NA,NA,NA,NA,NA,https://www.stuttcars.com/wp-content/uploads/2020/01/11_s_HDI-63828.jpg,https://www.stuttcars.com/porsche-356-b-carrera-gs-gt-dreikantschaber/,"The Porsche 356 B Carrera GS/GT ‘Dreikantschaber’ is one of the lesser-known racers to come from the Stuttgart company’s Racing Department. This may be due to the fact that there were only two of them made, or it might have to do with the fact that this was only intended as an interim model. Unlike the Porsche 550 family of racers which preceded it, or the spread of ‘plastic Porsches’ that graced our race tracks through the ‘60s, the Dreikantschaber was a stand-alone model. But despite this lonely existence, it was nevertheless a successful racer and an important stepping-stone in Porsche’s rise to the top of the international motorsport pyramid."
Porsche,356B/2000GS Carrera 2 GT Dreikantschaber – Specifications & Performance,Porsche 356B/2000GS Carrera 2 GT Dreikantschaber (1963) – Specifications & Performance,356,356,356,1963,The Rest of the Porsche Model Guides,Road,NA,rear,NA,NA,NA,NA,NA,NA,NA,NA,NA,NA,NA,https://www.stuttcars.com/wp-content/uploads/2016/04/1963_Porsche_356B2000GSCarrera2GTDreikantschaber1.jpg,https://www.stuttcars.com/1963-porsche-356b2000gs-carrera-2-gt-dreikantschaber-specs/,NA
Porsche,904 Carrera GTS,Porsche 904 Carrera GTS (1963 – 1964),904,904,904,1963,Porsche Race Car Guides,Competition,flat-4,mid,2000,182,7200,196,5000,262,NA,NA,NA,NA,NA,https://www.stuttcars.com/wp-content/uploads/2020/04/7355073_orig.jpeg,https://www.stuttcars.com/porsche-904-carrera-gts/,"The Porsche 904 debuted late in 1963, for the 1964 racing season. The 1965 Porsche 904 Carrera GTS variant to compete in the FIA-GT class"
Porsche,356 C 1600 C,Porsche 356 C 1600 C (1964 – 1965),356,356,356,1964,The Rest of the Porsche Model Guides,Road,flat-4,rear,1600,75,5000,117,5000,172,NA,NA,NA,NA,NA,https://www.stuttcars.com/wp-content/uploads/2016/04/art-mg-porsche356c3.jpeg,https://www.stuttcars.com/porsche-356c1600/,The last revision of the 356 was the 356 C introduced for the 1964 model year. The base version was known as the 1600 C.
Porsche,356 C Carrera 2,Porsche 356 C Carrera 2 (1964 – 1965),356,356,356,1964,The Rest of the Porsche Model Guides,Road,flat-4,rear,2000,132,6200,161,4600,209,NA,NA,NA,NA,NA,https://www.stuttcars.com/wp-content/uploads/2016/04/444.jpg,https://www.stuttcars.com/1964-porsche-356c-carrera-2/,The 130-horsepower Carrera 2000 GS was at the top of Porsche’s product line in 1964.
Porsche,356 C SC,Porsche 356 C SC (1964 – 1965),356,356,356,1964,The Rest of the Porsche Model Guides,Road,flat-4,rear,1600,108,5200,123,4200,201,NA,NA,NA,NA,NA,https://www.stuttcars.com/wp-content/uploads/2022/01/Porsche-356-C-SC-Coupe-7.jpeg,https://www.stuttcars.com/porsche-356-c-sc/,The last revision of the 356 was the 356 C introduced for the 1964 model year. The top version was known as the Porsche 356 SC.
Porsche,901,Porsche 901 (1964),911,901,901,1964,Porsche 911 Model Guides,Road,NA,rear,NA,NA,NA,NA,NA,NA,NA,NA,NA,NA,NA,https://www.stuttcars.com/wp-content/uploads/2016/04/1963_Porsche_901-0-1024.jpg,https://www.stuttcars.com/porsche-901-1963/,In 1963 Porsche introduced their seminal 901 at the 911 at the Frankfurt Motor Show which would be renamed 911 for the 1964 model year. The new car was sold alongside the 356C as an alternative wth more power and room for a rear seat.
Porsche,904/6 Carrera GTS,Porsche 904/6 Carrera GTS (1964 – 1965),904,904,904,1964,Porsche Race Car Guides,Competition,flat-6,mid,2000,203,NA,NA,NA,NA,NA,NA,NA,NA,NA,https://www.stuttcars.com/wp-content/uploads/2020/04/546b167f294a2_-_1965-porsche-904-6-carrera-gts-front-3-4-lg.jpeg,https://www.stuttcars.com/porsche-9046-carrera-gts/,"In 1965, the 904’s second and final production year, some examples received a version of the 911’s 2.0-liter flat-six. This version was dubbed the 904/6."
Porsche,904/8 Carrera GTS,Porsche 904/8 Carrera GTS (1964 – 1965),904,904,904,1964,Porsche Race Car Guides,Competition,flat-8,mid,2000,243,8700,NA,NA,259,NA,NA,NA,NA,NA,https://www.stuttcars.com/wp-content/uploads/2016/04/1964_Porsche_9046CarreraGTS1.jpg,https://www.stuttcars.com/porsche-9048-carrera-gts/,Three factory 904 race cars were fitted with a flat eight-cylinder power plant derived from the 1962 804 F1 car
Porsche,904 Bergspyder,Porsche 904 Bergspyder (1965 – 1966),904,904,904,1965,Porsche Race Car Guides,Competition,2L Type 771 B8,mid,2000,243,8700,NA,NA,259,NA,NA,NA,NA,NA,https://www.stuttcars.com/wp-content/uploads/2021/06/miyy.png,https://www.stuttcars.com/porsche-904-bergspyder/,"Premiere: May 9, 1965, Targa Florio / Engine: Porsche type 771, 2.0-litre flat-8, 191 kW / Notable Drivers: Gerhard Mitter (10), Charlie Kolb (5), Jo Bonnier (2), Colin Davis (2), Hans Schenk (1), Bob Thorpe (1), John Fulp (1), Jochen Rindt (1), Graham Hill (1), Herbert Müller (1)"
Porsche,906 Spyder,Porsche 906 Spyder (1965),906,906,906,1965,Porsche Race Car Guides,Competition,flat-8,mid,2000,243,8700,NA,NA,NA,NA,NA,NA,NA,NA,https://www.stuttcars.com/wp-content/uploads/2021/06/Porsche-906-Ollon-Villars.jpeg,https://www.stuttcars.com/porsche-906-ollon-villars/,The 906 Spyder was the first Porsche racing car built under Ferdinand Piëch's orders and there could be only a person as determined as Piëch to use Lotus parts on a Porsche.
Porsche,911 2.0,Porsche 911 2.0 (1965 – 1968),911,911,911,1965,Porsche 911 Model Guides,Road,flat-6,rear,2000,132,6200,174,4600,209,NA,NA,NA,NA,NA,https://www.stuttcars.com/wp-content/uploads/2016/07/1110.jpg,https://www.stuttcars.com/porsche-911-1964-1968/,The original Porsche 911. Developed as a replacement for the highly successful Porsche Model 356.
Porsche,912,Porsche 912 (1965 – 1969),911,912,912,1965,Porsche 911 Model Guides,Road,flat-4,rear,1600,NA,NA,133,3500,185,NA,NA,NA,NA,NA,https://www.stuttcars.com/wp-content/uploads/2016/04/1109388-1024.jpg,https://www.stuttcars.com/porsche-912-1965-1969/,The Type 912 combined a 911 chassis / bodyshell with a four-cylinder engine
Porsche,906 Carrera 6 (K Coupé),Porsche 906 Carrera 6 (K Coupé) (1966),906,906,906,1966,Porsche Race Car Guides,Competition,flat-6,mid,2000,220,8000,206,6400,261,NA,NA,NA,NA,NA,https://www.stuttcars.com/wp-content/uploads/2016/04/Porsche-906.jpeg,https://www.stuttcars.com/porsche-906-carrera-6/,"Developed for endurance sports car racing, the 906 was a street-legal racing car that raced in the FIA's Group 4 class"
Porsche,906 LH Coupé,Porsche 906 LH Coupé (1966),906,906,906,1966,Porsche Race Car Guides,Competition,NA,mid,NA,NA,NA,NA,NA,NA,NA,NA,NA,NA,NA,https://www.stuttcars.com/wp-content/uploads/2021/06/28273193524_f01c53b3c5_o-1.jpeg,https://www.stuttcars.com/porsche-906-lh-coupe/,"For the 1966 Le Mans 24h race, long-tail LH (""Langheck"") versions were made and now the standard 906 were called as 906 K (""Kurz"", short in German)"
Porsche,906/8 Coupe,Porsche 906/8 Coupe (1966),906,906,906,1966,Porsche Race Car Guides,Competition,flat-8,mid,2200,274,8600,230,7000,NA,NA,NA,NA,NA,NA,https://www.stuttcars.com/wp-content/uploads/2021/06/stuttcars-906-carrera-6-copyright-porsche.jpeg,https://www.stuttcars.com/porsche-906-8-coupe/,"Another four factory 906s received an air-cooled eight-cylinder boxer engine of the type 771, which was already used in the 904/8."
Porsche,911 2.0 Bertone,Porsche 911 2.0 Bertone (1966),911,911,911,1966,Porsche 911 Model Guides,Road,NA,rear,NA,NA,NA,NA,NA,NA,NA,NA,NA,NA,NA,https://www.stuttcars.com/wp-content/uploads/2022/02/art-mg-porsche911bertone1.jpeg,https://www.stuttcars.com/porsche-911-2-0-bertone-roadster-1966/,"Southern California Porsche dealer Johnny von Neumann knew what his customers wanted, and a Targa top Targa 911 wasn’t it."
Porsche,906 E Carrera 6,Porsche 906 E Carrera 6 (1967),906,906,906,1967,Porsche Race Car Guides,Competition,flat-6,mid,2000,223,8100,196,6000,274,NA,NA,NA,NA,NA,https://www.stuttcars.com/wp-content/uploads/2016/04/1967_Porsche_906E1.jpg,https://www.stuttcars.com/porsche-906-e/,"Nine factory vehicles received the 2-liter, six-cylinder boxer engine with an injection system"
Porsche,907 K,Porsche 907 K (1967 – 1968),907,907,907,1967,Porsche Race Car Guides,Competition,NA,mid,NA,NA,NA,NA,NA,NA,NA,NA,NA,NA,NA,https://www.stuttcars.com/wp-content/uploads/2021/06/Porsche-907-front-3-4-low.jpeg,https://www.stuttcars.com/porsche-907-k/,The 907 was conceived and built as a way to win the 1967 Le Mans race.
Porsche,907 LH,Porsche 907 LH (1967 – 1968),907,907,907,1967,Porsche Race Car Guides,Competition,NA,mid,NA,NA,NA,NA,NA,NA,NA,NA,NA,NA,NA,https://www.stuttcars.com/wp-content/uploads/2021/06/1968-porsche-907-lh-longtail-1.jpeg,https://www.stuttcars.com/porsche-907-lh/,The First Porsche Ever to Win a 24-Hour Endurance Race.
Porsche,910 Bergspyder,Porsche 910 Bergspyder (1967 – 1968),910,910,910,1967,Porsche Race Car Guides,Competition,flat-8,mid,2000,274,8600,230,7000,NA,NA,NA,NA,NA,NA,https://www.stuttcars.com/wp-content/uploads/2021/06/img_4.jpg,https://www.stuttcars.com/porsche-910-bergspyder/,"In 1967 and 1968, Porsche's lightweight 910 Bergspyder was a championship-winning machine"
Porsche,910 Targa,Porsche 910 Targa (1967 – 1968),910,910,910,1967,Porsche Race Car Guides,Competition,flat-8,mid,NA,220,NA,NA,NA,NA,NA,NA,NA,NA,NA,https://www.stuttcars.com/wp-content/uploads/2021/06/Porsche_910_at_Barber_2010_01.jpeg,https://www.stuttcars.com/porsche-910-targa/,Porsche 910 was the evolution of the 906 with Ferdinand Piëch as its main driving force and Hans Mezger
Porsche,911 R,Porsche 911 R (1967 – 1968),911,911,911,1967,Porsche 911 Model Guides,Road,flat-6,rear,2000,213,6200,206,6000,245,NA,NA,NA,NA,NA,https://www.stuttcars.com/wp-content/uploads/2016/04/Porsche-911-R-1967-1968-2.jpeg,https://www.stuttcars.com/porsche-911-r-1967-1968/,A lightweight racer designed to take the newly released 911 to its limit
Porsche,911 S 2.0,Porsche 911 S 2.0 (1967 – 1969),911,911,911,1967,Porsche 911 Model Guides,Road,flat-6,rear,2000,162,6600,179,5200,227,NA,NA,NA,NA,NA,https://www.stuttcars.com/wp-content/uploads/2022/01/Porsche-911-S-2-017.jpeg,https://www.stuttcars.com/porsche-911-s-1966/,Introduced as a more powerful variant of the Base 911. The top of the range 911.
Porsche,908/01 K Coupé,Porsche 908/01 K Coupé (1968 – 1969),908,908,908,1968,Porsche Race Car Guides,Competition,flat-8,mid,3000,355,8500,325,6600,322,NA,NA,NA,NA,NA,https://www.stuttcars.com/wp-content/uploads/2021/06/1968-porsche-908-works-short-tail-coupe.jpeg,https://www.stuttcars.com/porsche-908-01-k-coupe/,"In the late sixties, Ferdinand Piëch wanted Porsche at the top of motor sports and the 908 was his answer."
Porsche,908/01 LH Coupé,Porsche 908/01 LH Coupé (1968 – 1969),908,908,908,1968,Porsche Race Car Guides,Competition,flat-8,mid,3000,355,8500,325,6600,322,NA,NA,NA,NA,NA,https://www.stuttcars.com/wp-content/uploads/2016/04/Porsche-908LH-front-3-4-1-scaled-1.jpeg,https://www.stuttcars.com/porsche-908-01-coupe/,"In the late sixties, Ferdinand Piëch wanted Porsche at the top of motor sports and the 908 was his answer."
Porsche,909 Bergspyder,Porsche 909 Bergspyder (1968),909,909,909,1968,Porsche Race Car Guides,Competition,flat-8,mid,2000,274,8600,230,7000,NA,NA,NA,NA,NA,NA,https://www.stuttcars.com/wp-content/uploads/2020/04/b-Gaisberg-2403-1400x789-1.jpg,https://www.stuttcars.com/porsche-909-bergspyder/,The 909 Bergspyder did not win a major event. It ended up being an awesome laboratory of ideas (not all worked).
Porsche,911 L 2.0,Porsche 911 L 2.0 (1968),911,911,911,1968,Porsche 911 Model Guides,Road,flat-6,rear,2000,132,6200,174,4600,209,NA,NA,NA,NA,NA,https://www.stuttcars.com/wp-content/uploads/2016/04/1967_Porsche_911LCoup-0-10242.jpg,https://www.stuttcars.com/porsche-911-l-1968/,Emissions regulations meant no 911S for the U.S market. So Porsche shipped a 911S with a base 911 drivetrain and called it the 911L.
Porsche,911 T 2.0,Porsche 911 T 2.0 (1968 – 1969),911,911,911,1968,Porsche 911 Model Guides,Road,flat-6,rear,2000,112,5800,157,4600,208,NA,NA,NA,NA,NA,https://www.stuttcars.com/wp-content/uploads/2016/04/1098154-1024.jpg,https://www.stuttcars.com/porsche-911-t-2-0-1968-1969/,"Porsche replaced their 912 with the 911 T. Less expensive, less powerful and less stuff than the standard 911 L"
Porsche,911 T/R,Porsche 911 T/R (1968),911,911,911,1968,Porsche 911 Model Guides,Road,flat-6,rear,2000,213,8000,NA,NA,NA,NA,NA,NA,NA,NA,https://www.stuttcars.com/wp-content/uploads/2022/01/911-TR-front.jpeg,https://www.stuttcars.com/porsche-911-t-r-1968/,The 911T in 1968 was the lightest 911 making it ideal for racing where the SWB T was homologated for Group 3.
Porsche,908 K Flunder Spyder,Porsche 908 K Flunder Spyder (1969 – 1975),908,908,908,1969,Porsche Race Car Guides,Competition,flat-8,mid,3000,355,8500,325,6600,290,NA,NA,NA,NA,NA,https://www.stuttcars.com/wp-content/uploads/2021/06/Porsche-908-2-front-3-4-low.jpeg,https://www.stuttcars.com/porsche-908-k-flunder-spyder/,The 908/02 K Spyder and 908 K Flunder Spyder were basically the same cars with slightly different bodywork
Porsche,908 LH Flunder Spyder,Porsche 908 LH Flunder Spyder (1969 – 1975),908,908,908,1969,Porsche Race Car Guides,Competition,flat-8,mid,3000,355,8500,325,6600,290,NA,NA,NA,NA,NA,https://www.stuttcars.com/wp-content/uploads/2021/06/Porsche-908-LH-Flunder-Spyder-1.png,https://www.stuttcars.com/porsche-908-lh-flunder-spyder/,"There was a belief that longer bodies are more aerodynamic and are therefore better for faster tracks, so a 908 Flunder Spyder with a longer tail was created"
Porsche,908/02 K Spyder,Porsche 908/02 K Spyder (1969 – 1972),908,908,908,1969,Porsche Race Car Guides,Competition,flat-8,mid,3000,355,8500,325,6600,290,NA,NA,NA,NA,NA,https://www.stuttcars.com/wp-content/uploads/2016/04/HDK-6118-8c2b68fe.jpeg,https://www.stuttcars.com/porsche-908-2-spyder/,"Notching up over 50 major victories and more than 100 podium results, the 908/02 Spyder is one of the most successful Porsche race cars"
Porsche,908/03 Spyder,Porsche 908/03 Spyder (1969 – 1971),908,908,908,1969,Porsche Race Car Guides,Competition,flat-8,mid,3000,365,8400,365,6600,277,NA,NA,NA,NA,NA,https://www.stuttcars.com/wp-content/uploads/2016/04/1971-05-29_Vic_Elford_Porsche_908-3_Hatzenbach.jpeg,https://www.stuttcars.com/porsche-908-3-spyder/,This 908 received a completely new tubular frame based on that of the 909 Bergspyder and its three liter engine was moved forward.
Porsche,911 E 2.0,Porsche 911 E 2.0 (1969),911,911,911,1969,Porsche 911 Model Guides,Road,flat-6,rear,2000,142,6500,175,4500,216,NA,NA,NA,NA,NA,https://www.stuttcars.com/wp-content/uploads/2022/01/Porsche-911-E-Coupe-1969-7.jpeg,https://www.stuttcars.com/porsche-911-e-1969/,"Introduced in 1969 as the midrange model for the 911, sitting between the 1969 911 T and 1969 911 S"
Porsche,917 K-69,Porsche 917 K-69 (1969),917,917,917,1969,Porsche Race Car Guides,Competition,flat-12,mid,4500,519,8000,449,6800,320,NA,NA,NA,NA,NA,https://www.stuttcars.com/wp-content/uploads/2021/07/69-Porsche-917-015-78.jpeg,https://www.stuttcars.com/1969-porsche-917-k/,"The short tail 917 K (""Kurz"" in German for short) was raced first. The only engine available in 1969 was the 4.5-litre flat 12."
Porsche,917 LH-69,Porsche 917 LH-69 (1969),917,917,917,1969,Porsche Race Car Guides,Competition,flat-12,mid,4500,519,8000,449,6800,320,NA,NA,NA,NA,NA,https://www.stuttcars.com/wp-content/uploads/2016/04/1969_Porsche_9172.jpg,https://www.stuttcars.com/1969-porsche-917-lh/,For the 1969 racing season the absolutely new Porsche 917 with 4.5-litre 12-cylinder engine was created.
Porsche,917 ‘Interserie Spyder’,Porsche 917 ‘Interserie Spyder’ (1969 – 1970),917,917,917,1969,Porsche Race Car Guides,Competition,flat-12,mid,4500,588,8000,563,6400,NA,NA,NA,NA,NA,NA,https://www.stuttcars.com/wp-content/uploads/2016/04/Porsche-917-‘Interserie-Spyder.jpeg,https://www.stuttcars.com/1970-porsche-917-interserie-spyder/,"Of all the 917 variants, the ‘Interserie Spyder’ was one of the most successful. It won the Interserie championship outright for two years in a row before the model was replaced by the 917/10 of 1972"
Porsche,911 E 2.2,Porsche 911 E 2.2 (1970 – 1971),911,911,911,1970,Porsche 911 Model Guides,Road,flat-6,rear,2200,157,6200,191,4500,220,NA,NA,NA,NA,NA,https://www.stuttcars.com/wp-content/uploads/2016/04/1970_Porsche_911E22Coup-0-1024.jpg,https://www.stuttcars.com/porsche-911-e-2-2-1970-1971/,The Porsche 911E continued its place as the mid-range option in the 911 lineup for 1970 - 1971
Porsche,911 S 2.2,Porsche 911 S 2.2 (1970 – 1971),911,911,911,1970,Porsche 911 Model Guides,Road,flat-6,rear,2200,182,6500,199,5200,232,NA,NA,NA,NA,NA,https://www.stuttcars.com/wp-content/uploads/2016/04/1098644-10241.jpg,https://www.stuttcars.com/porsche-911-s-2-2-1970-1971/,"Along with all the C-series improvements, the 1970 911 S got an upgraded 180 bhp version flat-6"
Porsche,911 S 2.2 Coupé,Porsche 911 S 2.2 Coupé (1970),911,911,911,1970,Porsche 911 Model Guides,Road,NA,rear,NA,NA,NA,NA,NA,NA,NA,NA,NA,NA,NA,https://www.stuttcars.com/wp-content/uploads/2016/07/1970_Porsche_911S22Coup-0-1024.jpg,https://www.stuttcars.com/1970-porsche-911-s-2-2-coupe/,"Along with all the C-series improvments to the 911 line, the 1970 Porsche 911 S was upgraded to include a 180 bhp version flat-6. This further improved the performance credentials of the model which already had Fuchs light alloy wheels and bigger brakes."
Porsche,911 S/T,Porsche 911 S/T (1970 – 1971),911,911,911,1970,Porsche 911 Model Guides,Road,flat-6,rear,2500,NA,NA,NA,NA,NA,NA,NA,NA,NA,NA,https://www.stuttcars.com/wp-content/uploads/2016/04/Porsche-911-ST-12.jpeg,https://www.stuttcars.com/porsche-911-st-1970-1971/,Built to take full advantage of new FIA rules allowing a two-inch wider track.
Porsche,911 T 2.2,Porsche 911 T 2.2 (1970 – 1971),911,911,911,1970,Porsche 911 Model Guides,Road,flat-6,rear,2200,127,5800,178,4200,204,NA,NA,NA,NA,NA,https://www.stuttcars.com/wp-content/uploads/2016/04/1970_Porsche_911T22Coup-0-1024.jpg,https://www.stuttcars.com/porsche-911-t-2-2-1970-1971/,The Porsche 911T continued as the entry level 911 for the 1970 and 1971 model years
Porsche,914-6 GT,Porsche 914-6 GT (1970 – 1972),914,914,914,1970,Porsche Race Car Guides,Competition,NA,mid,NA,NA,NA,NA,NA,NA,NA,NA,NA,NA,NA,https://www.stuttcars.com/wp-content/uploads/2021/07/Porsche_914_6_GT_1970_Volante_jm20580.jpeg,https://www.stuttcars.com/porsche-914-6-gt/,"The Porsche 914-6 GT was a race car built by Porsche, based on the 914 model with a 6-cylinder engine and GT package."
Porsche,914/4,Porsche 914/4 (1970 – 1973),914,914,914,1970,The Rest of the Porsche Model Guides,Road,NA,mid,NA,NA,NA,NA,NA,NA,NA,NA,NA,NA,NA,https://www.stuttcars.com/wp-content/uploads/2016/04/1970-Volkswagen-Porsche-914-4-0000818-14.jpeg,https://www.stuttcars.com/1970-porsche-914/,"The Porsche 914 was first shown at the 1969 Frankfurt Auto Show was, as intended, a true conglomeration. The front suspension was largely derived from the 911 with some VW components, and the interior was a blend of both companies’ parts bins. The initial engine offering was Volkswagen’s 80-hp fuel-injected 1.7 liter flat four, while the 914/6 had a twin-carburetor 2.0-liter Porsche flat six tuned for 125 hp."
Porsche,914/6 (2.0L),Porsche 914/6 (2.0L) (1970 – 1972),914,914,914,1970,The Rest of the Porsche Model Guides,Road,NA,mid,NA,NA,NA,NA,NA,NA,NA,NA,NA,NA,NA,https://www.stuttcars.com/wp-content/uploads/2021/07/Porsche-9146-1.jpeg,https://www.stuttcars.com/1970-porsche-9146/,"The standard 914 was powered by Volkswagen’s horizontal four-cylinder engine, producing a power output of 80 hp. Even with the lightweight Porsche body, acceleration suffered. The solution to this was to offer a second version: the 914/6, powered by a six-cylinder engine, total power output exceeded 100 hp."
Porsche,917 K-70,Porsche 917 K-70 (1970),917,917,917,1970,Porsche Race Car Guides,Competition,flat-12,mid,4500,580,8400,510,6800,320,NA,NA,NA,NA,NA,https://www.stuttcars.com/wp-content/uploads/2016/04/M13_3192.jpg,https://www.stuttcars.com/1970-porsche-917-k/,The 917 Kurzheck Coupé (917K) first appeared in 1970. A winner from day one.
Porsche,917 LH-70,Porsche 917 LH-70 (1970),917,917,917,1970,Porsche Race Car Guides,Competition,NA,mid,NA,NA,NA,NA,NA,NA,NA,NA,NA,NA,NA,https://www.stuttcars.com/wp-content/uploads/2016/04/1970_Porsche_917Langheck-1-1024.jpg,https://www.stuttcars.com/1970-porsche-917-lh/,"With the aerodynamic instability of the 917 in the 1969, two separate configurations were used in 1970. These were the short-tail Kurzheck version and the less common Langheck or long-tail. Most of the 917’s accolades were achieved by the 917 Kurzheck, leaving the Langheck a less popular, but ultimately just as potent contender."
Porsche,Tapiro Concept,Porsche Tapiro Concept (1970),Tapiro,NA,NA,1970,Porsche Concept Car Guides,Concept,NA,mid,NA,NA,NA,NA,NA,NA,NA,NA,NA,NA,NA,https://www.stuttcars.com/wp-content/uploads/2016/04/1970_Porsche_TapiroConcept1.jpg,https://www.stuttcars.com/porsche-tapiro-concept/,Giugiaro's 4th prototype at Italdesign was this radical Tapiro.
Porsche,916 Concept,Porsche 916 Concept (1971),916,916,916,1971,Porsche Concept Car Guides,Concept,NA,mid,NA,NA,NA,NA,NA,NA,NA,NA,NA,NA,NA,https://www.stuttcars.com/wp-content/uploads/2016/04/916_3_qtr_front.jpg,https://www.stuttcars.com/porsche-916-concept/,"Ferdinand Piëch saw potential for a higher-performance, luxurious version of the 914. The result was the 916."
Porsche,917 16-Cylinder,Porsche 917 16-Cylinder (1971),917,917,917,1971,Porsche Concept Car Guides,Concept,NA,mid,NA,NA,NA,NA,NA,NA,NA,NA,NA,NA,NA,https://www.stuttcars.com/wp-content/uploads/2016/04/1971_Porsche_91716CylinderPrototype1.jpg,https://www.stuttcars.com/porsche-917-16-cylinder-prototype/,"Not resting on the 917’s success in endurance racing, Porsche upgraded the 917/10 to compete in the McLaren-dominated CanAm series. They debuted the team in 1971, but the car was down on power compared to the might of the V8-powered competition. One potential solution was tired in this unique 16-Cylinder Prototype."
Porsche,917 K-71,Porsche 917 K-71 (1971),917,917,917,1971,Porsche Race Car Guides,Competition,flat-12,mid,4500,580,8400,510,6800,320,NA,NA,NA,NA,NA,https://www.stuttcars.com/wp-content/uploads/2021/07/M13_3204.jpg,https://www.stuttcars.com/1971-porsche-917-k/,"For the 1971 Season, the 917 Kurzheck Coupé (917K) was upgraded in several ways"
Porsche,917 LH-71,Porsche 917 LH-71 (1971),917,917,917,1971,Porsche Race Car Guides,Competition,NA,mid,NA,NA,NA,NA,NA,NA,NA,NA,NA,NA,NA,https://www.stuttcars.com/wp-content/uploads/2021/07/Porsche-917-LH-71.jpeg,https://www.stuttcars.com/1971-porsche-917-lh/,"Like the 917 LH of 1969 and 1970, the 1971 version was also made for one race only - the 24 hours of Le Mans."
Porsche,917/10-71,Porsche 917/10-71 (1971),917,917,917,1971,Porsche Race Car Guides,Competition,NA,mid,NA,NA,NA,NA,NA,NA,NA,NA,NA,NA,NA,https://www.stuttcars.com/wp-content/uploads/2021/07/1971-Porsche-917-10-Spyder-Can-Am.jpeg,https://www.stuttcars.com/1971-porsche-917-10/,Only two 917/10 were created in 1971.
Porsche,917/20 Le Mans,Porsche 917/20 Le Mans (1971),917,917,917,1971,Porsche Race Car Guides,Competition,NA,mid,NA,NA,NA,NA,NA,NA,NA,NA,NA,NA,NA,https://www.stuttcars.com/wp-content/uploads/2021/07/UcTT9JhWSju0RK9vOwkNJg.jpeg,https://www.stuttcars.com/porsche-917-20/,The Pink Pig
Porsche,911 E 2.4,Porsche 911 E 2.4 (1972 – 1973),911,911,911,1972,Porsche 911 Model Guides,Road,flat-6,rear,2400,167,6200,205,4500,220,NA,NA,NA,NA,NA,https://www.stuttcars.com/wp-content/uploads/2016/04/1972_Porsche_911E24Coup-0-1024.jpg,https://www.stuttcars.com/porsche-911-e-2-4-1972-1973/,911E was the mid-range option in the E-series and F-series 911s. It benefited from the larger 2.4 engine
Porsche,911 S 2.4,Porsche 911 S 2.4 (1972 – 1973),911,911,911,1972,Porsche 911 Model Guides,Road,flat-6,rear,2400,193,6500,216,5200,232,NA,NA,NA,NA,NA,https://www.stuttcars.com/wp-content/uploads/2016/04/1972_Porsche_911S24Coup-0-1024.jpg,https://www.stuttcars.com/porsche-911-s-2-4-1972-1973/,The final early 911S benefitted from Porsche's 2.4-liter engine the the long-wheel-base body
Porsche,911 T 2.4,Porsche 911 T 2.4 (1972 – 1973),911,911,911,1972,Porsche 911 Model Guides,Road,flat-6,rear,2400,132,5600,197,4000,204,NA,NA,NA,NA,NA,https://www.stuttcars.com/wp-content/uploads/2016/04/1098765-1024.jpg,https://www.stuttcars.com/porsche-911-t-2-4-1972-1973/,911 T was the entry level option in the 911 lineup that featured a 130 bhp engine and steel disc wheels.
Porsche,917/10 Turbo,Porsche 917/10 Turbo (1972),917,917,917,1972,Porsche Race Car Guides,Competition,NA,mid,NA,NA,NA,NA,NA,NA,NA,NA,NA,NA,NA,https://www.stuttcars.com/wp-content/uploads/2021/07/Porsche-91710-Turbo.jpeg,https://www.stuttcars.com/1972-porsche-917-10-turbo/,"The first turbo-Porsche, Can-Am winner 1972, Interserie winner 1972, 1973"
Porsche,917/10-72,Porsche 917/10-72 (1972),917,917,917,1972,Porsche Race Car Guides,Competition,NA,mid,NA,NA,NA,NA,NA,NA,NA,NA,NA,NA,NA,https://www.stuttcars.com/wp-content/uploads/2016/04/1972_Porsche_91710-0-1024-1.jpg,https://www.stuttcars.com/1972-porsche-917-10/,"The 1972 917/10 was similar to the 908/03, but had the 12-cylinder engine instead of the 3-litre flat-8."
Porsche,917/30 Spyder,Porsche 917/30 Spyder (1972 – 1973),917,917,917,1972,Porsche Race Car Guides,Competition,flat-12,mid,5400,1115,7800,1112,6400,383,NA,NA,NA,NA,NA,https://www.stuttcars.com/wp-content/uploads/2016/04/1973_Porsche_91730Spyder1.jpg,https://www.stuttcars.com/1973-porsche-917-30-spyder/,The Car That Killed Can-Am
Porsche,911 Carrera RS 2.7 Lightweight,Porsche 911 Carrera RS 2.7 Lightweight (1973),911,911,911,1973,Porsche 911 Model Guides,Road,flat-6,rear,2700,213,6300,255,5100,241,NA,NA,NA,NA,NA,https://www.stuttcars.com/wp-content/uploads/2016/04/42-1.jpg,https://www.stuttcars.com/porsche-911-carrera-rs-2-7-lightweight-1973/,"Of all the 1580 Carrera RS 2.7s, only 200 were made were ordered with this lightweight ‘Sports’ trim which made the car more responsive and purposeful. In many ways these few cars were the ultimate road-going Porsche of the 1970s. Known as the Sports, Lightweight or even the M471 option code, these cars had improved the power-to-weight ratio. Reports of 75kg were stripped from the standard model by fitting lightweight body panels and lightweight glass. As a result, the Lightweight was a nimble 900kg car compared to its Touring counterpart at 975 kg."
Porsche,911 Carrera RS 2.7 Touring,Porsche 911 Carrera RS 2.7 Touring (1973),911,911,911,1973,Porsche 911 Model Guides,Road,flat-6,rear,2700,213,6300,255,5100,245,NA,NA,NA,NA,NA,https://www.stuttcars.com/wp-content/uploads/2016/03/ffffff.jpg,https://www.stuttcars.com/porsche-911-carrera-rs-2-7-touring-1973/,"Revealed at the 1972 Paris Auto Show, the Carrera 2.7 RS was a special model used to homologate the 911 in Group 4 racing. Developed from the 911S, the 2.7 was more potent in almost every area. Compared to the standard Carrera, the 2.7 RS featured a larger engine, wider flares to accommodate the Fuchs alloy wheels, stiffened suspension, larger brakes and a ducktail rear spoiler."
Porsche,911 Carrera RSR 2.8,Porsche 911 Carrera RSR 2.8 (1973),911,911,911,1973,Porsche 911 Model Guides,Road,flat-6,rear,2800,284,8000,292,6300,286,NA,NA,NA,NA,NA,https://www.stuttcars.com/wp-content/uploads/2016/04/c5e82eb739f89970d9a434be2947c4c9-1000.jpeg,https://www.stuttcars.com/porsche-911-carrera-rsr-2-8-1973/,The first 911 to ever wear the RSR badge and homologated for racing by the 1973 911 Carrera RS
Porsche,911 Turbo Prototype,Porsche 911 Turbo Prototype (1973),911,911,911,1973,Porsche Concept Car Guides,Concept,NA,rear,NA,NA,NA,NA,NA,NA,NA,NA,NA,NA,NA,https://www.stuttcars.com/wp-content/uploads/2016/04/1973_Porsche_911TurboPrototype1.jpg,https://www.stuttcars.com/1973-porsche-911-turbo-prototype/,In the seventies Porsche was serious about turbocharging and this prototype signaled the way for later cars like the 930 and the RSR 3.0.
Porsche,914/4 2.0,Porsche 914/4 2.0 (1973 – 1976),914,914,914,1973,The Rest of the Porsche Model Guides,Road,NA,mid,NA,NA,NA,NA,NA,NA,NA,NA,NA,NA,NA,https://www.stuttcars.com/wp-content/uploads/2016/04/1973-914-4-2.0-2.jpg,https://www.stuttcars.com/1973-porsche-914-4-2-0/,"The initial offering gave those buyers the choice of a fuel-injected 1.7-liter Volkswagen four, which was anemic and universally derided, or the carbureted, overhead-cam, 2.0-liter horizontally opposed six. The latter engine was peaky and could be made to do great things–sixth overall at the 24 Hours of LeMans in 1970, for example–but its low take rate demanded a more suitable replacement. This came in 1973, when the fuel-injected variant of Volkswagen’s air-cooled Type 4 engine was dropped in behind the two seats, staying there through 1976, when series production ended. (The engine continued on in the 912E, which succeeded the 914 as Porsche’s entry-level car.) The short-stroke, overhead-valve powerplant displaced 2.0 liters (1971 cc) and made its 100 hp at 5000 rpm, whereas the six had made 110 hp at 5800 rpm. Yet the four matched the six’s torque output of 118 lb-ft, achieving this figure at 3500 rpm instead of 4200 rpm. And it was lighter in weight."
Porsche,917/20 Turbo,Porsche 917/20 Turbo (1973 – 1974),917,917,917,1973,Porsche Race Car Guides,Competition,NA,mid,NA,NA,NA,NA,NA,NA,NA,NA,NA,NA,NA,https://www.stuttcars.com/wp-content/uploads/2021/07/917-30-001-copyright-porsche-and-stuttcars_com.jpg,https://www.stuttcars.com/porsche-917-20-turbo/,"The 917/20 Turbo is a confusing car - its chassis number reads 917/30-001, but it is not the real 917/30"
Porsche,911 2.7,Porsche 911 2.7 (1974 – 1977),911,911,911,1974,Porsche 911 Model Guides,Road,flat-6,rear,2700,152,5700,235,3800,209,NA,NA,NA,NA,NA,https://www.stuttcars.com/wp-content/uploads/2021/12/Porsche-911-2.7-Coupe-30.jpeg,https://www.stuttcars.com/porsche-911-2-7-1974-1977/,The mid-point in the Porsche 911 lineup
Porsche,911 2.7 Carrera Turbo,Porsche 911 2.7 Carrera Turbo (1974),911,911,911,1974,Porsche 911 Model Guides,Road,NA,rear,NA,NA,NA,NA,NA,NA,NA,NA,NA,NA,NA,https://www.stuttcars.com/wp-content/uploads/2021/12/art-MG-Porsche911Turbo27a.jpeg,https://www.stuttcars.com/porsche-911-2-7-carrera-turbo-1974/,"A one-off narrow-bodied mule gifted to Ferry Porsche’s sister, Louise, on her 70th birthday"
Porsche,911 Carrera 2.7,Porsche 911 Carrera 2.7 (1974 – 1975),911,911,911,1974,Porsche 911 Model Guides,Road,flat-6,rear,2700,177,5800,228,5200,232,NA,NA,NA,NA,NA,https://www.stuttcars.com/wp-content/uploads/2016/04/Porsche-911-Carrera-2.7-USA-12.jpeg,https://www.stuttcars.com/porsche-911-carrera-2-7-1974-1975/,The North American Top-911 Model for 1974 Was Down On Power Vs the Rest of the World Versions
Porsche,911 Carrera 2.7 MFI,Porsche 911 Carrera 2.7 MFI (1974 – 1976),911,911,911,1974,Porsche 911 Model Guides,Road,flat-6,rear,2700,213,6300,255,5100,238,NA,NA,NA,NA,NA,https://www.stuttcars.com/wp-content/uploads/2021/12/Porsche-911-Carrera-2.7-Coupe-MFI-11.webp,https://www.stuttcars.com/porsche-911-carrera-2-7-mfi-1974-1976/,A high performance fuel injected Carrera specifically for the European market.
Porsche,911 Carrera RS 3.0,Porsche 911 Carrera RS 3.0 (1974),911,911,911,1974,Porsche 911 Model Guides,Road,flat-6,rear,3000,233,6200,275,5000,245,NA,NA,NA,NA,NA,https://www.stuttcars.com/wp-content/uploads/2016/04/1974_Porsche_911CarreraRS302.jpg,https://www.stuttcars.com/porsche-911-carrera-rs-3-0-1974/,In 1974 the roadworthy motorsport 911 series continued its run.
Porsche,911 Carrera RSR 3.0,Porsche 911 Carrera RSR 3.0 (1974 – 1975),911,911,911,1974,Porsche 911 Model Guides,Road,flat-6,rear,3000,335,8000,315,6500,288,NA,NA,NA,NA,NA,https://www.stuttcars.com/wp-content/uploads/2016/03/Porsche-911-Carrera-RSR-3.0.jpg,https://www.stuttcars.com/porsche-911-carrera-rsr-3-0-1974/,The 3.0 RSR was one of the most successful Group 4 racing cars ever
Porsche,911 Carrera Turbo 2.1,Porsche 911 Carrera Turbo 2.1 (1974),911,911,911,1974,Porsche 911 Model Guides,Road,flat-6,rear,2100,507,7600,549,5400,299,NA,NA,NA,NA,NA,https://www.stuttcars.com/wp-content/uploads/2016/04/HDK-3348-5962b6b2.jpeg,https://www.stuttcars.com/porsche-911-carrera-turbo-2-14/,"The first turbocharged Porsche 911, and the first turbo-powered Porsche race car at Le Mans."
Porsche,911 S 2.7,Porsche 911 S 2.7 (1974 – 1977),911,911,911,1974,Porsche 911 Model Guides,Road,flat-6,rear,2700,177,5800,228,5200,225,NA,NA,NA,NA,NA,https://www.stuttcars.com/wp-content/uploads/2021/12/Porsche-911-S-2.7-Coupe-15.jpeg,https://www.stuttcars.com/porsche-911-s-1974-1977/,"New impact bumpers and larger 2,687 cc engine. The ""S"" was the middle variant in the lineup"
Porsche,914/4 (1.8 L),Porsche 914/4 (1.8 L) (1974 – 1976),914,914,914,1974,The Rest of the Porsche Model Guides,Road,NA,mid,NA,NA,NA,NA,NA,NA,NA,NA,NA,NA,NA,https://www.stuttcars.com/wp-content/uploads/2021/07/gcoon_-_1_2048x2048.jpeg,https://www.stuttcars.com/porsche-914-4-1-8-l/,"For 1974 a 1.8-liter engine replaced the 1.7 and had a new type of electronic fuel injection called AFC (air flow control), or ‘L’ Jetronic. This same basic injection was used on 911s in the late-’80s. Unfortunately, due to emissions regulations, the 1.8 made just 76 hp, less than the smaller engine it replaced. The standard steel wheels were changed to 5.5-inch wide VW units. Rubber bumper guards now adorned the rear and the headlight surrounds were changed from white to black plastic. US cars got the infamous ignition seat-belt interlock buzzer. This was also the year of the limited edition series, for which Porsche implemented cosmetic flourishes to try and boost falling sales. A black car would have yellow accents on the Mahle wheels, the bumpers, the rocker panels, and a yellow negative “PORSCHE” script along the door bottoms. There were also green and orange variations on cars painted white."
Porsche,908/03 Spyder Turbo,Porsche 908/03 Spyder Turbo (1975 – 1981),908,908,908,1975,Porsche Race Car Guides,Competition,flat-6,mid,2100,519,NA,480,NA,NA,NA,NA,NA,NA,NA,https://www.stuttcars.com/wp-content/uploads/2021/06/image-6.jpeg,https://www.stuttcars.com/porsche-908-03-spyder-turbo/,"Porsche decided to end its 20-year history of factory sports car racing and sold the 908/03 cars to customers. In 1975, some 908s were fitted with turbocharged engines."
Porsche,911 25th Anniversary Edition,Porsche 911 25th Anniversary Edition (1975),911,911,911,1975,Porsche 911 Model Guides,Road,NA,rear,NA,NA,NA,NA,NA,NA,NA,NA,NA,NA,NA,https://www.stuttcars.com/wp-content/uploads/2021/12/IMG_1210-tiny-2048x0-0.5x0.jpg,https://www.stuttcars.com/porsche-911-25-anniv-1975/,Commemorating 25 years of Porsche sports car production
Porsche,911 Turbo 3.0,Porsche 911 Turbo 3.0 (930) (1975 – 1977),911,930,911,1975,Porsche 911 Model Guides,Road,flat-6,rear,3000,264,5500,344,4000,249,NA,NA,NA,NA,NA,https://www.stuttcars.com/wp-content/uploads/2021/12/Porsche-911-930-Turbo-3.0-kaufen-Early-911S-2.jpeg,https://www.stuttcars.com/porsche-911-turbo-3-0-930/,Inspired a generation of car enthusiasts and became the undisputed flagship of the Porsche line up.
Porsche,911 Carrera 3.0,Porsche 911 Carrera 3.0 (1976 – 1977),911,911,911,1976,Porsche 911 Model Guides,Road,flat-6,rear,3000,200,6000,255,4200,230,NA,NA,NA,NA,NA,https://www.stuttcars.com/wp-content/uploads/2021/12/Porsche-911-Carrera-3.0-Coupe-26.jpeg,https://www.stuttcars.com/porsche-911-carrera-3-0-1976-1977/,The Carrera 3.0 engine is essentially the 911 Turbo 2993 cc engine – just without the turbocharger.
Porsche,912 E,Porsche 912 E (1976),911,912,912,1976,Porsche 911 Model Guides,Road,flat-4,rear,2000,87,4900,133,4900,185,NA,NA,NA,NA,NA,https://www.stuttcars.com/wp-content/uploads/2022/01/Porsche-912-E-1976.png,https://www.stuttcars.com/porsche-912-e-1976/,Introduced as Porsche's affordable entry air-cooled Porsche as the 914 was being discontinued.
Porsche,924,Porsche 924 (1976 – 1986),924,924,924,1976,The Rest of the Porsche Model Guides,Road,inline-4,front,2000,112,5750,165,3500,192,NA,NA,NA,NA,NA,https://www.stuttcars.com/wp-content/uploads/2021/09/Porsche-924-1976-1986.jpeg,https://www.stuttcars.com/porsche-924/,"The Porsche 924 was the first water-cooled front-engine production Porsche. This relatively low-cost coupe was a startling departure from the expensive, air-cooled, rear-engine Porsche 911, and its Audi engine caused fans of the marque to question its Porsche credentials."
Porsche,934,Porsche 934 (1976 – 1977),911,934,934,1976,Porsche 911 Model Guides,Road,flat-6,rear,3000,492,7000,588,5400,286,NA,NA,NA,NA,NA,https://www.stuttcars.com/wp-content/uploads/2016/04/porsche_93401.jpeg,https://www.stuttcars.com/porsche-934/,"Using the 930 Turbo as a basis, Porsche built the 934 for Group 4 GT racing."
Porsche,934/5,Porsche 934/5 (1976 – 1977),911,934,934,1976,Porsche 911 Model Guides,Road,flat-6,rear,3000,492,7000,588,5400,286,NA,NA,NA,NA,NA,https://www.stuttcars.com/wp-content/uploads/2016/04/1976_Porsche_93451.jpg,https://www.stuttcars.com/porsche-934-5/,The Porsche 934/5 was effectively a hybrid of the Porsche 934 and 935 built to compete in Group 4 of the IMSA
Porsche,935/76,Porsche 935/76 (1976),911,935,935,1976,Porsche 911 Model Guides,Road,flat-6,rear,2850,568,8000,587,5400,340,NA,NA,NA,NA,NA,https://www.stuttcars.com/wp-content/uploads/2016/04/1976_Porsche_935761-1.jpg,https://www.stuttcars.com/porsche-935-76/,The Group 4 racer based on the 911 Turbo (930)
Porsche,936/76,Porsche 936/76 (1976),936,936,936,1976,Porsche 911 Model Guides,Road,flat-6,mid,2100,527,8000,483,6000,351,NA,NA,NA,NA,NA,https://www.stuttcars.com/wp-content/uploads/2021/07/Porsche-93676-1976.jpeg,https://www.stuttcars.com/porsche-936-76/,"Premiere: 1976 April 4 at Nürburgring / Engine: 2.1-litre flat-6, single turbo / Gearbox: 5-speed / Achievements: 1976 World Sportscar Championship winner, 1976 Le Mans winner"
Porsche,911 S Signature,Porsche 911 S Signature (1977),911,911,911,1977,Porsche 911 Model Guides,Road,NA,rear,NA,NA,NA,NA,NA,NA,NA,NA,NA,NA,NA,https://www.stuttcars.com/wp-content/uploads/2021/12/1976_porsche_911_15535498258764daPorsche-911-Targa-Signature-Edition-A-GC.com-1.jpg,https://www.stuttcars.com/porsche-911-s-signstute-edition-1977/,Commemorating 25 years of Porsche sports car production
Porsche,935/2.0 ‘Baby’,Porsche 935/2.0 ‘Baby’ (1977),911,935,935,1977,Porsche 911 Model Guides,Road,NA,rear,NA,NA,NA,NA,NA,NA,NA,NA,NA,NA,NA,https://www.stuttcars.com/wp-content/uploads/2016/04/1977_Porsche_93520Baby1.jpg,https://www.stuttcars.com/porsche-935-baby/,Built for 1977 to race in the national German DRM series under 2 liter class
Porsche,935/77,Porsche 935/77 (1977),911,935,935,1977,Porsche 911 Model Guides,Road,flat-6,rear,2850,568,8000,587,5400,340,NA,NA,NA,NA,NA,https://www.stuttcars.com/wp-content/uploads/2021/07/Porsche-93577-1977.png,https://www.stuttcars.com/porsche-935-77/,The Group 4 racer based on the 911 Turbo (930)
Porsche,936/77,Porsche 936/77 (1977),936,936,936,1977,Porsche 911 Model Guides,Road,flat-6,mid,2100,547,8000,489,6000,351,NA,NA,NA,NA,NA,https://www.stuttcars.com/wp-content/uploads/2021/07/stuttcars-1977-le-mans-936-no4-copyright-porsche.jpg,https://www.stuttcars.com/porsche-936-77/,"Premiere: 1977 June, Le Mans / Engine: 2.1-litre flat-6, bi-turbo / Gearbox: 5-speed / Achievements: 1977 Le Mans winner"
Porsche,Kremer K2,Kremer K2 (1977),911,935,935,1977,Porsche 911 Model Guides,Road,NA,rear,NA,NA,NA,NA,NA,NA,NA,NA,NA,NA,NA,https://www.stuttcars.com/wp-content/uploads/2016/01/1977_Kremer_K21.jpg,https://www.stuttcars.com/1977-kremer-k2/,"Upon seeing the factory 935s and what was possible using the 930 platform, the Kremer bothers from Cologne built up their own version. Their first car contested the World Championship of Makes in 1976 and in the following year, an updated version known as the K2 was further modified."
Porsche,Kremer K3,Kremer K3 (1977),911,935,935,1977,Porsche 911 Model Guides,Road,NA,rear,NA,NA,NA,NA,NA,NA,NA,NA,NA,NA,NA,https://www.stuttcars.com/wp-content/uploads/2016/01/Porsche-935-K3.jpeg,https://www.stuttcars.com/1977-kremer-k3/,In 1977 Kremer sufficiently improved the 935 to begin series production of their own version. It was the third Kremer built on Porsche’s successful platform and many 935/934s were updated to reflect ideas from the brothers in Cologne.
Porsche,911 SC,Porsche 911 SC (1978 – 1983),911,911,911,1978,Porsche 911 Model Guides,Road,flat-6,rear,3000,182,5500,266,4200,203,NA,NA,NA,NA,NA,https://www.stuttcars.com/wp-content/uploads/2016/04/porsche-preview-2.webp,https://www.stuttcars.com/porsche-911-sc-g-series-1978-1983/,Replaced the 911 S and was one of Porsche's first models that was meant for the international market
Porsche,911 SC Martini Edition,Porsche 911 SC Martini Edition (1978),911,911,911,1978,Porsche 911 Model Guides,Road,NA,rear,NA,NA,NA,NA,NA,NA,NA,NA,NA,NA,NA,https://www.stuttcars.com/wp-content/uploads/2021/12/21859_Front_3-4_Web.jpeg,https://www.stuttcars.com/porsche-911-sc-martini-edition-1978/,The first 911SC built to celebrate race victories for Porsche in several championships
Porsche,911 SC Safari,Porsche 911 SC Safari (1978),911,911,911,1978,Porsche 911 Model Guides,Road,flat-6,rear,3000,253,NA,NA,NA,230,NA,NA,NA,NA,NA,https://www.stuttcars.com/wp-content/uploads/2021/12/HDK-506-38b72fa7.jpeg,https://www.stuttcars.com/porsche-911-sc-safari/,In 1978 a pair of 911s were entered into the East African Safari Rally.
Porsche,911 Turbo 3.3,Porsche 911 Turbo 3.3 (930) (1978 – 1989),911,930,911,1978,Porsche 911 Model Guides,Road,flat-6,rear,3300,304,5500,412,4000,257,NA,NA,NA,NA,NA,https://www.stuttcars.com/wp-content/uploads/2016/04/1978_Porsche_911Turbo33Coup1.jpg,https://www.stuttcars.com/porsche-911-turbo-3-3-930/,Porsche made its first and most significant upgrades to the 930 for 1978
Porsche,924 Rallye Turbo,Porsche 924 Rallye Turbo (1978),924,924,924,1978,Porsche Race Car Guides,Competition,inline-4,front,2000,213,6000,NA,NA,225,NA,NA,NA,NA,NA,https://www.stuttcars.com/wp-content/uploads/2021/09/1_Porsche924CGTSR_25-1024x576.jpg,https://www.stuttcars.com/porsche-924-rallye-turbo/,"As a top-secret project, the Porsche Museum workshop and the Porsche Heritage department worked on a special front-engined sports car from 1981. 40 years ago, starting on May 15, this car competed in the Deutsche Rallye-Meisterschaft (German Rally Championship). Behind the wheel was non other than Walter Röhrl, with Christian Geistdörfer next to him. At that time, the two were freshly crowned rally world champions – and unemployed. The reason for this was that Röhrl had signed with Mercedes-Benz. After relatively successful winter tests, however, the fundamentally honest man from Regensburg couldn’t conceal the fact that a victory in the 1981 Monte Carlo Rally would be tantamount to winning the lottery. As a result, the Swabians promptly closed their rally division and Röhrl only just escaped a boring office job. He received his full annual salary and was left without a competitive rally car."
Porsche,928,Porsche 928 (1978 – 1982),928,928,928,1978,The Rest of the Porsche Model Guides,Road,V8,front,4500,233,5250,343,3600,230,NA,NA,NA,NA,NA,https://www.stuttcars.com/wp-content/uploads/2016/04/1978-1982-Porsche-928-Guide.jpeg,https://www.stuttcars.com/1978-1982-porsche-928/,"In March 1977, the production version of the 928 debuted at the Geneva Motor Show, the first of a new generation of Porsche cars. It had a similar body to the 924, but was powered by a water-cooled V-8 engine. Not only was it a different design compared to the 911 model, but its engine was also cooled differently. Later that year, it became the first sports car to win the European Car of the Year award. In 1978, the 928 was crowned Car of the Year."
Porsche,935/78 ‘Moby Dick’,Porsche 935/78 ‘Moby Dick’ (1978),911,935,935,1978,Porsche 911 Model Guides,Road,flat-6,rear,3200,857,8200,784,6600,365,NA,NA,NA,NA,NA,https://www.stuttcars.com/wp-content/uploads/2016/04/1978_Porsche_93578MobyDick-2-1024.jpg,https://www.stuttcars.com/porsche-935-78-moby-dick/,The 935/78 was the ultimate expression of the 911 factory race car before Porsche officially withdrew from motor sport.
Porsche,936/78,Porsche 936/78 (1978),936,936,936,1978,Porsche 911 Model Guides,Road,flat-6,mid,2100,588,8500,NA,NA,359,NA,NA,NA,NA,NA,https://www.stuttcars.com/wp-content/uploads/2021/07/1978-le-mans-start-copyright-porsche-downloaded-from-stuttcars_com.jpg,https://www.stuttcars.com/porsche-936-78/,"Premiere: 1978 June, Le Mans / Engine: 2.1-litre flat-6, bi-turbo / Gearbox: 5-speed / Achievements: 1978 2nd Place at Le Mans"
Porsche,924 SCCA (924D),Porsche 924 SCCA (924D) (1979),924,924,924,1979,Porsche Race Car Guides,Competition,NA,front,NA,NA,NA,NA,NA,NA,NA,NA,NA,NA,NA,https://www.stuttcars.com/wp-content/uploads/2021/09/924-scca-rear-copyright-porsche-downloaded-from-stuttcars_com.jpeg,https://www.stuttcars.com/porsche-924-scca-1979/,These cars were designed by the factory to race in SCCA D Production Championship starting in 1979.
Porsche,924 Turbo,Porsche 924 Turbo (1979 – 1984),924,924,924,1979,The Rest of the Porsche Model Guides,Road,inline-4,front,2000,112,5750,165,3500,212,NA,NA,NA,NA,NA,https://www.stuttcars.com/wp-content/uploads/2021/09/Porsche-924-Turbo-Targa-gebraucht-kaufen-Deutschland-33-scaled-1.jpeg,https://www.stuttcars.com/porsche-924-turbo/,"Porsche upgraded the performance of its 924 with the introduction of a turbocharged model in 1979. While the lower end of the engine remained unchanged, many improvements were made to the upper end of the engine as well as the drivetrain. On the outside, the car gained alloy wheels, a distinctive NACA duct in its hood, and a rear spoiler. Horsepower increased from 125 bhp to 170 bhp in the turbo. This car’s internal project number at Porsche was “931”, and for that reason many owners refer to their car that as a 931."
Porsche,Joest 935J,Joest 935J (1979),911,935,935,1979,Porsche 911 Model Guides,Road,NA,rear,NA,NA,NA,NA,NA,NA,NA,NA,NA,NA,NA,https://www.stuttcars.com/wp-content/uploads/2016/02/649106.jpg,https://www.stuttcars.com/1979-joest-935j/,"Inspired by the Kremer brothers, Joest built their own version of the 935 for the 1979 season. Like the factory cars it featured intakes in the C-pillars and also had a slightly different front profile. One car was campaigned by Liqui Moly Joest Racing and won the 1980 Daytona 24 Hours outright as driven by Reinhold Jöst, Rolf Stommelen and Volkert Merl. A second car was built up for Electrodyne and raced with Momo livery in the USA. It had a fairly miserable 1980 except the season ender at the Daytona 250 were it won outright. Later in the season it was joined by another 935J. A second car was built up for Electrodyne and raced with Momo livery in the USA. It had a fairly miserable 1980 except the season ender at the Daytona 250 were it won outright. Later in the season it was joined by another 935J. Various other cars were outfitted with the ideas presented by Joest for Spot-Oil-Racing, Vegla Racing Team and DeNarvaez Enterprises for the 1981 season."
Porsche,911 SC Weissach Edition,Porsche 911 SC Weissach Edition (1980),911,911,911,1980,Porsche 911 Model Guides,Road,NA,rear,NA,NA,NA,NA,NA,NA,NA,NA,NA,NA,NA,https://www.stuttcars.com/wp-content/uploads/2021/12/1980-porsche-911-sc-weissach-edition-8.jpeg,https://www.stuttcars.com/porsche-911-sc-weissach-edition-1980/,The 'Weissach' edition was a standard SC with special paint
Porsche,924 Carrera GT,Porsche 924 Carrera GT (1980),924,924,924,1980,The Rest of the Porsche Model Guides,Road,inline-4,front,2000,213,6250,275,3500,241,NA,NA,NA,NA,NA,https://www.stuttcars.com/wp-content/uploads/2016/04/Porsche-924-Carrera-GT.jpeg,https://www.stuttcars.com/porsche-924-carrera-gt/,"In 1979, Porsche unveiled a concept version of the 924 at the Frankfurt Auto show wearing Carrera badges. One year later, in 1980, Porsche released the 924 Carrera GT, making clear their intention to enter the 924 in competition. By adding an intercooler and increasing compression to 8.5:1, as well as various other little changes, Porsche was able to develop the 924 Turbo into the race car they had wanted, dubbing it the “924 Carrera GT”. 406 examples (including prototypes) of the Carrera GT were built to qualify it for Group 4 racing requirements.[11] Of the 400 roadgoing examples, 75 were made in right hand drive for the UK market. In 1981 Porsche released the limited production 924 Carrera GTS. 59 GTS models were built, all in left hand drive, with 15 of the 59 being raced prepped Clubsport versions."
Porsche,928 S,Porsche 928 S (1980 – 1986),928,928,928,1980,The Rest of the Porsche Model Guides,Road,V8,front,4700,237,5500,357,4000,230,NA,NA,NA,NA,NA,https://www.stuttcars.com/wp-content/uploads/2021/05/Screen-Shot-2021-05-28-at-3.59.49-PM.png,https://www.stuttcars.com/1980-1986-porsche-928-s/,Everything you ever wanted to know about the Porsche 928 S / S2 / S3
Porsche,911 SC “San Reno”,Porsche 911 SC “San Reno” (1981),911,911,911,1981,Porsche 911 Model Guides,Road,NA,rear,NA,NA,NA,NA,NA,NA,NA,NA,NA,NA,NA,https://www.stuttcars.com/wp-content/uploads/2021/12/walter-rohrl-1981-porsche-911sc-san-remo-1.jpeg,https://www.stuttcars.com/porsche-911-sc-san-reno/,Röhrl's one-off drive at the 1981 San Remo Rally is regarded as one of the greatest drives ever
Porsche,911 Turbo 3.3 SE ‘Flachbau’,Porsche 911 Turbo 3.3 SE ‘Flachbau’ (930) (1981 – 1989),911,930,911,1981,Porsche 911 Model Guides,Road,flat-6,rear,3300,335,5750,431,4000,278,NA,NA,NA,NA,NA,https://www.stuttcars.com/wp-content/uploads/2021/12/Porsche-911-Turbo-3.3-SE-‘Flachbau-930-13.jpeg,https://www.stuttcars.com/porsche-911-turbo-flachbau-1987-1989/,The Flat-Nose 930 Turbo Is Still A Fan Favorite
Porsche,924 Carrera GTP,Porsche 924 Carrera GTP (1981),924,924,924,1981,The Rest of the Porsche Model Guides,Road,NA,front,NA,NA,NA,NA,NA,NA,NA,NA,NA,NA,NA,https://www.stuttcars.com/wp-content/uploads/2016/04/1980_Porsche_924CarreraGTP1.jpg,https://www.stuttcars.com/porsche-924-carrera-gtp/,"Porsche brought a handful of 924 Carrera GTs to compete in the GTP class in the 1980 Le Mans 24 hour race, with the best car finishing sixth overall. Further development of the Carrera GT platform led to even more homologation specials, culminating in 1981 with the wild 924 Carrera GTR. Ferociously quick, the 924 Carrera GTR was the strongest and fastest—barring only the GTR Le Mans and GTP—of Porsche’s first-generation water-cooled racing cars."
Porsche,924 Carrera GTR,Porsche 924 Carrera GTR (1981),924,924,924,1981,The Rest of the Porsche Model Guides,Road,NA,front,NA,NA,NA,NA,NA,NA,NA,NA,NA,NA,NA,https://www.stuttcars.com/wp-content/uploads/2021/09/Porsche-924-Carrera-GTR.jpeg,https://www.stuttcars.com/porsche-924-carrera-gtr/,The ultimate development of the 924 in its race trim was the 924 Carrera GTR race car
Porsche,924 Carrera GTS,Porsche 924 Carrera GTS (1981),924,924,924,1981,The Rest of the Porsche Model Guides,Road,inline-4,front,2000,248,6250,335,6000,249,NA,NA,NA,NA,NA,https://www.stuttcars.com/wp-content/uploads/2016/04/1981_Porsche_924CarreraGTS1.jpg,https://www.stuttcars.com/porsche-924-carrera-gts/,"After the end of production of the 400 Porsche 924 Carrera GT road sports cars at the beginning of December 1980, a small evolution series of pure competitive cars was launched: the Porsche 924 Carrera GTS."
Porsche,936/81,Porsche 936/81 (1981),936,936,936,1981,Porsche 911 Model Guides,Road,flat-6,mid,2650,629,8000,540,6450,359,NA,NA,NA,NA,NA,https://www.stuttcars.com/wp-content/uploads/2016/04/HDK-2072-bdff4ba7.jpeg,https://www.stuttcars.com/porsche-936-81/,"The #11 Porsche 936/81 (936-003) started the 1981 Le Mans from pole position and won the race driven by Jacky Ickx and Derek Bell. All the factory built 936 had now won Le Mans: chassis 002 in 1976, 001 in 1977 and 003 in 1981."
Porsche,944 GTP,Porsche 944 GTP (1981),944,944,944,1981,Porsche Race Car Guides,Competition,NA,front,NA,NA,NA,NA,NA,NA,NA,NA,NA,NA,NA,https://www.stuttcars.com/wp-content/uploads/2016/04/1981_Porsche_944GTP1.jpg,https://www.stuttcars.com/porsche-944-gtp/,"In 1981 Porsche developed two 944 prototypes to succeed the 924 GTPs which raced the 1980 24 Hours of Le Mans. To coincide with the release of the 944 in fall of 1981, Porsche prepared a GTP version to promote the car before the launch. The GTP was equipped with a special Type 949 cylinder block with dry sump lubrication, KKK K28 turbocharger and an air-to-air intercooler. At a boost pressure of 15.5 psi 410 bhp was possible from the 2,478 cc block. At Le Mans chassis 924-006 was prepared with Hugo Boss for Walter Röhrl and Jürgen Barth and they finished finished 3rd in Class as well as 7th overall."
Porsche,Kremer K4,Kremer K4 (1981),911,935,935,1981,Porsche 911 Model Guides,Road,NA,rear,NA,NA,NA,NA,NA,NA,NA,NA,NA,NA,NA,https://www.stuttcars.com/wp-content/uploads/2016/01/648500.jpeg,https://www.stuttcars.com/1981-kremer-k4/,"Using factory 935/78 ‘Moby Dick’ plans, Kremer built their own version. In doing so they modified the body to their own design to include more downforce."
Porsche,911 SC Ferry Porsche Special Edition,Porsche 911 SC Ferry Porsche Special Edition (1982),911,911,911,1982,Porsche 911 Model Guides,Road,NA,rear,NA,NA,NA,NA,NA,NA,NA,NA,NA,NA,NA,https://www.stuttcars.com/wp-content/uploads/2021/12/IMG-3212.jpeg,https://www.stuttcars.com/porsche-911-sc-ferry-porsche-special-edition-1982/,Only 200 ‘Ferry Porsche’ 911 Jubilee SCs were made
Porsche,944 Coupe,Porsche 944 Coupe (1982 – 1989),944,944,944,1982,The Rest of the Porsche Model Guides,Road,inline-4,front,2500,152,5500,193,3000,220,NA,NA,NA,NA,NA,https://www.stuttcars.com/wp-content/uploads/2021/09/Porsche-944-Coupe-1982-1989.jpeg,https://www.stuttcars.com/porsche-944-coupe/,The sweet-handling 944 was based on the Porsche 924 but with the addition of a true Porsche engine.
Porsche,956,Porsche 956 (1982 – 1983),956,956,956,1982,Porsche Race Car Guides,Competition,flat-6,mid,2650,629,8200,629,5000,351,NA,NA,NA,NA,NA,https://www.stuttcars.com/wp-content/uploads/2016/04/1982_Porsche_956-6-1024.jpg,https://www.stuttcars.com/porsche-956/,"Built by Porsche in 1982 for the FIA World Sportscar Championship. In 1983, driven by Stefan Bellof, this car established a record that would stand for 35 year"
Porsche,Gaaco 935L,Gaaco 935L (1982),911,935,935,1982,Porsche 911 Model Guides,Road,NA,rear,NA,NA,NA,NA,NA,NA,NA,NA,NA,NA,NA,https://www.stuttcars.com/wp-content/uploads/2016/01/1006977.jpg,https://www.stuttcars.com/1982-gaaco-935l/,"In 1982 Bob Akin Motor Racing commissioned spectacular Porsche 935 to be built for their Le Mans effort. It was built by Chuck Gaa of Gaaco to have a higher topspeed and increased performance. Chuck Gaa fitted a Lola T600 front end to a new bespoke bonded aluminum chassis. According to the regulations, the body retained the 930 roof structure, but was entirely new from the beltline down. The standard 3.2-liter Porsche engine was used and put out 750 bhp. Leading up to Le Mans the car was raced once at Limerock then sent to France. During the 24 Hour enduro, the car ran out of fuel before one of the drivers even got to race a stint. Later the car competed with Coca-Cola/paradyne livery in America. For the 1983 season it was picked up by Henn’s Swap Shop Racing and raced well into 1984."
Porsche,935 Straßenversion,Porsche 935 Straßenversion (1983),911,935,935,1983,Porsche 911 Model Guides,Road,NA,rear,NA,NA,NA,NA,NA,NA,NA,NA,NA,NA,NA,https://www.stuttcars.com/wp-content/uploads/2016/04/1983_Porsche_935Straenversion1.jpg,https://www.stuttcars.com/porsche-935-strasenversion/,In 1983 Porsche produced a stunning one-off road car for TAG owner Mansour Ojjeh.
Porsche,959 Prototypes,Porsche 959 Prototypes (1983 – 1986),911,959,959,1983,Porsche Concept Car Guides,Concept,NA,rear,NA,NA,NA,NA,NA,NA,NA,NA,NA,NA,NA,https://www.stuttcars.com/wp-content/uploads/2020/09/porsche-959-prototype-image-barrett-jackson_100414604_l.jpg,https://www.stuttcars.com/porsche-959-prototype/,"The 1983 Frankfurt Motor Show was chosen for the unveiling of the Porsche Group B prototype. Even in the closing hours of October 9, finishing touches were being applied to the car to go on display the next morning. After the first two prototypes, the bodywork was modified to include air vents in the front and rear wheel housings, as well as intake holes behind the doors."
Porsche,959 “Gruppe B” Prototype,Porsche 959 “Gruppe B” Prototype (1983),911,959,959,1983,Porsche Concept Car Guides,Concept,NA,rear,NA,NA,NA,NA,NA,NA,NA,NA,NA,NA,NA,https://www.stuttcars.com/wp-content/uploads/2016/04/Screen-Shot-2021-06-08-at-5.36.05-PM.png,https://www.stuttcars.com/porsche-959-gruppe-b/,The idea for 959 was born as early as 1983 with this Guppe B prototype
Porsche,911 Carrera 3.2,Porsche 911 Carrera 3.2 (1984 – 1989),911,911,911,1984,Porsche 911 Model Guides,Road,flat-6,rear,3200,234,5900,283,4800,245,NA,NA,NA,NA,NA,https://www.stuttcars.com/wp-content/uploads/2021/12/Porsche-911-Carrera-3.2-82.jpeg,https://www.stuttcars.com/porsche-911-carrera-3-2-1984-1989/,"The replacement for the SC came in 1984 as the 911 3.2 Carrera, reviving the Carrera name for the first time since 1977"
Porsche,911 Carrera 3.2 “Turbo Look”,Porsche 911 Carrera 3.2 “Turbo Look” (1984 – 1989),911,911,911,1984,Porsche 911 Model Guides,Road,flat-6,rear,3200,234,5900,283,4800,245,NA,NA,NA,NA,NA,https://www.stuttcars.com/wp-content/uploads/2021/12/57-1.jpeg,https://www.stuttcars.com/porsche-911-carrera-3-2-turbo-look-1984-1989/,The 911 Carrera 3.2 was the first 911 offering the Turbo’s look for non-turbo cars. The M491 option.
Porsche,911 SC RS 3.0,Porsche 911 SC RS 3.0 (1984),911,911,911,1984,Porsche 911 Model Guides,Road,flat-6,rear,3000,259,7000,249,6500,254,NA,NA,NA,NA,NA,https://www.stuttcars.com/wp-content/uploads/2020/12/1_s_porsche-911-sc-rs-1984-_0137-gs.jpg,https://www.stuttcars.com/porsche-911-sc-rs-an-oft-overlooked-gem/,Built so that the factory Rothmans Porsche Rally Team could hit the international stage
Porsche,942,Porsche 942 (1984),942,942,942,1984,Porsche Concept Car Guides,Concept,NA,front,NA,NA,NA,NA,NA,NA,NA,NA,NA,NA,NA,https://www.stuttcars.com/wp-content/uploads/2020/09/6bfb4191f1c2949f3f480e8fd0dafc46.jpeg,https://www.stuttcars.com/1984-porsche-942/,A Special Edition 928 Offered As A Gift to Ferry Porsche on his 75th Birthday
Porsche,953,Porsche 953 (1984),953,953,953,1984,Porsche 911 Model Guides,Road,flat-6,front,3200,304,NA,NA,NA,NA,NA,NA,NA,NA,NA,https://www.stuttcars.com/wp-content/uploads/2021/12/01-Walter-R-hrl-Cold-Start-by-GP.jpeg,https://www.stuttcars.com/porsche-953/,The Porsche 953 ranks as one of the finest off-roaders Porsche has ever made.
Porsche,956B,Porsche 956B (1984 – 1986),956,956,956,1984,Porsche Race Car Guides,Competition,flat-6,mid,2650,629,8200,629,5000,351,NA,NA,NA,NA,NA,https://www.stuttcars.com/wp-content/uploads/2016/04/1984_Porsche_956B-0-1024.jpg,https://www.stuttcars.com/porsche-956b/,In 1984 Porsche offered a full works-specification car known as the 956B. This provided the New-Man Joest Racing team with a winning formula and they dominated the 1985 24 Hours of Le Mans with a resounding victory. One of the main differences between the customer 956 and the 956B was the Bosch Motronic engine management. This allowed more precise ignition and injection which in turn provided better economy and more power.
Porsche,962,Porsche 962 (1984 – 1991),962,962,962,1984,Porsche Race Car Guides,Competition,flat-6,mid,3200,629,NA,629,NA,351,NA,NA,NA,NA,NA,https://www.stuttcars.com/wp-content/uploads/2016/04/1986_Porsche_962C-0-1024.jpg,https://www.stuttcars.com/porsche-962/,Premiere: 1984 February 3 at qualification for Daytona 24h / Achievements: Le Mans winner 1986-1987-1994
Porsche,965,Porsche 965 (1984),911,965,965,1984,Porsche 911 Model Guides,Road,NA,rear,NA,NA,NA,NA,NA,NA,NA,NA,NA,NA,NA,https://www.stuttcars.com/wp-content/uploads/2020/09/Porsche-965-911.jpeg,https://www.stuttcars.com/porsche-965-911/,The Porsche 965 was a V8-powered 911 from 1984
Porsche,984 Concept Car,Porsche 984 Concept Car (1984 – 1987),984,984,984,1984,Porsche Concept Car Guides,Concept,NA,mid,NA,NA,NA,NA,NA,NA,NA,NA,NA,NA,NA,https://www.stuttcars.com/wp-content/uploads/2021/07/Porsche-984-Concept-Car.jpeg,https://www.stuttcars.com/porsche-984-concept-car/,The Porsche Junior concept car.
Porsche,944 Turbo Coupe,Porsche 944 Turbo Coupe (1985 – 1991),944,944,944,1985,The Rest of the Porsche Model Guides,Road,inline-4,front,2500,223,5800,329,3500,245,NA,NA,NA,NA,NA,https://www.stuttcars.com/wp-content/uploads/2021/09/Porsche-944-Turbo-Coupe-1987-–-Specifications-1.png,https://www.stuttcars.com/porsche-944-turbo-coupe/,It didn’t take Porsche’s engineers long to significantly improve on the base 944’s performance by doing the obvious and adding a turbocharger to the engine.
Porsche,959 Rally,Porsche 959 Rally (1985 – 1986),911,959,959,1985,Porsche Race Car Guides,Competition,flat-6,rear,2850,450,6500,500,5000,314,NA,NA,NA,NA,NA,https://www.stuttcars.com/wp-content/uploads/2016/04/1984_Porsche_959Rally1.jpg,https://www.stuttcars.com/porsche-959-rally-guide/,"The greatest version of the 959 is, and always will be, the Rothman's liveried Paris-Dakar racing version."
Porsche,944 Turbo Cup,Porsche 944 Turbo Cup (1986 – 1988),944,944,944,1986,Porsche Race Car Guides,Competition,NA,front,NA,NA,NA,NA,NA,NA,NA,NA,NA,NA,NA,https://www.stuttcars.com/wp-content/uploads/2016/04/1096528-1024.jpg,https://www.stuttcars.com/porsche-944-turbo-cup/,"In late 1985 Porsche developed the 944 “Weissach turbo cup race car” to provide amateur enthusiasts with a cost effective entry into motorsports. Porsche initially designed to participate in a single-marque racing series run in conjunction with 1986 German ADAC Supercup races, but soon spread to Italy, Spain, Belgium, Austria , USA, Canada and even Czechoslovakia."
Porsche,959 Komfort,Porsche 959 Komfort (1986 – 1993),911,959,959,1986,Porsche Supercar Model Guides,Supercar,flat-6,rear,2850,450,6500,500,5000,314,NA,NA,NA,NA,NA,https://www.stuttcars.com/wp-content/uploads/2021/09/1987-porsche-959-komfort-_0.jpeg,https://www.stuttcars.com/porsche-959-komfort-1986-1993/,"The powerplant is a sequential twin-turbocharged DOHC flat-six engine equipped with 4 valves per cylinder, fuel fed by Bosch Motronic 2.1 fuel injection with air-cooled cylinders and water-cooled heads, with a bore x stroke of 95 mm × 67 mm (3.74 in × 2.64 in) for a total displacement of 2,849 cc (173.9 cu in). It was coupled to a unique manual transmission offering five forward speeds plus a off-road gear, as well as reverse. The engine was largely based on the 4-camshaft 24-valve powerplant used in the Porsche 956 and 962 race cars."
Porsche,959 Sport,Porsche 959 Sport (1987 – 1988),911,959,959,1986,Porsche Supercar Model Guides,Supercar,flat-6,rear,2850,515,6500,500,5000,340,NA,NA,NA,NA,NA,https://www.stuttcars.com/wp-content/uploads/2016/04/1987_Porsche_959Sport1.jpg,https://www.stuttcars.com/porsche-959-sport-guide/,"A faster, more focused and much rarer Porsche 959 variant"
Porsche,961,Porsche 961 (1986 – 1987),911,961,961,1986,Porsche Race Car Guides,Competition,flat-6,rear,2840,649,7500,629,5000,340,NA,NA,NA,NA,NA,https://www.stuttcars.com/wp-content/uploads/2016/04/1986_Porsche_961-0-1024.jpg,https://www.stuttcars.com/porsche-961/,The Porsche 961 was the racing version of the 959 supercar.
Porsche,2708 Indy,Porsche 2708 Indy (1987 – 1988),2708 Indy,NA,NA,1987,Porsche Race Car Guides,Competition,NA,mid,NA,NA,NA,NA,NA,NA,NA,NA,NA,NA,NA,https://www.stuttcars.com/wp-content/uploads/2021/05/Porsche-2708-Indy.jpeg,https://www.stuttcars.com/porsche-2708-indy/,1987 - 1988. Unlucky and Unprepared Porsche CART Race Car
Porsche,911 Carrera 3.2 Clubsport,Porsche 911 Carrera 3.2 Clubsport (1987 – 1989),911,911,911,1987,Porsche 911 Model Guides,Road,flat-6,rear,3200,234,5900,283,4800,248,NA,NA,NA,NA,NA,https://www.stuttcars.com/wp-content/uploads/2016/04/1987_Porsche_911Carrera32Clubsport1.jpg,https://www.stuttcars.com/porsche-911-carrera-3-2-clubsport-1987-1989/,One Last Hurrah for the G-Series 911. One of the most underrated Porsche's ever.
Porsche,924S,Porsche 924S (1987 – 1988),924,924,924,1987,The Rest of the Porsche Model Guides,Road,inline-4,front,2500,152,5500,193,3000,220,NA,NA,NA,NA,NA,https://www.stuttcars.com/wp-content/uploads/2021/09/Porsche924S.jpeg,https://www.stuttcars.com/porsche-924s/,"In 1984, VW decided to stop manufacturing the engine blocks used in the 2.0 L 924, leaving Porsche with a predicament. The 924 was considerably cheaper than its 944 stablemate, and dropping the model left Porsche without an affordable entry-level option. The decision was made to equip the narrower bodied 924 with a slightly detuned version of the 944’s 163 bhp 2.5 litre straight four, upgrading the suspension and adding 5 lug wheels and 944 style brakes, but retaining the 924’s early interior. The result was 1986’s 150 bhp 924S. Porsche also decided to re-introduce the 924 to the American market with an initial price tag of under $20,000."
Porsche,928 H50,Porsche 928 H50 (1987),928,928,928,1987,Porsche Concept Car Guides,Concept,NA,front,NA,NA,NA,NA,NA,NA,NA,NA,NA,NA,NA,https://www.stuttcars.com/wp-content/uploads/2016/04/1045011.jpg,https://www.stuttcars.com/1987-porsche-928-h50/,In 1987 Porsche experimented with a long-wheel-base 928 called the H50
Porsche,928 S4,Porsche 928 S4 (1987 – 1991),928,928,928,1987,The Rest of the Porsche Model Guides,Road,V8,front,5000,324,6000,430,3000,266,NA,NA,NA,NA,NA,https://www.stuttcars.com/wp-content/uploads/2016/04/Porsche-928-S4-Guide.png,https://www.stuttcars.com/1987-1993-porsche-928-s4/,The 928 S4 variant debuted as a 1987 model with an updated 5.0 L V8 for all markets
Porsche,944 S Coupe,Porsche 944 S Coupe (1987 – 1988),944,944,944,1987,The Rest of the Porsche Model Guides,Road,inline-4,front,2500,193,6000,230,4300,229,NA,NA,NA,NA,NA,https://www.stuttcars.com/wp-content/uploads/2021/09/49140_Front_3-4_Web.jpeg,https://www.stuttcars.com/porsche-944-s-coupe/,"In 1987 Porsche debuted the 944 S, with a higher performance version of the naturally aspirated four cylinder engine."
Porsche,911 Carrera Commemorative Edition,Porsche 911 Carrera Commemorative Edition (1988),911,911,911,1988,Porsche 911 Model Guides,Road,flat-6,rear,3200,234,5900,283,4800,245,NA,NA,NA,NA,NA,https://www.stuttcars.com/wp-content/uploads/2021/12/Porsche-911-Commemorative-Edition-27.jpeg,https://www.stuttcars.com/porsche-911-carrera-commemorative-edition-1988/,Porsche built just 875 examples of the CE or Commemorative Edition 911 Carrera
Porsche,928 S4 CS/SE,Porsche 928 S4 CS/SE (1988-1989),928,928,928,1988,The Rest of the Porsche Model Guides,Road,NA,front,NA,NA,NA,NA,NA,NA,NA,NA,NA,NA,NA,https://www.stuttcars.com/wp-content/uploads/2016/04/1988_Porsche_928S4Clubsport2.jpg,https://www.stuttcars.com/porsche-928-s4-clubsport-se/,The regular Porsche 928 is a fine grand tourer but not as sharp to drive on a track as its 911 sibling. The 928 Club Sport introduced in 1988 set out to change that by reducing weight and making the 928 more engaging to drive.
Porsche,930 Turbo SE G50 ‘Flachbau’ Cabriolet,Porsche 930 Turbo SE G50 ‘Flachbau’ Cabriolet (1988 – 1989),911,930,930,1988,Porsche 911 Model Guides,Road,NA,rear,NA,NA,NA,NA,NA,NA,NA,NA,NA,NA,NA,https://www.stuttcars.com/wp-content/uploads/2021/02/porsche_slantnose_1.jpg,https://www.stuttcars.com/porsche-930-turbo-se-g50-flachbau-cabriolet/,"Only 50 were ever built, this is a one of seven, now listed for auction."
Porsche,969,Porsche 969 (1988),911,969,969,1988,Porsche Concept Car Guides,Concept,NA,rear,NA,NA,NA,NA,NA,NA,NA,NA,NA,NA,NA,https://www.stuttcars.com/wp-content/uploads/2020/09/Porsche-969.jpg,https://www.stuttcars.com/porsche-969/,"Intended as the successor to the Porsche 930, the car did not get past the prototype stage."
Porsche,911 3.2 Speedster,Porsche 911 3.2 Speedster (1989),911,911,911,1989,Porsche 911 Model Guides,Road,flat-6,rear,3200,234,5900,264,4800,245,NA,NA,NA,NA,NA,https://www.stuttcars.com/wp-content/uploads/2016/04/1989-Porsche-Speedster-6-1400x788-1.jpg,https://www.stuttcars.com/porsche-911-speedster-1989/,The Last Air Cooled 911 To Get RS Initials
Porsche,911 Carrera 25th Anniversary Edition,Porsche 911 Carrera 25th Anniversary Edition (1989),911,911,911,1989,Porsche 911 Model Guides,Road,flat-6,rear,3200,234,5900,283,4800,245,NA,NA,NA,NA,NA,https://www.stuttcars.com/wp-content/uploads/2021/12/Porsche-911-Carrera-25th-Anniversary-Edition-1.jpeg,https://www.stuttcars.com/porsche-911-carrera-25th-anniversary-edition-1989/,Porsche built just 300 coupe and 200 cabriolet special editions
Porsche,911 Carrera 4 Coupe,Porsche 911 Carrera 4 Coupe (964) (1989 – 1994),911,964,911,1989,Porsche 911 Model Guides,Road,flat-6,rear,3600,253,6100,310,4800,261,NA,NA,NA,NA,NA,https://www.stuttcars.com/wp-content/uploads/2021/10/1989_porsche_911_carrera_4_16249091212650f85ffb1e2IMG_7223.jpeg,https://www.stuttcars.com/porsche-911-carrera-4-coupe-964-1989-1994/,The Type 964 911 first launch with an all wheel drive model. It was a serious investment by Porsche in updating the chassis and tech platform.
Porsche,911 Turbo LE,Porsche 911 Turbo LE (930) (1989),911,930,911,1989,Porsche 911 Model Guides,Road,flat-6,rear,3300,335,5750,431,4000,278,NA,NA,NA,NA,NA,https://www.stuttcars.com/wp-content/uploads/2016/04/1989-Porsche-911-Turbo-LE-8.jpeg,https://www.stuttcars.com/porsche-911-turbo-limited-edition-1989/,"A special, limited-edition 'LE' batch of 50 Turbos were made before the new 964 911 was launched"
Porsche,928 GT,Porsche 928 GT (1989 – 1991),928,928,928,1989,The Rest of the Porsche Model Guides,Road,V8,front,5000,335,6200,430,3000,270,NA,NA,NA,NA,NA,https://www.stuttcars.com/wp-content/uploads/2016/04/Porsche-928-GT-1989-1991-Guide.jpeg,https://www.stuttcars.com/1989-1991-porsche-928-gt/,"In 1989, 928 buyers had the choice between the S4 or the GT, a better-equipped, manual-only car."
Porsche,944 S2 Cabriolet,Porsche 944 S2 Cabriolet (1989 – 1991),944,944,944,1989,The Rest of the Porsche Model Guides,Road,inline-4,front,3000,211,5800,281,4100,240,NA,NA,NA,NA,NA,https://www.stuttcars.com/wp-content/uploads/2021/09/1280px-1991_Porsche_944_Convertible_10333936763.jpeg,https://www.stuttcars.com/porsche-944-s2-cabriolet/,"The S2 was also available as a cabriolet, a first for the 944 line."
Porsche,944 S2 Coupe,Porsche 944 S2 Coupe (1989 – 1991),944,944,944,1989,The Rest of the Porsche Model Guides,Road,inline-4,front,3000,211,5800,281,4100,240,NA,NA,NA,NA,NA,https://www.stuttcars.com/wp-content/uploads/2021/09/Porsche-944-S2-Coupe-1989-1991.jpeg,https://www.stuttcars.com/porsche-944-s2-coupe/,"In 1989 the S2 upped the performance with its 3.0 liter four cylinder engine, producing 208 hp."
Porsche,Panamericana,Porsche Panamericana (1989),Panamericana,NA,NA,1989,Porsche Concept Car Guides,Concept,NA,rear,NA,NA,NA,NA,NA,NA,NA,NA,NA,NA,NA,https://www.stuttcars.com/wp-content/uploads/2020/09/1989-porsche-panamericana-concept.jpg,https://www.stuttcars.com/porsche-panamericana/,"When Dr. Ferry Porsche turned 80 years old, he received a 1989 Porsche Panamericana concept car as a gift."
Porsche,911 Carrera 2 Cabriolet,Porsche 911 Carrera 2 Cabriolet (964) (1990 – 1994),911,964,911,1990,Porsche 911 Model Guides,Road,flat-6,rear,3600,253,6100,310,4800,261,NA,NA,NA,NA,NA,https://www.stuttcars.com/wp-content/uploads/2021/10/Porsche-911-Carrera-2-Cabriolet-964-1990-1994.jpeg,https://www.stuttcars.com/porsche-911-carrera-2-cabriolet-964-1990-1994/,Just like the C2 coupe but with a fabric roof and open top fun
Porsche,911 Carrera 2 Coupe,Porsche 911 Carrera 2 Coupe (964) (1990 – 1994),911,964,911,1990,Porsche 911 Model Guides,Road,flat-6,rear,3600,253,6100,310,4800,261,NA,NA,NA,NA,NA,https://www.stuttcars.com/wp-content/uploads/2021/10/Porsche-911-Carrera-2-Coupe-964-1990-1994.png,https://www.stuttcars.com/porsche-911-carrera-2-coupe-964-1990-1994/,Looked like C4 but was 200 lb lighter and more fun to drive
Porsche,911 Carrera 2 Targa,Porsche 911 Carrera 2 Targa (964) (1990 – 1993),911,964,911,1990,Porsche 911 Model Guides,Road,flat-6,rear,3600,253,6100,310,4800,261,NA,NA,NA,NA,NA,https://www.stuttcars.com/wp-content/uploads/2021/10/Porsche-911-Carrera-2-Targa-964-1990-1993.jpeg,https://www.stuttcars.com/porsche-911-carrera-2-targa-964-1990-1993/,Last generation Targa with traditional removable Targa roof (till 991)
Porsche,911 Carrera 4 Cabriolet,Porsche 911 Carrera 4 Cabriolet (964) (1990 – 1994),911,964,911,1990,Porsche 911 Model Guides,Road,flat-6,rear,3600,253,6100,310,4800,261,NA,NA,NA,NA,NA,https://www.stuttcars.com/wp-content/uploads/2016/04/Porsche-911-Carrera-4-Cabriolet-964.jpeg,https://www.stuttcars.com/porsche-911-carrera-4-cab-964-1990-1994/,Just like the coupe in every way but with a fabric roof and open top fun.
Porsche,911 Carrera 4 Targa,Porsche 911 Carrera 4 Targa (964) (1990 – 1993),911,964,911,1990,Porsche 911 Model Guides,Road,flat-6,rear,3600,253,6100,310,4800,261,NA,NA,NA,NA,NA,https://www.stuttcars.com/wp-content/uploads/2021/10/Porsche-911-Carrera-4-Targa-964-1990-1993.jpeg,https://www.stuttcars.com/porsche-911-carrera-4-targa-964-1990-1993/,Last generation Targa with traditional removable Targa roof (till 991)
Porsche,911 Carrera Cup,Porsche 911 Carrera Cup (964) (1990 – 1992),911,964,911,1990,Porsche 911 Model Guides,Road,flat-6,rear,3600,264,6100,325,4800,NA,NA,NA,NA,NA,NA,https://www.stuttcars.com/wp-content/uploads/2017/04/s_porsche-964-carrera-cup-4055-gs.jpg,https://www.stuttcars.com/1991-carrera-cup-contender/,"It had long been Porsche’s goal to participate in motorsport at varying levels, and in an effort to nurture new talent from amongst its customer racing base, a new customer racing series was being planned. 1990 marked the birth of the one-make motor racing series which has today become the envy of the motoring industry, the Porsche Carrera Cup. This year marks the 28th anniversary of the world’s best known one-make race series, and our story involves a familiar race car that was a 1991 Carrera Cup contender."
Porsche,911 Carrera 4 Leichtbau,Porsche 911 Carrera 4 Leichtbau (964) (1991),911,964,911,1991,Porsche 911 Model Guides,Road,flat-6,rear,3600,304,6500,359,5250,201,NA,NA,NA,NA,NA,https://www.stuttcars.com/wp-content/uploads/2016/04/porsche_911_carrera_4_leichtbau_coupe_72_01ad00900bba08cc-1.jpg,https://www.stuttcars.com/porsche-911-carrera-4-leichtbau/,"Ultra-rare and super-focused, the 964 C4 Lightweight is arguably peak Porsche 964 Carrera. Just 22 examples were made in 1991."
Porsche,911 Turbo 3.3,Porsche 911 Turbo 3.3 (964) (1991 – 1992),911,964,911,1991,Porsche 911 Model Guides,Road,flat-6,rear,3300,324,5750,450,4500,270,NA,NA,NA,NA,NA,https://www.stuttcars.com/wp-content/uploads/2016/04/1993_Porsche_911Turbo36Coup1-1.jpg,https://www.stuttcars.com/porsche-911-turbo-3-3-coupe/,"Revised 964 body, extended arches and 'teatray' wing. 3.3 liter engine a carryover."
Porsche,944 Turbo Cabriolet,Porsche 944 Turbo Cabriolet (1991),944,944,944,1991,The Rest of the Porsche Model Guides,Road,inline-4,front,2500,253,6000,350,4000,261,NA,NA,NA,NA,NA,https://www.stuttcars.com/wp-content/uploads/2016/04/1991_Porsche_944TurboCabriolet1.jpg,https://www.stuttcars.com/porsche-944-turbo-cabriolet/,"In February 1991, Porsche released the 944 Turbo Cabriolet, which combined the Turbo S’s 250 bhp engine with the cabriolet body. It was the last iteration of the 944 Turbo was the 944 Turbo Cabriolet. This was a 944 Turbo S with a special cabriolet body made by the American Sunroof Company (ASC) of Weinsberg, Germany, who also made the bodies for the 944 S2 Cabriolet."
Porsche,989,Porsche 989 (1991),989,989,989,1991,Porsche Concept Car Guides,Concept,NA,front,NA,NA,NA,NA,NA,NA,NA,NA,NA,NA,NA,https://www.stuttcars.com/wp-content/uploads/2020/09/Porsche-989-Concept.png,https://www.stuttcars.com/porsche-989/,A four door performance sedan concept that maintained the iconic shape of the 911 Carrera
Porsche,Koenig-Specials C62,Koenig-Specials C62 (1991),C62,NA,NA,1991,Porsche Race Car Guides,Competition,NA,NA,NA,NA,NA,NA,NA,NA,NA,NA,NA,NA,NA,https://www.stuttcars.com/wp-content/uploads/2016/01/maxresdefault-1-1.jpg,https://www.stuttcars.com/1991-koenig-specials-c62/,"One of the more notorious tuners is Koenig Specials. As the focus of the company has been to offer body parts, and conversion-kits, Koenig has made some truly outrageous show cars. It is hard to decide which is their most radical, because among the top cars is a Twin Turbo Ferrari F50, a 1000 horsepower Ferrari Testarossa or and a road going version of Porsche’s 962 prototype racecar. In any case, these products aren’t for the faint, nor people interested in originality, instead race-bred performance."
Porsche,911 America Roadster,Porsche 911 America Roadster (964) (1992 – 1993),911,964,911,1992,Porsche 911 Model Guides,Road,flat-6,rear,3600,253,6100,310,4800,261,NA,NA,NA,NA,NA,https://www.stuttcars.com/wp-content/uploads/2021/10/Porsche-911-America-Roadster-964-1992-1993.png,https://www.stuttcars.com/porsche-911-america-roadster-964-1992-1993/,US version of the Turbo-look C2 Cabriolet
Porsche,911 Carrera 2 Cabriolet (Turbo-Look),Porsche 911 Carrera 2 Cabriolet (Turbo-Look) (964) (1992 – 1993),911,964,911,1992,Porsche 911 Model Guides,Road,flat-6,rear,3600,253,6100,310,4800,261,NA,NA,NA,NA,NA,https://www.stuttcars.com/wp-content/uploads/2021/10/Porsche-911-Carrera-2-Cabriolet-Turbo-Look-964-1992-1993.jpeg,https://www.stuttcars.com/porsche-911-carrera-2-cabriolet-turbo-look-964-1992-1993/,"Body, chassis and braking system and wheels from the 911 Turbo 3.3"
Porsche,911 Carrera RS,Porsche 911 Carrera RS (964) (1992 – 1994),911,964,911,1992,Porsche 911 Model Guides,Road,flat-6,rear,3600,264,6100,310,4800,261,NA,NA,NA,NA,NA,https://www.stuttcars.com/wp-content/uploads/2016/04/1098455-1024-1.jpg,https://www.stuttcars.com/porsche-911-carrera-rs-1992-1994/,"The Porsche Carrera RS (964 RS) Was An Epic, Lightweight, Stripped Down Road Racer"
Porsche,911 Carrera RS Competition,Porsche 911 Carrera RS Competition (1992),911,911,911,1992,Porsche 911 Model Guides,Road,flat-6,rear,3600,264,6100,310,4800,278,NA,NA,NA,NA,NA,https://www.stuttcars.com/wp-content/uploads/2016/04/1992_Porsche_911CarreraRSCompetition1.jpg,https://www.stuttcars.com/porsche-911-carrera-rs-competition-1992/,For race teams and track day customers Porsche prepared a small number of the 964 Cup cars according to the FIA NG-T regulations.
Porsche,911 Turbo S 3.3,Porsche 911 Turbo S 3.3 (964) (1992 – 1993),911,964,911,1992,Porsche 911 Model Guides,Road,flat-6,rear,3300,386,6000,491,4800,290,NA,NA,NA,NA,NA,https://www.stuttcars.com/wp-content/uploads/2016/04/1993_Porsche_911TurboS33-0-1024.jpg,https://www.stuttcars.com/porsche-911-turbo-s-3-3/,400 lbs lighter than standard Turbo. Power boosted by 61 bhp. RS-spec suspension.
Porsche,911 Turbo S2,Porsche 911 Turbo S2 (964) (1992),911,964,911,1992,Porsche 911 Model Guides,Road,flat-6,rear,3300,326,5750,450,4500,NA,NA,NA,NA,NA,NA,https://www.stuttcars.com/wp-content/uploads/2021/10/Porsche-911-Turbo-S2-964-1992.png,https://www.stuttcars.com/porsche-911-turbo-s2-964/,"This is a road-legal variant of a race car version of a production road car, and an often forgotten part of the 964's history."
Porsche,928 GTS,Porsche 928 GTS (1992 – 1995),928,928,928,1992,The Rest of the Porsche Model Guides,Road,V8,front,5400,355,5700,500,4250,275,NA,NA,NA,NA,NA,https://www.stuttcars.com/wp-content/uploads/2016/11/Porsche-928-GTS-Guide.jpeg,https://www.stuttcars.com/1992-1995-porsche-928-gts/,The last evolutionary stage of the 928 model featured sharp looks and an epic 5.4 liter V8.
Porsche,968 Cabriolet,Porsche 968 Cabriolet (1992 – 1995),968,968,968,1992,The Rest of the Porsche Model Guides,Road,inline-4,front,3000,239,6200,305,4100,251,NA,NA,NA,NA,NA,https://www.stuttcars.com/wp-content/uploads/2021/09/1994-porsche-968-cabriolet-could-become-affordable-ticket-into-youngtimer-club-148879_1.jpeg,https://www.stuttcars.com/porsche-968-cabriolet/,Cabriolets came with reinforced bodyshells to compensate for the lack of a roof.
Porsche,968 Coupe,Porsche 968 Coupe (1992 – 1995),968,968,968,1992,The Rest of the Porsche Model Guides,Road,inline-4,front,3000,239,6200,305,4100,251,NA,NA,NA,NA,NA,https://www.stuttcars.com/wp-content/uploads/2021/09/Porsche-968-Coupe-1992-1995.jpeg,https://www.stuttcars.com/porsche-968-coupe/,"In 1982 it launched the 944 model, which used a front-engine and rear-wheel-drive. By 1991, the outdated model required a replacement. That was the 968."
Porsche,968 Turbo RS,Porsche 968 Turbo RS (1992 – 1993),968,968,968,1992,Porsche Race Car Guides,Competition,inline-4,front,3000,355,5400,500,3000,254,NA,NA,NA,NA,NA,https://www.stuttcars.com/wp-content/uploads/2016/04/1027524.jpg,https://www.stuttcars.com/porsche-968-turbo-rs/,"In 1992, Porsche introduced the 968 Turbo RS racecar which it developed to compete in the new ADAC GT racing series in Germany."
Porsche,911 Carrera 3.8 RSR,Porsche 911 Carrera 3.8 RSR (1993 – 1994),911,911,911,1993,Porsche 911 Model Guides,Road,flat-6,rear,3800,304,6500,359,5250,291,NA,NA,NA,NA,NA,https://www.stuttcars.com/wp-content/uploads/2021/10/VE17_r134_015.jpeg,https://www.stuttcars.com/porsche-911-carrera-3-8-rsr-964/,"An all-out racing car. The RSR 3.8 could be delivered to the track in a race-ready, ‘just-add-driver’ form."
Porsche,911 Carrera RS 3.8,Porsche 911 Carrera RS 3.8 (964)(1993),911,964,911,1993,Porsche 911 Model Guides,Road,flat-6,rear,3800,304,6500,359,5250,272,NA,NA,NA,NA,NA,https://www.stuttcars.com/wp-content/uploads/2021/10/Porsche-911-Carrera-RS-3.8-134259.jpg,https://www.stuttcars.com/porsche-911-carrera-rs-3-8-964/,"Lightweight Turbo body, large rear wing and 18-inch Speedline wheels. Power came from a new 3.8-litre unit. A legend."
Porsche,911 RS America,Porsche 911 RS America (964) (1993 – 1994),911,964,911,1993,Porsche 911 Model Guides,Road,flat-6,rear,3600,253,6100,310,4800,264,NA,NA,NA,NA,NA,https://www.stuttcars.com/wp-content/uploads/2016/04/621970.jpeg,https://www.stuttcars.com/porsche-911-rs-america/,"Lightened, limited edition, performance version for the U.S market."
Porsche,911 Speedster,Porsche 911 Speedster (964) (1993 – 1994),911,964,911,1993,Porsche 911 Model Guides,Road,flat-6,rear,3600,253,6100,310,4800,259,NA,NA,NA,NA,NA,https://www.stuttcars.com/wp-content/uploads/2016/04/604095.jpg,https://www.stuttcars.com/porsche-911-964-speedster/,964 body with the hood and windscreen of the Carrera 3.2 Speedster
Porsche,911 Speedster (Turbo-Look),Porsche 911 Speedster (Turbo-Look) (964) (1993 – 1994),911,964,911,1993,Porsche 911 Model Guides,Road,flat-6,rear,3600,253,6100,310,4800,259,NA,NA,NA,NA,NA,https://www.stuttcars.com/wp-content/uploads/2021/10/Porsche-911-Speedster-Turbo-Look-964.png,https://www.stuttcars.com/porsche-911-speedster-turbo-look-964-1993-1994/,15 Speedster got skunkworks love and got the widened Turbo body shell
Porsche,911 Turbo 3.6,Porsche 911 Turbo 3.6 (964) (1993 – 1994),911,964,911,1993,Porsche 911 Model Guides,Road,flat-6,rear,3600,365,5500,521,4200,280,NA,NA,NA,NA,NA,https://www.stuttcars.com/wp-content/uploads/2020/05/1_s_porsche-964-turbo-3.6-1993_1306-gs.jpg,https://www.stuttcars.com/reaching-maturity-porsches-964-turbo-3-6/,Engine based on modified 3.6 litre 964 unit. Speedline wheels with big red brake calipers.
Porsche,911 Turbo Cabriolet,Porsche 911 Turbo Cabriolet (964) (1993),911,964,911,1993,Porsche 911 Model Guides,Road,flat-6,rear,3600,385,5750,521,5000,280,NA,NA,NA,NA,NA,https://www.stuttcars.com/wp-content/uploads/2021/10/Porsche-911-964-Turbo-Cabriolet-Exclusive-02.jpeg,https://www.stuttcars.com/porsche-911-turbo-cabriolet-964-1993/,"Built by Porsche Exclusive in 1993, only a handful of these custom cars were built for discerning buyers."
Porsche,911 ’30 Jahre’ Anniversary,Porsche 911 ’30 Jahre’ Anniversary (964) (1993 – 1994),911,964,911,1993,Porsche 911 Model Guides,Road,flat-6,rear,3600,253,6100,310,4800,261,NA,NA,NA,NA,NA,https://www.stuttcars.com/wp-content/uploads/2021/10/Porsche-911-30-Jahre-Anniversary-964-1993.png,https://www.stuttcars.com/porsche-911-30-jahre-anniversary-964-1993/,"""30 jahre"" anniversary 964 utilised a ""Turbo"" wide body melded to the four-wheel drive Carrera running gear."
Porsche,Boxster Concept,Porsche Boxster Concept (1993),Boxster,NA,NA,1993,Porsche Boxster & Cayman Model Guides,Road,NA,mid,NA,NA,NA,NA,NA,NA,NA,NA,NA,NA,NA,https://www.stuttcars.com/wp-content/uploads/2020/09/this-is-the-car-that-started-the-porsche-boxster-story-25-years-ago-122652_1.jpeg,https://www.stuttcars.com/porsche-boxster-concept/,Premiere on January 6 1993 at NAIAS North American International Auto Show in Detroit
Porsche,911 Cabriolet,Porsche 911 Cabriolet (993) (1994 – 1997),911,993,911,1994,Porsche 911 Model Guides,Road,flat-6,rear,3600,272,6100,329,5000,275,NA,NA,NA,NA,NA,https://www.stuttcars.com/wp-content/uploads/2023/04/Porsche-993-buyers-guide-1995_Porsche_911CarreraCabriolet-0-1024-art-scale-2_00x-1-e1700157527836.jpg,https://www.stuttcars.com/porsche-911-cabriolet-1994-1997/,"The 993 initially launched with two models: the rear-wheel-drive Carrera and all-wheel-drive Carrera 4 in both coupe and cabriolet body styles. The M64/01 3.6-liter 964 engine layout was retained but refined. The crankshaft vibration dampener was eliminated in the 993. Hydraulic valve lifters were utilized for the first time in a 911 engine, valve weight was reduced, plus the 993 exhaust system was completely redesigned. When the 993’s M64/05 engine went into production it was rated at 272 horsepower at 6,100 rpm and 243 pound-feet of torque at 5,000 rpm. Also, Porsche changed the G50 manual transmission and added a sixth gear; this gave the normally aspirated (NA) 993 a top speed of 168 miles per hour."
Porsche,911 Carrera,Porsche 911 Carrera (993) (1994 – 1997),911,993,911,1994,Porsche 911 Model Guides,Road,flat-6,rear,3600,272,6100,329,5000,275,NA,NA,NA,NA,NA,https://www.stuttcars.com/wp-content/uploads/2016/04/1994_Porsche_911Carrera-0-1024.jpg,https://www.stuttcars.com/porsche-911-carrera-1994-1997/,"Introduced in late 1994 the standard 911 Carrera of the 993 generation was fitted with a development of the M64 3.6-liter flat six that had been found in the prior 964 generation. With a redesigned exhaust system and new hydraulic lifters, the engine produced 272 horsepower. For the 1996 model year, a Targa variant was introduced, and a variable intake runner system (called VarioRam) was added to the entire Carrera lineup, bumping horsepower to 285. Approximately 23,000 coupes were built, 15,500 cabriolets, and 4,500 Targa’s, in both manual and automatic (Tiptronic) transmission. Overlapping with the last year of production, it was replaced by the 911 Carrera of the 996 generation for model year 1998. This post focuses on the base coupe version."
Porsche,911 Carrera 4 (Turbo-Look),Porsche 911 Carrera 4 (Turbo-Look) (964) (1994),911,964,911,1994,Porsche 911 Model Guides,Road,flat-6,rear,3600,253,6100,310,4800,261,NA,NA,NA,NA,NA,https://www.stuttcars.com/wp-content/uploads/2021/10/Porsche-911-Carrera-4-Turbo-Look-1994.jpeg,https://www.stuttcars.com/porsche-911-carrera-4-turbo-look-964-1994/,Model year 1994. Carrera 4 Wide-Body for the U.S
Porsche,911 Cup 3.8,Porsche 911 Cup 3.8 (993) (1994 – 1998),911,993,911,1994,Porsche 911 Model Guides,Road,flat-6,rear,3600,314,6100,NA,NA,280,NA,NA,NA,NA,NA,https://www.stuttcars.com/wp-content/uploads/2021/11/Porsche-911-Cup-3.8-993-1994-1998.jpeg,https://www.stuttcars.com/porsche-911-cup-3-8-993-1994-1998/,Developed at Porsche’s race department using the platform of their new 993 Carrera 2
Porsche,911 Turbo 3.6 S,Porsche 911 Turbo 3.6 S (964) (1994),911,964,911,1994,Porsche 911 Model Guides,Road,flat-6,rear,3600,385,5750,521,5000,280,NA,NA,NA,NA,NA,https://www.stuttcars.com/wp-content/uploads/2016/04/Screenshot-2019-10-22-17.01.50.png,https://www.stuttcars.com/porsche-911-turbo-3-6-s-1994/,'36S' package included body kit and mighty X88 'S' motor. 19 non 'slant nose' or Package cars were made for USA.
Porsche,911 Turbo 3.6 S “Flatnose”,Porsche 911 Turbo 3.6 S “Flatnose” (964) (1994),911,964,911,1994,Porsche 911 Model Guides,Road,flat-6,rear,3600,385,5750,521,5000,280,NA,NA,NA,NA,NA,https://www.stuttcars.com/wp-content/uploads/2021/10/1994-porsche-911-3-6-turbo-flatnose-rhd_100554025.jpeg,https://www.stuttcars.com/porsche-911-turbo-3-6-s-flatnose-964-1994/,Final hurrah for 964 Turbo. Special Turbo 3.6 S was made available in flachbau 'slant nose' option.
Porsche,968 Sport,Porsche 968 Sport (1994 – 1995),968,968,968,1994,The Rest of the Porsche Model Guides,Road,inline-4,front,3000,239,6200,305,4100,257,NA,NA,NA,NA,NA,https://www.stuttcars.com/wp-content/uploads/2021/09/Porsche-968-Sport.jpeg,https://www.stuttcars.com/porsche-968-sport/,"A UK-only version called ""968 Sport"", was offered in 1994 and 1995, and was essentially a Club Sport model"
Porsche,C88,Porsche C88 (1994),C88,NA,NA,1994,Porsche Concept Car Guides,Concept,NA,front,NA,NA,NA,NA,NA,NA,NA,NA,NA,NA,NA,https://www.stuttcars.com/wp-content/uploads/2020/09/Porsche-C-88-design-study.jpg,https://www.stuttcars.com/porsche-c88/,Porsche's Attempt At Creating The Chinese People's Car
Porsche,911 Carrera 4,Porsche 911 Carrera 4 (993) (1995 – 1997),911,993,911,1995,Porsche 911 Model Guides,Road,flat-6,rear,3600,272,6100,329,5000,275,NA,NA,NA,NA,NA,https://www.stuttcars.com/wp-content/uploads/2016/04/993-911-4.png,https://www.stuttcars.com/porsche-911-carrera-4-1995-1997/,Porsche heavily revised their four-wheel drive system to distribute power to the front and rear wheels.
Porsche,911 Carrera 4 Cabriolet,Porsche 911 Carrera 4 Cabriolet (993) (1995 – 1997),911,993,911,1995,Porsche 911 Model Guides,Road,flat-6,rear,3600,272,6100,329,5000,275,NA,NA,NA,NA,NA,https://www.stuttcars.com/wp-content/uploads/2021/11/Porsche-911-Carrera-4-Cabriolet-993--e1700158034691.jpeg,https://www.stuttcars.com/porsche-911-carrera-4-cabriolet-993-1995-1997/,Porsche heavily revised their four-wheel drive system to distribute power to the front and rear wheels.
Porsche,911 Carrera RS 3.8,Porsche 911 Carrera RS 3.8 (993) (1995 – 1996),911,993,911,1995,Porsche 911 Model Guides,Road,flat-6,rear,3800,304,6500,355,5400,277,NA,NA,NA,NA,NA,https://www.stuttcars.com/wp-content/uploads/2016/04/1995_Porsche_911CarreraRS381.jpg,https://www.stuttcars.com/porsche-911-carrera-rs-3-8-1995-1996/,The RS 3.8 is the ultimate lightweight special edition 911 of the 993 generation
Porsche,911 Carrera RS 3.8 Clubsport,Porsche 911 Carrera RS 3.8 Clubsport (993) (1995 – 1996),911,993,911,1995,Porsche 911 Model Guides,Road,flat-6,rear,3800,304,6500,355,5400,277,NA,NA,NA,NA,NA,https://www.stuttcars.com/wp-content/uploads/2016/04/1996_Porsche_911CarreraRS38Clubsport1.jpg,https://www.stuttcars.com/porsche-911-carrera-rs-993-1995-1996/,The last air cooled 911 to get RS initials
Porsche,911 GT2,Porsche 911 GT2 (993) (1995 – 1998),911,993,911,1995,Porsche 911 Model Guides,Road,flat-6,rear,3600,430,5750,542,4500,299,NA,NA,NA,NA,NA,https://www.stuttcars.com/wp-content/uploads/2016/04/1998_Porsche_911GT1.jpeg,https://www.stuttcars.com/porsche-911-gt2-993-1995-1998/,Built to meet homologation requirements for the GT2 class racing
Porsche,911 GT2 Clubsport,Porsche 911 GT2 Clubsport (993) (1995 – 1996),911,993,911,1995,Porsche 911 Model Guides,Road,flat-6,rear,3600,456,5750,586,3500,299,NA,NA,NA,NA,NA,https://www.stuttcars.com/wp-content/uploads/2021/11/1996-porsche-911-gt2-clubsport-993-gen-rare-german-supercar-classic-rm-sothebys-auction-2.jpeg,https://www.stuttcars.com/porsche-911-gt2-clubsport-993-1995-1996/,The ultimate air-cooled 911. Only 20 units ever made.
Porsche,911 GT2 Race,Porsche 911 GT2 Race (993) (1995 – 1996),911,993,911,1995,Porsche 911 Model Guides,Road,flat-6,rear,3600,456,5750,666,5000,301,NA,NA,NA,NA,NA,https://www.stuttcars.com/wp-content/uploads/2021/11/action-packed-track-footage-shows-why-the-porsche-993-gt2-is-the-king-of-911s_4.jpeg,https://www.stuttcars.com/porsche-911-gt2-993-1995-1996/,Combined the RSR’s purity of purpose with a tuned version of the 993 Turbo’s twin-turbo engine
Porsche,911 Speedster,Porsche 911 Speedster (993) (1995),911,993,911,1995,Porsche 911 Model Guides,Road,flat-6,rear,3600,286,6100,340,5250,275,NA,NA,NA,NA,NA,https://www.stuttcars.com/wp-content/uploads/2021/10/b-DSC_0639.jpeg,https://www.stuttcars.com/porsche-911-speedster-993-1995/,Only two 993 Speedsters were ever made
Porsche,911 Turbo,Porsche 911 Turbo (993) (1995 – 1998),911,993,911,1995,Porsche 911 Model Guides,Road,flat-6,rear,3600,414,5750,540,4500,290,NA,NA,NA,NA,NA,https://www.stuttcars.com/wp-content/uploads/2016/04/1098812-1024.jpg,https://www.stuttcars.com/porsche-911-turbo-993-1995-1998/,The Turbo is the most accomplished air cooled 911 Turbo of them all. This was the first all-wheel-drive 911 Turbo and the last of the aircooled 911s.
Porsche,911 Turbo Cabriolet,Porsche 911 Turbo Cabriolet (993) (1995),911,993,911,1995,Porsche 911 Model Guides,Road,flat-6,rear,3600,365,5500,521,4200,280,NA,NA,NA,NA,NA,https://www.stuttcars.com/wp-content/uploads/2021/10/1995-Porsche-911-Turbo-Cabriolet-12.jpeg,https://www.stuttcars.com/porsche-911-turbo-cabriolet-1995/,"To the average Porsche customer and enthusiast, the 993 Turbo Cabriolet technically never existed"
Porsche,911 Carrera 4S,Porsche 911 Carrera 4S (993) (1996 – 1998),911,993,911,1996,Porsche 911 Model Guides,Road,flat-6,rear,3600,286,6100,340,5250,270,NA,NA,NA,NA,NA,https://www.stuttcars.com/wp-content/uploads/2016/04/1995_Porsche_911Carrera4S-0-1024.jpg,https://www.stuttcars.com/porsche-911-carrera-4s-1996-1998/,In 1995 Porsche introduced the larger Turbo bodywork on the Carrera 4 and called it the Carrera 4S.
Porsche,911 GT1,Porsche 911 GT1 (1996),911,911,911,1996,Porsche 911 Model Guides,Road,flat-6,rear,3200,608,7200,648,5500,330,NA,NA,NA,NA,NA,https://www.stuttcars.com/wp-content/uploads/2016/04/1996_Porsche_911GT1-2-1024.jpg,https://www.stuttcars.com/porsche-911-gt1-1996/,Designed and developed to compete in the GT1 class of sportscar racing. Good for 205 mph...
Porsche,911 GT1 Straßenversion,Porsche 911 GT1 Straßenversion (1996),911,911,911,1996,Porsche 911 Model Guides,Road,flat-6,rear,3200,552,7200,601,4250,309,NA,NA,NA,NA,NA,https://www.stuttcars.com/wp-content/uploads/2016/04/1012592.jpg,https://www.stuttcars.com/porsche-911-gt1-strasenversion-1996/,"Porsche developed two prototype cars, both fully road-legal versions."
Porsche,911 GT2 Evo,Porsche 911 GT2 Evo (993) (1996 – 1998),911,993,911,1996,Porsche 911 Model Guides,Road,flat-6,rear,3600,608,7000,666,5000,301,NA,NA,NA,NA,NA,https://www.stuttcars.com/wp-content/uploads/2016/04/1998_Porsche_911GT2Evo-0-1024.jpg,https://www.stuttcars.com/porsche-911-gt2-evo-993-1996-1998/,"To make its 993 GT2 even more radical, Porsche reduced its weight to 1,100 kg and fitted it with a larger turbo-charger"
Porsche,911 Targa,Porsche 911 Targa (993) (1996 – 1998),911,993,911,1996,Porsche 911 Model Guides,Road,flat-6,rear,3600,286,6100,340,5250,275,NA,NA,NA,NA,NA,https://www.stuttcars.com/wp-content/uploads/2016/04/1996_Porsche_911Targa-0-1024.jpg,https://www.stuttcars.com/porsche-911-targa-1996-1998/,In 1996 Porsche expanded their 911 range by offering a new take on the classic Targa.
Porsche,911 Carrera S,Porsche 911 Carrera S (993) (1997 – 1998),911,993,911,1997,Porsche 911 Model Guides,Road,flat-6,rear,3600,286,6100,340,5250,270,NA,NA,NA,NA,NA,https://www.stuttcars.com/wp-content/uploads/2021/11/PORSCHE-911-Carrera-S-993-2951_7.jpeg,https://www.stuttcars.com/porsche-911-carrera-s-993-1997-1998/,The Carrera S took the same mechanicals of the 993 Carrera and put them in the wide body of the Turbo.
Porsche,911 Cup 3.8 RSR,Porsche 911 Cup 3.8 RSR (993) (1997 – 1998),911,993,911,1997,Porsche 911 Model Guides,Road,NA,rear,NA,NA,NA,NA,NA,NA,NA,NA,NA,NA,NA,https://www.stuttcars.com/wp-content/uploads/2020/04/9_s_Porsche-993-Carrera-RSR-1997-Silverstone-Classic-2015-0114-gs.jpg,https://www.stuttcars.com/porsche-911-cup-3-8-rsr-last-of-the-breed/,"There were just thirty Porsche 911 Cup 3.8 RSR (Type 993) race cars produced for the 1997 season. This model was the last of the breed of air-cooled, naturally-aspirated 911 race cars to come from the Weissach race department before the introduction of the Type 996 water-cooled cars. To find a 993 3.8 RSR that participated in some of the world’s toughest endurance races in period, and survived unscathed and unmolested, is quite rare."
Porsche,911 GT1 Evolution,Porsche 911 GT1 Evolution (1997),911,911,911,1997,Porsche 911 Model Guides,Road,flat-6,rear,3200,552,7200,630,5500,311,NA,NA,NA,NA,NA,https://www.stuttcars.com/wp-content/uploads/2016/04/1997_Porsche_911GT1Evolution-0-1024.jpg,https://www.stuttcars.com/porsche-911-gt1-evolution-1997/,"Towards the end of the 1996 season, Porsche made revisions to the 911 GT1 in preparation for the 1997 season."
Porsche,911 GT1 Straßenversion,Porsche 911 GT1 Straßenversion (1997),911,911,911,1997,Porsche 911 Model Guides,Road,flat-6,rear,3200,552,7200,601,4250,309,NA,NA,NA,NA,NA,https://www.stuttcars.com/wp-content/uploads/2016/04/1997_Porsche_911GT1Straenversion1.jpg,https://www.stuttcars.com/porsche-911-gt1-strasenversion-1997/,Homologated roadgoing version of the ’97 911 GT1 Evolution racer
Porsche,911 Turbo S,Porsche 911 Turbo S (993) (1997 – 1998),911,993,911,1997,Porsche 911 Model Guides,Road,flat-6,rear,3600,430,5750,542,4500,296,NA,NA,NA,NA,NA,https://www.stuttcars.com/wp-content/uploads/2016/04/1997_Porsche_911TurboS-0-1024.jpg,https://www.stuttcars.com/porsche-911-turbo-s-993-1997-1998/,"The 993 Turbo coupé was introduced in 1995. It featured a new twin-turbocharged engine displacing 3.6 liters and generating a maximum power output of 402 hp. Air-to-air intercoolers, electronic engine management, redesigned cylinder heads and other modified engine internals completed the new engine. The 993 Turbo was the first 911 Turbo with all wheel drive, taken from the 959 flagship model. The electronic engine management helped the Turbo to achieve fuel efficiency far superior to its predecessors."
Porsche,Boxster,Porsche Boxster (1997 – 1999),Boxster,NA,NA,1997,Porsche Boxster & Cayman Model Guides,Road,flat-6,mid,2500,204,6000,245,4500,240,NA,NA,NA,NA,NA,https://www.stuttcars.com/wp-content/uploads/2016/04/1997_Porsche_Boxster1.jpg,https://www.stuttcars.com/porsche-boxster-1997-1999/,The Original Boxster
Porsche,911 Carrera,Porsche 911 Carrera (996) (1998 – 2001),911,996,911,1998,Porsche 911 Model Guides,Road,flat-6,rear,3400,300,6800,350,4600,280,NA,NA,NA,NA,NA,https://www.stuttcars.com/wp-content/uploads/2021/11/Porsche-911-Carrera-996-5.png,https://www.stuttcars.com/porsche-911-carrera-996-1998-2001/,The Water-Cooled Flat 6 Arrives
Porsche,911 Carrera Cabriolet,Porsche 911 Carrera Cabriolet (996) (1998 – 2001),911,996,911,1998,Porsche 911 Model Guides,Road,flat-6,rear,3400,300,6800,350,4600,280,NA,NA,NA,NA,NA,https://www.stuttcars.com/wp-content/uploads/2021/11/PORSCHE-911-Carrera-Cabriolet-996-2934_26.jpeg,https://www.stuttcars.com/porsche-911-carrera-cabriolet-996-1998-2001/,The Water-Cooled Flat 6 Arrives to The Open Top 911
Porsche,911 GT1 ’98,Porsche 911 GT1 ’98 (1998),911,911,911,1998,Porsche 911 Model Guides,Road,flat-6,rear,3200,558,7200,628,5000,NA,NA,NA,NA,NA,NA,https://www.stuttcars.com/wp-content/uploads/2016/04/1998_Porsche_911GT198-0-1024.jpg,https://www.stuttcars.com/porsche-911-gt198-winning-le-mans-in-1998/,The Porsche 911 GT1/98 – Winning Le Mans in 1998
Porsche,911 GT1 ’98 Straßenversion,Porsche 911 GT1 ’98 Straßenversion (1998),911,911,911,1998,Porsche 911 Model Guides,Road,flat-6,rear,3200,558,7200,588,6250,311,NA,NA,NA,NA,NA,https://www.stuttcars.com/wp-content/uploads/2016/04/1998_Porsche_911GT198Straenversion3-1.jpg,https://www.stuttcars.com/porsche-911-gt1-98-strasenversion-1998/,A single car - the 911 GT1-98 Straßenversion - was built in 1998 to homologate the all-new racing version
Porsche,911 GT3 Cup,Porsche 911 GT3 Cup (996) (1998 – 2005),911,996,911,1998,Porsche 911 Model Guides,Road,flat-6,rear,3600,340,NA,361,NA,NA,NA,NA,NA,NA,NA,https://www.stuttcars.com/wp-content/uploads/2016/04/1013349.jpg,https://www.stuttcars.com/porsche-911-gt3-cup-996/,"Built for racing, the 996 GT3 Cup served as the basis for the 996 GT3 road car."
Porsche,WSC-95 & Porsche LMP1-98,Porsche WSC-95 & Porsche LMP1-98 (1998),WSC-95 / LMP1-98,NA,NA,1998,Porsche Race Car Guides,Competition,NA,mid,NA,NA,NA,NA,NA,NA,NA,NA,NA,NA,NA,https://www.stuttcars.com/wp-content/uploads/2021/06/Joest_WSC95.jpeg,https://www.stuttcars.com/porsche-lmp1-98/,The Porsche WSC-95 was a Le Mans Prototype originally built by Tom Walkinshaw Racing. It was later upgraded to the Porsche LMP1-98 before being retired. Only two cars were ever built.
Porsche,911 Carrera 4 Cabriolet,Porsche 911 Carrera 4 Cabriolet (996) (1999 – 2001),911,996,911,1999,Porsche 911 Model Guides,Road,flat-6,rear,3400,300,6800,350,4600,280,NA,NA,NA,NA,NA,https://www.stuttcars.com/wp-content/uploads/2021/11/PORSCHE-911-Carrera-4-Cabriolet-996-2938_19.jpeg,https://www.stuttcars.com/porsche-911-carrera-4-cabriolet-996-1999-2001/,The all-wheel-drive system provides between 5-40% of torque to the front wheels depending on the situation
Porsche,911 Carrera 4 Coupe,Porsche 911 Carrera 4 Coupe (996) (1999 – 2001),911,996,911,1999,Porsche 911 Model Guides,Road,flat-6,rear,3400,300,6800,350,4600,280,NA,NA,NA,NA,NA,https://www.stuttcars.com/wp-content/uploads/2021/11/PORSCHE-911-Carrera-4-996-2921_21.jpeg,https://www.stuttcars.com/porsche-911-carrera-4-coupe-996-1998-2001/,Coming soon
Porsche,911 Carrera 4 Millennium Edition,Porsche 911 Carrera 4 Millennium Edition (996) (2000),911,996,911,2000,Porsche 911 Model Guides,Road,flat-6,rear,3400,300,6800,350,4600,280,NA,NA,NA,NA,NA,https://www.stuttcars.com/wp-content/uploads/2021/11/S19_0658_fine.jpg,https://www.stuttcars.com/porsche-911-carrera-4-millenium-edition-996-2000/,Millennium Edition models were finished in Chromaflair Violet over a brown natural leather interior
Porsche,911 GT3,Porsche 911 GT3 (996) (2000 – 2001),911,996,911,2000,Porsche 911 Model Guides,Road,flat-6,rear,3600,365,7200,370,5000,303,NA,NA,NA,NA,NA,https://www.stuttcars.com/wp-content/uploads/2016/04/2000_Porsche_911GT32.jpg,https://www.stuttcars.com/porsche-911-gt3-2000-2001/,The next-step in the evolution of the Carrera RS timeline
Porsche,911 GT3 R,Porsche 911 GT3 R (996) (2000),911,996,911,2000,Porsche 911 Model Guides,Road,flat-6,rear,3600,415,8200,380,7250,NA,NA,NA,NA,NA,NA,https://www.stuttcars.com/wp-content/uploads/2016/04/956226.jpg,https://www.stuttcars.com/porsche-911-gt3-r/,"In the 2000 FIA GT Championship, the 996 GT3 R was the dominant racer in the new N-GT class and won every run."
Porsche,9R3 “LMP 2000”,Porsche 9R3 “LMP 2000” (1999),9R3,NA,NA,2000,Porsche Race Car Guides,Competition,V10,mid,5500,NA,NA,NA,NA,NA,NA,NA,NA,NA,NA,https://www.stuttcars.com/wp-content/uploads/2021/06/Porsche-9R3-LMP-2000.png,https://www.stuttcars.com/porsche-lmp2000/,"The Porsche 9R3 was meant to address Audi's Le Mans dominance. Instead, it gave its V10 heart to the Carrera GT."
Porsche,Boxster,Porsche Boxster (2000 – 2002),Boxster,NA,NA,2000,Porsche Boxster & Cayman Model Guides,Road,flat-6,mid,2700,220,6000,260,4500,249,NA,NA,NA,NA,NA,https://www.stuttcars.com/wp-content/uploads/2016/04/PORSCHE-Boxster-986-2854_17.jpeg,https://www.stuttcars.com/porsche-boxster-2000-2002/,The 2.7 L Flat 6 Replaces the 2.5 L Flat 6 To Keep The Boxster Competitive
Porsche,Boxster S,Porsche Boxster S (2000 – 2002),Boxster,NA,NA,2000,Porsche Boxster & Cayman Model Guides,Road,flat-6,mid,3200,253,6250,305,4500,259,NA,NA,NA,NA,NA,https://www.stuttcars.com/wp-content/uploads/2016/04/2000_Porsche_BoxsterS1.jpg,https://www.stuttcars.com/porsche-boxster-s-2000-2002/,"In 2000, Porsche gave us the Boxster S, with a 3.2 liter naturally aspirated flat-6 and 250 hp."
Porsche,Carrera GT Concept,Porsche Carrera GT Concept (2000),Carrera GT,NA,NA,2000,Porsche Supercar Model Guides,Supercar,NA,mid,NA,NA,NA,NA,NA,NA,NA,NA,NA,NA,NA,https://www.stuttcars.com/wp-content/uploads/2016/04/2000_Porsche_CarreraGTConcept-1-1024.jpg,https://www.stuttcars.com/porsche-carrera-gt-concept/,"For the 2000 Paris Motor Show, Porsche prepared a concept supercar that eventually turned into a limited production car. The concept’s basic shape and specification were close the production version, which included a low-mounted V10 engine that was sourced from their scrapped Le Mans prototype program in 1999."
Porsche,911 GT2,Porsche 911 GT2 (996) (2001-2005),911,996,911,2001,Porsche 911 Model Guides,Road,flat-6,rear,3600,468,5700,620,3500,315,NA,NA,NA,NA,NA,https://www.stuttcars.com/wp-content/uploads/2016/04/2002_Porsche_911GT21-1.jpg,https://www.stuttcars.com/porsche-911-996-gt2/,Mezger 3.6-liter flat six with rear-wheel drive and amazing performance
Porsche,911 GT3 RS Race Car,Porsche 911 GT3 RS Race Car (996) (2001 – 2004),911,996,911,2001,Porsche 911 Model Guides,Road,flat-6,rear,3600,426,8200,389,7250,NA,NA,NA,NA,NA,NA,https://www.stuttcars.com/wp-content/uploads/2016/04/2001-Porsche-911-GT3-RS-Race-Car-996-2001-2004.png,https://www.stuttcars.com/porsche-911-gt3-rs-race-2001-2004/,"Modeled on the 911 GT3 R, the GT3 RS race cars offered a number of technical improvements"
Porsche,911 Turbo,Porsche 911 Turbo (996) (2001 – 2005),911,996,911,2001,Porsche 911 Model Guides,Road,flat-6,rear,3600,421,6000,563,2700,304,NA,NA,NA,NA,NA,https://www.stuttcars.com/wp-content/uploads/2016/04/2000_Porsche_911Turbo2.jpg,https://www.stuttcars.com/porsche-911-turbo-996-2001-2005/,"All-wheel drive, twin turbos, and a water-cooled flat-six"
Porsche,911 Carrera,Porsche 911 Carrera (996.2) (2002 – 2004),911,996.2,911,2002,Porsche 911 Model Guides,Road,flat-6,rear,3600,324,6800,370,4250,285,NA,NA,NA,NA,NA,https://www.stuttcars.com/wp-content/uploads/2021/11/Porsche-911-Carrera-996.2-2002-2004-8.png,https://www.stuttcars.com/porsche-911-carrera-996-2-2002-2004/,"In 2002, all of the standard models received a minor makeover"
Porsche,911 Carrera 4 Cabriolet,Porsche 911 Carrera 4 Cabriolet (996.2) (2002 – 2004),911,996.2,911,2002,Porsche 911 Model Guides,Road,flat-6,rear,3600,324,6800,370,4250,280,NA,NA,NA,NA,NA,https://www.stuttcars.com/wp-content/uploads/2021/11/PORSCHE-911-Carrera-4-Cabriolet-996-2939_33.jpeg,https://www.stuttcars.com/porsche-911-carrera-4-cabriolet-996-2-2002-2004/,The base all-wheel-drive version for the open-top 911 range
Porsche,911 Carrera 4S Coupe,Porsche 911 Carrera 4S Coupe (996.2) (2002 – 2005),911,996.2,911,2002,Porsche 911 Model Guides,Road,flat-6,rear,3600,324,6800,370,4250,280,NA,NA,NA,NA,NA,https://www.stuttcars.com/wp-content/uploads/2021/11/PORSCHE-911-Carrera-4S-996-2945_34.jpeg,https://www.stuttcars.com/porsche-911-carrera-4s-coupe-996-2002-2005/,"In 2002, the Carrera 4S Cabriolet was introduced with the new engine and the Turbo bodywork."
Porsche,911 Carrera Cabriolet,Porsche 911 Carrera Cabriolet (996.2) (2002 – 2004),911,996.2,911,2002,Porsche 911 Model Guides,Road,flat-6,rear,3600,324,6800,370,4250,275,NA,NA,NA,NA,NA,https://www.stuttcars.com/wp-content/uploads/2021/11/2003-Porsche-911-Carrera-Convertible-Blue-Press-Image-1001x565p.jpeg,https://www.stuttcars.com/porsche-911-carrera-cabriolet-996-2002-2004/,Coming soon
Porsche,911 Targa,Porsche 911 Targa (996.2) (2002 – 2005),911,996.2,911,2002,Porsche 911 Model Guides,Road,flat-6,rear,3600,324,6800,370,4250,285,NA,NA,NA,NA,NA,https://www.stuttcars.com/wp-content/uploads/2021/11/2002-porsche-911-targa_100747611.jpeg,https://www.stuttcars.com/porsche-911-targa-996-2002-2005/,"2002 marked the start of the production of the 996 Targa, with a sliding glass ""green house"" roof"
Porsche,911 Turbo X50,Porsche 911 Turbo X50 (996) (2002 – 2005),911,996,911,2002,Porsche 911 Model Guides,Road,flat-6,rear,3600,456,6000,620,4400,307,NA,NA,NA,NA,NA,https://www.stuttcars.com/wp-content/uploads/2016/04/1526604915ef66e7dff9f98764daDSC_0036.jpeg,https://www.stuttcars.com/porsche-911-turbo-x50-996-2002-2005/,"X50 Performance Package includes larger K24 turbochargers and intercoolers, a revised ECU and quad exhaust"
Porsche,Cayenne,Porsche Cayenne (2002 – 2007),Cayenne,NA,NA,2002,The Rest of the Porsche Model Guides,Road,NA,front,NA,NA,NA,NA,NA,NA,NA,NA,NA,NA,NA,https://www.stuttcars.com/wp-content/uploads/2021/09/Porsche-Cayenne-2002-2007-5.png,https://www.stuttcars.com/porsche-cayenne-2002-2007/,"The Porsche brand had important financial troubles. With a small lineup of vehicles, it needed something to go straight-up on the market. And that was the 2002 Cayenne. The first-generation Cayenne was what saved Porsche."
Porsche,Cayenne Cabriolet Concept Car,Porsche Cayenne Cabriolet Concept Car (2002),Cayenne,NA,NA,2002,The Rest of the Porsche Model Guides,Road,NA,front,NA,NA,NA,NA,NA,NA,NA,NA,NA,NA,NA,https://www.stuttcars.com/wp-content/uploads/2021/09/stuttcars-cayenne-cabrio-concept-01-copyright-porsche.jpg,https://www.stuttcars.com/porsche-cayenne-cabriolet-concept-car-2002/,"It is not clear if the Cayenne Cabriolet was ever intended for production, but considering how much work was put into the concept car, the project was taken seriously. The car has the nose and brakes from the Cayenne Turbo, but this concept car might have a normally aspirated engine, if at all. Porsche has not unveiled any technical information."
Porsche,Cayenne S,Porsche Cayenne S (2002 – 2007),Cayenne,NA,NA,2002,The Rest of the Porsche Model Guides,Road,NA,front,NA,NA,NA,NA,NA,NA,NA,NA,NA,NA,NA,https://www.stuttcars.com/wp-content/uploads/2021/09/Porsche-Cayenne-S-955.png,https://www.stuttcars.com/porsche-cayenne-s-2002-2007/,"The first-generation Cayenne saw the introduction of the Cayenne S in 2002. While the base Cayenne had a 3.2-L VR6 engine, the Cayenne S got a 4.5 L V8 with more power and torque. The extremely short and compact normal-aspirated V8 produced 340 hp and 310 lb⋅ft of torque. Acceleration for the Cayenne S is strong for an SUV, with 0–60 mph taking 6.9 seconds and the top speed being 150 mph. The Cayenne S also have some visual changes to better identify it, but was otherwise standard Cayenne fair."
Porsche,Cayenne Turbo,Porsche Cayenne Turbo (2002 – 2007),Cayenne,NA,NA,2002,The Rest of the Porsche Model Guides,Road,NA,front,NA,NA,NA,NA,NA,NA,NA,NA,NA,NA,NA,https://www.stuttcars.com/wp-content/uploads/2016/04/Porsche-Cayenne-Turbo-2002-2007.jpeg,https://www.stuttcars.com/porsche-cayenne-turbo-2002-2007/,"The first-generation Cayenne Turbo 955 has 450 PS (331 kW), and can accelerate from 0–100 km/h (62 mph) in 5.3 seconds. Under the hood, the Cayenne Turbo was fitted with a turbocharged 4.5-liter V8 unit mated to a standard 6-speed automatic. Thanks to the standard air-suspension, the Turbo version could get up to 28 cm (11”) of ground clearance. It was inconceivable for a Porsche fan to accept an SUV from the famous sports-car manufacturer. But the car was needed. The German brand needed a car to sell in volumes and save them from a foreseeable financial collapse. The Cayenne Turbo managed to satisfy the customers who were looking for a performance vehicle in an SUV shape."
Porsche,911 Carrera 4S Cabriolet,Porsche 911 Carrera 4S Cabriolet (996.2) (2003 – 2005),911,996.2,911,2003,Porsche 911 Model Guides,Road,flat-6,rear,3600,324,6800,370,4250,280,NA,NA,NA,NA,NA,https://www.stuttcars.com/wp-content/uploads/2021/11/PORSCHE-911-Carrera-4S-Cabriolet-996-2942_29.jpeg,https://www.stuttcars.com/porsche-911-carrera-4s-cabriolet-996-2003-2005/,"Turbo looks, sporty suspension, all-wheel drive, and more power and torque from the 3.6-liter flat six"
Porsche,911 Turbo Cabriolet,Porsche 911 Turbo Cabriolet (996) (2003 – 2005),911,996,911,2003,Porsche 911 Model Guides,Road,flat-6,rear,3600,421,6000,563,2700,306,NA,NA,NA,NA,NA,https://www.stuttcars.com/wp-content/uploads/2016/04/PORSCHE-911-Turbo-Cabriolet-996-500_24.jpeg,https://www.stuttcars.com/porsche-911-turbo-cabriolet-996-2003-2005/,"Now there is a new top model in the Porsche 911 Cabriolet range – a truly outstanding car with mighty air scoops at the front and on the sides to show the world that an open-air Porsche Turbo is back in the market after 14 years. Maximum output of the flat-six power unit with forced air feed from two turbochargers is 309 kW (420 bhp) at 6000 rpm. And the driver who prefers a more relaxed style of motoring from time to time will certainly not suffer with this high-torque power unit, maximum torque of 560 Newton-metres or 413 lb-ft being delivered consistently all the way from 2700 to 4600 rpm."
Porsche,Boxster,Porsche Boxster (2003 – 2004),Boxster,NA,NA,2003,Porsche Boxster & Cayman Model Guides,Road,flat-6,mid,2700,228,6300,260,4750,256,NA,NA,NA,NA,NA,https://www.stuttcars.com/wp-content/uploads/2021/09/PORSCHE-Boxster-986-2855_22.jpeg,https://www.stuttcars.com/porsche-boxster-2003-2004/,A mild facelift for the first generation Porsche Boxster
Porsche,Boxster S,Porsche Boxster S (2003 – 2004),Boxster,NA,NA,2003,Porsche Boxster & Cayman Model Guides,Road,flat-6,mid,3200,262,6250,310,4500,267,NA,NA,NA,NA,NA,https://www.stuttcars.com/wp-content/uploads/2021/09/PORSCHE-Boxster-S-986-2857_22.jpeg,https://www.stuttcars.com/porsche-boxster-s-2003-2004/,The Boxster S was revised along with its Boxster version in 2003.
Porsche,Carrera GT,Porsche Carrera GT (2003 – 2007),Carrera GT,NA,NA,2003,Porsche Supercar Model Guides,Supercar,V10,mid,5700,NA,NA,NA,NA,NA,NA,NA,NA,NA,NA,https://www.stuttcars.com/wp-content/uploads/2016/04/collecting-cars-carrera-gt-web-153-1625508489.jpeg,https://www.stuttcars.com/porsche-carrera-gt/,"The Porsche Carrera GT, derived from a Le Mans prototype, is a 612 hp racing car with road registration. The last analog hypercar."
Porsche,911 Carrera 40th Anniversary Edition,Porsche 911 Carrera 40th Anniversary Edition (996) (2004),911,996,911,2004,Porsche 911 Model Guides,Road,flat-6,rear,3600,324,6800,370,4250,285,NA,NA,NA,NA,NA,https://www.stuttcars.com/wp-content/uploads/2021/11/911-40.jpeg,https://www.stuttcars.com/porsche-911-carrera-40th-anniversary-996-2004/,Limited Edition Built to Commemorate the 40th year of 911 production
Porsche,911 GT3,Porsche 911 GT3 (996.2) (2004 – 2005),911,996.2,911,2004,Porsche 911 Model Guides,Road,flat-6,rear,3600,386,7400,385,5000,306,NA,NA,NA,NA,NA,https://www.stuttcars.com/wp-content/uploads/2016/04/PORSCHE-911-GT3-996-2927_27.jpeg,https://www.stuttcars.com/porsche-911-gt3-996-2004-2005/,Based on the facelifted 996 Carrera. The 3.6-litre engine produced 381 bhp.
Porsche,911 GT3 RS,Porsche 911 GT3 RS (996.2) (2004),911,996.2,911,2004,Porsche 911 Model Guides,Road,flat-6,rear,3600,386,7400,385,5000,306,NA,NA,NA,NA,NA,https://www.stuttcars.com/wp-content/uploads/2016/04/2004_Porsche_911GT3RS2.jpg,https://www.stuttcars.com/porsche-911-gt3-rs-996-2004/,"Defined a new era of super-fast, track-ready cars"
Porsche,911 GT3 RSR,Porsche 911 GT3 RSR (996) (2004 – 2005),911,996,911,2004,Porsche 911 Model Guides,Road,flat-6,rear,3600,451,8250,405,7200,NA,NA,NA,NA,NA,NA,https://www.stuttcars.com/wp-content/uploads/2016/04/Porsche-911-GT3-RSR-14503.jpeg,https://www.stuttcars.com/porsche-911-gt3-rsr-996-2004-2005/,"For the 2004 and 2005 racing season, Porsche Motorsport used the 911 GT3 RSR. This near-standard racing sportscar aimed to keep private customer teams competitive."
Porsche,911 Turbo S Cabriolet,Porsche 911 Turbo S Cabriolet (996) (2004),911,996,911,2004,Porsche 911 Model Guides,Road,flat-6,rear,3600,456,6000,620,4400,307,NA,NA,NA,NA,NA,https://www.stuttcars.com/wp-content/uploads/2016/04/2005_Porsche_911TurboSCabriolet-1-1024.jpg,https://www.stuttcars.com/porsche-911-turbo-s-cabriolet-996-2004-2005/,"For the 2005 model year, Porsche brought together their X50 power package and PCCB carbon-ceramic disc brakes for the Turbo S. Also included are small aluminum appointments to the interior and Turbo S badging."
Porsche,Boxster S 550 Spyder 50th Anniversary Edition,Porsche Boxster S 550 Spyder 50th Anniversary Edition (2004),550,550,550,2004,Porsche Boxster & Cayman Model Guides,Road,flat-6,mid,3200,262,6250,310,4500,267,NA,NA,NA,NA,NA,https://www.stuttcars.com/wp-content/uploads/2021/09/P04_0108_a4.jpg,https://www.stuttcars.com/porsche-boxster-s-special-edition-2004/,Porsche Boxster S Special Edition for the final year of the 986
Porsche,911 Carrera,Porsche 911 Carrera (997) (2005 – 2008),911,997,911,2005,Porsche 911 Model Guides,Road,flat-6,rear,3600,325,6800,370,4250,285,NA,NA,NA,NA,NA,https://www.stuttcars.com/wp-content/uploads/2021/11/Porsche-911-Carrera-977-coupe.png,https://www.stuttcars.com/porsche-911-carrera-997-2005-2008/,Better looks. More power. More tech.
Porsche,911 Carrera Cabriolet,Porsche 911 Carrera Cabriolet (997) (2005 – 2008),911,997,911,2005,Porsche 911 Model Guides,Road,flat-6,rear,3600,325,6800,370,4250,285,NA,NA,NA,NA,NA,https://www.stuttcars.com/wp-content/uploads/2021/11/PORSCHE-911-Carrera-Cabriolet-997-496_28.jpeg,https://www.stuttcars.com/porsche-911-carrera-cabriolet-997-2005-2008/,The drop-top gives up little performance or structural integrity compared with the coupe version
Porsche,911 Carrera S Cabriolet,Porsche 911 Carrera S Cabriolet (997) (2005 – 2008),911,997,911,2005,Porsche 911 Model Guides,Road,flat-6,rear,3800,355,6600,400,4600,293,NA,NA,NA,NA,NA,https://www.stuttcars.com/wp-content/uploads/2021/11/PORSCHE-911-Carrera-S-Cabriolet-997-1191_33.jpeg,https://www.stuttcars.com/porsche-911-carrera-s-cabriolet-997-2005-2008/,Makes a strong case against its coupe sibling
Porsche,911 Carrera S Coupe,Porsche 911 Carrera S Coupe (997) (2005 – 2008),911,997,911,2005,Porsche 911 Model Guides,Road,flat-6,rear,3800,355,6600,400,4600,293,NA,NA,NA,NA,NA,https://www.stuttcars.com/wp-content/uploads/2021/11/PORSCHE-911-Carrera-S-997-1186_15.jpeg,https://www.stuttcars.com/porsche-911-carrera-s-coupe-997-2005-2008/,"Fun, Fast & Worth the Extra Money Over the Base Model"
Porsche,911 GT3 Cup,Porsche 911 GT3 Cup (997) (2005 – 2013),911,997,911,2005,Porsche 911 Model Guides,Road,flat-6,rear,3600,399,NA,399,NA,NA,NA,NA,NA,NA,NA,https://www.stuttcars.com/wp-content/uploads/2021/11/2008_Porsche_911GT3CupS1.jpeg,https://www.stuttcars.com/porsche-911-gt3-cup-997-2005-2013/,"In February 2006, Porsche unveiled the second generation of GT3, the 997 commonly now known as the 997.1 GT3. In addition to a new 415 PS (305 kW) 3.6 litre flat-six engine, the vehicle featured “zero lift” aerodynamics, meaning the car creates only aerodynamic downforce and no grip-diminishing “lift” upwards and away from the road surface. The GT3 made use of a modified, track oriented version of Porsche’s active PASM suspension making it the first of Porsche’s RS or GT3 versions to feature an electronically adjustable suspension system. Also available was a navigation system and Porsche’s “sports chrono” gauge package. The car went to sale in summer of 2006. A total of 917 units were sold in the United States and 46 units in Canada."
Porsche,911 Turbo S Coupe,Porsche 911 Turbo S Coupe (996) (2004 – 2005),911,996,911,2005,Porsche 911 Model Guides,Road,flat-6,rear,3600,456,6000,620,4400,307,NA,NA,NA,NA,NA,https://www.stuttcars.com/wp-content/uploads/2016/04/2005_Porsche_911TurboSCoup-0-1024.jpg,https://www.stuttcars.com/porsche-911-turbo-s-coupe-996-2004-2005/,"For the 2005 model year, Porsche brought together their X50 power package and PCCB carbon-ceramic disc brakes for the Turbo S. Also included are small aluminum appointments to the interior and Turbo S badging."
Porsche,Boxster,Porsche Boxster (2005 – 2006),Boxster,NA,NA,2005,Porsche Boxster & Cayman Model Guides,Road,flat-6,mid,2700,240,6400,270,4700,256,NA,NA,NA,NA,NA,https://www.stuttcars.com/wp-content/uploads/2021/10/PORSCHE-Boxster-987-490_19.jpeg,https://www.stuttcars.com/porsche-boxster-2005-2006/,The second-generation Boxster (987) came to the US market as a 2005 model
Porsche,Boxster S,Porsche Boxster S (2005 – 2006),Boxster,NA,NA,2005,Porsche Boxster & Cayman Model Guides,Road,flat-6,mid,3200,280,6200,320,4700,269,NA,NA,NA,NA,NA,https://www.stuttcars.com/wp-content/uploads/2016/04/2005_Porsche_BoxsterS1.jpg,https://www.stuttcars.com/porsche-boxster-s-2005-2006/,"Eight years after making its debut, the Porsche Boxster is now entering its second generation – with even more self-assertion, more power and more performance. In their design, the new models follow Porsche’s usual process of steady and consistent evolution.While only carefully modelled in its contours, Porsche’s mid-engined sports car is significantly wider on the road. Larger wheels and a wider track accentuate the new, further enhanced design of the body. And at the same time these improvements symbolise the increase in power, the 2.7-litre six-cylinder in the Boxster now developing maximum output of 176 kW (240 bhp), 8 kW (12 bhp) more than before. The Boxster now accelerates to 100 km/h in 6.2 seconds and has a top speed of 256 km/h or 159 mph, but is more fuel-efficient all the same, averaging 9.6 litres premium plus (29.4 mpg Imp) in the EU combined cycle."
Porsche,RS Spyder,Porsche RS Spyder (2005 – 2006),RS Spyder,NA,NA,2005,Porsche Race Car Guides,Competition,V8,mid,3400,487,10100,NA,NA,NA,NA,NA,NA,NA,NA,https://www.stuttcars.com/wp-content/uploads/2016/04/2006_Porsche_RSSpyder2.jpg,https://www.stuttcars.com/porsche-rs-spyder/,Porsche created the first prototype racecar it has designed and constructed since the 1998 24 Hours of Le Mans winning Porsche 911 GT1 as a commission.
Porsche,911 Carrera 4 Cabriolet,Porsche 911 Carrera 4 Cabriolet (997) (2006 – 2008),911,997,911,2006,Porsche 911 Model Guides,Road,flat-6,rear,3600,300,6800,370,4250,280,NA,NA,NA,NA,NA,https://www.stuttcars.com/wp-content/uploads/2021/11/PORSCHE-911-Carrera-4-Cabriolet-997-498_22.jpeg,https://www.stuttcars.com/porsche-911-carrera-4-cabriolet-997-2006-2008/,"All-wheel drive, all-weather fun."
Porsche,911 Carrera 4 Coupe,Porsche 911 Carrera 4 Coupe (997) (2006 – 2008),911,997,911,2006,Porsche 911 Model Guides,Road,flat-6,rear,3600,325,6800,370,4250,280,NA,NA,NA,NA,NA,https://www.stuttcars.com/wp-content/uploads/2021/11/PORSCHE-911-Carrera-4-997-497_28.jpeg,https://www.stuttcars.com/porsche-911-carrera-4-coupe-997-2006-2008/,All-weather stability and safety with a new killer stance
Porsche,911 Carrera 4S Cabriolet,Porsche 911 Carrera 4S Cabriolet (997) (2006 – 2008),911,997,911,2006,Porsche 911 Model Guides,Road,flat-6,rear,3800,355,6600,400,4600,288,NA,NA,NA,NA,NA,https://www.stuttcars.com/wp-content/uploads/2021/11/PORSCHE-911-Carrera-4S-Cabriolet-997-1188_31.jpeg,https://www.stuttcars.com/porsche-911-carrera-4s-cabriolet-997-2006-2008/,The Four Seasons 911
Porsche,911 Carrera 4S Coupe,Porsche 911 Carrera 4S Coupe (997) (2006 – 2008),911,997,911,2006,Porsche 911 Model Guides,Road,flat-6,rear,3800,355,6600,400,4600,288,NA,NA,NA,NA,NA,https://www.stuttcars.com/wp-content/uploads/2021/11/PORSCHE-911-Carrera-4S-997-1187_21.jpeg,https://www.stuttcars.com/porsche-911-carrera-4s-coupe-997-2006-2008/,3.8-liter engine producing 350 bhp makes this the all-weather 911 king
Porsche,911 Carrera S Club Coupe,Porsche 911 Carrera S Club Coupe (997) (2006),911,997,911,2006,Porsche 911 Model Guides,Road,flat-6,rear,3600,380,7200,415,5500,299,NA,NA,NA,NA,NA,https://www.stuttcars.com/wp-content/uploads/2021/11/2006-Porsche-911-Club-Coupe-FA-1600x1200-1.jpeg,https://www.stuttcars.com/porsche-911-carrera-s-club-coupe-997-2006/,Limited-edition run of 50 built to celebrate the 50th anniversary of the Porsche Club of America
Porsche,911 GT3 RSR,Porsche 911 GT3 RSR (997) (2006 – 2012),911,997,911,2006,Porsche 911 Model Guides,Road,flat-6,rear,3800,456,NA,430,NA,NA,NA,NA,NA,NA,NA,https://www.stuttcars.com/wp-content/uploads/2016/04/2011_Porsche_911GT3RSR1.jpeg,https://www.stuttcars.com/porsche-911-gt3-rsr-997-2006-2012/,"ATLANTA – July 13 – Using the full resources of the Porsche engineering staff at its Weissach motorsports facility, and combining the racing technology developed over 50 years of motorsports competition, Porsche has announced the introduction of the new 2007 911 GT3 RSR (type 997) for the American Le Mans Series and other world GT racing venues. The latest version of the most successful racing sports car in history is based on the street production model 911 GT3 RS (model year 2007) which will be launched in late 2006."
Porsche,Cayenne S Titanium Edition,Porsche Cayenne S Titanium Edition (2006),Cayenne,NA,NA,2006,The Rest of the Porsche Model Guides,Road,NA,front,NA,NA,NA,NA,NA,NA,NA,NA,NA,NA,NA,https://www.stuttcars.com/wp-content/uploads/2021/09/Porsche-Cayenne-S-Titanium-Edition-2006-10.png,https://www.stuttcars.com/porsche-cayenne-s-titanium-edition-2006/,Porsche Cayenne S Titanium Edition was designed specifically for the U.S. and Canadian markets. The V-8 powered Porsche Cayenne S Titanium Edition is a sharp new addition to the Porsche Cayenne lineup of sporting SUVs
Porsche,Cayenne Turbo S,Porsche Cayenne Turbo S (2006 – 2007),Cayenne,NA,NA,2006,The Rest of the Porsche Model Guides,Road,NA,front,NA,NA,NA,NA,NA,NA,NA,NA,NA,NA,NA,https://www.stuttcars.com/wp-content/uploads/2021/09/2006-2007-Porsche-Cayenne-Turbo-S.png,https://www.stuttcars.com/porsche-cayenne-turbo-s-2006-2007/,"The first-generation Cayenne Turbo 955 has 450 PS (331 kW), and can accelerate from 0–100 km/h (62 mph) in 5.3 seconds. Porsche made things more interesting with the launch of a Turbo S version in 2006 to compete with the Mercedes-Benz ML 63 AMG. The Turbo S is powered by a twin-turbocharged 4.5 L V8 that produces 521 PS (383 kW; 514 hp) and 720 N⋅m (530 lb⋅ft) of torque; Acceleration from 0–60 mph (97 km/h) takes 5.0 seconds and the top speed is 171 mph (275 km/h); It features a six-speed automatic Tiptronic transmission."
Porsche,Cayman S,Porsche Cayman S (2006 – 2008),Cayman,NA,NA,2006,Porsche Boxster & Cayman Model Guides,Road,flat-6,mid,3400,299,6250,340,4400,275,NA,NA,NA,NA,NA,https://www.stuttcars.com/wp-content/uploads/2016/04/PORSCHE-Cayman-S-987-491_17.jpeg,https://www.stuttcars.com/porsche-cayman-s-2006-2008/,"A fast, mid-engine coupe joins the Porsche lineup"
Porsche,911 GT3,Porsche 911 GT3 (997) (2007 – 2009),911,997,911,2007,Porsche 911 Model Guides,Road,flat-6,rear,3600,415,7600,407,5500,311,NA,NA,NA,NA,NA,https://www.stuttcars.com/wp-content/uploads/2016/04/PORSCHE-911-GT3-997-1192_32.jpeg,https://www.stuttcars.com/porsche-911-gt3-997-2007-2009/,"The race-bred 911 features a 415-horsepower naturally aspirated engine with an 8,400 rpm redline"
Porsche,911 GT3 RS,Porsche 911 GT3 RS (997) (2007 – 2008),911,997,911,2007,Porsche 911 Model Guides,Road,flat-6,rear,3600,421,7600,407,5500,311,NA,NA,NA,NA,NA,https://www.stuttcars.com/wp-content/uploads/2016/04/PORSCHE-911-GT3-RS-997-1193_31.jpeg,https://www.stuttcars.com/porsche-911-gt3-rs-997-2007-2008/,"An even lighter and more race-focused version of the 911 than the ""standard"" 911 GT3"
Porsche,911 Targa 4,Porsche 911 Targa 4 (997) (2007 – 2008),911,997,911,2007,Porsche 911 Model Guides,Road,flat-6,rear,3600,325,6800,370,4250,280,NA,NA,NA,NA,NA,https://www.stuttcars.com/wp-content/uploads/2021/11/PORSCHE-911-Carrera-Targa-4-997-1189_22.jpeg,https://www.stuttcars.com/porsche-911-targa-4-997-2007-2008/,A Practical 911 With Strong Performance to Match
Porsche,911 Targa 4S,Porsche 911 Targa 4S (997) (2007 – 2008),911,997,911,2007,Porsche 911 Model Guides,Road,flat-6,rear,3800,355,6600,400,4600,288,NA,NA,NA,NA,NA,https://www.stuttcars.com/wp-content/uploads/2021/11/PORSCHE-911-Carrera-Targa-4S-997-1190_14.jpeg,https://www.stuttcars.com/porsche-911-targa-4s-997-2007-2008/,Softer spring rates than the coupe. More leather in the cabin and better equipment. All-wheel drive security.
Porsche,911 Turbo Coupe,Porsche 911 Turbo Coupe (997) (2007 – 2009),911,997,911,2007,Porsche 911 Model Guides,Road,flat-6,rear,3600,480,6000,624,1950,311,NA,NA,NA,NA,NA,https://www.stuttcars.com/wp-content/uploads/2016/04/PORSCHE-911-Turbo-997-1344_39.jpeg,https://www.stuttcars.com/porsche-911-turbo-997-2007-2009/,473 bhp! 460 ft lbs! 3.6 second 0-60! The Ultimate Super-GT
Porsche,928 Pikes Peak Special,Porsche 928 Pikes Peak Special (2007 – 2009),928,928,928,2007,Porsche Race Car Guides,Competition,NA,front,NA,NA,NA,NA,NA,NA,NA,NA,NA,NA,NA,https://www.stuttcars.com/wp-content/uploads/2021/06/a42428758e074acea61785bc5099c91a.jpeg,https://www.stuttcars.com/porsche-928-pikes-peak-special/,Carl Fausett Is At It Again
Porsche,Boxster,Porsche Boxster (2007 – 2008),Boxster,NA,NA,2007,Porsche Boxster & Cayman Model Guides,Road,flat-6,mid,2700,248,6500,273,4600,257,NA,NA,NA,NA,NA,https://www.stuttcars.com/wp-content/uploads/2021/10/2005-Porsche-Boxster-Convertible-Green-Press-Image-1200x800p.jpeg,https://www.stuttcars.com/porsche-boxster-2007-2008/,The 2.7 in both the Boxster received VarioCam Plus
Porsche,Boxster S,Porsche Boxster S (2007 – 2008),Boxster,NA,NA,2007,Porsche Boxster & Cayman Model Guides,Road,flat-6,mid,3400,299,6250,340,4400,266,NA,NA,NA,NA,NA,https://www.stuttcars.com/wp-content/uploads/2021/10/2007-Porsche-Boxster-S.png,https://www.stuttcars.com/porsche-boxster-s-2007-2008/,"For the 2007 model year, the base Boxster received a revised engine featuring VarioCam Plus to provide a 3.7 kW (5.0 hp) power increase (183 kW (245 hp) the same as the Cayman). The Boxster S’ engine was upgraded from 3.2-litre to 3.4-litre, resulting in a power increase of 11 kW (15 hp) more (220 kW (295 hp) the same as the Cayman S). These upgrades made the Boxster series and the Cayman series equivalent in terms of power."
Porsche,Cayman,Porsche Cayman (2007 – 2008),Cayman,NA,NA,2007,Porsche Boxster & Cayman Model Guides,Road,flat-6,mid,2700,248,6500,273,4600,257,NA,NA,NA,NA,NA,https://www.stuttcars.com/wp-content/uploads/2021/10/PORSCHE-Cayman-987-2859_15.jpeg,https://www.stuttcars.com/porsche-cayman-2007-2008/,The second-generation Boxster platform also gave us the epic coupe Cayman
Porsche,RS Spyder Evo,Porsche RS Spyder Evo (2007 – 2010),RS Spyder,NA,NA,2007,Porsche Race Car Guides,Competition,V8,mid,3400,510,10300,NA,NA,NA,NA,NA,NA,NA,NA,https://www.stuttcars.com/wp-content/uploads/2016/04/2007_Porsche_RSSpyderEvo2.jpg,https://www.stuttcars.com/porsche-rs-spyder-evo/,"Following a development year with Penske Motorsports in ALMS, Porsche revealed the final version of their LMP2 contender for the 2007 season. Known as the ‘EVO’ model, it had a host of upgrades that made it suitable for customer-funded teams to successfully compete. Since 2007, this model has dominated the P2 class at events like Le Mans and Sebring."
Porsche,911 GT2,Porsche 911 GT2 (997) (2008 – 2009),911,997,911,2008,Porsche 911 Model Guides,Road,flat-6,rear,3600,530,6250,700,2100,328,NA,NA,NA,NA,NA,https://www.stuttcars.com/wp-content/uploads/2016/04/PORSCHE-911-GT2-997-2910_19.jpeg,https://www.stuttcars.com/porsche-911-gt2-997-2008-2009/,It was the most powerful and fastest roadgoing 911 Porsche ever created
Porsche,911 GT3 Cup S,Porsche 911 GT3 Cup S (997) (2008 – 2009),911,997,911,2008,Porsche 911 Model Guides,Road,flat-6,rear,3600,446,NA,430,NA,NA,NA,NA,NA,NA,NA,https://www.stuttcars.com/wp-content/uploads/2021/11/2008_Porsche_911GT3CupS1-1.jpeg,https://www.stuttcars.com/porsche-911-gt3-cup-s-997-2008-2009/,"To a large extent, the 3.6-litre boxer engine is identical to the power unit used in the Porsche Mobil1 Supercup and the international Carrera Cup championships. Power output has increased by 20 horsepower to now 440 hp (324 kW) at 8,000 rpm. Maximum torque is up by ten Nm to 430 at 7,250 revs per minute. The power increase results from optimised engine electronics and a modified exhaust system."
Porsche,911 Turbo Cabriolet,Porsche 911 Turbo Cabriolet (997) (2008 – 2009),911,997,911,2008,Porsche 911 Model Guides,Road,flat-6,rear,3600,480,6000,624,1950,311,NA,NA,NA,NA,NA,https://www.stuttcars.com/wp-content/uploads/2016/04/PORSCHE-911-Turbo-Cabriolet-997-2906_22.jpeg,https://www.stuttcars.com/porsche-911-turbo-cabriolet-997-2008-2009/,"The 20-year tradition within the 911 Series of the 911 Turbo with a classic soft top is continued with this open top model. Firstly, the open 2+2 seater offers the driving performance of a high-performance sports car while still providing convertible driving pleasure. Secondly, compared to the competition the 911 Turbo Cabriolet is economical in its fuel consumption, thanks to its deliberate design, outstanding aerodynamics and advanced engine technology"
Porsche,Boxster Limited Edition,Porsche Boxster Limited Edition (2008),Boxster,NA,NA,2008,Porsche Boxster & Cayman Model Guides,Road,NA,mid,NA,NA,NA,NA,NA,NA,NA,NA,NA,NA,NA,https://www.stuttcars.com/wp-content/uploads/2021/10/Porsche-Boxster-.png,https://www.stuttcars.com/porsche-boxster-limited-edition-2008/,"Porsche unveiled its 2008 Limited Edition Boxster and Boxster S models at a private gathering at the occasion of the 2007 New York Auto Show. Largely inspired by the 2007 911 GT3 RS, only 250 examples of each model were produced in brilliant orange. Other special exterior features included glossy black painted mirrors, alloy wheels, front and side air inlets, and model designation. The SportDesign package was included as standard which includes aggressive front splitters, a revised rear two-stage spoiler that extends automatically at speed, and an integrated rear diffuser. A sports exhaust system with a dual chromed exhaust tip completed the exterior modifications. On the interior, a numbered ‘Limited Edition’ plaque is found on the glove box door, while the seat inserts, 911 GT3-spec steering wheel, and handbrake lever all receive Alcantara trim, a suede-like material. Orange roll-over hoops, door lever surrounds, shift knob, cup-holder cover trim and even the font on the gear shift pattern carrying bright orange that match the exterior colour and offset the otherwise black interior"
Porsche,Boxster RS 60 Spyder,Porsche Boxster RS 60 Spyder (2008),Boxster,NA,NA,2008,Porsche Boxster & Cayman Model Guides,Road,flat-6,mid,3400,303,6250,340,4400,274,NA,NA,NA,NA,NA,https://www.stuttcars.com/wp-content/uploads/2016/04/2008_Porsche_BoxsterRS60Spyder1.jpg,https://www.stuttcars.com/porsche-boxster-rs-60-spyder-2008/,Commemorative RS60 Spyder edition of the Boxster to celebrate Porsche's 1960 win in the 12 Hours of Sebring in Florida
Porsche,Boxster S Design Edition 2,Porsche Boxster S Design Edition 2 (2008),Boxster,NA,NA,2008,Porsche Boxster & Cayman Model Guides,Road,NA,mid,NA,NA,NA,NA,NA,NA,NA,NA,NA,NA,NA,https://www.stuttcars.com/wp-content/uploads/2021/10/2008-8473-boxster-s-porsche-design-edition-21.jpeg,https://www.stuttcars.com/porsche-boxster-s-design-edition-2-2008/,"Along with the Cayman S Sport Porsche gave us a Boxster special in 2008. It was a limited production version of the Boxster S called “Porsche Design Edition 2”. Equipped with the same 303 bhp 3.4-liter boxer engine as the Cayman S Sport, the Boxster S Design Edition 2 stands out thanks to the “Carrara White” colour that’s combined with grey stripes. The 19-inch SportDesign alloys, the side air intakes, the centre console and the dials on the three round instruments are also finished in white. The white theme is complemented by the grey roof and the black leather interior."
Porsche,Boxster S Limited Edition,Porsche Boxster S Limited Edition (2008),Boxster,NA,NA,2008,Porsche Boxster & Cayman Model Guides,Road,NA,mid,NA,NA,NA,NA,NA,NA,NA,NA,NA,NA,NA,https://www.stuttcars.com/wp-content/uploads/2021/10/IMG_5695-tiny-2048x0-0.5x0.jpeg,https://www.stuttcars.com/porsche-boxster-s-limited-edition-2008/,"Porsche gave us something special in 2008, the Limited Edition Boxster and Boxster S. Pricing started at $59,900 for the Boxster S version. The Limited Edition’s bright orange paint was previously featured on the race-ready Porsche 911 GT3 RS. The Limited Edition is equipped with a sport exhaust system, and safety bars (also painted orange). The SportDesign package includes “spoiler lips” in the front, an automatically extending and redesigned rear spoiler, and modified rear diffuser. There are black alloy wheels—18-inch on the Boxster and 19-inch on the Boxster S—and black exterior side mirrors, and black front and side air inlets. Black carries over to the seats, carpet, dash, door panels and other surrounding soft surfaces."
Porsche,Cayenne,Porsche Cayenne (2008 – 2009),Cayenne,NA,NA,2008,The Rest of the Porsche Model Guides,Road,NA,front,NA,NA,NA,NA,NA,NA,NA,NA,NA,NA,NA,https://www.stuttcars.com/wp-content/uploads/2021/09/PORSCHE-Cayenne-957-2870_24.jpeg,https://www.stuttcars.com/porsche-cayenne-2007-2009/,"On the brinks of the global recession in 2007, Porsche launched the 2008 Cayenne model. Although some addressed it as the second generation, it was more of a refresh, with better technologies and interior."
Porsche,Cayenne Diesel,Porsche Cayenne Diesel (2008 – 2010),Cayenne,NA,NA,2008,The Rest of the Porsche Model Guides,Road,NA,front,NA,NA,NA,NA,NA,NA,NA,NA,NA,NA,NA,https://www.stuttcars.com/wp-content/uploads/2021/09/PORSCHE-Cayenne-Diesel-957-3818_11.jpeg,https://www.stuttcars.com/porsche-cayenne-diesel-2008-2010/,It was the first oil-burner Porsche in history. The European market asked for a diesel engine and the car-maker had to deliver it to keep the sale up in a struggled market affected by the world financial crisis.
Porsche,Cayenne GTS,Porsche Cayenne GTS (2008 – 2010),Cayenne,NA,NA,2008,The Rest of the Porsche Model Guides,Road,NA,front,NA,NA,NA,NA,NA,NA,NA,NA,NA,NA,NA,https://www.stuttcars.com/wp-content/uploads/2021/09/PORSCHE-Cayenne-GTS-957-3817_34.jpeg,https://www.stuttcars.com/porsche-cayenne-gts-2008-2010/,"The GTS version was introduced in 2008, as part of the facelifted version of the Cayeen lineup. It filled the gap between the S and the Turbo version and was a true enthusiasts SUV."
Porsche,Cayenne S,Porsche Cayenne S (2008 – 2009),Cayenne,NA,NA,2008,The Rest of the Porsche Model Guides,Road,NA,front,NA,NA,NA,NA,NA,NA,NA,NA,NA,NA,NA,https://www.stuttcars.com/wp-content/uploads/2021/09/Porsche-Cayenne-S-2007-2009-8.png,https://www.stuttcars.com/porsche-cayenne-s-2007-2009/,"Following the success recorded by its first SUV, Porsche decided to continue the saga and, in 2007, it introduced a facelift for the Cayenne. After the first shock passed and the market understood that a Porsche SUV might be one of the best ideas to save the famous German sports-car brand, the critics started to lower their voices and customers started to order more. It was the perfect Porsche for a family, an excellent SUV, and an awarded off-road vehicle."
Porsche,Cayenne Turbo,Porsche Cayenne Turbo (2008 – 2009),Cayenne,NA,NA,2008,The Rest of the Porsche Model Guides,Road,NA,front,NA,NA,NA,NA,NA,NA,NA,NA,NA,NA,NA,https://www.stuttcars.com/wp-content/uploads/2021/09/Porsche-Cayenne-Turbo-2007-2009-9.png,https://www.stuttcars.com/porsche-cayenne-turbo-2007-2009/,"The facelift for the first generation of the Cayenne was introduced in 2007 as a 2008 MY. More powerful in every respect – that is how the new generation of the Porsche Cayenne entered the market. New striking face upfront on a wide and muscular body, with headlights in brand-new design, and with broader, even more powerful-looking wheel arches. The Cayenne had already become a huge success with 160k+ units sold."
Porsche,Cayenne Turbo S,Porsche Cayenne Turbo S (2008 – 2009),Cayenne,NA,NA,2008,The Rest of the Porsche Model Guides,Road,NA,front,NA,NA,NA,NA,NA,NA,NA,NA,NA,NA,NA,https://www.stuttcars.com/wp-content/uploads/2021/09/PORSCHE-Cayenne-Turbo-S-957-3693_10.jpeg,https://www.stuttcars.com/porsche-cayenne-turbo-s-2008-2009/,The facelift for the first generation of the Cayenne was introduced in 2007. More powerful in every respect – that is how the new generation of the Porsche Cayenne entered the market. In 2008 it was time for the flagship Cayenne Turbo S to get its massage.
Porsche,Cayman S Design Edition 1,Porsche Cayman S Design Edition 1 (2008),Cayman,NA,NA,2008,Porsche Boxster & Cayman Model Guides,Road,flat-6,mid,3400,299,6250,340,4400,275,NA,NA,NA,NA,NA,https://www.stuttcars.com/wp-content/uploads/2021/10/DE1_03.jpeg,https://www.stuttcars.com/porsche-cayman-s-design-edition-1-2008/,Cayman S with exclusive cosmetic options intended to commemorate the 35th anniversary of Porsche Design.
Porsche,911 Carrera 4 Cabriolet,Porsche 911 Carrera 4 Cabriolet (997.2) (2009 – 2012),911,997.2,911,2009,Porsche 911 Model Guides,Road,flat-6,rear,3600,344,6500,389,4400,285,NA,NA,NA,NA,NA,https://www.stuttcars.com/wp-content/uploads/2021/11/PORSCHE-911-Carrera-4-Cabriolet-997-3812_13.jpeg,https://www.stuttcars.com/porsche-911-carrera-4-cabriolet-997-2-2009-2012/,New engine. New all-wheel drive system. Refreshed design.
Porsche,911 Carrera 4 Coupe,Porsche 911 Carrera 4 Coupe (997.2) (2009 – 2012),911,997.2,911,2009,Porsche 911 Model Guides,Road,flat-6,rear,3600,344,6500,389,4400,285,NA,NA,NA,NA,NA,https://www.stuttcars.com/wp-content/uploads/2021/11/PORSCHE-911-Carrera-4-997-3809_25.jpeg,https://www.stuttcars.com/porsche-911-carrera-4-coupe-997-2-2009-2012/,"Refreshed Carrera 4 lose the old multi-plate, viscous all-wheel-drive system in favor of the electronically controlled system"
Porsche,911 Carrera 4S Cabriolet,Porsche 911 Carrera 4S Cabriolet (997.2) (2009 – 2012),911,997.2,911,2009,Porsche 911 Model Guides,Road,flat-6,rear,3800,385,6500,420,4400,298,NA,NA,NA,NA,NA,https://www.stuttcars.com/wp-content/uploads/2021/11/PORSCHE-911-Carrera-4S-Cabriolet-997-3813_30.jpeg,https://www.stuttcars.com/porsche-911-carrera-4s-cabriolet-997-2-2009-2012/,"Larger, more potent six-cylinder engine. New, all-wheel-drive system from the 911 Turbo."
Porsche,911 Carrera 4S Coupe,Porsche 911 Carrera 4S Coupe (997.2) (2009 – 2012),911,997.2,911,2009,Porsche 911 Model Guides,Road,flat-6,rear,3800,385,6500,420,4400,298,NA,NA,NA,NA,NA,https://www.stuttcars.com/wp-content/uploads/2016/04/PORSCHE-911-Carrera-4S-997-3810_17.jpeg,https://www.stuttcars.com/porsche-911-carrera-4s-coupe-9972-2009-2012/,"The all-wheel-drive, high-performance variant Carrera 4S Is the perfect all-season 911"
Porsche,911 Carrera Cabriolet,Porsche 911 Carrera Cabriolet (997.2) (2009 – 2012),911,997.2,911,2009,Porsche 911 Model Guides,Road,flat-6,rear,3600,344,6500,389,4400,288,NA,NA,NA,NA,NA,https://www.stuttcars.com/wp-content/uploads/2021/11/PORSCHE-911-Carrera-Cabriolet-997-3788_20.jpeg,https://www.stuttcars.com/porsche-911-carrera-cabriolet-997-2-2009-2012/,"The 911 Carrera Cabriolet is a true Porsche, from top to bottom."
Porsche,911 Carrera Coupe,Porsche 911 Carrera Coupe (997.2) (2009 – 2012),911,997.2,911,2009,Porsche 911 Model Guides,Road,flat-6,rear,3600,344,6500,389,4400,288,NA,NA,NA,NA,NA,https://www.stuttcars.com/wp-content/uploads/2021/11/PORSCHE-911-Carrera-997-3787_34.jpeg,https://www.stuttcars.com/porsche-911-carrera-coupe-997-2-2009-2012/,"Now with direct-injection technology and a seven-speed, dual-clutch transmission"
Porsche,911 Carrera S Cabriolet,Porsche 911 Carrera S Cabriolet (997.2) (2009 – 2012),911,997.2,911,2009,Porsche 911 Model Guides,Road,flat-6,rear,3800,385,6500,420,4400,301,NA,NA,NA,NA,NA,https://www.stuttcars.com/wp-content/uploads/2021/11/PORSCHE-911-Carrera-S-Cabriolet-997-3814_26.jpeg,https://www.stuttcars.com/porsche-911-carrera-s-cabriolet-997-2-2009-2012/,Like the rest of the range the Carrera S Cabriolet got a new 997.2 generation update.
Porsche,911 Carrera S Coupe,Porsche 911 Carrera S Coupe (997.2) (2009 – 2012),911,997.2,911,2009,Porsche 911 Model Guides,Road,flat-6,rear,3800,385,6500,420,4400,301,NA,NA,NA,NA,NA,https://www.stuttcars.com/wp-content/uploads/2021/11/PORSCHE-911-Carrera-S-997-3811_25.jpeg,https://www.stuttcars.com/porsche-911-carrera-s-coupe-997-2-2009-2012/,"Faster, edgier, sexier, better-equipped and more expensive, but it’s also cleaner, greener, more efficient"
Porsche,911 Targa 4,Porsche 911 Targa 4 (997.2) (2009 – 2012),911,997.2,911,2009,Porsche 911 Model Guides,Road,flat-6,rear,3600,344,6500,389,4400,285,NA,NA,NA,NA,NA,https://www.stuttcars.com/wp-content/uploads/2021/11/PORSCHE-911-Carrera-Targa-4-997-3815_24.jpeg,https://www.stuttcars.com/porsche-911-targa-4-997-2-2009-2012/,Glass-roofed variant gets an update along with the rest of the Porsche 997 range
Porsche,911 Targa 4S,Porsche 911 Targa 4S (997.2) (2009 – 2012),911,997.2,911,2009,Porsche 911 Model Guides,Road,flat-6,rear,3800,385,6500,420,4400,298,NA,NA,NA,NA,NA,https://www.stuttcars.com/wp-content/uploads/2021/11/PORSCHE-911-Carrera-Targa-4S-997-3816_24.jpeg,https://www.stuttcars.com/porsche-911-targa-4s-997-2-2009-2012/,All the fun of a convertible without sacrificing the dynamic abilities of a hardtop.
Porsche,Boxster,Porsche Boxster (2009 – 2012),Boxster,NA,NA,2009,Porsche Boxster & Cayman Model Guides,Road,flat-6,mid,2900,259,6400,290,4400,262,NA,NA,NA,NA,NA,https://www.stuttcars.com/wp-content/uploads/2021/10/PORSCHE-Boxster-987-3819_6.jpeg,https://www.stuttcars.com/porsche-boxster-2009-2012/,"For 2009 MY, the second generation of the Boxster received new technologies and more power."
Porsche,Boxster S,Porsche Boxster S (2009 – 2012),Boxster,NA,NA,2009,Porsche Boxster & Cayman Model Guides,Road,flat-6,mid,3400,314,6400,359,5500,274,NA,NA,NA,NA,NA,https://www.stuttcars.com/wp-content/uploads/2021/10/PORSCHE-Boxster-S-987-3820_14.jpeg,https://www.stuttcars.com/porsche-boxster-s-2009-2012/,The 2008 facelifted Boxster S gets a new direct-injection 3.4-liter Boxer engine
Porsche,Cayenne GTS Porsche Design Edition 3,Porsche Cayenne GTS Porsche Design Edition 3 (2009),Cayenne,NA,NA,2009,The Rest of the Porsche Model Guides,Road,NA,front,NA,NA,NA,NA,NA,NA,NA,NA,NA,NA,NA,https://www.stuttcars.com/wp-content/uploads/2021/09/2009-porsche-cayenne-gts-porsche-design-edition-3-009_100197755_h-e1631727139824.jpeg,https://www.stuttcars.com/porsche-cayenne-gts-porsche-design-edition-3-2009/,"An exclusive limited edition Cayenne GTS “Porsche Design Edition 3”. Limited to just 1,000 units worldwide, the limited edition Cayenne adds equipment and Porsche Design styling touches to stand out from the crowd."
Porsche,Cayenne S Transsyberia,Porsche Cayenne S Transsyberia (2009 – 2011),Cayenne,NA,NA,2009,The Rest of the Porsche Model Guides,Road,NA,front,NA,NA,NA,NA,NA,NA,NA,NA,NA,NA,NA,https://www.stuttcars.com/wp-content/uploads/2021/09/PORSCHE-Cayenne-S-TransSyberia-3863_11.jpeg,https://www.stuttcars.com/porsche-cayenne-s-transsyberia-2009-2011/,"Following the victory in the 2007 Transsyberian Rally, when 27 out of 34 entrants chose to run with a Cayenne, Porsche introduced a limited-edition named Transsyberia. The Cayenne Cayenne Transsyberia was fitted with a 4.8-liter V8 unit, which developed 405 hp. Unlike the GTS, it was offered exclusively with the Tiptronic S (automatic) 6-speed and a special final drive ratio. The air-suspension was fitted as standard and the PTM was adjusted to send 64% of the engine’s torque to the rear wheels."
Porsche,Cayman,Porsche Cayman (2009 – 2012),Cayman,NA,NA,2009,Porsche Boxster & Cayman Model Guides,Road,flat-6,mid,2900,259,6400,290,4400,266,NA,NA,NA,NA,NA,https://www.stuttcars.com/wp-content/uploads/2021/10/PORSCHE-Cayman-987-3821_17.jpeg,https://www.stuttcars.com/porsche-cayman-2009-2012/,"Four years after the introduction of the Cayman S, Porsche gave us an update."
Porsche,Cayman S,Porsche Cayman S (2009 – 2012),Cayman,NA,NA,2009,Porsche Boxster & Cayman Model Guides,Road,flat-6,mid,3400,324,7200,370,4750,277,NA,NA,NA,NA,NA,https://www.stuttcars.com/wp-content/uploads/2016/04/2009_Porsche_CaymanS7.jpg,https://www.stuttcars.com/porsche-cayman-s-2009-2012/,"Four years after the introduction of the Cayman S, the sportier version of the mid-engine sports coupe Porsche was refreshed."
Porsche,Cayman S Sport,Porsche Cayman S Sport (2009),Cayman,NA,NA,2009,Porsche Boxster & Cayman Model Guides,Road,flat-6,mid,3400,307,6250,340,4400,275,NA,NA,NA,NA,NA,https://www.stuttcars.com/wp-content/uploads/2021/10/08css02.jpeg,https://www.stuttcars.com/porsche-cayman-s-sport-2009/,The Sport was a Cayman S packaged with many sport options to create an edgy/sporty Cayman S.
Porsche,Panamera 4S,Porsche Panamera 4S (2009 – 2013),Panamera,NA,NA,2009,The Rest of the Porsche Model Guides,Road,NA,front,NA,NA,NA,NA,NA,NA,NA,NA,NA,NA,NA,https://www.stuttcars.com/wp-content/uploads/2016/04/2009_Porsche_Panamera4S2.jpg,https://www.stuttcars.com/porsche-panamera-4s-2009-2013/,"For the drivetrain, Porsche chose Cayenne as an inspiration model installing the 4.8-liter V8 engine under the hood. For the Panamera 4S, it fitted the car with an all-wheel-drive system and a 7-speed automatic (PDK – double-clutch) gearbox. The 400 hp Porsche 4-door hatchback was good for a 5-second run from 0 to 100 kph (0-62 mph)."
Porsche,Panamera S,Porsche Panamera S (2009 – 2013),Panamera,NA,NA,2009,The Rest of the Porsche Model Guides,Road,NA,front,NA,NA,NA,NA,NA,NA,NA,NA,NA,NA,NA,https://www.stuttcars.com/wp-content/uploads/2021/09/PORSCHE-Panamera-S-970-3879_9.jpeg,https://www.stuttcars.com/porsche-panamera-s-2009-2013/,The rear-wheel drive and naturally aspirated 4.8-litre V8 make the first Panamera S a great all around passenger car with sports car energy.
Porsche,Panamera Turbo,Porsche Panamera Turbo (2009 – 2013),Panamera,NA,NA,2009,The Rest of the Porsche Model Guides,Road,NA,front,NA,NA,NA,NA,NA,NA,NA,NA,NA,NA,NA,https://www.stuttcars.com/wp-content/uploads/2016/04/2009_Porsche_PanameraTurbo1.jpg,https://www.stuttcars.com/porsche-panamera-turbo-2009-2013/,"As a top of the range version, the Panamera Turbo featured the same 4.8-liter V8 engine from the S-version, but with a pair of turbochargers that increased the power from 400 hp to 500 hp. It was available exclusively with a 7-speed automatic (PDK double-clutch) gearbox and all-wheel-drive."
Porsche,911 GT3,Porsche 911 GT3 (997.2) (2010 – 2012),911,997.2,911,2010,Porsche 911 Model Guides,Road,flat-6,rear,3800,435,7600,430,6250,312,NA,NA,NA,NA,NA,https://www.stuttcars.com/wp-content/uploads/2016/04/2009_Porsche_911GT31.jpg,https://www.stuttcars.com/porsche-911-gt3-997-2010-2012/,"The new GT3 even more powerful, faster, and refined than its predecessor"
Porsche,911 GT3 R,Porsche 911 GT3 R (997) (2010 – 2013),911,997,911,2010,Porsche 911 Model Guides,Road,flat-6,rear,4000,487,NA,NA,NA,NA,NA,NA,NA,NA,NA,https://www.stuttcars.com/wp-content/uploads/2016/04/2010_Porsche_911GT3R5.jpg,https://www.stuttcars.com/porsche-911-gt3-r-997-2010-2013/,"Following the Porsche 911 GT3 Cup, Porsche AG, Stuttgart, is entering yet another racing car in the 2010 motorsport season: The 911 GT3 R will be raced in series based on the international FIA GT3 regulations, thus succeeding the 911 GT3 Cup S. The main focus in developing this new model was on even better drivability and even easier handling."
Porsche,911 GT3 R Hybrid,Porsche 911 GT3 R Hybrid (2010),911,911,911,2010,Porsche 911 Model Guides,Road,flat-6,rear,4000,649,NA,NA,NA,NA,NA,NA,NA,NA,NA,https://www.stuttcars.com/wp-content/uploads/2016/04/2010_Porsche_911GT3RHybrid2.jpg,https://www.stuttcars.com/porsche-911-gt3-r-hybrid-2010/,This hybrid is unlike anything you've previously heard called a hybrid.
Porsche,911 GT3 RS,Porsche 911 GT3 RS (997.2) (2010 – 2012),911,997.2,911,2010,Porsche 911 Model Guides,Road,flat-6,rear,3800,450,7900,430,6750,311,NA,NA,NA,NA,NA,https://www.stuttcars.com/wp-content/uploads/2016/04/PORSCHE-911-GT3-RS-997-2-4325_12.jpeg,https://www.stuttcars.com/porsche-911-gt3-rs-9972-2010-2012/,"This most-special 911 will continues the RS tradition. Lighter, faster, and more extreme."
Porsche,911 Sport Classic,Porsche 911 Sport Classic (997) (2010),911,997,911,2010,Porsche 911 Model Guides,Road,flat-6,rear,3800,408,7300,420,4200,303,NA,NA,NA,NA,NA,https://www.stuttcars.com/wp-content/uploads/2016/04/2010_Porsche_911SportClassic3-1.jpg,https://www.stuttcars.com/porsche-911-sport-classic-997-2010/,Double-dome roof. Retro-styled Fuchs wheels. Ducktail spoiler. YES PLEASE.
Porsche,911 Turbo Cabriolet,Porsche 911 Turbo Cabriolet (997.2) (2010 – 2012),911,997.2,911,2010,Porsche 911 Model Guides,Road,flat-6,rear,3800,500,6000,651,1950,311,NA,NA,NA,NA,NA,https://www.stuttcars.com/wp-content/uploads/2021/11/porsche_911_turbo_cabriolet_46_00e600000de20a62.jpeg,https://www.stuttcars.com/porsche-911-turbo-cabriolet-997-2-2010-2012/,The 2010 Porsche 911 Turbo Cabriolet was launched at the same time with the Coupe version at the 2009 Frankfurt Motor Show. And its performances were in the supercar territory.
Porsche,911 Turbo Coupe,Porsche 911 Turbo Coupe (997.2) (2010 – 2012),911,997.2,911,2010,Porsche 911 Model Guides,Road,flat-6,rear,3800,500,6000,651,1950,312,NA,NA,NA,NA,NA,https://www.stuttcars.com/wp-content/uploads/2021/11/PORSCHE-911-Turbo-997-4138_28.jpeg,https://www.stuttcars.com/porsche-911-turbo-coupe-997-2-2010-2012/,"The 2010 Porsche 911 Turbo was launched at the same time with the Cabriolet version at the 2009 Frankfurt Motor Show. Due to its 500 hp and the all-wheel-drive system, it was a four-seasons supercar."
Porsche,918 Spyder Concept,Porsche 918 Spyder Concept (2010),918,918,918,2010,Porsche Supercar Model Guides,Supercar,V8,mid,NA,728,9200,NA,NA,320,NA,NA,NA,NA,NA,https://www.stuttcars.com/wp-content/uploads/2021/05/2010_Porsche_918Spyder1.jpeg,https://www.stuttcars.com/porsche-918-spyder-concept/,The 918 Spyder concept. Electric-mobility plus stunning looks.
Porsche,Panamera,Porsche Panamera (2010 – 2013),Panamera,NA,NA,2010,The Rest of the Porsche Model Guides,Road,NA,front,NA,NA,NA,NA,NA,NA,NA,NA,NA,NA,NA,https://www.stuttcars.com/wp-content/uploads/2021/09/bfa16466dff84c1f3c30d1fd4d32cb2e.jpeg,https://www.stuttcars.com/porsche-panamera-2010-2013/,"After more than half of the century, Porsche finally unveiled its four-door sedan."
Porsche,Panamera 4,Porsche Panamera 4 (2010 – 2013),Panamera,NA,NA,2010,The Rest of the Porsche Model Guides,Road,NA,front,NA,NA,NA,NA,NA,NA,NA,NA,NA,NA,NA,https://www.stuttcars.com/wp-content/uploads/2021/09/PORSCHE-Panamera-4-907-4320_22.jpeg,https://www.stuttcars.com/porsche-panamera-4-2010-2013/,"The Panamera 4 was the entry-level all-wheel-drive version for the Panamera, the long-waited four-door Porsche. The Panamera’s headlights resembled those installed on the Cayenne. The profile resembled an elongated 911 or the 989 concept-car. On the front fenders, two vents were used to extract the air within the wheel-well and decrease the front-lift effect. In the back, the taillights resembled those found in the Cayman. In the back, on the trunk-lid, a retractable wing was installed. It was automatically extended at speeds over 120 kph (74.5 mph)."
Porsche,911 Carrera 4 GTS Cabriolet,Porsche 911 Carrera 4 GTS Cabriolet (997) (2011 – 2012),911,997,911,2011,Porsche 911 Model Guides,Road,flat-6,rear,3800,408,7300,420,4200,306,NA,NA,NA,NA,NA,https://www.stuttcars.com/wp-content/uploads/2021/11/autowp.ru_porsche_911_carrera_4_gts_cabriolet_2-1.jpg,https://www.stuttcars.com/porsche-911-carrera-4-gts-cabriolet-997-2011-2012/,"The new Porsche 911 Carrera 4 GTS combines a 408 hp 3.8-litre flat six engine with intelligent all-wheel drive that delivers a further exhilarating dimension to the dynamics of the iconic rear-engined sports car. The 911 was first offered with four-wheel drive in 1989 and the drivetrain has been a popular option ever since. Now, the 911 Carrera 4 GTS broadens customer choice in 2011, building on the success of the two-wheel drive Carrera GTS that went on sale in December last year. The 911 Carrera 4 GTS power unit has its origins in the 3.8-litre, six-cylinder from the Carrera S, with the power kit added."
Porsche,911 Carrera 4 GTS Coupe,Porsche 911 Carrera 4 GTS Coupe (997) (2011 – 2012),911,997,911,2011,Porsche 911 Model Guides,Road,flat-6,rear,3800,408,7300,420,4200,306,NA,NA,NA,NA,NA,https://www.stuttcars.com/wp-content/uploads/2021/11/autowp.ru_porsche_911_carrera_4_gts_coupe_7.jpg,https://www.stuttcars.com/porsche-911-carrera-4-gts-coupe-997-2011-2012/,"The new Porsche 911 Carrera 4 GTS combines a 408 hp 3.8-litre flat six engine with intelligent all-wheel drive that delivers a further exhilarating dimension to the dynamics of the iconic rear-engined sports car. The 911 was first offered with four-wheel drive in 1989 and the drivetrain has been a popular option ever since. Now, the 911 Carrera 4 GTS broadens customer choice in 2011, building on the success of the two-wheel drive Carrera GTS that went on sale in December last year. The 911 Carrera 4 GTS power unit has its origins in the 3.8-litre, six-cylinder from the Carrera S, with the power kit added."
Porsche,911 Carrera GTS Cabriolet,Porsche 911 Carrera GTS Cabriolet (997) (2011 – 2012),911,997,911,2011,Porsche 911 Model Guides,Road,flat-6,rear,3800,408,7300,420,4200,306,NA,NA,NA,NA,NA,https://www.stuttcars.com/wp-content/uploads/2016/04/porsche_911_carrera_gts_cabriolet_56_014100c30b360860.jpeg,https://www.stuttcars.com/porsche-911-carrera-gts-cabriolet-997-2011-2012/,The Sweetest Open Top 911 In the 997 Era
Porsche,911 Carrera GTS Coupe,Porsche 911 Carrera GTS Coupe (997) (2011 – 2012),911,997,911,2011,Porsche 911 Model Guides,Road,flat-6,rear,3800,408,7300,420,4200,306,NA,NA,NA,NA,NA,https://www.stuttcars.com/wp-content/uploads/2016/04/porsche_911_carrera_gts_coupe_56_00dd00000c7f0960-1.jpeg,https://www.stuttcars.com/porsche-911-carrera-gts-coupe-997-2011-2012/,"It's faster, more powerful and better looking than any other model in the Carrera family."
Porsche,911 GT2 RS,Porsche 911 GT2 RS (997) (2011),911,997,911,2011,Porsche 911 Model Guides,Road,flat-6,rear,3800,620,6500,700,2250,330,NA,NA,NA,NA,NA,https://www.stuttcars.com/wp-content/uploads/2016/04/2010_Porsche_911GT2RS4.jpg,https://www.stuttcars.com/porsche-911-gt2-rs-997-2011/,"The power: 620 hp. The weight: 3,021 lb. The Nürburgring Time: 7 min, 18 sec. The verdict: Beast"
Porsche,911 GT3 R Hybrid 2.0,Porsche 911 GT3 R Hybrid 2.0 (2011),911,911,911,2011,Porsche 911 Model Guides,Road,flat-6,rear,4000,679,NA,NA,NA,NA,NA,NA,NA,NA,NA,https://www.stuttcars.com/wp-content/uploads/2021/11/Porsche-911-GT3-R-Hybrid-2.0-2011.png,https://www.stuttcars.com/porsche-911-gt3-r-hybrid-2-0-2011/,"Porsche 911 GT3 R Hybrid 2.0 is V2 of its GT3 R Hybrid race car. It’s the second iteration of Porsche’s ground-breaking 911 endurance racer fitted with a Kinetic Energy Recovery System, or KERS. The first version of the 911 GT3 R Hybrid, revealed in 2010, led the 24 Hours of Nurburgring in its first competition run, until a mechanical failure forced it to retire just a few hours before the checkered flag. That failure, irony would have it was due to an issue with the combustion engine, not any of the hybrid components. In October, the car finished the Petit Le Mans at Road Atlanta, part of the American Le Mans Series, where it won its special experimental class…of one car. That weekend, Porsche’s Dr. Daniel Armbruster, who led the hybrid racer’s development team, indicated that further development would focus on integrating the mechanical systems, to cut the weight to that of a standard 911 GT3 RSR, and refining the software."
Porsche,911 GT3 RS 4.0,Porsche 911 GT3 RS 4.0 (997) (2011),911,997,911,2011,Porsche 911 Model Guides,Road,flat-6,rear,4000,500,8250,460,5750,314,NA,NA,NA,NA,NA,https://www.stuttcars.com/wp-content/uploads/2016/04/porsche_911_gt3_rs_4.0_15.jpg,https://www.stuttcars.com/porsche-911-gt3-rs-4-0-997-2011/,"Probably the best Porsche 911 ever made. Yes, it is that good."
Porsche,911 Speedster,Porsche 911 Speedster (997) (2011),911,997,911,2011,Porsche 911 Model Guides,Road,flat-6,rear,3800,408,7300,420,4200,306,NA,NA,NA,NA,NA,https://www.stuttcars.com/wp-content/uploads/2016/04/2010_Porsche_911Speedster1.jpg,https://www.stuttcars.com/porsche-911-speedster-997-2011/,"Very low-slung, very sporty, and very rare"
Porsche,911 Turbo S 10 Year Anniversary Edition,Porsche 911 Turbo S 10 Year Anniversary Edition (997.2) (2011),911,997.2,911,2011,Porsche 911 Model Guides,Road,flat-6,rear,3800,530,6250,700,2100,314,NA,NA,NA,NA,NA,https://www.stuttcars.com/wp-content/uploads/2021/11/Porsche-10-Year-Anniversary-Edition-911-Turbo-S-rear-three-quarter.jpeg,https://www.stuttcars.com/porsche-911-turbo-s-10-year-anniversary-edition-997-2-2011/,Limited edition model to celebrate an active decade in the Chinese market
Porsche,911 Turbo S Cabriolet,Porsche 911 Turbo S Cabriolet (997) (2011 – 2013),911,997,911,2011,Porsche 911 Model Guides,Road,flat-6,rear,3800,530,6250,700,2100,312,NA,NA,NA,NA,NA,https://www.stuttcars.com/wp-content/uploads/2016/04/2010_Porsche_911TurboSCabriolet1.jpg,https://www.stuttcars.com/porsche-911-turbo-s-cabriolet-997-2011-2013/,"The engineers at Dr. Ing. h.c. F. Porsche AG, Stuttgart, have developed a new top-of-the-range sports car for the customer who will only settle for the very best in terms of power, performance and driving dynamics: the 911 Turbo S. The heart of this most exclusive high-performance athlete is of course a six-cylinder boxer boosted by two exhaust gas turbochargers with variable turbine geometry, with an increase in power over the 911 Turbo by 30 to 530 bhp (390 kW). Maximum torque is a most impressive 700 Newton-metres (516 lb-ft). At the same time this new top model comes as standard with all high-tech components available only as options on the “regular” 911 Turbo."
Porsche,911 Turbo S Coupe,Porsche 911 Turbo S Coupe (997) (2011 – 2013),911,997,911,2011,Porsche 911 Model Guides,Road,flat-6,rear,3800,530,6250,700,2100,314,NA,NA,NA,NA,NA,https://www.stuttcars.com/wp-content/uploads/2016/04/2010_Porsche_911TurboSCoup-4-1024.jpg,https://www.stuttcars.com/porsche-911-turbo-s-coupe-997-2011-2013/,An exclusive high-performance athlete
Porsche,918 RSR Hybrid Concept,Porsche 918 RSR Hybrid Concept (2011),918,918,918,2011,Porsche Supercar Model Guides,Supercar,V8,mid,NA,778,9200,NA,NA,320,NA,NA,NA,NA,NA,https://www.stuttcars.com/wp-content/uploads/2021/05/car_photo_415909.jpeg,https://www.stuttcars.com/porsche-918-rsr-hybrid-concept/,The 918 RSR ‘Racing Lab’ is part of a new initiative called Porsche Intelligent Performance
Porsche,Boxster Spyder,Porsche Boxster Spyder (2011 – 2012),Boxster,NA,NA,2011,Porsche Boxster & Cayman Model Guides,Road,flat-6,mid,3400,324,7200,370,4750,274,NA,NA,NA,NA,NA,https://www.stuttcars.com/wp-content/uploads/2016/04/2010_Porsche_BoxsterSpyder1.jpg,https://www.stuttcars.com/porsche-boxster-spyder-2011-2012/,"On 5 November 2009, Porsche officially announced the Boxster Spyder, which was the lightest Porsche on the market at the time"
Porsche,Cayenne,Porsche Cayenne (2011 – 2014),Cayenne,NA,NA,2011,The Rest of the Porsche Model Guides,Road,NA,front,NA,NA,NA,NA,NA,NA,NA,NA,NA,NA,NA,https://www.stuttcars.com/wp-content/uploads/2021/09/PORSCHE-Cayenne-4253_16.jpeg,https://www.stuttcars.com/porsche-cayenne-2011-2014/,"With the second generation of the Cayenne, Porsche proved itself very profitable, even though it was hit hard by the world economic crisis from the 2008-2010 period. But the luxury car market didn’t drop the same as the other car-segments. So, the Cayenne went on with a new generation that gathered immediate attention."
Porsche,Cayenne Diesel,Porsche Cayenne Diesel (2011 – 2014),Cayenne,NA,NA,2011,The Rest of the Porsche Model Guides,Road,NA,front,NA,NA,NA,NA,NA,NA,NA,NA,NA,NA,NA,https://www.stuttcars.com/wp-content/uploads/2021/09/PORSCHE-Cayenne-Diesel-4254_26.jpeg,https://www.stuttcars.com/porsche-cayenne-diesel-2011-2014/,"The V6 diesel engine was the same unit found in the other Volkswagen group models. The 3.0-liter unit offered 240 hp. It was mated as standard with an 8-speed automatic gearbox. Cayenne Diesel Turbo 3.0 176 kW for 2011 model year. In 2012, power increased to 180 kW. 2013 saw the launch of the Cayenne Diesel S Turbo 4.1 281 kW version."
Porsche,Cayenne S,Porsche Cayenne S (2011 – 2014),Cayenne,NA,NA,2011,The Rest of the Porsche Model Guides,Road,NA,front,NA,NA,NA,NA,NA,NA,NA,NA,NA,NA,NA,https://www.stuttcars.com/wp-content/uploads/2021/09/PORSCHE-Cayenne-S-4255_20.jpeg,https://www.stuttcars.com/porsche-cayenne-s-2011-2014/,The second generation of the Porsche Cayenne was launched at the 2010 Geneva Motor Show.
Porsche,Cayenne S Hybrid,Porsche Cayenne S Hybrid (2011 – 2014),Cayenne,NA,NA,2011,The Rest of the Porsche Model Guides,Road,NA,front,NA,NA,NA,NA,NA,NA,NA,NA,NA,NA,NA,https://www.stuttcars.com/wp-content/uploads/2021/09/PORSCHE-Cayenne-S-Hybrid-4246_14.jpeg,https://www.stuttcars.com/porsche-cayenne-s-hybrid-2011-2014/,The world was not yet recovered from the financial crisis and Porsche unveiled the second generation of its SUV lineup at the Geneva Motor Show in 2010.
Porsche,Cayenne Turbo,Porsche Cayenne Turbo (2011 – 2014),Cayenne,NA,NA,2011,The Rest of the Porsche Model Guides,Road,NA,front,NA,NA,NA,NA,NA,NA,NA,NA,NA,NA,NA,https://www.stuttcars.com/wp-content/uploads/2021/09/PORSCHE-Cayenne-Turbo-4245_23.jpeg,https://www.stuttcars.com/porsche-cayenne-turbo-2011-2014/,The second generation of the Porsche Cayenne was launched at the 2010 Geneva Motor Show. It was a big improvement over its predecessor and featured an evolved design.
Porsche,Cayenne Turbo S,Porsche Cayenne Turbo S (2011 – 2014),Cayenne,NA,NA,2011,The Rest of the Porsche Model Guides,Road,NA,front,NA,NA,NA,NA,NA,NA,NA,NA,NA,NA,NA,https://www.stuttcars.com/wp-content/uploads/2021/09/PORSCHECayenneTurboS-4678_2.jpeg,https://www.stuttcars.com/porsche-cayenne-turbo-s-2011-2014/,"As the flagship of the Cayenne army, the Turbo S was well received by those who were looking for a faster SUV. And it wasn’t only the speed, but also the cornering speed that the Turbo S was capable of. Unlike its siblings, most of the performance-oriented technical features were fitted as standard, including the Porsche Adaptive Suspension Management or the Porsche Torque Vectoring system."
Porsche,Panamera Diesel,Porsche Panamera Diesel (2011 – 2013),Panamera,NA,NA,2011,The Rest of the Porsche Model Guides,Road,NA,front,NA,NA,NA,NA,NA,NA,NA,NA,NA,NA,NA,https://www.stuttcars.com/wp-content/uploads/2021/09/PORSCHE-Panamera-Diesel-4471_16.jpeg,https://www.stuttcars.com/porsche-panamera-diesel-2011-2013/,"In May 2011, Porsche unveiled the diesel version for its four-door Panamera. With the introduction of that version, it switched from a road runner to a long cruiser luxury sports-sedan. By 2011, the world already accepted the diesel engines in luxurious vehicles such as the BMW 7 Series or the Mercedes-Benz S-Class. Porsche didn’t want to lose that market and decided to offer a diesel version for the Panamera. Since the car was designed for long travels, a diesel engine would give it a range of over 1200 km (746 miles). After the initial shock of its regular customers, soon the orders started to pick-up."
Porsche,Panamera S Hybrid,Porsche Panamera S Hybrid (2011 – 2013),Panamera,NA,NA,2011,The Rest of the Porsche Model Guides,Road,NA,front,NA,NA,NA,NA,NA,NA,NA,NA,NA,NA,NA,https://www.stuttcars.com/wp-content/uploads/2021/09/PORSCHE-Panamera-S-Hybrid-907-4322_18.jpeg,https://www.stuttcars.com/porsche-panamera-s-hybrid-2011-2013/,"Porsche decided to offer a hybrid version for its four-door GranTurismo range. It already had the system developed for the Cayenne range. It was just a matter of time to install it in the Panamera. The Hybrid version of the Panamera was unveiled in downtown Kuala Lumpur in 2011. Since its launch, the four-door GranTurismo Porsche was very well received by the market in all its forms. The Hybrid version was launched at the same time with the Turbo S version."
Porsche,Panamera Turbo S,Porsche Panamera Turbo S (2011 – 2013),Panamera,NA,NA,2011,The Rest of the Porsche Model Guides,Road,NA,front,NA,NA,NA,NA,NA,NA,NA,NA,NA,NA,NA,https://www.stuttcars.com/wp-content/uploads/2016/04/2011_Porsche_PanameraTurboS2.jpg,https://www.stuttcars.com/porsche-panamera-turbo-s-2011-2013/,"With its new top model in the Gran Turismo model line, Dr. Ing. h.c. F. Porsche AG, Stuttgart, is raising the bar for sporty four-door cars in the luxury class by yet another notch. The new Panamera Turbo S is a unique combination of performance and efficiency, driving dynamics and comfort. The 4.8 litre, V8 biturbo charged engine delivers 550 hp (410 kW), ten percent or 50 hp (37 kW) more than the already very powerful engine in the Panamera Turbo. By the same token, the torque also increases from 700 to 750 Nm. In the “Sport” and “Sport Plus” mode of the standard Sport Chrono Package Turbo and during kick-down in normal mode, the eight cylinder engine delivers fully 800 Nm with the so-called overboost function."
Porsche,911 Black Edition,Porsche 911 Black Edition (997.2) (2012),911,997.2,911,2012,Porsche 911 Model Guides,Road,flat-6,rear,3600,344,6500,389,4400,288,NA,NA,NA,NA,NA,https://www.stuttcars.com/wp-content/uploads/2021/11/2012-porsche-911-black-edition-cabriolet-photo-382545-s-986x603-1.jpeg,https://www.stuttcars.com/porsche-911-black-edition-997-2-2012/,"Limited production Carrera Coupe & Cab with only 1,911 units made"
Porsche,911 Carrera Cabriolet,Porsche 911 Carrera Cabriolet (991) (2012 – 2015),911,991,911,2012,Porsche 911 Model Guides,Road,flat-6,rear,3400,350,7400,389,5600,286,NA,NA,NA,NA,NA,https://www.stuttcars.com/wp-content/uploads/2016/04/2012_Porsche_911CarreraCabriolet-5-1024.jpg,https://www.stuttcars.com/porsche-911-carrera-cabriolet-991-2012-2015/,Porsche is doubling the driving fun to be had from the new 911 Carrera by putting a Cabriolet alongside the Coupe
Porsche,911 Carrera Coupe,Porsche 911 Carrera Coupe (991) (2012 – 2015),911,991,911,2012,Porsche 911 Model Guides,Road,flat-6,rear,3400,350,7400,389,5600,288,NA,NA,NA,NA,NA,https://www.stuttcars.com/wp-content/uploads/2016/04/2012_Porsche_911CarreraCoup4.jpg,https://www.stuttcars.com/porsche-911-carrera-coupe-2012-2015/,"The latest generation 911 arrives and even in base form, it is a cracking car"
Porsche,911 Carrera S Cabriolet,Porsche 911 Carrera S Cabriolet (991) (2012 – 2015),911,991,911,2012,Porsche 911 Model Guides,Road,flat-6,rear,3800,400,7400,441,5600,301,NA,NA,NA,NA,NA,https://www.stuttcars.com/wp-content/uploads/2021/12/PORSCHE-911-Carrera-S-Cabriolet-991-4478_36.jpeg,https://www.stuttcars.com/porsche-911-carrera-s-cabriolet-991-2012-2015/,A Pretty Perfect Open Top Sports Car
Porsche,911 Carrera S Coupe,Porsche 911 Carrera S Coupe (991) (2012- 2015),911,991,911,2012,Porsche 911 Model Guides,Road,flat-6,rear,3800,400,7400,441,5600,303,NA,NA,NA,NA,NA,https://www.stuttcars.com/wp-content/uploads/2021/12/PORSCHE-911-Carrera-S-991-4476_23.jpeg,https://www.stuttcars.com/porsche-911-carrera-s-991-2012-2015/,"It is physically bigger, much faster and still the best sports car on the planet"
Porsche,911 Turbo S “Edition 918 Spyder”,Porsche 911 Turbo S “Edition 918 Spyder” (997.2) (2012),911,997.2,911,2012,Porsche 911 Model Guides,Road,flat-6,rear,3800,500,6000,651,1950,312,NA,NA,NA,NA,NA,https://www.stuttcars.com/wp-content/uploads/2021/11/autowp.ru_porsche_911_turbo_s_coupe_edition_918_spyder_1.jpg,https://www.stuttcars.com/porsche-911-turbo-s-edition-918-spyder-997-2012/,Inspired by the 918 Spyder
Porsche,Cayman R,Porsche Cayman R (2012),Cayman,NA,NA,2012,Porsche Boxster & Cayman Model Guides,Road,flat-6,mid,3400,335,7400,370,4750,282,NA,NA,NA,NA,NA,https://www.stuttcars.com/wp-content/uploads/2016/04/2010_Porsche_CaymanR2.jpg,https://www.stuttcars.com/porsche-cayman-r-2012/,A weight savings of 121 lbs. More power and lots of detailed work under the skin. One of the best driver's cars Porsche has ever made and that is saying a lot.
Porsche,Cayman S Black Edition,Porsche Cayman S Black Edition (2012),Cayman,NA,NA,2012,Porsche Boxster & Cayman Model Guides,Road,flat-6,mid,3400,335,7400,370,4750,274,NA,NA,NA,NA,NA,https://www.stuttcars.com/wp-content/uploads/2021/10/2012_cayman_s_black_3.jpeg,https://www.stuttcars.com/porsche-cayman-s-black-edition-2012/,A Cayman S with the 330 BHP engine found in the R but without all of the other performance focus. Only 500 made.
Porsche,Panamera GTS,Porsche Panamera GTS (2012 – 2013),Panamera,NA,NA,2012,The Rest of the Porsche Model Guides,Road,NA,front,NA,NA,NA,NA,NA,NA,NA,NA,NA,NA,NA,https://www.stuttcars.com/wp-content/uploads/2016/04/2012_Porsche_PanameraGTS1.jpg,https://www.stuttcars.com/porsche-panamera-gts-2012-2013/,"In 2009, Porsche shook the world with the introduction of its four-door sedan model, the Panamera. Before everyone understood what was all about, in 2011 a new version was launched: the GTS. The Cayenne was a model that attracted the biggest sales for a Porsche model, despite the hate comments from the purists. One of the best versions of the SUV was the GTS version. Considering this, it was no wonder that a Panamera GTS was introduced."
Porsche,904 Living Legend Concept,Porsche 904 Living Legend Concept (2013),904,904,904,2013,Porsche Concept Car Guides,Concept,NA,mid,NA,NA,NA,NA,NA,NA,NA,NA,NA,NA,NA,https://www.stuttcars.com/wp-content/uploads/2021/06/2013-Porsche-904-Living-Legend-Concept-001-1536.jpeg,https://www.stuttcars.com/porsche-904-living-legend-concept/,A reimagined Porsche 904 Carrera GTS concept
Porsche,911 Carrera 4 Cabriolet,Porsche 911 Carrera 4 Cabriolet (991) (2013 – 2015),911,991,911,2013,Porsche 911 Model Guides,Road,flat-6,rear,3400,350,7400,389,5600,282,NA,NA,NA,NA,NA,https://www.stuttcars.com/wp-content/uploads/2016/04/2012_Porsche_911Carrera4Cabriolet-0-1024.jpg,https://www.stuttcars.com/porsche-911-carrera-4-cabriolet-991-2013-2015/,All-weather traction combined with drop top fun
Porsche,911 Carrera 4 Coupe,Porsche 911 Carrera 4 Coupe (991) (2013 – 2015),911,991,911,2013,Porsche 911 Model Guides,Road,flat-6,rear,3400,350,7400,389,5600,282,NA,NA,NA,NA,NA,https://www.stuttcars.com/wp-content/uploads/2016/04/2012_Porsche_911Carrera4Coup-6-1024.jpg,https://www.stuttcars.com/porsche-911-carrera-4-coupe-991-2013-2015/,Uses an all-wheel-drive system based on that of the outgoing 911 Turbo
Porsche,911 Carrera 4S Cabriolet,Porsche 911 Carrera 4S Cabriolet (991) (2013 – 2015),911,991,911,2013,Porsche 911 Model Guides,Road,flat-6,rear,3800,400,7400,441,5600,298,NA,NA,NA,NA,NA,https://www.stuttcars.com/wp-content/uploads/2016/04/2012_Porsche_911Carrera4SCabriolet-0-1024-1.jpg,https://www.stuttcars.com/porsche-911-carrera-4s-cabriolet-991-2013-2015/,Proves that you can have your cake and eat it too
Porsche,911 Carrera 4S Coupe,Porsche 911 Carrera 4S Coupe (991) (2013 – 2015),911,991,911,2013,Porsche 911 Model Guides,Road,flat-6,rear,3800,400,7400,441,5600,296,NA,NA,NA,NA,NA,https://www.stuttcars.com/wp-content/uploads/2016/04/2012_Porsche_911Carrera4SCoup-0-1024.jpg,https://www.stuttcars.com/porsche-911-carrera-4s-coupe-991-2013-2015/,The new Porsche 911 Carrera 4 unites the excellent performance and efficiency of the new generation of the 911 Carrera with the dynamic benefits of the latest version of the active all-wheel drive system PTM (Porsche Traction Management). The typical Porsche all-wheel drive with rear-focused layout in this latest 911 version guarantees maximum vehicle dynamics on a wide variety of road surfaces and in all weather conditions. The new 911 Carrera 4 models deliver traction and dynamic performance the power of four.
Porsche,911 GT3 Cup,Porsche 911 GT3 Cup (991) (2013 – 2016),911,991,911,2013,Porsche 911 Model Guides,Road,flat-6,rear,3800,466,7500,NA,NA,282,NA,NA,NA,NA,NA,https://www.stuttcars.com/wp-content/uploads/2021/11/2013-porsche-911-gt3-cup_100412560_h.jpeg,https://www.stuttcars.com/porsche-911-gt3-cup-991-2013-2016/,Continues to be the most successful race car in the world.
Porsche,911 RSR,Porsche 911 RSR (991) (2013 – 2016),911,991,911,2013,Porsche 911 Model Guides,Road,flat-6,rear,4000,456,NA,NA,NA,NA,NA,NA,NA,NA,NA,https://www.stuttcars.com/wp-content/uploads/2016/04/2013-porsche-911-rsr-race-car_100424171_h.jpeg,https://www.stuttcars.com/porsche-911-rsr-991-2013-2016/,2015 FIA World Endurance Cup for GT winner
Porsche,917 Living Legend Concept,Porsche 917 Living Legend Concept (2013),917,917,917,2013,Porsche Concept Car Guides,Concept,NA,mid,NA,NA,NA,NA,NA,NA,NA,NA,NA,NA,NA,https://www.stuttcars.com/wp-content/uploads/2019/05/porsche-917-concept-4.jpg,https://www.stuttcars.com/porsche-concept-917/,Celebrating an iconic legend.
Porsche,918 Spyder,Porsche 918 Spyder,918,918,918,2013,Porsche Supercar Model Guides,Supercar,V8,mid,4600,899,8600,1280,NA,345,NA,NA,NA,NA,NA,https://www.stuttcars.com/wp-content/uploads/2021/05/2015-Porsche-918-Spyder-001-1600-1400x875-2.jpg,https://www.stuttcars.com/porsche-918-spyder/,"Simply stated, the Porsche 918 Spyder was a special hypercar. A mid-engined, plug-in hybrid masterpiece"
Porsche,918 Spyder Prototype,Porsche 918 Spyder Prototype (2013),918,918,918,2013,Porsche Supercar Model Guides,Supercar,V8,mid,NA,781,NA,750,NA,325,NA,NA,NA,NA,NA,https://www.stuttcars.com/wp-content/uploads/2021/05/2012_Porsche_918SpyderPrototyp5.jpeg,https://www.stuttcars.com/porsche-918-spyder-prototyp/,The 918 Spyder concept. Electric-mobility plus stunning looks.
Porsche,Boxster,Porsche Boxster (2013 – 2016),Boxster,NA,NA,2013,Porsche Boxster & Cayman Model Guides,Road,flat-6,mid,2700,265,6700,279,4500,264,NA,NA,NA,NA,NA,https://www.stuttcars.com/wp-content/uploads/2016/04/2012_Porsche_Boxster-2-1024-1.jpg,https://www.stuttcars.com/porsche-boxster-2013-2016/,"Never before in the history of the Porsche Boxster was a change of generation so comprehensive. The open-top two-seater car is being marketed with a completely new lightweight body and a completely revamped chassis. Considerably lower weight, longer wheelbase, a wider track and larger wheels significantly enhance yet further the mid-engine sports car’s driving dynamics, already far and away the best in its class, supported by the new electro-mechanical power steering. The new Boxsters boast superior performance and are also up to 15 per cent more fuel-efficient. Depending on model, they get by with significantly less than eight litres of fuel per 100 kilometres."
Porsche,Boxster S,Porsche Boxster S (2013 – 2016),Boxster,NA,NA,2013,Porsche Boxster & Cayman Model Guides,Road,flat-6,mid,3400,315,6700,359,4500,278,NA,NA,NA,NA,NA,https://www.stuttcars.com/wp-content/uploads/2016/04/2012_Porsche_BoxsterS-0-1024.jpg,https://www.stuttcars.com/porsche-boxster-s-2013-2016/,"Never before in the history of the Porsche Boxster was a change of generation so comprehensive. The open-top two-seater car is being marketed with a completely new lightweight body and a completely revamped chassis. Considerably lower weight, longer wheelbase, a wider track and larger wheels significantly enhance yet further the mid-engine sports car’s driving dynamics, already far and away the best in its class, supported by the new electro-mechanical power steering. The new Boxsters boast superior performance and are also up to 15 per cent more fuel-efficient. Depending on model, they get by with significantly less than eight litres of fuel per 100 kilometres."
Porsche,Cayenne Diesel S,Porsche Cayenne Diesel S (2013 – 2014),Cayenne,NA,NA,2013,The Rest of the Porsche Model Guides,Road,NA,front,NA,NA,NA,NA,NA,NA,NA,NA,NA,NA,NA,https://www.stuttcars.com/wp-content/uploads/2021/09/2013-Porsche-Cayenne-S-Diesel-01-626x382-1.jpeg,https://www.stuttcars.com/porsche-cayenne-diesel-s-2013-2014/,"Porsche has introduced its new, sportier oil-burning Cayenne S diesel, which slots above the regular Cayenne diesel in the automaker’s SUV lineup. The biggest differences between the S and the normal diesel include a much more powerful engine—it boasts two additional cylinders and one additional turbocharger—and that sales of the S will be restricted to Europe."
Porsche,Cayenne GTS,Porsche Cayenne GTS (2013 – 2014),Cayenne,NA,NA,2013,The Rest of the Porsche Model Guides,Road,NA,front,NA,NA,NA,NA,NA,NA,NA,NA,NA,NA,NA,https://www.stuttcars.com/wp-content/uploads/2021/09/PORSCHECayenneGTS-4560_6.jpeg,https://www.stuttcars.com/porsche-cayenne-gts-2013-2014/,The Cayenne GTS was the last station between the Cayenne S and the Turbo version.
Porsche,Cayman,Porsche Cayman (2013 – 2016),Cayman,NA,NA,2013,Porsche Boxster & Cayman Model Guides,Road,flat-6,mid,2700,265,6700,279,4500,264,NA,NA,NA,NA,NA,https://www.stuttcars.com/wp-content/uploads/2016/04/2013_Porsche_Cayman-0-1024.jpg,https://www.stuttcars.com/porsche-cayman-2013-2016/,"The 2013 model year saw the introduction of an all new platform, the new 981 Cayman."
Porsche,Cayman S,Porsche Cayman S (2013 – 2016),Cayman,NA,NA,2013,Porsche Boxster & Cayman Model Guides,Road,flat-6,mid,3400,315,6700,359,4500,278,NA,NA,NA,NA,NA,https://www.stuttcars.com/wp-content/uploads/2016/04/PORSCHE-Cayman-S-981-4751_60.jpeg,https://www.stuttcars.com/porsche-cayman-s-2013-2016/,The 2013 Porsche Cayman continued to execute perfectly on the mid-engined sports car mission.
Porsche,Panamera Platinum Edition,Porsche Panamera Platinum Edition (2013),Panamera,NA,NA,2013,The Rest of the Porsche Model Guides,Road,NA,front,NA,NA,NA,NA,NA,NA,NA,NA,NA,NA,NA,https://www.stuttcars.com/wp-content/uploads/2021/09/porsche-panamera-pla-9_1600x0.webp,https://www.stuttcars.com/porsche-panamera-platinum-edition-2013/,"The new Panamera Platinum Edition will be distinguished by selected design features in Platinum Silver on the air-inlet grille lamellas, lower half of the side view mirrors, the trim on the trunk lid, the rear diffuser, and on the air vent grille on the side. The final touch a special set of 19-inch Panamera Turbo alloy wheels with the red, black, and gold Porsche crest. For the interior, this special edition gets an exclusive part-leather interior package and a number of other color and material combinations."
Porsche,911 50th Anniversary Edition,Porsche 911 50th Anniversary Edition (991) (2014),911,991,911,2014,Porsche 911 Model Guides,Road,flat-6,rear,3600,436,7500,441,5750,298,NA,NA,NA,NA,NA,https://www.stuttcars.com/wp-content/uploads/2016/04/2013_Porsche_91150thAnniversaryEdition-0-1024.jpg,https://www.stuttcars.com/porsche-911-50th-anniversary-991-2014/,"Built by Porsche to commemorate the 911’s birthday, 50 years after its production launch in 1964."
Porsche,911 50th Anniversary Edition Turbo S Coupe,Porsche 911 50th Anniversary Edition Turbo S Coupe (2014),911,911,911,2014,Porsche 911 Model Guides,Road,NA,rear,NA,NA,NA,NA,NA,NA,NA,NA,NA,NA,NA,https://www.stuttcars.com/wp-content/uploads/2024/12/Porsche-Seinfeld-911-12.jpg,https://www.stuttcars.com/2014-porsche-911-50th-anniversary-edition-turbo-s-coupe/,"Jerry Seinfeld’s ""1 of 1"" 911 demands top dollar"
Porsche,911 GT America,Porsche 911 GT America (991) (2014),911,991,911,2014,Porsche 911 Model Guides,Road,flat-6,rear,4000,477,NA,NA,NA,NA,NA,NA,NA,NA,NA,https://www.stuttcars.com/wp-content/uploads/2016/04/2014_Porsche_911GTAmerica-3-1024.jpeg,https://www.stuttcars.com/porsche-911-gt-america-991-2014/,Built for the United Sports Car Racing (USRC) series and its GT Daytona class for 2014
Porsche,911 GT3,Porsche 911 GT3 (991) (2014 – 2016),911,991,911,2014,Porsche 911 Model Guides,Road,flat-6,rear,3800,476,8250,441,6250,315,NA,NA,NA,NA,NA,https://www.stuttcars.com/wp-content/uploads/2016/04/2013_Porsche_911GT3-0-1024.jpg,https://www.stuttcars.com/porsche-911-gt3-991-2014-2016/,All-new 3.8-litre flat-six. Electric steering. No manual gearbox. Still one of the best sports cars money can buy
Porsche,911 Targa 4,Porsche 911 Targa 4 (991) (2014 – 2015),911,991,911,2014,Porsche 911 Model Guides,Road,flat-6,rear,3400,350,7400,389,5600,282,NA,NA,NA,NA,NA,https://www.stuttcars.com/wp-content/uploads/2016/04/2014_Porsche_911Targa4-3-1024-1.jpg,https://www.stuttcars.com/porsche-911-targa-4-991-2014-2015/,Will the original Targa please stand up
Porsche,911 Targa 4S,Porsche 911 Targa 4S (991) (2014 – 2015),911,991,911,2014,Porsche 911 Model Guides,Road,flat-6,rear,3800,400,7400,441,5600,295,NA,NA,NA,NA,NA,https://www.stuttcars.com/wp-content/uploads/2016/04/2014_Porsche_911Targa4S-1-1024.jpg,https://www.stuttcars.com/porsche-911-targa-4s-991-2014-2015/,Offer the perfect halfway house between the coupe and convertible. Now with the cool new (old) proper Targa style
Porsche,911 Turbo Cabriolet,Porsche 911 Turbo Cabriolet (991) (2014 – 2016),911,991,911,2014,Porsche 911 Model Guides,Road,flat-6,rear,3800,527,6000,660,1950,314,NA,NA,NA,NA,NA,https://www.stuttcars.com/wp-content/uploads/2021/12/PORSCHE-911-Turbo-Cabriolet-991-5562_19.jpeg,https://www.stuttcars.com/porsche-911-turbo-cabriolet-991-2014-2016/,Open Top Driving Has Never Been So Fast & Easy
Porsche,911 Turbo Coupe,Porsche 911 Turbo Coupe (991) (2014 – 2016),911,991,911,2014,Porsche 911 Model Guides,Road,flat-6,rear,3800,527,6000,660,1950,315,NA,NA,NA,NA,NA,https://www.stuttcars.com/wp-content/uploads/2021/12/PORSCHE-911-Turbo-991-4854_14.jpeg,https://www.stuttcars.com/porsche-911-turbo-991-2014-2016/,The new 911 Turbo has even more power and more electronic systems. The perfect GT.
Porsche,911 Turbo S,Porsche 911 Turbo S (991) (2014 – 2016),911,991,911,2014,Porsche 911 Model Guides,Road,flat-6,rear,3800,568,6500,700,2100,319,NA,NA,NA,NA,NA,https://www.stuttcars.com/wp-content/uploads/2016/04/2013_Porsche_911TurboS-3-1024.jpg,https://www.stuttcars.com/porsche-911-turbo-s-991-2014-2016/,560 bhp and 516 ft of Porsche GT Perfection
Porsche,911 Turbo S Cabriolet,Porsche 911 Turbo S Cabriolet (991) (2014 – 2016),911,991,911,2014,Porsche 911 Model Guides,Road,flat-6,rear,3800,568,6500,700,2100,317,NA,NA,NA,NA,NA,https://www.stuttcars.com/wp-content/uploads/2016/04/2013_Porsche_911TurboSCabriolet-0-1024.jpg,https://www.stuttcars.com/porsche-911-turbo-s-cabriolet-991-2014-2016/,Supercar Performance In a Cabriolet Body
Porsche,919 Hybrid,Porsche 919 Hybrid (2014),919,919,919,2014,Porsche Race Car Guides,Competition,2.0 L Turbo V4 Hybrid,mid,2000,760,NA,NA,NA,NA,NA,NA,NA,NA,NA,https://www.stuttcars.com/wp-content/uploads/2016/04/2014_Porsche_919Hybrid-3-1024.jpg,https://www.stuttcars.com/porsche-919-hybrid-2014/,"The Porsche LMP1-H (Le Mans Prototype Class 1, Hybrid) race car featured a hybrid system that consisted of a turbocharged 2.0V4 petrol engine at the rear axle and an electric motor at the front axle. The electric motor/generator unit (MGU) collected the energy from the front axle under braking and the AER exhaust energy recovery system operated on the exhaust gas – a separate turbocharger ran an alternator. The 2-litre engine sounds like a very small one, but the air flow into the engine was not restricted and up to 4 bar/58 PSI turbo boost pressure was allowed. By the new rules, the instant fuel consumption was limited and therefore the 2-litre engine was the effective choice. The Energy Recovery System (ERS) stored the energy in a battery until the driver activated the electric motor on the front axle."
Porsche,Cayman GTS,Porsche Cayman GTS (2014 – 2016),Cayman,NA,NA,2014,Porsche Boxster & Cayman Model Guides,Road,flat-6,mid,3400,335,6700,369,4500,282,NA,NA,NA,NA,NA,https://www.stuttcars.com/wp-content/uploads/2016/04/2014_Porsche_CaymanGTS-2-1024.jpg,https://www.stuttcars.com/porsche-cayman-gts-2014-2016/,"The 981 generation Cayman GTS was introduced as a 2014 mode year car and it followed the GTS playbook of giving the car more standard equipment, more power and an overall experience that was more the sum of the parts."
Porsche,Panamera,Porsche Panamera (2014 – 2016),Panamera,NA,NA,2014,The Rest of the Porsche Model Guides,Road,NA,front,NA,NA,NA,NA,NA,NA,NA,NA,NA,NA,NA,https://www.stuttcars.com/wp-content/uploads/2021/09/PORSCHE-Panamera-970-5783_3.jpeg,https://www.stuttcars.com/porsche-panamera-2014-2016/,"The Panamera received a fairly substantial mid-cycle update for 2014. The base engine, installed in the Panamera version, was an upgraded version of the previously used 3.6-liter V6. For the 2014 model year, it was mated exclusively with a 7-speed (PDK – dual-clutch) automatic gearbox and the 6-speed manual was dropped. It also gained some extra horses. The power of the V6 engine in the Panamera increased ten hp (eight kW) to 306 bhp @ 6200 rpm and 295 ft lbs @ 3750 rpm of torque, while the fuel consumption decreased 0.9 litres to significantly less than nine litres per 100 km."
Porsche,Panamera 4,Porsche Panamera 4 (2014 – 2016),Panamera,NA,NA,2014,The Rest of the Porsche Model Guides,Road,NA,front,NA,NA,NA,NA,NA,NA,NA,NA,NA,NA,NA,https://www.stuttcars.com/wp-content/uploads/2021/09/PORSCHE-Panamera-4-970-5784_5.jpeg,https://www.stuttcars.com/porsche-panamera-4-2014-2016/,"The Panamera received a fairly substantial mid-cycle update for 2014. The base engine, installed in the Panamera 4 version, was an upgraded version of the previously used 3.6-liter V6. For the 2014 model year, it was mated exclusively with a 7-speed (PDK – dual-clutch) automatic gearbox and the 6-speed manual was dropped. It also gained some extra horses. The power of the V6 engine in the Panamera and Panamera 4, for example, increased ten hp (eight kW) to 306 bhp @ 6200 rpm and 295 ft lbs @ 3750 rpm of torque, while the fuel consumption decreased 0.9 litres to significantly less than nine litres per 100 km."
Porsche,Panamera 4S,Porsche Panamera 4S (2014 – 2016),Panamera,NA,NA,2014,The Rest of the Porsche Model Guides,Road,NA,front,NA,NA,NA,NA,NA,NA,NA,NA,NA,NA,NA,https://www.stuttcars.com/wp-content/uploads/2016/04/2013_Porsche_Panamera4S-1-1024.jpg,https://www.stuttcars.com/porsche-panamera-4s-2014-2016/,"Boosting of performance and efficiency is a core competency at Porsche. In developing the new Panamera, this led to an entirely new engine based on the downsizing concept: a V6 engine with three litres displacement and biturbo charging. The V6 biturbo replaces the previous 4.8-litre V8 engine in the Panamera S and Panamera 4S, and it is also used in the new Executive version of the Panamera 4S. Its basic parameters themselves are indicators of progress: 20 hp more power and 20 Newton metres more torque, but up to 18 per cent better fuel economy compared to the V8 engine in the previous model. This not only gives the driver a more powerful and efficient engine; turbocharging results in a maximum torque of 520 Newton metres being available over a very broad range of engine speeds for a superior and uniform power curve, even at low revs."
Porsche,Panamera 4S Executive,Porsche Panamera 4S Executive (2014 – 2016),Panamera,NA,NA,2014,The Rest of the Porsche Model Guides,Road,NA,front,NA,NA,NA,NA,NA,NA,NA,NA,NA,NA,NA,https://www.stuttcars.com/wp-content/uploads/2021/09/002-2014-porsche-panamera-executive-qs.jpeg,https://www.stuttcars.com/porsche-panamera-4s-executive-2014-2016/,"As part of the mid-cycle Panamera refresh, Porsche introduced two “Executive” models. The Panamera 4S Executive and the Panamera Turbo Executive. These variants had especially high standards for space, ambience and ride comfort. The wheelbase and passenger compartment were extended by 15 centimetres, and both of these dimensions directly benefit comfort in the rear seating area, since the body was extended behind the B pillar in the long version. For one, this means larger doors for more comfortable entry, and for another even more leg room in front of the two rear bucket seats."
Porsche,Panamera Diesel,Porsche Panamera Diesel (2014 – 2016),Panamera,NA,NA,2014,The Rest of the Porsche Model Guides,Road,NA,front,NA,NA,NA,NA,NA,NA,NA,NA,NA,NA,NA,https://www.stuttcars.com/wp-content/uploads/2021/09/PORSCHE-Panamera-Diesel-4998_2.jpeg,https://www.stuttcars.com/porsche-panamera-diesel-2014-2016/,"The diesel version had to wait until September to be unveiled at the Frankfurt Motor Show and that made sense since Europe was the biggest market for the Panamera diesel. Apart from the visual differences, there were some technological evolutions as well."
Porsche,Panamera GTS,Porsche Panamera GTS (2014 – 2016),Panamera,NA,NA,2014,The Rest of the Porsche Model Guides,Road,NA,front,NA,NA,NA,NA,NA,NA,NA,NA,NA,NA,NA,https://www.stuttcars.com/wp-content/uploads/2016/04/2013_Porsche_PanameraGTS-0-1024.jpg,https://www.stuttcars.com/porsche-panamera-gts-2014-2016/,"More power and upgraded brakes, a body lowered by ten millimetres and the especially sportily tuned chassis with air suspension and PASM are the major technical modifications that make it the Panamera model capable of cutting it on the racing circuit – without sacrificing practicality."
Porsche,Panamera S,Porsche Panamera S (2014 – 2016),Panamera,NA,NA,2014,The Rest of the Porsche Model Guides,Road,NA,front,NA,NA,NA,NA,NA,NA,NA,NA,NA,NA,NA,https://www.stuttcars.com/wp-content/uploads/2021/09/PORSCHE-Panamera-S-970-5785_5.jpeg,https://www.stuttcars.com/porsche-panamera-s-2014-2016/,A major improvement for the Panamera S was the standard bi-xenon headlights and the option for full LED lamps. The daytime running lights were fitted with light-emitting diodes as standard. The revised front and rear bumpers brought a more aggressive look for the car. The bigger side-scoops in the apron were inspired by those installed on the 911 range. A wider rear windscreen was installed on the new tailgate.
Porsche,Panamera S E-Hybrid,Porsche Panamera S E-Hybrid (2014 – 2016),Panamera,NA,NA,2014,The Rest of the Porsche Model Guides,Road,NA,front,NA,NA,NA,NA,NA,NA,NA,NA,NA,NA,NA,https://www.stuttcars.com/wp-content/uploads/2016/04/2013_Porsche_PanameraSEHybrid-0-1024.jpg,https://www.stuttcars.com/porsche-panamera-s-e-hybrid-2014-2016/,"In the second generation of the Gran Turismo, Porsche is introducing the world’s first plug-in hybrid to the luxury class. Along with the Panamera S E-Hybrid with 416 hp of system power, two luxurious Executive versions are also making their debut with an extended wheelbase and an entirely new three-litre V6 engine with biturbo charging for the Panamera S and Panamera 4S. An already unrivaled broad base of models has now been extended and consists of ten models offering an even further broader range between sportiness and comfort. New and further developed technologies have enabled fuel savings of up to 56 per cent, while further enhancing operating and driving comfort. The new Panamera underscores its exceptional positioning with an even more expressive design language in the style of the new sports car generations that are marked by tighter lines, more pronounced contours and newly shaped body elements. In short: The Porsche Panamera is even more efficient, sporty, comfortable and elegant. The new generation Gran Turismo celebrates its world premiere at Auto China in Shanghai, which opens its gates on the 21st of April 2013."
Porsche,Panamera Sport Turismo,Porsche Panamera Sport Turismo (2014),Panamera,NA,NA,2014,The Rest of the Porsche Model Guides,Road,NA,front,NA,NA,NA,NA,NA,NA,NA,NA,NA,NA,NA,https://www.stuttcars.com/wp-content/uploads/2016/04/2012_Porsche_PanameraSportTurismo-0-1024.jpg,https://www.stuttcars.com/porsche-panamera-sport-turismo-2012/,"Premiere: 2012 September 26, Paris motor show"
Porsche,Panamera Turbo,Porsche Panamera Turbo (2014 – 2016),Panamera,NA,NA,2014,The Rest of the Porsche Model Guides,Road,NA,front,NA,NA,NA,NA,NA,NA,NA,NA,NA,NA,NA,https://www.stuttcars.com/wp-content/uploads/2016/04/2013_Porsche_PanameraTurbo-0-1024.jpg,https://www.stuttcars.com/porsche-panamera-turbo-2014-2016/,The Porsche Panamera Turbo got an update at the same time as the rest of the Panamera lineup for the 2014 model year. The Panamera facelift was unveiled at the Shanghai Motor Show in 2013 while the Turbo version was introduced in January 2014.
Porsche,Panamera Turbo Executive,Porsche Panamera Turbo Executive (2014 – 2016),Panamera,NA,NA,2014,The Rest of the Porsche Model Guides,Road,NA,front,NA,NA,NA,NA,NA,NA,NA,NA,NA,NA,NA,https://www.stuttcars.com/wp-content/uploads/2016/04/2013_Porsche_PanameraTurboExecutive-3-1024.jpg,https://www.stuttcars.com/porsche-panamera-turbo-executive-2014-2016/,"The big news for 2014 was the introduction of an all-new Panamera Turbo executive model. It featured a 15 cm (5.9”) longer wheelbase than the Turbo. It was built to offer more legroom in the back. Strangely though, it was built especially for the Chinese market, where the long-wheelbase version of a car, any car, was considered an executive car by default."
Porsche,Panamera Turbo S,Porsche Panamera Turbo S (2014 – 2016),Panamera,NA,NA,2014,The Rest of the Porsche Model Guides,Road,NA,front,NA,NA,NA,NA,NA,NA,NA,NA,NA,NA,NA,https://www.stuttcars.com/wp-content/uploads/2016/04/2013_Porsche_PanameraTurboS-0-1024.jpg,https://www.stuttcars.com/porsche-panamera-turbo-s-2014-2016/,"Porsche is placing its fastest, most powerful and most luxurious Panamera at the peak of its Gran Turismo series: With a power output of 570 bhp and a top speed of 310 km/h plus a particularly extensive and top-quality range of features, the Panamera Turbo S is guaranteed a special status in its market segment. For the first time ever, an Executive version of the Panamera Turbo S is also available with a wheelbase that has been extended by 15 centimetres. As a result, the Panamera Turbo S Executive offers significantly more space and even more comfort, particularly at the rear. Thermal and noise-insulated windows, which include privacy glazing, the interior lighting package designed especially for the rear and a large centre console at the rear are just some of the extensive equipment options that belong to this series. The new top model in the Panamera model line will be celebrating its world premiere at the Tokyo Motor Show."
Porsche,Panamera Turbo S Executive,Porsche Panamera Turbo S Executive (2014 – 2016),Panamera,NA,NA,2014,The Rest of the Porsche Model Guides,Road,NA,front,NA,NA,NA,NA,NA,NA,NA,NA,NA,NA,NA,https://www.stuttcars.com/wp-content/uploads/2016/04/2013_Porsche_PanameraTurboSExecutive-0-1024.jpg,https://www.stuttcars.com/porsche-panamera-turbo-s-executive-2014-2016/,"The advantages offered by the PDCC in terms of driving dynamics are enhanced still further by the Porsche Torque Vectoring Plus system and the electronically controlled rear-axle differential lock with variable locking effect. The system optimises steering behaviour and traction for a sporty driving experience. The Panamera Turbo S comes with the PCCB as standard. These super powerful, race-tested ceramic brakes with yellow brake callipers offer clear advantages over conventional grey cast iron brake discs. A reduction in mass of approx. 50%, a faster handling response and the corrosion resistance of the brake calliper rings guarantee maximum performance."
Porsche,906 Living Legend Concept,Porsche 906 Living Legend Concept (2015),906,906,906,2015,Porsche Concept Car Guides,Concept,NA,mid,NA,NA,NA,NA,NA,NA,NA,NA,NA,NA,NA,https://www.stuttcars.com/wp-content/uploads/2021/06/Porsche-906-Living-Legend-2015-3.png,https://www.stuttcars.com/porsche-906-living-legend-concept/,"In this vision of a super sports car, the Porsche 906 provided the proportions and design cues."
Porsche,911 Carrera 4 GTS Cabriolet,Porsche 911 Carrera 4 GTS Cabriolet (991) (2015 – 2016),911,991,911,2015,Porsche 911 Model Guides,Road,flat-6,rear,3800,436,7500,441,5750,303,NA,NA,NA,NA,NA,https://www.stuttcars.com/wp-content/uploads/2021/12/PORSCHE-911-Carrera-4-GTS-Cabriolet-5312_3.jpeg,https://www.stuttcars.com/porsche-911-carrera-4-gts-cabriolet-991-2015-2016/,The all-weather 911 with all the right options out of the box
Porsche,911 Carrera 4 GTS Coupe,Porsche 911 Carrera 4 GTS Coupe (991) (2015 – 2016),911,991,911,2015,Porsche 911 Model Guides,Road,flat-6,rear,3800,436,7500,441,5750,303,NA,NA,NA,NA,NA,https://www.stuttcars.com/wp-content/uploads/2021/12/PORSCHE-911-Carrera-4-GTS-5311_9.jpeg,https://www.stuttcars.com/porsche-911-carrera-4-gts-coupe-991-2015-2016/,Looking for a track car? Get a GT3. Looking for the perfect daily driver? Get the Carrera 4 GTS Coupe.
Porsche,911 Carrera GTS Cabriolet,Porsche 911 Carrera GTS Cabriolet (991) (2015 – 2016),911,991,911,2015,Porsche 911 Model Guides,Road,flat-6,rear,3800,436,7500,441,5750,306,NA,NA,NA,NA,NA,https://www.stuttcars.com/wp-content/uploads/2016/04/2014_Porsche_911Carrera4GTSCabriolet-0-1024.jpg,https://www.stuttcars.com/porsche-911-carrera-gts-cabriolet-991-2015-2016/,"Faster and more focused, this is a 911 Cabriolet that perfectly straddles serious sports car with open top fun"
Porsche,911 Carrera GTS Coupe,Porsche 911 Carrera GTS Coupe (991) (2015 – 2016),911,991,911,2015,Porsche 911 Model Guides,Road,flat-6,rear,3800,436,7500,441,5750,306,NA,NA,NA,NA,NA,https://www.stuttcars.com/wp-content/uploads/2016/04/2014_Porsche_911Carrera4GTSCoup-0-1024.jpg,https://www.stuttcars.com/porsche-911-carrera-gts-coupe-991-2015-2016/,"More aggressive looks, significant extra power, and highly desirable options. This is the perfect all-round 911."
Porsche,911 GT3 RS,Porsche 911 GT3 RS (991) (2015 – 2016),911,991,911,2015,Porsche 911 Model Guides,Road,flat-6,rear,4000,507,8250,460,6250,311,NA,NA,NA,NA,NA,https://www.stuttcars.com/wp-content/uploads/2021/12/PORSCHE-911-GT3-RS-5648_27.jpeg,https://www.stuttcars.com/porsche-911-gt3-rs-991-2015-2016/,"For those who want more extreme performance, handling and track-day bragging rights"
Porsche,911 Targa 4 GTS,Porsche 911 Targa 4 GTS (991) (2015 – 2016),911,991,911,2015,Porsche 911 Model Guides,Road,flat-6,rear,3800,436,7500,441,5750,303,NA,NA,NA,NA,NA,https://www.stuttcars.com/wp-content/uploads/2016/04/2015_Porsche_911Targa4GTS-2-1024.jpg,https://www.stuttcars.com/porsche-911-targa-4-gts-991-2015-2016/,"Sporty, stylish and super-fast all-weather stunner from Porsche"
Porsche,911 Vision Safari Concept,Porsche 911 Vision Safari Concept (2015),911,911,911,2015,Porsche 911 Model Guides,Road,NA,rear,NA,NA,NA,NA,NA,NA,NA,NA,NA,NA,NA,https://www.stuttcars.com/wp-content/uploads/2021/06/porsche-911-vision-safari.jpeg,https://www.stuttcars.com/porsche-911-vision-safari-concept/,"Reminiscent of the legendary 911 Safari, which were used in the 1970s in the East African Safari Rally."
Porsche,919 Hybrid,Porsche 919 Hybrid (2015),919,919,919,2015,Porsche Race Car Guides,Competition,2.0 L Turbo V4 Hybrid,mid,2000,912,NA,NA,NA,NA,NA,NA,NA,NA,NA,https://www.stuttcars.com/wp-content/uploads/2016/04/2015_Porsche_919Hybrid-3-1024.jpg,https://www.stuttcars.com/porsche-919-hybrid-2015/,"Premiere: March 26, 2015 Circuit Paul Ricard, France / Achievements: 2015 Le Mans 24h winner, 2015 FIA World Endurance Manufacturers’ Championship winner, 2015 FIA World Endurance Drivers’ Championship winner"
Porsche,Bergspyder Concept,Porsche Bergspyder Concept (2015),Bergspyder,NA,NA,2015,Porsche Boxster & Cayman Model Guides,Road,NA,mid,NA,NA,NA,NA,NA,NA,NA,NA,NA,NA,NA,https://www.stuttcars.com/wp-content/uploads/2019/06/high_boxster_bergspyder_2019_porsche_ag.jpg,https://www.stuttcars.com/porsche-boxster-bergspyder-concept/,A Boxster-Based Lightweight Concept from Porsche
Porsche,Boxster GTS,Porsche Boxster GTS (2015 – 2016),Boxster,NA,NA,2015,Porsche Boxster & Cayman Model Guides,Road,flat-6,mid,3400,335,6700,369,4500,282,NA,NA,NA,NA,NA,https://www.stuttcars.com/wp-content/uploads/2016/04/2014_Porsche_BoxsterGTS-4-1024.jpg,https://www.stuttcars.com/porsche-boxster-gts-2015-2016/,"More than the extra power, it’s the standard performance goodies that make the GTS more compelling than the S."
Porsche,Boxster Spyder,Porsche Boxster Spyder (2015 -2016),Boxster,NA,NA,2015,Porsche Boxster & Cayman Model Guides,Road,flat-6,mid,3800,375,6700,419,4750,290,NA,NA,NA,NA,NA,https://www.stuttcars.com/wp-content/uploads/2016/04/2015_Porsche_BoxsterSpyder-5-1024.jpg,https://www.stuttcars.com/porsche-boxster-spyder-2015-2016/,"The history and romance of the name coupled with the more purposeful styling, that gorgeous Speedster rear deck and a powertrain and performance to impress. This is special."
Porsche,Cayenne,Porsche Cayenne (2015 – 2018),Cayenne,NA,NA,2015,The Rest of the Porsche Model Guides,Road,NA,front,NA,NA,NA,NA,NA,NA,NA,NA,NA,NA,NA,https://www.stuttcars.com/wp-content/uploads/2021/09/PORSCHE-Cayenne-5407_7.jpeg,https://www.stuttcars.com/porsche-cayenne-2015-2018/,"The facelifted version of the Porsche Cayenne was introduced in 2014 and it received a restyled design, new features, and, most important, upgraded engines, starting with the base version."
Porsche,Cayenne Diesel,Porsche Cayenne Diesel (2015 – 2018),Cayenne,NA,NA,2015,The Rest of the Porsche Model Guides,Road,NA,front,NA,NA,NA,NA,NA,NA,NA,NA,NA,NA,NA,https://www.stuttcars.com/wp-content/uploads/2021/09/PORSCHE-Cayenne-S-Diesel-5266_2.jpeg,https://www.stuttcars.com/porsche-cayenne-diesel-2015-2018/,"The facelifted version of the Porsche Cayenne was introduced in 2014 and it received a restyled design, new features, and, most important, upgraded engines, such as the V6 diesel version."
Porsche,Cayenne Diesel S,Porsche Cayenne Diesel S (2015 – 2018),Cayenne,NA,NA,2015,The Rest of the Porsche Model Guides,Road,NA,front,NA,NA,NA,NA,NA,NA,NA,NA,NA,NA,NA,https://www.stuttcars.com/wp-content/uploads/2021/09/PORSCHE-Cayenne-S-Diesel-5266_2.jpeg,https://www.stuttcars.com/porsche-cayenne-diesel-s-2015-2018/,"Porsche has introduced its new, sportier oil-burning Cayenne S diesel, which slots above the regular Cayenne diesel in the automaker’s SUV lineup. The biggest differences between the S and the normal diesel include a much more powerful engine—it boasts two additional cylinders and one additional turbocharger—and that sales of the S will be restricted to Europe."
Porsche,Cayenne GTS,Porsche Cayenne GTS (2015 – 2018),Cayenne,NA,NA,2015,The Rest of the Porsche Model Guides,Road,NA,front,NA,NA,NA,NA,NA,NA,NA,NA,NA,NA,NA,https://www.stuttcars.com/wp-content/uploads/2021/09/PORSCHE-Cayenne-GTS-5330_3.jpeg,https://www.stuttcars.com/porsche-cayenne-gts-2015-2018/,"The Cayenne GTS was supposed to be the Porsche Turbo without turbochargers, a link between the naturally aspirated versions with the sporty suspension of the Cayenne’s flagship model."
Porsche,Cayenne S,Porsche Cayenne S (2015 – 2018),Cayenne,NA,NA,2015,The Rest of the Porsche Model Guides,Road,NA,front,NA,NA,NA,NA,NA,NA,NA,NA,NA,NA,NA,https://www.stuttcars.com/wp-content/uploads/2021/09/PORSCHE-Cayenne-S-5265_4.jpeg,https://www.stuttcars.com/porsche-cayenne-s-2015-2018/,"The facelifted version of the Porsche Cayenne was introduced in 2014 and it received a restyled design, new features, and, most important, upgraded engines, including for the S-version."
Porsche,Cayenne S E-Hybrid,Porsche Cayenne S E-Hybrid (2015 – 2018),Cayenne,NA,NA,2015,The Rest of the Porsche Model Guides,Road,NA,front,NA,NA,NA,NA,NA,NA,NA,NA,NA,NA,NA,https://www.stuttcars.com/wp-content/uploads/2021/09/PORSCHE-Cayenne-S-E-Hybrid-5267_8.jpeg,https://www.stuttcars.com/porsche-cayenne-s-e-hybrid-2015-2018/,"In its quest to lower the CO2 emissions, Porsche introduced a Plug-in Hybrid version for the Cayenne range, a very fuel-efficient sports-SUV."
Porsche,Cayenne Turbo,Porsche Cayenne Turbo (2015 – 2018),Cayenne,NA,NA,2015,The Rest of the Porsche Model Guides,Road,NA,front,NA,NA,NA,NA,NA,NA,NA,NA,NA,NA,NA,https://www.stuttcars.com/wp-content/uploads/2021/09/PORSCHE-Cayenne-Turbo-5268_14.jpeg,https://www.stuttcars.com/porsche-cayenne-turbo-2015-2018/,"The Cayenne Turbo facelift was introduced in 2014 as a 2015 MY. Think of it as an enhanced version of the non-facelifted version. It offered the same torque as the non-facelifted Cayenne Turbo S, but less power."
Porsche,Cayenne Turbo S,Porsche Cayenne Turbo S (2015 – 2018),Cayenne,NA,NA,2015,The Rest of the Porsche Model Guides,Road,NA,front,NA,NA,NA,NA,NA,NA,NA,NA,NA,NA,NA,https://www.stuttcars.com/wp-content/uploads/2021/09/PORSCHE-Cayenne-Turbo-S-5408_10.jpeg,https://www.stuttcars.com/porsche-cayenne-turbo-s-2015-2018/,"The Turbo S version was the sportiest version for the second generation of the Porsche Cayenne and, along with the rest of the stable, it received a facelift for the 2015 model year. When it was introduced in 2006, the Cayenne Turbo S offered 520 hp and it was built to tackle the Mercedes-Benz ML63 AMG. It was offered with an off-road package as well, an option that couldn’t find its way on the three-star badge contender. Fast forward in 2015 and the Cayenne Turbo S received the last upgrade before the change."
Porsche,Cayman GT4,Porsche Cayman GT4 (2015 – 2016),Cayman,NA,NA,2015,Porsche Boxster & Cayman Model Guides,Road,flat-6,mid,3800,385,7400,420,4750,295,NA,NA,NA,NA,NA,https://www.stuttcars.com/wp-content/uploads/2018/03/porsche-cayman-gt4_wallpaper-8-1400x875-1.jpg,https://www.stuttcars.com/porsche-cayman-gt4-2015-2016/,The Perfect Sports Car. The Perfect Porsche.
Porsche,Cayman GT4 Clubsport,Porsche Cayman GT4 Clubsport (2015 – 2016),Cayman,NA,NA,2015,Porsche Boxster & Cayman Model Guides,Road,flat-6,mid,3800,390,7400,420,4750,295,NA,NA,NA,NA,NA,https://www.stuttcars.com/wp-content/uploads/2021/10/Porsche-Cayman-GT4-Clubsport-2015-2016.jpeg,https://www.stuttcars.com/porsche-cayman-gt4-clubsport-2015-2016/,It's a mid-engined Porsche racing car.
Porsche,Macan S,Porsche Macan S (2015 – 2018),Macan,NA,NA,2015,The Rest of the Porsche Model Guides,Road,NA,front,NA,NA,NA,NA,NA,NA,NA,NA,NA,NA,NA,https://www.stuttcars.com/wp-content/uploads/2021/09/PORSCHE-Macan-S-5035_13.jpeg,https://www.stuttcars.com/porsche-macan-s-2015-2018/,Great performance and engaging drive in a practical everyday small family SUV
Porsche,Macan S Diesel,Porsche Macan S Diesel (2015 – 2018),Macan,NA,NA,2015,The Rest of the Porsche Model Guides,Road,NA,front,NA,NA,NA,NA,NA,NA,NA,NA,NA,NA,NA,https://www.stuttcars.com/wp-content/uploads/2021/09/PORSCHE-Macan-S-Diesel-5539_16.jpeg,https://www.stuttcars.com/porsche-macan-s-diesel-2015-2018/,Porsche small but fun oil burner
Porsche,Macan Turbo,Porsche Macan Turbo (2015 – 2018),Macan,NA,NA,2015,The Rest of the Porsche Model Guides,Road,NA,front,NA,NA,NA,NA,NA,NA,NA,NA,NA,NA,NA,https://www.stuttcars.com/wp-content/uploads/2021/09/PORSCHE-Macan-Turbo-5538_20.jpeg,https://www.stuttcars.com/porsche-macan-turbo-2015-2018/,"The hot version of Porsche's small, sporty SUV"
Porsche,Mission E,Porsche Mission E (2015),Mission,NA,NA,2015,Porsche Concept Car Guides,Concept,NA,NA,NA,NA,NA,NA,NA,NA,NA,NA,NA,NA,NA,https://www.stuttcars.com/wp-content/uploads/2016/04/2015_Porsche_MissionE-0-1024.jpg,https://www.stuttcars.com/porsche-mission-e/,Porsche's first take on an electric sportscar future
Porsche,911 Black Edition Coupe & Cabriolet,Porsche 911 Black Edition Coupe & Cabriolet (991) (2016),911,991,911,2016,Porsche 911 Model Guides,Road,flat-6,rear,3600,350,7400,389,5600,NA,NA,NA,NA,NA,NA,https://www.stuttcars.com/wp-content/uploads/2021/12/911-Carrera-Black-Edition.jpg,https://www.stuttcars.com/porsche-911-black-edition-coupe-cabriolet-991-2016/,Extra niceties for a value-adjusted price
Porsche,911 Carrera 4 Cabriolet,Porsche 911 Carrera 4 Cabriolet (991.2) (2016 – 2019),911,991.2,911,2016,Porsche 911 Model Guides,Road,flat-6,rear,3000,375,6500,449,1700,288,NA,NA,NA,NA,NA,https://www.stuttcars.com/wp-content/uploads/2021/12/2018-Porsche-911-Carrera-4-Cab-102.jpeg,https://www.stuttcars.com/porsche-911-carrera-4-cabriolet-991-2-2016-2019/,coming soon
Porsche,911 Carrera 4 Coupe,Porsche 911 Carrera 4 Coupe (991.2) (2016 – 2019),911,991.2,911,2016,Porsche 911 Model Guides,Road,flat-6,rear,3000,375,6500,449,1700,291,NA,NA,NA,NA,NA,https://www.stuttcars.com/wp-content/uploads/2021/12/Porsche_911_Carrera_4S_2016_01.jpeg,https://www.stuttcars.com/porsche-911-carrera-4-coupe-991-2-2016-2019/,"A fast, do-anything, go-anywhere premium sports car that is perfect for all-weather fun and daily driving"
Porsche,911 Carrera 4S Cabriolet,Porsche 911 Carrera 4S Cabriolet (991.2) (2016 – 2019),911,991.2,911,2016,Porsche 911 Model Guides,Road,flat-6,rear,3000,420,6500,499,1700,303,NA,NA,NA,NA,NA,https://www.stuttcars.com/wp-content/uploads/2021/12/0R0A1650.jpeg,https://www.stuttcars.com/porsche-911-carrera-4s-cabriolet-991-2-2016-2019/,A new turbo flat-six engine is the headline news. Still super fast and surefooted all year round.
Porsche,911 Carrera 4S Coupe,Porsche 911 Carrera 4S Coupe (991.2) (2016 – 2019),911,991.2,911,2016,Porsche 911 Model Guides,Road,flat-6,rear,3000,420,6500,499,1700,304,NA,NA,NA,NA,NA,https://www.stuttcars.com/wp-content/uploads/2021/12/Screen-Shot-2021-12-08-at-9.12.44-PM.png,https://www.stuttcars.com/porsche-911-carrera-4s-coupe-991-2-2016-2019/,Everyday ease of use. Still a mighty sports car.
Porsche,911 Carrera Cabriolet,Porsche 911 Carrera Cabriolet (991.2) (2016 – 2019),911,991.2,911,2016,Porsche 911 Model Guides,Road,flat-6,rear,3000,375,6500,449,1700,291,NA,NA,NA,NA,NA,https://www.stuttcars.com/wp-content/uploads/2021/12/PORSCHE-911-Carrera-Cabrio-5491_2.jpeg,https://www.stuttcars.com/porsche-911-carrera-cabriolet-991-2-2016-2019/,Porsche says the turbocharging part of the progress. We find out if that makes it better
Porsche,911 Carrera Coupe,Porsche 911 Carrera Coupe (991.2) (2016 – 2019),911,991.2,911,2016,Porsche 911 Model Guides,Road,flat-6,rear,3000,375,6500,449,1700,295,NA,NA,NA,NA,NA,https://www.stuttcars.com/wp-content/uploads/2016/04/2016_Porsche_911Carrera-3-1024.jpg,https://www.stuttcars.com/porsche-911-carrera-991-2-2016-2019/,Turbocharged Flat-6 Carrera Is Here... And It is Pretty Awesome
Porsche,911 Carrera GTS Club Coupe,Porsche 911 Carrera GTS Club Coupe (991) (2016),911,991,911,2016,Porsche 911 Model Guides,Road,flat-6,rear,3600,436,7500,441,5750,298,NA,NA,NA,NA,NA,https://www.stuttcars.com/wp-content/uploads/2021/12/Porsche-911-Carrera-GTS-Club-Coupe-991-5.jpg,https://www.stuttcars.com/porsche-911-carrera-gts-club-coupe-991-2016/,Porsche celebrates 60th anniversary of Porsche Club of America with limited-edition 911 model
Porsche,911 Carrera S Cabriolet,Porsche 911 Carrera S Cabriolet (991.2) (2016 – 2019),911,991.2,911,2016,Porsche 911 Model Guides,Road,flat-6,rear,3000,420,6500,499,1700,306,NA,NA,NA,NA,NA,https://www.stuttcars.com/wp-content/uploads/2016/04/2016_Porsche_911CarreraSCabriolet-0-1024.jpg,https://www.stuttcars.com/porsche-911-carrera-s-cabriolet-991-2-2016-2019/,Lots of changes under the hood don't change the fact that this is the sweetest convertible sports car you can buy
Porsche,911 Carrera S Coupe,Porsche 911 Carrera S Coupe (991.2) (2016 – 2019),911,991.2,911,2016,Porsche 911 Model Guides,Road,flat-6,rear,3000,420,6500,499,1700,307,NA,NA,NA,NA,NA,https://www.stuttcars.com/wp-content/uploads/2016/04/2016_Porsche_911CarreraS-6-1024.jpg,https://www.stuttcars.com/porsche-911-carrera-s-991-2-2016-2019/,"Purists might moan that the naturally aspirated flat-six engine is gone, but this is still the best sports car around"
Porsche,911 GT3 R,Porsche 911 GT3 R (991.1) (2016 – 2018),911,991.1,911,2016,Porsche 911 Model Guides,Road,flat-6,rear,4000,507,7500,NA,NA,NA,NA,NA,NA,NA,NA,https://www.stuttcars.com/wp-content/uploads/2021/11/2016-porsche-911-gt3-r-race-car_100510653_h.jpeg,https://www.stuttcars.com/porsche-911-gt3-r-991-2016-2018/,A customer sport race car for GT3 series around the world: The 911 GT3 R.
Porsche,911 R,Porsche 911 R (991) (2016),911,991,911,2016,Porsche 911 Model Guides,Road,flat-6,rear,4000,507,8250,460,6250,322,NA,NA,NA,NA,NA,https://www.stuttcars.com/wp-content/uploads/2017/09/Screenshot-2016-09-07-07.49.45.png,https://www.stuttcars.com/porsche-911-r-991-2016/,4.0-liter naturally aspirated flat six with 500-hp and a manual gearbox. This is driving perfection.
Porsche,911 Targa 4,Porsche 911 Targa 4 (991.2) (2016 – 2019),911,991.2,911,2016,Porsche 911 Model Guides,Road,flat-6,rear,3000,375,6500,449,1700,288,NA,NA,NA,NA,NA,https://www.stuttcars.com/wp-content/uploads/2016/04/2016_Porsche_911Targa4-0-1024.jpg,https://www.stuttcars.com/porsche-911-targa-4-991-2-2016-2019/,New 3.0 liter twin-turbo flat six. More usable than ever. Still stylish and sexy.
Porsche,911 Targa 4S,Porsche 911 Targa 4S (991.2) (2016 – 2019),911,991.2,911,2016,Porsche 911 Model Guides,Road,flat-6,rear,3000,420,6500,499,1700,303,NA,NA,NA,NA,NA,https://www.stuttcars.com/wp-content/uploads/2016/04/2016_Porsche_911Targa4S-1-1024.jpg,https://www.stuttcars.com/porsche-911-targa-4s-991-2-2016-2019/,The all-weather 911 is even better with a turbocharged engine
Porsche,919 Hybrid,Porsche 919 Hybrid (2016),919,919,919,2016,Porsche Race Car Guides,Competition,2.0 L Turbo V4 Hybrid,mid,2000,912,NA,NA,NA,NA,NA,NA,NA,NA,NA,https://www.stuttcars.com/wp-content/uploads/2021/06/2016-porsche-919-hybrid-lmp1-race-car_100550927.jpeg,https://www.stuttcars.com/porsche-919-hybrid-2016/,"Premiere: March 25, 2016 Circuit Paul Ricard, France / Achievements: 2016 Le Mans 24h winner, 2016 FIA World Endurance Manufacturers’ Championship winner, 2016 FIA World Endurance Drivers’ Championship winner"
Porsche,960 Turismo Concept,Porsche 960 Turismo Concept (2016),960,960,960,2016,Porsche Concept Car Guides,Concept,NA,NA,NA,NA,NA,NA,NA,NA,NA,NA,NA,NA,NA,https://www.stuttcars.com/wp-content/uploads/2021/06/cur7721-1605140696.jpeg,https://www.stuttcars.com/porsche-960-turismo-concept/,An idea for a grand tourer EV which helped bring the Taycan into existence as a production car.
Porsche,991 GT3 Cup 4.0,Porsche 991 GT3 Cup 4.0 (991.2) (2016 – 2020),911,991.2,991,2016,Porsche 911 Model Guides,Road,flat-6,rear,4000,486,7500,NA,NA,282,NA,NA,NA,NA,NA,https://www.stuttcars.com/wp-content/uploads/2021/11/Cup3_6.jpg,https://www.stuttcars.com/porsche-991-gt3-cup-991-2-2016-2020/,"The rear of the world’s most-produced GT racing car now houses a 4-litre, six-cylinder flat engine"
Porsche,Boxster Black Edition,Porsche Boxster Black Edition (2016),Boxster,NA,NA,2016,Porsche Boxster & Cayman Model Guides,Road,flat-6,mid,2700,265,6700,279,4500,264,NA,NA,NA,NA,NA,https://www.stuttcars.com/wp-content/uploads/2021/10/porsche-boxster-blac-18_1600x0w.jpeg,https://www.stuttcars.com/porsche-boxster-black-edition-2016/,The Boxster Black Edition is an attractive design exercise with nice options thrown in.
Porsche,Le Mans Living Legend Concept,Porsche Le Mans Living Legend Concept (2016),Le Mans Living Legend,NA,NA,2016,Porsche Concept Car Guides,Concept,NA,NA,NA,NA,NA,NA,NA,NA,NA,NA,NA,NA,NA,https://www.stuttcars.com/wp-content/uploads/2021/06/Porsche-Mission-70-Concept-Le-Mans-Living-Legend.png,https://www.stuttcars.com/porsche-lemans-living-legend/,A Stunning Mid-engined Sports Car Study by Porsche
Porsche,Panamera Edition,Porsche Panamera Edition (2016),Panamera,NA,NA,2016,The Rest of the Porsche Model Guides,Road,NA,front,NA,NA,NA,NA,NA,NA,NA,NA,NA,NA,NA,https://www.stuttcars.com/wp-content/uploads/2021/09/porsche-panamera-edi-9_1600x0.webp,https://www.stuttcars.com/porsche-panamera-edition-2016/,"For the 2016 model year, Porsche has added a new version of the Panamera that it has dubbed the “Edition.” Despite its weird name, the Panamera Edition adds a lot of value at a price that is only slightly north of the base model’s MSRP. With tons of standard features and only a slight price hike, this is likely to be a hot seller in the next year. However, while this all looks great compared to the base Panamera, does this new Edition trim match up well against the likes of the BMW 740i or the Audi A8?"
Porsche,Vision 916,Porsche Vision 916 (2016),916,916,916,2016,Porsche Concept Car Guides,Concept,NA,mid,NA,NA,NA,NA,NA,NA,NA,NA,NA,NA,NA,https://www.stuttcars.com/wp-content/uploads/2021/06/Porsche-Vision-916-00.jpeg,https://www.stuttcars.com/porsche-vision-916/,This Little Rebel is driven purely electrically by four wheel hub motors
Porsche,718 Boxster,Porsche 718 Boxster (2017 – Present),Boxster,718,718,2017,Porsche Boxster & Cayman Model Guides,Road,flat-4,mid,2000,300,6500,380,1950,275,NA,NA,NA,NA,NA,https://www.stuttcars.com/wp-content/uploads/2021/10/PORSCHE-718-Boxster-5572_20.jpeg,https://www.stuttcars.com/porsche-718-boxster-2017-present/,"Sleeker, faster and now with a turbocharged four cylinder engine"
Porsche,718 Boxster S,Porsche 718 Boxster S (2017 – Present),Boxster,718,718,2017,Porsche Boxster & Cayman Model Guides,Road,flat-4,mid,2500,350,6500,420,1900,285,NA,NA,NA,NA,NA,https://www.stuttcars.com/wp-content/uploads/2021/10/PORSCHE-718-Boxster-S-5573_14.jpeg,https://www.stuttcars.com/porsche-718-boxster-s-2017-present/,Now with a turbocharged four cylinder engine pumping out 345 bhp and 310 ft lbs of torque
Porsche,718 Cayman,Porsche 718 Cayman (2017 – Present),Cayman,718,718,2017,Porsche Boxster & Cayman Model Guides,Road,flat-4,mid,2000,300,6500,380,1950,275,NA,NA,NA,NA,NA,https://www.stuttcars.com/wp-content/uploads/2021/10/PORSCHE-718-Cayman-5689_6.jpeg,https://www.stuttcars.com/porsche-718-cayman-2017-present/,"Gone is the flat 6. In is the turbo 4. A better overall car, but less fun than the outgoing Cayman model."
Porsche,718 Cayman S,Porsche 718 Cayman S (2017 – Present),Cayman,718,718,2017,Porsche Boxster & Cayman Model Guides,Road,flat-4,mid,2500,350,6500,420,1900,285,NA,NA,NA,NA,NA,https://www.stuttcars.com/wp-content/uploads/2021/10/PORSCHE-718-Cayman-S-5690_4.jpeg,https://www.stuttcars.com/porsche-718-cayman-s-2017-present/,The 718 Cayman S comes equipped with a larger 2.5L turbocharged boxer 4-cylinder with 350 horsepower.
Porsche,911 Carrera 4 GTS British Legends Edition,Porsche 911 Carrera 4 GTS British Legends Edition,911,911,911,2017,Porsche 911 Model Guides,Road,NA,rear,NA,NA,NA,NA,NA,NA,NA,NA,NA,NA,NA,https://www.stuttcars.com/wp-content/uploads/2017/10/s_PCGB17_0761_fine.jpg,https://www.stuttcars.com/porsche-911-carrera-4-gts-british-legends-edition/,A special limited edition model for the 991 generation
Porsche,911 Carrera 4 GTS Cabriolet,Porsche 911 Carrera 4 GTS Cabriolet (991.2) (2017 – 2019),911,991.2,911,2017,Porsche 911 Model Guides,Road,flat-6,rear,3000,450,6500,550,2150,307,NA,NA,NA,NA,NA,https://www.stuttcars.com/wp-content/uploads/2021/12/P16_1043_a5_rgb.jpg,https://www.stuttcars.com/porsche-911-carrera-4-gts-cabriolet-991-2-2017-2019/,In GTS specification the Cabriolet is now better than ever.
Porsche,911 Carrera 4 GTS Coupe,Porsche 911 Carrera 4 GTS Coupe (991.2) (2017 – 2019),911,991.2,911,2017,Porsche 911 Model Guides,Road,flat-6,rear,3000,450,6500,550,2150,309,NA,NA,NA,NA,NA,https://www.stuttcars.com/wp-content/uploads/2021/12/P16_1050_a5_rgb.jpg,https://www.stuttcars.com/porsche-911-carrera-4-gts-coupe-991-2-2017-2019/,"Ultimately, the Carrera 4 GTS is the ideal all-round 911."
Porsche,911 Carrera GTS Cabriolet,Porsche 911 Carrera GTS Cabriolet (991.2) (2017 – 2019),911,991.2,911,2017,Porsche 911 Model Guides,Road,flat-6,rear,3000,450,6500,550,2150,309,NA,NA,NA,NA,NA,https://www.stuttcars.com/wp-content/uploads/2021/12/P17_0138_a5_rgb.jpg,https://www.stuttcars.com/porsche-911-carrera-gts-cabriolet-991-2-2017-2019/,Basically a 911 S cab with just a few extra goodies. Adds up to more than the sum of parts.
Porsche,911 Carrera GTS Coupe,Porsche 911 Carrera GTS Coupe (991.2) (2017 – 2019),911,991.2,911,2017,Porsche 911 Model Guides,Road,flat-6,rear,3000,450,6500,550,2150,311,NA,NA,NA,NA,NA,https://www.stuttcars.com/wp-content/uploads/2017/09/high_911_carrera_gts_2017_porsche_ag-2-scaled-1.jpg,https://www.stuttcars.com/porsche-911-carrera-gts-991-2-2017-2019/,The sweet spot in the 991.2 generation 911 lineup
Porsche,911 RSR 4.0,Porsche 911 RSR 4.0 (991.2) (2017 – 2019),911,991.2,911,2017,Porsche 911 Model Guides,Road,flat-6,rear,4000,517,NA,NA,NA,NA,NA,NA,NA,NA,NA,https://www.stuttcars.com/wp-content/uploads/2021/11/Porsche-911-RSR-991.2.png,https://www.stuttcars.com/porsche-911-rsr-991-2-2017-2019/,The mid-engined version
Porsche,911 Targa 4 GTS,Porsche 911 Targa 4 GTS (991.2) (2017 – 2019),911,991.2,911,2017,Porsche 911 Model Guides,Road,flat-6,rear,3000,450,6500,550,2150,307,NA,NA,NA,NA,NA,https://www.stuttcars.com/wp-content/uploads/2021/12/P15_0006_a5_rgb.jpg,https://www.stuttcars.com/porsche-911-targa-4-gts-991-2-2017-2019/,Is this the best combination of sexy and suburb performance? We think so.
Porsche,911 Turbo Cabriolet,Porsche 911 Turbo Cabriolet (991.2) (2017 – 2019),911,991.2,911,2017,Porsche 911 Model Guides,Road,flat-6,rear,3800,540,6400,710,2250,319,NA,NA,NA,NA,NA,https://www.stuttcars.com/wp-content/uploads/2021/12/PORSCHE-911-Turbo-Cabriolet-991-2-5559_14.jpeg,https://www.stuttcars.com/porsche-911-turbo-cabriolet-991-2-2017-2019/,Open top driving has never been this fun...or scarily fast
Porsche,911 Turbo Coupe,Porsche 911 Turbo Coupe (991.2) (2017 – 2019),911,991.2,911,2017,Porsche 911 Model Guides,Road,flat-6,rear,3800,540,6400,710,2250,319,NA,NA,NA,NA,NA,https://www.stuttcars.com/wp-content/uploads/2021/12/PORSCHE-911-Turbo-5558_18.jpeg,https://www.stuttcars.com/porsche-911-turbo-coupe-991-2-2017-2019/,0 - 60 mph in 2.9 seconds. Top speed of 198 mph. This is one insanely fast Porsche GT
Porsche,911 Turbo S Cabriolet,Porsche 911 Turbo S Cabriolet (991.2) (2017 – 2019),911,991.2,911,2017,Porsche 911 Model Guides,Road,flat-6,rear,3800,580,6750,750,2250,330,NA,NA,NA,NA,NA,https://www.stuttcars.com/wp-content/uploads/2021/12/PORSCHE-911-Turbo-S-Cabriolet-991-2-5561_21.jpeg,https://www.stuttcars.com/porsche-911-turbo-s-cabriolet-991-2-2017-2019/,The quickest four-seat convertible on the planet and one of the fastest cars in the world period
Porsche,911 Turbo S Coupe,Porsche 911 Turbo S Coupe (991.2) (2017 – 2019),911,991.2,911,2017,Porsche 911 Model Guides,Road,flat-6,rear,3800,580,6750,750,2250,330,NA,NA,NA,NA,NA,https://www.stuttcars.com/wp-content/uploads/2021/12/PORSCHE-911-Turbo-S-991-2-5560_17.jpeg,https://www.stuttcars.com/porsche-911-turbo-s-coupe-991-2-2017-2019/,The everyday supercar is tweaked for the 991.2 mid-cycle update
Porsche,919 Hybrid,Porsche 919 Hybrid (2017),919,919,919,2017,Porsche Race Car Guides,Competition,2.0 L Turbo V4 Hybrid,mid,2000,912,NA,NA,NA,NA,NA,NA,NA,NA,NA,https://www.stuttcars.com/wp-content/uploads/2021/06/Porsche-919-Hybrid-2017.jpeg,https://www.stuttcars.com/porsche-919-hybrid-2017/,"Premiere: March 31, 2017 Autodromo Monza, Italy / Achievements: 2017 Le Mans 24h winner, 2017 FIA World Endurance Manufacturers’ Championship winner, 2017 FIA World Endurance Drivers’ Championship winner"
Porsche,919 Street Concept,Porsche 919 Street Concept (2017),919,919,919,2017,Porsche Concept Car Guides,Concept,NA,mid,NA,NA,NA,NA,NA,NA,NA,NA,NA,NA,NA,https://www.stuttcars.com/wp-content/uploads/2021/06/Screen-Shot-2021-06-07-at-4.39.15-PM.png,https://www.stuttcars.com/porsche-919-street-concept/,The 900 HP LMP1-Based Road-Ready Rocket That Never Was
Porsche,Macan,Porsche Macan (2017 – 2018),Macan,NA,NA,2017,The Rest of the Porsche Model Guides,Road,NA,front,NA,NA,NA,NA,NA,NA,NA,NA,NA,NA,NA,https://www.stuttcars.com/wp-content/uploads/2021/09/PORSCHE-Macan-5540_7.jpeg,https://www.stuttcars.com/porsche-macan-2017-2018/,The 2017 model year saw a new entry-level model featuring a turbocharged four-cylinder engine
Porsche,Macan GTS,Porsche Macan GTS (2017 – 2018),Macan,NA,NA,2017,The Rest of the Porsche Model Guides,Road,NA,front,NA,NA,NA,NA,NA,NA,NA,NA,NA,NA,NA,https://www.stuttcars.com/wp-content/uploads/2021/09/PORSCHE-Macan-GTS-5537_5.jpeg,https://www.stuttcars.com/porsche-macan-gts-2017-2018/,The Macan for the Driving Enthusiast
Porsche,Macan Turbo with Performance Package,Porsche Macan Turbo with Performance Package (2017 – 2018),Macan,NA,NA,2017,The Rest of the Porsche Model Guides,Road,NA,front,NA,NA,NA,NA,NA,NA,NA,NA,NA,NA,NA,https://www.stuttcars.com/wp-content/uploads/2021/09/b_P16_0690_a3_rgb.jpeg,https://www.stuttcars.com/porsche-macan-turbo-performance-package-2017-2018/,The Macan Turbo Turned Up to Eleven
Porsche,Panamera,Porsche Panamera (2017 – 2020),Panamera,NA,NA,2017,The Rest of the Porsche Model Guides,Road,NA,front,NA,NA,NA,NA,NA,NA,NA,NA,NA,NA,NA,https://www.stuttcars.com/wp-content/uploads/2021/09/PORSCHE-Panamera-971-5968_16.jpeg,https://www.stuttcars.com/porsche-panamera-2017-2020/,The 2019 Porsche Panamera GTS Sport Turismo appeals to a dynamic niche. Read more about the design behind the Sport Turismo's engaging driving experience.
Porsche,Panamera 4,Porsche Panamera 4 (2017 – 2020),Panamera,NA,NA,2017,The Rest of the Porsche Model Guides,Road,NA,front,NA,NA,NA,NA,NA,NA,NA,NA,NA,NA,NA,https://www.stuttcars.com/wp-content/uploads/2021/09/PORSCHE-Panamera-4-971-5972_9.jpeg,https://www.stuttcars.com/porsche-panamera-4-2017-2020/,The 2019 Porsche Panamera GTS Sport Turismo appeals to a dynamic niche. Read more about the design behind the Sport Turismo's engaging driving experience.
Porsche,Panamera 4 E-Hybrid,Porsche Panamera 4 E-Hybrid (2017 – 2020),Panamera,NA,NA,2017,The Rest of the Porsche Model Guides,Road,NA,front,NA,NA,NA,NA,NA,NA,NA,NA,NA,NA,NA,https://www.stuttcars.com/wp-content/uploads/2021/09/PORSCHE-4-E-Hybrid-5788_5.jpeg,https://www.stuttcars.com/porsche-panamera-4-e-hybrid-2017-2020/,The 2019 Porsche Panamera GTS Sport Turismo appeals to a dynamic niche. Read more about the design behind the Sport Turismo's engaging driving experience.
Porsche,Panamera 4S,Porsche Panamera 4S (2017 – 2020),Panamera,NA,NA,2017,The Rest of the Porsche Model Guides,Road,NA,front,NA,NA,NA,NA,NA,NA,NA,NA,NA,NA,NA,https://www.stuttcars.com/wp-content/uploads/2021/09/PORSCHE-Panamera-4S-5722_18.jpeg,https://www.stuttcars.com/porsche-panamera-4s-2017-2020/,The 2019 Porsche Panamera GTS Sport Turismo appeals to a dynamic niche. Read more about the design behind the Sport Turismo's engaging driving experience.
Porsche,Panamera 4S Diesel,Porsche Panamera 4S Diesel (2017 – 2020),Panamera,NA,NA,2017,The Rest of the Porsche Model Guides,Road,NA,front,NA,NA,NA,NA,NA,NA,NA,NA,NA,NA,NA,https://www.stuttcars.com/wp-content/uploads/2021/09/PORSCHE-Panamera-4S-Diesel-5726_10.jpeg,https://www.stuttcars.com/porsche-panamera-4s-diesel-2017-2020/,The 2019 Porsche Panamera GTS Sport Turismo appeals to a dynamic niche. Read more about the design behind the Sport Turismo's engaging driving experience.
Porsche,Panamera Turbo,Porsche Panamera Turbo (2017 – 2020),Panamera,NA,NA,2017,The Rest of the Porsche Model Guides,Road,NA,front,NA,NA,NA,NA,NA,NA,NA,NA,NA,NA,NA,https://www.stuttcars.com/wp-content/uploads/2021/09/PORSCHE-Panamera-Turbo-5724_11.jpeg,https://www.stuttcars.com/porsche-panamera-turbo-2017-2020/,The 2019 Porsche Panamera GTS Sport Turismo appeals to a dynamic niche. Read more about the design behind the Sport Turismo's engaging driving experience.
Porsche,718 Boxster GTS,Porsche 718 Boxster GTS (2018 – 2021),Boxster,718,718,2018,Porsche Boxster & Cayman Model Guides,Road,flat-4,mid,2500,365,6500,420,1900,290,NA,NA,NA,NA,NA,https://www.stuttcars.com/wp-content/uploads/2017/10/PORSCHE-718-Boxster-GTS-6149_4.jpeg,https://www.stuttcars.com/porsche-718-boxster-gts-2018-present/,"More aggressive look, more power and more goodies = near-perfection"
Porsche,718 Cayman GT4 Rallye,Porsche 718 Cayman GT4 Rallye (2018),Cayman,718,718,2018,Porsche Boxster & Cayman Model Guides,Road,NA,mid,NA,NA,NA,NA,NA,NA,NA,NA,NA,NA,NA,https://www.stuttcars.com/wp-content/uploads/2019/02/high_cayman_gt4_rallye_concept_car_zell_am_see_2019_porsche_ag-2.jpg,https://www.stuttcars.com/porsche-718-rally-concept/,Watch legendary racecar driver Walter Röhrl whip around a snow covered rally race track in Austria in Porsches new rally car.
Porsche,718 Cayman GTS,Porsche 718 Cayman GTS (2018 – 2022),Cayman,718,718,2018,Porsche Boxster & Cayman Model Guides,Road,flat-4,mid,2500,365,6500,420,1900,290,NA,NA,NA,NA,NA,https://www.stuttcars.com/wp-content/uploads/2021/09/PORSCHE-718-Cayman-GTS-982C-6150_4.jpeg,https://www.stuttcars.com/porsche-718-cayman-gts/,"More power, more standard stuff and lots more black treatment = Awesome"
Porsche,911 Carrera T,Porsche 911 Carrera T (991.2) (2018 – 2019),911,991.2,911,2018,Porsche 911 Model Guides,Road,flat-6,rear,3000,375,6500,449,1700,293,NA,NA,NA,NA,NA,https://www.stuttcars.com/wp-content/uploads/2018/05/porsche-911-carrera-t-zoom-06.jpg,https://www.stuttcars.com/porsche-911-carrera-t-991-2-2018-2019/,The T is basically the ideal sports car
Porsche,911 GT2 RS,Porsche 911 GT2 RS (991) (2018 – 2019),911,991,911,2018,Porsche 911 Model Guides,Road,flat-6,rear,3800,700,7000,750,2500,340,NA,NA,NA,NA,NA,https://www.stuttcars.com/wp-content/uploads/2021/12/S17_1886-96996beb.jpeg,https://www.stuttcars.com/porsche-911-gt2-rs-991-2018-2019/,It is the quickest production car to lap the Nürburgring Nordschleife. It is the most powerful 911 ever made.
Porsche,911 GT2 RS Clubsport Race,Porsche 911 GT2 RS Clubsport Race (991) (2018 – 2019),911,991,911,2018,Porsche 911 Model Guides,Road,flat-6,rear,3800,701,7000,750,2500,340,NA,NA,NA,NA,NA,https://www.stuttcars.com/wp-content/uploads/2021/11/b-M18_6212_fine.jpg,https://www.stuttcars.com/porsche-911-991-gt2-rs-racing-991-2-2018-2019/,"Officially called as the 911 GT2 RS Clubsport, but the name is rather misleading."
Porsche,911 GT3,Porsche 911 GT3 (991.2) (2018 – 2019),911,991.2,911,2018,Porsche 911 Model Guides,Road,flat-6,rear,4000,500,8250,460,6000,320,NA,NA,NA,NA,NA,https://www.stuttcars.com/wp-content/uploads/2021/12/PORSCHE-911-GT3-5967_32.jpeg,https://www.stuttcars.com/porsche-911-gt3-9912-2018-2019/,The manual gearbox is back in the GT3 and the world is perfect again. This is an absolute cracker of a car.
Porsche,911 GT3 RS,Porsche 911 GT3 RS (991.2) (2018 – 2019),911,991.2,911,2018,Porsche 911 Model Guides,Road,flat-6,rear,4000,520,8250,470,6000,311,NA,NA,NA,NA,NA,https://www.stuttcars.com/wp-content/uploads/2018/07/933113.jpg,https://www.stuttcars.com/porsche-911-gt3-rs-9912-2018/,"6:56.4 minute 'Ring lap time - just 9 seconds behind the GT2 RS, and 1 second faster than the 918 Spyder."
Porsche,911 Speedster Concept,Porsche 911 Speedster Concept (2018),911,911,911,2018,Porsche 911 Model Guides,Road,NA,rear,NA,NA,NA,NA,NA,NA,NA,NA,NA,NA,NA,https://www.stuttcars.com/wp-content/uploads/2018/08/porsche-911-speedster-concept-9.jpg,https://www.stuttcars.com/2019-porsche-911-speedster-concept/,The 911 Speedster Concept is a road-ready study of an open-top and particularly exciting sports car.
Porsche,911 Turbo S Exclusive,Porsche 911 Turbo S Exclusive (991.2) (2018 – 2019),911,991.2,911,2018,Porsche 911 Model Guides,Road,flat-6,rear,3800,615,6750,750,2250,330,NA,NA,NA,NA,NA,https://www.stuttcars.com/wp-content/uploads/2018/05/Porsche-911-Turbo-S-Exclusive-Series-06.jpg,https://www.stuttcars.com/porsche-911-turbo-s-exclusive-series-991/,Exclusive and pricey limited edition 911 Turbo S that nudges past the 600 bhp mark too
Porsche,919 Hybrid Evo,Porsche 919 Hybrid Evo (2018),919,919,919,2018,Porsche Race Car Guides,Competition,2.0 L Turbo V4 Hybrid,mid,2000,1176,NA,NA,NA,NA,NA,NA,NA,NA,NA,https://www.stuttcars.com/wp-content/uploads/2018/05/high_porsche_919_hybrid_evo_spa_francorchamps_2018_porsche_ag-3-1400x789-1.jpg,https://www.stuttcars.com/porsche-919-hybrid-evo/,"Premiere: 2018 April 9 at Spa-Francorchamps, Belgium / Achievements: 2018 Nürburgring Nordschleife lap record / 2018 Spa-Francorchamps lap record"
Porsche,Cayman GT4 Rallye Concept,Porsche Cayman GT4 Rallye Concept (2018),Cayman,NA,NA,2018,Porsche Boxster & Cayman Model Guides,Road,flat-6,mid,3800,390,7400,420,4750,295,NA,NA,NA,NA,NA,https://www.stuttcars.com/wp-content/uploads/2021/10/b-M19_0120_fine.jpeg,https://www.stuttcars.com/porsche-cayman-981-r-gt-concept-study-2018/,For testing purposes Porsche Motorsport built a few tarmac rally cars based on the Cayman 981 GT4 racing version.
Porsche,Mission E Cross Turismo Concept,Porsche Mission E Cross Turismo Concept (2018),Mission,NA,NA,2018,Porsche Concept Car Guides,Concept,NA,NA,NA,NA,NA,NA,NA,NA,NA,NA,NA,NA,NA,https://www.stuttcars.com/wp-content/uploads/2021/06/S18_2930.jpg,https://www.stuttcars.com/porsche-mission-e-cross-turismo-concept/,Premiere: 2018 March 6 at Geneva motor show
Porsche,Panamera 4 E-Hybrid Sport Turismo,Porsche Panamera 4 E-Hybrid Sport Turismo (2018 – 2020),Panamera,NA,NA,2018,The Rest of the Porsche Model Guides,Road,NA,front,NA,NA,NA,NA,NA,NA,NA,NA,NA,NA,NA,https://www.stuttcars.com/wp-content/uploads/2021/09/PORSCHE-Panamera-4-E-Hybrid-Sport-Turismo-5974_3.jpeg,https://www.stuttcars.com/porsche-panamera-4-e-hybrid-sport-turismo-2018-2020/,The 2019 Porsche Panamera GTS Sport Turismo appeals to a dynamic niche. Read more about the design behind the Sport Turismo's engaging driving experience.
Porsche,Panamera 4 Sport Turismo,Porsche Panamera 4 Sport Turismo (2018 – 2020),Panamera,NA,NA,2018,The Rest of the Porsche Model Guides,Road,NA,front,NA,NA,NA,NA,NA,NA,NA,NA,NA,NA,NA,https://www.stuttcars.com/wp-content/uploads/2021/09/PORSCHE-Panamera-4-Sport-Turismo-971-5971_4.jpeg,https://www.stuttcars.com/porsche-panamera-4-sport-turismo-2018-2020/,The 2019 Porsche Panamera GTS Sport Turismo appeals to a dynamic niche. Read more about the design behind the Sport Turismo's engaging driving experience.
Porsche,Panamera 4S Diesel Sport Turismo,Porsche Panamera 4S Diesel Sport Turismo (2018 – 2020),Panamera,NA,NA,2018,The Rest of the Porsche Model Guides,Road,NA,front,NA,NA,NA,NA,NA,NA,NA,NA,NA,NA,NA,https://www.stuttcars.com/wp-content/uploads/2021/09/PORSCHE-Panamera-4S-Diesel-Sport-Turismo-971-5975_11.jpeg,https://www.stuttcars.com/porsche-panamera-4s-diesel-sport-turismo-2018-2020/,The 2019 Porsche Panamera GTS Sport Turismo appeals to a dynamic niche. Read more about the design behind the Sport Turismo's engaging driving experience.
Porsche,Panamera 4S Sport Turismo,Porsche Panamera 4S Sport Turismo (2018 – 2020),Panamera,NA,NA,2018,The Rest of the Porsche Model Guides,Road,NA,front,NA,NA,NA,NA,NA,NA,NA,NA,NA,NA,NA,https://www.stuttcars.com/wp-content/uploads/2021/09/porsche-panamera-sport-turismo-4s-diesel.jpeg,https://www.stuttcars.com/porsche-panamera-4s-sport-turismo-2018-2020/,The 2019 Porsche Panamera GTS Sport Turismo appeals to a dynamic niche. Read more about the design behind the Sport Turismo's engaging driving experience.
Porsche,Panamera Turbo S E-Hybrid,Porsche Panamera Turbo S E-Hybrid (2018 – 2020),Panamera,NA,NA,2018,The Rest of the Porsche Model Guides,Road,NA,front,NA,NA,NA,NA,NA,NA,NA,NA,NA,NA,NA,https://www.stuttcars.com/wp-content/uploads/2021/09/PORSCHE-Panamera-Turbo-S-E-Hybrid-5934_8.jpeg,https://www.stuttcars.com/porsche-panamera-turbo-s-e-hybrid-2018-2020/,The 2019 Porsche Panamera GTS Sport Turismo appeals to a dynamic niche. Read more about the design behind the Sport Turismo's engaging driving experience.
Porsche,Panamera Turbo S E-Hybrid Sport Turismo,Porsche Panamera Turbo S E-Hybrid Sport Turismo (2018 – 2020),Panamera,NA,NA,2018,The Rest of the Porsche Model Guides,Road,NA,front,NA,NA,NA,NA,NA,NA,NA,NA,NA,NA,NA,https://www.stuttcars.com/wp-content/uploads/2021/09/PORSCHE-Panamera-Turbo-S-E-Hybrid-Sport-Turismo-6131_5.jpeg,https://www.stuttcars.com/porsche-panamera-turbo-s-e-hybrid-sport-turismo-2018-2020/,The 2019 Porsche Panamera GTS Sport Turismo appeals to a dynamic niche. Read more about the design behind the Sport Turismo's engaging driving experience.
Porsche,Panamera Turbo Sport Turismo,Porsche Panamera Turbo Sport Turismo (2018 – 2020),Panamera,NA,NA,2018,The Rest of the Porsche Model Guides,Road,NA,front,NA,NA,NA,NA,NA,NA,NA,NA,NA,NA,NA,https://www.stuttcars.com/wp-content/uploads/2021/09/PORSCHE-Panamera-Turbo-Sport-Turismo-971-5976_10.jpeg,https://www.stuttcars.com/porsche-panamera-turbo-sport-turismo-2018-2020/,The 2019 Porsche Panamera GTS Sport Turismo appeals to a dynamic niche. Read more about the design behind the Sport Turismo's engaging driving experience.
Porsche,Sport Tourer Electric,Porsche Sport Tourer Electric (2018),Sport Tourer Electric,NA,NA,2018,Porsche Concept Car Guides,Concept,NA,NA,NA,NA,NA,NA,NA,NA,NA,NA,NA,NA,NA,https://www.stuttcars.com/wp-content/uploads/2021/06/Porsche-Sport-Tourer-Electric-Front.jpeg,https://www.stuttcars.com/porsche-sport-tourer-electric/,An Electric Van Concept by Porsche
Porsche,551,Porsche 551 (2019),551,551,551,2019,Porsche Concept Car Guides,Concept,NA,NA,NA,NA,NA,NA,NA,NA,NA,NA,NA,NA,NA,https://www.stuttcars.com/wp-content/uploads/2021/06/1127805.jpg,https://www.stuttcars.com/porsche-551/,Porsche 551 Spyder vision/concept mock-up (2019)
Porsche,718 Cayman GT4 Clubsport,Porsche 718 Cayman GT4 Clubsport (2019 – Present),Cayman,718,718,2019,Porsche Boxster & Cayman Model Guides,Road,flat-6,mid,4000,420,7600,420,5000,301,NA,NA,NA,NA,NA,https://www.stuttcars.com/wp-content/uploads/2019/01/P19_0023_a4_rgb.jpg,https://www.stuttcars.com/porsche-718-cayman-gt4-clubsport/,The 718 Cayman Race Car
Porsche,718 Spyder 4.0,Porsche 718 Spyder 4.0 (2019 – 2023),718,718,718,2019,Porsche Boxster & Cayman Model Guides,Road,flat-6,mid,4000,420,7600,420,5000,301,NA,NA,NA,NA,NA,https://www.stuttcars.com/wp-content/uploads/2019/10/PORSCHE-718-Spyder-6600_5.jpeg,https://www.stuttcars.com/porsche-718-boxster-spyder-2019-present/,"Pound for pound, dollar for dollar, there are no better sports cars on the planet"
Porsche,911 Carrera 4S Cabriolet,Porsche 911 Carrera 4S Cabriolet (992.1) (2019 – 2024),911,992.1,911,2019,Porsche 911 Model Guides,Road,flat-6,rear,3000,449,6500,529,2300,303,NA,NA,NA,NA,NA,https://www.stuttcars.com/wp-content/uploads/2021/12/Porsche-911-Carrera-4S-Cabriolet-992-12.jpg,https://www.stuttcars.com/porsche-911-carrera-4s-cabriolet-992/,Top down summertime driving in the current Porsche 911 Carrera 4S Cabriolet is about as good as it gets.
Porsche,911 Carrera 4S Coupe,Porsche 911 Carrera 4S Coupe (992.1) (2019 – 2024),911,992.1,911,2019,Porsche 911 Model Guides,Road,flat-6,rear,3000,449,6500,529,2300,306,NA,NA,NA,NA,NA,https://www.stuttcars.com/wp-content/uploads/2021/12/Porsche-911-Carrera-4S-Coupe-992-75.jpg,https://www.stuttcars.com/porsche-911-carrera-4s-coupe-992/,"The perfect daily driving sports car with an all-weather, remarkably high-performance envelope"
Porsche,911 Carrera S Cabriolet,Porsche 911 Carrera S Cabriolet (992.1) (2019 – 2024),911,992.1,911,2019,Porsche 911 Model Guides,Road,flat-6,rear,3000,449,6500,529,2300,306,NA,NA,NA,NA,NA,https://www.stuttcars.com/wp-content/uploads/2021/12/Porsche-911-Carrera-Cabriolet-992-9.jpg,https://www.stuttcars.com/porsche-911-carrera-s-cabriolet-992/,A car that does it all really well and makes a strong case for itself as the all-round 911 to buy.
Porsche,911 Carrera S Coupe,Porsche 911 Carrera S Coupe (992.1) (2019 – 2024),911,992.1,911,2019,Porsche 911 Model Guides,Road,flat-6,rear,3000,449,6500,529,2300,307,NA,NA,NA,NA,NA,https://www.stuttcars.com/wp-content/uploads/2018/11/103606_911_carrera_4s_992_2018_porsche_ag.jpg,https://www.stuttcars.com/porsche-911-carrera-s-992/,"The Updated Porsche 911 Carrera S: More Powerful, Much Faster, More Digital"
Porsche,911 GT3 R,Porsche 911 GT3 R (991.2) (2019 – 2020),911,991.2,911,2019,Porsche 911 Model Guides,Road,flat-6,rear,4000,558,7500,NA,NA,NA,NA,NA,NA,NA,NA,https://www.stuttcars.com/wp-content/uploads/2021/11/b-M18_1439_fine.jpg,https://www.stuttcars.com/porsche-911-gt3-r-991-2-2019-2020/,Sits between the GT3 Cup and the RSR. Updated for 2019 season.
Porsche,911 RSR 4.2,Porsche 911 RSR 4.2 (991.2) (2019 – 2021),911,991.2,911,2019,Porsche 911 Model Guides,Road,flat-6,rear,4200,514,NA,NA,NA,NA,NA,NA,NA,NA,NA,https://www.stuttcars.com/wp-content/uploads/2021/11/b-911RSR_dyn_4.jpg,https://www.stuttcars.com/porsche-911-rsr-4-2-991-2-2019-2021/,Brand-new 911 RSR built to defend the FIA World Endurance Championship (WEC) title.
Porsche,911 Speedster,Porsche 911 Speedster (991) (2019),911,991,911,2019,Porsche 911 Model Guides,Road,flat-6,rear,4000,509,8400,469,6250,309,NA,NA,NA,NA,NA,https://www.stuttcars.com/wp-content/uploads/2021/12/carpixel.net-2019-porsche-911-speedster-90688-hd.jpg,https://www.stuttcars.com/porsche-911-speedster-991-2019/,The Speedster is an absolutely fitting conclusion to the 991-generation.
Porsche,935 Tribute,Porsche 935 Tribute (2019),911,935,935,2019,Porsche 911 Model Guides,Road,flat-6,rear,3800,701,7000,750,2500,340,NA,NA,NA,NA,NA,https://www.stuttcars.com/wp-content/uploads/2021/07/gP8w5qAA.jpg,https://www.stuttcars.com/porsche-935-tribute/,"Built from the 911 991.2 GT3 R racing car, the 935 tribute car is a non-street-legal collector's car limited to 77 cars"
Porsche,99X Electric (Gen2),Porsche 99X Electric (Gen2) (2019 – 2025),99X Electric,NA,NA,2019,Porsche Race Car Guides,Competition,NA,NA,NA,NA,NA,NA,NA,NA,NA,NA,NA,NA,NA,https://www.stuttcars.com/wp-content/uploads/2021/09/Porsche-Formula-E.jpeg,https://www.stuttcars.com/porsche-formula-e-2019/,"When Porsche announced it was leaving the World Endurance Championship to focus on Formula E, it was a big signal that the future of Weissach motorsport..."
Porsche,Cayenne Coupe,Porsche Cayenne Coupe (2020 – 2023),Cayenne,NA,NA,2019,The Rest of the Porsche Model Guides,Road,V6,front,NA,340,6500,450,1340,241,NA,NA,NA,NA,NA,https://www.stuttcars.com/wp-content/uploads/2021/09/2020-porsche-cayenne_100701109_l.jpeg,https://www.stuttcars.com/porsche-cayenne-coupe-2019-present-2/,The 2020 Porsche Cayenne Coupe appeals to a dynamic niche. Read more about the design behind the Cayenne Coupe's engaging driving experience.
Porsche,Cayenne E-Hybrid,Porsche Cayenne E-Hybrid (2019 – 2023),Cayenne,NA,NA,2019,The Rest of the Porsche Model Guides,Road,NA,front,NA,NA,NA,NA,NA,NA,NA,NA,NA,NA,NA,https://www.stuttcars.com/wp-content/uploads/2021/09/PORSCHE-E-Hybrid-6352_2.jpeg,https://www.stuttcars.com/porsche-cayenne-e-hybrid-2019-present-2/,The E-Hybrid version of the current Cayenne came in 2018. Porsche used the same platform as the Bentley Bentayga and the Lamborghini Urus for the third generation of the Cayenne. This platform was designed from the beginning to accept a hybrid version. It also featured a rear-axle steering system which really helps with low speed turning and cornering at speed.
Porsche,Cayenne E-Hybrid Coupe,Porsche Cayenne E-Hybrid Coupe (2020 – 2023),Cayenne,NA,NA,2019,The Rest of the Porsche Model Guides,Road,V6,front,NA,461,NA,700,NA,253,NA,NA,NA,NA,NA,https://www.stuttcars.com/wp-content/uploads/2021/09/Porsche-Cayenne-E-Hybrid-Coupe.png,https://www.stuttcars.com/porsche-cayenne-e-hybrid-coupe-2020-present-2/,"The Cayenne E-Hybrid Coupe is only a couple of trim levels away from the base Cayenne Coupe. However, it makes a very compelling case for those who are unwilling to splurge on the pricier options as you move up the chain. It costs less than half of the range-topping Cayenne Turbo GT but serves up a potent blend of performance, practicality, and efficiency that make it hard to ignore."
Porsche,Cayenne S Coupe,Porsche Cayenne S Coupe (2020 – 2023),Cayenne,NA,NA,2019,The Rest of the Porsche Model Guides,Road,V6,front,NA,440,6800,549,5500,262,NA,NA,NA,NA,NA,https://www.stuttcars.com/wp-content/uploads/2021/09/Porsche-Cayenne-S-Coupe.jpeg,https://www.stuttcars.com/porsche-cayenne-s-coupe-2020-present-2/,"The Porsche Cayenne S Coupe lacks a hybrid powertrain and thus sacrifices the added power from the electric motor. It, however, still has plenty of grunt in the form of a potent twin-turbocharged V6 tweaked to produce 434 hp and 405 lb-ft of torque. It is about 20 hp less than the Cayenne E-Hybrid Coupe. The Cayenne S Coupe is lighter, though, and can hit 60 mph in 4.7 seconds – a tenth faster than the E-Hybrid variant."
Porsche,Cayenne S SUV,Porsche Cayenne S SUV (2019 – 2023),Cayenne,NA,NA,2019,The Rest of the Porsche Model Guides,Road,NA,front,NA,NA,NA,NA,NA,NA,NA,NA,NA,NA,NA,https://www.stuttcars.com/wp-content/uploads/2021/09/PORSCHE-Cayenne-S-6098_15.jpeg,https://www.stuttcars.com/porsche-cayenne-s-2019-present-2/,The third generation of the Porsche Cayenne S was unveiled in August 2017 and launched in front of the public at the Frankfurt Motor Show in the same year.
Porsche,Cayenne SUV,Porsche Cayenne SUV (2019 – 2023),Cayenne,NA,NA,2019,The Rest of the Porsche Model Guides,Road,NA,front,NA,NA,NA,NA,NA,NA,NA,NA,NA,NA,NA,https://www.stuttcars.com/wp-content/uploads/2021/09/PORSCHE-Cayenne-6097_24.jpeg,https://www.stuttcars.com/porsche-cayenne-2019-present-2/,"The third generation of the Porsche Cayenne was unveiled in August 2017 and launched in front of the public at the Frankfurt Motor Show in the same year. While it didn’t look like a big update, the reality is that the third generation Cayenne is built on a totally new platform, shared with SUVs like the Bentley Bentayga and Lamborghini Urus. It was fitted with important technical upgrades, such as the rear-axle steering system, which allowed a better cornering speed and an easier parking maneuver."
Porsche,Cayenne Turbo,Porsche Cayenne Turbo (2019 – 2023),Cayenne,NA,NA,2019,The Rest of the Porsche Model Guides,Road,NA,front,NA,NA,NA,NA,NA,NA,NA,NA,NA,NA,NA,https://www.stuttcars.com/wp-content/uploads/2021/09/PORSCHE-Cayenne-Turbo-6119_3.jpeg,https://www.stuttcars.com/porsche-cayenne-turbo-2019-present-2/,"In 2017, the third generation of the Porsche Cayenne was unveiled at the Frankfurt Motor Show."
Porsche,Cayenne Turbo S E-Hybrid Coupe,Porsche Cayenne Turbo S E-Hybrid Coupe (2020 – 2023),Cayenne,NA,NA,2019,The Rest of the Porsche Model Guides,Road,V8,front,NA,679,NA,899,NA,295,NA,NA,NA,NA,NA,https://www.stuttcars.com/wp-content/uploads/2021/09/Current-Porsche-Cayenne-Turbo-S-E-Hybrid-SUV-Coupe-1.jpeg,https://www.stuttcars.com/porsche-cayenne-turbo-s-e-hybrid-facelift-2021-present-2/,"The Cayenne Turbo S E-Hybrid Coupe is extreme indulgence at its peak; outrageous price, outrageous performance. This performance coupe is unapologetically unrestrained with a 541 hp twin-turbocharged V8 at its core. As if that was not enough, Porsche decided to tack on a 134 hp electric motor, creating a hybrid monster with a maximum combined power of 670 hp and 663 lb-ft of torque."
Porsche,Macan,Porsche Macan (2019 – 2021),Macan,NA,NA,2019,The Rest of the Porsche Model Guides,Road,NA,front,NA,NA,NA,NA,NA,NA,NA,NA,NA,NA,NA,https://www.stuttcars.com/wp-content/uploads/2021/09/PORSCHE-Macan-6386_39.jpeg,https://www.stuttcars.com/porsche-macan-2019-2021/,The 2019 base Macan get a design refresh
Porsche,Macan S,Porsche Macan S (2019 – 2021),Macan,NA,NA,2019,The Rest of the Porsche Model Guides,Road,NA,front,NA,NA,NA,NA,NA,NA,NA,NA,NA,NA,NA,https://www.stuttcars.com/wp-content/uploads/2021/09/PORSCHE-Macan-S-6465_11.jpeg,https://www.stuttcars.com/porsche-macan-s-2019-2021/,The Macan S gets a number of important upgrades for the 2019 model year
Porsche,Macan Vision Safari,Porsche Macan Vision Safari (2019),Macan,NA,NA,2019,Porsche Concept Car Guides,Concept,NA,front,NA,NA,NA,NA,NA,NA,NA,NA,NA,NA,NA,https://www.stuttcars.com/wp-content/uploads/2021/06/porsche-macan-vision-safari-spinoff-5.jpeg,https://www.stuttcars.com/porsche-917-living-legend-concept/,"Reminiscent of the legendary 911 Safari, which were used in the 1970s in the East African Safari Rally."
Porsche,Panamera GTS,Porsche Panamera GTS (2019 – 2020),Panamera,NA,NA,2019,The Rest of the Porsche Model Guides,Road,NA,front,NA,NA,NA,NA,NA,NA,NA,NA,NA,NA,NA,https://www.stuttcars.com/wp-content/uploads/2021/09/PORSCHE-Panamera-GTS-6429_9.jpeg,https://www.stuttcars.com/porsche-panamera-gts-2019-2020/,The 2019 Porsche Panamera GTS Sport Turismo appeals to a dynamic niche. Read more about the design behind the Sport Turismo's engaging driving experience.
Porsche,Panamera GTS Sport Turismo,Porsche Panamera GTS Sport Turismo (2019 – 2020),Panamera,NA,NA,2019,The Rest of the Porsche Model Guides,Road,NA,front,NA,NA,NA,NA,NA,NA,NA,NA,NA,NA,NA,https://www.stuttcars.com/wp-content/uploads/2019/10/porsche-panamera-gts-and-gran-turismo-gts-1.jpg,https://www.stuttcars.com/porsche-panamera-gts-sport-turismo-2019-2020/,The 2019 Porsche Panamera GTS Sport Turismo appeals to a dynamic niche. Read more about the design behind the Sport Turismo's engaging driving experience.
Porsche,Vision 918 RS,Porsche Vision 918 RS (2019),918,918,918,2019,Porsche Concept Car Guides,Concept,NA,mid,NA,NA,NA,NA,NA,NA,NA,NA,NA,NA,NA,https://www.stuttcars.com/wp-content/uploads/2021/06/Porsche-Vision-918-RS-Concept-5.jpg,https://www.stuttcars.com/porsche-vision-918-rs/,"Next generation trackday, street-legal Porsche 918 concept"
Porsche,Vision 920,Porsche Vision 920 (2019),920,920,920,2019,Porsche Concept Car Guides,Concept,NA,NA,NA,NA,NA,NA,NA,NA,NA,NA,NA,NA,NA,https://www.stuttcars.com/wp-content/uploads/2021/06/bCapture0065.jpg,https://www.stuttcars.com/porsche-vision-920/,A Street-Legal Le Mans Racer Concept
Porsche,Vision E,Porsche Vision E (2019),Vision E,NA,NA,2019,Porsche Concept Car Guides,Concept,NA,NA,NA,NA,NA,NA,NA,NA,NA,NA,NA,NA,NA,https://www.stuttcars.com/wp-content/uploads/2021/06/bCapture0009.jpg,https://www.stuttcars.com/porsche-vision-e/,A preview of a future electric customer race car from Porsche
Porsche,718 Boxster GTS 4.0,Porsche 718 Boxster GTS 4.0 (2020 – Present),Boxster,718,718,2020,Porsche Boxster & Cayman Model Guides,Road,flat-6,mid,4000,400,7800,420,5000,293,NA,NA,NA,NA,NA,https://www.stuttcars.com/wp-content/uploads/2021/10/PORSCHE-718-Boxster-GTS-4-0-6728_3.jpeg,https://www.stuttcars.com/porsche-718-boxster-gts-4-0-2020-present/,Awesome 718 GTS now offered with a 4 liter flat six engine.
Porsche,718 Boxster T,Porsche 718 Boxster T (2020 – 2024),Boxster,718,718,2020,Porsche Boxster & Cayman Model Guides,Road,flat-4,mid,2000,304,6500,380,1950,275,NA,NA,NA,NA,NA,https://www.stuttcars.com/wp-content/uploads/2019/01/porsche-718-cayman-t-and-718-boxster-t-1-4.jpg,https://www.stuttcars.com/porsche-718-boxster-t-2020-present/,A sportier version of the base Boxster 718. Utterly brilliant.
Porsche,718 Cayman GT4,Porsche 718 Cayman GT4 (2020 – Present),Cayman,718,718,2020,Porsche Boxster & Cayman Model Guides,Road,flat-6,mid,4000,420,7600,420,5000,301,NA,NA,NA,NA,NA,https://www.stuttcars.com/wp-content/uploads/2019/10/718-cayman-gt4-3.jpg,https://www.stuttcars.com/porsche-718-cayman-gt4/,The 2019 718 Porsche Cayman GT4 and 718 Boxster Spyder are everything wanted in a sports cars with a naturally aspirated 6-cylinder engine and legendary design.
Porsche,718 Cayman T,Porsche 718 Cayman T (2020 – Present),Cayman,718,718,2020,Porsche Boxster & Cayman Model Guides,Road,flat-4,mid,2000,300,6500,380,1950,275,NA,NA,NA,NA,NA,https://www.stuttcars.com/wp-content/uploads/2021/09/PORSCHE-718-Cayman-T-6469_7.jpeg,https://www.stuttcars.com/porsche-718-cayman-t-2020-present/,"Not the fastest, most luxurious or even the cheapest of all the 718 variants. But, it is the most fun."
Porsche,911 Carrera 4 Cabriolet,Porsche 911 Carrera 4 Cabriolet (992.1) (2020 – 2024),911,992.1,911,2020,Porsche 911 Model Guides,Road,flat-6,rear,3000,384,6500,449,1900,288,NA,NA,NA,NA,NA,https://www.stuttcars.com/wp-content/uploads/2021/12/Porsche-911-Carrera-4-Cabriolet-992-5.jpg,https://www.stuttcars.com/porsche-911-carrera-4-cabriolet-992/,"Twin-turbo flat-six, all-wheel drive safety and a drop top. NICE!!!"
Porsche,911 Carrera 4 Coupe,Porsche 911 Carrera 4 Coupe (992.1) (2020 – 2024),911,992.1,911,2020,Porsche 911 Model Guides,Road,flat-6,rear,3000,384,6500,449,1900,290,NA,NA,NA,NA,NA,https://www.stuttcars.com/wp-content/uploads/2021/12/Porsche-911-Carrera-4-Coupe-992.jpg,https://www.stuttcars.com/porsche-911-carrera-4-coupe-992/,"In a nutshell, it’s a base-model 911 Carrera with all-wheel drive"
Porsche,911 Carrera Cabriolet,Porsche 911 Carrera Cabriolet (992.1) (2020 – 2024),911,992.1,911,2020,Porsche 911 Model Guides,Road,flat-6,rear,3000,384,6500,449,1900,290,NA,NA,NA,NA,NA,https://www.stuttcars.com/wp-content/uploads/2021/12/Porsche-911-Carrera-Cabriolet-992-9.jpg,https://www.stuttcars.com/porsche-911-carrera-cabriolet-992/,Porsche says the Cabriolet is just as good to drive as the coupe. They are right.
Porsche,911 Carrera Coupe,Porsche 911 Carrera Coupe (992.1) (2020 – 2024),911,992.1,911,2020,Porsche 911 Model Guides,Road,flat-6,rear,3000,384,6500,449,1900,293,NA,NA,NA,NA,NA,https://www.stuttcars.com/wp-content/uploads/2021/12/Porsche-911-Carrera-Coupe-992.jpg,https://www.stuttcars.com/porsche-911-carrera-coupe-992/,"The base 911 Carrera was larger, faster and probably more than you ever need"
Porsche,Cayenne GTS Coupe,Porsche Cayenne GTS Coupe (2020 – 2023),Cayenne,NA,NA,2020,The Rest of the Porsche Model Guides,Road,V8,front,NA,459,6800,620,1800,269,NA,NA,NA,NA,NA,https://www.stuttcars.com/wp-content/uploads/2021/09/Porsche-Cayenne-GTS-Coupe.png,https://www.stuttcars.com/porsche-cayenne-gts-coupe-2020-present-2/,"Three letters are all it takes to describe the glint in your eye and intense goosebumps – GTS, short for ‘Gran Turismo Sport.’ Pure and thrilling: the Cayenne GTS Coupe brings a motorsport atmosphere to the road with its striking appearance and athletic handling. What’s not to like about this performance machine? The Cayenne GTS Coupe swaps out the V6 engine for a twin-turbocharged V8 unit. It puts out a heady 453 hp and 457 lb-ft of torque, enough juice to really stretch the legs of the GTS Coupe."
Porsche,Cayenne GTS SUV,Porsche Cayenne GTS SUV (2020 – 2023),Cayenne,NA,NA,2020,The Rest of the Porsche Model Guides,Road,NA,front,NA,NA,NA,NA,NA,NA,NA,NA,NA,NA,NA,https://www.stuttcars.com/wp-content/uploads/2021/09/PORSCHE-Cayenne-GTS-6843_3.jpeg,https://www.stuttcars.com/porsche-cayenne-gts-2020-present-2/,The V8 engine is back for the Porsche Cayenne GTS. Gone is the twin-turbo V6 and (correctly) the Cayenne GTS now has a twin-turbo V8 with some serious poke (and sound).
Porsche,Cayenne Turbo Coupe,Porsche Cayenne Turbo Coupe (2020 – 2023),Cayenne,NA,NA,2020,The Rest of the Porsche Model Guides,Road,NA,front,NA,NA,NA,NA,NA,NA,NA,NA,NA,NA,NA,https://www.stuttcars.com/wp-content/uploads/2021/09/p19-0081-a3-rgb-951e7fa1.jpeg,https://www.stuttcars.com/porsche-cayenne-turbo-coupe-2020-present-2/,"If you hadn’t yet seen any pictures of this new Cayenne, you might be wondering if we would be talking about some 2-door-cross-utility version of Porsche’s largest SUV. At first glance of the photos, calling the upcoming Cayenne a “coupe” seems somewhat oxymoronic, because the Cayenne Coupe is still very much an SUV. In fact, Porsche says that the Coupe is mostly similar to the regular SUV, particularly on the inside."
Porsche,Macan GTS,Porsche Macan GTS (2020 – 2021),Macan,NA,NA,2020,The Rest of the Porsche Model Guides,Road,NA,front,NA,NA,NA,NA,NA,NA,NA,NA,NA,NA,NA,https://www.stuttcars.com/wp-content/uploads/2021/09/PORSCHE-Macan-GTS-95B-6723_28.jpeg,https://www.stuttcars.com/porsche-macan-gts-2020-2021/,Powered by a brand new engine and with a refreshed look
Porsche,Macan Turbo,Porsche Macan Turbo (2020 – 2021),Macan,NA,NA,2020,The Rest of the Porsche Model Guides,Road,NA,front,NA,NA,NA,NA,NA,NA,NA,NA,NA,NA,NA,https://www.stuttcars.com/wp-content/uploads/2021/09/PORSCHE-Macan-Turbo-6651_5.jpeg,https://www.stuttcars.com/porsche-macan-turbo-2020-2021/,Powered by a brand new engine and with a refreshed look
Porsche,Taycan (Base),Porsche Taycan (Base) (2021 – 2024),Taycan,NA,NA,2020,The Rest of the Porsche Model Guides,Road,NA,NA,NA,325,NA,344,NA,230,NA,NA,NA,NA,NA,https://www.stuttcars.com/wp-content/uploads/2021/09/Porsche-Taycan-Base.jpeg,https://www.stuttcars.com/porsche-taycan-base-2021-present/,The base Taycan is still a tasty treat
Porsche,Taycan 4S,Porsche Taycan 4S (2020 – 2024),Taycan,NA,NA,2020,The Rest of the Porsche Model Guides,Road,NA,NA,NA,NA,NA,NA,NA,NA,NA,NA,NA,NA,NA,https://www.stuttcars.com/wp-content/uploads/2019/10/347b7f86-882f-484d-ad37-5d0be363c742.jpg,https://www.stuttcars.com/porsche-taycan-4s-2020/,The Perfect Daily Driver?
Porsche,Taycan Turbo,Porsche Taycan Turbo (2020 – 2024),Taycan,NA,NA,2020,The Rest of the Porsche Model Guides,Road,NA,NA,NA,NA,NA,NA,NA,NA,NA,NA,NA,NA,NA,https://www.stuttcars.com/wp-content/uploads/2019/11/Porsche-taycan7.jpg,https://www.stuttcars.com/porsche-taycan-turbo-2020/,Porsche Nails The Electric Sports Car On The First Go
Porsche,Taycan Turbo S,Porsche Taycan Turbo S (2020 – 2024),Taycan,NA,NA,2020,The Rest of the Porsche Model Guides,Road,NA,NA,NA,NA,NA,NA,NA,NA,NA,NA,NA,NA,NA,https://www.stuttcars.com/wp-content/uploads/2020/09/2020-Porsche-Taycan-Turbo-S-scaled-1.jpg,https://www.stuttcars.com/porsche-taycan-turbo-s-2020/,Insane Power. Insane Performance. Porsche Builds The Best Electric Car on the Planet.
Porsche,718 Cayman GTS 4.0,Porsche 718 Cayman GTS 4.0 (2021 – Present),Cayman,718,718,2021,Porsche Boxster & Cayman Model Guides,Road,flat-6,mid,4000,400,7800,420,5000,293,NA,NA,NA,NA,NA,https://www.stuttcars.com/wp-content/uploads/2021/10/PORSCHE-718-Cayman-GTS-4-0-6729_15.jpeg,https://www.stuttcars.com/porsche-718-cayman-gts-4-0-2021-present/,"The 718 GTS gets a 4.0L flat six, making the Cayman GTS 4.0 the best Porsche to buy today"
Porsche,911 GT2 RS Clubsport 25,Porsche 911 GT2 RS Clubsport 25 (991) (2021),911,991,911,2021,Porsche 911 Model Guides,Road,flat-6,rear,3800,701,7000,750,2500,340,NA,NA,NA,NA,NA,https://www.stuttcars.com/wp-content/uploads/2021/11/2021_PORSCHE_991GT2RSmr_FOTO_03_small.jpeg,https://www.stuttcars.com/porsche-911-gt2-rs-clubsport-25-2021/,A super rare track-only car built to celebrate the 25th anniversary of Manthey-Racing GmbH
Porsche,911 GT3 Cup,Porsche 911 GT3 Cup (992.1) (2021 – 2025),911,992.1,911,2021,Porsche 911 Model Guides,Road,flat-6,rear,4000,510,8400,NA,NA,NA,NA,NA,NA,NA,NA,https://www.stuttcars.com/wp-content/uploads/2021/12/Porsche-911-GT3-Cup-992-8.jpeg,https://www.stuttcars.com/porsche-911-gt3-cup-992/,"The Porsche Mobil 1 Supercup features the Porsche 911 GT3 Cup, the world’s best-selling race car. It’s the new generation. 510 hp, optimised intake manifold..."
Porsche,911 Targa 4,Porsche 911 Targa 4 (992.1) (2021 – 2024),911,992.1,911,2021,Porsche 911 Model Guides,Road,flat-6,rear,3000,384,6500,449,1900,288,NA,NA,NA,NA,NA,https://www.stuttcars.com/wp-content/uploads/2021/12/Porsche-911-Targa-4-992-30.jpg,https://www.stuttcars.com/porsche-911-targa-4-992/,The sexiest 911 gets its 992 makeover
Porsche,911 Targa 4S,Porsche 911 Targa 4S (992.1) (2021 – 2024),911,992.1,911,2021,Porsche 911 Model Guides,Road,flat-6,rear,3000,449,6500,529,2300,303,NA,NA,NA,NA,NA,https://www.stuttcars.com/wp-content/uploads/2021/12/Porsche-911-Targa-4S-992-32.jpg,https://www.stuttcars.com/porsche-911-targa-4s-992/,Crazy. Sexy. Cool. Fast.
Porsche,911 Targa 4S Heritage Design Edition,Porsche 911 Targa 4S Heritage Design Edition (992.1) (2021),911,992.1,911,2021,Porsche 911 Model Guides,Road,flat-6,rear,3000,449,6500,529,2300,303,NA,NA,NA,NA,NA,https://www.stuttcars.com/wp-content/uploads/2021/12/Porsche-911-Targa-4S-Heritage-Design-Edition-992-20.jpg,https://www.stuttcars.com/porsche-911-targa-4s-heritage-design-edition-992-2021/,Historical exterior and interior design elements in this special edition Targa 4S
Porsche,911 Turbo Cabriolet,Porsche 911 Turbo Cabriolet (992.1) (2021 – 2025),911,992.1,911,2021,Porsche 911 Model Guides,Road,flat-6,rear,3700,580,6500,750,2250,320,NA,NA,NA,NA,NA,https://www.stuttcars.com/wp-content/uploads/2021/12/Porsche-911-Turbo-Cabriolet-992-37.jpg,https://www.stuttcars.com/porsche-911-turbo-cabriolet-992/,All-wheel drive. Cabriolet Body. Supercar Performance. What's Not to Like.
Porsche,911 Turbo Coupe,Porsche 911 Turbo Coupe (992) (2021 – 2025),911,992,911,2021,Porsche 911 Model Guides,Road,flat-6,rear,3700,580,6500,750,2250,320,NA,NA,NA,NA,NA,https://www.stuttcars.com/wp-content/uploads/2021/12/Porsche-911-Turbo-Coupe-992-89.jpg,https://www.stuttcars.com/porsche-911-turbo-992/,"You know the world is ok when the ""entry level"" 911 Turbo hits 0 - 60 mph in just 2.7 seconds."
Porsche,911 Turbo S Cabriolet,Porsche 911 Turbo S Cabriolet (992.1) (2021 – 2025),911,992.1,911,2021,Porsche 911 Model Guides,Road,flat-6,rear,3700,649,6750,800,2500,330,NA,NA,NA,NA,NA,https://www.stuttcars.com/wp-content/uploads/2021/12/Porsche-911-Turbo-S-Cabriolet-992-36.jpg,https://www.stuttcars.com/porsche-911-turbo-s-cabriolet-992/,The Most Powerful Turbo Yet...in a Cabriolet Body. Staggeringly Fast and Capable.
Porsche,911 Turbo S Collaboration With Embraer,Porsche 911 Turbo S Collaboration With Embraer (2021),911,911,911,2021,Porsche 911 Model Guides,Road,NA,rear,NA,NA,NA,NA,NA,NA,NA,NA,NA,NA,NA,https://www.stuttcars.com/wp-content/uploads/2020/11/img_5.jpg,https://www.stuttcars.com/porsche-unveils-911-turbo-s-collaboration-with-embraer/,"Porsche Exclusive Manufaktur has worked with Brazilian aircraft builder Embraer for a limited-run of private jet-inspired 911 Turbo S cars, according to EVO. The special division is known for its astonishing creations, and this one is perhaps it’s most impressive. The collaboration will yield just 10 cars worldwide. They will be available for purchase by all buyers of the Embraer Phenom 300E business jet, which runs just under £8m. There has been no pricing information discussed for the car, but as you can imagine, the price for the target buyers likely isn’t a concern. The paint scheme for these cars matches the jet. The car combines gloss and satin-gloss finishes for the first time ever on an official 911 build. There are also blue pinstripes designed to match the aircraft. The wheels on these 911 Turbo S models are dark silver with the same blue accents. There’s a unique logo that references the aircraft. It’s on the exterior and the interior of the car. The car also gets each jet’s registration number on the underside of the 911’s active rear wing, which is painted in Speed blue. The engine for this car is the same as the regular 911 Turbo S, which is a 3.8-liter twin-turbocharged flat-six that puts out 641 hp and 590 lb-ft of torque. It has the ability to rocket the car from 0 to 62 mph in 2.7 seconds and all the way to a 205 mph top speed. Inside there’s plenty of blue that features in small quantities on the exterior of the car. There’s also plenty of black and chalk leather upholstery used throughout the car. It’s designed to match the cockpit of the jet. The key for the car is also painted in Speed blue and will feature the registration number of the corresponding jet. The car also comes with a special cover and a’1919 UC Globetimer Embraer’ watch."
Porsche,911 Turbo S Coupe,Porsche 911 Turbo S Coupe (992.1) (2021 – 2025),911,992.1,911,2021,Porsche 911 Model Guides,Road,flat-6,rear,3700,649,6750,800,2500,330,NA,NA,NA,NA,NA,https://www.stuttcars.com/wp-content/uploads/2021/12/Porsche-911-Turbo-S-Coupe-992-89.jpg,https://www.stuttcars.com/porsche-911-turbo-s-992/,640 horsepower and 590 b-ft of torque. 0 - 60 mph in 2.6 seconds. Top speed of 205 mph. Yikes.
Porsche,Mission R Electric,Porsche Mission R Electric (2021),Mission,NA,NA,2021,Porsche Concept Car Guides,Concept,NA,NA,NA,NA,NA,NA,NA,NA,NA,NA,NA,NA,NA,https://www.stuttcars.com/wp-content/uploads/2022/02/300821-Porsche23879_LDN.jpeg,https://www.stuttcars.com/porsche-mission-r-electric/,A 1073 bhp electric racing concept
Porsche,Panamera,Porsche Panamera (2021 – 2023),Panamera,NA,NA,2021,The Rest of the Porsche Model Guides,Road,NA,front,NA,NA,NA,NA,NA,NA,NA,NA,NA,NA,NA,https://www.stuttcars.com/wp-content/uploads/2021/09/PORSCHE-Panamera-971-6934_6.jpeg,https://www.stuttcars.com/porsche-panamera-2021-present/,"For the 2021 model year, the Panamera featured a redesigned front fascia, with a different bumper and lower apron. The previously optional Sport Design..."
Porsche,Panamera 4,Porsche Panamera 4 (2021 – 2023),Panamera,NA,NA,2021,The Rest of the Porsche Model Guides,Road,NA,front,NA,NA,NA,NA,NA,NA,NA,NA,NA,NA,NA,https://www.stuttcars.com/wp-content/uploads/2021/09/PORSCHE-Panamera-4-971-6923_11.jpeg,https://www.stuttcars.com/porsche-panamera-4-2021-present/,"Under the hood, the Porsche Panamera 4 featured a twin-turbo V6 engine, good for 330 hp. It was carried-over from the non-facelifted version. The 7-speed PDK"
Porsche,Panamera 4 E-Hybrid,Porsche Panamera 4 E-Hybrid (2021 – 2023),Panamera,NA,NA,2021,The Rest of the Porsche Model Guides,Road,V6,front,NA,461,NA,700,NA,280,NA,NA,NA,NA,NA,https://www.stuttcars.com/wp-content/uploads/2021/09/Panamera-4-E-Hybrid.jpeg,https://www.stuttcars.com/porsche-panamera-4-e-hybrid-2021-present/,Porsche's 'entry-level' hybrid sports sedan packs a lot of punch
Porsche,Panamera 4 E-Hybrid Executive,Porsche Panamera 4 E-Hybrid Executive (2021 – 2023),Panamera,NA,NA,2021,The Rest of the Porsche Model Guides,Road,V6,front,NA,461,5400,700,1800,280,NA,NA,NA,NA,NA,https://www.stuttcars.com/wp-content/uploads/2021/09/Porsche-Panamera-4-E-Hybrid-Executive.jpeg,https://www.stuttcars.com/porsche-panamera-4-e-hybrid-executive-2021-present/,The 2021 Porsche Panamera 4 E-Hybrid Executive appeals to a dynamic niche. Read more about the design behind the 4 E-Hybrid's engaging driving experience.
Porsche,Panamera 4 E-Hybrid Sport Turismo,Porsche Panamera 4 E-Hybrid Sport Turismo (2021 – 2023),Panamera,NA,NA,2021,The Rest of the Porsche Model Guides,Road,V6,front,NA,461,5400,700,1800,280,NA,NA,NA,NA,NA,https://www.stuttcars.com/wp-content/uploads/2021/09/Porsche-Panamera-4-E-Hybrid-Sport-Turismo.jpeg,https://www.stuttcars.com/porsche-panamera-4-e-hybrid-sport-turismo-2021-present/,"The single most important distinction between this model and the Panamera 4 Sport Turismo is the ‘E-Hybrid’ badging. With the E-Hybrid Sport Turismo, Porsche has been able to combine performance, ample space and fuel economy into one family-friendly package."
Porsche,Panamera 4 Executive,Porsche Panamera 4 Executive (2021 – 2023),Panamera,NA,NA,2021,The Rest of the Porsche Model Guides,Road,NA,front,NA,NA,NA,NA,NA,NA,NA,NA,NA,NA,NA,https://www.stuttcars.com/wp-content/uploads/2021/09/Screen-Shot-2021-09-21-at-10.31.33-PM.png,https://www.stuttcars.com/porsche-panamera-4-executive-2021-present/,The Executive version of the Porsche Panamera 4 gives you all the extra space with all the same goodness of the twin-turbo V6 engine...
Porsche,Panamera 4 Sport Turismo,Porsche Panamera 4 Sport Turismo (2021 – 2023),Panamera,NA,NA,2021,The Rest of the Porsche Model Guides,Road,V6,front,NA,330,5400,450,1800,262,NA,NA,NA,NA,NA,https://www.stuttcars.com/wp-content/uploads/2021/09/Porsche-Panamera-4-Sport-Turismo.jpeg,https://www.stuttcars.com/porsche-panamera-4-sport-turismo-2021-present/,The Panamera 4 Sport Turismo favours a 'Shooting Brake' style rather than being a pure wagon. This is evidenced by its sloping roofline towards the rear...
Porsche,Panamera 4S,Porsche Panamera 4S (2021 – 2023),Panamera,NA,NA,2021,The Rest of the Porsche Model Guides,Road,V6,front,NA,449,5750,549,5750,295,NA,NA,NA,NA,NA,https://www.stuttcars.com/wp-content/uploads/2021/09/Porsche-Panamera-4S.jpeg,https://www.stuttcars.com/porsche-panamera-4s-2021-present/,The Panamera 4 is the first model in the Panamera lineup to feature all-wheel-drive (evidenced by the '4' badging). A few steps above sits the Panamera 4S...
Porsche,Panamera 4S E-Hybrid,Porsche Panamera 4S E-Hybrid (2021 – 2023),Panamera,NA,NA,2021,The Rest of the Porsche Model Guides,Road,V6,front,NA,560,NA,750,NA,298,NA,NA,NA,NA,NA,https://www.stuttcars.com/wp-content/uploads/2021/09/Porsche-Panamera-4S-E-Hybrid.jpeg,https://www.stuttcars.com/porsche-panamera-4s-e-hybrid-2021-present/,The 2021 Porsche Panamera 4S E-Hybrid appeals to a dynamic niche. Read more about the design behind the Sport Turismo's engaging driving experience.
Porsche,Panamera 4S E-Hybrid Executive,Porsche Panamera 4S E-Hybrid Executive (2021 – 2023),Panamera,NA,NA,2021,The Rest of the Porsche Model Guides,Road,V6,front,NA,560,NA,750,NA,298,NA,NA,NA,NA,NA,https://www.stuttcars.com/wp-content/uploads/2021/09/Porsche-Panamera-4S-E-Hybrid-Executive.jpeg,https://www.stuttcars.com/porsche-panamera-4s-e-hybrid-executive-2021-present/,The Porsche Panamera 4S E-Hybrid Executive appeals to a dynamic niche. Read more about the design behind the Sport Turismo's engaging driving experience.
Porsche,Panamera 4S E-Hybrid Sport Turismo,Porsche Panamera 4S E-Hybrid Sport Turismo (2021 – 2023),Panamera,NA,NA,2021,The Rest of the Porsche Model Guides,Road,V6,front,NA,560,NA,750,NA,293,NA,NA,NA,NA,NA,https://www.stuttcars.com/wp-content/uploads/2022/04/Porsche-Panamera-4S-E-Hybrid-Sport-Turismo-F-1.jpg,https://www.stuttcars.com/porsche-panamera-4s-e-hybrid-sport-turismo-2021-present/,The 2021 Porsche Panamera 4S E-Hybrid Sport Turismo appeals to a dynamic niche. Read more about the design behind the Sport Turismo's engaging driving experience.
Porsche,Panamera 4S Executive,Porsche Panamera 4S Executive (2021 – 2023),Panamera,NA,NA,2021,The Rest of the Porsche Model Guides,Road,V6,front,NA,449,5650,549,5500,295,NA,NA,NA,NA,NA,https://www.stuttcars.com/wp-content/uploads/2022/04/Porsche-Panamera-4S-Executive-B.jpg,https://www.stuttcars.com/porsche-panamera-4s-executive-2021-present/,The 2021 Porsche Panamera 4S Executive appeals to a dynamic niche. Read more about the design behind the 4S Executive's engaging driving experience.
Porsche,Panamera 4S Sport Turismo,Porsche Panamera 4S Sport Turismo (2021 – 2023),Panamera,NA,NA,2021,The Rest of the Porsche Model Guides,Road,V6,front,NA,449,5750,549,5750,290,NA,NA,NA,NA,NA,https://www.stuttcars.com/wp-content/uploads/2022/04/Porsche-Panamera-4S-Sport-Turismo.jpg,https://www.stuttcars.com/porsche-panamera-4s-sport-turismo-2021-present/,2021 Porsche Panamera 4S Sport Turismo appeals to a dynamic niche. Read more about the design behind the Sport Turismo's engaging driving experience.
Porsche,Panamera GTS,Porsche Panamera GTS (2021 – 2023),Panamera,NA,NA,2021,The Rest of the Porsche Model Guides,Road,V8,front,NA,480,6500,620,1800,299,NA,NA,NA,NA,NA,https://www.stuttcars.com/wp-content/uploads/2021/09/Porsche-Panamera-GTS.jpeg,https://www.stuttcars.com/porsche-panamera-gts-2021-present/,"The Panamera Hybrid models have their strengths, but there is still nothing quite like the visceral experience behind the wheel of a high-performance vehicle with a formidable internal combustion engine, a formidable unit like the V8 found in the Panamera GTS (short for ‘Gran Turismo Sport). It plays a significant role in portraying the character of the sports sedan as a lively performance and yet, family-friendly vehicle."
Porsche,Panamera GTS Sport Turismo,Porsche Panamera GTS Sport Turismo (2021 – 2023),Panamera,NA,NA,2021,The Rest of the Porsche Model Guides,Road,V8,front,NA,480,6800,620,1800,293,NA,NA,NA,NA,NA,https://www.stuttcars.com/wp-content/uploads/2021/09/Porsche-Panamera-GTS-Sport-Turismo.jpeg,https://www.stuttcars.com/porsche-panamera-gts-sport-turismo-2021-present/,The 2021 Porsche Panamera GTS Sport Turismo appeals to a dynamic niche. Read more about the design behind the Sport Turismo's engaging driving experience.
Porsche,Panamera Turbo S,Porsche Panamera Turbo S (2021 – 2023),Panamera,NA,NA,2021,The Rest of the Porsche Model Guides,Road,V8,front,NA,629,6800,819,2300,315,NA,NA,NA,NA,NA,https://www.stuttcars.com/wp-content/uploads/2021/09/Porsche-Panamera-Turbo-S.jpeg,https://www.stuttcars.com/porsche-panamera-turbo-s-2021-present/,The 2021 Porsche Panamera Turbo S appeals to a dynamic niche. Read more about the design behind the Sport Turismo's engaging driving experience.
Porsche,Panamera Turbo S E-Hybrid,Porsche Panamera Turbo S E-Hybrid (2021 – 2023),Panamera,NA,NA,2021,The Rest of the Porsche Model Guides,Road,V8,front,NA,700,NA,869,NA,315,NA,NA,NA,NA,NA,https://www.stuttcars.com/wp-content/uploads/2021/09/Porsche-Panamera-Turbo-S-E-Hybrid.jpeg,https://www.stuttcars.com/porsche-panamera-turbo-s-e-hybrid-2021-present/,"There is nothing pretentious about the formidable Panamera Turbo S E-Hybrid. The big sedan is all about serious power, performance and style. It is currently the second-most-powerful car in Porsche’s entire lineup, only behind the 700-hp 911 GT2 RS. Only a few rivals can match the luxury sedan in terms of raw power."
Porsche,Panamera Turbo S E-Hybrid Executive,Porsche Panamera Turbo S E-Hybrid Executive (2021 – 2023),Panamera,NA,NA,2021,The Rest of the Porsche Model Guides,Road,V8,front,NA,700,NA,869,NA,315,NA,NA,NA,NA,NA,https://www.stuttcars.com/wp-content/uploads/2021/09/Porsche-Panamera-Turbo-S-E-Hybrid-Executive.jpeg,https://www.stuttcars.com/porsche-panamera-turbo-s-e-hybrid-executive-2021-present/,"This Porsche limousine boasts impressive performance stats like the other Turbo S E-Hybrid variants. However, a lengthened wheelbase with a bias towards rear-seat luxury is the ‘cherry on the cake’ that sets this one apart. The car promises a sporty package with the luxury of a limousine, and to be fair; it mostly delivers on both counts."
Porsche,Panamera Turbo S E-Hybrid Sport Turismo,Porsche Panamera Turbo S E-Hybrid Sport Turismo (2021 – 2023),Panamera,NA,NA,2021,The Rest of the Porsche Model Guides,Road,V8,front,NA,700,NA,869,NA,315,NA,NA,NA,NA,NA,https://www.stuttcars.com/wp-content/uploads/2021/09/Panamera-Turbo-S-E-Hybrid-Sport-Turismo.jpeg,https://www.stuttcars.com/porsche-panamera-turbo-s-e-hybrid-sport-turismo-2021-present/,"The Panamera Turbo S E-Hybrid Sport Turismo is extreme indulgence at its peak. A family wagon with almost 700 hp on tap and the ability to launch hard enough to strain your back muscles. Porsche claims the car can hit 60 mph in just 3 seconds. It’s impressive on its own, but even then, it seems the carmaker was being conservative as some motoring journalists were able to clock a time of 2.7 seconds. That’s faster than a Ferrari 488 GTB!"
Porsche,Panamera Turbo S Executive,Porsche Panamera Turbo S Executive (2021 – 2023),Panamera,NA,NA,2021,The Rest of the Porsche Model Guides,Road,V8,front,NA,629,6800,819,2300,315,NA,NA,NA,NA,NA,https://www.stuttcars.com/wp-content/uploads/2021/09/Porsche-Panamera-Turbo-S-Executive.jpeg,https://www.stuttcars.com/porsche-panamera-turbo-s-executive-2021-present/,"This ‘limousine’ performance sedan offers the benefits of the non-executive Panamera Turbo S – plenty of power, athletic handling and overall elegance. However, the ‘executive’ badging means more space on the interior, especially for the rear passengers, courtesy of a wheelbase that’s about six inches longer than the regular Panamera sedan."
Porsche,Panamera Turbo S Sport Turismo,Porsche Panamera Turbo S Sport Turismo (2021 – 2023),Panamera,NA,NA,2021,The Rest of the Porsche Model Guides,Road,V8,front,NA,629,6800,819,2300,315,NA,NA,NA,NA,NA,https://www.stuttcars.com/wp-content/uploads/2021/09/Porsche-Panamera-Turbo-S-Sport-Turismo.jpeg,https://www.stuttcars.com/porsche-panamera-turbo-s-sport-turismo-2021-present/,The 2021 Porsche Panamera Turbo S Sport Turismo appeals to a dynamic niche. Read more about the design behind the Sport Turismo's engaging driving experience.
Porsche,Taycan (Base) Sport Turismo,Porsche Taycan (Base) Sport Turismo (2022 – 2024),Taycan,NA,NA,2021,The Rest of the Porsche Model Guides,Road,NA,NA,NA,325,NA,344,NA,230,NA,NA,NA,NA,NA,https://www.stuttcars.com/wp-content/uploads/2021/09/Porsche-Taycan-Base-Sport-Turismo.png,https://www.stuttcars.com/porsche-taycan-base-sport-turismo-2022-present/,The base Taycan is now available with a Sport Turismo body
Porsche,Taycan 4 Cross Turismo,Porsche Taycan 4 Cross Turismo (2021 – 2024),Taycan,NA,NA,2021,The Rest of the Porsche Model Guides,Road,NA,NA,NA,380,NA,499,NA,220,NA,NA,NA,NA,NA,https://www.stuttcars.com/wp-content/uploads/2021/09/Porsche-Taycan-4-Cross-Turismo.jpeg,https://www.stuttcars.com/porsche-taycan-4-cross-turismo-2021-present/,"Spacious interior and lots of luggage space, this is comfort and convenience for four"
Porsche,Taycan 4S Cross Turismo,Porsche Taycan 4S Cross Turismo (2021 – 2024),Taycan,NA,NA,2021,The Rest of the Porsche Model Guides,Road,NA,NA,NA,489,NA,649,NA,240,NA,NA,NA,NA,NA,https://www.stuttcars.com/wp-content/uploads/2021/09/porsche-taycan-4s-cross-turismo-2021-01.jpeg,https://www.stuttcars.com/porsche-taycan-4s-cross-turismo-2021-present/,562-hp powertrain in a sexy package and comfort for the whole family
Porsche,Taycan GTS,Porsche Taycan GTS (2022 – 2024),Taycan,NA,NA,2021,The Rest of the Porsche Model Guides,Road,NA,NA,NA,516,NA,849,NA,249,NA,NA,NA,NA,NA,https://www.stuttcars.com/wp-content/uploads/2021/11/W21_8190_highres.jpeg,https://www.stuttcars.com/porsche-taycan-gts-2022-present/,The Split Personality Taycan
Porsche,Taycan GTS Sport Turismo,Porsche Taycan GTS Sport Turismo (2022 – 2024),Taycan,NA,NA,2021,The Rest of the Porsche Model Guides,Road,NA,NA,NA,516,NA,849,NA,249,NA,NA,NA,NA,NA,https://www.stuttcars.com/wp-content/uploads/2022/02/Porsche-Taycan-GTS-Sport-Turismo.jpeg,https://www.stuttcars.com/porsche-taycan-gts-sport-turismo-2022-present/,The Split Personality Taycan With a Sexy Body Too
Porsche,Taycan Turbo Cross Turismo,Porsche Taycan Turbo Cross Turismo (2021 – 2024),Taycan,NA,NA,2021,The Rest of the Porsche Model Guides,Road,NA,NA,NA,625,NA,849,NA,249,NA,NA,NA,NA,NA,https://www.stuttcars.com/wp-content/uploads/2021/09/taycan-jk.jpeg,https://www.stuttcars.com/porsche-taycan-turbo-cross-turismo-2021-present/,Blistering Performance In A Cooler Taycan Bodystyle
Porsche,Taycan Turbo S Cross Turismo,Porsche Taycan Turbo S Cross Turismo (2021 – 2024),Taycan,NA,NA,2021,The Rest of the Porsche Model Guides,Road,NA,NA,NA,625,NA,1049,NA,249,NA,NA,NA,NA,NA,https://www.stuttcars.com/wp-content/uploads/2021/09/Porsche-Taycan-Turbo-Cross-Turismo.jpeg,https://www.stuttcars.com/porsche-taycan-turbo-s-cross-turismo-2021-present/,Tog Dog In the Taycan Lineup
Porsche,718 Boxster 25 Years,Porsche 718 Boxster 25 Years (2022),Boxster,718,718,2022,Porsche Boxster & Cayman Model Guides,Road,flat-6,mid,4000,400,7800,420,5000,293,NA,NA,NA,NA,NA,https://www.stuttcars.com/wp-content/uploads/2021/10/P20_0595_a3_rgb.jpg,https://www.stuttcars.com/porsche-718-boxster-25-years-2022-present/,Porsche Pays Homage to the 1993 Boxster Concept Car
Porsche,718 Cayman GT4 RS,Porsche 718 Cayman GT4 RS (2022 – Present),Cayman,718,718,2022,Porsche Boxster & Cayman Model Guides,Road,flat-6,mid,4000,500,8400,449,6750,315,NA,NA,NA,NA,NA,https://www.stuttcars.com/wp-content/uploads/2022/02/769_072_highres.jpeg,https://www.stuttcars.com/porsche-718-cayman-gt4-rs-2022-present/,"A $145,000 USD Porsche Cayman that carries a 4.0L flat-six engine from a Type 992 GT3 with the wick turned up to 11"
Porsche,718 Cayman GT4 RS Clubsport,Porsche 718 Cayman GT4 RS Clubsport (2022 – Present),Cayman,718,718,2022,Porsche Boxster & Cayman Model Guides,Road,flat-6,mid,4000,500,8400,449,6750,315,NA,NA,NA,NA,NA,https://www.stuttcars.com/wp-content/uploads/2022/02/769_195_highres.jpeg,https://www.stuttcars.com/porsche-718-cayman-gt4-rs-clubsport-2022-present/,The 718 Cayman GT4 RS Clubsport Is A 500-HP Turn-Key Race Car
Porsche,911 Carrera 4 GTS Cabriolet,Porsche 911 Carrera 4 GTS Cabriolet (992.1) (2022 – 2024),911,992.1,911,2022,Porsche 911 Model Guides,Road,flat-6,rear,3000,480,6500,569,2300,306,NA,NA,NA,NA,NA,https://www.stuttcars.com/wp-content/uploads/2021/12/Porsche-911-Carrera-4-GTS-Cabriolet-992-22-scaled-1.jpeg,https://www.stuttcars.com/porsche-911-carrera-4-gts-cabriolet-992/,Think Turbo lite with the odd GT3 flourish thrown in.
Porsche,911 Carrera 4 GTS Coupe,Porsche 911 Carrera 4 GTS Coupe (992.1) (2022 – 2024),911,992.1,911,2022,Porsche 911 Model Guides,Road,flat-6,rear,3000,480,6500,569,2300,307,NA,NA,NA,NA,NA,https://www.stuttcars.com/wp-content/uploads/2021/12/Porsche-911-Carrera-4-GTS-Coupe-992-16.jpg,https://www.stuttcars.com/porsche-911-carrera-4-gts-coupe-992/,What's not to like about a convertible 911 with 473 bhp and lots of other goodies as standard
Porsche,911 Carrera GTS Cabriolet,Porsche 911 Carrera GTS Cabriolet (992.1) (2022 – 2024),911,992.1,911,2022,Porsche 911 Model Guides,Road,flat-6,rear,3000,480,6500,569,2300,307,NA,NA,NA,NA,NA,https://www.stuttcars.com/wp-content/uploads/2021/12/Porsche-911-Carrera-GTS-Cabriolet-992-21.jpg,https://www.stuttcars.com/porsche-911-carrera-gts-cabriolet-992/,Twin-turbo 3.0-liter flat-six and open-top fun
Porsche,911 Carrera GTS Coupe,Porsche 911 Carrera GTS Coupe (992.1) (2022 – 2024),911,992.1,911,2022,Porsche 911 Model Guides,Road,flat-6,rear,3000,480,6500,569,2300,311,NA,NA,NA,NA,NA,https://www.stuttcars.com/wp-content/uploads/2021/12/Porsche-911-Carrera-GTS-Coupe-992-20.jpg,https://www.stuttcars.com/porsche-911-carrera-gts-coupe-992/,More hardcore options that bring more engagement for the 992 generation. The coupe is still the one to get.
Porsche,911 Edition 50 Years Porsche Design,Porsche 911 Edition 50 Years Porsche Design (992.1) (2022 – 2023),911,992.1,911,2022,Porsche 911 Model Guides,Road,flat-6,rear,3000,480,6500,569,2300,306,NA,NA,NA,NA,NA,https://www.stuttcars.com/wp-content/uploads/2022/02/001_Targa_911_3-4_Front_V03.jpeg,https://www.stuttcars.com/porsche-911-edition-50-years-porsche-design-992-2022/,Only 750 units of the special 911 will be made. Honors the first product created by the Porsche Design studio in 1972
Porsche,911 GT3,Porsche 911 GT3 (992.1) (2022 – 2024),911,992.1,911,2022,Porsche 911 Model Guides,Road,flat-6,rear,4000,507,8250,458,6000,320,NA,NA,NA,NA,NA,https://www.stuttcars.com/wp-content/uploads/2021/02/P21_0097_a3_rgb.jpeg,https://www.stuttcars.com/porsche-911-gt3-992/,The best sports car on the planet. No exceptions needed.
Porsche,911 GT3 Touring,Porsche 911 GT3 Touring (992.1) (2022 – 2024),911,992.1,911,2022,Porsche 911 Model Guides,Road,flat-6,rear,4000,507,8250,458,6000,315,NA,NA,NA,NA,NA,https://www.stuttcars.com/wp-content/uploads/2021/12/Porsche-911-GT3-with-Touring-Package-992-73.jpg,https://www.stuttcars.com/porsche-911-gt3-touring-992/,Sensational. Rewarding. Engaging. Intense. It Doesn't Get Any Better Than This
Porsche,911 Targa 4 GTS,Porsche 911 Targa 4 GTS (992.1) (2022 – 2024),911,992.1,911,2022,Porsche 911 Model Guides,Road,flat-6,rear,3000,480,6500,569,2300,306,NA,NA,NA,NA,NA,https://www.stuttcars.com/wp-content/uploads/2021/12/Porsche-911-Targa-4-GTS-992-1.jpg,https://www.stuttcars.com/porsche-911-targa-4-gts-992/,"The most capable ""poser"" car we have ever seen or driven. What more could you want?"
Porsche,Cayenne Platinum Edition,Porsche Cayenne Platinum Edition (2022 – 2024),Cayenne,NA,NA,2022,The Rest of the Porsche Model Guides,Road,NA,front,NA,NA,NA,NA,NA,NA,NA,NA,NA,NA,NA,https://www.stuttcars.com/wp-content/uploads/2022/02/CY22J4ZIX0002_eciV2_RGB_highres.jpeg,https://www.stuttcars.com/porsche-cayenne-platinum-edition-2022-present/,"The Platinum Edition comes to the SUV and coupe body styles for 2022. The Platinum Edition Cayenne applies a coat of Satin Platinum paint to a number of the vehicle’s badges, as well as its fascia-mounted intake treatment and its distinct 21-inch wheels. Black exhaust tips and window trim add an extra hint of menace to the model. With a starting price of $80,350, the Platinum Edition SUV costs $10,000 more than its run-of-the-mill counterpart. This includes swiveling LED headlights, a panoramic sunroof, Bose premium audio, eight-way power sport seats, and ambient interior lighting."
Porsche,Cayenne Turbo GT,Porsche Cayenne Turbo GT (2022 – 2023),Cayenne,NA,NA,2022,The Rest of the Porsche Model Guides,Road,V8,front,NA,640,6000,849,4500,299,NA,NA,NA,NA,NA,https://www.stuttcars.com/wp-content/uploads/2021/09/P21_0412_a3_rgb.jpeg,https://www.stuttcars.com/porsche-cayenne-turbo-gt-2022-present-2/,"There was a time when it seemed inconceivable that Porsche could top the ludicrousness that’s the Porsche Cayenne Turbo S E-Hybrid. However, that’s exactly what the carmaker has done with its latest introduction to the Cayenne family. According to Porsche, this will be the last hoorah for the Cayenne lineup. There’s been a lot of thought and effort to create a performance masterpiece set up for maximum performance and handling. The all-new Cayenne Turbo GT, introduced for the 2022 model year, packs a fearsome punch that rivals will find hard to match. The term ‘Super SUV’ was made popular by a familiar relative, the Lamborghini Urus. However, the Cayenne Turbo GT might have just elevated that performance concept to a whole new level."
Porsche,Macan,Porsche Macan (2022 – Present),Macan,NA,NA,2022,The Rest of the Porsche Model Guides,Road,NA,front,NA,NA,NA,NA,NA,NA,NA,NA,NA,NA,NA,https://www.stuttcars.com/wp-content/uploads/2021/09/2022-porsche-macan-001.jpeg,https://www.stuttcars.com/porsche-macan-2022-present/,Updated base Macan gets a turbocharged 2.0-liter four-cylinder now good for 261 horsepower.
Porsche,Macan GTS,Porsche Macan GTS (2022 – Present),Macan,NA,NA,2022,The Rest of the Porsche Model Guides,Road,NA,front,NA,NA,NA,NA,NA,NA,NA,NA,NA,NA,NA,https://www.stuttcars.com/wp-content/uploads/2021/09/P21_0369_v02_nr.jpeg,https://www.stuttcars.com/porsche-macan-gts-2022-present/,The Macan GTS is finally the flagship in the Macan lineup
Porsche,Macan S,Porsche Macan S (2022 – Present),Macan,NA,NA,2022,The Rest of the Porsche Model Guides,Road,NA,front,NA,NA,NA,NA,NA,NA,NA,NA,NA,NA,NA,https://www.stuttcars.com/wp-content/uploads/2021/09/porsche-macan-s-2021-7141_21.jpeg,https://www.stuttcars.com/porsche-macan-s-2022-present/,Porsche introduced yet another facelift for the Macan lineup for the 2022 model year.
Porsche,Taycan 4S Sport Turismo,Porsche Taycan 4S Sport Turismo (2022 – 2024),Taycan,NA,NA,2022,The Rest of the Porsche Model Guides,Road,NA,NA,NA,NA,NA,NA,NA,NA,NA,NA,NA,NA,NA,https://www.stuttcars.com/wp-content/uploads/2022/02/S22_0502_fine.jpg,https://www.stuttcars.com/porsche-taycan-4s-sport-turismo-2022-present/,562-hp powertrain in a sexy sporty body
Porsche,Taycan GTS Hockenheimring Edition,Porsche Taycan GTS Hockenheimring Edition (2022),Taycan,NA,NA,2022,The Rest of the Porsche Model Guides,Road,NA,NA,NA,NA,NA,NA,NA,NA,NA,NA,NA,NA,NA,https://www.stuttcars.com/wp-content/uploads/2022/05/img_9-1.jpeg,https://www.stuttcars.com/porsche-taycan-gts-hockenheimring-edition/,Porsche celebrated the 90th anniversary of the Hockenheimring track with a special edition of one of its models.
Porsche,Vision Gran Turismo,Porsche Vision Gran Turismo (2022),Vision Gran Turismo,NA,NA,2022,Porsche Concept Car Guides,Concept,NA,NA,NA,NA,NA,NA,NA,NA,NA,NA,NA,NA,NA,https://www.stuttcars.com/wp-content/uploads/2022/02/The-Porsche-Vision-Gran-Turismo-11.jpg,https://www.stuttcars.com/porsche-vision-gran-turismo/,"I’m sure you’ve all heard about the Gran Turismo game series, a Japanese video game developed by studio Polyphony Digital Inc., a subsidiary of Sony Interactive Entertainment, where the Vision Gran Turismo program, also known as Vision GT or even VGT has given us some of the most impressive concept cars, mostly fictional, but still utterly amazing to look at and imagine driving them … which you can do in the game naturally."
Porsche,911 Carrera GTS Cabriolet America Edition,Porsche 911 Carrera GTS Cabriolet America Edition (992.1) (2023),911,992.1,911,2023,Porsche 911 Model Guides,Road,flat-6,rear,3000,480,6500,569,2300,307,NA,NA,NA,NA,NA,https://www.stuttcars.com/wp-content/uploads/2022/06/2022_Azure_Blue_911_GTS_America_001_DSC06711.jpeg,https://www.stuttcars.com/porsche-911-carrera-gts-cabriolet-america-edition-992/,The 911 Carrera GTS Cabriolet America Edition pays tribute to the 356 America Roadster.
Porsche,911 Carrera GTS Le Mans Centenaire Edition,Porsche 911 Carrera GTS Le Mans Centenaire Edition (2023),911,911,911,2023,Porsche 911 Model Guides,Road,flat-6,rear,3000,480,6500,569,2300,307,NA,NA,NA,NA,NA,https://www.stuttcars.com/wp-content/uploads/2023/06/Porsche-Centenaire-911-Le-Mans-19-e1688140905490.jpg,https://www.stuttcars.com/911-carrera-gts-le-mans-centenaire-edition/,The new 911 Carrera GTS Le Mans Centenaire is a limited edition 911 that pays tribute to previous milestone Le Mans victories for Porsche
Porsche,911 Carrera T,Porsche 911 Carrera T (992.1) (2023 – 2024),911,992.1,911,2023,Porsche 911 Model Guides,Road,3.0L Twin-Turbocharged Flat-Six,rear,3000,385,NA,450,NA,290,NA,NA,NA,NA,NA,https://www.stuttcars.com/wp-content/uploads/2022/10/img_5-1.jpg,https://www.stuttcars.com/porsche-911-carrera-t-992-2023-present/,"The return of the Touring badge, now on the Type 992"
Porsche,911 Dakar,Porsche 911 Dakar (992.1) (2023 – 2024),911,992.1,911,2023,Porsche 911 Model Guides,Road,flat-6,rear,3000,480,6500,569,2300,307,NA,NA,NA,NA,NA,https://www.stuttcars.com/wp-content/uploads/2022/11/Porsche-911-Dakar-7.jpg,https://www.stuttcars.com/porsche-911-dakar-992-2023/,A Special Edition Off-Road 911 That Harkens Back to Porsche's Victory In The 1984 Paris-Dakar Rally
Porsche,911 GT3 R,Porsche 911 GT3 R (992.1) (2023 – 2025),911,992.1,911,2023,Porsche 911 Model Guides,Road,flat-6,rear,4200,629,9400,NA,NA,NA,NA,NA,NA,NA,NA,https://www.stuttcars.com/wp-content/uploads/2023/03/Porsche-911-GT3-R-992.1-2023-2025-1-2.jpg,https://www.stuttcars.com/porsche-911-gt3-r-992-1/,"In the summer of 2022, Porsche unveiled the 992 generation of the 911 GT3 R. The car featured a bigger 4,194 cc engine compared to its predecessor..."
Porsche,911 GT3 RS,Porsche 911 GT3 RS (992.1) (2023 – 2025),911,992.1,911,2023,Porsche 911 Model Guides,Road,flat-6,rear,4000,525,8500,464,6300,296,NA,NA,NA,NA,NA,https://www.stuttcars.com/wp-content/uploads/2022/11/Porsche-992-GT3-RS-Buyers-Guide-12.jpg,https://www.stuttcars.com/porsche-911-gt3-rs-992-ultimate-buyers-guide/,Arguably The Most Extreme Roadgoing 911 Ever Made
Porsche,911 GT3 RS Tribute To Carrera RS,Porsche 911 GT3 RS Tribute To Carrera RS (992.1) (2023),911,992.1,911,2023,Porsche 911 Model Guides,Road,flat-6,rear,4000,525,8500,464,6300,296,NA,NA,NA,NA,NA,https://www.stuttcars.com/wp-content/uploads/2022/10/PCNA22_1125_fine.png,https://www.stuttcars.com/tribute-to-carrera-rs-package-for-911-gt3-rs/,"As a tribute to the 911 Carrera RS 2.7, Porsche announced the Tribute to Carrera RS Package exclusively available for the U.S. market."
Porsche,911 Sport Classic,Porsche 911 Sport Classic (992.1) (2023),911,992.1,911,2023,Porsche 911 Model Guides,Road,flat-6,rear,3700,551,NA,599,NA,320,NA,NA,NA,NA,NA,https://www.stuttcars.com/wp-content/uploads/2022/05/img_41.jpeg,https://www.stuttcars.com/porsche-911-sport-classic-992-2023/,"A total of 1,250 examples of the limited-edition model by Porsche Exclusive Manufaktur"
Porsche,963 LMDh,Porsche 963 LMDh (2023),963,963,963,2023,Porsche Race Car Guides,Competition,V8,mid,NA,679,10000,NA,NA,NA,NA,NA,NA,NA,NA,https://www.stuttcars.com/wp-content/uploads/2022/06/porsche070622_ldn1763_-_3_4_fronthoch_high.jpg,https://www.stuttcars.com/porsche-963-lmdh-2023/,Porsche’s first customer prototype in more than a decade comes with a $2.9 million price tag
Porsche,Concept Vision 357,Porsche Concept Vision 357 (2023),357,357,357,2023,Porsche Concept Car Guides,Concept,flat-6,NA,4000,500,8400,449,6750,315,NA,NA,NA,NA,NA,https://www.stuttcars.com/wp-content/uploads/2023/01/DSF4840_ret_hires.jpeg,https://www.stuttcars.com/porsche-concept-vision-357-guide/,"Seventy-five years ago, on June 8, 1948, the 356 No. 1 Roadster became the first automobile bearing the name Porsche to receive its general operating permit – the birth of the sports car brand. Porsche is now embarking on its anniversary year with the Porsche Vision 357 and a reference to the Porsche 356 – Ferry Porsche’s dream of a sports car. As an homage to this, the concept car brings the monolithic form into the present day."
Porsche,Macan T,Porsche Macan T (2023 – Present),Macan,NA,NA,2023,The Rest of the Porsche Model Guides,Road,inline-4,front,2000,265,5000,400,1800,233,NA,NA,NA,NA,NA,https://www.stuttcars.com/wp-content/uploads/2022/02/S22_0124_fine.jpeg,https://www.stuttcars.com/porsche-macan-t-2023-present/,Fits between the base Macan and Macan S and is all about handling and responsiveness
Porsche,Mission X,Porsche Mission X (2023),Mission,NA,NA,2023,Porsche Concept Car Guides,Concept,NA,mid,NA,NA,NA,NA,NA,NA,NA,NA,NA,NA,NA,https://www.stuttcars.com/wp-content/uploads/2023/06/Porsche-Mission-Ximg_4.jpg,https://www.stuttcars.com/the-porsche-mission-x-in-depth/,We take a look at the major features of the new hypercar concept from Stuttgart
Porsche,718 Boxster Style Edition,Porsche 718 Boxster Style Edition (2024 – Present),Boxster,718,718,2024,Porsche Boxster & Cayman Model Guides,Road,flat-4,mid,2000,300,6500,380,1950,275,NA,NA,NA,NA,NA,https://www.stuttcars.com/wp-content/uploads/2022/12/Porsche-718-Boxster-Style-Edition7.jpg,https://www.stuttcars.com/porsche-718-boxster-style-edition-2024-present/,The entry-level 718 Boxster Gets A Bunch of New Goodies
Porsche,718 Cayman Style Edition,Porsche 718 Cayman Style Edition (2024 – Present),Cayman,718,718,2024,Porsche Boxster & Cayman Model Guides,Road,flat-4,mid,2000,300,6500,380,1950,275,NA,NA,NA,NA,NA,https://www.stuttcars.com/wp-content/uploads/2022/12/Porsche-718-Boxster-Style-Edition24.jpg,https://www.stuttcars.com/porsche-718-cayman-style-edition-2024-present/,The entry-level 718 Cayman Gets A Bunch of New Goodies
Porsche,718 Spyder RS,Porsche 718 (982) Spyder RS (2024 – Present),718,982,718,2024,Porsche Boxster & Cayman Model Guides,Road,flat-6,mid,4000,500,NA,NA,NA,307,NA,NA,NA,NA,NA,https://www.stuttcars.com/wp-content/uploads/2023/05/0110_glasgow_01_AKOS3262_V03.jpg,https://www.stuttcars.com/porsche-718-982-spyder-rs-2024-present/,"Official photos: 2023 May 10 / Premiere: Sometime in June, 2023 / Market launch: Spring 2024"
Porsche,718 Spyder RS “Panamericana Special”,Porsche 718 Spyder RS “Panamericana Special” (2024),Panamericana,718,718,2024,Porsche Boxster & Cayman Model Guides,Road,NA,mid,NA,NA,NA,NA,NA,NA,NA,NA,NA,NA,NA,https://www.stuttcars.com/wp-content/uploads/2024/10/Porsche-718-Spyder-Carrera-01.jpg,https://www.stuttcars.com/porsche-718-spyder-rs-panamericana-special/,A tribute to a historic victory
Porsche,911 GT3 R Rennsport,Porsche 911 GT3 R Rennsport (992.1) (2024),911,992.1,911,2024,Porsche 911 Model Guides,Road,flat-6,rear,4200,629,9400,NA,NA,NA,NA,NA,NA,NA,NA,https://www.stuttcars.com/wp-content/uploads/2023/09/Porsche-911-GT3-RS-Rennsport-10.jpg,https://www.stuttcars.com/new-porsche-911-gt3-r-rennsport/,77-unit limited edition
Porsche,911 S/T,Porsche 911 S/T (992) (2024 – 2025),911,992,911,2024,Porsche 911 Model Guides,Road,flat-6,rear,4000,525,8500,469,6150,296,NA,NA,NA,NA,NA,https://www.stuttcars.com/wp-content/uploads/2025/06/2024-Porsche-911-S-T-6.jpg,https://www.stuttcars.com/2024-porsche-911-s-t-an-in-depth-look/,"In simple terms, the 2024 Porsche 911 S/T is what happens when you transplant the soul of the new GT3 RS in the body of a GT3 Touring. Read on to find out more!"
Porsche,Cayenne Coupe (Facelift),Porsche Cayenne Coupe (Facelift) (2024 – Present),Cayenne,NA,NA,2024,The Rest of the Porsche Model Guides,Road,V6,front,3000,353,NA,499,NA,248,NA,NA,NA,NA,NA,https://www.stuttcars.com/wp-content/uploads/2025/04/cayenne-coupe-exterior-right-rear-three-quarter.webp,https://www.stuttcars.com/porsche-cayenne-coupe-2024-present/,Delivering style without sacrificing performance or practicality
Porsche,Cayenne E-Hybrid Coupe (Facelift),Porsche Cayenne E-Hybrid Coupe (Facelift) (2024 – Present),Cayenne,NA,NA,2024,The Rest of the Porsche Model Guides,Road,V6,front,3000,469,NA,649,NA,254,NA,NA,NA,NA,NA,https://www.stuttcars.com/wp-content/uploads/2024/06/2024-Porsche-Cayenne-E-Hybrid-Coupe-5.jpg,https://www.stuttcars.com/porsche-cayenne-e-hybrid-coupe-2024-present/,"Sleek style, same hybrid punch"
Porsche,Cayenne E-Hybrid SUV (Facelift),Porsche Cayenne E-Hybrid SUV (Facelift) (2024 – Present),Cayenne,NA,NA,2024,The Rest of the Porsche Model Guides,Road,V6,front,3000,469,NA,649,NA,254,NA,NA,NA,NA,NA,https://www.stuttcars.com/wp-content/uploads/2024/07/2024-Porsche-Cayenne-E-Hybrid-SUV-7.jpg,https://www.stuttcars.com/porsche-cayenne-e-hybrid-suv-2024-present/,A more capable and efficient plug-in Porsche SUV
Porsche,Cayenne GTS Coupe (Facelift),Porsche Cayenne GTS Coupe (Facelift) (2025 – Present),Cayenne,NA,NA,2024,The Rest of the Porsche Model Guides,Road,V8,front,4000,500,NA,660,4500,275,NA,NA,NA,NA,NA,https://www.stuttcars.com/wp-content/uploads/2024/09/2024-Porsche-Cayenne-GTS-23.jpg,https://www.stuttcars.com/porsche-cayenne-gts-coupe-2024-present/,Performance meets style in Porsche’s boldest take on the Cayenne yet
Porsche,Cayenne GTS SUV (Facelift),Porsche Cayenne GTS SUV (Facelift) (2025 – Present),Cayenne,NA,NA,2024,The Rest of the Porsche Model Guides,Road,V8,front,4000,500,NA,660,4500,275,NA,NA,NA,NA,NA,https://www.stuttcars.com/wp-content/uploads/2024/09/2024-Porsche-Cayenne-GTS.jpg,https://www.stuttcars.com/porsche-cayenne-gts-2024-present/,"A sharper, stronger SUV utility with true Porsche dynamics"
Porsche,Cayenne S Coupe (Facelift),Porsche Cayenne S Coupe (Facelift) (2024 – Present),Cayenne,NA,NA,2024,The Rest of the Porsche Model Guides,Road,V8,front,4000,474,NA,599,NA,NA,NA,NA,NA,NA,NA,https://www.stuttcars.com/wp-content/uploads/2024/07/2024-Porsche-Cayenne-S-Coupe-6.jpg,https://www.stuttcars.com/porsche-cayenne-s-coupe-2024-present/,"The Cayenne S Coupé has always played the stylish sibling in Porsche’s SUV family, leaning into design without giving up the muscle. For 2024, it returns with sharper looks, smarter tech, and, most importantly, a V8 under the hood. This year’s update doesn’t just make the Coupé more powerful, but it gives it a more balanced and mature personality, blending everyday luxury with serious performance in a way few SUVs can pull off."
Porsche,Cayenne S E-Hybrid Coupe (Facelift),Porsche Cayenne S E-Hybrid Coupe (Facelift) (2024 – Present),Cayenne,NA,NA,2024,The Rest of the Porsche Model Guides,Road,V6,front,3000,519,NA,750,NA,262,NA,NA,NA,NA,NA,https://www.stuttcars.com/wp-content/uploads/2024/07/S24_1199_fine.jpg,https://www.stuttcars.com/porsche-cayenne-s-e-hybrid-coupe-2024-present/,Style-forward with serious hybrid performance
Porsche,Cayenne S E-Hybrid SUV,Porsche Cayenne S E-Hybrid SUV (2024 – Present),Cayenne,NA,NA,2024,The Rest of the Porsche Model Guides,Road,V6,front,3000,519,NA,750,NA,262,NA,NA,NA,NA,NA,https://www.stuttcars.com/wp-content/uploads/2024/06/S23_1694_fine.jpg,https://www.stuttcars.com/porsche-cayenne-s-e-hybrid-suv-2024-present/,Plug-in Porsche power meets everyday comfort
Porsche,Cayenne S SUV (Facelift),Porsche Cayenne S SUV (Facelift) (2024 – Present),Cayenne,NA,NA,2024,The Rest of the Porsche Model Guides,Road,V8,front,4000,474,NA,599,NA,272,NA,NA,NA,NA,NA,https://www.stuttcars.com/wp-content/uploads/2024/09/2024-Porsche-Cayenne-S-8-1.jpg,https://www.stuttcars.com/porsche-cayenne-s-2024-present/,Performance meets practicality in Porsche’s newly refined luxury SUV
Porsche,Cayenne SUV (Facelift),Porsche Cayenne SUV (Facelift) (2024 – Present),Cayenne,NA,NA,2024,The Rest of the Porsche Model Guides,Road,V6,front,3000,353,NA,499,NA,248,NA,NA,NA,NA,NA,https://www.stuttcars.com/wp-content/uploads/2024/10/Porsche-Cayenne-2024.jpg,https://www.stuttcars.com/porsche-cayenne-2024-present/,Quietly improving on everything the Cayenne already did well
Porsche,Cayenne Turbo E-Hybrid Coupe (Facelift),Porsche Cayenne Turbo E-Hybrid Coupe (Facelift) (2024 – Present),Cayenne,NA,NA,2024,The Rest of the Porsche Model Guides,Road,V8,front,4000,739,NA,949,NA,304,NA,NA,NA,NA,NA,https://www.stuttcars.com/wp-content/uploads/2024/04/2024-Porsche-Cayenne-Turbo-Ehybrid.jpg,https://www.stuttcars.com/porsche-cayenne-turbo-e-hybrid-coupe-2024-present/,The boldest Cayenne packs a punch while looking sharper
Porsche,Cayenne Turbo E-Hybrid SUV (Facelift),Porsche Cayenne Turbo E-Hybrid SUV (Facelift) (2024 – Present),Cayenne,NA,NA,2024,The Rest of the Porsche Model Guides,Road,V8,front,4000,739,NA,949,NA,304,NA,NA,NA,NA,NA,https://www.stuttcars.com/wp-content/uploads/2024/04/2024-Porsche-Cayenne-Turbo-e-hybrid-20.jpg,https://www.stuttcars.com/porsche-cayenne-turbo-e-hybrid-suv-2024-present/,Porsche’s most potent Cayenne yet
Porsche,Cayenne Turbo GT (Facelift),Porsche Cayenne Turbo GT (Facelift) (2024 – Present),Cayenne,NA,NA,2024,The Rest of the Porsche Model Guides,Road,V8,front,4000,659,NA,849,NA,304,NA,NA,NA,NA,NA,https://www.stuttcars.com/wp-content/uploads/2024/08/2024-Porsche-Cayenne-Turbo-GT.jpg,https://www.stuttcars.com/porsche-cayenne-turbo-gt-2024-present/,Supercar performance meets practicality in Porsche’s most extreme Cayenne
Porsche,Macan 4 Electric,Porsche Macan 4 Electric (2024 – Present),Macan,NA,NA,2024,The Rest of the Porsche Model Guides,Road,NA,front,NA,414,NA,649,NA,220,NA,NA,NA,NA,NA,https://www.stuttcars.com/wp-content/uploads/2024/04/2024-Porsche-Macan-4-electric-1.jpg,https://www.stuttcars.com/porsche-macan-4-electric-2024-present/,"All-wheel drive, instant torque, and maximum EV range"
Porsche,Macan 4S Electric,Porsche Macan 4S Electric (2024 – Present),Macan,NA,NA,2024,The Rest of the Porsche Model Guides,Road,NA,front,NA,516,NA,819,NA,240,NA,NA,NA,NA,NA,https://www.stuttcars.com/wp-content/uploads/2024/04/01_Macan-1.jpeg,https://www.stuttcars.com/porsche-macan-4s-electric-2024-present/,With more power and precision the Macan 4S means business
Porsche,Macan Electric (Base),Porsche Macan Electric (Base) (2024 – Present),Macan,NA,NA,2024,The Rest of the Porsche Model Guides,Road,NA,front,NA,360,NA,563,NA,220,NA,NA,NA,NA,NA,https://www.stuttcars.com/wp-content/uploads/2025/04/Electric-Macan-17.jpeg,https://www.stuttcars.com/porsche-macan-electric-2024-present/,"The everyday Porsche EV with power, poise, and practicality"
Porsche,Macan Turbo Electric,Porsche Macan Turbo Electric (2024 – Present),Macan,NA,NA,2024,The Rest of the Porsche Model Guides,Road,NA,front,NA,648,NA,1129,NA,261,NA,NA,NA,NA,NA,https://www.stuttcars.com/wp-content/uploads/2024/04/2024-Porsche-Macan-Turbo-Electric-1.jpg,https://www.stuttcars.com/porsche-macan-turbo-electric-2024-present/,"Porsche’s electric SUV, fully unleashed"
Porsche,Panamera,Porsche Panamera (2024 – Present),Panamera,NA,NA,2024,The Rest of the Porsche Model Guides,Road,V6,front,2900,353,5400,499,1900,272,NA,NA,NA,NA,NA,https://www.stuttcars.com/wp-content/uploads/2026/01/Porsche-Panamera-2024-Present.png,https://www.stuttcars.com/porsche-panamera-2024-present/,"Experience the 3rd-gen Porsche Panamera. Featuring a 348 hp V6, updated 976 styling, and a digital-first cockpit, it’s the ultimate RWD luxury performance sedan."
Porsche,Panamera 4,Porsche Panamera 4 (2024 – Present),Panamera,NA,NA,2024,The Rest of the Porsche Model Guides,Road,V6,front,2900,353,5400,499,1900,270,NA,NA,NA,NA,NA,https://www.stuttcars.com/wp-content/uploads/2026/01/Porsche-Panamera-4-2024-Present.png,https://www.stuttcars.com/porsche-panamera-4-2024-present/,"Discover the Porsche Panamera 4 (976). With standard AWD, 348 hp, and adaptive air suspension, it provides superior grip and comfort in any driving condition."
Porsche,Panamera 4 E-Hybrid,Porsche Panamera 4 E-Hybrid (2024 – Present),Panamera,NA,NA,2024,The Rest of the Porsche Model Guides,Road,V6,front,2900,469,5400,649,1900,280,NA,NA,NA,NA,NA,https://www.stuttcars.com/wp-content/uploads/2026/01/Porsche-Panamera-4-E-Hybrid.jpg,https://www.stuttcars.com/porsche-panamera-4-e-hybrid-2024-present/,"Explore the new Panamera 4 E-Hybrid. Featuring 463 hp, extended electric range, and the 976 generation's advanced hybrid tech, it’s the future of luxury travel."
Porsche,Panamera 4S E-Hybrid,Porsche Panamera 4S E-Hybrid (2024 – Present),Panamera,NA,NA,2024,The Rest of the Porsche Model Guides,Road,V6,front,2900,543,5400,750,1000,290,NA,NA,NA,NA,NA,https://www.stuttcars.com/wp-content/uploads/2026/01/2024-porsche-panamera-e-hybrid-4.jpg,https://www.stuttcars.com/porsche-panamera-4s-e-hybrid-2024-present/,The Panamera 4S E-Hybrid delivers a staggering 536 hp and 3.5s 0–60 mph. Discover the high-performance plug-in hybrid that refuses to compromise on speed.
Porsche,Panamera GTS,Porsche Panamera GTS (2024 – Present),Panamera,NA,NA,2024,The Rest of the Porsche Model Guides,Road,V8,front,4000,500,6500,660,2100,303,NA,NA,NA,NA,NA,https://www.stuttcars.com/wp-content/uploads/2026/01/290415_1920x1281.jpg,https://www.stuttcars.com/porsche-panamera-gts-2024-present/,"Focused on driving dynamics, the 976 Panamera GTS features a 493 hp twin-turbo V8, sport-tuned suspension, and unmistakable GTS styling."
Porsche,Panamera Turbo E-Hybrid,Porsche Panamera Turbo E-Hybrid (2024 – Present),Panamera,NA,NA,2024,The Rest of the Porsche Model Guides,Road,V8,front,4000,679,6000,930,2330,315,NA,NA,NA,NA,NA,https://www.stuttcars.com/wp-content/uploads/2026/01/Porsche-Panamera-Turbo-E-Hybrid.png,https://www.stuttcars.com/porsche-panamera-turbo-e-hybrid-2024-present/,"670 hp with the Panamera Turbo E-Hybrid. Featuring Turbonite accents and a 3.0s 0–60 mph time, it’s the pinnacle of high-speed hybrid luxury."
Porsche,Panamera Turbo S E-Hybrid,Porsche Panamera Turbo S E-Hybrid (2024 – Present),Panamera,NA,NA,2024,The Rest of the Porsche Model Guides,Road,V8,front,4000,782,6000,999,2330,325,NA,NA,NA,NA,NA,https://www.stuttcars.com/wp-content/uploads/2026/01/Porsche-Panamera-Turbo-S-E-Hybrid.png,https://www.stuttcars.com/porsche-panamera-turbo-s-e-hybrid-2024-present/,The flagship Panamera Turbo S E-Hybrid delivers an incredible 771 hp and a 2.8s 0–60 mph time. Experience the absolute peak of Porsche 976 engineering.
Porsche,Taycan Turbo K-Edition,Porsche Taycan Turbo K-Edition (2024),Taycan,NA,NA,2024,The Rest of the Porsche Model Guides,Road,NA,NA,NA,NA,NA,NA,NA,NA,NA,NA,NA,NA,NA,https://www.stuttcars.com/wp-content/uploads/2024/08/Porsche-Taycan-0012.jpg,https://www.stuttcars.com/limited-taycan-turbo-k-edition/,Numerous customizations celebrate Porsche Korea’s 10th anniversary
Porsche,911 Carrera 4 GTS Cabriolet,Porsche 911 Carrera 4 GTS Cabriolet (992.2) (2025 – Present),911,992.2,911,2025,Porsche 911 Model Guides,Road,flat-6,rear,3600,539,6500,609,NA,312,NA,NA,NA,NA,NA,https://www.stuttcars.com/wp-content/uploads/2025/04/Porsche-911-Carrera-4-GTS-Cabriolet-992.2-8.jpg,https://www.stuttcars.com/porsche-911-carrera-4-gts-cabriolet-9922/,The Carrera 4 GTS T-Hybrid Cabriolet (992.2) combines the all-weather confidence of AWD with hybrid-boosted performance and open-top emotion...
Porsche,911 Carrera 4 GTS Coupe,Porsche 911 Carrera 4 GTS Coupe (992.2) (2025 – Present),911,992.2,911,2025,Porsche 911 Model Guides,Road,flat-6,rear,3600,539,6500,609,NA,312,NA,NA,NA,NA,NA,https://www.stuttcars.com/wp-content/uploads/2025/03/Porsche-911-Carrera-4-GTS-Coupe-992.2-10.jpg,https://www.stuttcars.com/porsche-911-carrera-4-gts-coupe-9922/,"Adding all-wheel-drive precision to the new hybrid GTS platform, the Carrera 4 GTS T-Hybrid Coupe (992.2) offers relentless traction and electrified acceleration.."
Porsche,911 Carrera 4 GTS Transfăgărășan Tribute,Porsche 911 Carrera 4 GTS Transfăgărășan Tribute (992.2) (2025),911,992.2,911,2025,Porsche 911 Model Guides,Road,flat-6,rear,3600,539,6500,609,NA,312,NA,NA,NA,NA,NA,https://www.stuttcars.com/wp-content/uploads/2025/08/Porsche-Sonderwunsch-Romania-014.jpg,https://www.stuttcars.com/porsches-first-transfagarasan-tribute-hits-the-road/,Sonderwunsch commission celebrates 50 years of one of the world’s most beautiful roads
Porsche,911 Carrera Cabriolet,Porsche 911 Carrera Cabriolet (992.2) (2025 – Present),911,992.2,911,2025,Porsche 911 Model Guides,Road,flat-6,rear,3000,393,6500,449,2000,291,NA,NA,NA,NA,NA,https://www.stuttcars.com/wp-content/uploads/2025/11/Porsche-911-Carrera-Cabriolet-992.2-13.jpg,https://www.stuttcars.com/porsche-911-carrera-cabriolet-9922/,The purest roof-down 911
Porsche,911 Carrera Coupe,Porsche 911 Carrera Coupe (992.2) (2025 – Present),911,992.2,911,2025,Porsche 911 Model Guides,Road,flat-6,rear,3000,393,6500,449,2000,295,NA,NA,NA,NA,NA,https://www.stuttcars.com/wp-content/uploads/2024/11/SLATE_GREY_NEO_911_CARRERA_008_A1_04222.jpg,https://www.stuttcars.com/porsche-911-carrera-coupe-9922/,All the 911 You Need
Porsche,911 Carrera GTS Cabriolet,Porsche 911 Carrera GTS Cabriolet (992.2) (2025 – Present),911,992.2,911,2025,Porsche 911 Model Guides,Road,flat-6,rear,3600,539,6500,609,NA,312,NA,NA,NA,NA,NA,https://www.stuttcars.com/wp-content/uploads/2025/11/Porsche-911-Carrera-GTS-T-Hybrid-Cabriolet-992.2-2025-–-Specifications-Performance.png,https://www.stuttcars.com/porsche-911-carrera-gts-cabriolet-9922/,The open-top GTS T-Hybrid Cabriolet (992.2) delivers hybrid-enhanced power and effortless speed with roof-down exhilaration. It’s the pinnacle of modern 911 ...
Porsche,911 Carrera GTS Coupe,Porsche 911 Carrera GTS Coupe (992.2) (2025 – Present),911,992.2,911,2025,Porsche 911 Model Guides,Road,flat-6,rear,3600,539,6500,609,NA,312,NA,NA,NA,NA,NA,https://www.stuttcars.com/wp-content/uploads/2024/06/2025-Porsche-911-GTS-Hybrid-Guide-5.jpg,https://www.stuttcars.com/2025-porsche-911-gts-hybrid-in-depth-guide/,…and what the not-so-distant-future looks like for Porsche’s flagship model after the latest mid-cycle facelift
Porsche,911 Carrera S Cabriolet,Porsche 911 Carrera S Cabriolet (992.2) (2025 – Present),911,992.2,911,2025,Porsche 911 Model Guides,Road,flat-6,rear,3000,480,6500,529,2200,307,NA,NA,NA,NA,NA,https://www.stuttcars.com/wp-content/uploads/2025/09/Porsche-911-Carrera-T-Cabriolet-992.2-11.png,https://www.stuttcars.com/porsche-911-carrera-s-cabriolet-9922/,"Offering the same boosted power and precision as the Coupe, the Carrera S Cabriolet (992.2) adds open-air exhilaration to its 443-plus-horsepower punch."
Porsche,911 Carrera S Coupe,Porsche 911 Carrera S Coupe (992.2) (2025 – Present),911,992.2,911,2025,Porsche 911 Model Guides,Road,flat-6,rear,3000,480,6500,529,2200,307,NA,NA,NA,NA,NA,https://www.stuttcars.com/wp-content/uploads/2025/09/Porsche-911-Carrera-S-Coupe-992.2-24.jpg,https://www.stuttcars.com/porsche-911-carrera-s-9922/,"If the base 911 coupe doesn't do it for you, maybe the Carrera S coupe gets you over the line. For about $20k more, you get more horsepower, torque vectoring..."
Porsche,911 Carrera T Cabriolet,Porsche 911 Carrera T Cabriolet (992.2) (2025 – Present),911,992.2,911,2025,Porsche 911 Model Guides,Road,flat-6,rear,3000,393,6500,449,2000,293,NA,NA,NA,NA,NA,https://www.stuttcars.com/wp-content/uploads/2025/09/Porsche-911-Carrera-T-Cabriolet-992.2-8.png,https://www.stuttcars.com/porsche-911-carrera-t-cabriolet-992/,"The Carrera T Cabriolet (992.2) pairs minimalist performance tuning with open-air joy. It’s a lightweight, driver-focused 911 designed for those who want engagement ..."
Porsche,911 Carrera T Coupe,Porsche 911 Carrera T Coupe (992.2) (2025 – Present),911,992.2,911,2025,Porsche 911 Model Guides,Road,flat-6,rear,3000,393,6500,449,2000,295,NA,NA,NA,NA,NA,https://www.stuttcars.com/wp-content/uploads/2025/09/Porsche-911-Carrera-T-992.2-13.jpg,https://www.stuttcars.com/porsche-911-carrera-t-9922/,"Lightweight and focused, the Carrera T Coupe (992.2) revives the “Touring” ethos with driver-oriented purity and a manual gearbox option. It strips away excess..."
Porsche,911 GT3,Porsche 911 GT3 (992.2) (2025 – Present),911,992.2,911,2025,Porsche 911 Model Guides,Road,flat-6,rear,4000,509,8500,437,6250,311,NA,NA,NA,NA,NA,https://www.stuttcars.com/wp-content/uploads/2025/03/Porsche-911-GT3-992.2-15-1.jpg,https://www.stuttcars.com/2025-porsche-992-2-911-gt3-everything-we-know-so-far/,"The GT3 (992.2) remains Porsche’s purist masterpiece, powered by a naturally aspirated flat-six that screams past 9,000 rpm. It’s a motorsport-bred track..."
Porsche,911 GT3 Touring,Porsche 911 GT3 Touring (992.2) (2025 – Present),911,992.2,911,2025,Porsche 911 Model Guides,Road,flat-6,rear,4000,509,8500,437,6250,311,NA,NA,NA,NA,NA,https://www.stuttcars.com/wp-content/uploads/2025/04/Porsche-911-GT3-with-Touring-Package-992.2-18.jpg,https://www.stuttcars.com/porsche-911-gt3-touring-9922/,The Touring makes sense for those who envision their GT3 more as a daily mode of transportation than a track specialist (it can do both well). GT performance is good...
Porsche,911 Targa 4 GTS,Porsche 911 Targa 4 GTS (992.2) (2025 – Present),911,992.2,911,2025,Porsche 911 Model Guides,Road,flat-6,rear,3600,539,6500,609,NA,312,NA,NA,NA,NA,NA,https://www.stuttcars.com/wp-content/uploads/2025/09/Porsche-911-Targa-4-GTS-992.2-12.jpg,https://www.stuttcars.com/porsche-911-targa-4-gts-9922/,"Fusing the Targa’s timeless roofline with hybrid innovation, the Targa 4 GTS T-Hybrid (992.2) is the most advanced and desirable Targa ever built. It balances nostalgia..."
Porsche,911 Turbo 50 Years,Porsche 911 Turbo 50 Years (2025),911,911,911,2025,Porsche 911 Model Guides,Road,NA,rear,NA,NA,NA,NA,NA,NA,NA,NA,NA,NA,NA,https://www.stuttcars.com/wp-content/uploads/2024/08/Porsche-Turbo-Anniversary-21.jpg,https://www.stuttcars.com/50th-anniversary-limited-edition/,The Porsche 911 Turbo 50 Years
Porsche,911 “Turbo 50”,Porsche 911 “Turbo 50” (992.1) (2025),911,992.1,911,2025,Porsche 911 Model Guides,Road,flat-6,rear,3700,580,6500,750,2250,320,NA,NA,NA,NA,NA,https://www.stuttcars.com/wp-content/uploads/2025/11/2025-Porsche-911-Turbo-50-Years-001.jpg,https://www.stuttcars.com/new-porsche-911-turbo-50-ready-for-takeoff/,"Limited to 1974 units, this 2025 911 ""Turbo 50"" edition is demure Rocketship that pays homage to Porsche's initial 911 Turbo."
Porsche,99X Electric (Gen3),Porsche 99X Electric (Gen3) (2025 – Present),99X Electric,NA,NA,2025,Porsche Race Car Guides,Competition,NA,NA,NA,NA,NA,NA,NA,NA,NA,NA,NA,NA,NA,https://www.stuttcars.com/wp-content/uploads/2024/10/Porsche-99X-EVO3-005.jpg,https://www.stuttcars.com/the-new-porsche-99x-electric/,"Ready for the 2025 Racing Season, Porsche has unveiled its new 99X Electric Gen3 EVO Racer with numerous technical advancements"
Porsche,Taycan (Base),Porsche Taycan (Base) (2025 – Present),Taycan,NA,NA,2025,The Rest of the Porsche Model Guides,Road,NA,NA,NA,408,NA,419,NA,230,NA,NA,NA,NA,NA,https://www.stuttcars.com/wp-content/uploads/2024/09/2025-Porsche-Taycan-2.jpg,https://www.stuttcars.com/porsche-taycan-base-2025-present/,"More range, more speed, same Porsche soul"
Porsche,Taycan 4,Porsche Taycan 4 (2025 – Present),Taycan,NA,NA,2025,The Rest of the Porsche Model Guides,Road,NA,NA,NA,435,NA,584,NA,220,NA,NA,NA,NA,NA,https://www.stuttcars.com/wp-content/uploads/2025/04/2025-Porsche-Taycan-Turbo-GT-010-2100.jpg,https://www.stuttcars.com/porsche-taycan-4-2025-present/,Balanced performance with all-weather confidence
Porsche,Taycan 4 Cross Turismo,Porsche Taycan 4 Cross Turismo (2025 – Present),Taycan,NA,NA,2025,The Rest of the Porsche Model Guides,Road,NA,NA,NA,476,NA,499,NA,220,NA,NA,NA,NA,NA,https://www.stuttcars.com/wp-content/uploads/2024/09/2025-Porsche-Taycan-4-Cross-Turismo-9.jpg,https://www.stuttcars.com/porsche-taycan-4-cross-turismo-2025-present/,"Porsche’s electric wagon grows stronger, faster, and smarter"
Porsche,Taycan 4S,Porsche Taycan 4S (2025 – Present),Taycan,NA,NA,2025,The Rest of the Porsche Model Guides,Road,NA,NA,NA,543,NA,694,NA,249,NA,NA,NA,NA,NA,https://www.stuttcars.com/wp-content/uploads/2024/09/2025-Porsche-Taycan-4S.jpg,https://www.stuttcars.com/porsche-taycan-4s-2025-present/,Where everyday comfort meets high-voltage thrill
Porsche,Taycan 4S Cross Turismo,Porsche Taycan 4S Cross Turismo (2025 – Present),Taycan,NA,NA,2025,The Rest of the Porsche Model Guides,Road,NA,NA,NA,516,NA,709,NA,240,NA,NA,NA,NA,NA,https://www.stuttcars.com/wp-content/uploads/2024/09/porsche-taycan-cross-turismo-available-where-21-scaled-1.png,https://www.stuttcars.com/porsche-taycan-4s-cross-turismo-2025-present/,Performance meets practicality in Porsche’s electric all-rounder
Porsche,Taycan GTS,Porsche Taycan GTS (2025 – Present),Taycan,NA,NA,2025,The Rest of the Porsche Model Guides,Road,NA,NA,NA,700,NA,789,NA,249,NA,NA,NA,NA,NA,https://www.stuttcars.com/wp-content/uploads/2024/09/2025-Porsche-Taycan-GTS.jpg,https://www.stuttcars.com/porsche-taycan-gts-2025-present/,"Sportier, sharper, and still built for the everyday"
Porsche,Taycan GTS Sport Turismo,Porsche Taycan GTS Sport Turismo (2025 – Present),Taycan,NA,NA,2025,The Rest of the Porsche Model Guides,Road,NA,NA,NA,700,NA,789,NA,249,NA,NA,NA,NA,NA,https://www.stuttcars.com/wp-content/uploads/2024/09/2025-Porsche-Taycan-GTS-Sport-Turismo-15.jpg,https://www.stuttcars.com/porsche-taycan-gts-sport-turismo-2025-present/,Speed meets space in one of Porsche’s sportiest electric wagons
Porsche,Taycan Turbo,Porsche Taycan Turbo (2025 – Present),Taycan,NA,NA,2025,The Rest of the Porsche Model Guides,Road,NA,NA,NA,707,NA,889,NA,259,NA,NA,NA,NA,NA,https://www.stuttcars.com/wp-content/uploads/2024/09/Porsche-Taycan-2025-Turbo-8.jpg,https://www.stuttcars.com/porsche-taycan-turbo-2025-present/,Electrified power with everyday polish and unmistakable Porsche DNA
Porsche,Taycan Turbo Cross Turismo,Porsche Taycan Turbo Cross Turismo (2025 – Present),Taycan,NA,NA,2025,The Rest of the Porsche Model Guides,Road,NA,NA,NA,883,NA,940,NA,249,NA,NA,NA,NA,NA,https://www.stuttcars.com/wp-content/uploads/2024/09/2025-Porsche-Taycan-Turbo-Cross-Turismo.jpg,https://www.stuttcars.com/porsche-taycan-turbo-cross-turismo-2025-present/,Supercar speed meets long-roof practicality
Porsche,Taycan Turbo GT,Porsche Taycan Turbo GT (2025 – Present),Taycan,NA,NA,2025,The Rest of the Porsche Model Guides,Road,NA,NA,NA,1033,NA,1239,NA,290,NA,NA,NA,NA,NA,https://www.stuttcars.com/wp-content/uploads/2024/09/2025-Porsche-Taycan-Turbo-GT-13.jpg,https://www.stuttcars.com/porsche-taycan-turbo-gt-2025-present/,"Blistering speed, everyday usability—all in one Taycan"
Porsche,Taycan Turbo GT with Weissach Package,Porsche Taycan Turbo GT with Weissach Package (2025 – Present),Taycan,NA,NA,2025,The Rest of the Porsche Model Guides,Road,NA,NA,NA,1033,NA,1239,NA,290,NA,NA,NA,NA,NA,https://www.stuttcars.com/wp-content/uploads/2024/09/S24_1684_fine.jpg,https://www.stuttcars.com/porsche-taycan-turbo-gt-with-weissach-package-2025-present/,"No rear seats, no gimmicks—this Taycan is built to hunt lap records"
Porsche,Taycan Turbo S,Porsche Taycan Turbo S (2025 – Present),Taycan,NA,NA,2025,The Rest of the Porsche Model Guides,Road,NA,NA,NA,951,NA,1110,NA,261,NA,NA,NA,NA,NA,https://www.stuttcars.com/wp-content/uploads/2024/09/2025-Porsche-Taycan-Turbo-S-2.jpg,https://www.stuttcars.com/porsche-taycan-turbo-s-2025-present/,The perfect blend of performance and practicality in a Porsche EV
Porsche,Taycan Turbo S Cross Turismo,Porsche Taycan Turbo S Cross Turismo (2025 – Present),Taycan,NA,NA,2025,The Rest of the Porsche Model Guides,Road,NA,NA,NA,951,NA,1110,NA,249,NA,NA,NA,NA,NA,https://www.stuttcars.com/wp-content/uploads/2024/09/2025-Porsche-Taycan-4-Cross-Turismo-8.jpg,https://www.stuttcars.com/porsche-taycan-turbo-s-cross-turismo-2025-present/,A well-deserved facelift for Porsche’s quickest wagon
Porsche,911 Carrera 4S Cabriolet,Porsche 911 Carrera 4S Cabriolet (992.2) (2026 – Present),911,992.2,911,2026,Porsche 911 Model Guides,Road,flat-6,rear,3000,480,6500,529,2200,307,NA,NA,NA,NA,NA,https://www.stuttcars.com/wp-content/uploads/2025/09/Porsche-911-Carrera-4S-Coupe-992.2-4.jpg,https://www.stuttcars.com/porsche-911-carrera-4s-cabriolet-9922/,"Marrying all-wheel drive and open-top excitement, the Carrera 4S Cabriolet (992.2) is both fast and composed in any condition. It delivers grand-touring comfort..."
Porsche,911 Carrera 4S Coupe,Porsche 911 Carrera 4S Coupe (992.2) (2026 – Present),911,992.2,911,2026,Porsche 911 Model Guides,Road,flat-6,rear,3000,480,6500,529,2200,307,NA,NA,NA,NA,NA,https://www.stuttcars.com/wp-content/uploads/2025/09/Porsche-911-Carrera-4S-Coupe-992.2-2.jpg,https://www.stuttcars.com/porsche-911-carrera-4s-coupe-9922/,"The perfect daily driving sports car with an all-weather, remarkably high-performance envelope"
Porsche,911 Club Coupe,Porsche 911 Club Coupe (992.2) (2026),911,992.2,911,2026,Porsche 911 Model Guides,Road,flat-6,rear,3000,393,6500,449,2000,295,NA,NA,NA,NA,NA,https://www.stuttcars.com/wp-content/uploads/2026/01/Porsche-911-Club-Coupe-992.2-2026-6.jpg,https://www.stuttcars.com/porsche-911-club-coupe-992-2-2026/,Porsche has announced a limited-edition 911 Club Coupe model as a 70th anniversary gift to the Porsche Club of America. Based on the 911 Carrera T...
Porsche,911 GT3 90 F. A. Porsche,Porsche 911 GT3 90 F. A. Porsche (992.2) (2026),911,992.2,911,2026,Porsche 911 Model Guides,Road,flat-6,rear,4000,509,8500,437,6250,311,NA,NA,NA,NA,NA,https://www.stuttcars.com/wp-content/uploads/2025/10/911-GT3-90-F.-A.-Porsche-14.jpg,https://www.stuttcars.com/porsche-911-gt3-90-f-a-porsche-992-2-2026/,"The Porsche 911 GT3 90 F.A. Porsche is a highly exclusive tribute model limited to just 90 units globally, created to celebrate what would have been the 90th birthday..."
Porsche,911 GT3 Cup,Porsche 911 GT3 Cup (992.2) (2026 – Present),911,992.2,911,2026,Porsche 911 Model Guides,Road,flat-6,rear,4000,527,8400,NA,NA,NA,NA,NA,NA,NA,NA,https://www.stuttcars.com/wp-content/uploads/2025/09/Porsche-911-GT3-Cup-992.2-10.jpg,https://www.stuttcars.com/porsche-911-gt3-cup-992-2/,"Like its successful predecessors, the new 911 Cup pushes boundaries. It combines series components from our GT sports cars with pure racing technology..."
Porsche,911 GT3 R,Porsche 911 GT3 R (992.2) (2026 – Present),911,992.2,911,2026,Porsche 911 Model Guides,Road,flat-6,rear,4200,573,9400,NA,NA,NA,NA,NA,NA,NA,NA,https://www.stuttcars.com/wp-content/uploads/2025/08/Porsche-911-GT3-R-992.2-8.jpg,https://www.stuttcars.com/porsche-911-gt3-r-992-2/,"At its core: a 4.2-liter naturally aspirated flat-six engine, delivering up to 565 PS (416 kW), depending on BoP. The six-speed sequential dog-type gearbox ensures fast..."
Porsche,911 Targa 4S,Porsche 911 Targa 4S (992.2) (2026 – Present),911,992.2,911,2026,Porsche 911 Model Guides,Road,flat-6,rear,3000,480,6500,529,2200,307,NA,NA,NA,NA,NA,https://www.stuttcars.com/wp-content/uploads/2024/03/Porsche-911-Targa-4S-992.2-2025-–-Specifications-Performance.png,https://www.stuttcars.com/porsche-911-targa-4s-9922/,"The Targa 4S (992.2) combines the all-wheel-drive capability of the 4S with an iconic, semi-open glass roof design. It’s a nostalgic yet thoroughly modern..."
Porsche,911 Turbo S Cabriolet,Porsche 911 Turbo S Cabriolet (992.2) (2026 – Present),911,992.2,911,2026,Porsche 911 Model Guides,Road,flat-6,rear,3600,711,NA,800,NA,322,NA,NA,NA,NA,NA,https://www.stuttcars.com/wp-content/uploads/2025/10/Porsche-911-992.2-Turbo-S-Cabriolet-35.jpg,https://www.stuttcars.com/porsche-911-turbo-s-cabriolet-9922/,"The Turbo S Cabriolet (992.2) delivers the same mind-bending performance as the Coupe, with the added drama of open-top driving. It’s an all-weather, all-occasion supercar that effortlessly blends power and prestige."
Porsche,911 Turbo S Coupe,Porsche 911 Turbo S Coupe (992.2) (2026 – Present),911,992.2,911,2026,Porsche 911 Model Guides,Road,flat-6,rear,3600,711,NA,800,NA,322,NA,NA,NA,NA,NA,https://www.stuttcars.com/wp-content/uploads/2025/07/911-Turbo-S-Coupe-Oak-Green-Metallic-Neo-4.jpg,https://www.stuttcars.com/porsche-911-turbo-s-9922/,"The Turbo S Coupe (992.2) represents the pinnacle of 911 performance, combining staggering speed, luxury, and everyday usability. With over 640 hp and advanced aerodynamics, it’s a supercar in a tailored suit."
Porsche,911 “Spirit 70” Edition,Porsche 911 “Spirit 70” Edition (992.2) (2026),911,992.2,911,2026,Porsche 911 Model Guides,Road,flat-6,rear,3600,539,6500,609,NA,312,NA,NA,NA,NA,NA,https://www.stuttcars.com/wp-content/uploads/2025/04/Porsche-911-Spirit-70-026Denoise.jpeg,https://www.stuttcars.com/breaking-porsche-911-spirit-70-edition/,"1,500 examples, the newest 911 celebrates the iconic era"
Porsche,Cayenne Electric,Porsche Cayenne Electric (2026 – Present),Cayenne,NA,NA,2026,The Rest of the Porsche Model Guides,Road,NA,front,NA,441,NA,834,NA,230,NA,NA,NA,NA,NA,https://www.stuttcars.com/wp-content/uploads/2025/11/Porsche-Cayenne-Electric.png,https://www.stuttcars.com/porsche-cayenne-electric-2026-present/,"The most powerful Cayenne ever blends a twin-turbo V8 with hybrid tech for 729 hp, a smooth ride, and serious performance in an everyday SUV."
Porsche,Cayenne Turbo Electric,Porsche Cayenne Turbo Electric (2026 – Present),Cayenne,NA,NA,2026,The Rest of the Porsche Model Guides,Road,NA,front,NA,1155,NA,NA,NA,261,NA,NA,NA,NA,NA,https://www.stuttcars.com/wp-content/uploads/2025/11/2026-Porsche-Cayenne-Turbo-Electric-005-2100.jpg,https://www.stuttcars.com/porsche-cayenne-turbo-electric-2026-present/,"The most powerful Cayenne ever blends a twin-turbo V8 with hybrid tech for 729 hp, a smooth ride, and serious performance in an everyday SUV."
Porsche,Macan GTS Electric,Porsche Macan GTS Electric (2026 – Present),Macan,NA,NA,2026,The Rest of the Porsche Model Guides,Road,NA,front,NA,571,NA,954,NA,249,NA,NA,NA,NA,NA,https://www.stuttcars.com/wp-content/uploads/2025/08/Porsche-Macan-GTS-Electric-6.jpg,https://www.stuttcars.com/porsche-macan-gts-electric-guide/,A Performance Benchmark for Electric SUVs
Porsche,Porsche’s Formula E “975 RSE”,Porsche’s Formula E “975 RSE”,975 RSE,975,975,2026,Porsche Race Car Guides,Competition,NA,NA,NA,NA,NA,NA,NA,NA,NA,NA,NA,NA,NA,https://www.stuttcars.com/wp-content/uploads/2026/04/Porsche-Formula-E-004.jpg,https://www.stuttcars.com/porsches-new-formula-e-975-rse/,"A technological ""Tour de Force"" for the 2026 season"
Porsche,Taycan (Base) Black Edition,Porsche Taycan (Base) Black Edition (2026 – Present),Taycan,NA,NA,2026,The Rest of the Porsche Model Guides,Road,NA,NA,NA,408,NA,419,NA,230,NA,NA,NA,NA,NA,https://www.stuttcars.com/wp-content/uploads/2025/10/img.jpg,https://www.stuttcars.com/porsche-taycan-base-black-edition-2026-present/,"The 2025 Taycan base model is quicker, more efficient, and packed with standard tech, offering real Porsche performance with RWD precision."
Porsche,Taycan 4 Black Edition,Porsche Taycan 4 Black Edition (2026 – Present),Taycan,NA,NA,2026,The Rest of the Porsche Model Guides,Road,NA,NA,NA,435,NA,584,NA,220,NA,NA,NA,NA,NA,https://www.stuttcars.com/wp-content/uploads/2025/10/img_3.jpg,https://www.stuttcars.com/porsche-taycan-4-black-edition-2026-present/,"Taycan 4 adds all-wheel drive to Porsche’s updated EV formula, blending sharp handling, fast charging, and upscale features in one package."
Porsche,Taycan 4S Black Edition,Porsche Taycan 4S Black Edition (2026 – Present),Taycan,NA,NA,2026,The Rest of the Porsche Model Guides,Road,NA,NA,NA,543,NA,694,NA,249,NA,NA,NA,NA,NA,https://www.stuttcars.com/wp-content/uploads/2025/10/img_2.jpg,https://www.stuttcars.com/porsche-taycan-4s-black-edition-2026-present/,Where everyday comfort meets high-voltage thrill
