model_id,model,start_year,end_year,source_year,source_category,production_status,period_source_name,period_source_url,period_source_type,period_confidence,period_review_status,period_notes,period_reviewed_at,main_family,subfamily,lineage,generation,engine_architecture,engine_type,engine_location,seating_configuration,orientation,predecessor,predecessor_year,predecessor_relationship,successor,successor_year,successor_relationship,successor_in_dataset,alternative_predecessor,alternative_relationship,base_model,base_model_year,taxonomy_confidence,external_enrichment_required,taxonomy_notes,start_year_source,taxonomy_source,engine,displacement_cc,max_power_cv,rpm_max_power,top_speed_kmh,engine_position,engine_orientation,engine_angle_deg,compression_ratio,bore_mm,stroke_mm,weight_kg,wheelbase_mm,length_mm,width_mm,height_mm,image_url,url,description,source_origin
ferrari_1947_125_s,125 S,1947,,1947,Sports Prototype,unknown,,,,unreviewed,not_in_manual_file,,,Sports-racing prototypes,Front-engined sports prototype,,,V12,combustion,,race-specific,competition,,,,,,,,,,,,medium,TRUE,,ferrari_past_models.csv,rules based on repository data,V12,1497,118,6800,,,,,9.5,55,52,650,2420,,,,https://cdn.ferrari.com/cms/network/media/img/resize/5ddbd834f8fc7b0aa908148a-ferrari-125-s-thumb?width=1600&height=1080,https://www.ferrari.com/en-EN/auto/125-s,Ferrari 125 S: This was the very first car to wear the Ferrari badge. The V12 engine was designed by Gioacchino Colombo with contributions from Giuseppe Busso and Luigi Bazzi.,ferrari_past_models_scraper
ferrari_1947_159_s,159 S,1947,,1947,Sports Prototype,unknown,,,,unreviewed,not_in_manual_file,,,Sports-racing prototypes,Front-engined sports prototype,,,V12,combustion,front,race-specific,competition,,,,,,,,,,,,medium,TRUE,,ferrari_past_models.csv,rules based on repository data,V12,1903,125,6500,,front,longitudinal,60,8.5,59,58,,2420,,,,https://cdn.ferrari.com/cms/network/media/img/resize/5ddbd8f8f8fc7b0aa90814b4-ferrari-159-s-thumb?width=1600&height=1080,https://www.ferrari.com/en-EN/auto/159-s,Ferrari 159 S: Developed from the 125 S whose engine was increased to 1903 cc by boring it out and working on the stroke.,ferrari_past_models_scraper
ferrari_1948_166_inter,166 Inter,1948,,1948,Grand Touring,unknown,,,,unreviewed,not_in_manual_file,,,Front-engined V12 two-seat GT,Berlinetta / coupe,,,V12,combustion,front,,grand tourer,,,,,,,,,,,,low,TRUE,,ferrari_past_models.csv,rules based on repository data,V12,1995,90,5600,150,front,longitudinal,60,6.8,60,59,900,2620,,,,https://cdn.ferrari.com/cms/network/media/img/resize/5ddbda2d2cdb32285a79ac43-ferrari-166-inter1948-thumb?width=1600&height=1080,https://www.ferrari.com/en-EN/auto/166-inter,"Ferrari 166 Inter: This was Ferrari’s first 12-cylinder engine to reach 2-litre capacity. As in the case of the 159 S, bore sizes and strokes were both increased, and as usual both open-wheel and full bodywork models were produced.",ferrari_past_models_scraper
ferrari_1948_166_inter_sport,166 Inter Sport,1948,,1948,Sports Prototype,unknown,,,,unreviewed,not_in_manual_file,,,Sports-racing prototypes,Front-engined sports prototype,,,V12,combustion,front,race-specific,competition,,,,,,,,,,,,medium,TRUE,,ferrari_past_models.csv,rules based on repository data,V12,1995,131,6500,215,front,longitudinal,60,11,60,59,630,2420,,,,https://cdn.ferrari.com/cms/network/media/img/resize/5ddbdafe2cdb32285a79ac71-ferrari-166-inter-sport-thumb?width=1600&height=1080,https://www.ferrari.com/en-EN/auto/166-inter-sport,The Ferrari Tipo 166 Inter Sport two-litre engine spawned a whole range of sports and single-seater models.,ferrari_past_models_scraper
ferrari_1948_166_mm,166 MM,1948,,1948,Sports Prototype,unknown,,,,unreviewed,not_in_manual_file,,,Sports-racing prototypes,Front-engined sports prototype,,,V12,combustion,front,race-specific,competition,,,,,,,,,,,,medium,TRUE,,ferrari_past_models.csv,rules based on repository data,V12,1995,140,6600,220,front,longitudinal,60,10,60,59,650,2200,,,,https://cdn.ferrari.com/cms/network/media/img/resize/5ddbdb742cdb32285a79ac8e-ferrari-166-mm-1948-thumb?width=1600&height=1080,https://www.ferrari.com/en-EN/auto/166-mm,"Designed for long distance competition, the Ferrari 166 MM took its name from one of the world’s most famous road races, the Mille Miglia, in which the Maranello cars were to triumph again and again. Its coachwork was built by Touring using the “Superlight” method.",ferrari_past_models_scraper
ferrari_1948_166_s,166 S,1948,,1948,Sports Prototype,unknown,,,,unreviewed,not_in_manual_file,,,Sports-racing prototypes,Front-engined sports prototype,,,V12,combustion,front,race-specific,competition,,,,,,,,,,,,medium,TRUE,,ferrari_past_models.csv,rules based on repository data,V12,1995,110,6000,170,front,longitudinal,60,7.5,60,59,800,2420,,,,https://cdn.ferrari.com/cms/network/media/img/resize/5ddbdaa3f8fc7b0aa9081513-ferrari-166-s-1948-thumb?width=1600&height=1080,https://www.ferrari.com/en-EN/auto/166-s,"The Ferrari 166 S was launched at the start of 1948 in both berlinetta and spider versions, both of which were built by Allemano.",ferrari_past_models_scraper
ferrari_1950_195_inter,195 Inter,1950,,1950,Grand Touring,unknown,,,,unreviewed,not_in_manual_file,,,Front-engined V12 two-seat GT,Berlinetta / coupe,,,V12,combustion,front,,grand tourer,,,,,,,,,,,,low,TRUE,,ferrari_past_models.csv,rules based on repository data,V12,2341,131,6000,180,front,longitudinal,60,7.5,65,59,950,2500,,,,https://cdn.ferrari.com/cms/network/media/img/resize/5ddbeee784077c3b2433d66b-ferrari-195-inter-thumb?width=1600&height=1080,https://www.ferrari.com/en-EN/auto/195-inter,"Ferrari 195 Inter: This was a touring-type version of the 195 S, with a more powerful yet more flexible engine which made driving easier for clients unused to extreme performance.",ferrari_past_models_scraper
ferrari_1950_195_s,195 S,1950,,1950,Sports Prototype,unknown,,,,unreviewed,not_in_manual_file,,,Sports-racing prototypes,Front-engined sports prototype,,,V12,combustion,front,race-specific,competition,,,,,,,,,,,,medium,TRUE,,ferrari_past_models.csv,rules based on repository data,V12,2341,170,7000,,front,longitudinal,60,8.5,65,59,720,2250,,,,https://cdn.ferrari.com/cms/network/media/img/resize/5ddbef422cdb32285a79b0e0-ferrari-195-s-1950.thumb?width=1600&height=1080,https://www.ferrari.com/en-EN/auto/195-s,"Ferrari 195 S: A further development of the 12-cylinder that reached a displacement of 2,350 cc. The increase in power was combined with a sweeter, more gradual delivery. Just a small number of 195 Ss were produced, with Touring bodying both the open and coupé versions.",ferrari_past_models_scraper
ferrari_1950_275_s,275 S,1950,,1950,Sports Prototype,unknown,,,,unreviewed,not_in_manual_file,,,Sports-racing prototypes,Front-engined sports prototype,,,V12,combustion,front,race-specific,competition,,,,,,,,,,,,medium,TRUE,,ferrari_past_models.csv,rules based on repository data,V12,3322,271,7200,240,front,longitudinal,60,8,72,68,850,2420,,,,https://cdn.ferrari.com/cms/network/media/img/resize/5ddbefad0cf6995f44de92fe-ferrari-275-s-1950-thumb?width=1600&height=1080,https://www.ferrari.com/en-EN/auto/275-s,The big new Lampredi engine got its first outing in the Ferrari 275 S sports car at 3322 cc. Two models were built with Touring barchetta bodies and took part in the Mille Miglia held in April 1950.,ferrari_past_models_scraper
ferrari_1950_340_america,340 America,1950,,1950,Sports Prototype,unknown,,,,unreviewed,not_in_manual_file,,,Sports-racing prototypes,Front-engined sports prototype,,,V12,combustion,front,race-specific,competition,,,,,,,,,,,,medium,TRUE,,ferrari_past_models.csv,rules based on repository data,V12,4102,220,6000,240,front,longitudinal,60,8,80,68,900,2420,,,,https://cdn.ferrari.com/cms/network/media/img/resize/5ddbf01cf8fc7b0aa90819c9-ferrari-340-america-1950-thumb?width=1600&height=1080,https://www.ferrari.com/en-EN/auto/340-america,"Ferrari 340 America: The American market was growing with every year that passed and showed great potential for the Maranello marque. In fact, this model, which was actually based directly on the 340 F1, was created specifically to meet the demands of the new breed of owner.",ferrari_past_models_scraper
ferrari_1951_212_inter,212 Inter,1951,,1951,Grand Touring,unknown,,,,unreviewed,not_in_manual_file,,,Front-engined V12 two-seat GT,Berlinetta / coupe,,,V12,combustion,front,,grand tourer,,,,,,,,,,,,low,TRUE,,ferrari_past_models.csv,rules based on repository data,V12,2563,150,6500,200,front,longitudinal,60,7.5,68,59,1000,2600,,,,https://cdn.ferrari.com/cms/network/media/img/resize/5ddbf07af8fc7b0aa90819e7-ferrari-212-inter-1951-thumb?width=1600&height=1080,https://www.ferrari.com/en-EN/auto/212-inter,"Ferrari 212 Inter: The Gioacchino Colombo V12 was bored out to provide a bigger displacement. The chassis was inspired by that of the 166 MM, with modifications aimed at transmitting the higher power output to the road.",ferrari_past_models_scraper
ferrari_1951_342_america,342 America,1951,,1951,Grand Touring,unknown,,,,unreviewed,not_in_manual_file,,,Front-engined V12 two-seat GT,Berlinetta / coupe,,,V12,combustion,front,,grand tourer,,,,,,,,,,,,low,TRUE,,ferrari_past_models.csv,rules based on repository data,V12,4102,200,5000,186,front,longitudinal,60,8,80,68,1200,2650,,,,https://cdn.ferrari.com/cms/network/media/img/resize/5ddbf0dc2cdb32285a79b14f-ferrari-342-america-1951-thumb?width=1600&height=1080,https://www.ferrari.com/en-EN/auto/342-america,"Ferrari 342 America: Interest in Ferraris was growing among potential clients, but some were wary of the competition levels of performance provided by engines which reached the market with very little in the way of detuning.",ferrari_past_models_scraper
ferrari_1951_212_export,212 Export,1951,,1951,Sports Prototype,unknown,,,,unreviewed,not_in_manual_file,,,Sports-racing prototypes,Front-engined sports prototype,,,V12,combustion,front,race-specific,competition,,,,,,,,,,,,medium,TRUE,,ferrari_past_models.csv,rules based on repository data,V12,2563,165,7000,220,front,longitudinal,60,8.4,68,59,850,2250,,,,https://cdn.ferrari.com/cms/network/media/img/resize/5ddbf1520cf6995f44de9301-ferrari-212-export-1951-thumb?width=1600&height=1080,https://www.ferrari.com/en-EN/auto/212-export,"Ferrari 212 Export: Gioachino Colombo's V12 was given a further boost in power to 2562.51 cm3. A new chassis was constructed; one with a more rigid undercarriage, to be able to withstand the 150 bhp the engine was capable of delivering. ",ferrari_past_models_scraper
ferrari_1952_250_s,250 S,1952,,1952,Sports Prototype,unknown,,,,unreviewed,not_in_manual_file,,,Sports-racing prototypes,Front-engined sports prototype,,,V12,combustion,front,race-specific,competition,,,,,,,,,,,,medium,TRUE,,ferrari_past_models.csv,rules based on repository data,V12,2953,230,7500,250,front,longitudinal,60,9,73,59,850,2250,3800,1570,1400,https://cdn.ferrari.com/cms/network/media/img/resize/5ddbf1c1f8fc7b0aa9081a34-ferrari-250-s-1952-thumb?width=1600&height=1080,https://www.ferrari.com/en-EN/auto/250-s,"Ferrari 250 S: Based yet again on the designs of Gioachino Colombo developed Aurelio Lampredi, the V12 Ferrari was a three-litre with coachwork by Vignale and Touring.",ferrari_past_models_scraper
ferrari_1952_340_mexico,340 Mexico,1952,,1952,Sports Prototype,unknown,,,,unreviewed,not_in_manual_file,,,Sports-racing prototypes,Front-engined sports prototype,,,V12,combustion,front,race-specific,competition,,,,,,,,,,,,medium,TRUE,,ferrari_past_models.csv,rules based on repository data,V12,4102,280,6600,282,front,longitudinal,60,8,80,68,900,2600,4201,1503,1333,https://cdn.ferrari.com/cms/network/media/img/resize/5ddbf2ae2cdb32285a79b1bc-ferrari-340-mexico-1952-thumb?width=1600&height=1080,https://www.ferrari.com/en-EN/auto/340-mexico,Ferrari 340 Mexico: Resounding success in the 1951 Carrera Panamericana convinced Enzo Ferrari to create this car. Only four examples were built in all by Vignale: three Berlinettas and one Spider.,ferrari_past_models_scraper
ferrari_1952_225_s,Ferrari 225 S,1952,,1952,Sports Prototype,unknown,,,,unreviewed,not_in_manual_file,,,Sports-racing prototypes,Front-engined sports prototype,,,V12,combustion,front,race-specific,competition,,,,,,,,,,,,medium,TRUE,,ferrari_past_models.csv,rules based on repository data,V12,2715,209,7200,230,front,longitudinal,60,8.5,70,59,850,2250,,,,https://cdn.ferrari.com/cms/network/media/img/resize/5ddbf258f8fc7b0aa9081a54-ferrari-225-s-1952-thumb?width=1600&height=1080,https://www.ferrari.com/en-EN/auto/225-s,Ferrari 225 S: Ferrari continued with its development of two absolute jewels at this particular time: the two V12s designed respectively by Gioachino Colombo and Aurelio Lampredi.,ferrari_past_models_scraper
ferrari_1953_250_europa,250 Europa,1953,,1953,Grand Touring,unknown,,,,unreviewed,not_in_manual_file,,,Front-engined V12 two-seat GT,Berlinetta / coupe,,,V12,combustion,front,,grand tourer,,,,,,,,,,,,low,TRUE,,ferrari_past_models.csv,rules based on repository data,V12,2963,200,6300,218,front,longitudinal,60,8,68,68,1150,2800,,,,https://cdn.ferrari.com/cms/network/media/img/resize/5ddbf3020cf6995f44de9304-ferrari_250_europa_1953-thumb?width=1600&height=1080,https://www.ferrari.com/en-EN/auto/250-europa,"The Ferrari 250 Europa took over from the 212 Inter, and for economies of scale, shared the same chassis as the 375 America. The Lampredi V12 was kept below 3 litres.",ferrari_past_models_scraper
ferrari_1953_375_america,375 America,1953,,1953,Grand Touring,unknown,,,,unreviewed,not_in_manual_file,,,Front-engined V12 two-seat GT,Berlinetta / coupe,,,V12,combustion,front,,grand tourer,,,,,,,,,,,,low,TRUE,,ferrari_past_models.csv,rules based on repository data,V12,4522,300,6300,250,front,longitudinal,60,8,84,68,1150,2800,,,,https://cdn.ferrari.com/cms/network/media/img/resize/5ddbf359f8fc7b0aa9081a93-ferrari-375-america-1953-thumb?width=1600&height=1080,https://www.ferrari.com/en-EN/auto/375-america,"Ferrari 375 America: Heir to the 342 America, this model was aimed at the same segment of the market. The Colombo-designed V12 was dropped in favour of the Aurelio Lampredi version that featured cylinder heads with twin inlet tracts.",ferrari_past_models_scraper
ferrari_1953_250_mm,250 MM,1953,,1953,Sports Prototype,unknown,,,,unreviewed,not_in_manual_file,,,Sports-racing prototypes,Front-engined sports prototype,,,V12,combustion,front,race-specific,competition,,,,,,,,,,,,medium,TRUE,,ferrari_past_models.csv,rules based on repository data,V12,2953,239,7200,250,front,longitudinal,60,9,73,59,900,2400,,,,https://cdn.ferrari.com/cms/network/media/img/resize/5ddbf3e1f8fc7b0aa9081ab7-ferrari-250-mm-1953-thumb?width=1600&height=1080,https://www.ferrari.com/en-EN/auto/250-mm,"Ferrari 250 MM: Two versions of the 250 Sport-derived 250 MM were built: a Pininfarina berlinetta, which hailed in a whole new era in design, and a barchetta by Vignale. Significant improvements had been made to both the engine and the suspensions with the addition of Houdaille shocks.",ferrari_past_models_scraper
ferrari_1953_340_mm,340 MM,1953,,1953,Sports Prototype,unknown,,,,unreviewed,not_in_manual_file,,,Sports-racing prototypes,Front-engined sports prototype,,,V12,combustion,front,race-specific,competition,,,,,,,,,,,,medium,TRUE,,ferrari_past_models.csv,rules based on repository data,V12,4102,280,6600,282,front,longitudinal,60,8,80,68,850,2500,,,,https://cdn.ferrari.com/cms/network/media/img/resize/5ddbf4762cdb32285a79b232-ferrari-340-mm-1953-thumb?width=1600&height=1080,https://www.ferrari.com/en-EN/auto/340-mm,The Ferrari 340 MM was built for the 1953 Mille Miglia which Giannino Marzotto duly won in a barchetta version with coachwork by Vignale. Marzotto set a new record speed for the race at an average of over 142 km/h.,ferrari_past_models_scraper
ferrari_1953_375_mm,375 MM,1953,,1953,Sports Prototype,unknown,,,,unreviewed,not_in_manual_file,,,Sports-racing prototypes,Front-engined sports prototype,,,V12,combustion,front,race-specific,competition,,,,,,,,,,,,medium,TRUE,,ferrari_past_models.csv,rules based on repository data,V12,4523,340,7000,289,front,longitudinal,60,9,84,68,900,2600,,,,https://cdn.ferrari.com/cms/network/media/img/resize/5ddbf50ef8fc7b0aa9081b02-ferrari-375-mm-1953-thumb?width=1600&height=1080,https://www.ferrari.com/en-EN/auto/375-mm,"The Ferrari 375 Mille Miglia carried on the Ferrari tradition of naming sports models after the famous Italian road race and was a spin-off of the F1 single-seater, just like its sister car, the 375 America, which was the GT equivalent.",ferrari_past_models_scraper
ferrari_1953_500_mondial,500 Mondial,1953,,1953,Sports Prototype,unknown,,,,unreviewed,not_in_manual_file,,,Sports-racing prototypes,Front-engined sports prototype,,,I4,combustion,front,race-specific,competition,,,,,,,,,,,,medium,TRUE,,ferrari_past_models.csv,rules based on repository data,4-cyl.,1985,170,7000,236,front,longitudinal,,8.5,90,78,720,2250,,,,https://cdn.ferrari.com/cms/network/media/img/resize/5ddbf664f8fc7b0aa9081b6b-ferrari-500-mondial-1953-thumb?width=1600&height=1080,https://www.ferrari.com/en-EN/auto/500-mondial,Ferrari 500 Mondial: The first of these cars was built by a young coachbuilder from Modena called Scaglietti and was inspired by a design created by Dino Ferrari to freshen up the look of the old 166 given to him by his father.,ferrari_past_models_scraper
ferrari_1953_625_tf,625 TF,1953,,1953,Sports Prototype,unknown,,,,unreviewed,not_in_manual_file,,,Sports-racing prototypes,Front-engined sports prototype,,,V4,combustion,front,race-specific,competition,,,,,,,,,,,,medium,TRUE,,ferrari_past_models.csv,rules based on repository data,V4,2498,220,7000,240,front,longitudinal,,9,94,90,730,2250,,,,https://cdn.ferrari.com/cms/network/media/img/resize/5ddbf58c84077c3b2433d81f-ferrari-625-tf-1953-thumb?width=1600&height=1080,https://www.ferrari.com/en-EN/auto/625-tf,Ferrari 625 TF: This is an interesting model from many points of view starting with the fact that the 625 of its name refers to the ccs of the 1954 F1 2.5-litre and the TF may refer to the Targa Florio even though the car never actually raced in it.,ferrari_past_models_scraper
ferrari_1953_735_s,735 S,1953,,1953,Sports Prototype,unknown,,,,unreviewed,not_in_manual_file,,,Sports-racing prototypes,Front-engined sports prototype,,,I4,combustion,front,race-specific,competition,,,,,,,,,,,,medium,TRUE,,ferrari_past_models.csv,rules based on repository data,4-cyl.,2942,224,6800,,front,longitudinal,,9,102,90,750,2250,,,,https://cdn.ferrari.com/cms/network/media/img/resize/5ddbf5ff84077c3b2433d845-ferrari-735-s-1953-thumb?width=1600&height=1080,https://www.ferrari.com/en-EN/auto/735-s,Ferrari 735 S: The in-line 4-cylinder Ferrari engine started out its career in the 1950 Formula 2 Championship. This engine type had proved itself a winner on both twisty and fast circuits and so it was decided to transfer the technology to sports cars.,ferrari_past_models_scraper
ferrari_1954_250_gt_coupe,250 GT Coupé,1954,,1954,Grand Touring,unknown,,,,unreviewed,not_in_manual_file,,,Front-engined V12 two-seat GT,Berlinetta / coupe,,,V12,combustion,front,,grand tourer,,,,,,,,,,,,low,TRUE,,ferrari_past_models.csv,rules based on repository data,V12,2953,220,7000,230,front,longitudinal,60,8.5,73,59,1050,2600,,,,https://cdn.ferrari.com/cms/network/media/img/resize/5ddbf79f0cf6995f44de9306-ferrari-250-gt-coupe-1954-thumb?width=1600&height=1080,https://www.ferrari.com/en-EN/auto/250-gt-coupe,"Ferrari 250 GT Coupé: Presented at the Paris Motor Show in 1954, the 250 GT Coupé represented Ferrari's first attempt at standardising a model destined for the normal motorist. Developed from the 250 Europa, it was fitted with a version of the Colombo Type 125 engine fed by three classic Weber 36 DCZ carburettors.",ferrari_past_models_scraper
ferrari_1954_250_monza,250 Monza,1954,,1954,Sports Prototype,unknown,,,,unreviewed,not_in_manual_file,,,Sports-racing prototypes,Front-engined sports prototype,,,V12,combustion,front,race-specific,competition,,,,,,,,,,,,medium,TRUE,,ferrari_past_models.csv,rules based on repository data,V12,3000,260,6000,264,front,longitudinal,60,8.6,103,90,760,2250,,,,https://cdn.ferrari.com/cms/network/media/img/resize/5ddd25192cdb32285a79ef75-ferrari-250-monza-1954-thumb?width=1600&height=1080,https://www.ferrari.com/en-EN/auto/250-monza,"The Ferrari 250 Monza was powered by the V12 engine of the 250 MM, mounted in the highly capable chassis of the 750 Monza.",ferrari_past_models_scraper
ferrari_1954_375_plus,375 Plus,1954,,1954,Sports Prototype,unknown,,,,unreviewed,not_in_manual_file,,,Sports-racing prototypes,Front-engined sports prototype,,,V12,combustion,front,race-specific,competition,,,,,,,,,,,,medium,TRUE,,ferrari_past_models.csv,rules based on repository data,V12,4954,330,6000,280,front,longitudinal,60,9.2,84,74,1030,2600,,,,https://cdn.ferrari.com/cms/network/media/img/resize/5ddd255f0cf6995f44de9328-ferrari-375-plus-1954-thumb?width=1600&height=1080,https://www.ferrari.com/en-EN/auto/375-plus,"Ferrari 375 Plus: After winning the Auto Sport World Championships in 1953, Enzo Ferrari decided to build a small series of spiders that would spearhead the Scuderia’s latest assault on the World title.",ferrari_past_models_scraper
ferrari_1954_750_monza,750 Monza,1954,,1954,Sports Prototype,unknown,,,,unreviewed,not_in_manual_file,,,Sports-racing prototypes,Front-engined sports prototype,,,I4,combustion,front,race-specific,competition,,,,,,,,,,,,medium,TRUE,,ferrari_past_models.csv,rules based on repository data,4-cyl.,3000,239,7200,250,front,longitudinal,,9,73,59,850,2400,,,,https://cdn.ferrari.com/cms/network/media/img/resize/5ddd24ad2cdb32285a79ef58-ferrari-750-monza-1954-thumb?width=1600&height=1080,https://www.ferrari.com/en-EN/auto/750-monza,Ferrari 750 Monza: The prototype made its debut at Monza in 1954 with an engine based on a development of the four-cylinder Type 555 and took both first and second positions.,ferrari_past_models_scraper
ferrari_1955_376_s,376 S,1955,,1955,Sports Prototype,unknown,,,,unreviewed,not_in_manual_file,,,Sports-racing prototypes,Front-engined sports prototype,,,I6,combustion,front,race-specific,competition,,,,,,,,,,,,medium,TRUE,,ferrari_past_models.csv,rules based on repository data,6-cyl.,3747,280,6200,,front,longitudinal,,8,94,90,850,2400,,,,https://cdn.ferrari.com/cms/network/media/img/resize/5ddd25cc2cdb32285a79efa4-ferrari-376-s-1954-thumb?width=1600&height=1080,https://www.ferrari.com/en-EN/auto/376-s,"Ferrari 376 S: This is the very first sports car with a six-cylinder in-line engine, although another three-litre 306 engine was also been built but never used in competition.",ferrari_past_models_scraper
ferrari_1955_735_lm,735 LM,1955,,1955,Sports Prototype,unknown,,,,unreviewed,not_in_manual_file,,,Sports-racing prototypes,Front-engined sports prototype,,,I6,combustion,front,race-specific,competition,,,,,,,,,,,,medium,TRUE,,ferrari_past_models.csv,rules based on repository data,6-cyl.,4412,330,5800,280,front,longitudinal,,8.5,102,90,850,2400,,,,https://cdn.ferrari.com/cms/network/media/img/resize/5ddd262184077c3b2434153f-ferrari-735-lm-1954-thumb?width=1600&height=1080,https://www.ferrari.com/en-EN/auto/735-lm,"Like the 376, the Ferrari 735 LM sported an in-line 6-cylinder engine. However, what made it unusual was that the 735 in its names refers to the displacement of just one cylinder, as was the case in the earliest models.",ferrari_past_models_scraper
ferrari_1955_857_s,857 S,1955,,1955,Sports Prototype,unknown,,,,unreviewed,not_in_manual_file,,,Sports-racing prototypes,Front-engined sports prototype,,,I4,combustion,front,race-specific,competition,,,,,,,,,,,,medium,TRUE,,ferrari_past_models.csv,rules based on repository data,4-cyl.,3432,280,6000,,front,longitudinal,,8.5,102,105,,2250,,,,https://cdn.ferrari.com/cms/network/media/img/resize/5ddd26a02cdb32285a79eff4-ferrari-857-s-1955-thumb?width=1600&height=1080,https://www.ferrari.com/en-EN/auto/857-s,The Ferrari 857 S was equipped with the largest displacement version of the legendary four-cylinder in-line which started its career with World Championship victories in 1952 and 1953 and was later upped to a three-litre with the same external block dimensions.,ferrari_past_models_scraper
ferrari_1956_250_gt_berlinetta,250 GT Berlinetta,1956,,1956,Grand Touring,unknown,,,,unreviewed,not_in_manual_file,,,Front-engined V12 two-seat GT,Berlinetta / coupe,,,V12,combustion,front,,grand tourer,,,,,,,,,,,,low,TRUE,,ferrari_past_models.csv,rules based on repository data,V12,2953,239,7000,252,front,longitudinal,60,8.5,73,59,1050,2600,,,,https://cdn.ferrari.com/cms/network/media/img/resize/5ddd288cf8fc7b0aa90858f4-ferrari-250-gt-berlinetta-1956-thumb?width=1600&height=1080,https://www.ferrari.com/en-EN/auto/250-gt-berlinetta,"Ferrari 250 GT Berlinetta: This was the first model in the legendary berlinetta series. These cars were not only perfect for driving to the track, but also for racing (and winning!) on it.",ferrari_past_models_scraper
ferrari_1956_410_superamerica,410 Superamerica,1956,,1956,Grand Touring,unknown,,,,unreviewed,not_in_manual_file,,,Front-engined V12 two-seat GT,Berlinetta / coupe,,,V12,combustion,front,,grand tourer,,,,,,,,,,,,low,TRUE,,ferrari_past_models.csv,rules based on repository data,V12,4963,340,6000,262,front,longitudinal,60,8.5,88,68,1200,2800,,,,https://cdn.ferrari.com/cms/network/media/img/resize/5ddd29f90cf6995f44de932c-ferrari-410-superamerica-1956-thumb?width=1600&height=1080,https://www.ferrari.com/en-EN/auto/410-superamerica,"The engine that was to equip the Ferrari 410 Superamerica was presented on the chassis of the 375 America at the Paris Motor Show in October 1955. The car itself was unveiled to the public later, at the 1956 Brussels Motor Show. The elegant bodywork with its impressive dimensions was the work of Pinin Farina. It is a curious fact that this model, which was destined for series production, actually gave rise to a number of competition versions, reverting to Ferrari’s customary practice.",ferrari_past_models_scraper
ferrari_1956_290_mm,290 MM,1956,,1956,Sports Prototype,unknown,,,,unreviewed,not_in_manual_file,,,Sports-racing prototypes,Front-engined sports prototype,,,V12,combustion,front,race-specific,competition,,,,,,,,,,,,medium,TRUE,,ferrari_past_models.csv,rules based on repository data,V12,3491,320,7200,280,front,longitudinal,60,9,73,70,880,2350,,,,https://cdn.ferrari.com/cms/network/media/img/resize/5ddd2c422cdb32285a79f14c-ferrari-290-mm-1956-thumb?width=1600&height=1080,https://www.ferrari.com/en-EN/auto/290-mm,"Designed for the 1956 Mille Miglia and as a replacement for the 860 Monza, the Ferrari 290MM was mounted with a V12 engine with dual ignition and dry sump derived from the 4.5-litre Grand Prix. Even though this engine could be described as belonging to Lampredi school, its bore and stroke measurements were really more reminiscent of Colombo’s V12 than anything else.",ferrari_past_models_scraper
ferrari_1956_410_s,410 S,1956,,1956,Sports Prototype,unknown,,,,unreviewed,not_in_manual_file,,,Sports-racing prototypes,Front-engined sports prototype,,,V12,combustion,front,race-specific,competition,,,,,,,,,,,,medium,TRUE,,ferrari_past_models.csv,rules based on repository data,V12,4963,340,6200,280,front,longitudinal,60,8.5,88,68,1200,2420,,,,https://cdn.ferrari.com/cms/network/media/img/resize/5ddd2bd284077c3b243416b9-ferrari-410-s-1956-thumb?width=1600&height=1080,https://www.ferrari.com/en-EN/auto/410-s,"The Ferrari 410 S marked a return to the 12-cylinder theme, which had remained dear to Enzo Ferrari’s heart. A dual ignition V12 of almost 5000 ccs fed by three Weber 42DCZ/4 carburettors was mounted on a very light chassis with a wheel base of just 2500 mm while a De Dion axle controlled the rear wheels.",ferrari_past_models_scraper
ferrari_1956_500_tr,500 TR,1956,,1956,Sports Prototype,unknown,,,,unreviewed,not_in_manual_file,,,Sports-racing prototypes,Front-engined sports prototype,,,I4,combustion,front,race-specific,competition,,,,,,,,,,,,medium,TRUE,,ferrari_past_models.csv,rules based on repository data,4-cyl.,1985,179,7000,245,front,longitudinal,,8.5,90,78,680,2250,,,,https://cdn.ferrari.com/cms/network/media/img/resize/5ddd2aba2cdb32285a79f0ec-ferrari-500-tr-1956-thumb?width=1600&height=1080,https://www.ferrari.com/en-EN/auto/500-tr,"Ferrari 500 TR: Ferrari needed a very new special weapon with which to take on the Maserati four-cylinder two-litre. With this in mind, the 2200cc derived from the Mondial was handed over to a former Maserati engineer named Massimino who made it more reliable and powerful.",ferrari_past_models_scraper
ferrari_1956_625_lm,625 LM,1956,,1956,Sports Prototype,unknown,,,,unreviewed,not_in_manual_file,,,Sports-racing prototypes,Front-engined sports prototype,,,I4,combustion,front,race-specific,competition,,,,,,,,,,,,medium,TRUE,,ferrari_past_models.csv,rules based on repository data,4-cyl.,2498,220,6200,250,front,longitudinal,,9,94,90,730,2250,,,,https://cdn.ferrari.com/cms/network/media/img/resize/5ddd2b51f8fc7b0aa90859a2-ferrari-625-lm-1956-thumb?width=1600&height=1080,https://www.ferrari.com/en-EN/auto/625-lm,"Due to the tragic accident at Le Mans in 1955, the French placed a 2500 cc limit on prototypes for the following year’s race. This meant that the Ferrari 625 LM had to be put together in great haste by boring out the four cylinders of the 2-litre Testarossa engine and replacing the existing carburettors with twin Weber 42 DCOA/3s.",ferrari_past_models_scraper
ferrari_1956_860_monza,860 Monza,1956,,1956,Sports Prototype,unknown,,,,unreviewed,not_in_manual_file,,,Sports-racing prototypes,Front-engined sports prototype,,,I4,combustion,front,race-specific,competition,,,,,,,,,,,,medium,TRUE,,ferrari_past_models.csv,rules based on repository data,4-cyl.,3432,280,6000,260,front,longitudinal,,8.5,102,105,860,2350,,,,https://cdn.ferrari.com/cms/network/media/img/resize/5ddd2d242cdb32285a79f182-ferrari-860-monza-1956-thumb?width=1600&height=1080,https://www.ferrari.com/en-EN/auto/860-monza,The Ferrari 860 Monza brought the era of the four-cylinder engine to a close and marked the channelling of the company’s engineering efforts back into the V12.,ferrari_past_models_scraper
ferrari_1957_250_california,250 California,1957,,1957,Grand Touring,unknown,,,,unreviewed,not_in_manual_file,,,Front-engined V12 two-seat GT,Spider / cabriolet,,,V12,combustion,front,,grand tourer,,,,,,,,,,,,low,TRUE,,ferrari_past_models.csv,rules based on repository data,V12,2953,239,7000,252,front,longitudinal,60,8.5,73,59,1100,2600,,,,https://cdn.ferrari.com/cms/network/media/img/resize/5ddd2ffd2cdb32285a79f21c-ferrari-250-california-1957-thumb?width=1600&height=1080,https://www.ferrari.com/en-EN/auto/250-california,"Ferrari 250 California: Thanks to Ferrari's reputation in motor sports, and the work of importer Luigi Chinetti, the United States became an important market. John Von Neumann, the west coast representative, thought that there was potential for an open Spider suited to the Californian sun, a sort of open 250 GT Berlinetta.",ferrari_past_models_scraper
ferrari_1957_250_gt_cabriolet,250 GT Cabriolet,1957,,1957,Grand Touring,unknown,,,,unreviewed,not_in_manual_file,,,Front-engined V12 two-seat GT,Spider / cabriolet,,,V12,combustion,front,,grand tourer,,,,,,,,,,,,low,TRUE,,ferrari_past_models.csv,rules based on repository data,V12,2953,239,7000,252,front,longitudinal,60,8.5,73,59,1050,2600,,,,https://cdn.ferrari.com/cms/network/media/img/resize/5ddd2dc52cdb32285a79f1a7-ferrari-250-gt-cabriolet-1956-thumb?width=1600&height=1080,https://www.ferrari.com/en-EN/auto/250-gt-cabriolet,"Ferrari 250 GT Cabriolet: Pininfarina presented this two-seater spider at the Geneva Motor Show in 1957, a year after a similar proposal by Boano debuted at the same venue. With its classic lines, the Pininfarina interpretation proved to be an instant hit with the more refined clientele.",ferrari_past_models_scraper
ferrari_1957_250_testa_rossa,250 Testa Rossa,1957,,1957,Sports Prototype,unknown,,,,unreviewed,not_in_manual_file,,,Sports-racing prototypes,Front-engined sports prototype,,,V12,combustion,front,race-specific,competition,,,,,,,,,,,,medium,TRUE,,ferrari_past_models.csv,rules based on repository data,V12,2953,300,7200,270,front,longitudinal,60,9.8,73,59,800,2350,,,,https://cdn.ferrari.com/cms/network/media/img/resize/5ddd338a0cf6995f44de9336-ferrari-250-testa-rossa-1957-thumb?width=1600&height=1080,https://www.ferrari.com/en-EN/auto/250-testa-rossa,"The Ferrari 250 Testa Rossa was designed to offer customers already racing with the 500 TRC a much more powerful engine on a similar chassis to help retain the former model’s great handling. Rumour also had it that the FIA would place a three-litre limit on prototypes and this indeed proved to be the case. As a result the reliable V12 from the 250 Gran Turismo was used albeit with a radically tuned with six twin-choke carburettors. Compared with the 500 TRC, only the valve covers were painted red, but the car still kept the Testa Rossa name and won the Manufacturers’ World Championship in 1958.",ferrari_past_models_scraper
ferrari_1957_290_s,290 S,1957,,1957,Sports Prototype,unknown,,,,unreviewed,not_in_manual_file,,,Sports-racing prototypes,Front-engined sports prototype,,,V12,combustion,front,race-specific,competition,,,,,,,,,,,,medium,TRUE,,ferrari_past_models.csv,rules based on repository data,V12,3491,330,8000,,front,longitudinal,60,9,73,70,,2350,,,,https://cdn.ferrari.com/cms/network/media/img/resize/5ddd31550cf6995f44de9332-ferrari-290-s-1957-thumb?width=1600&height=1080,https://www.ferrari.com/en-EN/auto/290-s,"The Ferrari 290 S was the first Ferrari sports car powered by a four overhead camshaft engine. Built by the team led by Vittorio Jano, the engine embodied a number of technical ideas incorporated on the F1 V8 engine recently inherited from Lancia.",ferrari_past_models_scraper
ferrari_1957_315_s,315 S,1957,,1957,Sports Prototype,unknown,,,,unreviewed,not_in_manual_file,,,Sports-racing prototypes,Front-engined sports prototype,,,V12,combustion,front,race-specific,competition,,,,,,,,,,,,medium,TRUE,,ferrari_past_models.csv,rules based on repository data,V12,3783,360,7800,290,front,longitudinal,60,9,76,70,880,2350,,,,https://cdn.ferrari.com/cms/network/media/img/resize/5ddd31d40cf6995f44de9333-ferrari-315-s-1957-thumb?width=1600&height=1080,https://www.ferrari.com/en-EN/auto/315-s,"Fitted with a V12 with four chain-driven overhead camshafts, the Ferrari 315 S signalled a major advance on the single camshaft engine. In addition to being more powerful, the engine was also nine kilos lighter and more reliable to boot. At the tragic 1957 Mille Miglia, the scene of De Portago’s devastating accident, Piero Taruffi drove the 315 S to victory in what was also to be the final race of his career.",ferrari_past_models_scraper
ferrari_1957_335_s,335 S,1957,,1957,Sports Prototype,unknown,,,,unreviewed,not_in_manual_file,,,Sports-racing prototypes,Front-engined sports prototype,,,V12,combustion,front,race-specific,competition,,,,,,,,,,,,medium,TRUE,,ferrari_past_models.csv,rules based on repository data,V12,4023,390,7400,300,front,longitudinal,60,9.2,77,72,880,2350,,,,https://cdn.ferrari.com/cms/network/media/img/resize/5ddd327084077c3b2434183e-ferrari-335-s-1957-thumb?width=1600&height=1080,https://www.ferrari.com/en-EN/auto/335-s,"Ferrari 335 S: The direct descendant of the 315 S, the 335 S made its debut at the infamous 1957 Mille Miglia with Alfonso De Portago replacing an unwell Luigi Musso at the wheel at the last minute. The car was lying third when tragedy struck near Guidizzolo, killing De Portago, his co-driver Edmond Nelson and 14 spectators. The ensuing barrage of protests brought the era of high-speed road racing to an end in Italy.",ferrari_past_models_scraper
ferrari_1957_500_trc,500 TRC,1957,,1957,Sports Prototype,unknown,,,,unreviewed,not_in_manual_file,,,Sports-racing prototypes,Front-engined sports prototype,,,I4,combustion,front,race-specific,competition,,,,,,,,,,,,medium,TRUE,,ferrari_past_models.csv,rules based on repository data,I4,1985,179,7000,245,front,longitudinal,,8.5,90,78,680,2250,,,,https://cdn.ferrari.com/cms/network/media/img/resize/5ddd30ae84077c3b243417da-ferrari-500-trc-1957-thumb?width=1600&height=1080,https://www.ferrari.com/en-EN/auto/500-trc,"Ferrari 500 TRC: The 500 TR launched the previous year needed to be revised to comply with the new C-section regulations of the International Sporting Code which came into force at the start of 1957. The C in the name of the resulting 500 TRC refers to this fact. Scaglietti took advantage of changes to design new lower, sleeker, even more seductive bodywork. The model was only raced by clients and didn’t win any prestigious races outright.",ferrari_past_models_scraper
ferrari_1958_250_testa_rossa_competizione,Ferrari 250 Testa Rossa Competizione / 335,1958,,1958,Sports Prototype,unknown,,,,unreviewed,not_in_manual_file,,,Competition derivatives,Competition GT,,,V12,combustion,front,race-specific,competition,,,,,,,,,,,,medium,TRUE,,ferrari_past_models.csv,rules based on repository data,V12,4023,432,8000,,front,longitudinal,60,9.9,77,72,,2350,,,,https://cdn.ferrari.com/cms/network/media/img/resize/6904a1d8706c6f0020389d96-ferrari-250-testa-rossa-competizione-card?width=1600&height=1080,https://www.ferrari.com/en-EN/auto/250-testa-rossa-competizione,,ferrari_past_models_scraper
ferrari_1958_dino_196_s,Dino 196 S,1958,,1958,Sports Prototype,unknown,,,,unreviewed,not_in_manual_file,,,Sports-racing prototypes,Front-engined sports prototype,,,V6,combustion,front,race-specific,competition,,,,,,,,,,,,medium,TRUE,,ferrari_past_models.csv,rules based on repository data,V6,1984,194,7200,250,front,longitudinal,65,9.8,77,71,,2220,,,,https://cdn.ferrari.com/cms/network/media/img/resize/5ddd342c2cdb32285a79f315-ferrari-dino-196-s-1958-thumb?width=1600&height=1080,https://www.ferrari.com/en-EN/auto/dino-196-s,"Ferrari Dino 196 S: At first sight this car looks just like a slightly smaller version of the 250 Testa Rossa, but on closer inspection it becomes clear that the transparent air intake over the carburettors has six instead of 12 intake trumpets. The body is of a style very much in vogue in between 1958 and 1960 and in fact, it pops up again on the other sports model with a Dino engine, the 246 S. The two-litre version’s engine performed brilliantly and the car triumphed in its class over and over again before making way for the more powerful 246 model.",ferrari_past_models_scraper
ferrari_1958_dino_296_s,Dino 296 S,1958,,1958,Sports Prototype,unknown,,,,unreviewed,not_in_manual_file,,,Sports-racing prototypes,Front-engined sports prototype,,,V6,combustion,front,race-specific,competition,,,,,,,,,,,,medium,TRUE,,ferrari_past_models.csv,rules based on repository data,V6,2962,300,7600,,front,longitudinal,65,10,85,87,,2280,,,,https://cdn.ferrari.com/cms/network/media/img/resize/5ddd3554f8fc7b0aa9085c08-ferrari-dino-296-s-1958-thumb?width=1600&height=1080,https://www.ferrari.com/en-EN/auto/dino-296-s,"Ferrari Dino 296 S: Featuring a single overhead camshaft per cylinder bank, the 196 S was driven by Collins first time out at Goodwood. The engine was modified to a single overhead camshaft V6 60° unit for endurance races in 1959 and 1960. A 2.4 litre version was also produced in 1960, the 246 S. The 296 S was also given a V6 engine, with an overall displacement of 1983.72 cm3. All three vehicles were designed by Scaglietti and Fantuzzi.",ferrari_past_models_scraper
ferrari_1959_250_gt_berlinetta_passo_corto,250 GT Berlinetta passo corto,1959,,1959,Grand Touring,unknown,,,,unreviewed,not_in_manual_file,,,Front-engined V12 two-seat GT,Berlinetta / coupe,,,V12,combustion,front,,grand tourer,,,,,,,,,,,,low,TRUE,,ferrari_past_models.csv,rules based on repository data,V12,2953,280,7000,268,front,longitudinal,60,9.2,73,59,960,2400,,,,https://cdn.ferrari.com/cms/network/media/img/resize/5ddd37250cf6995f44de933b-ferrari-250-berlinetta-passo-corto-thumb?width=1600&height=1080,https://www.ferrari.com/en-EN/auto/250-gt-berlinetta-passo-corto,"Ferrari 250 GT Berlinetta passo corto: Presented in Paris in October 1959, the short-wheelbase 250 GT Berlinetta epitomised the ideal road racer. With just a few minor touches (colder spark plugs, racing tyres and a roll-bar), the car could take to any circuit and battle it out for a class win.",ferrari_past_models_scraper
ferrari_1960_250_gt_2_2,250 GT 2+2,1960,,1960,Grand Touring,unknown,,,,unreviewed,not_in_manual_file,,,Front-engined V12 2+2 GT,Four-seat grand tourer,V12 GT 2+2,1,V12,combustion,front,2+2,grand tourer,,,,330 GT 2+2,1964,direct,TRUE,,,,,high,TRUE,,ferrari_past_models.csv,curated Ferrari.com evidence + repository description,V12,2953,239,7000,230,front,longitudinal,60,8.8,73,59,1280,2600,4700,1710,1340,https://cdn.ferrari.com/cms/network/media/img/resize/5defacba23a9f6031d9e27b1-ferrari-250-gt-2-2-1960-thumb?width=1600&height=1080,https://www.ferrari.com/en-EN/auto/250-gt-2-2,Ferrari 250 GT 2+2 - 1960,ferrari_past_models_scraper
ferrari_1960_400_superamerica,400 Superamerica,1960,,1960,Grand Touring,unknown,,,,unreviewed,not_in_manual_file,,,Front-engined V12 two-seat GT,Berlinetta / coupe,,,V12,combustion,front,,grand tourer,,,,,,,,,,,,low,TRUE,,ferrari_past_models.csv,rules based on repository data,V12,3967,340,7000,265,front,longitudinal,60,8.8,77,71,1250,2420,,,,https://cdn.ferrari.com/cms/network/media/img/resize/5defacf6d920210f0efa9827-ferrari-400-superamerica-thumb?width=1600&height=1080,https://www.ferrari.com/en-EN/auto/400-superamerica,Ferrari 400 Superamerica - 1960,ferrari_past_models_scraper
ferrari_1960_dino_246_s,Dino 246 S,1960,,1960,Sports Prototype,unknown,,,,unreviewed,not_in_manual_file,,,Sports-racing prototypes,Front-engined sports prototype,,,V6,combustion,front,race-specific,competition,,,,,,,,,,,,medium,TRUE,,ferrari_past_models.csv,rules based on repository data,V6,2417,250,7500,,front,longitudinal,60,9.8,85,71,640,2160,,,,https://cdn.ferrari.com/cms/network/media/img/resize/5defad3d7aa1855022678aad-ferrari-dino-246-1960-thumb?width=1600&height=1080,https://www.ferrari.com/en-EN/auto/dino-246-s,Ferrari Dino 246 - 1960,ferrari_past_models_scraper
ferrari_1961_246_sp,246 SP,1961,,1961,Sports Prototype,unknown,,,,unreviewed,not_in_manual_file,,,Sports-racing prototypes,Mid-engined sports prototype,,,V6,combustion,mid,race-specific,competition,,,,,,,,,,,,medium,TRUE,,ferrari_past_models.csv,rules based on repository data,V6,2417,271,8000,270,rear,longitudinal,65,9.8,85,71,590,2320,4060,1480,1050,https://cdn.ferrari.com/cms/network/media/img/resize/5defabf2015cdf6d417badb7-ferrari-246-sp-thumb?width=1600&height=1080,https://www.ferrari.com/en-EN/auto/246-sp,Ferrari 246 SP - 1960,ferrari_past_models_scraper
ferrari_1962_250_gt_berlinetta_lusso,250 GT Berlinetta lusso,1962,,1962,Grand Touring,unknown,,,,unreviewed,not_in_manual_file,,,Front-engined V12 two-seat GT,Berlinetta / coupe,,,V12,combustion,front,,grand tourer,,,,,,,,,,,,low,TRUE,,ferrari_past_models.csv,rules based on repository data,V12,2953,239,7500,240,front,longitudinal,60,9.2,73,59,1020,2400,,,,https://cdn.ferrari.com/cms/network/media/img/resize/5dc00af148ab400ab445c3f7-ferrari-250-gt-berlinetta-lusso-thumb?width=1600&height=1080,https://www.ferrari.com/en-EN/auto/250-gt-berlinetta-lusso,Ferrari 250 GT Berlinetta lusso - 1962,ferrari_past_models_scraper
ferrari_1962_250_gto,250 GTO,1962,,1962,Grand Touring,unknown,,,,unreviewed,not_in_manual_file,,,Front-engined V12 two-seat GT,Berlinetta / coupe,,,V12,combustion,front,,grand tourer,,,,,,,,,,,,low,TRUE,,ferrari_past_models.csv,rules based on repository data,V12,,300,,,front,longitudinal,60,9.8,73,59,880,2400,4325,1600,1210,https://cdn.ferrari.com/cms/network/media/img/resize/5ddb9b72f8fc7b0aa90807a2-ferrari-250-gto-1962-thumb?width=1600&height=1080,https://www.ferrari.com/en-EN/auto/250-gto,Ferrari 250 GTO - 1962,ferrari_past_models_scraper
ferrari_1962_196_sp,196 SP,1962,,1962,Sports Prototype,unknown,,,,unreviewed,not_in_manual_file,,,Sports-racing prototypes,Mid-engined sports prototype,,,V6,combustion,mid,race-specific,competition,,,,,,,,,,,,medium,TRUE,,ferrari_past_models.csv,rules based on repository data,V6,1984,209,7500,240,rear,longitudinal,60,9.8,77,71,600,2320,4060,1480,970,https://cdn.ferrari.com/cms/network/media/img/resize/5dc0096248ab400ab445c399-ferrari-196-sp-1962-thumb?width=1600&height=1080,https://www.ferrari.com/en-EN/auto/196-sp,The sports models included the Ferrari 196 SP which did not have a Dino engine,ferrari_past_models_scraper
ferrari_1962_248_sp,248 SP,1962,,1962,Sports Prototype,unknown,,,,unreviewed,not_in_manual_file,,,Sports-racing prototypes,Mid-engined sports prototype,,,V8,combustion,mid,race-specific,competition,,,,,,,,,,,,medium,TRUE,,ferrari_past_models.csv,rules based on repository data,V8,2459,250,7400,290,rear,longitudinal,90,9.8,77,66,640,2320,4060,1480,970,https://cdn.ferrari.com/cms/network/media/img/resize/5dc0077a8c92940b3a3f1f39-ferrari-248-sp-thumb?width=1600&height=1080,https://www.ferrari.com/en-EN/auto/248-sp,"Ferrari 248 SP: This 2,458 cc barchetta was fitted with a single overhead camshaft V8 engine",ferrari_past_models_scraper
ferrari_1962_268_sp,268 SP,1962,,1962,Sports Prototype,unknown,,,,unreviewed,not_in_manual_file,,,Sports-racing prototypes,Mid-engined sports prototype,,,V8,combustion,mid,race-specific,competition,,,,,,,,,,,,medium,TRUE,,ferrari_past_models.csv,rules based on repository data,V8,2645,265,7000,,rear,longitudinal,90,9.8,77,71,660,2320,4060,1480,970,https://cdn.ferrari.com/cms/network/media/img/resize/5dc0066b900e4a3e9ebba615-ferrari-268-sp-1962-thumb?width=1600&height=1080,https://www.ferrari.com/en-EN/auto/268-sp,"Ferrari 268 SP: This 2,458 cc barchetta was fitted with a single overhead camshaft V8 engine",ferrari_past_models_scraper
ferrari_1962_286_sp,286 SP,1962,,1962,Sports Prototype,unknown,,,,unreviewed,not_in_manual_file,,,Sports-racing prototypes,Mid-engined sports prototype,,,V6,combustion,mid,race-specific,competition,,,,,,,,,,,,medium,TRUE,,ferrari_past_models.csv,rules based on repository data,V6,2863,260,6800,,rear,longitudinal,60,9.5,90,75,620,2320,4060,1480,970,https://cdn.ferrari.com/cms/network/media/img/resize/5dc008ca48ab400ab445c36c-ferrari-286-sp-1962-thumb?width=1600&height=1080,https://www.ferrari.com/en-EN/auto/286-sp,Ferrari 286 SP: This second model that debuted at the 1962 press conference is very similar indeed to the 196 SP,ferrari_past_models_scraper
ferrari_1962_330_lm,330 LM,1962,,1962,Sports Prototype,unknown,,,,unreviewed,not_in_manual_file,,,Sports-racing prototypes,Mid-engined sports prototype,,,V12,combustion,front,race-specific,competition,,,,,,,,,,,,medium,TRUE,,ferrari_past_models.csv,rules based on repository data,V12,3967,390,7500,280,front,longitudinal,60,8.8,77,71,950,2420,4360,1675,1245,https://cdn.ferrari.com/cms/network/media/img/resize/5dc005afb6fd1830814ef18e-ferrari-330-lm-1962-thumb?width=1600&height=1080,https://www.ferrari.com/en-EN/auto/330-lm,Ferrari 330 LM: The 4-litre berlinetta racers were built to comply with changing FIA regulations.,ferrari_past_models_scraper
ferrari_1962_330_tr,330 TR,1962,,1962,Sports Prototype,unknown,,,,unreviewed,not_in_manual_file,,,Sports-racing prototypes,Mid-engined sports prototype,,,V12,combustion,front,race-specific,competition,,,,,,,,,,,,medium,TRUE,,ferrari_past_models.csv,rules based on repository data,V12,3967,390,7500,,front,longitudinal,60,8.8,77,71,820,2420,4520,1590,1050,https://cdn.ferrari.com/cms/network/media/img/resize/5dc00465b6fd1830814ef147-ferrari-330-tr-1962-list?width=1600&height=1080,https://www.ferrari.com/en-EN/auto/330-tr,Ferrari 330 TR: This one-off was the last Ferrari front-engined sports car to win the classic Le Mans 24-hour race.,ferrari_past_models_scraper
ferrari_1963_250_lm,250 LM,1963,,1963,Sports Prototype,unknown,,,,unreviewed,not_in_manual_file,,,Sports-racing prototypes,Mid-engined sports prototype,,,V12,combustion,mid,race-specific,competition,,,,,,,,,,,,medium,TRUE,,ferrari_past_models.csv,rules based on repository data,V12,3286,320,7500,287,rear,longitudinal,60,9.7,77,59,820,2400,4090,1700,1115,https://cdn.ferrari.com/cms/network/media/img/resize/5dc13dc1900e4a3e9ebbe0c9-ferrari-250-lm-1963-thumb?width=1600&height=1080,https://www.ferrari.com/en-EN/auto/250-lm,Ferrari 250 LM: Presented at the Paris Motor Show in October 1963,ferrari_past_models_scraper
ferrari_1963_250_p,250 P,1963,,1963,Sports Prototype,unknown,,,,unreviewed,not_in_manual_file,,,Sports-racing prototypes,Mid-engined sports prototype,P-series sports prototypes,1,V12,combustion,mid,race-specific,competition,,,,275 P,1964,evolution,TRUE,,,,,medium,TRUE,,ferrari_past_models.csv,curated Ferrari.com evidence + repository description,V12,2953,310,7500,290,rear,longitudinal,60,9.5,73,59,760,2400,4015,1670,1080,https://cdn.ferrari.com/cms/network/media/img/resize/5dc0104c8c92940b3a3f214c-ferrari-250-p-1963-thumb?width=1600&height=1080,https://www.ferrari.com/en-EN/auto/250-p,Ferrari 250 P: The very first 12-cylinder mid-engined Ferrari was unveiled to the press on the track at Monza on March 4 1963.,ferrari_past_models_scraper
ferrari_1963_330_p,330 P,1963,,1963,Sports Prototype,unknown,,,,unreviewed,not_in_manual_file,,,Sports-racing prototypes,Mid-engined sports prototype,,,V12,combustion,mid,race-specific,competition,,,,,,,,,,,,medium,TRUE,,ferrari_past_models.csv,rules based on repository data,V12,3967,370,7200,,rear,longitudinal,60,9.8,77,71,785,2400,4160,1675,1055,https://cdn.ferrari.com/cms/network/media/img/resize/5dc1390948ab400ab445fd1f-ferrari-330-p-1963-thumb?width=1600&height=1080,https://www.ferrari.com/en-EN/auto/330-p,Ferrari 330 P: The versatile four-litre V12 made its first appearance in 1964 in the sports-prototypes following the three-litre 250 and 3.3-litre 275 versions.,ferrari_past_models_scraper
ferrari_1964_330_gt_2_2,330 GT 2+2,1964,,1964,Grand Touring,unknown,,,,unreviewed,not_in_manual_file,,,Front-engined V12 2+2 GT,Four-seat grand tourer,V12 GT 2+2,2,V12,combustion,front,2+2,grand tourer,250 GT 2+2,1960,direct,365 GT 2+2,1967,direct,TRUE,,,,,high,TRUE,,ferrari_past_models.csv,curated Ferrari.com evidence + repository description,V12,3967,300,6600,245,front,longitudinal,60,8.8,77,71,1380,2650,4840,1715,1360,https://cdn.ferrari.com/cms/network/media/img/resize/5dc143677fe44e0aa82c943b-ferrari-330-gt-2-2-1964-thumb?width=1600&height=1080,https://www.ferrari.com/en-EN/auto/330-gt-2-2,The 330 America was replaced by the Ferrari 330 GT 2+2,ferrari_past_models_scraper
ferrari_1964_275_gtb,275 GTB,1964,,1964,Grand Touring,unknown,,,,unreviewed,not_in_manual_file,,,Front-engined V12 two-seat GT,Berlinetta / coupe,,,V12,combustion,front,,grand tourer,,,,,,,,,,,,low,TRUE,,ferrari_past_models.csv,rules based on repository data,V12,3286,280,7600,258,front,longitudinal,60,9.2,77,59,1100,2400,4325,1725,1245,https://cdn.ferrari.com/cms/network/media/img/resize/5dc2975fc9ba7568b9921c57-ferrari-275-gtb-1964-thumb?width=1600&height=1080,https://www.ferrari.com/en-EN/auto/275-gtb,The most important new features of the Ferrari 275 GTB were the rear-mounted gearbox and independent rear suspension.,ferrari_past_models_scraper
ferrari_1964_275_gts,275 GTS,1964,,1964,Grand Touring,unknown,,,,unreviewed,not_in_manual_file,,,Front-engined V12 two-seat GT,Spider / cabriolet,,,V12,combustion,front,,grand tourer,,,,,,,,,,,,low,TRUE,,ferrari_past_models.csv,rules based on repository data,V12,3286,260,7000,242,front,longitudinal,60,9.2,77,59,1120,2400,4350,1675,1250,https://cdn.ferrari.com/cms/network/media/img/resize/5dc2a63ceb1099300b0ba376-ferrari-275-gts-1964-thumb?width=1600&height=1080,https://www.ferrari.com/en-EN/auto/275-gts,Ferrari 275 GTS: The Pininfarina-designed spider version of the 275 GTB shared the same independent rear suspension and rear-mounted gearbox.,ferrari_past_models_scraper
ferrari_1964_500_superfast,500 Superfast,1964,,1964,Grand Touring,unknown,,,,unreviewed,not_in_manual_file,,,Front-engined V12 two-seat GT,Berlinetta / coupe,,,V12,combustion,front,,grand tourer,,,,,,,,,,,,low,TRUE,,ferrari_past_models.csv,rules based on repository data,V12,4963,400,6500,280,front,longitudinal,60,8.8,88,68,1400,2650,4820,1730,1280,https://cdn.ferrari.com/cms/network/media/img/resize/5dc15b96bb199d427b48b672-ferrari-1964-500-superfast-thumb?width=1600&height=1080,https://www.ferrari.com/en-EN/auto/500-superfast,"Ferrari 500 Superfast: This model, targeted at clients looking for uncompromising performance in a luxury car, was presented at the 1964",ferrari_past_models_scraper
ferrari_1964_275_p,275 P,1964,,1964,Sports Prototype,unknown,,,,unreviewed,not_in_manual_file,,,Sports-racing prototypes,Mid-engined sports prototype,P-series sports prototypes,2,V12,combustion,mid,race-specific,competition,250 P,1963,evolution,330 P2,1965,evolution,TRUE,,,,,medium,TRUE,,ferrari_past_models.csv,curated Ferrari.com evidence + repository description,V12,3286,320,7700,,rear,longitudinal,60,9.7,77,59,755,2400,4160,1675,1055,https://cdn.ferrari.com/cms/network/media/img/resize/5dc2afa3eb1099300b0ba571-ferrari-275-p-1964-thumb?width=1600&height=1080,https://www.ferrari.com/en-EN/auto/275-p,Ferrari 275 P: This model is yet another addition to the long and hugely successful P series which began with the 250 P.,ferrari_past_models_scraper
ferrari_1965_275_gtb_competizione,275 GTB Competizione,1965,,1965,Sports Prototype,unknown,,,,unreviewed,not_in_manual_file,,,Competition derivatives,Competition GT,,,V12,combustion,front,race-specific,competition,,,,,,,,,,,,medium,TRUE,,ferrari_past_models.csv,rules based on repository data,V12,3286,300,7600,282,front,longitudinal,60,9.5,77,59,980,2400,4300,1700,1160,https://cdn.ferrari.com/cms/network/media/img/resize/5dc41ba295e21208efa332a1-ferrari-275-gtb-competizione-thumb?width=1600&height=1080,https://www.ferrari.com/en-EN/auto/275-gtb-competizione,Ferrari 275 GTB Competizione: At least two prototypes of this model were built in 1965.,ferrari_past_models_scraper
ferrari_1965_275_p2,275 P2,1965,,1965,Sports Prototype,unknown,,,,unreviewed,not_in_manual_file,,,Sports-racing prototypes,Mid-engined sports prototype,,,V12,combustion,mid,race-specific,competition,,,,,,,,,,,,medium,TRUE,,ferrari_past_models.csv,rules based on repository data,V12,3286,349,8500,,rear,longitudinal,60,9.9,77,59,790,2400,4260,1675,1040,https://cdn.ferrari.com/cms/network/media/img/resize/5dc4225c37497e4ff8d2c9e4-ferrari-275-p2-1965-thumb?width=1600&height=1080,https://www.ferrari.com/en-EN/auto/275-p2,Ferrari 275 P2: The various models in the P series were developed over a period of four years beginning in 1964.,ferrari_past_models_scraper
ferrari_1965_330_p2,330 P2,1965,,1965,Sports Prototype,unknown,,,,unreviewed,not_in_manual_file,,,Sports-racing prototypes,Mid-engined sports prototype,P-series sports prototypes,3,V12,combustion,mid,race-specific,competition,275 P,1964,evolution,330 P3,1966,evolution,TRUE,,,,,medium,TRUE,,ferrari_past_models.csv,curated Ferrari.com evidence + repository description,V12,3967,409,8000,,rear,longitudinal,60,9.9,77,71,820,2400,4260,1675,1040,https://cdn.ferrari.com/cms/network/media/img/resize/5dc4258595e21208efa334db-ferrari-275-p2-1965-thumb?width=1600&height=1080,https://www.ferrari.com/en-EN/auto/330-p2,,ferrari_past_models_scraper
ferrari_1965_365_p,365 P,1965,,1965,Sports Prototype,unknown,,,,unreviewed,not_in_manual_file,,,Sports-racing prototypes,Mid-engined sports prototype,,,V12,combustion,mid,race-specific,competition,,,,,,,,,,,,medium,TRUE,,ferrari_past_models.csv,rules based on repository data,V12,4390,379,7200,300,rear,longitudinal,60,9.1,81,71,850,2400,4260,1675,1040,https://cdn.ferrari.com/cms/network/media/img/resize/5dc4298737497e4ff8d2cb91-ferrari-365-p-1965-thumb?width=1600&height=1080,https://www.ferrari.com/en-EN/auto/365-p,The Ferrari 365 P was the exception to the 4-litre rule for the official works cars.,ferrari_past_models_scraper
ferrari_1965_dino_166_p,Dino 166 P,1965,,1965,Sports Prototype,unknown,,,,unreviewed,not_in_manual_file,,,Sports-racing prototypes,Mid-engined sports prototype,,,V6,combustion,mid,race-specific,competition,,,,,,,,,,,,medium,TRUE,,ferrari_past_models.csv,rules based on repository data,V6,1593,175,9000,,rear,longitudinal,65,11.5,77,57,586,2280,3820,1570,960,https://cdn.ferrari.com/cms/network/media/img/resize/5dc433783378a829c0098381-ferrari-dino-166-p-1965-thumb?width=1600&height=1080,https://www.ferrari.com/en-EN/auto/dino-166-p,"Ferrari Dino 166 P: The Dino name was revived for a prototype sports car of just 1,600 cc with styling reminiscent of the big P series models.",ferrari_past_models_scraper
ferrari_1965_dino_206_sp,Dino 206 SP,1965,,1965,Sports Prototype,unknown,,,,unreviewed,not_in_manual_file,,,Sports-racing prototypes,Mid-engined sports prototype,,,V6,combustion,mid,race-specific,competition,,,,,,,,,,,,medium,TRUE,,ferrari_past_models.csv,rules based on repository data,V6,1987,218,9000,,rear,longitudinal,65,11,86,57,532,2280,3820,1570,800,https://cdn.ferrari.com/cms/network/media/img/resize/5dc435a53378a829c0098400-ferrari-dino-206-sp-1965-thumb?width=1600&height=1080,https://www.ferrari.com/en-EN/auto/dino-206-sp,Ferrari 206 sp: This model could best be described as an open-top version of the Dino 166 P with a bigger engine.,ferrari_past_models_scraper
ferrari_1966_275_gtb4,275 GTB4,1966,,1966,Grand Touring,unknown,,,,unreviewed,not_in_manual_file,,,Front-engined V12 two-seat GT,Berlinetta / coupe,,,V12,combustion,front,,grand tourer,,,,,,,,,,,,low,TRUE,,ferrari_past_models.csv,rules based on repository data,V12,3286,300,8000,268,front,longitudinal,60,9.2,77,59,1100,2400,,,,https://cdn.ferrari.com/cms/network/media/img/resize/5dc92bec01d20661709545b3-ferrari-275gb4-1966-thumb?width=1600&height=1080,https://www.ferrari.com/en-EN/auto/275-gtb4,Ferrari 275 GTB4: Presented at the 1966 Paris Motor Show,ferrari_past_models_scraper
ferrari_1966_330_gtc,330 GTC,1966,,1966,Grand Touring,unknown,,,,unreviewed,not_in_manual_file,,,Front-engined V12 two-seat GT,Berlinetta / coupe,,,V12,combustion,front,,grand tourer,,,,,,,,,,,,low,TRUE,,ferrari_past_models.csv,rules based on repository data,V12,3967,300,7000,242,front,longitudinal,60,8.8,77,71,1300,2400,4470,1665,1282,https://cdn.ferrari.com/cms/network/media/img/resize/5dc540263378a829c009b0f9-ferrari-330-gtc-1966-thumb?width=1600&height=1080,https://www.ferrari.com/en-EN/auto/330-gtc,"Ferrari 330 GTC: This model slotted in between the 275 GTB Berlinetta, whose chassis it shared, and the more tranquil 330 2+2 Coupé",ferrari_past_models_scraper
ferrari_1966_330_gts,330 GTS,1966,,1966,Grand Touring,unknown,,,,unreviewed,not_in_manual_file,,,Front-engined V12 two-seat GT,Spider / cabriolet,,,V12,combustion,front,,grand tourer,,,,,,,,,,,,low,TRUE,,ferrari_past_models.csv,rules based on repository data,V12,3967,300,7000,242,front,longitudinal,60,8.8,77,71,1200,2400,4430,1675,1250,https://cdn.ferrari.com/cms/network/media/img/resize/5dc93c653378a829c00a601c-ferrari-330-gts-1966-thumb?width=1600&height=1080,https://www.ferrari.com/en-EN/auto/330-gts,the Ferrari 330 GTS was presented at the Paris Motor Show in October 1966.,ferrari_past_models_scraper
ferrari_1966_365_california,365 California,1966,,1966,Grand Touring,unknown,,,,unreviewed,not_in_manual_file,,,Front-engined V12 two-seat GT,Spider / cabriolet,,,V12,combustion,front,,grand tourer,,,,,,,,,,,,low,TRUE,,ferrari_past_models.csv,rules based on repository data,V12,4390,320,6600,245,front,longitudinal,60,8.8,81,71,1320,2650,4900,1780,1330,https://cdn.ferrari.com/cms/network/media/img/resize/5dc54f9b95e21208efa3683e-ferrari-365-california-1966-thumb?width=1600&height=1080,https://www.ferrari.com/en-EN/auto/365-california,Ferrari 365 California: Presented at the 1966 Geneva Motor Show,ferrari_past_models_scraper
ferrari_1966_330_p3,330 P3,1966,,1966,Sports Prototype,unknown,,,,unreviewed,not_in_manual_file,,,Sports-racing prototypes,Mid-engined sports prototype,P-series sports prototypes,4,V12,combustion,mid,race-specific,competition,330 P2,1965,evolution,330 P4,1967,evolution,TRUE,,,,,medium,TRUE,,ferrari_past_models.csv,curated Ferrari.com evidence + repository description,V12,3967,420,8000,310,rear,longitudinal,60,10.5,77,71,851,2400,4170,1780,950,https://cdn.ferrari.com/cms/network/media/img/resize/5dc557b93378a829c009b5dd-ferrari-1966-300-p3-thumb?width=1600&height=1080,https://www.ferrari.com/en-EN/auto/330-p3,"An evolution of the 330 P2, the Ferrari 330 P3 featured a new tubular chassis with a fibreglass tub",ferrari_past_models_scraper
ferrari_1966_dino_206_s,Dino 206 S,1966,,1966,Sports Prototype,unknown,,,,unreviewed,not_in_manual_file,,,Sports-racing prototypes,Mid-engined sports prototype,,,V6,combustion,mid,race-specific,competition,,,,,,,,,,,,medium,TRUE,,ferrari_past_models.csv,rules based on repository data,V6,1987,220,9000,270,rear,longitudinal,65,11,86,57,580,2280,3875,1680,985,https://cdn.ferrari.com/cms/network/media/img/resize/5dc549f901d2066170949cca-ferrari-dino-206-s-1966-thumb?width=1600&height=1080,https://www.ferrari.com/en-EN/auto/dino-206-s,The Ferrari Dino 206 S could be described as a small-scale 330 P3.,ferrari_past_models_scraper
ferrari_1967_365_gt_2_2,365 GT 2+2,1967,,1967,Grand Touring,unknown,,,,unreviewed,not_in_manual_file,,,Front-engined V12 2+2 GT,Four-seat grand tourer,V12 GT 2+2,3,V12,combustion,front,2+2,grand tourer,330 GT 2+2,1964,direct,365 GT4 2+2,1972,direct,TRUE,,,,,high,TRUE,,ferrari_past_models.csv,curated Ferrari.com evidence + repository description,V12,4390,320,6600,245,front,longitudinal,60,8.8,81,71,1480,2650,4974,1786,1345,https://cdn.ferrari.com/cms/network/media/img/resize/5dcab482f8fc7b0aa90483b2-ferrari-365-gt-2-2-1967-thumb?width=1600&height=1080,https://www.ferrari.com/en-EN/auto/365-gt-2-2,The Ferrari 365 GT 2+2 was presented at the 1967 Paris Motor Show,ferrari_past_models_scraper
ferrari_1967_dino_206_gt,Dino 206 GT,1967,1969,1967,Grand Touring,discontinued,Wikipedia - Dino 206 GT and 246 GT,https://en.wikipedia.org/wiki/Dino_206_GT_and_246_GT,wikipedia,medium,reviewed,Production range reported for the 206 GT,2026-07-27,Mid-engined sports car,Berlinetta,,,V6,combustion,mid,2,sports car,,,,,,,,,,,,high,FALSE,,ferrari_production_periods.csv,rules based on repository data,V6,1987,179,8000,235,rear,transverse,65,9,86,57,900,2280,4150,1700,1115,https://cdn.ferrari.com/cms/network/media/img/resize/5dc9478a3378a829c00a621e-ferrari-dino-206-gt-1967-thumb?width=1600&height=1080,https://www.ferrari.com/en-EN/auto/dino-206-gt,"Ferrari 206 GT: With the prototype of the Dino 196 S already in-house, there was an excellent opportunity to design a relatively small displacement",ferrari_past_models_scraper
ferrari_1967_330_p4,330 P4,1967,,1967,Sports Prototype,unknown,,,,unreviewed,not_in_manual_file,,,Sports-racing prototypes,Mid-engined sports prototype,P-series sports prototypes,5,V12,combustion,mid,race-specific,competition,330 P3,1966,evolution,,,,,,,,,medium,TRUE,,ferrari_past_models.csv,curated Ferrari.com evidence + repository description,V12,3967,450,8000,320,rear,longitudinal,60,11,77,71,792,2400,4185,1810,1000,https://cdn.ferrari.com/cms/network/media/img/resize/5dcaced00cf6995f44ddb741-ferrari-330-p4-1967-thumb?width=1600&height=1080,https://www.ferrari.com/en-EN/auto/330-p4,Ferrari 330 P4: this model was powered by a V12 engine,ferrari_past_models_scraper
ferrari_1967_350_can_am,350 Can Am,1967,,1967,Sports Prototype,unknown,,,,unreviewed,not_in_manual_file,,,Sports-racing prototypes,Mid-engined sports prototype,,,V12,combustion,mid,race-specific,competition,,,,,,,,,,,,medium,TRUE,,ferrari_past_models.csv,rules based on repository data,V12,4176,480,8500,315,rear,longitudinal,60,11,79,71,700,2400,3950,1995,940,https://cdn.ferrari.com/cms/network/media/img/resize/5dcc147a84077c3b24308146-ferrari-350-can-am-1967-thumb?width=1600&height=1080,https://www.ferrari.com/en-EN/auto/350-can-am,"Ferrari 350 Can Am: When sports car races were organised on the Canadian and American tracks in 1966, Chinetti asked Ferrari to come up with a suitable car.",ferrari_past_models_scraper
ferrari_1967_412_p,412 P,1967,,1967,Sports Prototype,unknown,,,,unreviewed,not_in_manual_file,,,Sports-racing prototypes,Mid-engined sports prototype,,,V12,combustion,mid,race-specific,competition,,,,,,,,,,,,medium,TRUE,,ferrari_past_models.csv,rules based on repository data,V12,3967,420,8000,310,rear,longitudinal,60,11,77,71,835,2400,4170,1780,985,https://cdn.ferrari.com/cms/network/media/img/resize/5dcad4f50cf6995f44ddb87a-ferrari-412-p-1967-thumb?width=1600&height=1080,https://www.ferrari.com/en-EN/auto/412-p,"This model Ferrari 412 P was also known as the P3/4, and was used by Ferrari’s privateer customer teams.",ferrari_past_models_scraper
ferrari_1968_365_gtb4,365 GTB4,1968,1973,1968,Grand Touring,discontinued,Wikipedia - Ferrari Daytona,https://en.wikipedia.org/wiki/Ferrari_Daytona,wikipedia,medium,reviewed,Production range reported for the GTB/4 coupe,2026-07-27,Front-engined V12 two-seat GT,Berlinetta / coupe,Front-engined V12 two-seat GT,1,V12,combustion,front,2,grand tourer,,,,550 Maranello,1996,spiritual_successor,TRUE,,,,,high,FALSE,The link to the 550 Maranello is spiritual: the line was interrupted while Ferrari's flagship role passed through the BB/Testarossa family.,ferrari_production_periods.csv,curated Ferrari.com evidence + repository description,V12,4390,352,7500,280,front,longitudinal,60,8.8,81,71,1200,2400,4425,1760,1245,https://cdn.ferrari.com/cms/network/media/img/resize/5dcae27af8fc7b0aa9048da4-ferrari-365-gtb4-thumb?width=1600&height=1080,https://www.ferrari.com/en-EN/auto/365-gtb4,Ferrari 365 GTB4: The evolution of the 275 GTB4 was a milestone in the history of extreme high-performance front-engined sports cars.,ferrari_past_models_scraper
ferrari_1968_365_gtc,365 GTC,1968,,1968,Grand Touring,unknown,,,,unreviewed,not_in_manual_file,,,Front-engined V12 two-seat GT,Berlinetta / coupe,,,V12,combustion,front,,grand tourer,,,,,,,,,,,,low,TRUE,,ferrari_past_models.csv,rules based on repository data,V12,4390,320,6600,250,front,longitudinal,60,8.8,81,71,1350,2400,4470,1670,1300,https://cdn.ferrari.com/cms/network/media/img/resize/5dcada8d2cdb32285a762337-ferrari-365-gtc-1968-thumb?width=1600&height=1080,https://www.ferrari.com/en-EN/auto/365-gtc,The design of the Ferrari 365 GTC was basically similar to that of the last 330 GTCs built,ferrari_past_models_scraper
ferrari_1968_612_can_am,612 Can Am,1968,,1968,Sports Prototype,unknown,,,,unreviewed,not_in_manual_file,,,Sports-racing prototypes,Mid-engined sports prototype,,,V12,combustion,mid,race-specific,competition,,,,,,,,,,,,medium,TRUE,,ferrari_past_models.csv,rules based on repository data,V12,6222,620,7000,340,rear,longitudinal,60,10.5,92,78,700,2450,4200,2240,890,https://cdn.ferrari.com/cms/network/media/img/resize/5dcc1b752cdb32285a765d3e-ferrari-612-can-am-1968-thumb?width=1600&height=1080,https://www.ferrari.com/en-EN/auto/612-can-am,Ferrari 612 Can Am: This second model was built for the Can-Am Challenge Cups series,ferrari_past_models_scraper
ferrari_1969_365_gts,365 GTS,1969,,1969,Grand Touring,unknown,,,,unreviewed,not_in_manual_file,,,Front-engined V12 two-seat GT,Spider / cabriolet,,,V12,combustion,front,,grand tourer,,,,,,,,,,,,low,TRUE,,ferrari_past_models.csv,rules based on repository data,V12,4390,320,6600,245,front,longitudinal,60,8.8,81,71,1350,2400,4470,1670,1300,https://cdn.ferrari.com/cms/network/media/img/resize/5ecf831b57b59406e3a0bb4a-ferrari-365-gts-1969-thumb-v2?width=1600&height=1080,https://www.ferrari.com/en-EN/auto/365-gts,,ferrari_past_models_scraper
ferrari_1969_dino_246_gt,Dino 246 GT,1969,1974,1969,Grand Touring,discontinued,Wikipedia - Dino 206 GT and 246 GT,https://en.wikipedia.org/wiki/Dino_206_GT_and_246_GT,wikipedia,medium,reviewed,Production range reported for the 246 GT coupe,2026-07-27,Mid-engined sports car,Berlinetta,,,V6,combustion,mid,2,sports car,,,,,,,,,,,,high,FALSE,,ferrari_production_periods.csv,rules based on repository data,V6,2419,194,7600,235,rear,transverse,65,9,92,60,1080,2340,4235,1700,1135,https://cdn.ferrari.com/cms/network/media/img/resize/5dcc044d0cf6995f44ddee04-ferrari-dino-246-gt-1969-thumb?width=1600&height=1080,https://www.ferrari.com/en-EN/auto/dino-246-gt,The Ferrari Dino 246 GT was an evolution of the Dino 206 GT,ferrari_past_models_scraper
ferrari_1969_212_e,212 E,1969,,1969,Sports Prototype,unknown,,,,unreviewed,not_in_manual_file,,,Sports-racing prototypes,Mid-engined sports prototype,,,V12,combustion,mid,race-specific,competition,,,,,,,,,,,,medium,TRUE,,ferrari_past_models.csv,rules based on repository data,V12,1991,300,11800,250,rear,longitudinal,,11,65,50,500,2340,3800,1980,,https://cdn.ferrari.com/cms/network/media/img/resize/5dcd747a84077c3b2430d5c9-ferrari-212-e-1969-thumb?width=1600&height=1080,https://www.ferrari.com/en-EN/auto/212-e,The Ferrari 212 E was built to compete in the European Mountain Championship.,ferrari_past_models_scraper
ferrari_1969_312_p_1969,312 P,1969,,1969,Sports Prototype,unknown,,,,unreviewed,not_in_manual_file,,,Sports-racing prototypes,Mid-engined sports prototype,,,V12,combustion,mid,race-specific,competition,,,,,,,,,,,,medium,TRUE,,ferrari_past_models.csv,rules based on repository data,V12,2991,450,10800,320,rear,longitudinal,60,11,77,54,680,2370,4230,1980,890,https://cdn.ferrari.com/cms/network/media/img/resize/68cd5bfb30b3620021467789-ferrari-past-model-312-p-1969-thumb?width=1600&height=1080,https://www.ferrari.com/en-EN/auto/312-p-1969,,ferrari_past_models_scraper
ferrari_1970_512_m,512 M,1970,,1970,Sports Prototype,unknown,,,,unreviewed,not_in_manual_file,,,Sports-racing prototypes,Mid-engined sports prototype,512-series sports prototypes,,V12,combustion,mid,race-specific,competition,512 S,1970,derivative,,,,,,,512 S,1970,high,TRUE,,ferrari_past_models.csv,curated Ferrari.com evidence + repository description,V12,4994,610,9000,310,rear,longitudinal,60,11.5,87,70,815,2400,4180,2015,985,https://cdn.ferrari.com/cms/network/media/img/resize/5dd29edb84077c3b2431f663-ferrari-512-m-1970-thumb?width=1600&height=1080,https://www.ferrari.com/en-EN/auto/512-m,The Ferrari 512 M (the M stands for modified) is a direct descendant of the 512 S.,ferrari_past_models_scraper
ferrari_1970_512_s,512 S,1970,,1970,Sports Prototype,unknown,,,,unreviewed,not_in_manual_file,,,Sports-racing prototypes,Mid-engined sports prototype,,,V12,combustion,mid,race-specific,competition,,,,,,,,,,,,high,TRUE,,ferrari_past_models.csv,rules based on repository data,V12,4994,549,8500,340,rear,longitudinal,60,11.5,87,70,840,2400,4060,2000,972,https://cdn.ferrari.com/cms/network/media/img/resize/5e54f95d2032ae0ad21e2616-ferrari-512-s-1970-thumb-ok?width=1600&height=1080,https://www.ferrari.com/en-EN/auto/512-s,,ferrari_past_models_scraper
ferrari_1971_365_gtb4_competizione,365 GTB4 Competizione,1971,1973,1971,Sports Prototype,discontinued,Wikipedia - Ferrari Daytona,https://en.wikipedia.org/wiki/Ferrari_Daytona,wikipedia,medium,reviewed,Factory competition cars were built in three batches ending in 1973,2026-07-27,Competition derivatives,Competition GT,Competition GT,,V12,combustion,mid,race-specific,competition,365 GTB4,1968,derivative,,,,,,,365 GTB4,1968,high,FALSE,,ferrari_production_periods.csv,curated Ferrari.com evidence + repository description,V12,4390,,7800,310,rear,longitudinal,,9.9,81,71,1240,2400,,,,https://cdn.ferrari.com/cms/network/media/img/resize/5dd2bb5ff8fc7b0aa906400c-ferrari-365-gtb4-competizione-1971-thumb?width=1600&height=1080,https://www.ferrari.com/en-EN/auto/365-gtb4-competizione,"This Ferrari 365 GTB4 Competizione model, also known as the Daytona in recognition of the P4’s victory, enjoyed a successful career",ferrari_past_models_scraper
ferrari_1971_365_gtc4,365 GTC4,1971,,1971,Grand Touring,unknown,,,,unreviewed,not_in_manual_file,,,Front-engined V12 2+2 GT,Four-seat grand tourer,,,V12,combustion,front,2+2,grand tourer,,,,,,,,,,,,high,TRUE,,ferrari_past_models.csv,rules based on repository data,V12,4390,340,6200,260,front,longitudinal,60,8.8,81,71,1450,2500,4550,1780,1270,https://cdn.ferrari.com/cms/network/media/img/resize/5dd2a49c2cdb32285a77d1dd-ferrari-365-gtc4-1971-thumb?width=1600&height=1080,https://www.ferrari.com/en-EN/auto/365-gtc4,"The Ferrari 365 GTC4 took up where the 365 GT 2+2 left off and, thanks to careful interior design, Ferrari succeeded in slotting in two small rear seats, while retaining the more compact dimensions of two-seater coupé bodywork.",ferrari_past_models_scraper
ferrari_1969_365_gts4,365 GTS4,1971,1973,1969,Grand Touring,discontinued,Wikipedia - Ferrari Daytona,https://en.wikipedia.org/wiki/Ferrari_Daytona,wikipedia,medium,reviewed,Source year reflects the earlier model record; series production is reported from 1971,2026-07-27,Front-engined V12 two-seat GT,Spider / cabriolet,,,V12,combustion,front,2,grand tourer,,,,,,,,,,,,high,FALSE,,ferrari_production_periods.csv,rules based on repository data,V12,4390,352,7500,280,front,longitudinal,60,8.8,81,71,,2400,4450,1740,1250,https://cdn.ferrari.com/cms/network/media/img/resize/5dcd734d2cdb32285a76af94-ferrari-365-gts4-1969-thumb?width=1600&height=1080,https://www.ferrari.com/en-EN/auto/365-gts4,The convertible version of the ferrari 365 GTB4 made its debut at the 1969 Frankfurt Motor Show.,ferrari_past_models_scraper
ferrari_1971_312_p,312 P,1971,,1971,Sports Prototype,unknown,,,,unreviewed,not_in_manual_file,,,Sports-racing prototypes,Mid-engined sports prototype,,,V12,combustion,mid,race-specific,competition,,,,,,,,,,,,high,TRUE,,ferrari_past_models.csv,rules based on repository data,V12,2991,450,10800,320,rear,longitudinal,,11.5,78,52,585,2220,3500,1880,956,https://cdn.ferrari.com/cms/network/media/img/resize/5dd2b8460cf6995f44de90e3-ferrari-312-p-1971-thumb?width=1600&height=1080,https://www.ferrari.com/en-EN/auto/312-p,Ferrari 312 P: The new 1971 version of the sports prototype came with a flat-12 engine,ferrari_past_models_scraper
ferrari_1971_712_can_am,712 Can Am,1971,,1971,Sports Prototype,unknown,,,,unreviewed,not_in_manual_file,,,Sports-racing prototypes,Mid-engined sports prototype,,,V12,combustion,mid,race-specific,competition,,,,,,,,,,,,high,TRUE,,ferrari_past_models.csv,rules based on repository data,V12,6860,680,7000,,rear,longitudinal,60,11.4,92,86,826,2400,,,,https://cdn.ferrari.com/cms/network/media/img/resize/5dd2bbb8f8fc7b0aa9064025-ferrari-712-can-am-1971-thumb?width=1600&height=1080,https://www.ferrari.com/en-EN/auto/712-can-am,Ferrari 712 Can Am: The need for very high torque to cope with the torturous tracks of the Can Am series saw Ferrari build its biggest ever engine at around seven litres.,ferrari_past_models_scraper
ferrari_1972_365_gt4_2_2,365 GT4 2+2,1972,1976,1972,Grand Touring,discontinued,Legacy manual curation,,manual_seed,low,pending_source_review,Migrated from the initial enrichment script,,Front-engined V12 2+2 GT,Four-seat grand tourer,V12 GT 2+2,4,V12,combustion,front,2+2,grand tourer,365 GT 2+2,1967,direct,400 GT,1976,evolution,TRUE,,,,,high,TRUE,,ferrari_production_periods.csv,curated Ferrari.com evidence + repository description,V12,4390,340,6200,245,front,longitudinal,60,8.8,81,71,1500,2700,4810,1796,1310,https://cdn.ferrari.com/cms/network/media/img/resize/5dd2c2de0cf6995f44de90ed-ferrari-365-gt4-2+2-1972-thumb?width=1600&height=1080,https://www.ferrari.com/en-EN/auto/365-gt4-2-2,"Ferrari 365 GT4 2+2: This was a brand new design from Pininfarina, which faced the task of developing a fast, svelte and elegant 2+2 powered by the classic VI2 engine.",ferrari_past_models_scraper
ferrari_1972_dino_246_gts,Dino 246 GTS,1972,1974,1972,Grand Touring,discontinued,Wikipedia - Dino 206 GT and 246 GT,https://en.wikipedia.org/wiki/Dino_206_GT_and_246_GT,wikipedia,medium,reviewed,Production range reported for the 246 GTS targa,2026-07-27,Mid-engined sports car,Spider / targa,Mid-engined Dino V6,,V6,combustion,mid,2,sports car,Dino 246 GT,1969,derivative,,,,,,,Dino 246 GT,1969,high,FALSE,,ferrari_production_periods.csv,curated Ferrari.com evidence + repository description,V6,2419,194,7600,235,rear,transverse,65,9,92,60,1080,2340,4235,1700,1135,https://cdn.ferrari.com/cms/network/media/img/resize/5dd2c1cff8fc7b0aa906419d-ferrari-dino-246-gts-1972-thumb?width=1600&height=1080,https://www.ferrari.com/en-EN/auto/dino-246-gts,"Ferrari looked to increase its popularity still further by introducing Dino 246 GTS, an open version.",ferrari_past_models_scraper
ferrari_1971_365_gt4_bb,365 GT4 BB,1973,1976,1971,Grand Touring,discontinued,Wikipedia - Ferrari Berlinetta Boxer,https://en.wikipedia.org/wiki/Ferrari_Berlinetta_Boxer,wikipedia,medium,reviewed,Presented in 1971 but series production is reported from 1973,2026-07-27,Mid-engined 12-cylinder supercar,Berlinetta Boxer / Testarossa,Boxer / Testarossa,1,V12,combustion,mid,2,supercar,,,,512 BB,1976,evolution,TRUE,,,,,high,FALSE,,ferrari_production_periods.csv,curated Ferrari.com evidence + repository description,V12,4390,360,7500,300,rear,longitudinal,,8.8,81,71,1160,2500,4360,1800,1120,https://cdn.ferrari.com/cms/network/media/img/resize/5dd2a2cc0cf6995f44de90d4-ferrari-365-gt4-bb-1971-thumb?width=1600&height=1080,https://www.ferrari.com/en-EN/auto/365-gt4-bb,"Ferrari 365 GT4 BB: There were two important novelties on this car: the new 12-cylinder boxer derived from the Formula 1 car, and the mid-engined layout",ferrari_past_models_scraper
ferrari_1973_dino_308_gt4,Dino 308 GT4,1973,1980,1973,Grand Touring,discontinued,Legacy manual curation,,manual_seed,low,pending_source_review,Migrated from the initial enrichment script,,Mid-engined 2+2 GT,Dino GT4 / Mondial,Mid-engined V8 2+2,1,V8,combustion,mid,2+2,grand tourer,,,,Mondial 8,1980,direct,TRUE,,,,,high,TRUE,,ferrari_production_periods.csv,curated Ferrari.com evidence + repository description,V8,2927,256,7700,250,rear,transverse,90,8.8,81,71,1150,2550,4300,1800,1180,https://cdn.ferrari.com/cms/network/media/img/resize/5dd3b36e0cf6995f44de9101-ferrari-dino-308-gt4-1972-thumb?width=1600&height=1080,https://www.ferrari.com/en-EN/auto/dino-308-gt4,Ferrari Dino 308 GT4: The Paris Motor Show 1973.,ferrari_past_models_scraper
ferrari_1975_dino_208_gt4,Dino 208 GT4,1975,,1975,Grand Touring,unknown,,,,unreviewed,not_in_manual_file,,,Mid-engined 2+2 GT,Dino GT4 / Mondial,,,V8,combustion,mid,2+2,grand tourer,,,,,,,,,,,,high,TRUE,,ferrari_past_models.csv,rules based on repository data,V8,1991,170,7700,220,rear,transverse,90,9,67,71,1150,2550,4300,1800,1180,https://cdn.ferrari.com/cms/network/media/img/resize/5dd3d23b0cf6995f44de9135-ferrari-dino-208-gt4-1975-thumb?width=1600&height=1080,https://www.ferrari.com/en-EN/auto/dino-208-gt4,The Dino 208 GT4 came about when Ferrari decided to fit a 2000cc engine in the body of the Dino 308 GT4.,ferrari_past_models_scraper
ferrari_1975_308_gtb,308 GTB,1975,1980,1975,Grand Touring,discontinued,Wikipedia - Ferrari 308 GTB/GTS,https://en.wikipedia.org/wiki/Ferrari_308_GTB/GTS,wikipedia,medium,reviewed,Carbureted GTB production before the GTBi replacement,2026-07-27,Mid-engined sports car,Berlinetta,Mid-engined V8 sports cars,1,V8,combustion,mid,2,sports car,,,,328 GTB,1985,evolution,TRUE,,,,,high,FALSE,,ferrari_production_periods.csv,curated Ferrari.com evidence + repository description,V8,2927,256,7700,252,rear,transverse,90,8.8,81,71,1090,2340,4230,1720,1120,https://cdn.ferrari.com/cms/network/media/img/resize/5dd3f14984077c3b24323c4d-ferrari-308-gtb-1975-thumb?width=1600&height=1080,https://www.ferrari.com/en-EN/auto/308-gtb,The Ferrari 308 GTB made its debut at the Paris and London shows in 1975.,ferrari_past_models_scraper
ferrari_1976_400_automatic,400 Automatic,1976,,1976,Grand Touring,unknown,,,,unreviewed,not_in_manual_file,,,Front-engined V12 2+2 GT,Four-seat grand tourer,V12 GT 2+2,,V12,combustion,front,2+2,grand tourer,400 GT,1976,derivative,,,,,,,400 GT,1976,high,TRUE,,ferrari_past_models.csv,curated Ferrari.com evidence + repository description,V12,4823,340,,240,front,longitudinal,60,8.8,81,78,1700,2700,4810,1796,1310,https://cdn.ferrari.com/cms/network/media/img/resize/5dd3f4b82cdb32285a78176c-ferrari-400-automatic-1976-thumb?width=1600&height=1080,https://www.ferrari.com/en-EN/auto/400-automatic,Ferrari 400 automatic: The 400 series replaced the 365 GT4 2+2 model at the 1976 Paris Salon,ferrari_past_models_scraper
ferrari_1976_400_gt,400 GT,1976,1979,1976,Grand Touring,discontinued,Legacy manual curation,,manual_seed,low,pending_source_review,Migrated from the initial enrichment script,,Front-engined V12 2+2 GT,Four-seat grand tourer,V12 GT 2+2,5,V12,combustion,front,2+2,grand tourer,365 GT4 2+2,1972,evolution,400 GTi,1979,evolution,TRUE,,,,,high,TRUE,,ferrari_production_periods.csv,curated Ferrari.com evidence + repository description,V12,4823,340,,245,front,longitudinal,60,8.8,81,78,1700,2700,4810,1796,1310,https://cdn.ferrari.com/cms/network/media/img/resize/5dd402700cf6995f44de917a-ferrari-400-gt-1976-thumb?width=1600&height=1080,https://www.ferrari.com/en-EN/auto/400-gt,"Basically a more powerful version of the famous 365 GT4 2+2 reaching 4.8 litres, the Ferrari 400 GT brought the development of the high performance, big displacement front-engined 2+2 coupé to new levels.",ferrari_past_models_scraper
ferrari_1976_512_bb,512 BB,1976,1981,1976,Grand Touring,discontinued,Wikipedia - Ferrari Berlinetta Boxer,https://en.wikipedia.org/wiki/Ferrari_Berlinetta_Boxer,wikipedia,medium,reviewed,Production range reported for the carbureted 512 BB,2026-07-27,Mid-engined 12-cylinder supercar,Berlinetta Boxer / Testarossa,Boxer / Testarossa,2,V12,combustion,mid,2,supercar,365 GT4 BB,1971,evolution,512 BBi,1981,evolution,TRUE,,,,,high,FALSE,,ferrari_production_periods.csv,curated Ferrari.com evidence + repository description,V12,4943,360,6800,302,rear,longitudinal,180,9.2,82,78,1400,2500,4400,1830,1120,https://cdn.ferrari.com/cms/network/media/img/resize/5dd412db2cdb32285a781e9c-ferrari-512-bb-1976-thumb?width=1600&height=1080,https://www.ferrari.com/en-EN/auto/512-bb,"At its debut at the Paris Show in 1976, the Ferrari 512 BB was equipped with a 5-litre version of the 12-cylinder boxer.",ferrari_past_models_scraper
ferrari_1977_308_gts,308 GTS,1977,1980,1977,Grand Touring,discontinued,Wikipedia - Ferrari 308 GTB/GTS,https://en.wikipedia.org/wiki/Ferrari_308_GTB/GTS,wikipedia,medium,reviewed,Carbureted GTS production before the GTSi replacement,2026-07-27,Mid-engined sports car,Spider / targa,Mid-engined V8 sports cars,,V8,combustion,mid,2,sports car,308 GTB,1975,derivative,,,,,,,308 GTB,1975,high,FALSE,,ferrari_production_periods.csv,curated Ferrari.com evidence + repository description,V8,2927,256,7700,252,rear,transverse,90,8.8,81,71,1090,2340,4230,1720,1120,https://cdn.ferrari.com/cms/network/media/img/resize/5dd50103f8fc7b0aa906b423-ferrari-308-gts-1977-thumb?width=1600&height=1080,https://www.ferrari.com/en-EN/auto/308-gts,The Ferrari 308 GTS was developed in collaboration with Pininfarina in 1977 to help make that dream come true.,ferrari_past_models_scraper
ferrari_1978_512_bb_lm,512 BB LM,1978,,1978,Sports Prototype,unknown,,,,unreviewed,not_in_manual_file,,,Competition derivatives,Competition GT,Competition GT,,V12,combustion,mid,race-specific,competition,512 BB,1976,derivative,,,,,,,512 BB,1976,high,TRUE,,ferrari_past_models.csv,curated Ferrari.com evidence + repository description,V12,4943,470,7250,320,rear,longitudinal,,10.3,82,78,1050,2500,4895,1830,1120,https://cdn.ferrari.com/cms/network/media/img/resize/5dd502762cdb32285a784ba7-ferrari-512-bb-lm-1978-thumb?width=1600&height=1080,https://www.ferrari.com/en-EN/auto/512-bb-lm,The Ferrari 512 BB LM was also considered to have racing potential,ferrari_past_models_scraper
ferrari_1979_400_automatic_i,400 Automatic i,1979,,1979,Grand Touring,unknown,,,,unreviewed,not_in_manual_file,,,Front-engined V12 2+2 GT,Four-seat grand tourer,V12 GT 2+2,,V12,combustion,front,2+2,grand tourer,400 GTi,1979,derivative,,,,,,,400 GTi,1979,high,TRUE,,ferrari_past_models.csv,curated Ferrari.com evidence + repository description,V12,4823,310,6500,240,front,longitudinal,60,8.8,81,78,1830,2700,4810,1798,1314,https://cdn.ferrari.com/cms/network/media/img/resize/5dd504380cf6995f44de91b2-ferrari-400-automatic-i-1979-thumb?width=1600&height=1080,https://www.ferrari.com/en-EN/auto/400-automatic-i,The Ferrari 400 Automatic i succeeded the 400 Automatic in November 1979,ferrari_past_models_scraper
ferrari_1979_400_gti,400 GTi,1979,1985,1979,Grand Touring,discontinued,Legacy manual curation,,manual_seed,low,pending_source_review,Migrated from the initial enrichment script,,Front-engined V12 2+2 GT,Four-seat grand tourer,V12 GT 2+2,6,V12,combustion,front,2+2,grand tourer,400 GT,1976,evolution,412,1985,evolution,TRUE,,,,,high,TRUE,,ferrari_production_periods.csv,curated Ferrari.com evidence + repository description,V12,4823,310,6500,245,front,longitudinal,60,8.8,81,78,1830,2700,4810,1798,1314,https://cdn.ferrari.com/cms/network/media/img/resize/5dd511ba84077c3b243274ea-ferrari-400-gti-1979-thumb?width=1600&height=1080,https://www.ferrari.com/en-EN/auto/400-gti,"Ferrari 400 GTi: The glorious V12, complete with new Bosch K-Jetronic fuel injection to comply with US exhaust emission standards, demonstrated generous powerful and enviable torque.",ferrari_past_models_scraper
ferrari_1980_mondial_8,Mondial 8,1980,1982,1980,Grand Touring,discontinued,Legacy manual curation,,manual_seed,low,pending_source_review,Migrated from the initial enrichment script,,Mid-engined 2+2 GT,Dino GT4 / Mondial,Mid-engined V8 2+2,2,V8,combustion,mid,2+2,grand tourer,Dino 308 GT4,1973,direct,Mondial Quattrovalvole,1982,evolution,TRUE,,,,,high,TRUE,,ferrari_production_periods.csv,curated Ferrari.com evidence + repository description,V8,2927,213,6600,230,rear,transverse,90,8.8,81,71,1445,2650,4580,1790,1250,https://cdn.ferrari.com/cms/network/media/img/resize/5de0f14684077c3b2434e088-ferrari-mondial-8-1980-thumb?width=1600&height=1080,https://www.ferrari.com/en-EN/auto/mondial-8,"Unveiled to the waiting world at the 1980 Geneva Salon, the new Ferrari Mondial 8 was very much the successor to the 308 GT4, and the styling marked the return of this high-performance, mid-engined, V8-powered 2+2 coupé to the Pininfarina fold.",ferrari_past_models_scraper
ferrari_1980_208_gtb,208 GTB,1980,1981,1980,Grand Touring,discontinued,Wikipedia - Ferrari 308 GTB/GTS,https://en.wikipedia.org/wiki/Ferrari_308_GTB/GTS,wikipedia,medium,reviewed,Source reports 208 GTB production in 1980 and 1981,2026-07-27,Mid-engined sports car,Berlinetta,,,V8,combustion,mid,2,sports car,,,,,,,,,,,,high,FALSE,,ferrari_production_periods.csv,rules based on repository data,V8,1991,155,6800,215,rear,transverse,90,9,67,71,1232,2340,4230,1720,1120,https://cdn.ferrari.com/cms/network/media/img/resize/5de0fc86f8fc7b0aa90925cf-ferrari-208-gtb-1980-thumb?width=1600&height=1080,https://www.ferrari.com/en-EN/auto/208-gtb,"Ferrari 208 GTB: By no means new to the production of smaller displacement, high output, multi-fractioned engines; on the heels of the 1975 208 GT4 Ferrari introduced the smallest displacement version of the 308 GTB – the 208 GTB and GTS – in 1980.",ferrari_past_models_scraper
ferrari_1980_208_gts,208 GTS,1980,1981,1980,Grand Touring,discontinued,Wikipedia - Ferrari 308 GTB/GTS,https://en.wikipedia.org/wiki/Ferrari_308_GTB/GTS,wikipedia,medium,reviewed,Source reports 208 GTS production in 1980 and 1981,2026-07-27,Mid-engined sports car,Spider / targa,,,V8,combustion,mid,2,sports car,,,,,,,,,,,,high,FALSE,,ferrari_production_periods.csv,rules based on repository data,V8,1991,155,6800,215,rear,transverse,90,9,67,71,1254,2340,4230,1720,1120,https://cdn.ferrari.com/cms/network/media/img/resize/5de106c32cdb32285a7ac0d6-ferrari-208-gts-1980-thumb?width=1600&height=1080,https://www.ferrari.com/en-EN/auto/208-gts,"Ferrari 208 GTS: By no means new to the production of smaller displacement, high output, multi-fractioned engines; on the heels of the 1975 208 GT4 Ferrari introduced the smallest displacement version of the 308 GTB – the 208 GTB and GTS – in 1980.",ferrari_past_models_scraper
ferrari_1980_308_gtbi,308 GTBi,1980,1982,1980,Grand Touring,discontinued,Wikipedia - Ferrari 308 GTB/GTS,https://en.wikipedia.org/wiki/Ferrari_308_GTB/GTS,wikipedia,medium,reviewed,Fuel-injected model replaced by the Quattrovalvole in 1982,2026-07-27,Mid-engined sports car,Berlinetta,Mid-engined V8 sports cars,,V8,combustion,mid,2,sports car,308 GTB,1975,derivative,,,,,,,308 GTB,1975,high,FALSE,,ferrari_production_periods.csv,curated Ferrari.com evidence + repository description,V8,2927,213,6600,240,rear,transverse,90,8.8,81,71,1286,2340,4230,1720,1120,https://cdn.ferrari.com/cms/network/media/img/resize/5de13ceb84077c3b2434f333-ferrari-308-gtbi-1980-thumb?width=1600&height=1080,https://www.ferrari.com/en-EN/auto/308-gtbi,"Ferrari 308 GTBi: The most important changes, however, were made to the engine. In fact, in competition, fuel injection systems had replaced the traditional stacks of carburettors and, as transferring racing experience to production cars has always been part of the Ferrari mission, adopting fuel injection systems was in line with this, helping indirectly to comply with new exhaust emission norms.",ferrari_past_models_scraper
ferrari_1980_308_gtsi,308 GTSi,1980,1982,1980,Grand Touring,discontinued,Wikipedia - Ferrari 308 GTB/GTS,https://en.wikipedia.org/wiki/Ferrari_308_GTB/GTS,wikipedia,medium,reviewed,Fuel-injected model replaced by the Quattrovalvole in 1982,2026-07-27,Mid-engined sports car,Spider / targa,Mid-engined V8 sports cars,,V8,combustion,mid,2,sports car,308 GTS,1977,derivative,,,,,,,308 GTS,1977,high,FALSE,,ferrari_production_periods.csv,curated Ferrari.com evidence + repository description,V8,2927,213,6600,240,rear,transverse,90,8.8,81,71,1297,2340,4230,1720,1120,https://cdn.ferrari.com/cms/network/media/img/resize/5de4d445b6285a70bc7c6a06-ferrari-308-gts1-1980-thumb?width=1600&height=1080,https://www.ferrari.com/en-EN/auto/308-gtsi,Ferrari 308 GTSi: This spider version of the 308 GTBi shared both its line and engine. The fuel injection system gave both models much smoother power delivery.,ferrari_past_models_scraper
ferrari_1981_512_bbi,512 BBi,1981,1984,1981,Grand Touring,discontinued,Wikipedia - Ferrari Berlinetta Boxer,https://en.wikipedia.org/wiki/Ferrari_Berlinetta_Boxer,wikipedia,medium,reviewed,Production range reported for the fuel-injected 512 BBi,2026-07-27,Mid-engined 12-cylinder supercar,Berlinetta Boxer / Testarossa,Boxer / Testarossa,3,V12,combustion,mid,2,supercar,512 BB,1976,evolution,Testarossa,1984,direct,TRUE,,,,,high,FALSE,,ferrari_production_periods.csv,curated Ferrari.com evidence + repository description,V12,4943,340,,280,rear,longitudinal,,9.2,82,78,1499,2500,4400,1830,1120,https://cdn.ferrari.com/cms/network/media/img/resize/5de4e39c7953932d566a5d40-ferrari-512-bb1-1981-thumb?width=1600&height=1080,https://www.ferrari.com/en-EN/auto/512-bbi,"Ferrari 512 BBi: Bosch K-Jetronic mechanical fuel injection on the 512 BBi replaced the outgoing model’s four, triple-choke Weber 40 IF 3C carburettors. Otherwise mechanically identical, the flat-12 featured lower maximum revs (6,600 rpm compared to the 512 BB’s 6,800 rpm) and the engine developed 20 bhp less, although top speed remained within a whisker of the 512 BB’s 283 km/h.",ferrari_past_models_scraper
ferrari_1982_mondial_quattrovalvole,Mondial Quattrovalvole,1982,1985,1982,Grand Touring,discontinued,Legacy manual curation,,manual_seed,low,pending_source_review,Migrated from the initial enrichment script,,Mid-engined 2+2 GT,Dino GT4 / Mondial,Mid-engined V8 2+2,3,V8,combustion,mid,2+2,grand tourer,Mondial 8,1980,evolution,3.2 Mondial,1985,evolution,TRUE,,,,,high,TRUE,,ferrari_production_periods.csv,curated Ferrari.com evidence + repository description,V8,2927,239,7000,240,rear,transverse,90,9.2,81,71,1430,2650,4580,1790,1260,https://cdn.ferrari.com/cms/network/media/img/resize/5de4f79c7953932d566a6283-ferrari-mondial-quattrovalvole-1982-thumb?width=1600&height=1080,https://www.ferrari.com/en-EN/auto/mondial-quattrovalvole,"Ferrari Mondial Quattrovalvole: While all manufacturers (including Ferrari on its smaller capacity V8s) were pursuing the turbo route to increase power and performance (at the cost of higher fuel consumption and more costly mechanics), for this more mainstream sports car Ferrari’s engineers decided to opt for the 4-valve per cylinder engine.",ferrari_past_models_scraper
ferrari_1982_208_gtb_turbo,208 GTB Turbo,1982,1985,1982,Grand Touring,discontinued,Wikipedia - Ferrari 308 GTB/GTS,https://en.wikipedia.org/wiki/Ferrari_308_GTB/GTS,wikipedia,medium,reviewed,Turbo GTB production ended in 1985,2026-07-27,Mid-engined sports car,Berlinetta,,,V8,combustion,mid,2,sports car,,,,,,,,,,,,high,FALSE,,ferrari_production_periods.csv,rules based on repository data,V8,1991,220,7000,242,rear,transverse,90,7,67,71,1232,2340,4230,1720,1120,https://cdn.ferrari.com/cms/network/media/img/resize/5de4edd291756c07f10a8593-ferrari-208-gtb-turbo-1982-thumb?width=1600&height=1080,https://www.ferrari.com/en-EN/auto/208-gtb-turbo,"Turbo-charging had taken a strong foothold in Formula 1 racing and the experience gained on the tracks soon made the leap to production with the Ferrari 208 GTB Turbo, unveiled at the 1982 Turin Motor Show.",ferrari_past_models_scraper
ferrari_1982_308_gtb_quattrovalvole,308 GTB Quattrovalvole,1982,1985,1982,Grand Touring,discontinued,Wikipedia - Ferrari 308 GTB/GTS,https://en.wikipedia.org/wiki/Ferrari_308_GTB/GTS,wikipedia,medium,reviewed,Quattrovalvole production range reported as 1982 to 1985,2026-07-27,Mid-engined sports car,Berlinetta,Mid-engined V8 sports cars,,V8,combustion,mid,2,sports car,308 GTB,1975,derivative,,,,,,,308 GTB,1975,high,FALSE,,ferrari_production_periods.csv,curated Ferrari.com evidence + repository description,V8,2927,239,7000,255,rear,transverse,90,9.2,81,71,1275,2340,4230,1720,1120,https://cdn.ferrari.com/cms/network/media/img/resize/5de515967953932d566a699d-ferrari-308gtbquattrovalvole-thumb?width=1600&height=1080,https://www.ferrari.com/en-EN/auto/308-gtb-quattrovalvole,Ferrari 308 GTB Quattrovalvole: Research to remedy this situation was quickly undertaken and soon showed that four valves per cylinder offered the optimal solution. This innovation saw the engine make up its lost horsepower and the car regain position as the reference point in its category.,ferrari_past_models_scraper
ferrari_1982_308_gts_quattrovalvole,308 GTS Quattrovalvole,1982,1985,1982,Grand Touring,discontinued,Wikipedia - Ferrari 308 GTB/GTS,https://en.wikipedia.org/wiki/Ferrari_308_GTB/GTS,wikipedia,medium,reviewed,Quattrovalvole production range reported as 1982 to 1985,2026-07-27,Mid-engined sports car,Spider / targa,Mid-engined V8 sports cars,,V8,combustion,mid,2,sports car,308 GTS,1977,derivative,,,,,,,308 GTS,1977,high,FALSE,,ferrari_production_periods.csv,curated Ferrari.com evidence + repository description,V8,2927,239,7000,255,rear,transverse,90,9.2,81,71,1286,2340,4230,1720,1120,https://cdn.ferrari.com/cms/network/media/img/resize/5de52d27b6285a70bc7c7ff9-ferrari-308-gts-quattrovalvole-1982-thumb?width=1600&height=1080,https://www.ferrari.com/en-EN/auto/308-gts-quattrovalvole,"As with the preceding 308 GTB and 308 GTBi models there was a targa roof version available, which was called the Ferrari 308 GTS quattrovalvole. This version is easily identifiable by the removable black roof section and the satin black triangular shaped louvres covering the glass in the sail panels.",ferrari_past_models_scraper
ferrari_1983_mondial_cabriolet,Mondial Cabriolet,1983,,1983,Grand Touring,unknown,,,,unreviewed,not_in_manual_file,,,Mid-engined 2+2 GT,Dino GT4 / Mondial,Mid-engined V8 2+2,,V8,combustion,mid,2+2,grand tourer,Mondial Quattrovalvole,1982,derivative,,,,,,,Mondial Quattrovalvole,1982,high,TRUE,,ferrari_past_models.csv,curated Ferrari.com evidence + repository description,V8,2927,,5000,240,rear,transverse,90,9.2,81,71,1430,2650,4580,1790,1260,https://cdn.ferrari.com/cms/network/media/img/resize/5de6240b7953932d566aa0aa-ferrari-mondial-cabriolet-1983-thumb?width=1600&height=1080,https://www.ferrari.com/en-EN/auto/mondial-cabriolet,"Ferrari Mondial Cabriolet: By a bit of canny engineering, Pininfarina managed to give the canvas top the same line as the coupé. In fact, it extended rearwards to include the two buttresses either side of the rear window, and Pininfarina’s clever mechanism allowed the hood to fold away neatly behind the seats.",ferrari_past_models_scraper
ferrari_1983_208_gts_turbo,208 GTS Turbo,1983,1985,1983,Grand Touring,discontinued,Wikipedia - Ferrari 308 GTB/GTS,https://en.wikipedia.org/wiki/Ferrari_308_GTB/GTS,wikipedia,medium,reviewed,GTS Turbo introduced in 1983 and production ended in 1985,2026-07-27,Mid-engined sports car,Spider / targa,,,V8,combustion,mid,2,sports car,,,,,,,,,,,,high,FALSE,,ferrari_production_periods.csv,rules based on repository data,V8,1991,220,7000,242,rear,transverse,90,7,67,71,1243,2340,4230,1720,1120,https://cdn.ferrari.com/cms/network/media/img/resize/5de5218591756c07f10a921a-ferrari-208-gts-turbo-thumb?width=1600&height=1080,https://www.ferrari.com/en-EN/auto/208-gts-turbo,"Ferrari 208 GTS Turbo: Turbocharging had taken a strong foothold in Formula 1 racing and the experience gained on the tracks soon made the leap to production with the 208 GTB Turbo, unveiled at the 1982 Turin Motor Show.",ferrari_past_models_scraper
ferrari_1984_gto,GTO,1984,1986,1984,Grand Touring,discontinued,Legacy manual curation,,manual_seed,low,pending_source_review,Migrated from the initial enrichment script,,Limited-series halo,Big Five / halo,Ferrari halo lineage,1,V8,combustion,mid,2,halo,,,,F40,1987,spiritual_successor,TRUE,,,,,high,TRUE,,ferrari_production_periods.csv,curated Ferrari.com evidence + repository description,V8,2855,400,7000,305,rear,longitudinal,90,7.6,80,71,1160,2450,4290,1910,1120,https://cdn.ferrari.com/cms/network/media/img/resize/5de62eb9b6285a70bc7cb36e-ferrari-gto-1984-thumb?width=1600&height=1080,https://www.ferrari.com/en-EN/auto/gto,"The legendary name, the stunning styling by Pininfarina, the engine with its seemingly inexhaustible power (2.8 litres and 8 cylinders) and the widespread use of composite materials, made the Ferrari GTO the closest thing to a racing car.",ferrari_past_models_scraper
ferrari_1984_testarossa,Testarossa,1984,1991,1984,Grand Touring,discontinued,Wikipedia - Ferrari Testarossa,https://en.wikipedia.org/wiki/Ferrari_Testarossa,wikipedia,medium,reviewed,Production range reported for the original Testarossa,2026-07-27,Mid-engined 12-cylinder supercar,Berlinetta Boxer / Testarossa,Boxer / Testarossa,4,V12,combustion,mid,2,supercar,512 BBi,1981,direct,512 TR,1991,evolution,TRUE,,,,,high,FALSE,,ferrari_production_periods.csv,curated Ferrari.com evidence + repository description,V12,4943,390,6300,290,rear,longitudinal,,9.3,82,78,1506,2550,4485,1976,1130,https://cdn.ferrari.com/cms/network/media/img/resize/5de63da6b6285a70bc7cb70e-ferrari-testarossa-1984-thumb?width=1600&height=1080,https://www.ferrari.com/en-EN/auto/testarossa,The Paris Motor Show in October 1984 saw the return of the glorious Ferrari Testarossa as heir to the 512 BBi. Pininfarina’s design broke somewhat with tradition and was striking and innovative.,ferrari_past_models_scraper
ferrari_1985_412,412,1985,1989,1985,Grand Touring,discontinued,Legacy manual curation,,manual_seed,low,pending_source_review,Migrated from the initial enrichment script,,Front-engined V12 2+2 GT,Four-seat grand tourer,V12 GT 2+2,7,V12,combustion,front,2+2,grand tourer,400 GTi,1979,evolution,456 GT,1992,direct,TRUE,,,,,high,TRUE,,ferrari_production_periods.csv,curated Ferrari.com evidence + repository description,V12,4943,340,6000,250,front,longitudinal,60,9.6,82,78,1810,2700,4810,1798,1314,https://cdn.ferrari.com/cms/network/media/img/resize/5de66046520ff40ac7218d4d-ferrari-412-1985-thumb?width=1600&height=1080,https://www.ferrari.com/en-EN/auto/412,"The Ferrari 412 replaced the 400i and introduced a series of improvements, the most noticeable being the higher boot line, along with a deeper front spoiler to improve the car’s aerodynamics.",ferrari_past_models_scraper
ferrari_1985_3.2_mondial,3.2 Mondial,1985,1989,1985,Grand Touring,discontinued,Legacy manual curation,,manual_seed,low,pending_source_review,Migrated from the initial enrichment script,,Mid-engined 2+2 GT,Dino GT4 / Mondial,Mid-engined V8 2+2,4,V8,combustion,mid,2+2,grand tourer,Mondial Quattrovalvole,1982,evolution,Mondial T,1989,evolution,TRUE,,,,,high,TRUE,,ferrari_production_periods.csv,curated Ferrari.com evidence + repository description,V8,3186,271,7000,250,rear,transverse,90,9.8,83,74,1410,2650,4535,1795,1235,https://cdn.ferrari.com/cms/network/media/img/resize/5de681b1520ff40ac72195c7-ferrari-3-2-mondial-1985-thumb?width=1600&height=1080,https://www.ferrari.com/en-EN/auto/3.2-mondial,"Ferrari 3.2 Mondial: The new 3.2 version of the Mondial offered a more powerful and flexible V8 that significantly improved the car’s performance. New, more efficient and elegant light clusters, a more ergonomic interior and better fit and finish completed the profile of this 2+2. It was comfortable and spacious, and offered excellent visibility for a car in its category.",ferrari_past_models_scraper
ferrari_1985_3.2_mondial_cabriolet,3.2 Mondial Cabriolet,1985,,1985,Grand Touring,unknown,,,,unreviewed,not_in_manual_file,,,Mid-engined 2+2 GT,Dino GT4 / Mondial,Mid-engined V8 2+2,,V8,combustion,mid,2+2,grand tourer,3.2 Mondial,1985,derivative,,,,,,,3.2 Mondial,1985,high,TRUE,,ferrari_past_models.csv,curated Ferrari.com evidence + repository description,V8,3186,271,7000,250,rear,transverse,90,9.8,83,74,1400,2650,4535,1795,1265,https://cdn.ferrari.com/cms/network/media/img/resize/5de77496b6285a70bc7cf9fd-ferrari-3-2-mondial-cabriolet-thumb?width=1600&height=1080,https://www.ferrari.com/en-EN/auto/3.2-mondial-cabriolet,In 1985 the Ferrari Mondial 3.2 Cabriolet was equipped with the new 3.2-litre engine. This increase in power made it an even more exclusive car than before: no rival four-seater cabriolet of similar engine size could offer comparable performance.,ferrari_past_models_scraper
ferrari_1985_328_gtb,328 GTB,1985,1989,1985,Grand Touring,discontinued,Wikipedia - Ferrari 328,https://en.wikipedia.org/wiki/Ferrari_328,wikipedia,medium,reviewed,Production range reported for the 328 family,2026-07-27,Mid-engined sports car,Berlinetta,Mid-engined V8 sports cars,2,V8,combustion,mid,2,sports car,308 GTB,1975,evolution,348 TB,1989,direct,TRUE,,,,,high,FALSE,,ferrari_production_periods.csv,curated Ferrari.com evidence + repository description,V8,3186,271,7000,263,rear,transverse,90,9.8,83,74,1263,2350,4255,1730,1128,https://cdn.ferrari.com/cms/network/media/img/resize/5de668aa91756c07f10ad613-ferrrari-328-gtb-1985-thumb?width=1600&height=1080,https://www.ferrari.com/en-EN/auto/328-gtb,"The 308 series had won universal acclaim from both customers and critics, and its natural evolution continued with the Ferrari 328 GTB, a berlinetta fitted with the new 3.2-litre version of the V8.",ferrari_past_models_scraper
ferrari_1985_328_gts,328 GTS,1985,1989,1985,Grand Touring,discontinued,Wikipedia - Ferrari 328,https://en.wikipedia.org/wiki/Ferrari_328,wikipedia,medium,reviewed,Production range reported for the 328 family,2026-07-27,Mid-engined sports car,Spider / targa,Mid-engined V8 sports cars,,V8,combustion,mid,2,sports car,328 GTB,1985,derivative,,,,,,,328 GTB,1985,high,FALSE,,ferrari_production_periods.csv,curated Ferrari.com evidence + repository description,V8,3186,271,7000,263,rear,transverse,90,9.8,83,74,1273,2350,4255,1730,1128,https://cdn.ferrari.com/cms/network/media/img/resize/5de674c2b6285a70bc7cc432-ferrari-328-gts-1985-thumb?width=1600&height=1080,https://www.ferrari.com/en-EN/auto/328-gts,"Ferrari 328 GTS: Pininfarina paid particular attention to styling details that influenced the car’s CD and aerodynamic lift characteristics – with impressive results. Cabin ergonomics were improved and the shape of the seats revised to better suit the sporty driving style this type of car deserved. On all versions, low profile tyres and 16″ alloy wheels were available as an option.",ferrari_past_models_scraper
ferrari_1986_gtb_turbo,GTB Turbo,1986,,1986,Grand Touring,unknown,,,,unreviewed,not_in_manual_file,,,Mid-engined sports car,Berlinetta,,,V8,combustion,mid,2,sports car,,,,,,,,,,,,high,TRUE,,ferrari_past_models.csv,rules based on repository data,V8,1991,254,6500,253,rear,transverse,90,7.5,67,71,1265,2350,4255,1730,1128,https://cdn.ferrari.com/cms/network/media/img/resize/66e7f32401fb95001148df1b-ferrari-gtb-turbo-share-1986-new?width=1600&height=1080,https://www.ferrari.com/en-EN/auto/gtb-turbo,Ferrari GTB Turbo - 1986,ferrari_past_models_scraper
ferrari_1986_gts_turbo,GTS Turbo,1986,,1986,Grand Touring,unknown,,,,unreviewed,not_in_manual_file,,,Mid-engined sports car,Spider / targa,,,V8,combustion,mid,2,sports car,,,,,,,,,,,,high,TRUE,,ferrari_past_models.csv,rules based on repository data,V8,1991,254,6500,253,rear,transverse,90,7.5,67,71,1275,2350,4255,1730,1128,https://cdn.ferrari.com/cms/network/media/img/resize/5de7896f7953932d566aef6a-ferrari-gtsturbo-1986-thumb?width=1600&height=1080,https://www.ferrari.com/en-EN/auto/gts-turbo,Ferrari GTS Turbo: The convertible version of the GTB Turbo was fitted with the same engine and offered similar out-and-out performance. The body styling and cabin were the same as the 328 series and included all the latest aerodynamic and ergonomic improvements added by Pininfarina.,ferrari_past_models_scraper
ferrari_1987_f40,F40,1987,1992,1987,Grand Touring,discontinued,Legacy manual curation,,manual_seed,low,pending_source_review,Migrated from the initial enrichment script,,Limited-series halo,Big Five / halo,Ferrari halo lineage,2,V8,combustion,mid,2,halo,GTO,1984,spiritual_successor,F50,1995,spiritual_successor,TRUE,,,,,high,TRUE,,ferrari_production_periods.csv,curated Ferrari.com evidence + repository description,V8,2936,478,7000,324,rear,longitudinal,90,7.7,82,70,1100,2450,4358,1970,1124,https://cdn.ferrari.com/cms/network/media/img/resize/5de7925e520ff40ac721d0dc-ferrari-f40-1987-thumb?width=1600&height=1080,https://www.ferrari.com/en-EN/auto/f40,"The Ferrari F40 was built to celebrate Ferrari’s 40th anniversary. A very fast berlinetta designed by Pininfarina, it was built mainly from composites. Its sophisticated high-performance, turbo-charged running gear combined with a first class chassis gave it the kind of great dynamic prowess that was close to that of a racing car.",ferrari_past_models_scraper
ferrari_1987_408_4rm,408 4RM,1987,,1987,Sports Prototype,unknown,,,,unreviewed,not_in_manual_file,,,Sports-racing prototypes,Mid-engined sports prototype,,,V8,combustion,mid,race-specific,competition,,,,,,,,,,,,high,TRUE,,ferrari_past_models.csv,rules based on repository data,V8,4000,300,6250,,rear,longitudinal,90,9.8,93,74,1343,2550,4220,1885,1200,https://cdn.ferrari.com/cms/network/media/img/resize/5de7bb94b6285a70bc7d0c67-ferrari-408-4rm-1987-intro-thumb?width=1600&height=1080,https://www.ferrari.com/en-EN/auto/408-4rm,"Ferrari 408 4RM: Just two prototypes of this model were built. The first, a red car, was completed June 1987 and sported chassis no. 70183, while the second, chassis no 78610, was yellow and is now exhibited in the Galleria Ferrari in Maranello.",ferrari_past_models_scraper
ferrari_1989_f40_competizione,F40 Competizione,1989,,1989,Sports Prototype,unknown,,,,unreviewed,not_in_manual_file,,,Competition derivatives,Competition GT,Competition GT,,V8,combustion,mid,race-specific,competition,F40,1987,derivative,,,,,,,F40,1987,high,TRUE,,ferrari_past_models.csv,curated Ferrari.com evidence + repository description,V8,2936,700,,367,rear,longitudinal,90,7.7,82,70,1040,2450,4535,1980,1150,https://cdn.ferrari.com/cms/network/media/img/resize/5de67c0791756c07f10adb1a-ferrari-f40-competizione-1989-thumb?width=1600&height=1080,https://www.ferrari.com/en-EN/auto/f40-competizione,Ferrari F40 Competizione - Thumb,ferrari_past_models_scraper
ferrari_1989_mondial_t,Mondial T,1989,1993,1989,Grand Touring,discontinued,Legacy manual curation,,manual_seed,low,pending_source_review,Migrated from the initial enrichment script,,Mid-engined 2+2 GT,Dino GT4 / Mondial,Mid-engined V8 2+2,5,V8,combustion,mid,2+2,grand tourer,3.2 Mondial,1985,evolution,,,,,,,,,high,TRUE,,ferrari_production_periods.csv,curated Ferrari.com evidence + repository description,V8,3405,300,7200,255,rear,longitudinal,90,10.4,85,75,1426,2650,4535,1810,1235,https://cdn.ferrari.com/cms/network/media/img/resize/5de7bf807953932d566afd54-ferrari-mondial-t-1989-thumb?width=1600&height=1080,https://www.ferrari.com/en-EN/auto/mondial-t,"The Ferrari Mondial T represented a further step forward in the evolution of this most singular Ferrari: a truly high-performance car with a mid-mounted engine and room for four. The letter ‘T’ was inspired by the F1 312 T single-seater, which had just won the Formula 1 World Championship and also used the longitudinal engine/transverse gearbox layout.",ferrari_past_models_scraper
ferrari_1989_mondial_t_cabriolet,Mondial T Cabriolet,1989,,1989,Grand Touring,unknown,,,,unreviewed,not_in_manual_file,,,Mid-engined 2+2 GT,Dino GT4 / Mondial,Mid-engined V8 2+2,,V8,combustion,mid,2+2,grand tourer,Mondial T,1989,derivative,,,,,,,Mondial T,1989,high,TRUE,,ferrari_past_models.csv,curated Ferrari.com evidence + repository description,V8,3405,300,7200,255,rear,longitudinal,90,10.4,85,75,1468,2650,4535,1810,1235,https://cdn.ferrari.com/cms/network/media/img/resize/5de7cd74b6285a70bc7d11bd-ferrari-mondial-t-1989-thumb?width=1600&height=1080,https://www.ferrari.com/en-EN/auto/mondial-t-cabriolet,"Ferrari Mondial T Cabriolet: The new drive-train layout with longitudinal engine and transverse gearbox, first used on the 348 TB and TS, was also fitted into the Cabriolet version of the Mondial. This new solution increased the space available in the cabin in all versions, and the cabin was also completely redesigned to improve ergonomics and comfort.",ferrari_past_models_scraper
ferrari_1989_348_tb,348 TB,1989,1993,1989,Grand Touring,discontinued,Wikipedia - Ferrari 348,https://en.wikipedia.org/wiki/Ferrari_348,wikipedia,medium,reviewed,Original tb variant replaced by the revised GTB in 1993,2026-07-27,Mid-engined sports car,Berlinetta,Mid-engined V8 sports cars,3,V8,combustion,mid,2,sports car,328 GTB,1985,direct,F355 Berlinetta,1994,evolution,TRUE,,,,,high,FALSE,,ferrari_production_periods.csv,curated Ferrari.com evidence + repository description,V8,3405,300,7200,275,rear,longitudinal,90,10.4,85,75,1393,2450,4230,1894,1170,https://cdn.ferrari.com/cms/network/media/img/resize/5de7dc547953932d566b05d3-ferrari-348-tb-1989-thumb?width=1600&height=1080,https://www.ferrari.com/en-EN/auto/348-tb,"Heir to the 328 GTB, the Ferrari 348 TB was actually a completely new car, which offered a new interpretation of the two-seater mid-engined V8 berlinetta. The body combined styling cues from the Testarossa – along the flanks – with ones from classic models of the past (such as the front-end treatment, reminiscent of the 375 MM).",ferrari_past_models_scraper
ferrari_1989_348_ts,348 TS,1989,1993,1989,Grand Touring,discontinued,Wikipedia - Ferrari 348,https://en.wikipedia.org/wiki/Ferrari_348,wikipedia,medium,reviewed,Original ts variant replaced by the revised GTS in 1993,2026-07-27,Mid-engined sports car,Berlinetta,Mid-engined V8 sports cars,,V8,combustion,mid,2,sports car,348 TB,1989,derivative,,,,,,,348 TB,1989,high,FALSE,,ferrari_production_periods.csv,curated Ferrari.com evidence + repository description,V8,3405,300,,275,rear,longitudinal,90,10.4,85,75,1393,2450,4230,1894,1170,https://cdn.ferrari.com/cms/network/media/img/resize/5de6835db6285a70bc7cc7aa-ferrari-348-ts-1989-thumb?width=1600&height=1080,https://www.ferrari.com/en-EN/auto/348-ts,"The convertible version of the Ferrari 348 TS, with a removable hard top, was powered by the same drive-train",ferrari_past_models_scraper
ferrari_1992_456_gt,456 GT,1992,1998,1992,Grand Touring,discontinued,Legacy manual curation,,manual_seed,low,pending_source_review,Migrated from the initial enrichment script,,Front-engined V12 2+2 GT,Four-seat grand tourer,V12 GT 2+2,8,V12,combustion,front,2+2,grand tourer,412,1985,direct,456M GT,1998,evolution,TRUE,,,,,high,TRUE,,ferrari_production_periods.csv,curated Ferrari.com evidence + repository description,V12,5474,442,6250,300,front,longitudinal,65,10.6,88,75,1690,2600,4730,1920,1300,https://cdn.ferrari.com/cms/network/media/img/resize/5dd518b184077c3b2432765b-ferrari-456-gt-1992-thumb?width=1600&height=1080,https://www.ferrari.com/en-EN/auto/456-gt,The Ferrari 456 GT took the luxury 2+2 coupé theme to new heights,ferrari_past_models_scraper
ferrari_1991_512_tr,512 TR,1992,1994,1991,Grand Touring,discontinued,Wikipedia - Ferrari Testarossa,https://en.wikipedia.org/wiki/Ferrari_Testarossa,wikipedia,medium,reviewed,Introduced in 1991; production range is reported from 1992 to 1994,2026-07-27,Mid-engined 12-cylinder supercar,Berlinetta Boxer / Testarossa,Boxer / Testarossa,5,V12,combustion,mid,2,supercar,Testarossa,1984,evolution,F512 M,1994,evolution,TRUE,,,,,high,FALSE,,ferrari_production_periods.csv,curated Ferrari.com evidence + repository description,V12,4943,428,6750,314,rear,longitudinal,,10,82,78,1473,2550,4480,1976,1135,https://cdn.ferrari.com/cms/network/media/img/resize/5dd5104c2cdb32285a784ef8-ferrari-512tr-1991-thumb?width=1600&height=1080,https://www.ferrari.com/en-EN/auto/512-tr,Ferrari 512 TR: The interior was redesigned to increase comfort and ergonomics and the exterior facelift was designed to improve aerodynamics.,ferrari_past_models_scraper
ferrari_1993_348_challenge,348 Challenge,1993,1995,1993,Sports Prototype,discontinued,Ferrari 296 Challenge press kit,https://www.ferrari.com/content/dam/ferrari-fcom/old/pdf/Ferrari2029620Challenge_gbr.pdf,manufacturer_press_release,medium,reviewed,Ferrari lists the 348 Challenge as fielded from 1993 to 1995,2026-07-27,Competition derivatives,Ferrari Challenge,Ferrari Challenge,1,V8,combustion,mid,race-specific,competition,,,,F355 Challenge,1995,direct,TRUE,,,,,high,FALSE,,ferrari_production_periods.csv,curated Ferrari.com evidence + repository description,V8,3405,320,7200,,rear,longitudinal,90,10.8,85,75,1360,2450,4230,1894,1170,https://cdn.ferrari.com/cms/network/media/img/resize/5dd5282ef8fc7b0aa906bcfa-ferrari-348-gt-competizione-1993-thumb?width=1600&height=1080,https://www.ferrari.com/en-EN/auto/348-challenge,Ferrari 348 Challenge: The Ferrari Challenge debuted in 1993 and at that time included just an Italian and European series.,ferrari_past_models_scraper
ferrari_1993_348_gt_competizione,348 GT Competizione,1993,1994,1993,Sports Prototype,discontinued,Wikipedia - Ferrari 348,https://en.wikipedia.org/wiki/Ferrari_348,wikipedia,medium,reviewed,Limited competition-oriented variant produced across 1993 and 1994,2026-07-27,Competition derivatives,Competition GT,,,V8,combustion,mid,race-specific,competition,,,,,,,,,,,,high,FALSE,,ferrari_production_periods.csv,rules based on repository data,V8,3405,320,7200,,rear,longitudinal,90,10.8,85,75,1180,2450,4230,1894,1170,https://cdn.ferrari.com/cms/network/media/img/resize/6400967b96dffd0918d19304-ferrari-348-gt-competizione-1993-thumb-past?width=1600&height=1080,https://www.ferrari.com/en-EN/auto/348-gt-competizione,Ferrari 348 GT Competizione (1993),ferrari_past_models_scraper
ferrari_1993_348_gtb,348 GTB,1993,1995,1993,Grand Touring,discontinued,Wikipedia - Ferrari 348,https://en.wikipedia.org/wiki/Ferrari_348,wikipedia,medium,reviewed,Revised GTB variant ran through the end of 348 family production,2026-07-27,Mid-engined sports car,Berlinetta,,,V8,combustion,mid,2,sports car,,,,,,,,,,,,high,FALSE,,ferrari_production_periods.csv,rules based on repository data,V8,3405,320,7200,280,rear,longitudinal,90,10.8,85,75,1370,2450,4230,1894,1170,https://cdn.ferrari.com/cms/network/media/img/resize/5dd51df6f8fc7b0aa906bac3-ferrari-348-gtb-1993-thumb?width=1600&height=1080,https://www.ferrari.com/en-EN/auto/348-gtb,"Ferrari 348 GTB: Its styling was harmonious and aerodynamically efficient, and the mid-mounted V8 engine ensured perfect weight distribution and class-beating power.",ferrari_past_models_scraper
ferrari_1993_348_gts,348 GTS,1993,1995,1993,Grand Touring,discontinued,Wikipedia - Ferrari 348,https://en.wikipedia.org/wiki/Ferrari_348,wikipedia,medium,reviewed,Revised GTS variant ran through the end of 348 family production,2026-07-27,Mid-engined sports car,Spider / targa,,,V8,combustion,mid,2,sports car,,,,,,,,,,,,high,FALSE,,ferrari_production_periods.csv,rules based on repository data,V8,3405,320,7200,280,rear,longitudinal,90,10.8,85,75,1370,2450,4230,1894,1170,https://cdn.ferrari.com/cms/network/media/img/resize/5dd5230484077c3b243278b8-ferrari-348-gts-1993-thumb?width=1600&height=1080,https://www.ferrari.com/en-EN/auto/348-gts,This Ferrari 348 GTS two-seater convertible offered the same specifications as the 348 GTB,ferrari_past_models_scraper
ferrari_1993_348_spider,348 Spider,1993,1995,1993,Grand Touring,discontinued,Wikipedia - Ferrari 348,https://en.wikipedia.org/wiki/Ferrari_348,wikipedia,medium,reviewed,Spider variant ran through the end of 348 family production,2026-07-27,Mid-engined sports car,Spider / targa,Mid-engined V8 sports cars,,V8,combustion,mid,2,sports car,348 TB,1989,derivative,,,,,,,348 TB,1989,high,FALSE,,ferrari_production_periods.csv,curated Ferrari.com evidence + repository description,V8,3405,320,7200,280,rear,longitudinal,90,10.8,85,75,1370,2450,4230,1894,1170,https://cdn.ferrari.com/cms/network/media/img/resize/5dd5269684077c3b2432797e-ferrari-348-spider-1993-thumb?width=1600&height=1080,https://www.ferrari.com/en-EN/auto/348-spider,Ferrari 348 Spider: The spiders built by Ferrari have always been a perfect expression of their sporting heritage.,ferrari_past_models_scraper
ferrari_1994_f512_m,F512 M,1994,1996,1994,Grand Touring,discontinued,Wikipedia - Ferrari Testarossa,https://en.wikipedia.org/wiki/Ferrari_Testarossa,wikipedia,medium,reviewed,Production continued into early 1996,2026-07-27,Mid-engined 12-cylinder supercar,Berlinetta Boxer / Testarossa,Boxer / Testarossa,6,V12,combustion,mid,2,supercar,512 TR,1991,evolution,550 Maranello,1996,direct,TRUE,,,,,high,FALSE,,ferrari_production_periods.csv,curated Ferrari.com evidence + repository description,V12,4943,441,6750,315,rear,longitudinal,,10.4,82,78,1455,2550,4480,1976,1135,https://cdn.ferrari.com/cms/network/media/img/resize/5dd66e5df8fc7b0aa906fd24-ferrari-f512-m-1994-thumb?width=1600&height=1080,https://www.ferrari.com/en-EN/auto/f512-m,"In the autumn of 1994 the Ferrari F512 M, the new version of the 512, was presented",ferrari_past_models_scraper
ferrari_1994_f355_berlinetta,F355 Berlinetta,1994,1999,1994,Grand Touring,discontinued,Ferrari - F355 Berlinetta: The Best in the World,https://www.ferrari.com/en-EN/magazine/articles/f355-berlinetta-the-best-in-the-world,manufacturer_article,high,reviewed,Ferrari states it was unveiled in 1994 and sold through 1999,2026-07-27,Mid-engined sports car,Spider / targa,Mid-engined V8 sports cars,4,V8,combustion,mid,2,sports car,348 TB,1989,evolution,360 Modena,1999,direct,TRUE,,,,,high,FALSE,,ferrari_production_periods.csv,curated Ferrari.com evidence + repository description,V8,3496,379,8250,295,rear,longitudinal,90,11,85,77,1350,2450,4250,1900,1170,https://cdn.ferrari.com/cms/network/media/img/resize/5dd52a270cf6995f44de91e5-ferrari-f355-berlinetta-1994-thumb?width=1600&height=1080,https://www.ferrari.com/en-EN/auto/f355-berlinetta,"Unveiled at the 1994 Geneva Motor Show, the Ferrari F355 Berlinetta quickly became the benchmark in its class.",ferrari_past_models_scraper
ferrari_1994_f355_gts,F355 GTS,1994,1999,1994,Grand Touring,discontinued,Wikipedia - Ferrari F355,https://en.wikipedia.org/wiki/Ferrari_F355,wikipedia,medium,reviewed,Variant follows the F355 family production range,2026-07-27,Mid-engined sports car,Spider / targa,Mid-engined V8 sports cars,,V8,combustion,mid,2,sports car,F355 Berlinetta,1994,derivative,,,,,,,F355 Berlinetta,1994,high,FALSE,,ferrari_production_periods.csv,curated Ferrari.com evidence + repository description,V8,3496,379,8250,295,rear,longitudinal,90,11,85,77,1350,2450,4250,1900,1170,https://cdn.ferrari.com/cms/network/media/img/resize/5dd666a3f8fc7b0aa906fb5c-ferrari-f355-gts-1994-thumb?width=1600&height=1080,https://www.ferrari.com/en-EN/auto/f355-gts,"Along the lines of the earlier Targa top, this open version of the Ferrari F355 GTS had a hard top that could be stowed away behind the seats.",ferrari_past_models_scraper
ferrari_1994_f333_sp,333 SP,1994,,1994,Sports Prototype,unknown,,,,unreviewed,not_in_manual_file,,,Sports-racing prototypes,Mid-engined sports prototype,Top-class endurance prototypes,1,V12,combustion,mid,race-specific,competition,,,,499P,2023,spiritual_successor,TRUE,,,,,high,TRUE,,ferrari_past_models.csv,curated Ferrari.com evidence + repository description,V12,3997,650,11000,368,rear,longitudinal,65,13,85,59,860,2740,4569,2000,1025,https://cdn.ferrari.com/cms/network/media/img/resize/5dd67a172cdb32285a7897e7-ferrari-f333-sp-1994-thumb?width=1600&height=1080,https://www.ferrari.com/en-EN/auto/f333-sp,The F333 SP marked Ferrari’s return to the sports-prototype racing,ferrari_past_models_scraper
ferrari_1995_f355_challenge,F355 Challenge,1995,2001,1995,Sports Prototype,discontinued,Ferrari 296 Challenge press kit,https://www.ferrari.com/content/dam/ferrari-fcom/old/pdf/Ferrari2029620Challenge_gbr.pdf,manufacturer_press_release,medium,reviewed,Ferrari lists the F355 Challenge as fielded from 1995 to 2001,2026-07-27,Competition derivatives,Ferrari Challenge,Ferrari Challenge,2,V8,combustion,mid,race-specific,competition,348 Challenge,1993,direct,360 Challenge,2000,direct,TRUE,,,,,high,FALSE,,ferrari_production_periods.csv,curated Ferrari.com evidence + repository description,V8,3496,379,8250,,rear,longitudinal,90,11,85,77,1355,2450,4250,1900,1170,https://cdn.ferrari.com/cms/network/media/img/resize/5dd694a6f8fc7b0aa907067d-ferrari-f355-challenge-1995-thumb?width=1600&height=1080,https://www.ferrari.com/en-EN/auto/f355-challenge,The Ferrari F355 Challenge flanked the 348 Challenge in the Ferrari Challenge for the 1995 season.,ferrari_past_models_scraper
ferrari_1995_f50,F50,1995,1997,1995,Grand Touring,discontinued,Legacy manual curation,,manual_seed,low,pending_source_review,Migrated from the initial enrichment script,,Limited-series halo,Big Five / halo,Ferrari halo lineage,3,V12,combustion,mid,2,halo,F40,1987,spiritual_successor,Enzo Ferrari,2002,spiritual_successor,TRUE,,,,,high,TRUE,,ferrari_production_periods.csv,curated Ferrari.com evidence + repository description,V12,4698,519,8500,325,rear,longitudinal,65,11.3,85,69,1230,2580,4480,1986,1120,https://cdn.ferrari.com/cms/network/media/img/resize/5ddd32102cdb32285a79f29a-ferrari-f50-1995-thumb?width=1600&height=1080,https://www.ferrari.com/en-EN/auto/f50,Ferrari F50 - Created to celebrate Ferrari’s 50th anniversary,ferrari_past_models_scraper
ferrari_1995_f355_spider,F355 Spider,1995,1999,1995,Grand Touring,discontinued,Wikipedia - Ferrari F355,https://en.wikipedia.org/wiki/Ferrari_F355,wikipedia,medium,reviewed,Spider introduced in 1995 and follows the F355 family end year,2026-07-27,Mid-engined sports car,Spider / targa,Mid-engined V8 sports cars,,V8,combustion,mid,2,sports car,F355 Berlinetta,1994,derivative,,,,,,,F355 Berlinetta,1994,high,FALSE,,ferrari_production_periods.csv,curated Ferrari.com evidence + repository description,V8,3496,379,8250,295,rear,longitudinal,90,11,85,77,1350,2450,4250,1900,1170,https://cdn.ferrari.com/cms/network/media/img/resize/5dd695d70cf6995f44de9255-ferrari-f355-spider-1995-thumb?width=1600&height=1080,https://www.ferrari.com/en-EN/auto/f355-spider,Ferrari F355 Spider: Open sports cars are an integral part of Ferrari tradition,ferrari_past_models_scraper
ferrari_1996_f50_gt,F50 GT,1996,,1996,Sports Prototype,unknown,,,,unreviewed,not_in_manual_file,,,Competition derivatives,Competition GT,Competition GT,,V12,combustion,mid,race-specific,competition,F50,1995,derivative,,,,,,,F50,1995,high,TRUE,,ferrari_past_models.csv,curated Ferrari.com evidence + repository description,V12,4698,749,10500,376,rear,longitudinal,65,11.9,85,69,860,2580,4578,1986,1092,https://cdn.ferrari.com/cms/network/media/img/resize/5dd7e2e60cf6995f44de929e-ferrari-f50-gt-1996-thumb?width=1600&height=1080,https://www.ferrari.com/en-EN/auto/f50-gt,"Ferrari F50 GT: Aesthetically, the most notable changes with respect to the road car were an air intake on the roof, a different rear wing with central strut and a rear diffuser.",ferrari_past_models_scraper
ferrari_1996_456_gta,456 GTA,1996,,1996,Grand Touring,unknown,,,,unreviewed,not_in_manual_file,,,Front-engined V12 2+2 GT,Four-seat grand tourer,V12 GT 2+2,,V12,combustion,front,2+2,grand tourer,456 GT,1992,derivative,,,,,,,456 GT,1992,high,TRUE,,ferrari_past_models.csv,curated Ferrari.com evidence + repository description,V12,5474,442,6250,298,front,longitudinal,65,10.6,88,75,1770,2600,4730,1920,1300,https://cdn.ferrari.com/cms/network/media/img/resize/5dd69d800cf6995f44de9259-ferrari-456-gta-1996-thumb?width=1600&height=1080,https://www.ferrari.com/en-EN/auto/456-gta,Ferrari 456 GTA: This was the automatic version of the 456 GT.,ferrari_past_models_scraper
ferrari_1996_550_maranello,550 Maranello,1996,2001,1996,Grand Touring,discontinued,Australian vehicle register,https://www.rover.infrastructure.gov.au/PublishedApprovals/SEVDetails/?id=227ae509-2aea-ee11-a1fd-002248969682,government_registry,medium,reviewed,Registry reports build range July 1996 to March 2001 while Wikipedia reports through 2002,2026-07-27,Front-engined V12 two-seat GT,Berlinetta / coupe,Front-engined V12 two-seat GT,2,V12,combustion,front,2,grand tourer,365 GTB4,1968,spiritual_successor,575M Maranello,2002,evolution,TRUE,F512 M,direct,,,high,FALSE,"Direct commercial successor to the F512 M, but a spiritual successor to the 365 GTB4 through its return to a front-engined two-seat V12.",ferrari_production_periods.csv,curated Ferrari.com evidence + repository description,V12,5474,485,7000,320,front,longitudinal,65,10.8,88,75,1690,2500,4550,1935,1277,https://cdn.ferrari.com/cms/network/media/img/resize/5dd6afbe2cdb32285a78a3de-ferrari-550-maranello-1996-thumb?width=1600&height=1080,https://www.ferrari.com/en-EN/auto/550-maranello,"Launched to the press at the Nürburgring in 1996, the 550 Maranello was Ferrari's answer to those who believed the performance of a front-engined V12 car could not beat that of a mid-engined sports car. The successor to the F512M, the 550 Maranello proved quicker and, thanks to its better front-engined, rear drive packaging layout, far more practical.",ferrari_past_models_scraper
ferrari_1997_355_f1_berlinetta,355 F1 Berlinetta,1997,,1997,Grand Touring,unknown,,,,unreviewed,not_in_manual_file,,,Mid-engined sports car,Spider / targa,Mid-engined V8 sports cars,,V8,combustion,mid,2,sports car,F355 Berlinetta,1994,derivative,,,,,,,F355 Berlinetta,1994,high,TRUE,,ferrari_past_models.csv,curated Ferrari.com evidence + repository description,V8,3496,379,8250,295,rear,longitudinal,90,11,85,77,1350,2450,4250,1900,1170,https://cdn.ferrari.com/cms/network/media/img/resize/5dd7e3780cf6995f44de92a2-ferrari-355-f1-berlinetta-1997-thumb?width=1600&height=1080,https://www.ferrari.com/en-EN/auto/355-f1-berlinetta,Ferrari 355 F1 Berlinetta: This was the first ever road car to be equipped with the innovative F1-style gearbox management system,ferrari_past_models_scraper
ferrari_1997_355_f1_gts,355 F1 GTS,1997,,1997,Grand Touring,unknown,,,,unreviewed,not_in_manual_file,,,Mid-engined sports car,Spider / targa,,,V8,combustion,mid,2,sports car,,,,,,,,,,,,high,TRUE,,ferrari_past_models.csv,rules based on repository data,V8,3496,379,8250,295,rear,longitudinal,90,11,85,77,1350,2450,4250,1900,1170,https://cdn.ferrari.com/cms/network/media/img/resize/5dd803edf8fc7b0aa90752c0-ferrari-355-f1-gts-thumb?width=1600&height=1080,https://www.ferrari.com/en-EN/auto/355-f1-gts,"Ferrari 355 F1 GTS: This was the first ever road car to be equipped with the innovative F1-style gearbox management system, available on all three versions: berlinetta, GTS and spider.",ferrari_past_models_scraper
ferrari_1997_355_f1_spider,355 F1 Spider,1997,,1997,Grand Touring,unknown,,,,unreviewed,not_in_manual_file,,,Mid-engined sports car,Spider / targa,,,V8,combustion,mid,2,sports car,,,,,,,,,,,,high,TRUE,,ferrari_past_models.csv,rules based on repository data,V8,3496,379,8250,295,rear,longitudinal,90,11,85,77,1350,2450,4250,1900,1170,https://cdn.ferrari.com/cms/network/media/img/resize/5dde3c8a2cdb32285a7a25fc-ferrari-355-f1-spider-thumb?width=1600&height=1080,https://www.ferrari.com/en-EN/auto/355-f1-spider,"Ferrari 355 F1 Spider: This was the first ever road car to be equipped with the innovative F1-style gearbox management system, available on all three versions: berlinetta, GTS and spider.",ferrari_past_models_scraper
ferrari_1998_456m_gt,456M GT,1998,2003,1998,Grand Touring,discontinued,Legacy manual curation,,manual_seed,low,pending_source_review,Migrated from the initial enrichment script,,Front-engined V12 2+2 GT,Four-seat grand tourer,V12 GT 2+2,9,V12,combustion,front,2+2,grand tourer,456 GT,1992,evolution,612 Scaglietti,2004,direct,TRUE,,,,,high,TRUE,,ferrari_production_periods.csv,curated Ferrari.com evidence + repository description,V12,5474,442,6250,300,front,longitudinal,65,10.6,88,75,1690,2600,4763,1920,1300,https://cdn.ferrari.com/cms/network/media/img/resize/5dde48342cdb32285a7a288d-ferrari-456-gt-1998-thumb?width=1600&height=1080,https://www.ferrari.com/en-EN/auto/456m-gt,"The Ferrari 456M, in its GT and automatic gearbox GTA guises, is the evolution of Ferrari’s highly successful interpretation of its traditional 2+2 models.",ferrari_past_models_scraper
ferrari_1998_456m_gta,456M GTA,1998,,1998,Grand Touring,unknown,,,,unreviewed,not_in_manual_file,,,Front-engined V12 2+2 GT,Four-seat grand tourer,V12 GT 2+2,,V12,combustion,front,2+2,grand tourer,456M GT,1998,derivative,,,,,,,456M GT,1998,high,TRUE,,ferrari_past_models.csv,curated Ferrari.com evidence + repository description,V12,5474,442,6250,298,front,longitudinal,65,10.6,88,75,1690,2600,4763,1920,1300,https://cdn.ferrari.com/cms/network/media/img/resize/5dde8dc5f8fc7b0aa9089f86-ferrari-456-gta-1998-thumb?width=1600&height=1080,https://www.ferrari.com/en-EN/auto/456m-gta,"Ferrari 456M GTA: The 456M, in its GT and automatic gearbox GTA guises, is the evolution of Ferrari’s highly successful interpretation of its traditional 2+2 models.",ferrari_past_models_scraper
ferrari_1999_360_modena,360 Modena,1999,2004,1999,Grand Touring,discontinued,Wikipedia - Ferrari 360,https://en.wikipedia.org/wiki/Ferrari_360,wikipedia,medium,reviewed,Production rather than model-year range; replaced by the F430 in 2004,2026-07-27,Mid-engined sports car,Spider / targa,Mid-engined V8 sports cars,5,V8,combustion,mid,2,sports car,F355 Berlinetta,1994,direct,F430,2004,evolution,TRUE,,,,,high,FALSE,,ferrari_production_periods.csv,curated Ferrari.com evidence + repository description,V8,3586,400,8500,295,rear,longitudinal,90,11,85,79,1290,2600,4477,1922,1214,https://cdn.ferrari.com/cms/network/media/img/resize/5dde937184077c3b24345e1e-ferrari-360-modena-1999-thumb?width=1600&height=1080,https://www.ferrari.com/en-EN/auto/360-modena,The Ferrari 360 Modena is a clean-sheet design which anticipates trends for future Ferrari road cars. These include lower weight combined with greater chassis rigidity – seemingly contrasting objectives that have been achieved by employing innovative construction technology.,ferrari_past_models_scraper
ferrari_2000_360_challenge,360 Challenge,2000,2006,2000,Sports Prototype,discontinued,Wikipedia - Ferrari Challenge,https://en.wikipedia.org/wiki/Ferrari_Challenge,wikipedia,medium,reviewed,Years represent its lifecycle as the primary Ferrari Challenge car,2026-07-27,Competition derivatives,Ferrari Challenge,Ferrari Challenge,3,V8,combustion,mid,race-specific,competition,F355 Challenge,1995,direct,F430 Challenge,2006,direct,TRUE,,,,,high,FALSE,,ferrari_production_periods.csv,curated Ferrari.com evidence + repository description,V8,3586,400,,295,rear,longitudinal,90,11,85,79,1170,2600,4477,1992,1184,https://cdn.ferrari.com/cms/network/media/img/resize/5ddfd28a0cf6995f44de9432-ferrari-360-challenge-2000-thumb?width=1600&height=1080,https://www.ferrari.com/en-EN/auto/360-challenge,"Discover all the specifications of the Ferrari 360 Challenge, 2000: dimensions, wheel and tyres, suspension, and performance.",ferrari_past_models_scraper
ferrari_2000_550_barchetta_pininfarina,550 Barchetta Pininfarina,2000,2001,2000,Grand Touring,discontinued,Wikipedia - Ferrari 550,https://en.wikipedia.org/wiki/Ferrari_550,wikipedia,medium,reviewed,Introduced in 2000 with production examples associated with 2000 and 2001,2026-07-27,Front-engined V12 two-seat GT,Spider / cabriolet,Front-engined V12 two-seat GT,,V12,combustion,front,2,grand tourer,550 Maranello,1996,derivative,,,,,,,550 Maranello,1996,high,FALSE,,ferrari_production_periods.csv,curated Ferrari.com evidence + repository description,V12,5474,485,,300,front,longitudinal,65,10.8,88,75,1690,2500,4550,1935,1258,https://cdn.ferrari.com/cms/network/media/img/resize/5ddfdd7a2cdb32285a7a80bf-ferrari-550-barchetta-pininfarina-2000-thumb?width=1600&height=1080,https://www.ferrari.com/en-EN/auto/550-barchetta-pininfarina,The Ferrari 550 Barchetta Pininfarina was so named to commemorate the 70th anniversary of Ferrari’s coachbuilder and stylist.,ferrari_past_models_scraper
ferrari_2000_360_spider,360 spider,2000,2004,2000,Grand Touring,discontinued,Wikipedia - Ferrari 360,https://en.wikipedia.org/wiki/Ferrari_360,wikipedia,medium,reviewed,Spider variant follows the 360 family production period,2026-07-27,Mid-engined sports car,Spider / targa,Mid-engined V8 sports cars,,V8,combustion,mid,2,sports car,360 Modena,1999,derivative,,,,,,,360 Modena,1999,high,FALSE,,ferrari_production_periods.csv,curated Ferrari.com evidence + repository description,V8,3586,400,,290,rear,longitudinal,90,11,85,79,1350,2600,4477,1922,1235,https://cdn.ferrari.com/cms/network/media/img/resize/5ddff0352cdb32285a7a86dd-ferrari-360-spider-2000-thumb?width=1600&height=1080,https://www.ferrari.com/en-EN/auto/360-spider,The 360 Spider is Ferrari’s 20th road-going convertible and is a record breaker in two quite different ways.,ferrari_past_models_scraper
ferrari_2002_360_gt,360 GT,2002,2004,2002,Sports Prototype,discontinued,Wikipedia - Ferrari 360,https://en.wikipedia.org/wiki/Ferrari_360,wikipedia,medium,reviewed,Source explicitly reports customer-car production from 2002 to 2004,2026-07-27,Competition derivatives,Competition GT,Competition GT,,V8,combustion,mid,race-specific,competition,360 Modena,1999,derivative,,,,,,,360 Modena,1999,high,FALSE,,ferrari_production_periods.csv,curated Ferrari.com evidence + repository description,V8,3586,430,8500,,rear,longitudinal,90,11,85,79,1100,2600,4557,1985,1185,https://cdn.ferrari.com/cms/network/media/img/resize/5dc5952a3378a829c009c23c-ferrari-360-gt-thumb?width=1600&height=1080,https://www.ferrari.com/en-EN/auto/360-gt,"With the launch of the 360 Modena Challenge in 2000, the level of competitiveness of the Ferrari Challenge series took a huge step forward.",ferrari_past_models_scraper
ferrari_2002_575m_maranello,575M Maranello,2002,2006,2002,Grand Touring,discontinued,Wikipedia - Ferrari 575M Maranello,https://en.wikipedia.org/wiki/Ferrari_575M_Maranello,wikipedia,medium,reviewed,Production range reported as 2002 to 2006,2026-07-27,Front-engined V12 two-seat GT,Berlinetta / coupe,Front-engined V12 two-seat GT,3,V12,combustion,front,2,grand tourer,550 Maranello,1996,evolution,599 GTB Fiorano,2006,direct,TRUE,,,,,high,FALSE,,ferrari_production_periods.csv,curated Ferrari.com evidence + repository description,V12,5748,515,7250,325,front,longitudinal,65,11,89,77,1730,2500,4550,1935,1277,https://cdn.ferrari.com/cms/network/media/img/resize/5dde9a532cdb32285a7a39c3-ferrari-575m-maranello-2002-thumb?width=1600&height=1080,https://www.ferrari.com/en-EN/auto/575m-maranello,575M Maranello signals a whole new level of achievement for one of Ferrari’s most traditional layouts,ferrari_past_models_scraper
ferrari_2002_enzo_ferrari,Enzo Ferrari,2002,2004,2002,Grand Touring,discontinued,Legacy manual curation,,manual_seed,low,pending_source_review,Migrated from the initial enrichment script,,Limited-series halo,Big Five / halo,Ferrari halo lineage,4,V12,combustion,mid,2,halo,F50,1995,spiritual_successor,LaFerrari,2013,spiritual_successor,TRUE,,,,,high,TRUE,,ferrari_production_periods.csv,curated Ferrari.com evidence + repository description,V12,5999,669,,350,rear,longitudinal,65,11.2,,,1255,2650,4702,2035,1147,https://cdn.ferrari.com/cms/network/media/img/resize/5dc59df837497e4ff8d30e51-ferrari-enzo-2002-thumb?width=1600&height=1080,https://www.ferrari.com/en-EN/auto/enzo-ferrari,"This family of extreme performance cars was joined in 2002 by the Enzo Ferrari, which was the expression of the latest Formula 1 technology and know-how.",ferrari_past_models_scraper
ferrari_2003_575_gtc,575 GTC,2003,,2003,Sports Prototype,unknown,,,,unreviewed,not_in_manual_file,,,Competition derivatives,Competition GT,Competition GT,,V12,combustion,front,race-specific,competition,575M Maranello,2002,derivative,,,,,,,575M Maranello,2002,high,TRUE,,ferrari_past_models.csv,curated Ferrari.com evidence + repository description,V12,5997,605,6300,,front,longitudinal,65,12.9,90,79,1150,2500,4590,2035,1170,https://cdn.ferrari.com/cms/network/media/img/resize/5dc53f7f95e21208efa3654f-ferrari-575-gtc-2003-thumb?width=1600&height=1080,https://www.ferrari.com/en-EN/auto/575-gtc,The 575 GTC was developed by the Ferrari Corse Clienti department in collaboration with N.Technology to make the most of the original 575 M Maranello car s strong points.,ferrari_past_models_scraper
ferrari_2003_challenge_stradale,Challenge Stradale,2003,2004,2003,Grand Touring,discontinued,Wikipedia - Ferrari 360,https://en.wikipedia.org/wiki/Ferrari_360,wikipedia,medium,reviewed,Track-focused road variant produced near the end of the 360 family lifecycle,2026-07-27,Mid-engined sports car,Special series,Mid-engined V8 sports cars,,V8,combustion,mid,2,sports car,360 Modena,1999,derivative,,,,,,,360 Modena,1999,high,FALSE,,ferrari_production_periods.csv,curated Ferrari.com evidence + repository description,V8,3586,426,,300,rear,longitudinal,90,11.2,85,79,1180,2600,4477,1922,1199,https://cdn.ferrari.com/cms/network/media/img/resize/5dc555883378a829c009b545-ferrari-challenge-stradale-thumb?width=1600&height=1080,https://www.ferrari.com/en-EN/auto/challenge-stradale,The Ferrari Challenge Stradale lines up alongside the 360 Modena and 360 Spider with the precise aim of providing drivers the performances that only a true racing car for road use can provide.,ferrari_past_models_scraper
ferrari_2004_360_gtc,360 GTC,2004,2005,2004,Sports Prototype,discontinued,Wikipedia - Ferrari 360,https://en.wikipedia.org/wiki/Ferrari_360,wikipedia,low,needs_cross_check,Introduced for 2004; provisional end precedes the F430 GTC replacement,2026-07-27,Competition derivatives,Competition GT,Competition GT,,V8,combustion,mid,race-specific,competition,360 Modena,1999,derivative,,,,,,,360 Modena,1999,high,TRUE,,ferrari_production_periods.csv,curated Ferrari.com evidence + repository description,V8,3586,456,8750,,rear,longitudinal,90,11,85,79,1100,2600,4557,1982,1185,https://cdn.ferrari.com/cms/network/media/img/resize/5dc4314a37497e4ff8d2cd36-ferrari-360-gtc-thumb?width=1600&height=1080,https://www.ferrari.com/en-EN/auto/360-gtc,The car was developed by the Corse Clienti department in Maranello in collaboration with Michelotto Automobili and sports the latest technology tested with great success in the previous 360 GT,ferrari_past_models_scraper
ferrari_2004_612_scaglietti,612 Scaglietti,2004,2011,2004,Grand Touring,discontinued,Legacy manual curation,,manual_seed,low,pending_source_review,Migrated from the initial enrichment script,,Front-engined V12 2+2 GT,Four-seat grand tourer,V12 GT 2+2,10,V12,combustion,front,2+2,grand tourer,456M GT,1998,direct,FF,2011,direct,TRUE,,,,,high,TRUE,,ferrari_production_periods.csv,curated Ferrari.com evidence + repository description,V12,5749,540,,320,,,65,11.2,89,77,,,,,,https://cdn.ferrari.com/cms/network/media/img/resize/5dc45da801d20661709475b4-ferrari-612-scaglietti-2004-thumb?width=1600&height=1080,https://www.ferrari.com/en-EN/auto/612-scaglietti,The Ferrari 612 Scaglietti is the result of an avant-garde design that continues the great Ferrari 2+2 tradition in fabulous style.,ferrari_past_models_scraper
ferrari_2004_f430,F430,2004,2009,2004,Grand Touring,discontinued,Wikipedia - Ferrari F430,https://en.wikipedia.org/wiki/Ferrari_F430,wikipedia,medium,reviewed,Production ran from mid-2004 through July 2009,2026-07-27,Mid-engined sports car,Berlinetta,Mid-engined V8 sports cars,6,V8,combustion,mid,2,sports car,360 Modena,1999,evolution,Ferrari 458 Italia,2009,direct,TRUE,,,,,high,FALSE,,ferrari_production_periods.csv,curated Ferrari.com evidence + repository description,V8,4308,490,8500,315,,,90,11.3,92,81,,,,,,https://cdn.ferrari.com/cms/network/media/img/resize/5dc43ff195e21208efa33a4f-ferrari-f430-2004-thumb?width=1600&height=1080,https://www.ferrari.com/en-EN/auto/f430,The Ferrari F430 hails the arrival of a whole new generation of Ferrari V8-engined berlinettas,ferrari_past_models_scraper
ferrari_2005_fxx,FXX,2005,,2005,Sports Prototype,unknown,,,,unreviewed,not_in_manual_file,,,Competition derivatives,XX Programme,XX Programme,1,V12,combustion,mid,race-specific,track-only,,,,599XX,2010,spiritual_successor,TRUE,,,,,high,TRUE,,ferrari_past_models.csv,curated Ferrari.com evidence + repository description,V12,6262,811,8500,345,rear,longitudinal,65,13.4,94,75,1155,2650,4832,2040,1127,https://cdn.ferrari.com/cms/network/media/img/resize/5dc048c18c92940b3a3f2d13-ferrari-fxx-2005-thumb?width=1600&height=1080,https://www.ferrari.com/en-EN/auto/fxx,"The FXX is the fruit of Ferrari’s know-how in building special limited-series sports cars combined with, of course, its racing experience. It will provide the basic framework on which the specifics of future extreme models will be worked out.",ferrari_past_models_scraper
ferrari_2005_superamerica,Superamerica,2005,2006,2005,Grand Touring,discontinued,Wikipedia - Ferrari 575M Maranello,https://en.wikipedia.org/wiki/Ferrari_575M_Maranello,wikipedia,medium,reviewed,Introduced in 2005 and produced within the final 575M lifecycle,2026-07-27,Front-engined V12 two-seat GT,Spider / cabriolet,Front-engined V12 two-seat GT,,V12,combustion,front,2,grand tourer,575M Maranello,2002,derivative,,,,,,,575M Maranello,2002,high,FALSE,,ferrari_production_periods.csv,curated Ferrari.com evidence + repository description,V12,5748,,7250,320,front,longitudinal,65,11.2,89,77,1790,2500,4550,1935,1277,https://cdn.ferrari.com/cms/network/media/img/resize/5dc405d03378a829c00979e4-ferrari-superamerica-2005-thumb?width=1600&height=1080,https://www.ferrari.com/en-EN/auto/superamerica,"The Ferrari Superamerica combines stunning Ferrari 12-cylinder berlinetta performance with a highly original, innovative take on the ever-versatile convertible.",ferrari_past_models_scraper
ferrari_2005_f430_spider,F430 Spider,2005,2009,2005,Grand Touring,discontinued,Wikipedia - Ferrari F430,https://en.wikipedia.org/wiki/Ferrari_F430,wikipedia,medium,reviewed,Spider introduced in 2005 and follows the F430 family end year,2026-07-27,Mid-engined sports car,Spider / targa,Mid-engined V8 sports cars,,V8,combustion,mid,2,sports car,F430,2004,derivative,,,,,,,F430,2004,high,FALSE,,ferrari_production_periods.csv,curated Ferrari.com evidence + repository description,V8,4308,490,8500,311,,,90,11.3,92,81,,,,,,https://cdn.ferrari.com/cms/network/media/img/resize/5dc3e85037497e4ff8d2bdbc-ferrari-f430-spider-2005-thumb?width=1600&height=1080,https://www.ferrari.com/en-EN/auto/f430-spider,"Created by Pininfarina, the F430 Spider is inspired by the car’s exceptional engineering and Formula 1.",ferrari_past_models_scraper
ferrari_2006_f430_challenge,F430 Challenge,2006,2011,2006,Sports Prototype,discontinued,Wikipedia - Ferrari Challenge,https://en.wikipedia.org/wiki/Ferrari_Challenge,wikipedia,medium,reviewed,Years represent its lifecycle as the primary Ferrari Challenge car,2026-07-27,Competition derivatives,Ferrari Challenge,Ferrari Challenge,4,V8,combustion,,race-specific,competition,360 Challenge,2000,direct,458 Challenge,2010,direct,TRUE,,,,,high,FALSE,,ferrari_production_periods.csv,curated Ferrari.com evidence + repository description,V8,4308,490,8500,,,,90,11.3,92,81,1225,2601,4512,1923,1184,https://cdn.ferrari.com/cms/network/media/img/resize/5dc0032248ab400ab445c23d-ferrari-f430-challenge-2006-thumb?width=1600&height=1080,https://www.ferrari.com/en-EN/auto/f430-challenge,"The F430 Challenge, the 8-cylinder berlinetta-derived competition car that will be taking part in the Ferrari Challenge Trofeo Pirelli from the 2006 season.",ferrari_past_models_scraper
ferrari_2006_f430_gtc,F430 GTC,2006,,2006,Sports Prototype,unknown,,,,unreviewed,not_in_manual_file,,,Competition derivatives,Competition GT,Competition GT,,V8,combustion,,race-specific,competition,F430,2004,derivative,,,,,,,F430,2004,high,TRUE,,ferrari_past_models.csv,curated Ferrari.com evidence + repository description,V8,3995,450,7000,,,,90,0,,,,,,,,https://cdn.ferrari.com/cms/network/media/img/resize/5ddd540284077c3b24342166-ferrari-f430-gtc-2006-thumb?width=1600&height=1080,https://www.ferrari.com/en-EN/auto/f430-gtc,The 2006 season brought the debut of the stunning Ferrari F430 GTC which was developed by the Corse Clienti department,ferrari_past_models_scraper
ferrari_2006_599_gtb_fiorano,599 GTB Fiorano,2006,2012,2006,Grand Touring,discontinued,Wikipedia - Ferrari 599,https://en.wikipedia.org/wiki/Ferrari_599,wikipedia,medium,reviewed,Production range reported as 2006 to 2012,2026-07-27,Front-engined V12 two-seat GT,Berlinetta / coupe,Front-engined V12 two-seat GT,4,V12,combustion,,2,grand tourer,575M Maranello,2002,direct,F12berlinetta,2012,direct,TRUE,,,,,high,FALSE,,ferrari_production_periods.csv,curated Ferrari.com evidence + repository description,V12,5999,620,7600,330,,,65,11.2,92,75,,,,,,https://cdn.ferrari.com/cms/network/media/img/resize/5dc031dd48ab400ab445cc68-ferrari-599-gtb-fiorano-2006-thumb?width=1600&height=1080,https://www.ferrari.com/en-EN/auto/599-gtb-fiorano,The Ferrari 599 GTB Fiorano sprints from 0 to 100 km/h in 3.7 seconds and has a top speed in excess of 330 km/h,ferrari_past_models_scraper
ferrari_2007_430_scuderia,430 Scuderia,2007,2009,2007,Grand Touring,discontinued,Wikipedia - Ferrari F430,https://en.wikipedia.org/wiki/Ferrari_F430,wikipedia,medium,reviewed,Introduced in 2007 and ended with the F430 family,2026-07-27,Mid-engined sports car,Spider / targa,Mid-engined V8 sports cars,,V8,combustion,mid,2,sports car,F430,2004,derivative,,,,,,,F430,2004,high,FALSE,,ferrari_production_periods.csv,curated Ferrari.com evidence + repository description,V8,4310,510,8500,319,,,90,11.88,83,81,,,,,,https://cdn.ferrari.com/cms/network/media/img/resize/5ddd51f5f8fc7b0aa90863ad-ferrari-430-scuderia-2007-thumb?width=1600&height=1080,https://www.ferrari.com/en-EN/auto/430-scuderia,"Michael Schumacher spent a lot of time testing the Ferrari 430 Scuderia when it was being developed, carefully applying the method that made him unique on the racetrack for many years.",ferrari_past_models_scraper
ferrari_2008_ferrari_california,Ferrari California,2008,2012,2008,Grand Touring,discontinued,Legacy manual curation,,manual_seed,low,pending_source_review,Migrated from the initial enrichment script,,Front-engined V8 GT,Retractable-hardtop GT,California / Portofino,1,V8,combustion,front,2+,grand tourer,,,,Ferrari California 30,2012,evolution,TRUE,,,,,high,TRUE,,ferrari_production_periods.csv,curated Ferrari.com evidence + repository description,V8,4297,460,7750,310,,,90,12.2,94,77,,,,,,https://cdn.ferrari.com/cms/network/media/img/resize/5ddd4f3b0cf6995f44de9359-ferrari-california-2008-thumb?width=1600&height=1080,https://www.ferrari.com/en-EN/auto/ferrari-california,THE FERRARI CALIFORNIA JOINS THE PRANCING HORSE'S 8-CYLINDER FAMILY WHICH HAS ALWAYS BEEN DEFINED BY POWER AND PERFORMANCE.,ferrari_past_models_scraper
ferrari_2009_458_italia,Ferrari 458 Italia,2009,2015,2009,Grand Touring,discontinued,Wikipedia - Ferrari 458,https://en.wikipedia.org/wiki/Ferrari_458,wikipedia,medium,reviewed,Production range reported for the 458 family,2026-07-27,Mid-engined sports car,Spider / targa,Mid-engined V8 sports cars,7,V8,combustion,mid,2,sports car,F430,2004,direct,488 GTB,2015,evolution,TRUE,,,,,high,FALSE,,ferrari_production_periods.csv,curated Ferrari.com evidence + repository description,V8,4497,570,9000,325,,,90,12.5,,,,,,,,https://cdn.ferrari.com/cms/network/media/img/resize/5ddd4a312cdb32285a79f924-ferrari-458-italia-thumb?width=1600&height=1080,https://www.ferrari.com/en-EN/auto/458-italia,THE FERRARI 458 ITALIA CONTINUES TO GO FROM STRENGTH TO STRENGTH AND HAS GARNERED OVER 30 INTERNATIONAL AWARDS IN ITS SHORT CAREER.,ferrari_past_models_scraper
ferrari_2008_scuderia_spider_16m,Scuderia Spider 16M,2009,2009,2008,Grand Touring,discontinued,Wikipedia - Ferrari F430,https://en.wikipedia.org/wiki/Ferrari_F430,wikipedia,medium,reviewed,Unveiled in 2008; source reports production beginning in early 2009,2026-07-27,Mid-engined sports car,Spider / targa,Mid-engined V8 sports cars,,V8,combustion,mid,2,sports car,430 Scuderia,2007,derivative,,,,,,,430 Scuderia,2007,high,FALSE,,ferrari_production_periods.csv,curated Ferrari.com evidence + repository description,V8,4310,510,8500,315,,,90,11.9,,,,,,,,https://cdn.ferrari.com/cms/network/media/img/resize/5ddd508384077c3b24342069-ferrari-scuderia-spider-16-m-2008-thumb?width=1600&height=1080,https://www.ferrari.com/en-EN/auto/scuderia-spider-16m,Celebrating the win of the 2008 formula 1 constructor’s world title this car bears the name Ferrari Scuderia Spider 16M.,ferrari_past_models_scraper
ferrari_2010_599xx,599XX,2010,,2010,Sports Prototype,unknown,,,,unreviewed,not_in_manual_file,,,Competition derivatives,XX Programme,XX Programme,2,V12,combustion,,race-specific,track-only,FXX,2005,spiritual_successor,FXX K,2014,spiritual_successor,TRUE,,,,,high,TRUE,,ferrari_past_models.csv,curated Ferrari.com evidence + repository description,V12,5999,730,,,,,65,,,,,,,,,https://cdn.ferrari.com/cms/network/media/img/resize/5ddd326f0cf6995f44de9334-ferrari-599xx-thumb?width=1600&height=1080,https://www.ferrari.com/en-EN/auto/599xx,The Ferrari 599XX incorporates the most advanced technological solutions,ferrari_past_models_scraper
ferrari_2010_599_gto,599 GTO,2010,,2010,Grand Touring,unknown,,,,unreviewed,not_in_manual_file,,,Front-engined V12 two-seat GT,Berlinetta / coupe,Front-engined V12 two-seat GT,,V12,combustion,,2,grand tourer,599 GTB Fiorano,2006,derivative,,,,,,,599 GTB Fiorano,2006,high,TRUE,,ferrari_past_models.csv,curated Ferrari.com evidence + repository description,V12,5999,670,8250,335,,,65,11.9,,,,,,,,https://cdn.ferrari.com/cms/network/media/img/resize/5ddd30862cdb32285a79f23f-ferrari-599-gto-thumb?width=1600&height=1080,https://www.ferrari.com/en-EN/auto/599-gto,This Ferrari limited edition special series of just 599 GTO is the new pinnacle of Prancing Horse sportiness,ferrari_past_models_scraper
ferrari_2010_sa_aperta,SA APERTA,2010,,2010,Grand Touring,unknown,,,,unreviewed,not_in_manual_file,,,Front-engined V12 two-seat GT,Spider / cabriolet,Front-engined V12 two-seat GT,,V12,combustion,,2,grand tourer,599 GTB Fiorano,2006,derivative,,,,,,,599 GTB Fiorano,2006,high,TRUE,,ferrari_past_models.csv,curated Ferrari.com evidence + repository description,V12,5999,670,8250,325,,,65,11.9,,,,,,,,https://cdn.ferrari.com/cms/network/media/img/resize/5dc00cce48ab400ab445c47a-ferrari-sa-aperta-thumb?width=1600&height=1080,https://www.ferrari.com/en-EN/auto/sa-aperta,Ferrari SA APERTA - 2010,ferrari_past_models_scraper
ferrari_2010_458_challenge,458 Challenge,2011,2013,2010,Sports Prototype,discontinued,Wikipedia - Ferrari 458,https://en.wikipedia.org/wiki/Ferrari_458,wikipedia,medium,reviewed,Presented in 2010 for competition use from 2011 through 2013,2026-07-27,Competition derivatives,Ferrari Challenge,Ferrari Challenge,5,V8,combustion,,race-specific,competition,F430 Challenge,2006,direct,458 Challenge EVO,2014,evolution,TRUE,,,,,high,FALSE,,ferrari_production_periods.csv,curated Ferrari.com evidence + repository description,V8,4498,570,9000,,,,90,12.5,94,81,,,,,,https://cdn.ferrari.com/cms/network/media/img/resize/5ddd2d472cdb32285a79f18a-ferrari-458-challenge-2010-thumb?width=1600&height=1080,https://www.ferrari.com/en-EN/auto/458-challenge,The Ferrari 458 Challenge  is the fifth model fielded by Ferrari for the one-make Ferrari Challenge Trofeo Pirelli championship,ferrari_past_models_scraper
ferrari_2011_ff,FF,2011,2016,2011,Grand Touring,discontinued,Legacy manual curation,,manual_seed,low,pending_source_review,Migrated from the initial enrichment script,,Front-engined V12 2+2 GT,Four-seat grand tourer,V12 GT 2+2,11,V12,combustion,front,2+2,grand tourer,612 Scaglietti,2004,direct,GTC4Lusso,2016,evolution,TRUE,,,,,high,TRUE,,ferrari_production_periods.csv,curated Ferrari.com evidence + repository description,V12,,660,8000,,,,65,12.3,,,,,,,,https://cdn.ferrari.com/cms/network/media/img/resize/5dc00c9848ab400ab445c46d-ferrari-ff-thumb?width=1600&height=1080,https://www.ferrari.com/en-EN/auto/ff,Ferrari FF - 2011,ferrari_past_models_scraper
ferrari_2011_458_spider,458 Spider,2011,2015,2011,Grand Touring,discontinued,Wikipedia - Ferrari 458,https://en.wikipedia.org/wiki/Ferrari_458,wikipedia,medium,reviewed,Variant production range reported as 2011 to 2015,2026-07-27,Mid-engined sports car,Spider / targa,Mid-engined V8 sports cars,,V8,combustion,mid,2,sports car,Ferrari 458 Italia,2009,derivative,,,,,,,Ferrari 458 Italia,2009,high,FALSE,,ferrari_production_periods.csv,curated Ferrari.com evidence + repository description,V8,4497,570,9000,320,,,90,12.5,,,,,,,,https://cdn.ferrari.com/cms/network/media/img/resize/5ddd33f00cf6995f44de9339-ferrari-458-spider-thumb?width=1600&height=1080,https://www.ferrari.com/en-EN/auto/458-spider,The Ferrari 458 Spider is the first car ever to combine a mid-rear engine with a retractable folding hard top,ferrari_past_models_scraper
ferrari_2012_f12_berlinetta,F12berlinetta,2012,2017,2012,Grand Touring,discontinued,Wikipedia - Ferrari F12,https://en.wikipedia.org/wiki/Ferrari_F12,wikipedia,medium,reviewed,Production range reported as 2012 to 2017,2026-07-27,Front-engined V12 two-seat GT,Berlinetta / coupe,Front-engined V12 two-seat GT,5,V12,combustion,,2,grand tourer,599 GTB Fiorano,2006,direct,812 Superfast,2017,direct,TRUE,,,,,high,FALSE,,ferrari_production_periods.csv,curated Ferrari.com evidence + repository description,V12,6262,740,8250,340,,,65,13.5,94,75,,,,,,https://cdn.ferrari.com/cms/network/media/img/resize/5dc00c59900e4a3e9ebba773-ferrari-f12-berlinetta-thumb?width=1600&height=1080,https://www.ferrari.com/en-EN/auto/f12-berlinetta,Ferrari F12 Berlinetta - 2012,ferrari_past_models_scraper
ferrari_2012_ferrari_california_30,Ferrari California 30,2012,2014,2012,Grand Touring,discontinued,Legacy manual curation,,manual_seed,low,pending_source_review,Migrated from the initial enrichment script,,Front-engined V8 GT,Retractable-hardtop GT,California / Portofino,2,V8,combustion,front,2+,grand tourer,Ferrari California,2008,evolution,Ferrari California T,2014,evolution,TRUE,,,,,high,TRUE,,ferrari_production_periods.csv,curated Ferrari.com evidence + repository description,V8,4297,490,7750,312,,,90,12.2,94,77,,,,,,https://cdn.ferrari.com/cms/network/media/img/resize/5ddd35eff8fc7b0aa9085c2f-ferrari-california-30-thumb?width=1600&height=1080,https://www.ferrari.com/en-EN/auto/ferrari-california-30,The Ferrari California 30’s V8 now punches out a maximum of 490 hp with maximum torque climbing to 505 Nm at 5000 rpm.,ferrari_past_models_scraper
ferrari_2013_laferrari,LaFerrari,2013,2016,2013,Grand Touring,discontinued,Legacy manual curation,,manual_seed,low,pending_source_review,Migrated from the initial enrichment script,,Limited-series halo,Big Five / halo,Ferrari halo lineage,5,V12,hybrid,mid,2,halo,Enzo Ferrari,2002,spiritual_successor,F80,2024,spiritual_successor,TRUE,,,,,high,TRUE,,ferrari_production_periods.csv,curated Ferrari.com evidence + repository description,V12,,800,,,,,,,,,,,,,,https://cdn.ferrari.com/cms/network/media/img/resize/5ddb97a00cf6995f44de92de-laferrari-2013-thumb?width=1600&height=1080,https://www.ferrari.com/en-EN/auto/laferrari,LaFerrari - 2013,ferrari_past_models_scraper
ferrari_2013_458_speciale,458 Speciale,2013,2015,2013,Grand Touring,discontinued,Wikipedia - Ferrari 458,https://en.wikipedia.org/wiki/Ferrari_458,wikipedia,medium,reviewed,Variant production range reported as 2013 to 2015,2026-07-27,Mid-engined sports car,Special series,Mid-engined V8 sports cars,,V8,combustion,mid,2,sports car,Ferrari 458 Italia,2009,derivative,,,,,,,Ferrari 458 Italia,2009,high,FALSE,,ferrari_production_periods.csv,curated Ferrari.com evidence + repository description,V8,4497,605,9000,325,,,90,14,,,,,,,,https://cdn.ferrari.com/cms/network/media/img/resize/5ddd3870f8fc7b0aa9085cd3-ferrari-458-speciale-thumb?width=1600&height=1080,https://www.ferrari.com/en-EN/auto/458-speciale,"As with all Ferrari special series, the 458 Speciale boasts an array of advanced technical solutions",ferrari_past_models_scraper
ferrari_2014_458_challenge_evo,458 Challenge EVO,2014,2016,2014,Sports Prototype,discontinued,Wikipedia - Ferrari 458,https://en.wikipedia.org/wiki/Ferrari_458,wikipedia,medium,reviewed,Years represent its lifecycle as the primary Evo specification in Ferrari Challenge,2026-07-27,Competition derivatives,Ferrari Challenge,Ferrari Challenge,6,V8,combustion,,race-specific,competition,458 Challenge,2010,derivative,488 Challenge,2016,direct,TRUE,,,458 Challenge,2010,high,FALSE,,ferrari_production_periods.csv,curated Ferrari.com evidence + repository description,V8,4498,570,9000,,,,90,12.5,94,81,,,,,,https://cdn.ferrari.com/cms/network/media/img/resize/620a4f5f9627e7652272b07f-ferrari-458-challenge-evo-past-model-thumb?width=1600&height=1080,https://www.ferrari.com/en-EN/auto/458-challenge-evo,"458 Challenge Evo, compared to the 458 Challenge, has been boosted by the addition of an aerodynamic kit.",ferrari_past_models_scraper
ferrari_2014_fxx_k,FXX K,2014,,2014,Sports Prototype,unknown,,,,unreviewed,not_in_manual_file,,,Competition derivatives,XX Programme,XX Programme,3,V12,hybrid,,race-specific,track-only,599XX,2010,spiritual_successor,,,,,,,,,high,TRUE,,ferrari_past_models.csv,curated Ferrari.com evidence + repository description,V12,,,,,,,,,,,,,,,,https://cdn.ferrari.com/cms/network/media/img/resize/5dda52bf0cf6995f44de92d5-ferrari-fxx-k-social?width=1600&height=1080,https://www.ferrari.com/en-EN/auto/fxx-k,FXX-K is Ferrari’s research and development programme centring around a laboratory car based on Maranello’s first hybrid.,ferrari_past_models_scraper
ferrari_2014_california_t,Ferrari California T,2014,2017,2014,Grand Touring,discontinued,Legacy manual curation,,manual_seed,low,pending_source_review,Migrated from the initial enrichment script,,Front-engined V8 GT,Retractable-hardtop GT,California / Portofino,3,V8,combustion,front,2+,grand tourer,Ferrari California 30,2012,evolution,Ferrari Portofino,2017,direct,TRUE,,,,,high,TRUE,,ferrari_production_periods.csv,curated Ferrari.com evidence + repository description,V8,3855,560,7500,315,,,90,9.4,,,,,,,,https://cdn.ferrari.com/cms/network/media/img/resize/5ddd3a460cf6995f44de933c-ferrrari-california-t-thumb?width=1600&height=1080,https://www.ferrari.com/en-EN/auto/california-t,"THE FERRARI CALIFORNIA T EPITOMISES THE SUBLIME ELEGANCE, SPORTINESS, VERSATILITY AND EXCLUSIVITY",ferrari_past_models_scraper
ferrari_2014_458_speciale_a,458 Speciale A,2014,2015,2014,Grand Touring,discontinued,Wikipedia - Ferrari 458,https://en.wikipedia.org/wiki/Ferrari_458,wikipedia,medium,reviewed,Variant production range reported as 2014 to 2015,2026-07-27,Mid-engined sports car,Spider / targa,Mid-engined V8 sports cars,,V8,combustion,mid,2,sports car,458 Speciale,2013,derivative,,,,,,,458 Speciale,2013,high,FALSE,,ferrari_production_periods.csv,curated Ferrari.com evidence + repository description,V8,4497,605,9000,320,,,90,14,,,,,,,,https://cdn.ferrari.com/cms/network/media/img/resize/5dc00bdf48ab400ab445c43d-ferrari-458-speciale-a-thumb?width=1600&height=1080,https://www.ferrari.com/en-EN/auto/458-speciale-a,Ferrari 458 Speciale A - 2012,ferrari_past_models_scraper
ferrari_2015_f12tdf,F12tdf,2015,2017,2015,Grand Touring,discontinued,Wikipedia - Ferrari F12,https://en.wikipedia.org/wiki/Ferrari_F12,wikipedia,medium,reviewed,Variant production range reported as 2015 to 2017,2026-07-27,Front-engined V12 two-seat GT,Berlinetta / coupe,Front-engined V12 two-seat GT,,V12,combustion,,2,grand tourer,F12berlinetta,2012,derivative,,,,,,,F12berlinetta,2012,high,FALSE,,ferrari_production_periods.csv,curated Ferrari.com evidence + repository description,V12,6262,780,8500,340,,,65,13.5,,,,,,,,https://cdn.ferrari.com/cms/network/media/img/resize/5ddd3dc20cf6995f44de9342-ferrari_f12tdf-thumb?width=1600&height=1080,https://www.ferrari.com/en-EN/auto/f12tdf,FERRARI REVEALS THE F12TDF WHICH PAYS HOMAGE TO THE TOUR DE FRANCE,ferrari_past_models_scraper
ferrari_2015_ferrari_488_gtb,488 GTB,2015,2019,2015,Grand Touring,discontinued,Wikipedia - Ferrari 488,https://en.wikipedia.org/wiki/Ferrari_488,wikipedia,medium,reviewed,GTB replaced by F8 Tributo while the wider 488 family continued into 2020,2026-07-27,Mid-engined sports car,Berlinetta,Mid-engined V8 sports cars,8,V8,combustion,mid,2,sports car,Ferrari 458 Italia,2009,evolution,F8 Tributo,2019,evolution,TRUE,,,,,high,FALSE,,ferrari_production_periods.csv,curated Ferrari.com evidence + repository description,V8,3902,670,8000,330,,,90,9.4,,,,,,,,https://cdn.ferrari.com/cms/network/media/img/resize/5ddd3cd00cf6995f44de9340-ferrari-488-gtb-thumb?width=1600&height=1080,https://www.ferrari.com/en-EN/auto/ferrari-488-gtb,The 488 GTB name marks a return to the classic Ferrari model designation with the 488,ferrari_past_models_scraper
ferrari_2016_488_spider,488 Spider,2015,2019,2016,Grand Touring,discontinued,Wikipedia - Ferrari 488,https://en.wikipedia.org/wiki/Ferrari_488,wikipedia,medium,reviewed,Revealed in 2015; source year retained from scraper while production start is corrected,2026-07-27,Mid-engined sports car,Spider / targa,Mid-engined V8 sports cars,,V8,combustion,mid,2,sports car,488 GTB,2015,derivative,,,,,,,488 GTB,2015,high,FALSE,,ferrari_production_periods.csv,curated Ferrari.com evidence + repository description,V8,,670,,,,,,9.4,,,,,,,,https://cdn.ferrari.com/cms/network/media/img/resize/5ddd4572f8fc7b0aa908605a-ferrari-488-spider-2016-thumb?width=1600&height=1080,https://www.ferrari.com/en-EN/auto/488-spider,The  is the latest chapter in Maranello's ongoing history of open-top v8 sports cars,ferrari_past_models_scraper
ferrari_2016_488_gt3,488 GT3,2016,,2016,Sports Prototype,unknown,,,,unreviewed,not_in_manual_file,,,Competition derivatives,Competition GT,Competition GT,,V8,combustion,,race-specific,competition,488 GTB,2015,derivative,,,,,,,488 GTB,2015,high,TRUE,,ferrari_past_models.csv,curated Ferrari.com evidence + repository description,V8,3996,600,,,,,90,,,,,,,,,https://cdn.ferrari.com/cms/network/media/img/resize/6787ed554e5f24001074a6c7-ferrari-488-gt3-thumb?width=1600&height=1080,https://www.ferrari.com/en-EN/auto/488-gt3,,ferrari_past_models_scraper
ferrari_2016_488_gte,488 GTE,2016,,2016,Sports Prototype,unknown,,,,unreviewed,not_in_manual_file,,,Competition derivatives,Competition GT,Competition GT,,V8,combustion,,race-specific,competition,488 GTB,2015,derivative,,,,,,,488 GTB,2015,high,TRUE,,ferrari_past_models.csv,curated Ferrari.com evidence + repository description,V8,3996,600,,,,,90,,,,,,,,,https://cdn.ferrari.com/cms/network/media/img/resize/6787dfb9409996001011d914-ferrari-488-gte-card?width=1600&height=1080,https://www.ferrari.com/en-EN/auto/488-gte,,ferrari_past_models_scraper
ferrari_2016_gtc4lusso,GTC4Lusso,2016,2020,2016,Grand Touring,discontinued,Legacy manual curation,,manual_seed,low,pending_source_review,Migrated from the initial enrichment script,,Front-engined V12 2+2 GT,Four-seat grand tourer,V12 GT 2+2,12,V12,combustion,front,2+2,grand tourer,FF,2011,evolution,Purosangue,2022,spiritual_successor,TRUE,,,,,high,TRUE,"The Purosangue later occupies part of its role, but changes body style and concept; the relationship is treated as spiritual succession.",ferrari_production_periods.csv,curated Ferrari.com evidence + repository description,V12,,,,,,,65,13.5,,,,,,,,https://cdn.ferrari.com/cms/network/media/img/resize/5fb3a1dc850aac6b67934c2e-ferrari-gtc4lusso-past-model-thumb?width=1600&height=1080,https://www.ferrari.com/en-EN/auto/gtc4lusso,Ferrari GTC4Lusso - 2016,ferrari_past_models_scraper
ferrari_2016_gtc4lussot,GTC4Lusso T,2016,,2016,Grand Touring,unknown,,,,unreviewed,not_in_manual_file,,,Front-engined V12 2+2 GT,Four-seat grand tourer,V12 GT 2+2,,V8,combustion,front,2+2,grand tourer,GTC4Lusso,2016,derivative,,,,,,,GTC4Lusso,2016,high,TRUE,,ferrari_past_models.csv,curated Ferrari.com evidence + repository description,,,610,,,,,90,9.4,,,,,,,,https://cdn.ferrari.com/cms/network/media/img/resize/5fb3a30b7980ac5cca302aa0-ferrari-gtc4lusso-t-past-model-thumb-2?width=1600&height=1080,https://www.ferrari.com/en-EN/auto/gtc4lussot,,ferrari_past_models_scraper
ferrari_2016_laferrari_aperta,LaFerrari Aperta,2016,,2016,Grand Touring,unknown,,,,unreviewed,not_in_manual_file,,,Limited-series halo,Big Five / halo,Ferrari halo lineage,,V12,hybrid,mid,2,halo,LaFerrari,2013,derivative,,,,,,,LaFerrari,2013,high,TRUE,,ferrari_past_models.csv,curated Ferrari.com evidence + repository description,V12,6262,800,9000,350,,,,,,,,,,,,https://cdn.ferrari.com/cms/network/media/img/resize/5ddd469e84077c3b24341dd1-laferrari-aperta-thumb?width=1600&height=1080,https://www.ferrari.com/en-EN/auto/laferrari-aperta,"Designed for Ferrari’s most passionate clients, the LaFerrari Aperta is the new limited-edition special series model",ferrari_past_models_scraper
ferrari_2016_488_challenge,488 Challenge,2017,2020,2016,Sports Prototype,discontinued,Wikipedia - Ferrari Challenge,https://en.wikipedia.org/wiki/Ferrari_Challenge,wikipedia,medium,reviewed,Revealed in 2016 and served as the primary Challenge specification from 2017 to 2020,2026-07-27,Competition derivatives,Ferrari Challenge,Ferrari Challenge,7,V8,combustion,,race-specific,competition,458 Challenge EVO,2014,direct,296 Challenge,2023,direct,TRUE,,,,,high,FALSE,,ferrari_production_periods.csv,curated Ferrari.com evidence + repository description,V8,3902,670,8000,,,,90,9.4,,,,,,,,https://cdn.ferrari.com/cms/network/media/img/resize/5dda49c20cf6995f44de92d0-ferrari_488_challenge_thumb?width=1600&height=1080,https://www.ferrari.com/en-EN/auto/488-challenge,"Ferrari 488 Challenge is the most powerful car in the Challenge history thanks to 670 hp from the V8 3, 9-liter engine derived from the 488 GTB",ferrari_past_models_scraper
ferrari_2017_812_superfast,812 Superfast,2017,2024,2017,Grand Touring,discontinued,Wikipedia - Ferrari 812 Superfast,https://en.wikipedia.org/wiki/Ferrari_812_Superfast,wikipedia,medium,reviewed,Production range reported as 2017 to 2024,2026-07-27,Front-engined V12 two-seat GT,Berlinetta / coupe,Front-engined V12 two-seat GT,6,V12,combustion,,2,grand tourer,F12berlinetta,2012,direct,12Cilindri,2024,direct,TRUE,,,,,high,FALSE,,ferrari_production_periods.csv,curated Ferrari.com evidence + repository description,V12,,800,,,,,65,13.6,,,,,,,,https://cdn.ferrari.com/cms/network/media/img/resize/60d1b4c09fdfa1733415e0e7-812 superfast?width=1600&height=1080,https://www.ferrari.com/en-EN/auto/812-superfast,Shift to the 12th Dimension,ferrari_past_models_scraper
ferrari_2017_ferrari_portofino,Ferrari Portofino,2017,2020,2017,Grand Touring,discontinued,Legacy manual curation,,manual_seed,low,pending_source_review,Migrated from the initial enrichment script,,Front-engined V8 GT,Retractable-hardtop GT,California / Portofino,4,V8,combustion,front,2+,grand tourer,Ferrari California T,2014,direct,Ferrari Portofino M,2020,evolution,TRUE,,,,,high,TRUE,,ferrari_production_periods.csv,curated Ferrari.com evidence + repository description,V8,,,,,,,90,9.45,,,,,,,,https://cdn.ferrari.com/cms/network/media/img/resize/5f5b4cec57f0c16d75e823f5-ferrari_portofino_share-2020-past?width=1600&height=1080,https://www.ferrari.com/en-EN/auto/ferrari-portofino,,ferrari_past_models_scraper
ferrari_2018_monza_sp1,Monza SP1,2018,,2018,Grand Touring,unknown,,,,unreviewed,not_in_manual_file,,,Icona limited series,Icona,Icona,1,V12,combustion,front,1,limited-series,,,,,,,,,,,,high,TRUE,,ferrari_past_models.csv,curated Ferrari.com evidence + repository description,V12,,,,,front,,,,,,,,,,,,https://www.ferrari.com/en-EN/auto/monza-sp1,Single-seat front-engined V12 model that inaugurated Ferrari's Icona series.,manual_ferrari.com
ferrari_2018_monza_sp2,Monza SP2,2018,,2018,Grand Touring,unknown,,,,unreviewed,not_in_manual_file,,,Icona limited series,Icona,Icona,1,V12,combustion,front,2,limited-series,,,,Daytona SP3,2021,spiritual_successor,TRUE,,,,,high,TRUE,,ferrari_past_models.csv,curated Ferrari.com evidence + repository description,V12,,,,,front,,,,,,,,,,,,https://www.ferrari.com/en-EN/auto/monza-sp2,Two-seat sister model to the Monza SP1 in Ferrari's Icona series.,manual_ferrari.com
ferrari_2018_ferrari_488_pista_spider,488 Pista Spider,2018,2020,2018,Grand Touring,discontinued,Wikipedia - Ferrari 488,https://en.wikipedia.org/wiki/Ferrari_488,wikipedia,medium,reviewed,Introduced in 2018 and follows the wider 488 family production end,2026-07-27,Mid-engined sports car,Spider / targa,Mid-engined V8 sports cars,,V8,combustion,mid,2,sports car,Ferrari 488 Pista,2018,derivative,,,,,,,Ferrari 488 Pista,2018,high,FALSE,,ferrari_production_periods.csv,curated Ferrari.com evidence + repository description,V8,,720,,,,,90,9.6,,,,,,,,https://cdn.ferrari.com/cms/network/media/img/resize/5fec50a1d27b3f5ad3b7d204-ferrari-488-pista-spider-past-model-thumb?width=1600&height=1080,https://www.ferrari.com/en-EN/auto/ferrari-488-pista-spider,Ferrari 488 Pista Spider - 2018,ferrari_past_models_scraper
ferrari_2018_ferrari_488_pista,Ferrari 488 Pista,2018,,2018,Grand Touring,unknown,,,,unreviewed,not_in_manual_file,,,Mid-engined sports car,Spider / targa,Mid-engined V8 sports cars,,V8,combustion,mid,2,sports car,488 GTB,2015,derivative,,,,,,,488 GTB,2015,high,TRUE,,ferrari_past_models.csv,curated Ferrari.com evidence + repository description,V8,,,,,,,90,9.6,,,,,,,,https://cdn.ferrari.com/cms/network/media/img/resize/5fec50a0ebd0050770f0349a-ferrari-488-pista-past-model-thumb?width=1600&height=1080,https://www.ferrari.com/en-EN/auto/ferrari-488-pista,,ferrari_past_models_scraper
ferrari_2019_812_gts,812 GTS,2019,2024,2019,Grand Touring,discontinued,Ferrari 2024 Annual Report,https://cdn.ferrari.com/download/Ferrari_Annual_Report_2024.pdf,manufacturer_report,medium,reviewed,Report states the 812 GTS was phased out during 2024,2026-07-27,Front-engined V12 two-seat GT,Spider / cabriolet,Front-engined V12 two-seat GT,,V12,combustion,,2,grand tourer,812 Superfast,2017,derivative,,,,,,,812 Superfast,2017,high,FALSE,,ferrari_production_periods.csv,curated Ferrari.com evidence + repository description,V12,,800,,,,,,,,,,,,,,https://cdn.ferrari.com/cms/network/media/img/resize/60d1b6e02a3f1c5509cb468f-812 gts?width=1600&height=1080,https://www.ferrari.com/en-EN/auto/812-gts,A legend is reborn,ferrari_past_models_scraper
ferrari_2019_ferrari_roma,Ferrari Roma,2019,2024,2019,Grand Touring,discontinued,Ferrari 2024 Annual Report,https://cdn.ferrari.com/download/Ferrari_Annual_Report_2024.pdf,manufacturer_report,medium,reviewed,Report states the Roma was phased out during 2024,2026-07-27,Front-engined V8 GT,Roma / Amalfi,Front-engined V8 coupes,1,V8,combustion,front,2+,grand tourer,,,,Ferrari Amalfi,2025,direct,TRUE,,,,,high,FALSE,,ferrari_production_periods.csv,curated Ferrari.com evidence + repository description,,,,,,,,,,,,,,,,,https://cdn.ferrari.com/cms/network/media/img/resize/60d1bd14997c9a7a59e64395-roma?width=1600&height=1080,https://www.ferrari.com/en-EN/auto/ferrari-roma,La nuova Dolce Vita,ferrari_past_models_scraper
ferrari_2019_sf90_stradale,SF90 Stradale,2019,2024,2019,Grand Touring,discontinued,Ferrari 2024 Annual Report,https://cdn.ferrari.com/download/Ferrari_Annual_Report_2024.pdf,manufacturer_report,medium,reviewed,Report states the SF90 Stradale was phased out during 2024,2026-07-27,Hybrid supercar,High-performance AWD hybrid,Hybrid production supercars,1,V8,hybrid,mid,2,supercar,,,,849 Testarossa,2025,direct,TRUE,,,,,high,FALSE,,ferrari_production_periods.csv,curated Ferrari.com evidence + repository description,V8,,1000,7500,,,,,,,,,,,,,https://cdn.ferrari.com/cms/network/media/img/resize/60d1ba1007fbc76f1b331d6f-sf90 stradale?width=1600&height=1080,https://www.ferrari.com/en-EN/auto/sf90-stradale,Beyond Imagination,ferrari_past_models_scraper
ferrari_2019_f8_spider,F8 Spider,2019,2023,2019,Grand Touring,discontinued,Ferrari 2024 Annual Report,https://cdn.ferrari.com/download/Ferrari_Annual_Report_2024.pdf,manufacturer_report,medium,reviewed,Report states F8 Spider deliveries were phased out in Q4 2023,2026-07-27,Mid-engined sports car,Spider / targa,Mid-engined V8 sports cars,,V8,combustion,mid,2,sports car,F8 Tributo,2019,derivative,,,,,,,F8 Tributo,2019,high,FALSE,,ferrari_production_periods.csv,curated Ferrari.com evidence + repository description,V8,,720,,,,,,,,,,,,,,https://cdn.ferrari.com/cms/network/media/img/resize/60d1bbd69fdfa1733415e184-f8 spider?width=1600&height=1080,https://www.ferrari.com/en-EN/auto/f8-spider,Wild at heart,ferrari_past_models_scraper
ferrari_2019_f8_tributo,F8 Tributo,2019,2023,2019,Grand Touring,discontinued,Ferrari 2024 Annual Report,https://cdn.ferrari.com/download/Ferrari_Annual_Report_2024.pdf,manufacturer_report,medium,reviewed,Report states F8 Tributo deliveries were phased out in Q1 2023,2026-07-27,Mid-engined sports car,Berlinetta,Mid-engined V8 sports cars,9,V8,combustion,mid,2,sports car,488 GTB,2015,evolution,296 GTB,2021,spiritual_successor,TRUE,,,,,high,FALSE,"The 296 GTB continues the mid-engined sports-car spirit, but changes from a V8 to a hybrid V6; it is not treated as a technical evolution.",ferrari_production_periods.csv,curated Ferrari.com evidence + repository description,,,,,,,,,,,,,,,,,https://cdn.ferrari.com/cms/network/media/img/resize/60d1bbd688780642c79ba8ca-f8 tributo?width=1600&height=1080,https://www.ferrari.com/en-EN/auto/f8-tributo,Live for the Moment,ferrari_past_models_scraper
ferrari_2020_ferrari_portofino_m,Ferrari Portofino M,2020,2024,2020,Grand Touring,discontinued,Ferrari 2024 Annual Report,https://cdn.ferrari.com/download/Ferrari_Annual_Report_2024.pdf,manufacturer_report,medium,reviewed,Report states the Portofino M was phased out during 2024,2026-07-27,Front-engined V8 GT,Retractable-hardtop GT,California / Portofino,5,V8,combustion,front,2+,grand tourer,Ferrari Portofino,2017,evolution,,,,,,,,,high,FALSE,,ferrari_production_periods.csv,curated Ferrari.com evidence + repository description,V8,3855,620,,,,,,,,,,,,,,https://cdn.ferrari.com/cms/network/media/img/resize/60d1bd1488780642c79ba8ed-portofino m?width=1600&height=1080,https://www.ferrari.com/en-EN/auto/ferrari-portofino-m,A Voyage of Rediscovery,ferrari_past_models_scraper
ferrari_2020_sf90_spider,SF90 Spider,2020,,2020,Grand Touring,unknown,,,,unreviewed,not_in_manual_file,,,Hybrid supercar,High-performance AWD hybrid,SF90,,V8,hybrid,mid,2,supercar,SF90 Stradale,2019,derivative,,,,,,,SF90 Stradale,2019,high,TRUE,,ferrari_past_models.csv,curated Ferrari.com evidence + repository description,V8,,1000,7500,,,,,,,,,,,,,https://cdn.ferrari.com/cms/network/media/img/resize/60d1ba10076bff7cf5f216d8-sf90 spider?width=1600&height=1080,https://www.ferrari.com/en-EN/auto/sf90-spider,Beyond Imagination,ferrari_past_models_scraper
ferrari_2021_812_competizione,812 Competizione,2021,2024,2021,Grand Touring,discontinued,Ferrari 2024 Annual Report,https://cdn.ferrari.com/download/Ferrari_Annual_Report_2024.pdf,manufacturer_report,medium,reviewed,Report states the 812 Competizione was phased out during 2024,2026-07-27,Front-engined V12 two-seat GT,Special series,Front-engined V12 two-seat GT,,V12,combustion,front,2,grand tourer,812 Superfast,2017,derivative,,,,,,,812 Superfast,2017,high,FALSE,,ferrari_production_periods.csv,curated Ferrari.com evidence + repository description,V12,,,,,front,,,,,,,,,,,,https://www.ferrari.com/en-EN/auto/812-competizione,Limited special-series berlinetta derived from the 812 Superfast.,manual_ferrari.com
ferrari_2021_812_competizione_a,812 Competizione A,2021,,2021,Grand Touring,unknown,,,,unreviewed,not_in_manual_file,,,Front-engined V12 two-seat GT,Special series,Front-engined V12 two-seat GT,,V12,combustion,front,2,grand tourer,812 Competizione,2021,derivative,,,,,,,812 Competizione,2021,high,TRUE,,ferrari_past_models.csv,curated Ferrari.com evidence + repository description,V12,,,,,front,,,,,,,,,,,,https://www.ferrari.com/en-EN/auto/812-competizione-a,Open special-series derivative of the 812 Competizione.,manual_ferrari.com
ferrari_2021_daytona_sp3,Daytona SP3,2021,,2021,Grand Touring,unknown,,,,unreviewed,not_in_manual_file,,,Icona limited series,Icona,Icona,2,V12,combustion,mid,2,limited-series,Monza SP2,2018,spiritual_successor,,,,,,,,,high,TRUE,,ferrari_past_models.csv,curated Ferrari.com evidence + repository description,V12,,,,,rear,,,,,,,,,,,,https://www.ferrari.com/en-EN/auto/daytona-sp3,Mid-engined V12 limited-series model in Ferrari's Icona programme.,manual_ferrari.com
ferrari_2021_296_gtb,296 GTB,2021,,2021,Grand Touring,unknown,,,,unreviewed,not_in_manual_file,,,Mid-engined sports car,Berlinetta,Mid-engined sports cars,10,V6,hybrid,mid,2,sports car,F8 Tributo,2019,spiritual_successor,,,,,,,,,high,TRUE,,ferrari_past_models.csv,curated Ferrari.com evidence + repository description,V6,,,,,rear,,,,,,,,,,,,https://www.ferrari.com/en-EN/auto/296-gtb,Mid-engined plug-in hybrid V6 sports berlinetta.,manual_ferrari.com
ferrari_2022_296_gt3,296 GT3,2022,,2022,Sports Prototype,unknown,,,,unreviewed,not_in_manual_file,,,Competition derivatives,Competition GT,Competition GT,,V6,combustion,mid,race-specific,competition,296 GTB,2021,derivative,,,,,,,296 GTB,2021,high,TRUE,,ferrari_past_models.csv,curated Ferrari.com evidence + repository description,V6,,,,,rear,,,,,,,,,,,,https://www.ferrari.com/en-EN/auto/296-gt3,Customer GT racing car developed around the 296 concept.,manual_ferrari.com
ferrari_2022_ferrari_purosangue,Purosangue,2022,,2022,Grand Touring,unknown,,,,unreviewed,not_in_manual_file,,,Front-engined V12 2+2 GT,Four-door performance car,Front-engined V12 four-seat,13,V12,combustion,front,4,grand tourer,GTC4Lusso,2016,spiritual_successor,,,,,,,,,high,TRUE,,ferrari_past_models.csv,curated Ferrari.com evidence + repository description,V12,,,,,front,,,,,,,,,,,,https://www.ferrari.com/en-EN/auto/ferrari-purosangue,"Four-door, four-seat front-mid-engined V12 performance car.",manual_ferrari.com
ferrari_2022_296_gts,296 GTS,2022,,2022,Grand Touring,unknown,,,,unreviewed,not_in_manual_file,,,Mid-engined sports car,Spider / targa,Mid-engined sports cars,,V6,hybrid,mid,2,sports car,296 GTB,2021,derivative,,,,,,,296 GTB,2021,high,TRUE,,ferrari_past_models.csv,curated Ferrari.com evidence + repository description,V6,,,,,rear,,,,,,,,,,,,https://www.ferrari.com/en-EN/auto/296-gts,Open derivative of the 296 GTB hybrid sports car.,manual_ferrari.com
ferrari_2023_296_challenge,296 Challenge,2023,,2023,Sports Prototype,unknown,,,,unreviewed,not_in_manual_file,,,Competition derivatives,Ferrari Challenge,Ferrari Challenge,8,V6,hybrid,mid,race-specific,competition,488 Challenge,2016,direct,,,,,,,,,high,TRUE,,ferrari_past_models.csv,curated Ferrari.com evidence + repository description,V6,,,,,rear,,,,,,,,,,,,https://www.ferrari.com/en-EN/auto/296-challenge,One-make racing successor to the 488 Challenge Evo.,manual_ferrari.com
ferrari_2023_ferrari_roma_spider,Ferrari Roma Spider,2023,,2023,Grand Touring,unknown,,,,unreviewed,not_in_manual_file,,,Front-engined V8 GT,Roma / Amalfi,Roma,,V8,combustion,front,2+,grand tourer,Ferrari Roma,2019,derivative,,,,,,,Ferrari Roma,2019,high,TRUE,Derived from the Roma. Its market relationship with the Portofino M is not represented as direct technical succession.,ferrari_past_models.csv,curated Ferrari.com evidence + repository description,,,,,,,,,,,,,,,,,https://cdn.ferrari.com/cms/network/media/img/resize/640f5410c03a600022ea50fe-ferrari-roma-spider-dynamics-cover-desk?width=1600&height=1080,https://www.ferrari.com/en-EN/auto/ferrari-roma-spider,Ferrari Roma Spider - Dynamics,ferrari_past_models_scraper
ferrari_2023_sf90_xx_spider,SF90 XX Spider,2023,,2023,Grand Touring,unknown,,,,unreviewed,not_in_manual_file,,,Hybrid supercar,High-performance AWD hybrid,Hybrid production supercars,,V8,hybrid,mid,2,supercar,SF90 XX Stradale,2023,derivative,,,,,,,SF90 XX Stradale,2023,high,TRUE,,ferrari_past_models.csv,curated Ferrari.com evidence + repository description,V8,,,,,rear,,,,,,,,,,,,https://www.ferrari.com/en-EN/auto/sf90-xx-spider,Open special-series derivative of the SF90 XX Stradale.,manual_ferrari.com
ferrari_2023_sf90_xx_stradale,SF90 XX Stradale,2023,,2023,Grand Touring,unknown,,,,unreviewed,not_in_manual_file,,,Hybrid supercar,High-performance AWD hybrid,Hybrid production supercars,,V8,hybrid,mid,2,supercar,SF90 Stradale,2019,derivative,,,,,,,SF90 Stradale,2019,high,TRUE,,ferrari_past_models.csv,curated Ferrari.com evidence + repository description,V8,,,,,rear,,,,,,,,,,,,https://www.ferrari.com/en-EN/auto/sf90-xx-stradale,Road-legal special-series derivative of the SF90 Stradale.,manual_ferrari.com
ferrari_2023_499p,499P,2023,,2023,Sports Prototype,unknown,,,,unreviewed,not_in_manual_file,,,Sports-racing prototypes,Mid-engined sports prototype,Top-class endurance prototypes,2,V6,combustion,mid,race-specific,competition,333 SP,1994,spiritual_successor,,,,,,,,,high,TRUE,,ferrari_past_models.csv,curated Ferrari.com evidence + repository description,V6,,,,,rear,,,,,,,,,,,,https://www.ferrari.com/en-EN/hypercar/499p,Factory hybrid Le Mans Hypercar that returned Ferrari to top-class endurance racing.,manual_ferrari.com
ferrari_2023_499p_modificata,499P Modificata,2023,,2023,Sports Prototype,unknown,,,,unreviewed,not_in_manual_file,,,Sports-racing prototypes,Mid-engined sports prototype,Top-class endurance prototypes,,V6,combustion,mid,race-specific,competition,499P,2023,derivative,,,,,,,499P,2023,high,TRUE,,ferrari_past_models.csv,curated Ferrari.com evidence + repository description,V6,,,,,rear,,,,,,,,,,,,https://www.ferrari.com/en-EN/auto/499p-modificata,Non-competitive track-only derivative of the 499P.,manual_ferrari.com
ferrari_2024_ferrari_12cilindri,12Cilindri,2024,,2024,Grand Touring,unknown,,,,unreviewed,not_in_manual_file,,,Front-engined V12 two-seat GT,Berlinetta / coupe,Front-engined V12 two-seat GT,7,V12,combustion,front,2,grand tourer,812 Superfast,2017,direct,,,,,,,,,high,TRUE,,ferrari_past_models.csv,curated Ferrari.com evidence + repository description,V12,6496,830,9250,340,front,longitudinal,65,13.5,94,78,1560,2700,4733,2176,1292,,https://www.ferrari.com/en-EN/auto/ferrari-12cilindri,Front-mid-engined two-seat V12 grand tourer launched in 2024; official successor to the 812 Superfast.,manual_ferrari.com
ferrari_2024_ferrari_12cilindri_spider,12Cilindri Spider,2024,,2024,Grand Touring,unknown,,,,unreviewed,not_in_manual_file,,,Front-engined V12 two-seat GT,Spider / cabriolet,Front-engined V12 two-seat GT,,V12,combustion,front,2,grand tourer,12Cilindri,2024,derivative,,,,,,,12Cilindri,2024,high,TRUE,,ferrari_past_models.csv,curated Ferrari.com evidence + repository description,V12,,,,,front,,,,,,,,,,,,https://www.ferrari.com/en-EN/auto/ferrari-12cilindri-spider,Open derivative launched alongside the 12Cilindri berlinetta.,manual_ferrari.com
ferrari_2024_f80,F80,2024,,2024,Grand Touring,unknown,,,,unreviewed,not_in_manual_file,,,Limited-series halo,Big Five / halo,Ferrari halo lineage,6,V6,hybrid,mid,2,halo,LaFerrari,2013,spiritual_successor,,,,,,,,,high,TRUE,,ferrari_past_models.csv,curated Ferrari.com evidence + repository description,V6,,,,,rear,,,,,,,,,,,,https://www.ferrari.com/en-EN/auto/f80,Limited-series hybrid halo successor to LaFerrari.,manual_ferrari.com
ferrari_2025_ferrari_amalfi,Ferrari Amalfi,2025,,2025,Grand Touring,unknown,,,,unreviewed,not_in_manual_file,,,Front-engined V8 GT,Roma / Amalfi,Front-engined V8 coupes,2,V8,combustion,front,2+,grand tourer,Ferrari Roma,2019,direct,,,,,,,,,high,TRUE,,ferrari_past_models.csv,curated Ferrari.com evidence + repository description,V8,,,,,front,,,,,,,,,,,,https://www.ferrari.com/en-EN/auto/ferrari-amalfi,Front-mid-engined V8 2+ grand tourer succeeding the Roma.,manual_ferrari.com
ferrari_2025_849_testarossa,849 Testarossa,2025,,2025,Grand Touring,unknown,,,,unreviewed,not_in_manual_file,,,Hybrid supercar,High-performance AWD hybrid,Hybrid production supercars,2,V8,hybrid,mid,2,supercar,SF90 Stradale,2019,direct,,,,,,,,,high,TRUE,,ferrari_past_models.csv,curated Ferrari.com evidence + repository description,V8,,,,,rear,,,,,,,,,,,,https://www.ferrari.com/en-EN/auto/849-testarossa,Plug-in hybrid V8 supercar succeeding the SF90 Stradale.,manual_ferrari.com
ferrari_2025_296_speciale,296 Speciale,2025,,2025,Grand Touring,unknown,,,,unreviewed,not_in_manual_file,,,Mid-engined sports car,Special series,Mid-engined sports cars,,V6,hybrid,mid,2,sports car,296 GTB,2021,derivative,,,,,,,296 GTB,2021,high,TRUE,,ferrari_past_models.csv,curated Ferrari.com evidence + repository description,V6,,,,,rear,,,,,,,,,,,,https://www.ferrari.com/en-EN/auto/296-speciale,Special-series evolution of the 296 GTB.,manual_ferrari.com
ferrari_2025_296_speciale_a,296 Speciale A,2025,,2025,Grand Touring,unknown,,,,unreviewed,not_in_manual_file,,,Mid-engined sports car,Spider / targa,Mid-engined sports cars,,V6,hybrid,mid,2,sports car,296 Speciale,2025,derivative,,,,,,,296 Speciale,2025,high,TRUE,,ferrari_past_models.csv,curated Ferrari.com evidence + repository description,V6,,,,,rear,,,,,,,,,,,,https://www.ferrari.com/en-EN/auto/296-speciale-a,Open derivative of the 296 Speciale.,manual_ferrari.com
