category,no,title,year,url,spec,value
Austin 1953 1959,013,Austin A40 Somerset Saloon (1953 : B30),1953,https://www.nissan-global.com/EN/HERITAGE_COLLECTION/austin_a40_somerset.html,overall_length,"4,050mm"
Austin 1953 1959,013,Austin A40 Somerset Saloon (1953 : B30),1953,https://www.nissan-global.com/EN/HERITAGE_COLLECTION/austin_a40_somerset.html,overall_width,"1,600mm"
Austin 1953 1959,013,Austin A40 Somerset Saloon (1953 : B30),1953,https://www.nissan-global.com/EN/HERITAGE_COLLECTION/austin_a40_somerset.html,overall_height,"1,630mm"
Austin 1953 1959,013,Austin A40 Somerset Saloon (1953 : B30),1953,https://www.nissan-global.com/EN/HERITAGE_COLLECTION/austin_a40_somerset.html,wheelbase,"2,350mm"
Austin 1953 1959,013,Austin A40 Somerset Saloon (1953 : B30),1953,https://www.nissan-global.com/EN/HERITAGE_COLLECTION/austin_a40_somerset.html,curb_weight,"1,020kg"
Austin 1953 1959,013,Austin A40 Somerset Saloon (1953 : B30),1953,https://www.nissan-global.com/EN/HERITAGE_COLLECTION/austin_a40_somerset.html,engine,"Type 1G (4-cyl. in line, OHV)"
Austin 1953 1959,013,Austin A40 Somerset Saloon (1953 : B30),1953,https://www.nissan-global.com/EN/HERITAGE_COLLECTION/austin_a40_somerset.html,engine_displacement,"1,197cc"
Austin 1953 1959,013,Austin A40 Somerset Saloon (1953 : B30),1953,https://www.nissan-global.com/EN/HERITAGE_COLLECTION/austin_a40_somerset.html,engine_max_power,"31kW (42PS)/4,500rpm"
Austin 1953 1959,013,Austin A40 Somerset Saloon (1953 : B30),1953,https://www.nissan-global.com/EN/HERITAGE_COLLECTION/austin_a40_somerset.html,top_speed,109km/h
Austin 1953 1959,013,Austin A40 Somerset Saloon (1953 : B30),1953,https://www.nissan-global.com/EN/HERITAGE_COLLECTION/austin_a40_somerset.html,seating_capacity,4
Austin 1953 1959,022,Austin A50 Cambridge Saloon (1959 : B131),1959,https://www.nissan-global.com/EN/HERITAGE_COLLECTION/austin_a50_navy_blue.html,overall_length,"4,120mm"
Austin 1953 1959,022,Austin A50 Cambridge Saloon (1959 : B131),1959,https://www.nissan-global.com/EN/HERITAGE_COLLECTION/austin_a50_navy_blue.html,overall_width,"1,580mm"
Austin 1953 1959,022,Austin A50 Cambridge Saloon (1959 : B131),1959,https://www.nissan-global.com/EN/HERITAGE_COLLECTION/austin_a50_navy_blue.html,overall_height,"1,590mm"
Austin 1953 1959,022,Austin A50 Cambridge Saloon (1959 : B131),1959,https://www.nissan-global.com/EN/HERITAGE_COLLECTION/austin_a50_navy_blue.html,wheelbase,"2,520mm"
Austin 1953 1959,022,Austin A50 Cambridge Saloon (1959 : B131),1959,https://www.nissan-global.com/EN/HERITAGE_COLLECTION/austin_a50_navy_blue.html,curb_weight,"1,085kg"
Austin 1953 1959,022,Austin A50 Cambridge Saloon (1959 : B131),1959,https://www.nissan-global.com/EN/HERITAGE_COLLECTION/austin_a50_navy_blue.html,engine,"Type 1H (4-cyl. in line, OHV)"
Austin 1953 1959,022,Austin A50 Cambridge Saloon (1959 : B131),1959,https://www.nissan-global.com/EN/HERITAGE_COLLECTION/austin_a50_navy_blue.html,engine_displacement,"1,489cc"
Austin 1953 1959,022,Austin A50 Cambridge Saloon (1959 : B131),1959,https://www.nissan-global.com/EN/HERITAGE_COLLECTION/austin_a50_navy_blue.html,engine_max_power,"42kW (57PS)/4,400rpm"
Austin 1953 1959,022,Austin A50 Cambridge Saloon (1959 : B131),1959,https://www.nissan-global.com/EN/HERITAGE_COLLECTION/austin_a50_navy_blue.html,top_speed,130km/h
Austin 1953 1959,022,Austin A50 Cambridge Saloon (1959 : B131),1959,https://www.nissan-global.com/EN/HERITAGE_COLLECTION/austin_a50_navy_blue.html,seating_capacity,6
Austin 1953 1959,021,Austin A50 Cambridge Saloon (1959 : B131),1959,https://www.nissan-global.com/EN/HERITAGE_COLLECTION/austin_a50_cambridge_red_whi.html,overall_length,"4,120mm (4,110mm)"
Austin 1953 1959,021,Austin A50 Cambridge Saloon (1959 : B131),1959,https://www.nissan-global.com/EN/HERITAGE_COLLECTION/austin_a50_cambridge_red_whi.html,overall_width,"1,580mm"
Austin 1953 1959,021,Austin A50 Cambridge Saloon (1959 : B131),1959,https://www.nissan-global.com/EN/HERITAGE_COLLECTION/austin_a50_cambridge_red_whi.html,overall_height,"1,590mm (1,570mm)"
Austin 1953 1959,021,Austin A50 Cambridge Saloon (1959 : B131),1959,https://www.nissan-global.com/EN/HERITAGE_COLLECTION/austin_a50_cambridge_red_whi.html,wheelbase,"2,520mm (2,510mm)"
Austin 1953 1959,021,Austin A50 Cambridge Saloon (1959 : B131),1959,https://www.nissan-global.com/EN/HERITAGE_COLLECTION/austin_a50_cambridge_red_whi.html,curb_weight,"1,085kg (1,070kg)"
Austin 1953 1959,021,Austin A50 Cambridge Saloon (1959 : B131),1959,https://www.nissan-global.com/EN/HERITAGE_COLLECTION/austin_a50_cambridge_red_whi.html,engine,"Type 1H (4-cyl. in line, OHV)"
Austin 1953 1959,021,Austin A50 Cambridge Saloon (1959 : B131),1959,https://www.nissan-global.com/EN/HERITAGE_COLLECTION/austin_a50_cambridge_red_whi.html,engine_displacement,"1,489cc"
Austin 1953 1959,021,Austin A50 Cambridge Saloon (1959 : B131),1959,https://www.nissan-global.com/EN/HERITAGE_COLLECTION/austin_a50_cambridge_red_whi.html,engine_max_power,"42kW=57PS (37kW=50PS)/4,400rpm"
Austin 1953 1959,021,Austin A50 Cambridge Saloon (1959 : B131),1959,https://www.nissan-global.com/EN/HERITAGE_COLLECTION/austin_a50_cambridge_red_whi.html,top_speed,130km/h (128km/h)
Austin 1953 1959,021,Austin A50 Cambridge Saloon (1959 : B131),1959,https://www.nissan-global.com/EN/HERITAGE_COLLECTION/austin_a50_cambridge_red_whi.html,seating_capacity,6 (5)
Bluebird,233,Datsun Bluebird 1200 Standard (1959 : P310),1959,https://www.nissan-global.com/EN/HERITAGE_COLLECTION/datsun_bluebird_1200_standard.html,overall_length_width_height,"3,860/1,496/1,480mm"
Bluebird,233,Datsun Bluebird 1200 Standard (1959 : P310),1959,https://www.nissan-global.com/EN/HERITAGE_COLLECTION/datsun_bluebird_1200_standard.html,wheelbase,"2,280mm"
Bluebird,233,Datsun Bluebird 1200 Standard (1959 : P310),1959,https://www.nissan-global.com/EN/HERITAGE_COLLECTION/datsun_bluebird_1200_standard.html,tread_front_rear,"1,209/1,194mm"
Bluebird,233,Datsun Bluebird 1200 Standard (1959 : P310),1959,https://www.nissan-global.com/EN/HERITAGE_COLLECTION/datsun_bluebird_1200_standard.html,curb_weight,870kg
Bluebird,233,Datsun Bluebird 1200 Standard (1959 : P310),1959,https://www.nissan-global.com/EN/HERITAGE_COLLECTION/datsun_bluebird_1200_standard.html,engine,"E (4-cyl. in line, OHV), 1,189cc"
Bluebird,233,Datsun Bluebird 1200 Standard (1959 : P310),1959,https://www.nissan-global.com/EN/HERITAGE_COLLECTION/datsun_bluebird_1200_standard.html,engine_max_power,"32kW (43PS)/4,800rpm"
Bluebird,233,Datsun Bluebird 1200 Standard (1959 : P310),1959,https://www.nissan-global.com/EN/HERITAGE_COLLECTION/datsun_bluebird_1200_standard.html,engine_max_torque,"82Nm (8.4kgm)/2,400rpm"
Bluebird,233,Datsun Bluebird 1200 Standard (1959 : P310),1959,https://www.nissan-global.com/EN/HERITAGE_COLLECTION/datsun_bluebird_1200_standard.html,transmission,"3-speed, column shift"
Bluebird,233,Datsun Bluebird 1200 Standard (1959 : P310),1959,https://www.nissan-global.com/EN/HERITAGE_COLLECTION/datsun_bluebird_1200_standard.html,suspension_front_rear,"Coil, semi-elliptic leaf"
Bluebird,233,Datsun Bluebird 1200 Standard (1959 : P310),1959,https://www.nissan-global.com/EN/HERITAGE_COLLECTION/datsun_bluebird_1200_standard.html,seating_capacity,5
Bluebird,233,Datsun Bluebird 1200 Standard (1959 : P310),1959,https://www.nissan-global.com/EN/HERITAGE_COLLECTION/datsun_bluebird_1200_standard.html,top_speed,120km/h
Bluebird,024,Datsun Bluebird 1200 Deluxe (1960 : P311),1960,https://www.nissan-global.com/EN/HERITAGE_COLLECTION/datsun_bluebird_1200_dx_1960.html,overall_length,"3,910mm"
Bluebird,024,Datsun Bluebird 1200 Deluxe (1960 : P311),1960,https://www.nissan-global.com/EN/HERITAGE_COLLECTION/datsun_bluebird_1200_dx_1960.html,overall_width,"1,496mm"
Bluebird,024,Datsun Bluebird 1200 Deluxe (1960 : P311),1960,https://www.nissan-global.com/EN/HERITAGE_COLLECTION/datsun_bluebird_1200_dx_1960.html,overall_height,"1,475mm"
Bluebird,024,Datsun Bluebird 1200 Deluxe (1960 : P311),1960,https://www.nissan-global.com/EN/HERITAGE_COLLECTION/datsun_bluebird_1200_dx_1960.html,wheelbase,"2,280mm"
Bluebird,024,Datsun Bluebird 1200 Deluxe (1960 : P311),1960,https://www.nissan-global.com/EN/HERITAGE_COLLECTION/datsun_bluebird_1200_dx_1960.html,curb_weight,900kg
Bluebird,024,Datsun Bluebird 1200 Deluxe (1960 : P311),1960,https://www.nissan-global.com/EN/HERITAGE_COLLECTION/datsun_bluebird_1200_dx_1960.html,engine,"E1 (4-cyl. in line, OHV)"
Bluebird,024,Datsun Bluebird 1200 Deluxe (1960 : P311),1960,https://www.nissan-global.com/EN/HERITAGE_COLLECTION/datsun_bluebird_1200_dx_1960.html,engine_displacement,"1,189cc"
Bluebird,024,Datsun Bluebird 1200 Deluxe (1960 : P311),1960,https://www.nissan-global.com/EN/HERITAGE_COLLECTION/datsun_bluebird_1200_dx_1960.html,engine_max_power,"40kW (55PS)/4,800rpm"
Bluebird,024,Datsun Bluebird 1200 Deluxe (1960 : P311),1960,https://www.nissan-global.com/EN/HERITAGE_COLLECTION/datsun_bluebird_1200_dx_1960.html,engine_max_torque,"86Nm (8.8kgm)/3,600rpm"
Bluebird,024,Datsun Bluebird 1200 Deluxe (1960 : P311),1960,https://www.nissan-global.com/EN/HERITAGE_COLLECTION/datsun_bluebird_1200_dx_1960.html,top_speed,120km/h
Bluebird,026,Datsun Bluebird 1200 Deluxe (1961 : P311),1961,https://www.nissan-global.com/EN/HERITAGE_COLLECTION/datsun_bluebird_1200_dx_blue.html,overall_length,"3,910mm"
Bluebird,026,Datsun Bluebird 1200 Deluxe (1961 : P311),1961,https://www.nissan-global.com/EN/HERITAGE_COLLECTION/datsun_bluebird_1200_dx_blue.html,overall_width,"1,496mm"
Bluebird,026,Datsun Bluebird 1200 Deluxe (1961 : P311),1961,https://www.nissan-global.com/EN/HERITAGE_COLLECTION/datsun_bluebird_1200_dx_blue.html,overall_height,"1,475mm"
Bluebird,026,Datsun Bluebird 1200 Deluxe (1961 : P311),1961,https://www.nissan-global.com/EN/HERITAGE_COLLECTION/datsun_bluebird_1200_dx_blue.html,wheelbase,"2,280mm"
Bluebird,026,Datsun Bluebird 1200 Deluxe (1961 : P311),1961,https://www.nissan-global.com/EN/HERITAGE_COLLECTION/datsun_bluebird_1200_dx_blue.html,curb_weight,900kg
Bluebird,026,Datsun Bluebird 1200 Deluxe (1961 : P311),1961,https://www.nissan-global.com/EN/HERITAGE_COLLECTION/datsun_bluebird_1200_dx_blue.html,engine,"E1 (4-cyl. in line, OHV)"
Bluebird,026,Datsun Bluebird 1200 Deluxe (1961 : P311),1961,https://www.nissan-global.com/EN/HERITAGE_COLLECTION/datsun_bluebird_1200_dx_blue.html,engine_displacement,"1,189cc"
Bluebird,026,Datsun Bluebird 1200 Deluxe (1961 : P311),1961,https://www.nissan-global.com/EN/HERITAGE_COLLECTION/datsun_bluebird_1200_dx_blue.html,engine_max_power,"40kW (55PS)/4,800rpm"
Bluebird,026,Datsun Bluebird 1200 Deluxe (1961 : P311),1961,https://www.nissan-global.com/EN/HERITAGE_COLLECTION/datsun_bluebird_1200_dx_blue.html,engine_max_torque,"86Nm (8.8kgm)/3,600rpm"
Bluebird,026,Datsun Bluebird 1200 Deluxe (1961 : P311),1961,https://www.nissan-global.com/EN/HERITAGE_COLLECTION/datsun_bluebird_1200_dx_blue.html,top_speed,120km/h
Bluebird,025,Datsun Bluebird 1200 Deluxe (1961 : P311),1961,https://www.nissan-global.com/EN/HERITAGE_COLLECTION/datsun_bluebird_1200_dx_black.html,overall_length,"3,910mm"
Bluebird,025,Datsun Bluebird 1200 Deluxe (1961 : P311),1961,https://www.nissan-global.com/EN/HERITAGE_COLLECTION/datsun_bluebird_1200_dx_black.html,overall_width,"1,496mm"
Bluebird,025,Datsun Bluebird 1200 Deluxe (1961 : P311),1961,https://www.nissan-global.com/EN/HERITAGE_COLLECTION/datsun_bluebird_1200_dx_black.html,overall_height,"1,475mm"
Bluebird,025,Datsun Bluebird 1200 Deluxe (1961 : P311),1961,https://www.nissan-global.com/EN/HERITAGE_COLLECTION/datsun_bluebird_1200_dx_black.html,wheelbase,"2,280mm"
Bluebird,025,Datsun Bluebird 1200 Deluxe (1961 : P311),1961,https://www.nissan-global.com/EN/HERITAGE_COLLECTION/datsun_bluebird_1200_dx_black.html,curb_weight,900kg
Bluebird,025,Datsun Bluebird 1200 Deluxe (1961 : P311),1961,https://www.nissan-global.com/EN/HERITAGE_COLLECTION/datsun_bluebird_1200_dx_black.html,engine,"E1 (4-cyl. in line, OHV)"
Bluebird,025,Datsun Bluebird 1200 Deluxe (1961 : P311),1961,https://www.nissan-global.com/EN/HERITAGE_COLLECTION/datsun_bluebird_1200_dx_black.html,engine_displacement,"1,189cc"
Bluebird,025,Datsun Bluebird 1200 Deluxe (1961 : P311),1961,https://www.nissan-global.com/EN/HERITAGE_COLLECTION/datsun_bluebird_1200_dx_black.html,engine_max_power,"40kW (55PS)/4,800rpm"
Bluebird,025,Datsun Bluebird 1200 Deluxe (1961 : P311),1961,https://www.nissan-global.com/EN/HERITAGE_COLLECTION/datsun_bluebird_1200_dx_black.html,engine_max_torque,"86Nm (8.8kgm)/3,600rpm"
Bluebird,025,Datsun Bluebird 1200 Deluxe (1961 : P311),1961,https://www.nissan-global.com/EN/HERITAGE_COLLECTION/datsun_bluebird_1200_dx_black.html,top_speed,120km/h
Bluebird,029,Datsun Bluebird 1200 Deluxe (1962 : P312),1962,https://www.nissan-global.com/EN/HERITAGE_COLLECTION/datsun_bluebird_1200dx_1962.html,overall_length_width_height,"3,915/1,496/1,470mm"
Bluebird,029,Datsun Bluebird 1200 Deluxe (1962 : P312),1962,https://www.nissan-global.com/EN/HERITAGE_COLLECTION/datsun_bluebird_1200dx_1962.html,wheelbase,"2,280mm"
Bluebird,029,Datsun Bluebird 1200 Deluxe (1962 : P312),1962,https://www.nissan-global.com/EN/HERITAGE_COLLECTION/datsun_bluebird_1200dx_1962.html,tread_front_rear,"1,209/1,194mm"
Bluebird,029,Datsun Bluebird 1200 Deluxe (1962 : P312),1962,https://www.nissan-global.com/EN/HERITAGE_COLLECTION/datsun_bluebird_1200dx_1962.html,curb_weight,900kg
Bluebird,029,Datsun Bluebird 1200 Deluxe (1962 : P312),1962,https://www.nissan-global.com/EN/HERITAGE_COLLECTION/datsun_bluebird_1200dx_1962.html,engine,"E1 (4-cyl. in line, OHV), 1,189cc"
Bluebird,029,Datsun Bluebird 1200 Deluxe (1962 : P312),1962,https://www.nissan-global.com/EN/HERITAGE_COLLECTION/datsun_bluebird_1200dx_1962.html,engine_max_powerc,"40kW (55PS)/4,800rpm"
Bluebird,029,Datsun Bluebird 1200 Deluxe (1962 : P312),1962,https://www.nissan-global.com/EN/HERITAGE_COLLECTION/datsun_bluebird_1200dx_1962.html,engine_max_torque,"86Nm (8.8kgm)/3,600rpm"
Bluebird,029,Datsun Bluebird 1200 Deluxe (1962 : P312),1962,https://www.nissan-global.com/EN/HERITAGE_COLLECTION/datsun_bluebird_1200dx_1962.html,suspension_front_rear,"Coil, semi-elliptic leaf"
Bluebird,029,Datsun Bluebird 1200 Deluxe (1962 : P312),1962,https://www.nissan-global.com/EN/HERITAGE_COLLECTION/datsun_bluebird_1200dx_1962.html,tires,5.60-13-4PR
Bluebird,029,Datsun Bluebird 1200 Deluxe (1962 : P312),1962,https://www.nissan-global.com/EN/HERITAGE_COLLECTION/datsun_bluebird_1200dx_1962.html,top_speed,120km/h
Bluebird,158,Datsun Bluebird 1200 Fancy Deluxe (1963: DP312),1963,https://www.nissan-global.com/EN/HERITAGE_COLLECTION/158_datsun_bluebird_1200_fancy_dx.html,overall_length_width_height,"3,915/1,496/1,470mm"
Bluebird,158,Datsun Bluebird 1200 Fancy Deluxe (1963: DP312),1963,https://www.nissan-global.com/EN/HERITAGE_COLLECTION/158_datsun_bluebird_1200_fancy_dx.html,wheelbase,"2,280mm"
Bluebird,158,Datsun Bluebird 1200 Fancy Deluxe (1963: DP312),1963,https://www.nissan-global.com/EN/HERITAGE_COLLECTION/158_datsun_bluebird_1200_fancy_dx.html,tread_front_rear,"1,209/1,194mm"
Bluebird,158,Datsun Bluebird 1200 Fancy Deluxe (1963: DP312),1963,https://www.nissan-global.com/EN/HERITAGE_COLLECTION/158_datsun_bluebird_1200_fancy_dx.html,engine,"E1 (4-cyl. in line, OHV) 1,189cc"
Bluebird,158,Datsun Bluebird 1200 Fancy Deluxe (1963: DP312),1963,https://www.nissan-global.com/EN/HERITAGE_COLLECTION/158_datsun_bluebird_1200_fancy_dx.html,engine_max_power,"40.4kw(55ps)/4,800rpm"
Bluebird,158,Datsun Bluebird 1200 Fancy Deluxe (1963: DP312),1963,https://www.nissan-global.com/EN/HERITAGE_COLLECTION/158_datsun_bluebird_1200_fancy_dx.html,engine_max_torque,"87N・m(8.8kgf・m)/3,600rpm"
Bluebird,158,Datsun Bluebird 1200 Fancy Deluxe (1963: DP312),1963,https://www.nissan-global.com/EN/HERITAGE_COLLECTION/158_datsun_bluebird_1200_fancy_dx.html,suspension_front_rear,Double wishbone / Parallel leaf
Bluebird,158,Datsun Bluebird 1200 Fancy Deluxe (1963: DP312),1963,https://www.nissan-global.com/EN/HERITAGE_COLLECTION/158_datsun_bluebird_1200_fancy_dx.html,brakes_front_rear,Drum / Drum
Bluebird,158,Datsun Bluebird 1200 Fancy Deluxe (1963: DP312),1963,https://www.nissan-global.com/EN/HERITAGE_COLLECTION/158_datsun_bluebird_1200_fancy_dx.html,tires,5.60-13-4PR
Bluebird,170,Datsun Bluebird 1200 Deluxe (1964 : DP410),1964,https://www.nissan-global.com/EN/HERITAGE_COLLECTION/datsun_bluebird_1200_dx_White.html,overall_length_width_height,"3,995/1,490/1,440mm"
Bluebird,170,Datsun Bluebird 1200 Deluxe (1964 : DP410),1964,https://www.nissan-global.com/EN/HERITAGE_COLLECTION/datsun_bluebird_1200_dx_White.html,wheelbase,"2,380mm"
Bluebird,170,Datsun Bluebird 1200 Deluxe (1964 : DP410),1964,https://www.nissan-global.com/EN/HERITAGE_COLLECTION/datsun_bluebird_1200_dx_White.html,tread_front_rear,"1,206/1,198mm"
Bluebird,170,Datsun Bluebird 1200 Deluxe (1964 : DP410),1964,https://www.nissan-global.com/EN/HERITAGE_COLLECTION/datsun_bluebird_1200_dx_White.html,curb_weight,915kg
Bluebird,170,Datsun Bluebird 1200 Deluxe (1964 : DP410),1964,https://www.nissan-global.com/EN/HERITAGE_COLLECTION/datsun_bluebird_1200_dx_White.html,engine,"E1 (4-cyl. in line, OHV), 1,189cc"
Bluebird,170,Datsun Bluebird 1200 Deluxe (1964 : DP410),1964,https://www.nissan-global.com/EN/HERITAGE_COLLECTION/datsun_bluebird_1200_dx_White.html,engine_max_power,"40kW (55PS)/4,800rpm"
Bluebird,170,Datsun Bluebird 1200 Deluxe (1964 : DP410),1964,https://www.nissan-global.com/EN/HERITAGE_COLLECTION/datsun_bluebird_1200_dx_White.html,engine_max_torque,"86Nm(8.8kgfm)/3,600rpm"
Bluebird,170,Datsun Bluebird 1200 Deluxe (1964 : DP410),1964,https://www.nissan-global.com/EN/HERITAGE_COLLECTION/datsun_bluebird_1200_dx_White.html,suspension_front_rear,Double wishbone / Parallel leaf
Bluebird,170,Datsun Bluebird 1200 Deluxe (1964 : DP410),1964,https://www.nissan-global.com/EN/HERITAGE_COLLECTION/datsun_bluebird_1200_dx_White.html,suspension_rear,Semi-elliptic leaf
Bluebird,170,Datsun Bluebird 1200 Deluxe (1964 : DP410),1964,https://www.nissan-global.com/EN/HERITAGE_COLLECTION/datsun_bluebird_1200_dx_White.html,brakes_front_rear,Drum / Drum
Bluebird,170,Datsun Bluebird 1200 Deluxe (1964 : DP410),1964,https://www.nissan-global.com/EN/HERITAGE_COLLECTION/datsun_bluebird_1200_dx_White.html,tires,5.60-13-4PR
Bluebird,147,Datsun Bluebird 1200 Deluxe (1965 : P410),1965,https://www.nissan-global.com/EN/HERITAGE_COLLECTION/datsun_bluebird_1200_dx_navy.html,overall_length_width_height,"3,995/1,490/1,440mm"
Bluebird,147,Datsun Bluebird 1200 Deluxe (1965 : P410),1965,https://www.nissan-global.com/EN/HERITAGE_COLLECTION/datsun_bluebird_1200_dx_navy.html,wheelbase,"2,380mm"
Bluebird,147,Datsun Bluebird 1200 Deluxe (1965 : P410),1965,https://www.nissan-global.com/EN/HERITAGE_COLLECTION/datsun_bluebird_1200_dx_navy.html,tread_front_rear,"1,206/1,198mm"
Bluebird,147,Datsun Bluebird 1200 Deluxe (1965 : P410),1965,https://www.nissan-global.com/EN/HERITAGE_COLLECTION/datsun_bluebird_1200_dx_navy.html,curb_weight,915kg
Bluebird,147,Datsun Bluebird 1200 Deluxe (1965 : P410),1965,https://www.nissan-global.com/EN/HERITAGE_COLLECTION/datsun_bluebird_1200_dx_navy.html,engine,"E1 (4-cyl. in line, OHV), 1,189cc"
Bluebird,147,Datsun Bluebird 1200 Deluxe (1965 : P410),1965,https://www.nissan-global.com/EN/HERITAGE_COLLECTION/datsun_bluebird_1200_dx_navy.html,engine_max_power,"40kW (55PS)/4,800rpm"
Bluebird,147,Datsun Bluebird 1200 Deluxe (1965 : P410),1965,https://www.nissan-global.com/EN/HERITAGE_COLLECTION/datsun_bluebird_1200_dx_navy.html,engine_max_torque,"86Nm (8.8kgm)/3,600rpm"
Bluebird,147,Datsun Bluebird 1200 Deluxe (1965 : P410),1965,https://www.nissan-global.com/EN/HERITAGE_COLLECTION/datsun_bluebird_1200_dx_navy.html,suspension_front,Double wishbone
Bluebird,147,Datsun Bluebird 1200 Deluxe (1965 : P410),1965,https://www.nissan-global.com/EN/HERITAGE_COLLECTION/datsun_bluebird_1200_dx_navy.html,suspension_rear,Semi-elliptic leaf
Bluebird,147,Datsun Bluebird 1200 Deluxe (1965 : P410),1965,https://www.nissan-global.com/EN/HERITAGE_COLLECTION/datsun_bluebird_1200_dx_navy.html,brakes,Drum (front & rear)
Bluebird,147,Datsun Bluebird 1200 Deluxe (1965 : P410),1965,https://www.nissan-global.com/EN/HERITAGE_COLLECTION/datsun_bluebird_1200_dx_navy.html,tires,5.60-13-4PR
Bluebird,040,Datsun Bluebird 1300SS (1966 : DP411),1966,https://www.nissan-global.com/EN/HERITAGE_COLLECTION/datsun_bluebird_1300ss_white.html,overall_length_width_height,"4,000/1,490/1,435mm"
Bluebird,040,Datsun Bluebird 1300SS (1966 : DP411),1966,https://www.nissan-global.com/EN/HERITAGE_COLLECTION/datsun_bluebird_1300ss_white.html,wheelbase,"2,380mm"
Bluebird,040,Datsun Bluebird 1300SS (1966 : DP411),1966,https://www.nissan-global.com/EN/HERITAGE_COLLECTION/datsun_bluebird_1300ss_white.html,tread_front_rear,"1,206/1,198mm"
Bluebird,040,Datsun Bluebird 1300SS (1966 : DP411),1966,https://www.nissan-global.com/EN/HERITAGE_COLLECTION/datsun_bluebird_1300ss_white.html,curb_weight,920kg
Bluebird,040,Datsun Bluebird 1300SS (1966 : DP411),1966,https://www.nissan-global.com/EN/HERITAGE_COLLECTION/datsun_bluebird_1300ss_white.html,engine,"J (4-cyl. in line, OHV with SU Twin-carb.), 1,299cc"
Bluebird,040,Datsun Bluebird 1300SS (1966 : DP411),1966,https://www.nissan-global.com/EN/HERITAGE_COLLECTION/datsun_bluebird_1300ss_white.html,engine_max_power,"53kW (72PS)/6,000rpm"
Bluebird,040,Datsun Bluebird 1300SS (1966 : DP411),1966,https://www.nissan-global.com/EN/HERITAGE_COLLECTION/datsun_bluebird_1300ss_white.html,engine_max_torque,"100Nm(10.2kgfm)/3,600rpm"
Bluebird,040,Datsun Bluebird 1300SS (1966 : DP411),1966,https://www.nissan-global.com/EN/HERITAGE_COLLECTION/datsun_bluebird_1300ss_white.html,engine_carburetors,Twin SU
Bluebird,040,Datsun Bluebird 1300SS (1966 : DP411),1966,https://www.nissan-global.com/EN/HERITAGE_COLLECTION/datsun_bluebird_1300ss_white.html,suspension_front_rear,Double wishbone / Parallel leaf
Bluebird,040,Datsun Bluebird 1300SS (1966 : DP411),1966,https://www.nissan-global.com/EN/HERITAGE_COLLECTION/datsun_bluebird_1300ss_white.html,brakes_front_rear,Disc / Drum
Bluebird,040,Datsun Bluebird 1300SS (1966 : DP411),1966,https://www.nissan-global.com/EN/HERITAGE_COLLECTION/datsun_bluebird_1300ss_white.html,tires,5.60-13-4P
Bluebird,042,Datsun Bluebird 1300SS (1966 : DP411),1966,https://www.nissan-global.com/EN/HERITAGE_COLLECTION/datsun_bluebird_1300ss_red.html,overall_length_width_height,"4,000/1,490/1,470mm"
Bluebird,042,Datsun Bluebird 1300SS (1966 : DP411),1966,https://www.nissan-global.com/EN/HERITAGE_COLLECTION/datsun_bluebird_1300ss_red.html,wheelbase,"2,380mm"
Bluebird,042,Datsun Bluebird 1300SS (1966 : DP411),1966,https://www.nissan-global.com/EN/HERITAGE_COLLECTION/datsun_bluebird_1300ss_red.html,tread_front_rear,"1,206/1,198mm"
Bluebird,042,Datsun Bluebird 1300SS (1966 : DP411),1966,https://www.nissan-global.com/EN/HERITAGE_COLLECTION/datsun_bluebird_1300ss_red.html,curb_weight,900kg
Bluebird,042,Datsun Bluebird 1300SS (1966 : DP411),1966,https://www.nissan-global.com/EN/HERITAGE_COLLECTION/datsun_bluebird_1300ss_red.html,engine,"J (4-cyl. in line, OHV with SU Twin-carb.), 1,299cc"
Bluebird,042,Datsun Bluebird 1300SS (1966 : DP411),1966,https://www.nissan-global.com/EN/HERITAGE_COLLECTION/datsun_bluebird_1300ss_red.html,engine_max_power,"59kW(80PS)/6,400rpm"
Bluebird,042,Datsun Bluebird 1300SS (1966 : DP411),1966,https://www.nissan-global.com/EN/HERITAGE_COLLECTION/datsun_bluebird_1300ss_red.html,engine_max_torquec,"108Nm(11.0kgfm)/4,400rpm"
Bluebird,042,Datsun Bluebird 1300SS (1966 : DP411),1966,https://www.nissan-global.com/EN/HERITAGE_COLLECTION/datsun_bluebird_1300ss_red.html,suspension_front_rear,Double wishbone / Parallel leaf
Bluebird,042,Datsun Bluebird 1300SS (1966 : DP411),1966,https://www.nissan-global.com/EN/HERITAGE_COLLECTION/datsun_bluebird_1300ss_red.html,brakes_front_rear,Disc / Drum
Bluebird,042,Datsun Bluebird 1300SS (1966 : DP411),1966,https://www.nissan-global.com/EN/HERITAGE_COLLECTION/datsun_bluebird_1300ss_red.html,tires_dunlop_sp44,5.60-13 DUNLOP SP44
Bluebird,261,Datsun Bluebird 2-door Sedan 1300DX (1966 : P411),1966,https://www.nissan-global.com/EN/HERITAGE_COLLECTION/datsun_bluebird_1300dx.html,overall_length_width_height,"4,000/1,490/1,440mm"
Bluebird,261,Datsun Bluebird 2-door Sedan 1300DX (1966 : P411),1966,https://www.nissan-global.com/EN/HERITAGE_COLLECTION/datsun_bluebird_1300dx.html,wheelbase,"2,380mm"
Bluebird,261,Datsun Bluebird 2-door Sedan 1300DX (1966 : P411),1966,https://www.nissan-global.com/EN/HERITAGE_COLLECTION/datsun_bluebird_1300dx.html,tread,"1,206/1,198mm"
Bluebird,261,Datsun Bluebird 2-door Sedan 1300DX (1966 : P411),1966,https://www.nissan-global.com/EN/HERITAGE_COLLECTION/datsun_bluebird_1300dx.html,curb_weight,910kg
Bluebird,261,Datsun Bluebird 2-door Sedan 1300DX (1966 : P411),1966,https://www.nissan-global.com/EN/HERITAGE_COLLECTION/datsun_bluebird_1300dx.html,engine,"J (4-cyl. in line, OHV) 1,299cc"
Bluebird,261,Datsun Bluebird 2-door Sedan 1300DX (1966 : P411),1966,https://www.nissan-global.com/EN/HERITAGE_COLLECTION/datsun_bluebird_1300dx.html,engine_max_power,"46kW(62ps)/5,000rpm"
Bluebird,261,Datsun Bluebird 2-door Sedan 1300DX (1966 : P411),1966,https://www.nissan-global.com/EN/HERITAGE_COLLECTION/datsun_bluebird_1300dx.html,engine_max_torque,"98N·m(10.0kgm)/2,800rpm"
Bluebird,261,Datsun Bluebird 2-door Sedan 1300DX (1966 : P411),1966,https://www.nissan-global.com/EN/HERITAGE_COLLECTION/datsun_bluebird_1300dx.html,suspension_front_rear,Double wishbone / Parallel leaf
Bluebird,261,Datsun Bluebird 2-door Sedan 1300DX (1966 : P411),1966,https://www.nissan-global.com/EN/HERITAGE_COLLECTION/datsun_bluebird_1300dx.html,brakes_front_rear,Drum / Drum
Bluebird,261,Datsun Bluebird 2-door Sedan 1300DX (1966 : P411),1966,https://www.nissan-global.com/EN/HERITAGE_COLLECTION/datsun_bluebird_1300dx.html,tires,5.60-13-4PR
Bluebird,048,Datsun Bluebird 1300 (1967 : PL411),1967,https://www.nissan-global.com/EN/HERITAGE_COLLECTION/datsun_bluebird_1300.html,overall_length_width_height,"3,995/1,490/1,440mm"
Bluebird,048,Datsun Bluebird 1300 (1967 : PL411),1967,https://www.nissan-global.com/EN/HERITAGE_COLLECTION/datsun_bluebird_1300.html,wheelbase,"2,380mm"
Bluebird,048,Datsun Bluebird 1300 (1967 : PL411),1967,https://www.nissan-global.com/EN/HERITAGE_COLLECTION/datsun_bluebird_1300.html,tread_front_rear,"1,206/1,198mm"
Bluebird,048,Datsun Bluebird 1300 (1967 : PL411),1967,https://www.nissan-global.com/EN/HERITAGE_COLLECTION/datsun_bluebird_1300.html,engine,"J (4-cyl. in line, OHV), 1,299cc"
Bluebird,048,Datsun Bluebird 1300 (1967 : PL411),1967,https://www.nissan-global.com/EN/HERITAGE_COLLECTION/datsun_bluebird_1300.html,enginemax_power,"46kW (62PS)/5,000rpm"
Bluebird,048,Datsun Bluebird 1300 (1967 : PL411),1967,https://www.nissan-global.com/EN/HERITAGE_COLLECTION/datsun_bluebird_1300.html,enginemax_torque,"98Nm (10kgm)/2,800rpmc"
Bluebird,048,Datsun Bluebird 1300 (1967 : PL411),1967,https://www.nissan-global.com/EN/HERITAGE_COLLECTION/datsun_bluebird_1300.html,transmission,"3-speed, column shift"
Bluebird,048,Datsun Bluebird 1300 (1967 : PL411),1967,https://www.nissan-global.com/EN/HERITAGE_COLLECTION/datsun_bluebird_1300.html,suspension_front,Double wishbone
Bluebird,048,Datsun Bluebird 1300 (1967 : PL411),1967,https://www.nissan-global.com/EN/HERITAGE_COLLECTION/datsun_bluebird_1300.html,suspension_rear,Semi-elliptic leaf rigid
Bluebird,048,Datsun Bluebird 1300 (1967 : PL411),1967,https://www.nissan-global.com/EN/HERITAGE_COLLECTION/datsun_bluebird_1300.html,tires,5.60-13-4PR
Bluebird,218,Datsun Bluebird Estate Wagon (1967 : W510),1967,https://www.nissan-global.com/EN/HERITAGE_COLLECTION/datsun_bluebird_estate_wagon.html,overall_length_width_height,"4,145/1,560/1,435mm"
Bluebird,218,Datsun Bluebird Estate Wagon (1967 : W510),1967,https://www.nissan-global.com/EN/HERITAGE_COLLECTION/datsun_bluebird_estate_wagon.html,wheelbase,"2,420mm"
Bluebird,218,Datsun Bluebird Estate Wagon (1967 : W510),1967,https://www.nissan-global.com/EN/HERITAGE_COLLECTION/datsun_bluebird_estate_wagon.html,tread_front_rear,"1,275/1,260mm"
Bluebird,218,Datsun Bluebird Estate Wagon (1967 : W510),1967,https://www.nissan-global.com/EN/HERITAGE_COLLECTION/datsun_bluebird_estate_wagon.html,curb_weight,940kg
Bluebird,218,Datsun Bluebird Estate Wagon (1967 : W510),1967,https://www.nissan-global.com/EN/HERITAGE_COLLECTION/datsun_bluebird_estate_wagon.html,engine,"L13 (4-cyl. in line, OHC), 1,296cc"
Bluebird,218,Datsun Bluebird Estate Wagon (1967 : W510),1967,https://www.nissan-global.com/EN/HERITAGE_COLLECTION/datsun_bluebird_estate_wagon.html,engine_max_power,"53kW (72PS)/6,000rpm"
Bluebird,218,Datsun Bluebird Estate Wagon (1967 : W510),1967,https://www.nissan-global.com/EN/HERITAGE_COLLECTION/datsun_bluebird_estate_wagon.html,engine_max_torque,"103Nm (10.5kgm)/3,600rpm"
Bluebird,218,Datsun Bluebird Estate Wagon (1967 : W510),1967,https://www.nissan-global.com/EN/HERITAGE_COLLECTION/datsun_bluebird_estate_wagon.html,transmission,"3-speed, column shift"
Bluebird,218,Datsun Bluebird Estate Wagon (1967 : W510),1967,https://www.nissan-global.com/EN/HERITAGE_COLLECTION/datsun_bluebird_estate_wagon.html,suspension_front_rear,"Strut, leaf rigid"
Bluebird,218,Datsun Bluebird Estate Wagon (1967 : W510),1967,https://www.nissan-global.com/EN/HERITAGE_COLLECTION/datsun_bluebird_estate_wagon.html,tires,5.60-13-4PR
Bluebird,218,Datsun Bluebird Estate Wagon (1967 : W510),1967,https://www.nissan-global.com/EN/HERITAGE_COLLECTION/datsun_bluebird_estate_wagon.html,top_speed,145km/h
Bluebird,219,Datsun Bluebird 1300 Estate Wagon (1967 : WP411),1967,https://www.nissan-global.com/EN/HERITAGE_COLLECTION/datsun_bluebird_1300_Wagon.html,overall_length_width_height,"3,995/1,490/1,430mm"
Bluebird,219,Datsun Bluebird 1300 Estate Wagon (1967 : WP411),1967,https://www.nissan-global.com/EN/HERITAGE_COLLECTION/datsun_bluebird_1300_Wagon.html,wheelbase,"2,380mm"
Bluebird,219,Datsun Bluebird 1300 Estate Wagon (1967 : WP411),1967,https://www.nissan-global.com/EN/HERITAGE_COLLECTION/datsun_bluebird_1300_Wagon.html,tread_front_rear,"1,240/1,130mm"
Bluebird,219,Datsun Bluebird 1300 Estate Wagon (1967 : WP411),1967,https://www.nissan-global.com/EN/HERITAGE_COLLECTION/datsun_bluebird_1300_Wagon.html,curb_weight,960kg
Bluebird,219,Datsun Bluebird 1300 Estate Wagon (1967 : WP411),1967,https://www.nissan-global.com/EN/HERITAGE_COLLECTION/datsun_bluebird_1300_Wagon.html,engine,"J (4-cyl. in line, OHV), 1,299cc"
Bluebird,219,Datsun Bluebird 1300 Estate Wagon (1967 : WP411),1967,https://www.nissan-global.com/EN/HERITAGE_COLLECTION/datsun_bluebird_1300_Wagon.html,engine_max_power,"46kW (62PS)/5,000rpm"
Bluebird,219,Datsun Bluebird 1300 Estate Wagon (1967 : WP411),1967,https://www.nissan-global.com/EN/HERITAGE_COLLECTION/datsun_bluebird_1300_Wagon.html,engine_max_torque,"98Nm (10kgm)/2,800rpm"
Bluebird,219,Datsun Bluebird 1300 Estate Wagon (1967 : WP411),1967,https://www.nissan-global.com/EN/HERITAGE_COLLECTION/datsun_bluebird_1300_Wagon.html,transmission,"3-speed, column shift"
Bluebird,219,Datsun Bluebird 1300 Estate Wagon (1967 : WP411),1967,https://www.nissan-global.com/EN/HERITAGE_COLLECTION/datsun_bluebird_1300_Wagon.html,suspension_front_rear,"Coil, semi-elliptic leaf"
Bluebird,219,Datsun Bluebird 1300 Estate Wagon (1967 : WP411),1967,https://www.nissan-global.com/EN/HERITAGE_COLLECTION/datsun_bluebird_1300_Wagon.html,tires,5.60-13-4PR
Bluebird,219,Datsun Bluebird 1300 Estate Wagon (1967 : WP411),1967,https://www.nissan-global.com/EN/HERITAGE_COLLECTION/datsun_bluebird_1300_Wagon.html,top_speed,140km/h
Bluebird,054,Datsun Bluebird 1600 Deluxe (1969 : P510),1969,https://www.nissan-global.com/EN/HERITAGE_COLLECTION/datsun_bluebird_1600_deluxe.html,overall_length_width_height,"4,120/1,560/1,410mm"
Bluebird,054,Datsun Bluebird 1600 Deluxe (1969 : P510),1969,https://www.nissan-global.com/EN/HERITAGE_COLLECTION/datsun_bluebird_1600_deluxe.html,wheelbase,"2,420mm"
Bluebird,054,Datsun Bluebird 1600 Deluxe (1969 : P510),1969,https://www.nissan-global.com/EN/HERITAGE_COLLECTION/datsun_bluebird_1600_deluxe.html,tread_front_rear,"1,270/1,280mm"
Bluebird,054,Datsun Bluebird 1600 Deluxe (1969 : P510),1969,https://www.nissan-global.com/EN/HERITAGE_COLLECTION/datsun_bluebird_1600_deluxe.html,curb_weight,930kg
Bluebird,054,Datsun Bluebird 1600 Deluxe (1969 : P510),1969,https://www.nissan-global.com/EN/HERITAGE_COLLECTION/datsun_bluebird_1600_deluxe.html,engine,"L16 (4-cyl. in line OHC), 1,595cc"
Bluebird,054,Datsun Bluebird 1600 Deluxe (1969 : P510),1969,https://www.nissan-global.com/EN/HERITAGE_COLLECTION/datsun_bluebird_1600_deluxe.html,engine_max_power,"68kW(92ps)/6,000rpm"
Bluebird,054,Datsun Bluebird 1600 Deluxe (1969 : P510),1969,https://www.nissan-global.com/EN/HERITAGE_COLLECTION/datsun_bluebird_1600_deluxe.html,engine_max_torque,"129Nm(13.2kgfm)/3,600rpm"
Bluebird,054,Datsun Bluebird 1600 Deluxe (1969 : P510),1969,https://www.nissan-global.com/EN/HERITAGE_COLLECTION/datsun_bluebird_1600_deluxe.html,suspension_front_rear,Strut / Semi-trailing arm (independent)
Bluebird,054,Datsun Bluebird 1600 Deluxe (1969 : P510),1969,https://www.nissan-global.com/EN/HERITAGE_COLLECTION/datsun_bluebird_1600_deluxe.html,brakes_front_rear,Drum / Drum
Bluebird,054,Datsun Bluebird 1600 Deluxe (1969 : P510),1969,https://www.nissan-global.com/EN/HERITAGE_COLLECTION/datsun_bluebird_1600_deluxe.html,tires,5.60-13-4PR
Bluebird,242,Datsun Bluebird 1600SSS Coupe (1969 : KP510),1969,https://www.nissan-global.com/EN/HERITAGE_COLLECTION/datsun_bluebird_1600sss_coupe.html,overall_length_width_height,"4,120/1,560/1,395mm"
Bluebird,242,Datsun Bluebird 1600SSS Coupe (1969 : KP510),1969,https://www.nissan-global.com/EN/HERITAGE_COLLECTION/datsun_bluebird_1600sss_coupe.html,wheelbase,"2,420mm"
Bluebird,242,Datsun Bluebird 1600SSS Coupe (1969 : KP510),1969,https://www.nissan-global.com/EN/HERITAGE_COLLECTION/datsun_bluebird_1600sss_coupe.html,tread_front_rear,"1,270/1,280mm"
Bluebird,242,Datsun Bluebird 1600SSS Coupe (1969 : KP510),1969,https://www.nissan-global.com/EN/HERITAGE_COLLECTION/datsun_bluebird_1600sss_coupe.html,curb_weight,935kg
Bluebird,242,Datsun Bluebird 1600SSS Coupe (1969 : KP510),1969,https://www.nissan-global.com/EN/HERITAGE_COLLECTION/datsun_bluebird_1600sss_coupe.html,engine,"L16 (4-cyl. in line OHC with SU Twin-carb.) 1,595cc"
Bluebird,242,Datsun Bluebird 1600SSS Coupe (1969 : KP510),1969,https://www.nissan-global.com/EN/HERITAGE_COLLECTION/datsun_bluebird_1600sss_coupe.html,engine_max_power,"74kW(100PS)/6,000rpm"
Bluebird,242,Datsun Bluebird 1600SSS Coupe (1969 : KP510),1969,https://www.nissan-global.com/EN/HERITAGE_COLLECTION/datsun_bluebird_1600sss_coupe.html,engine_max_torque,"132Nm(13.5kgm)/4,000rpm"
Bluebird,242,Datsun Bluebird 1600SSS Coupe (1969 : KP510),1969,https://www.nissan-global.com/EN/HERITAGE_COLLECTION/datsun_bluebird_1600sss_coupe.html,suspension_front_rear,Strut / Semi-trailing arm (independent)
Bluebird,242,Datsun Bluebird 1600SSS Coupe (1969 : KP510),1969,https://www.nissan-global.com/EN/HERITAGE_COLLECTION/datsun_bluebird_1600sss_coupe.html,brakes_front_rear,Disc / Drum
Bluebird,242,Datsun Bluebird 1600SSS Coupe (1969 : KP510),1969,https://www.nissan-global.com/EN/HERITAGE_COLLECTION/datsun_bluebird_1600sss_coupe.html,tires,5.60-13-4PR
Bluebird,051,Datsun Bluebird 1600SSS (1970 : P510),1970,https://www.nissan-global.com/EN/HERITAGE_COLLECTION/datsun_bluebird_1600sss.html,overall_length_width_height,"4,070/1,660/1,405mm"
Bluebird,051,Datsun Bluebird 1600SSS (1970 : P510),1970,https://www.nissan-global.com/EN/HERITAGE_COLLECTION/datsun_bluebird_1600sss.html,wheelbase,"2,420mm"
Bluebird,051,Datsun Bluebird 1600SSS (1970 : P510),1970,https://www.nissan-global.com/EN/HERITAGE_COLLECTION/datsun_bluebird_1600sss.html,tread_front_rear,"1,330/1,330mm"
Bluebird,051,Datsun Bluebird 1600SSS (1970 : P510),1970,https://www.nissan-global.com/EN/HERITAGE_COLLECTION/datsun_bluebird_1600sss.html,curb_weight,965kg
Bluebird,051,Datsun Bluebird 1600SSS (1970 : P510),1970,https://www.nissan-global.com/EN/HERITAGE_COLLECTION/datsun_bluebird_1600sss.html,engine,"L16 (4-cyl. in line OHC with SOLEX 44PHH x 2), 1,595cc"
Bluebird,051,Datsun Bluebird 1600SSS (1970 : P510),1970,https://www.nissan-global.com/EN/HERITAGE_COLLECTION/datsun_bluebird_1600sss.html,engine_max_power,"96kW (130ps)/6,800rpm"
Bluebird,051,Datsun Bluebird 1600SSS (1970 : P510),1970,https://www.nissan-global.com/EN/HERITAGE_COLLECTION/datsun_bluebird_1600sss.html,engine_max_torque,"157Nm(16.0kgfm)/4,800rpm"
Bluebird,051,Datsun Bluebird 1600SSS (1970 : P510),1970,https://www.nissan-global.com/EN/HERITAGE_COLLECTION/datsun_bluebird_1600sss.html,suspension_front_rear,Strut / Semi-trailing arm (independent)
Bluebird,051,Datsun Bluebird 1600SSS (1970 : P510),1970,https://www.nissan-global.com/EN/HERITAGE_COLLECTION/datsun_bluebird_1600sss.html,brakes_front_rear,Disc / Drum
Bluebird,051,Datsun Bluebird 1600SSS (1970 : P510),1970,https://www.nissan-global.com/EN/HERITAGE_COLLECTION/datsun_bluebird_1600sss.html,tires,185-70-13 DUNLOP SP44
Bluebird,070,Datsun Bluebird U 1800SSS (1973 : P610),1973,https://www.nissan-global.com/EN/HERITAGE_COLLECTION/datsun_bluebird_u_1800sss.html,overall_length_width_height,"4,215/1,600/1,400mm"
Bluebird,070,Datsun Bluebird U 1800SSS (1973 : P610),1973,https://www.nissan-global.com/EN/HERITAGE_COLLECTION/datsun_bluebird_u_1800sss.html,wheelbase,"2,500mm"
Bluebird,070,Datsun Bluebird U 1800SSS (1973 : P610),1973,https://www.nissan-global.com/EN/HERITAGE_COLLECTION/datsun_bluebird_u_1800sss.html,tread_front_rear,"1,340/1,350mm"
Bluebird,070,Datsun Bluebird U 1800SSS (1973 : P610),1973,https://www.nissan-global.com/EN/HERITAGE_COLLECTION/datsun_bluebird_u_1800sss.html,curb_weight,"1,100kg"
Bluebird,070,Datsun Bluebird U 1800SSS (1973 : P610),1973,https://www.nissan-global.com/EN/HERITAGE_COLLECTION/datsun_bluebird_u_1800sss.html,engine,"L18 (4-cyl. in line, OHC), 1,889cc"
Bluebird,070,Datsun Bluebird U 1800SSS (1973 : P610),1973,https://www.nissan-global.com/EN/HERITAGE_COLLECTION/datsun_bluebird_u_1800sss.html,engine_max_power,"132kW (180PS)/6,800rpm"
Bluebird,070,Datsun Bluebird U 1800SSS (1973 : P610),1973,https://www.nissan-global.com/EN/HERITAGE_COLLECTION/datsun_bluebird_u_1800sss.html,engine_max_torque,"196Nm (20.0kgm)/5,200rpm"
Bluebird,070,Datsun Bluebird U 1800SSS (1973 : P610),1973,https://www.nissan-global.com/EN/HERITAGE_COLLECTION/datsun_bluebird_u_1800sss.html,fuel_injection,ECGI
Bluebird,070,Datsun Bluebird U 1800SSS (1973 : P610),1973,https://www.nissan-global.com/EN/HERITAGE_COLLECTION/datsun_bluebird_u_1800sss.html,brakes_front_rear,"Disc, LT drum"
Bluebird,070,Datsun Bluebird U 1800SSS (1973 : P610),1973,https://www.nissan-global.com/EN/HERITAGE_COLLECTION/datsun_bluebird_u_1800sss.html,suspension_front,McPherson strut
Bluebird,070,Datsun Bluebird U 1800SSS (1973 : P610),1973,https://www.nissan-global.com/EN/HERITAGE_COLLECTION/datsun_bluebird_u_1800sss.html,suspension_rear,Semi trailing-arm
Bluebird,070,Datsun Bluebird U 1800SSS (1973 : P610),1973,https://www.nissan-global.com/EN/HERITAGE_COLLECTION/datsun_bluebird_u_1800sss.html,tires_dunlop_pw81,195/70SR14
Bluebird,072,Datsun Bluebird U 1600GL (1975 : 610),1975,https://www.nissan-global.com/EN/HERITAGE_COLLECTION/bluebird_u_1600gl.html,overall_length_width_height,"4,215/1,600/1,405mm"
Bluebird,072,Datsun Bluebird U 1600GL (1975 : 610),1975,https://www.nissan-global.com/EN/HERITAGE_COLLECTION/bluebird_u_1600gl.html,wheelbase,"2,500mm"
Bluebird,072,Datsun Bluebird U 1600GL (1975 : 610),1975,https://www.nissan-global.com/EN/HERITAGE_COLLECTION/bluebird_u_1600gl.html,tread_front_rear,"1,290/1,300mm"
Bluebird,072,Datsun Bluebird U 1600GL (1975 : 610),1975,https://www.nissan-global.com/EN/HERITAGE_COLLECTION/bluebird_u_1600gl.html,curb_weight,985kg
Bluebird,072,Datsun Bluebird U 1600GL (1975 : 610),1975,https://www.nissan-global.com/EN/HERITAGE_COLLECTION/bluebird_u_1600gl.html,engine,"L16 (4-cyl. in line, OHC), 1,595cc"
Bluebird,072,Datsun Bluebird U 1600GL (1975 : 610),1975,https://www.nissan-global.com/EN/HERITAGE_COLLECTION/bluebird_u_1600gl.html,engine_max_power,"94kW (100PS)/6,000rpm"
Bluebird,072,Datsun Bluebird U 1600GL (1975 : 610),1975,https://www.nissan-global.com/EN/HERITAGE_COLLECTION/bluebird_u_1600gl.html,engine_max_torque,"132Nm (13.5kgm)/4,000rpm"
Bluebird,072,Datsun Bluebird U 1600GL (1975 : 610),1975,https://www.nissan-global.com/EN/HERITAGE_COLLECTION/bluebird_u_1600gl.html,suspension_front,Strut
Bluebird,072,Datsun Bluebird U 1600GL (1975 : 610),1975,https://www.nissan-global.com/EN/HERITAGE_COLLECTION/bluebird_u_1600gl.html,suspension_rear,Semi trailing-arm
Bluebird,072,Datsun Bluebird U 1600GL (1975 : 610),1975,https://www.nissan-global.com/EN/HERITAGE_COLLECTION/bluebird_u_1600gl.html,brakes_front_rear,Disc/drum
Bluebird,072,Datsun Bluebird U 1600GL (1975 : 610),1975,https://www.nissan-global.com/EN/HERITAGE_COLLECTION/bluebird_u_1600gl.html,tires,5.60-13-14
Bluebird,285,Bluebird U 2000GTX (1975: G610),1975,https://www.nissan-global.com/EN/HERITAGE_COLLECTION/bluebird_u_2000gtx.html,overall_length_width_height,"4,420/1,615/1,400mm"
Bluebird,285,Bluebird U 2000GTX (1975: G610),1975,https://www.nissan-global.com/EN/HERITAGE_COLLECTION/bluebird_u_2000gtx.html,wheelbase,"2,650mm"
Bluebird,285,Bluebird U 2000GTX (1975: G610),1975,https://www.nissan-global.com/EN/HERITAGE_COLLECTION/bluebird_u_2000gtx.html,tread_front_rear,"1,365/1,320mm"
Bluebird,285,Bluebird U 2000GTX (1975: G610),1975,https://www.nissan-global.com/EN/HERITAGE_COLLECTION/bluebird_u_2000gtx.html,curb_weight,"1,145kg"
Bluebird,285,Bluebird U 2000GTX (1975: G610),1975,https://www.nissan-global.com/EN/HERITAGE_COLLECTION/bluebird_u_2000gtx.html,engine,"L20 (6-cyl. In line, OHC) 1,998cc"
Bluebird,285,Bluebird U 2000GTX (1975: G610),1975,https://www.nissan-global.com/EN/HERITAGE_COLLECTION/bluebird_u_2000gtx.html,engine_max_power,"92kW(125ps)/6,000rpm"
Bluebird,285,Bluebird U 2000GTX (1975: G610),1975,https://www.nissan-global.com/EN/HERITAGE_COLLECTION/bluebird_u_2000gtx.html,engine_max_torque,"167N·m(17.0kgm)/4,400rpm"
Bluebird,285,Bluebird U 2000GTX (1975: G610),1975,https://www.nissan-global.com/EN/HERITAGE_COLLECTION/bluebird_u_2000gtx.html,suspension_front_rear,Strut / Semi-trailing arm (independent)
Bluebird,285,Bluebird U 2000GTX (1975: G610),1975,https://www.nissan-global.com/EN/HERITAGE_COLLECTION/bluebird_u_2000gtx.html,brakes_front_rear,Disc / Drum
Bluebird,285,Bluebird U 2000GTX (1975: G610),1975,https://www.nissan-global.com/EN/HERITAGE_COLLECTION/bluebird_u_2000gtx.html,tires,6.45S14- 4PR
Bluebird,398,Datsun Bluebird 1800SSS-ES (1976: P810),1976,https://www.nissan-global.com/EN/HERITAGE_COLLECTION/datsun_bluebird_1800sss_es.html,overall_length_width_height,"4,135/1,600/1,300mm"
Bluebird,398,Datsun Bluebird 1800SSS-ES (1976: P810),1976,https://www.nissan-global.com/EN/HERITAGE_COLLECTION/datsun_bluebird_1800sss_es.html,wheelbase,"2,340mm"
Bluebird,398,Datsun Bluebird 1800SSS-ES (1976: P810),1976,https://www.nissan-global.com/EN/HERITAGE_COLLECTION/datsun_bluebird_1800sss_es.html,tread_front_rear,"1,280/1,265mm"
Bluebird,398,Datsun Bluebird 1800SSS-ES (1976: P810),1976,https://www.nissan-global.com/EN/HERITAGE_COLLECTION/datsun_bluebird_1800sss_es.html,curb_weight,990kg
Bluebird,398,Datsun Bluebird 1800SSS-ES (1976: P810),1976,https://www.nissan-global.com/EN/HERITAGE_COLLECTION/datsun_bluebird_1800sss_es.html,engine,"L18E (4-cyl. In line, OHC) 1,770cc"
Bluebird,398,Datsun Bluebird 1800SSS-ES (1976: P810),1976,https://www.nissan-global.com/EN/HERITAGE_COLLECTION/datsun_bluebird_1800sss_es.html,engine_max_power,"85kW(115ps)/6,200rpm"
Bluebird,398,Datsun Bluebird 1800SSS-ES (1976: P810),1976,https://www.nissan-global.com/EN/HERITAGE_COLLECTION/datsun_bluebird_1800sss_es.html,engine_max_torque,"152N·m(15.5kgm)/3,600rpm"
Bluebird,398,Datsun Bluebird 1800SSS-ES (1976: P810),1976,https://www.nissan-global.com/EN/HERITAGE_COLLECTION/datsun_bluebird_1800sss_es.html,suspension_front_rear,Strut / Semi-trailing arm (independent)
Bluebird,398,Datsun Bluebird 1800SSS-ES (1976: P810),1976,https://www.nissan-global.com/EN/HERITAGE_COLLECTION/datsun_bluebird_1800sss_es.html,brakes_front_rear,Disc / Disc
Bluebird,398,Datsun Bluebird 1800SSS-ES (1976: P810),1976,https://www.nissan-global.com/EN/HERITAGE_COLLECTION/datsun_bluebird_1800sss_es.html,tires,185/70HR14
Bluebird,077,Datsun Bluebird 1800SSS (1977 : P810),1977,https://www.nissan-global.com/EN/HERITAGE_COLLECTION/datsun_bluebird_1800sss_1977.html,overall_length_width_height,"4,260/1,630/1,390mm"
Bluebird,077,Datsun Bluebird 1800SSS (1977 : P810),1977,https://www.nissan-global.com/EN/HERITAGE_COLLECTION/datsun_bluebird_1800sss_1977.html,wheelbase,"2,500mm"
Bluebird,077,Datsun Bluebird 1800SSS (1977 : P810),1977,https://www.nissan-global.com/EN/HERITAGE_COLLECTION/datsun_bluebird_1800sss_1977.html,tread_front_rear,"1,350/1,345mm"
Bluebird,077,Datsun Bluebird 1800SSS (1977 : P810),1977,https://www.nissan-global.com/EN/HERITAGE_COLLECTION/datsun_bluebird_1800sss_1977.html,curb_weight,"1,060kg"
Bluebird,077,Datsun Bluebird 1800SSS (1977 : P810),1977,https://www.nissan-global.com/EN/HERITAGE_COLLECTION/datsun_bluebird_1800sss_1977.html,engine,"L18E (4-cyl. in line, OHC), 1,770cc"
Bluebird,077,Datsun Bluebird 1800SSS (1977 : P810),1977,https://www.nissan-global.com/EN/HERITAGE_COLLECTION/datsun_bluebird_1800sss_1977.html,engine_max_power,"77kW (105PS)/6,200rpm"
Bluebird,077,Datsun Bluebird 1800SSS (1977 : P810),1977,https://www.nissan-global.com/EN/HERITAGE_COLLECTION/datsun_bluebird_1800sss_1977.html,engine_max_torque,"147Nm (15.0kgm)/3,600rpm"
Bluebird,077,Datsun Bluebird 1800SSS (1977 : P810),1977,https://www.nissan-global.com/EN/HERITAGE_COLLECTION/datsun_bluebird_1800sss_1977.html,suspension_front,Strut
Bluebird,077,Datsun Bluebird 1800SSS (1977 : P810),1977,https://www.nissan-global.com/EN/HERITAGE_COLLECTION/datsun_bluebird_1800sss_1977.html,suspension_rear,Semi trailing-armc
Bluebird,077,Datsun Bluebird 1800SSS (1977 : P810),1977,https://www.nissan-global.com/EN/HERITAGE_COLLECTION/datsun_bluebird_1800sss_1977.html,tires,185SR14
Bluebird,078,Datsun Bluebird 1800GL (1978 : PJ811),1978,https://www.nissan-global.com/EN/HERITAGE_COLLECTION/datsun_bluebird_1800gl.html,overall_length_width_height,"4,345/1,630/1,390mm"
Bluebird,078,Datsun Bluebird 1800GL (1978 : PJ811),1978,https://www.nissan-global.com/EN/HERITAGE_COLLECTION/datsun_bluebird_1800gl.html,wheelbase,"2,500mm"
Bluebird,078,Datsun Bluebird 1800GL (1978 : PJ811),1978,https://www.nissan-global.com/EN/HERITAGE_COLLECTION/datsun_bluebird_1800gl.html,tread_front_rear,"1,345/1,350mm"
Bluebird,078,Datsun Bluebird 1800GL (1978 : PJ811),1978,https://www.nissan-global.com/EN/HERITAGE_COLLECTION/datsun_bluebird_1800gl.html,curb_weight,"1,010kg"
Bluebird,078,Datsun Bluebird 1800GL (1978 : PJ811),1978,https://www.nissan-global.com/EN/HERITAGE_COLLECTION/datsun_bluebird_1800gl.html,engine,"Z18 (4-cyl. in line, OHC), 1,770cc"
Bluebird,078,Datsun Bluebird 1800GL (1978 : PJ811),1978,https://www.nissan-global.com/EN/HERITAGE_COLLECTION/datsun_bluebird_1800gl.html,engine_max_power,"77kW (105PS)/6,000rpm"
Bluebird,078,Datsun Bluebird 1800GL (1978 : PJ811),1978,https://www.nissan-global.com/EN/HERITAGE_COLLECTION/datsun_bluebird_1800gl.html,engine_max_torque,"147Nm (15.0kgm)/3,600rpm"
Bluebird,078,Datsun Bluebird 1800GL (1978 : PJ811),1978,https://www.nissan-global.com/EN/HERITAGE_COLLECTION/datsun_bluebird_1800gl.html,suspension_front,Strut
Bluebird,078,Datsun Bluebird 1800GL (1978 : PJ811),1978,https://www.nissan-global.com/EN/HERITAGE_COLLECTION/datsun_bluebird_1800gl.html,suspension_rear,Semi-elliptic leaf
Bluebird,078,Datsun Bluebird 1800GL (1978 : PJ811),1978,https://www.nissan-global.com/EN/HERITAGE_COLLECTION/datsun_bluebird_1800gl.html,brakes_front_rear,Disc/drum
Bluebird,078,Datsun Bluebird 1800GL (1978 : PJ811),1978,https://www.nissan-global.com/EN/HERITAGE_COLLECTION/datsun_bluebird_1800gl.html,tires,175SR13
Bluebird,086,Datsun Bluebird 1800SSS (1979: KP910),1979,https://www.nissan-global.com/EN/HERITAGE_COLLECTION/datsun_bluebird_1800sss_1979.html,overall_length_width_height,"4,360/1,655/1,370mm"
Bluebird,086,Datsun Bluebird 1800SSS (1979: KP910),1979,https://www.nissan-global.com/EN/HERITAGE_COLLECTION/datsun_bluebird_1800sss_1979.html,wheelbase,"2,525mm"
Bluebird,086,Datsun Bluebird 1800SSS (1979: KP910),1979,https://www.nissan-global.com/EN/HERITAGE_COLLECTION/datsun_bluebird_1800sss_1979.html,tread_front_rear,"1,380/1,355mm"
Bluebird,086,Datsun Bluebird 1800SSS (1979: KP910),1979,https://www.nissan-global.com/EN/HERITAGE_COLLECTION/datsun_bluebird_1800sss_1979.html,curb_weight,"1,050kg"
Bluebird,086,Datsun Bluebird 1800SSS (1979: KP910),1979,https://www.nissan-global.com/EN/HERITAGE_COLLECTION/datsun_bluebird_1800sss_1979.html,engine,"Z18 (4-cyl. in line, OHC), 1,770cc"
Bluebird,086,Datsun Bluebird 1800SSS (1979: KP910),1979,https://www.nissan-global.com/EN/HERITAGE_COLLECTION/datsun_bluebird_1800sss_1979.html,engine_max_power,"77kW (105PS)/6,000rpm"
Bluebird,086,Datsun Bluebird 1800SSS (1979: KP910),1979,https://www.nissan-global.com/EN/HERITAGE_COLLECTION/datsun_bluebird_1800sss_1979.html,engine_max_torque,"147N·m (15.0kgm)/3,600rpm"
Bluebird,086,Datsun Bluebird 1800SSS (1979: KP910),1979,https://www.nissan-global.com/EN/HERITAGE_COLLECTION/datsun_bluebird_1800sss_1979.html,suspension_front,Strut
Bluebird,086,Datsun Bluebird 1800SSS (1979: KP910),1979,https://www.nissan-global.com/EN/HERITAGE_COLLECTION/datsun_bluebird_1800sss_1979.html,suspension_rear,Semi trailing-arm
Bluebird,086,Datsun Bluebird 1800SSS (1979: KP910),1979,https://www.nissan-global.com/EN/HERITAGE_COLLECTION/datsun_bluebird_1800sss_1979.html,tires,165SR14
Bluebird,096,Datsun Bluebird 2000SSS-EX (1981 : Y910),1981,https://www.nissan-global.com/EN/HERITAGE_COLLECTION/datsun_bluebird_2000sss_ex.html,overall_length_width_height,"4,510/1,655/1,385mm"
Bluebird,096,Datsun Bluebird 2000SSS-EX (1981 : Y910),1981,https://www.nissan-global.com/EN/HERITAGE_COLLECTION/datsun_bluebird_2000sss_ex.html,wheelbase,"2,525mm"
Bluebird,096,Datsun Bluebird 2000SSS-EX (1981 : Y910),1981,https://www.nissan-global.com/EN/HERITAGE_COLLECTION/datsun_bluebird_2000sss_ex.html,tread_front_rear,"1,380/1,360mm"
Bluebird,096,Datsun Bluebird 2000SSS-EX (1981 : Y910),1981,https://www.nissan-global.com/EN/HERITAGE_COLLECTION/datsun_bluebird_2000sss_ex.html,curb_weight,"1,135kg"
Bluebird,096,Datsun Bluebird 2000SSS-EX (1981 : Y910),1981,https://www.nissan-global.com/EN/HERITAGE_COLLECTION/datsun_bluebird_2000sss_ex.html,engine,"Z20E (4-cyl. in line, OHC), 1,952cc"
Bluebird,096,Datsun Bluebird 2000SSS-EX (1981 : Y910),1981,https://www.nissan-global.com/EN/HERITAGE_COLLECTION/datsun_bluebird_2000sss_ex.html,engine_max_power,"88kW (120PS)/5,600rpm"
Bluebird,096,Datsun Bluebird 2000SSS-EX (1981 : Y910),1981,https://www.nissan-global.com/EN/HERITAGE_COLLECTION/datsun_bluebird_2000sss_ex.html,engine_max_torque,"167Nm (17.0kgm)/3,600rpm"
Bluebird,096,Datsun Bluebird 2000SSS-EX (1981 : Y910),1981,https://www.nissan-global.com/EN/HERITAGE_COLLECTION/datsun_bluebird_2000sss_ex.html,suspension_front_rear,"Strut, semi trailing-arm"
Bluebird,096,Datsun Bluebird 2000SSS-EX (1981 : Y910),1981,https://www.nissan-global.com/EN/HERITAGE_COLLECTION/datsun_bluebird_2000sss_ex.html,brakes,Disc (front & rear)
Bluebird,096,Datsun Bluebird 2000SSS-EX (1981 : Y910),1981,https://www.nissan-global.com/EN/HERITAGE_COLLECTION/datsun_bluebird_2000sss_ex.html,tires,185/70HR14
Bluebird,203,Datsun Bluebird 4H/T 1800 Turbo SSS-E/ G (1982 : KP910),1982,https://www.nissan-global.com/EN/HERITAGE_COLLECTION/datsun_bluebird_1800_turbo.html,overall_length_width_height,"4,510/1,655/1,370mm"
Bluebird,203,Datsun Bluebird 4H/T 1800 Turbo SSS-E/ G (1982 : KP910),1982,https://www.nissan-global.com/EN/HERITAGE_COLLECTION/datsun_bluebird_1800_turbo.html,wheelbase,"2,525mm"
Bluebird,203,Datsun Bluebird 4H/T 1800 Turbo SSS-E/ G (1982 : KP910),1982,https://www.nissan-global.com/EN/HERITAGE_COLLECTION/datsun_bluebird_1800_turbo.html,tread_front_rear,"1,380/1,360mm"
Bluebird,203,Datsun Bluebird 4H/T 1800 Turbo SSS-E/ G (1982 : KP910),1982,https://www.nissan-global.com/EN/HERITAGE_COLLECTION/datsun_bluebird_1800_turbo.html,curb_weight,"1,185kg"
Bluebird,203,Datsun Bluebird 4H/T 1800 Turbo SSS-E/ G (1982 : KP910),1982,https://www.nissan-global.com/EN/HERITAGE_COLLECTION/datsun_bluebird_1800_turbo.html,engine,"Z18ET (4-cyl. in line, OHC), 1,770cc"
Bluebird,203,Datsun Bluebird 4H/T 1800 Turbo SSS-E/ G (1982 : KP910),1982,https://www.nissan-global.com/EN/HERITAGE_COLLECTION/datsun_bluebird_1800_turbo.html,engine_max_power,"99kW (135PS)/6,000rpm"
Bluebird,203,Datsun Bluebird 4H/T 1800 Turbo SSS-E/ G (1982 : KP910),1982,https://www.nissan-global.com/EN/HERITAGE_COLLECTION/datsun_bluebird_1800_turbo.html,engine_max_torque,"196Nm (20kgm)/3,600rpm"
Bluebird,203,Datsun Bluebird 4H/T 1800 Turbo SSS-E/ G (1982 : KP910),1982,https://www.nissan-global.com/EN/HERITAGE_COLLECTION/datsun_bluebird_1800_turbo.html,transmission,"3-speed AT, floor shift"
Bluebird,203,Datsun Bluebird 4H/T 1800 Turbo SSS-E/ G (1982 : KP910),1982,https://www.nissan-global.com/EN/HERITAGE_COLLECTION/datsun_bluebird_1800_turbo.html,suspension_front_rear,"Strut, semi trailing-arm"
Bluebird,203,Datsun Bluebird 4H/T 1800 Turbo SSS-E/ G (1982 : KP910),1982,https://www.nissan-global.com/EN/HERITAGE_COLLECTION/datsun_bluebird_1800_turbo.html,brakes_front_rear,"Ventilated disc, disc"
Bluebird,203,Datsun Bluebird 4H/T 1800 Turbo SSS-E/ G (1982 : KP910),1982,https://www.nissan-global.com/EN/HERITAGE_COLLECTION/datsun_bluebird_1800_turbo.html,tires,185/70SR14
Bluebird,091,Bluebird Super Silhouette (1983 : KY910),1983,https://www.nissan-global.com/EN/HERITAGE_COLLECTION/bluebird_super_silhouette.html,overall_length_width_height,"5,120/2,000/1,250mm"
Bluebird,091,Bluebird Super Silhouette (1983 : KY910),1983,https://www.nissan-global.com/EN/HERITAGE_COLLECTION/bluebird_super_silhouette.html,wheelbase,"2,490mm"
Bluebird,091,Bluebird Super Silhouette (1983 : KY910),1983,https://www.nissan-global.com/EN/HERITAGE_COLLECTION/bluebird_super_silhouette.html,tread_front_rear,"1,610/1,650mm"
Bluebird,091,Bluebird Super Silhouette (1983 : KY910),1983,https://www.nissan-global.com/EN/HERITAGE_COLLECTION/bluebird_super_silhouette.html,curb_weight,"1,000kg"
Bluebird,091,Bluebird Super Silhouette (1983 : KY910),1983,https://www.nissan-global.com/EN/HERITAGE_COLLECTION/bluebird_super_silhouette.html,engine,"LZ20B (4-cyl. in line, DOHC), 2,082cc"
Bluebird,091,Bluebird Super Silhouette (1983 : KY910),1983,https://www.nissan-global.com/EN/HERITAGE_COLLECTION/bluebird_super_silhouette.html,engine_max_power,"419kW (570PS)/7,600rpm"
Bluebird,091,Bluebird Super Silhouette (1983 : KY910),1983,https://www.nissan-global.com/EN/HERITAGE_COLLECTION/bluebird_super_silhouette.html,engine_max_torque,"539Nm (55.0kgm)/6,400rpm"
Bluebird,091,Bluebird Super Silhouette (1983 : KY910),1983,https://www.nissan-global.com/EN/HERITAGE_COLLECTION/bluebird_super_silhouette.html,engine_turbocharger,Air Research
Bluebird,091,Bluebird Super Silhouette (1983 : KY910),1983,https://www.nissan-global.com/EN/HERITAGE_COLLECTION/bluebird_super_silhouette.html,clutch,B& B triple plate
Bluebird,091,Bluebird Super Silhouette (1983 : KY910),1983,https://www.nissan-global.com/EN/HERITAGE_COLLECTION/bluebird_super_silhouette.html,transmission,Doug Nash 5-speed
Bluebird,091,Bluebird Super Silhouette (1983 : KY910),1983,https://www.nissan-global.com/EN/HERITAGE_COLLECTION/bluebird_super_silhouette.html,suspension,Independent (front & rear)
Bluebird,091,Bluebird Super Silhouette (1983 : KY910),1983,https://www.nissan-global.com/EN/HERITAGE_COLLECTION/bluebird_super_silhouette.html,brakes,Disc (front & rear)
Bluebird,091,Bluebird Super Silhouette (1983 : KY910),1983,https://www.nissan-global.com/EN/HERITAGE_COLLECTION/bluebird_super_silhouette.html,tires_wheels_front,"290/625-16, 11Kx16"
Bluebird,091,Bluebird Super Silhouette (1983 : KY910),1983,https://www.nissan-global.com/EN/HERITAGE_COLLECTION/bluebird_super_silhouette.html,tires_wheels_rear,"350/700-19, 15Kx19"
Bluebird,207,Bluebird 4H/T V6 Turbo Maxima Legrand (1986 : PU11),1986,https://www.nissan-global.com/EN/HERITAGE_COLLECTION/bluebird_turbo_maxima_2.html,overall_length_width_height,"4,590/1,690/1,370mm"
Bluebird,207,Bluebird 4H/T V6 Turbo Maxima Legrand (1986 : PU11),1986,https://www.nissan-global.com/EN/HERITAGE_COLLECTION/bluebird_turbo_maxima_2.html,wheelbase,"2,550mm"
Bluebird,207,Bluebird 4H/T V6 Turbo Maxima Legrand (1986 : PU11),1986,https://www.nissan-global.com/EN/HERITAGE_COLLECTION/bluebird_turbo_maxima_2.html,tread_front_rear,"1,460/1,450mm"
Bluebird,207,Bluebird 4H/T V6 Turbo Maxima Legrand (1986 : PU11),1986,https://www.nissan-global.com/EN/HERITAGE_COLLECTION/bluebird_turbo_maxima_2.html,curb_weight,"1,380kg"
Bluebird,207,Bluebird 4H/T V6 Turbo Maxima Legrand (1986 : PU11),1986,https://www.nissan-global.com/EN/HERITAGE_COLLECTION/bluebird_turbo_maxima_2.html,engine,"VG20ET (V6, OHC), 1,998cc"
Bluebird,207,Bluebird 4H/T V6 Turbo Maxima Legrand (1986 : PU11),1986,https://www.nissan-global.com/EN/HERITAGE_COLLECTION/bluebird_turbo_maxima_2.html,engine_max_power,"125kW (170PS)/6,000rpm"
Bluebird,207,Bluebird 4H/T V6 Turbo Maxima Legrand (1986 : PU11),1986,https://www.nissan-global.com/EN/HERITAGE_COLLECTION/bluebird_turbo_maxima_2.html,engine_max_torque,"216Nm (22kgm)/4,000rpm"
Bluebird,207,Bluebird 4H/T V6 Turbo Maxima Legrand (1986 : PU11),1986,https://www.nissan-global.com/EN/HERITAGE_COLLECTION/bluebird_turbo_maxima_2.html,transmission,"4-speed AT, floor shift"
Bluebird,207,Bluebird 4H/T V6 Turbo Maxima Legrand (1986 : PU11),1986,https://www.nissan-global.com/EN/HERITAGE_COLLECTION/bluebird_turbo_maxima_2.html,suspension,Strut (front & rear)
Bluebird,207,Bluebird 4H/T V6 Turbo Maxima Legrand (1986 : PU11),1986,https://www.nissan-global.com/EN/HERITAGE_COLLECTION/bluebird_turbo_maxima_2.html,brakes_front_rear,"Ventilated disc, disc"
Bluebird,207,Bluebird 4H/T V6 Turbo Maxima Legrand (1986 : PU11),1986,https://www.nissan-global.com/EN/HERITAGE_COLLECTION/bluebird_turbo_maxima_2.html,tires,195/60SR15
Bluebird,356,Bluebird 2.0SSS Attesa X (1990: HNU12),1990,https://www.nissan-global.com/EN/HERITAGE_COLLECTION/356_bluebird_2-0sss_attesa_x.html,overall_length_width_height,"4,520/1,690/1,390mm"
Bluebird,356,Bluebird 2.0SSS Attesa X (1990: HNU12),1990,https://www.nissan-global.com/EN/HERITAGE_COLLECTION/356_bluebird_2-0sss_attesa_x.html,wheelbase,"2,550mm"
Bluebird,356,Bluebird 2.0SSS Attesa X (1990: HNU12),1990,https://www.nissan-global.com/EN/HERITAGE_COLLECTION/356_bluebird_2-0sss_attesa_x.html,tread_front_rear,"1,460/1,440mm"
Bluebird,356,Bluebird 2.0SSS Attesa X (1990: HNU12),1990,https://www.nissan-global.com/EN/HERITAGE_COLLECTION/356_bluebird_2-0sss_attesa_x.html,curb_weight,"1,280kg"
Bluebird,356,Bluebird 2.0SSS Attesa X (1990: HNU12),1990,https://www.nissan-global.com/EN/HERITAGE_COLLECTION/356_bluebird_2-0sss_attesa_x.html,engine,"SR20DE (4-cyl. in line, 4-valve DOHC) 1,998cc"
Bluebird,356,Bluebird 2.0SSS Attesa X (1990: HNU12),1990,https://www.nissan-global.com/EN/HERITAGE_COLLECTION/356_bluebird_2-0sss_attesa_x.html,engine_max_power,"103kW(140ps)/6,400rpm"
Bluebird,356,Bluebird 2.0SSS Attesa X (1990: HNU12),1990,https://www.nissan-global.com/EN/HERITAGE_COLLECTION/356_bluebird_2-0sss_attesa_x.html,engine_max_torque,"178N·m(18.2kgm)/4,800rpm"
Bluebird,356,Bluebird 2.0SSS Attesa X (1990: HNU12),1990,https://www.nissan-global.com/EN/HERITAGE_COLLECTION/356_bluebird_2-0sss_attesa_x.html,suspension_front_rear,Strut / Parallel link strut
Bluebird,356,Bluebird 2.0SSS Attesa X (1990: HNU12),1990,https://www.nissan-global.com/EN/HERITAGE_COLLECTION/356_bluebird_2-0sss_attesa_x.html,brakes_front_rear,Ventilated disc / Disc
Bluebird,356,Bluebird 2.0SSS Attesa X (1990: HNU12),1990,https://www.nissan-global.com/EN/HERITAGE_COLLECTION/356_bluebird_2-0sss_attesa_x.html,tires,195/65R14 89S
Bluebird,294,Bluebird Sedan 2000SSS-G (1993 : HU13),1993,https://www.nissan-global.com/EN/HERITAGE_COLLECTION/bluebird_sedan_2000sss_g.html,overall_length_width_height,"4,585/1,685/1,405mm"
Bluebird,294,Bluebird Sedan 2000SSS-G (1993 : HU13),1993,https://www.nissan-global.com/EN/HERITAGE_COLLECTION/bluebird_sedan_2000sss_g.html,wheelbase,"2,620mm"
Bluebird,294,Bluebird Sedan 2000SSS-G (1993 : HU13),1993,https://www.nissan-global.com/EN/HERITAGE_COLLECTION/bluebird_sedan_2000sss_g.html,tread_front_rear,"1,465/1,455mm"
Bluebird,294,Bluebird Sedan 2000SSS-G (1993 : HU13),1993,https://www.nissan-global.com/EN/HERITAGE_COLLECTION/bluebird_sedan_2000sss_g.html,curb_weight,"1,200kg"
Bluebird,294,Bluebird Sedan 2000SSS-G (1993 : HU13),1993,https://www.nissan-global.com/EN/HERITAGE_COLLECTION/bluebird_sedan_2000sss_g.html,engine,"SR20DE (4-cyl. in-line, DOHC), 1,998cc"
Bluebird,294,Bluebird Sedan 2000SSS-G (1993 : HU13),1993,https://www.nissan-global.com/EN/HERITAGE_COLLECTION/bluebird_sedan_2000sss_g.html,engine_max_power,"107kW (145PS)/6,400rpm"
Bluebird,294,Bluebird Sedan 2000SSS-G (1993 : HU13),1993,https://www.nissan-global.com/EN/HERITAGE_COLLECTION/bluebird_sedan_2000sss_g.html,engine_max_torque,"178Nm (18.2kgm)/4,800rpm"
Bluebird,294,Bluebird Sedan 2000SSS-G (1993 : HU13),1993,https://www.nissan-global.com/EN/HERITAGE_COLLECTION/bluebird_sedan_2000sss_g.html,transmission,"5-speed MT, floor shift"
Bluebird,294,Bluebird Sedan 2000SSS-G (1993 : HU13),1993,https://www.nissan-global.com/EN/HERITAGE_COLLECTION/bluebird_sedan_2000sss_g.html,suspension_front_rear,"Transverse-link strut, parallel-link strut"
Bluebird,294,Bluebird Sedan 2000SSS-G (1993 : HU13),1993,https://www.nissan-global.com/EN/HERITAGE_COLLECTION/bluebird_sedan_2000sss_g.html,brakes_front_rear,"Ventilated disc, disc"
Bluebird,294,Bluebird Sedan 2000SSS-G (1993 : HU13),1993,https://www.nissan-global.com/EN/HERITAGE_COLLECTION/bluebird_sedan_2000sss_g.html,tires,195/65R14 (front & rear)
Bluebird,283,Bluebird 2.0 SSS Limited (1996: HU14),1996,https://www.nissan-global.com/EN/HERITAGE_COLLECTION/Bluebird_2.0_SSS_Limited.html,overall_length_width_height,"4,565/1,695/1,395mm"
Bluebird,283,Bluebird 2.0 SSS Limited (1996: HU14),1996,https://www.nissan-global.com/EN/HERITAGE_COLLECTION/Bluebird_2.0_SSS_Limited.html,wheelbase,"2,600mm"
Bluebird,283,Bluebird 2.0 SSS Limited (1996: HU14),1996,https://www.nissan-global.com/EN/HERITAGE_COLLECTION/Bluebird_2.0_SSS_Limited.html,tread_front_rear,"1,465/1,455mm"
Bluebird,283,Bluebird 2.0 SSS Limited (1996: HU14),1996,https://www.nissan-global.com/EN/HERITAGE_COLLECTION/Bluebird_2.0_SSS_Limited.html,curb_weight,"1,200kg"
Bluebird,283,Bluebird 2.0 SSS Limited (1996: HU14),1996,https://www.nissan-global.com/EN/HERITAGE_COLLECTION/Bluebird_2.0_SSS_Limited.html,engine,"SR20DE (4-cyl. in line, 4-valve DOHC) 1,998cc"
Bluebird,283,Bluebird 2.0 SSS Limited (1996: HU14),1996,https://www.nissan-global.com/EN/HERITAGE_COLLECTION/Bluebird_2.0_SSS_Limited.html,engine_max_power,"110kW(150ps)/6,400rpm"
Bluebird,283,Bluebird 2.0 SSS Limited (1996: HU14),1996,https://www.nissan-global.com/EN/HERITAGE_COLLECTION/Bluebird_2.0_SSS_Limited.html,engine_max_torque,"186N·m(19.0kgm)/4,800rpm"
Bluebird,283,Bluebird 2.0 SSS Limited (1996: HU14),1996,https://www.nissan-global.com/EN/HERITAGE_COLLECTION/Bluebird_2.0_SSS_Limited.html,suspension_front_rear,Multilink / Multilink beam
Bluebird,283,Bluebird 2.0 SSS Limited (1996: HU14),1996,https://www.nissan-global.com/EN/HERITAGE_COLLECTION/Bluebird_2.0_SSS_Limited.html,brakes_front_rear,Ventilated disc / Disc
Bluebird,283,Bluebird 2.0 SSS Limited (1996: HU14),1996,https://www.nissan-global.com/EN/HERITAGE_COLLECTION/Bluebird_2.0_SSS_Limited.html,tires,195/60R15
Be 1 Pao,112,Be-1 (1987 : BK10),1987,https://www.nissan-global.com/EN/HERITAGE_COLLECTION/Be_1_standardroof.html,overall_length_width_height,"3,635/1,580/1,395mm"
Be 1 Pao,112,Be-1 (1987 : BK10),1987,https://www.nissan-global.com/EN/HERITAGE_COLLECTION/Be_1_standardroof.html,wheelbase,"2,300mm"
Be 1 Pao,112,Be-1 (1987 : BK10),1987,https://www.nissan-global.com/EN/HERITAGE_COLLECTION/Be_1_standardroof.html,tread_front_rear,"1,365/1,350mm"
Be 1 Pao,112,Be-1 (1987 : BK10),1987,https://www.nissan-global.com/EN/HERITAGE_COLLECTION/Be_1_standardroof.html,curb_weight,700kg
Be 1 Pao,112,Be-1 (1987 : BK10),1987,https://www.nissan-global.com/EN/HERITAGE_COLLECTION/Be_1_standardroof.html,engine,"MA10 (4-cyl. in line, OHC), 987cc"
Be 1 Pao,112,Be-1 (1987 : BK10),1987,https://www.nissan-global.com/EN/HERITAGE_COLLECTION/Be_1_standardroof.html,max_power_net,"38kW (52PS)/6,000rpm"
Be 1 Pao,112,Be-1 (1987 : BK10),1987,https://www.nissan-global.com/EN/HERITAGE_COLLECTION/Be_1_standardroof.html,max_torque_net,"75Nm (7.6kgm)/3,600rpm"
Be 1 Pao,112,Be-1 (1987 : BK10),1987,https://www.nissan-global.com/EN/HERITAGE_COLLECTION/Be_1_standardroof.html,transmission,"3-speed AT, floor shift"
Be 1 Pao,112,Be-1 (1987 : BK10),1987,https://www.nissan-global.com/EN/HERITAGE_COLLECTION/Be_1_standardroof.html,suspension_front_rear,Strut/4-link
Be 1 Pao,112,Be-1 (1987 : BK10),1987,https://www.nissan-global.com/EN/HERITAGE_COLLECTION/Be_1_standardroof.html,tires,165/70HR12
Be 1 Pao,112,Be-1 (1987 : BK10),1987,https://www.nissan-global.com/EN/HERITAGE_COLLECTION/Be_1_standardroof.html,seating_capacity,5
Be 1 Pao,113,NISSAN Be-1 Canvas Top (1987 : BK10),1987,https://www.nissan-global.com/EN/HERITAGE_COLLECTION/Be_1_yellow.html,overall_length_width_height,"3,635/1,580/1,420mm"
Be 1 Pao,113,NISSAN Be-1 Canvas Top (1987 : BK10),1987,https://www.nissan-global.com/EN/HERITAGE_COLLECTION/Be_1_yellow.html,wheelbase,"2,300mm"
Be 1 Pao,113,NISSAN Be-1 Canvas Top (1987 : BK10),1987,https://www.nissan-global.com/EN/HERITAGE_COLLECTION/Be_1_yellow.html,tread_front_rear,"1,365/1,350mm"
Be 1 Pao,113,NISSAN Be-1 Canvas Top (1987 : BK10),1987,https://www.nissan-global.com/EN/HERITAGE_COLLECTION/Be_1_yellow.html,curb_weight,710kg
Be 1 Pao,113,NISSAN Be-1 Canvas Top (1987 : BK10),1987,https://www.nissan-global.com/EN/HERITAGE_COLLECTION/Be_1_yellow.html,engine,"MA10 (4-cyl. in line, OHC), 987cc"
Be 1 Pao,113,NISSAN Be-1 Canvas Top (1987 : BK10),1987,https://www.nissan-global.com/EN/HERITAGE_COLLECTION/Be_1_yellow.html,max_power_net,"38kW (52PS)/6,000rpm"
Be 1 Pao,113,NISSAN Be-1 Canvas Top (1987 : BK10),1987,https://www.nissan-global.com/EN/HERITAGE_COLLECTION/Be_1_yellow.html,max_torque_net,"75Nm (7.6kgm)/3,600rpm"
Be 1 Pao,113,NISSAN Be-1 Canvas Top (1987 : BK10),1987,https://www.nissan-global.com/EN/HERITAGE_COLLECTION/Be_1_yellow.html,transmission,"3-speed AT, floor shift"
Be 1 Pao,113,NISSAN Be-1 Canvas Top (1987 : BK10),1987,https://www.nissan-global.com/EN/HERITAGE_COLLECTION/Be_1_yellow.html,suspension_front_rear,Strut/4-link
Be 1 Pao,113,NISSAN Be-1 Canvas Top (1987 : BK10),1987,https://www.nissan-global.com/EN/HERITAGE_COLLECTION/Be_1_yellow.html,tires,165/70HR12
Be 1 Pao,113,NISSAN Be-1 Canvas Top (1987 : BK10),1987,https://www.nissan-global.com/EN/HERITAGE_COLLECTION/Be_1_yellow.html,seating_capacity,5
Be 1 Pao,128,Nissan PAO (1989 : PK10),1989,https://www.nissan-global.com/EN/HERITAGE_COLLECTION/Pao.html,overall_length_width_height,"3,740/1,570/1,480mm"
Be 1 Pao,128,Nissan PAO (1989 : PK10),1989,https://www.nissan-global.com/EN/HERITAGE_COLLECTION/Pao.html,wheelbase,"2,300mm"
Be 1 Pao,128,Nissan PAO (1989 : PK10),1989,https://www.nissan-global.com/EN/HERITAGE_COLLECTION/Pao.html,tread_front_rear,"1,365/1,355mm"
Be 1 Pao,128,Nissan PAO (1989 : PK10),1989,https://www.nissan-global.com/EN/HERITAGE_COLLECTION/Pao.html,curb_weight,760kg
Be 1 Pao,128,Nissan PAO (1989 : PK10),1989,https://www.nissan-global.com/EN/HERITAGE_COLLECTION/Pao.html,engine,"MA10 (4-cyl. in line, OHC), 987cc"
Be 1 Pao,128,Nissan PAO (1989 : PK10),1989,https://www.nissan-global.com/EN/HERITAGE_COLLECTION/Pao.html,max_power_net,"38kW (52PS)/6,000rpm"
Be 1 Pao,128,Nissan PAO (1989 : PK10),1989,https://www.nissan-global.com/EN/HERITAGE_COLLECTION/Pao.html,max_torque_net,"75Nm (7.6kgm)/3,600rpm"
Be 1 Pao,128,Nissan PAO (1989 : PK10),1989,https://www.nissan-global.com/EN/HERITAGE_COLLECTION/Pao.html,transmission,"3-speed AT, floor shift"
Be 1 Pao,128,Nissan PAO (1989 : PK10),1989,https://www.nissan-global.com/EN/HERITAGE_COLLECTION/Pao.html,suspension_front_rear,Strut/4-link
Be 1 Pao,128,Nissan PAO (1989 : PK10),1989,https://www.nissan-global.com/EN/HERITAGE_COLLECTION/Pao.html,tires,155SR12
Be 1 Pao,128,Nissan PAO (1989 : PK10),1989,https://www.nissan-global.com/EN/HERITAGE_COLLECTION/Pao.html,seating_capacity,5
Be 1 Pao,155,Be-1 (1987 : BK10),1987,https://www.nissan-global.com/EN/HERITAGE_COLLECTION/Be_1.html,overall_length_width_height,"3,635/1,580/1,370mm"
Be 1 Pao,155,Be-1 (1987 : BK10),1987,https://www.nissan-global.com/EN/HERITAGE_COLLECTION/Be_1.html,wheelbase,"2,300mm"
Be 1 Pao,155,Be-1 (1987 : BK10),1987,https://www.nissan-global.com/EN/HERITAGE_COLLECTION/Be_1.html,tread_front_rear,"1,365/1,350mm"
Be 1 Pao,155,Be-1 (1987 : BK10),1987,https://www.nissan-global.com/EN/HERITAGE_COLLECTION/Be_1.html,minimum_turning_radius,4.3m
Be 1 Pao,155,Be-1 (1987 : BK10),1987,https://www.nissan-global.com/EN/HERITAGE_COLLECTION/Be_1.html,engine,"MA10 (4-cyl. in line, OHC), 987cc"
Be 1 Pao,155,Be-1 (1987 : BK10),1987,https://www.nissan-global.com/EN/HERITAGE_COLLECTION/Be_1.html,max_power_net,"38kW (52PS)/6,000rpm"
Be 1 Pao,155,Be-1 (1987 : BK10),1987,https://www.nissan-global.com/EN/HERITAGE_COLLECTION/Be_1.html,max_torque_net,"75Nm (7.6kgm)/3,600rpm"
Be 1 Pao,155,Be-1 (1987 : BK10),1987,https://www.nissan-global.com/EN/HERITAGE_COLLECTION/Be_1.html,transmission,3-speed AT
Be 1 Pao,155,Be-1 (1987 : BK10),1987,https://www.nissan-global.com/EN/HERITAGE_COLLECTION/Be_1.html,suspension_front_rear,Strut/4-link
Be 1 Pao,155,Be-1 (1987 : BK10),1987,https://www.nissan-global.com/EN/HERITAGE_COLLECTION/Be_1.html,brakes_front_rear,Disc/drum
Be 1 Pao,155,Be-1 (1987 : BK10),1987,https://www.nissan-global.com/EN/HERITAGE_COLLECTION/Be_1.html,tires,165/70HR12
Cablight Junior,039,Datsun Cablight 1150 (1966 : A221),1966,https://www.nissan-global.com/EN/HERITAGE_COLLECTION/datsun_cablight_1150.html,overall_length_width_height,"3,840/1,608/1,735mm"
Cablight Junior,039,Datsun Cablight 1150 (1966 : A221),1966,https://www.nissan-global.com/EN/HERITAGE_COLLECTION/datsun_cablight_1150.html,wheelbase,"2,220mm"
Cablight Junior,039,Datsun Cablight 1150 (1966 : A221),1966,https://www.nissan-global.com/EN/HERITAGE_COLLECTION/datsun_cablight_1150.html,tread_front_rear,"1,294/1,311mm"
Cablight Junior,039,Datsun Cablight 1150 (1966 : A221),1966,https://www.nissan-global.com/EN/HERITAGE_COLLECTION/datsun_cablight_1150.html,curb_weight,970kg
Cablight Junior,039,Datsun Cablight 1150 (1966 : A221),1966,https://www.nissan-global.com/EN/HERITAGE_COLLECTION/datsun_cablight_1150.html,engine,"D11 (4-cyl. in line, OHV), 1,138cc"
Cablight Junior,039,Datsun Cablight 1150 (1966 : A221),1966,https://www.nissan-global.com/EN/HERITAGE_COLLECTION/datsun_cablight_1150.html,engine_max_power,"39kW (53PS)/5,000rpm"
Cablight Junior,039,Datsun Cablight 1150 (1966 : A221),1966,https://www.nissan-global.com/EN/HERITAGE_COLLECTION/datsun_cablight_1150.html,engine_max_torque,"83Nm (8.5kgm)/2,800rpm"
Cablight Junior,039,Datsun Cablight 1150 (1966 : A221),1966,https://www.nissan-global.com/EN/HERITAGE_COLLECTION/datsun_cablight_1150.html,suspension_front,Double wishbone
Cablight Junior,039,Datsun Cablight 1150 (1966 : A221),1966,https://www.nissan-global.com/EN/HERITAGE_COLLECTION/datsun_cablight_1150.html,suspension_rear,Semi-floating leaf
Cablight Junior,039,Datsun Cablight 1150 (1966 : A221),1966,https://www.nissan-global.com/EN/HERITAGE_COLLECTION/datsun_cablight_1150.html,tires_front_rear,"5.50-14-6PR, 6.00-14-8PR"
Cablight Junior,039,Datsun Cablight 1150 (1966 : A221),1966,https://www.nissan-global.com/EN/HERITAGE_COLLECTION/datsun_cablight_1150.html,seating_capacity_max_load_capacity,"2 / 1,000kg"
Cablight Junior,224,Junior 2000 (1980 : 141),1980,https://www.nissan-global.com/EN/HERITAGE_COLLECTION/junior_2000.html,overall_length_width_height,"4,690/1,690/1,720mm"
Cablight Junior,224,Junior 2000 (1980 : 141),1980,https://www.nissan-global.com/EN/HERITAGE_COLLECTION/junior_2000.html,wheelbase,"2,865mm"
Cablight Junior,224,Junior 2000 (1980 : 141),1980,https://www.nissan-global.com/EN/HERITAGE_COLLECTION/junior_2000.html,tread_front_rear,"1,405/1,400mm"
Cablight Junior,224,Junior 2000 (1980 : 141),1980,https://www.nissan-global.com/EN/HERITAGE_COLLECTION/junior_2000.html,curb_weight,"1,455kg"
Cablight Junior,224,Junior 2000 (1980 : 141),1980,https://www.nissan-global.com/EN/HERITAGE_COLLECTION/junior_2000.html,engine,"H20 (4-cyl. in line, OHV), 1,982cc"
Cablight Junior,224,Junior 2000 (1980 : 141),1980,https://www.nissan-global.com/EN/HERITAGE_COLLECTION/junior_2000.html,engine_max_power,"68kW (92PS)/4,800rpm"
Cablight Junior,224,Junior 2000 (1980 : 141),1980,https://www.nissan-global.com/EN/HERITAGE_COLLECTION/junior_2000.html,engine_max_torque,"157Nm (16.0kgm)/3,200rpm"
Cablight Junior,224,Junior 2000 (1980 : 141),1980,https://www.nissan-global.com/EN/HERITAGE_COLLECTION/junior_2000.html,transmission,"4-speed, column shift"
Cablight Junior,224,Junior 2000 (1980 : 141),1980,https://www.nissan-global.com/EN/HERITAGE_COLLECTION/junior_2000.html,suspension_front_rear,"Torsion bar, semi-elliptic leaf"
Cablight Junior,224,Junior 2000 (1980 : 141),1980,https://www.nissan-global.com/EN/HERITAGE_COLLECTION/junior_2000.html,brakes,Drum (front & rear)
Cablight Junior,224,Junior 2000 (1980 : 141),1980,https://www.nissan-global.com/EN/HERITAGE_COLLECTION/junior_2000.html,seating_capacity_max_load_capacity,"3 / 2,000kg"
Cedric Gloria,027,Cedric Custom (1961 : G30),1961,https://www.nissan-global.com/EN/HERITAGE_COLLECTION/cedric_custom_1961.html,overall_length_width_height,"4,510/1,680/1,510mm"
Cedric Gloria,027,Cedric Custom (1961 : G30),1961,https://www.nissan-global.com/EN/HERITAGE_COLLECTION/cedric_custom_1961.html,wheelbase,"2,630mm"
Cedric Gloria,027,Cedric Custom (1961 : G30),1961,https://www.nissan-global.com/EN/HERITAGE_COLLECTION/cedric_custom_1961.html,tread_front_rear,"1,338/1,373mm"
Cedric Gloria,027,Cedric Custom (1961 : G30),1961,https://www.nissan-global.com/EN/HERITAGE_COLLECTION/cedric_custom_1961.html,curb_weight,"1,240kg"
Cedric Gloria,027,Cedric Custom (1961 : G30),1961,https://www.nissan-global.com/EN/HERITAGE_COLLECTION/cedric_custom_1961.html,engine,"H (4-cyl. in line, OHV), 1,883cc"
Cedric Gloria,027,Cedric Custom (1961 : G30),1961,https://www.nissan-global.com/EN/HERITAGE_COLLECTION/cedric_custom_1961.html,engine_max_power,"65kW (88PS)/4,800rpm"
Cedric Gloria,027,Cedric Custom (1961 : G30),1961,https://www.nissan-global.com/EN/HERITAGE_COLLECTION/cedric_custom_1961.html,engine_max_torque,"153Nm (15.6kgm)/3,200rpm"
Cedric Gloria,027,Cedric Custom (1961 : G30),1961,https://www.nissan-global.com/EN/HERITAGE_COLLECTION/cedric_custom_1961.html,suspension_front,Double wishbone
Cedric Gloria,027,Cedric Custom (1961 : G30),1961,https://www.nissan-global.com/EN/HERITAGE_COLLECTION/cedric_custom_1961.html,suspension_rear,Semi-floating leaf
Cedric Gloria,027,Cedric Custom (1961 : G30),1961,https://www.nissan-global.com/EN/HERITAGE_COLLECTION/cedric_custom_1961.html,tires,6.40-14-4PR (front & rear)
Cedric Gloria,033,Cedric Custom (1964 : H31),1964,https://www.nissan-global.com/EN/HERITAGE_COLLECTION/cedric_custom_1964.html,overall_length_width_height,"4,650/1,690/1,505mm"
Cedric Gloria,033,Cedric Custom (1964 : H31),1964,https://www.nissan-global.com/EN/HERITAGE_COLLECTION/cedric_custom_1964.html,wheelbase,"2,690mm"
Cedric Gloria,033,Cedric Custom (1964 : H31),1964,https://www.nissan-global.com/EN/HERITAGE_COLLECTION/cedric_custom_1964.html,tread_front_rear,"1,338/1,373mm"
Cedric Gloria,033,Cedric Custom (1964 : H31),1964,https://www.nissan-global.com/EN/HERITAGE_COLLECTION/cedric_custom_1964.html,curb_weight,"1,260kg"
Cedric Gloria,033,Cedric Custom (1964 : H31),1964,https://www.nissan-global.com/EN/HERITAGE_COLLECTION/cedric_custom_1964.html,engine,"H (4-cyl. in line, OHV), 1,883cc"
Cedric Gloria,033,Cedric Custom (1964 : H31),1964,https://www.nissan-global.com/EN/HERITAGE_COLLECTION/cedric_custom_1964.html,engine_max_power,"65kW (88PS)/4,800rpm"
Cedric Gloria,033,Cedric Custom (1964 : H31),1964,https://www.nissan-global.com/EN/HERITAGE_COLLECTION/cedric_custom_1964.html,engine_max_torque,"153Nm (15.6kgm)/3,200rpm"
Cedric Gloria,033,Cedric Custom (1964 : H31),1964,https://www.nissan-global.com/EN/HERITAGE_COLLECTION/cedric_custom_1964.html,suspension_front,Double wishbone
Cedric Gloria,033,Cedric Custom (1964 : H31),1964,https://www.nissan-global.com/EN/HERITAGE_COLLECTION/cedric_custom_1964.html,suspension_rear,Parallel semi-elliptic leaf
Cedric Gloria,033,Cedric Custom (1964 : H31),1964,https://www.nissan-global.com/EN/HERITAGE_COLLECTION/cedric_custom_1964.html,tires,6.40-14-4PR (front & rear)
Cedric Gloria,035,Cedric Special (1964 : 50),1964,https://www.nissan-global.com/EN/HERITAGE_COLLECTION/cedric_special.html,overall_length_width_height,"4,855/1,690/1,495mm"
Cedric Gloria,035,Cedric Special (1964 : 50),1964,https://www.nissan-global.com/EN/HERITAGE_COLLECTION/cedric_special.html,wheelbase,"2,835mm"
Cedric Gloria,035,Cedric Special (1964 : 50),1964,https://www.nissan-global.com/EN/HERITAGE_COLLECTION/cedric_special.html,tread_front_rear,"1,354/1,373mm"
Cedric Gloria,035,Cedric Special (1964 : 50),1964,https://www.nissan-global.com/EN/HERITAGE_COLLECTION/cedric_special.html,curb_weight,"1,400kg"
Cedric Gloria,035,Cedric Special (1964 : 50),1964,https://www.nissan-global.com/EN/HERITAGE_COLLECTION/cedric_special.html,engine,"K (6-cyl. in line, OHV), 2,825cc"
Cedric Gloria,035,Cedric Special (1964 : 50),1964,https://www.nissan-global.com/EN/HERITAGE_COLLECTION/cedric_special.html,engine_max_power,"85kW (115PS)/4,400rpm"
Cedric Gloria,035,Cedric Special (1964 : 50),1964,https://www.nissan-global.com/EN/HERITAGE_COLLECTION/cedric_special.html,engine_max_torque,"206Nm (21.0kgm)/2,400rpm"
Cedric Gloria,035,Cedric Special (1964 : 50),1964,https://www.nissan-global.com/EN/HERITAGE_COLLECTION/cedric_special.html,suspension_front_rear,Double wishbone / Parallel leaf
Cedric Gloria,035,Cedric Special (1964 : 50),1964,https://www.nissan-global.com/EN/HERITAGE_COLLECTION/cedric_special.html,brakes_front_rear,Drum / Drum
Cedric Gloria,035,Cedric Special (1964 : 50),1964,https://www.nissan-global.com/EN/HERITAGE_COLLECTION/cedric_special.html,tires,6.40-14-4PR
Cedric Gloria,184,Cedric Special 6 (1966 : H130),1966,https://www.nissan-global.com/EN/HERITAGE_COLLECTION/cedric_special_6_1965.html,overall_length_width_height,"4,680/1,690/1,455mm"
Cedric Gloria,184,Cedric Special 6 (1966 : H130),1966,https://www.nissan-global.com/EN/HERITAGE_COLLECTION/cedric_special_6_1965.html,wheelbase,"2,690mm"
Cedric Gloria,184,Cedric Special 6 (1966 : H130),1966,https://www.nissan-global.com/EN/HERITAGE_COLLECTION/cedric_special_6_1965.html,tread_front_rear,"1,374/1,373mm"
Cedric Gloria,184,Cedric Special 6 (1966 : H130),1966,https://www.nissan-global.com/EN/HERITAGE_COLLECTION/cedric_special_6_1965.html,curb_weight,"1,290kg"
Cedric Gloria,184,Cedric Special 6 (1966 : H130),1966,https://www.nissan-global.com/EN/HERITAGE_COLLECTION/cedric_special_6_1965.html,seating_capacity,6
Cedric Gloria,184,Cedric Special 6 (1966 : H130),1966,https://www.nissan-global.com/EN/HERITAGE_COLLECTION/cedric_special_6_1965.html,engine,"L20 Single (6-cyl. in line, OHC), 1,998cc"
Cedric Gloria,184,Cedric Special 6 (1966 : H130),1966,https://www.nissan-global.com/EN/HERITAGE_COLLECTION/cedric_special_6_1965.html,engine_max_power,"77kW (105PS)/5,200rpm"
Cedric Gloria,184,Cedric Special 6 (1966 : H130),1966,https://www.nissan-global.com/EN/HERITAGE_COLLECTION/cedric_special_6_1965.html,engine_max_torque,"157Nm (16.0kgm)/3,600rpm"
Cedric Gloria,184,Cedric Special 6 (1966 : H130),1966,https://www.nissan-global.com/EN/HERITAGE_COLLECTION/cedric_special_6_1965.html,suspension_front,Double wishbone
Cedric Gloria,184,Cedric Special 6 (1966 : H130),1966,https://www.nissan-global.com/EN/HERITAGE_COLLECTION/cedric_special_6_1965.html,suspension_rear,Semi-elliptic leaf
Cedric Gloria,184,Cedric Special 6 (1966 : H130),1966,https://www.nissan-global.com/EN/HERITAGE_COLLECTION/cedric_special_6_1965.html,brakes_front_rear,Disc/drum
Cedric Gloria,184,Cedric Special 6 (1966 : H130),1966,https://www.nissan-global.com/EN/HERITAGE_COLLECTION/cedric_special_6_1965.html,tires,7.00-13-4PR (front & rear)
Cedric Gloria,364,Cedric Custom 6 (1966: P130),1966,https://www.nissan-global.com/EN/HERITAGE_COLLECTION/cedric_custom_6_1966.html,overall_length_width_height,"4,680/1,690/1,455mm"
Cedric Gloria,364,Cedric Custom 6 (1966: P130),1966,https://www.nissan-global.com/EN/HERITAGE_COLLECTION/cedric_custom_6_1966.html,wheelbase,"2,690mm"
Cedric Gloria,364,Cedric Custom 6 (1966: P130),1966,https://www.nissan-global.com/EN/HERITAGE_COLLECTION/cedric_custom_6_1966.html,tread_front_rear,"1,374/1,373mm"
Cedric Gloria,364,Cedric Custom 6 (1966: P130),1966,https://www.nissan-global.com/EN/HERITAGE_COLLECTION/cedric_custom_6_1966.html,curb_weight,"1,280kg"
Cedric Gloria,364,Cedric Custom 6 (1966: P130),1966,https://www.nissan-global.com/EN/HERITAGE_COLLECTION/cedric_custom_6_1966.html,engine,"J20 (6-cyl. in line, OHV) 1,973cc"
Cedric Gloria,364,Cedric Custom 6 (1966: P130),1966,https://www.nissan-global.com/EN/HERITAGE_COLLECTION/cedric_custom_6_1966.html,engine_max_power,"74kw(100ps)/5,200rpm"
Cedric Gloria,364,Cedric Custom 6 (1966: P130),1966,https://www.nissan-global.com/EN/HERITAGE_COLLECTION/cedric_custom_6_1966.html,engine_max_torque,"152N·m(15.5kgf·m)/3,600rpm"
Cedric Gloria,364,Cedric Custom 6 (1966: P130),1966,https://www.nissan-global.com/EN/HERITAGE_COLLECTION/cedric_custom_6_1966.html,suspension_front_rear,Double wishbone / Parallel leaf
Cedric Gloria,364,Cedric Custom 6 (1966: P130),1966,https://www.nissan-global.com/EN/HERITAGE_COLLECTION/cedric_custom_6_1966.html,brakes_front_rear,Drum / Drum
Cedric Gloria,364,Cedric Custom 6 (1966: P130),1966,https://www.nissan-global.com/EN/HERITAGE_COLLECTION/cedric_custom_6_1966.html,tires,7.00-13-4PR
Cedric Gloria,365,Cedric Wagon 6 (1966: WP130),1966,https://www.nissan-global.com/EN/HERITAGE_COLLECTION/cedric_wagon_6.html,overall_length_width_height,"4,690/1,690/1,470mm"
Cedric Gloria,365,Cedric Wagon 6 (1966: WP130),1966,https://www.nissan-global.com/EN/HERITAGE_COLLECTION/cedric_wagon_6.html,wheelbase,"2,690mm"
Cedric Gloria,365,Cedric Wagon 6 (1966: WP130),1966,https://www.nissan-global.com/EN/HERITAGE_COLLECTION/cedric_wagon_6.html,tread_front_rear,"1,374/1,373mm"
Cedric Gloria,365,Cedric Wagon 6 (1966: WP130),1966,https://www.nissan-global.com/EN/HERITAGE_COLLECTION/cedric_wagon_6.html,curb_weight,"1,355kg"
Cedric Gloria,365,Cedric Wagon 6 (1966: WP130),1966,https://www.nissan-global.com/EN/HERITAGE_COLLECTION/cedric_wagon_6.html,engine,"J20 (6-cyl. in line, OHV) 1,973cc"
Cedric Gloria,365,Cedric Wagon 6 (1966: WP130),1966,https://www.nissan-global.com/EN/HERITAGE_COLLECTION/cedric_wagon_6.html,engine_max_power,"74kw(100ps)/5,200rpm"
Cedric Gloria,365,Cedric Wagon 6 (1966: WP130),1966,https://www.nissan-global.com/EN/HERITAGE_COLLECTION/cedric_wagon_6.html,engine_max_torque,"152N·m(15.5kgf·m)/3,600rpm"
Cedric Gloria,365,Cedric Wagon 6 (1966: WP130),1966,https://www.nissan-global.com/EN/HERITAGE_COLLECTION/cedric_wagon_6.html,suspension_front_rear,Double wishbone / Parallel leaf
Cedric Gloria,365,Cedric Wagon 6 (1966: WP130),1966,https://www.nissan-global.com/EN/HERITAGE_COLLECTION/cedric_wagon_6.html,brakes_front_rear,Drum / Drum
Cedric Gloria,365,Cedric Wagon 6 (1966: WP130),1966,https://www.nissan-global.com/EN/HERITAGE_COLLECTION/cedric_wagon_6.html,tires,7.00-13-4PR
Cedric Gloria,509,Nissan Gloria Super Deluxe (1967: PA30),1967,https://www.nissan-global.com/EN/HERITAGE_COLLECTION/509_nissan_gloria_super_deluxe.html,overall_length_width_height,"4,690/1,690/1,445mm"
Cedric Gloria,509,Nissan Gloria Super Deluxe (1967: PA30),1967,https://www.nissan-global.com/EN/HERITAGE_COLLECTION/509_nissan_gloria_super_deluxe.html,wheelbase,"2,690mm"
Cedric Gloria,509,Nissan Gloria Super Deluxe (1967: PA30),1967,https://www.nissan-global.com/EN/HERITAGE_COLLECTION/509_nissan_gloria_super_deluxe.html,tread_front_rear,"1,385/1,390mm"
Cedric Gloria,509,Nissan Gloria Super Deluxe (1967: PA30),1967,https://www.nissan-global.com/EN/HERITAGE_COLLECTION/509_nissan_gloria_super_deluxe.html,curb_weight,"1,295kg"
Cedric Gloria,509,Nissan Gloria Super Deluxe (1967: PA30),1967,https://www.nissan-global.com/EN/HERITAGE_COLLECTION/509_nissan_gloria_super_deluxe.html,engine,"G7 (6-cyl.in line, OHC) 1988cc"
Cedric Gloria,509,Nissan Gloria Super Deluxe (1967: PA30),1967,https://www.nissan-global.com/EN/HERITAGE_COLLECTION/509_nissan_gloria_super_deluxe.html,engine_max_power,"77kw (105ps)/5,200rpm"
Cedric Gloria,509,Nissan Gloria Super Deluxe (1967: PA30),1967,https://www.nissan-global.com/EN/HERITAGE_COLLECTION/509_nissan_gloria_super_deluxe.html,engine_max_torque,"157N·m (16.0kgf·m)/3,600rpm"
Cedric Gloria,509,Nissan Gloria Super Deluxe (1967: PA30),1967,https://www.nissan-global.com/EN/HERITAGE_COLLECTION/509_nissan_gloria_super_deluxe.html,suspension_front_rear,Double wishbone/Parallel leaf
Cedric Gloria,509,Nissan Gloria Super Deluxe (1967: PA30),1967,https://www.nissan-global.com/EN/HERITAGE_COLLECTION/509_nissan_gloria_super_deluxe.html,brakes_front_rear,Disc/Drum
Cedric Gloria,509,Nissan Gloria Super Deluxe (1967: PA30),1967,https://www.nissan-global.com/EN/HERITAGE_COLLECTION/509_nissan_gloria_super_deluxe.html,tires,6.95-14-4PR Tubeless
Cedric Gloria,214,Cedric Special 6 (1969 : H130),1969,https://www.nissan-global.com/EN/HERITAGE_COLLECTION/cedric_special_6.html,overall_length_width_height,"4,690/1,690/1,455mm"
Cedric Gloria,214,Cedric Special 6 (1969 : H130),1969,https://www.nissan-global.com/EN/HERITAGE_COLLECTION/cedric_special_6.html,wheelbase,"2,690mm"
Cedric Gloria,214,Cedric Special 6 (1969 : H130),1969,https://www.nissan-global.com/EN/HERITAGE_COLLECTION/cedric_special_6.html,tread_front_rear,"1,374/1,373mm"
Cedric Gloria,214,Cedric Special 6 (1969 : H130),1969,https://www.nissan-global.com/EN/HERITAGE_COLLECTION/cedric_special_6.html,curb_weight,"1,310kg"
Cedric Gloria,214,Cedric Special 6 (1969 : H130),1969,https://www.nissan-global.com/EN/HERITAGE_COLLECTION/cedric_special_6.html,engine,"L20 Single (6-cyl. in line, OHC), 1,998cc"
Cedric Gloria,214,Cedric Special 6 (1969 : H130),1969,https://www.nissan-global.com/EN/HERITAGE_COLLECTION/cedric_special_6.html,engine_max_power,"77kW (105PS)/5,200rpmc"
Cedric Gloria,214,Cedric Special 6 (1969 : H130),1969,https://www.nissan-global.com/EN/HERITAGE_COLLECTION/cedric_special_6.html,engine_max_torque,"157Nm (16.0kgm)/3,600rpm"
Cedric Gloria,214,Cedric Special 6 (1969 : H130),1969,https://www.nissan-global.com/EN/HERITAGE_COLLECTION/cedric_special_6.html,transmission,"4-speed (3 + OD), column shift"
Cedric Gloria,214,Cedric Special 6 (1969 : H130),1969,https://www.nissan-global.com/EN/HERITAGE_COLLECTION/cedric_special_6.html,suspension_front_rear,"Double wishbone, leaf"
Cedric Gloria,214,Cedric Special 6 (1969 : H130),1969,https://www.nissan-global.com/EN/HERITAGE_COLLECTION/cedric_special_6.html,brakes,(front/rear)Disc/drum
Cedric Gloria,214,Cedric Special 6 (1969 : H130),1969,https://www.nissan-global.com/EN/HERITAGE_COLLECTION/cedric_special_6.html,top_speed,150km/h
Cedric Gloria,137,Cedric Custom 6 (1969 : H130),1969,https://www.nissan-global.com/EN/HERITAGE_COLLECTION/cedric_custom_6_1969.html,overall_length_width_height,"4,690/1,690/1,455mm"
Cedric Gloria,137,Cedric Custom 6 (1969 : H130),1969,https://www.nissan-global.com/EN/HERITAGE_COLLECTION/cedric_custom_6_1969.html,wheelbase,"2,690mm"
Cedric Gloria,137,Cedric Custom 6 (1969 : H130),1969,https://www.nissan-global.com/EN/HERITAGE_COLLECTION/cedric_custom_6_1969.html,tread,"1,375mm (front & rear)"
Cedric Gloria,137,Cedric Custom 6 (1969 : H130),1969,https://www.nissan-global.com/EN/HERITAGE_COLLECTION/cedric_custom_6_1969.html,curb_weight,"1,280kg"
Cedric Gloria,137,Cedric Custom 6 (1969 : H130),1969,https://www.nissan-global.com/EN/HERITAGE_COLLECTION/cedric_custom_6_1969.html,engine,"L20 Single (6-cyl. in line, OHC), 1,998cc"
Cedric Gloria,137,Cedric Custom 6 (1969 : H130),1969,https://www.nissan-global.com/EN/HERITAGE_COLLECTION/cedric_custom_6_1969.html,engine_max_power,"77kW (105PS)/5,200rpm"
Cedric Gloria,137,Cedric Custom 6 (1969 : H130),1969,https://www.nissan-global.com/EN/HERITAGE_COLLECTION/cedric_custom_6_1969.html,engine_max_torque,"157Nm (16.0kgm)/3,600rpm"
Cedric Gloria,137,Cedric Custom 6 (1969 : H130),1969,https://www.nissan-global.com/EN/HERITAGE_COLLECTION/cedric_custom_6_1969.html,suspension_front,Double wishbone
Cedric Gloria,137,Cedric Custom 6 (1969 : H130),1969,https://www.nissan-global.com/EN/HERITAGE_COLLECTION/cedric_custom_6_1969.html,suspension_rear,Parallel semi-elliptic leaf
Cedric Gloria,137,Cedric Custom 6 (1969 : H130),1969,https://www.nissan-global.com/EN/HERITAGE_COLLECTION/cedric_custom_6_1969.html,tires,7.00-13-4PR (front & rear)
Cedric Gloria,136,Cedric Special 6 (1969 : H130),1969,https://www.nissan-global.com/EN/HERITAGE_COLLECTION/cedric_special_6_1969.html,overall_length_width_height,"4,690/1,690/1,455mm"
Cedric Gloria,136,Cedric Special 6 (1969 : H130),1969,https://www.nissan-global.com/EN/HERITAGE_COLLECTION/cedric_special_6_1969.html,wheelbase,"2,690mm"
Cedric Gloria,136,Cedric Special 6 (1969 : H130),1969,https://www.nissan-global.com/EN/HERITAGE_COLLECTION/cedric_special_6_1969.html,tread,"1,375mm (front & rear)"
Cedric Gloria,136,Cedric Special 6 (1969 : H130),1969,https://www.nissan-global.com/EN/HERITAGE_COLLECTION/cedric_special_6_1969.html,curb_weight,"1,330kg"
Cedric Gloria,136,Cedric Special 6 (1969 : H130),1969,https://www.nissan-global.com/EN/HERITAGE_COLLECTION/cedric_special_6_1969.html,engine,"L20 Single (6-cyl. in line, OHC), 1,998cc"
Cedric Gloria,136,Cedric Special 6 (1969 : H130),1969,https://www.nissan-global.com/EN/HERITAGE_COLLECTION/cedric_special_6_1969.html,engine_max_power,"85kW (115PS)/5,600rpm"
Cedric Gloria,136,Cedric Special 6 (1969 : H130),1969,https://www.nissan-global.com/EN/HERITAGE_COLLECTION/cedric_special_6_1969.html,engine_max_torque,"162Nm (16.5kgm)/3,600rpm"
Cedric Gloria,136,Cedric Special 6 (1969 : H130),1969,https://www.nissan-global.com/EN/HERITAGE_COLLECTION/cedric_special_6_1969.html,suspension_front,Double wishbone
Cedric Gloria,136,Cedric Special 6 (1969 : H130),1969,https://www.nissan-global.com/EN/HERITAGE_COLLECTION/cedric_special_6_1969.html,suspension_rear,Parallel semi-elliptic leaf
Cedric Gloria,136,Cedric Special 6 (1969 : H130),1969,https://www.nissan-global.com/EN/HERITAGE_COLLECTION/cedric_special_6_1969.html,tires,7.00-13-4PR (front & rear)
Cedric Gloria,359,Gloria Super Deluxe (1969 : PA30),1969,https://www.nissan-global.com/EN/HERITAGE_COLLECTION/359_gloria_super_deluxe.html,overall_length_width_height,"4,690/1,695/1,445mm"
Cedric Gloria,359,Gloria Super Deluxe (1969 : PA30),1969,https://www.nissan-global.com/EN/HERITAGE_COLLECTION/359_gloria_super_deluxe.html,wheelbase,"2,690mm"
Cedric Gloria,359,Gloria Super Deluxe (1969 : PA30),1969,https://www.nissan-global.com/EN/HERITAGE_COLLECTION/359_gloria_super_deluxe.html,tread_front_rear,"1,385/1,390mm"
Cedric Gloria,359,Gloria Super Deluxe (1969 : PA30),1969,https://www.nissan-global.com/EN/HERITAGE_COLLECTION/359_gloria_super_deluxe.html,curb_weight,"1,305kg"
Cedric Gloria,359,Gloria Super Deluxe (1969 : PA30),1969,https://www.nissan-global.com/EN/HERITAGE_COLLECTION/359_gloria_super_deluxe.html,engine,"G7 (6-cyl. in line OHC) 1,988cc"
Cedric Gloria,359,Gloria Super Deluxe (1969 : PA30),1969,https://www.nissan-global.com/EN/HERITAGE_COLLECTION/359_gloria_super_deluxe.html,engine_max_power,"77kw (105ps)/5,200rpm"
Cedric Gloria,359,Gloria Super Deluxe (1969 : PA30),1969,https://www.nissan-global.com/EN/HERITAGE_COLLECTION/359_gloria_super_deluxe.html,engine_max_torque,"157Nm (16.0kgfm)/3,600rpm"
Cedric Gloria,359,Gloria Super Deluxe (1969 : PA30),1969,https://www.nissan-global.com/EN/HERITAGE_COLLECTION/359_gloria_super_deluxe.html,suspension_front_rear,Double wishbone / Parallel leaf
Cedric Gloria,359,Gloria Super Deluxe (1969 : PA30),1969,https://www.nissan-global.com/EN/HERITAGE_COLLECTION/359_gloria_super_deluxe.html,brakes_front_rear,Disc / Drum
Cedric Gloria,359,Gloria Super Deluxe (1969 : PA30),1969,https://www.nissan-global.com/EN/HERITAGE_COLLECTION/359_gloria_super_deluxe.html,tires,6.95-14-4PR tubeless
Cedric Gloria,162,Gloria Super Deluxe (1970 : HA30),1970,https://www.nissan-global.com/EN/HERITAGE_COLLECTION/gloria_super_deluxe.html,overall_length_width_height,"4,690/1,690/1,410mm"
Cedric Gloria,162,Gloria Super Deluxe (1970 : HA30),1970,https://www.nissan-global.com/EN/HERITAGE_COLLECTION/gloria_super_deluxe.html,wheelbase,"2,690mm"
Cedric Gloria,162,Gloria Super Deluxe (1970 : HA30),1970,https://www.nissan-global.com/EN/HERITAGE_COLLECTION/gloria_super_deluxe.html,tread_front_rear,"1,385/1,390mm"
Cedric Gloria,162,Gloria Super Deluxe (1970 : HA30),1970,https://www.nissan-global.com/EN/HERITAGE_COLLECTION/gloria_super_deluxe.html,curb_weight,"1,290kg"
Cedric Gloria,162,Gloria Super Deluxe (1970 : HA30),1970,https://www.nissan-global.com/EN/HERITAGE_COLLECTION/gloria_super_deluxe.html,engine,"L20 Single (6-cyl. in line, OHC), 1,998cc"
Cedric Gloria,162,Gloria Super Deluxe (1970 : HA30),1970,https://www.nissan-global.com/EN/HERITAGE_COLLECTION/gloria_super_deluxe.html,engine_max_power,"92kW (125PS)/6,000rpm"
Cedric Gloria,162,Gloria Super Deluxe (1970 : HA30),1970,https://www.nissan-global.com/EN/HERITAGE_COLLECTION/gloria_super_deluxe.html,engine_max_torque,"167Nm (17.0kgm)/4,000rpm"
Cedric Gloria,162,Gloria Super Deluxe (1970 : HA30),1970,https://www.nissan-global.com/EN/HERITAGE_COLLECTION/gloria_super_deluxe.html,suspension_front_rear,"Double wishbone, leaf"
Cedric Gloria,162,Gloria Super Deluxe (1970 : HA30),1970,https://www.nissan-global.com/EN/HERITAGE_COLLECTION/gloria_super_deluxe.html,brakes_front_rear,Disc/drum
Cedric Gloria,162,Gloria Super Deluxe (1970 : HA30),1970,https://www.nissan-global.com/EN/HERITAGE_COLLECTION/gloria_super_deluxe.html,tires,6.45-14-4PR (front & rear)
Cedric Gloria,066,Cedric 4-door Sedan 2000GL (1972 : 230),1972,https://www.nissan-global.com/EN/HERITAGE_COLLECTION/cedric_4door_sedan_2000gl.html,overall_length_width_height,"4,690/1,690/1,455mm"
Cedric Gloria,066,Cedric 4-door Sedan 2000GL (1972 : 230),1972,https://www.nissan-global.com/EN/HERITAGE_COLLECTION/cedric_4door_sedan_2000gl.html,wheelbase,"2,690mm"
Cedric Gloria,066,Cedric 4-door Sedan 2000GL (1972 : 230),1972,https://www.nissan-global.com/EN/HERITAGE_COLLECTION/cedric_4door_sedan_2000gl.html,tread,"1,380/1,380mm"
Cedric Gloria,066,Cedric 4-door Sedan 2000GL (1972 : 230),1972,https://www.nissan-global.com/EN/HERITAGE_COLLECTION/cedric_4door_sedan_2000gl.html,curb_weight,"1,345kg"
Cedric Gloria,066,Cedric 4-door Sedan 2000GL (1972 : 230),1972,https://www.nissan-global.com/EN/HERITAGE_COLLECTION/cedric_4door_sedan_2000gl.html,engine,"L20 Single (6-cyl. in line, OHC), 1,998cc"
Cedric Gloria,066,Cedric 4-door Sedan 2000GL (1972 : 230),1972,https://www.nissan-global.com/EN/HERITAGE_COLLECTION/cedric_4door_sedan_2000gl.html,engine_max_power,"85kW (115PS)/5,600rpm"
Cedric Gloria,066,Cedric 4-door Sedan 2000GL (1972 : 230),1972,https://www.nissan-global.com/EN/HERITAGE_COLLECTION/cedric_4door_sedan_2000gl.html,engine_max_torque,"162N·m (16.5kgm)/3,600rpm"
Cedric Gloria,066,Cedric 4-door Sedan 2000GL (1972 : 230),1972,https://www.nissan-global.com/EN/HERITAGE_COLLECTION/cedric_4door_sedan_2000gl.html,suspension_front_rear,Double wishbone / Parallel leaf
Cedric Gloria,066,Cedric 4-door Sedan 2000GL (1972 : 230),1972,https://www.nissan-global.com/EN/HERITAGE_COLLECTION/cedric_4door_sedan_2000gl.html,suspension_front_rear,Disc / Drum
Cedric Gloria,066,Cedric 4-door Sedan 2000GL (1972 : 230),1972,https://www.nissan-global.com/EN/HERITAGE_COLLECTION/cedric_4door_sedan_2000gl.html,tires,6.95-14-4PR
Cedric Gloria,212,Gloria 4-door Sedan Custom Deluxe (1975 : H230),1975,https://www.nissan-global.com/EN/HERITAGE_COLLECTION/gloria_4door_sedan_deluxe.html,overall_length_width_height,"4,690/1,690/1,455mm"
Cedric Gloria,212,Gloria 4-door Sedan Custom Deluxe (1975 : H230),1975,https://www.nissan-global.com/EN/HERITAGE_COLLECTION/gloria_4door_sedan_deluxe.html,wheelbase,"2,690mm"
Cedric Gloria,212,Gloria 4-door Sedan Custom Deluxe (1975 : H230),1975,https://www.nissan-global.com/EN/HERITAGE_COLLECTION/gloria_4door_sedan_deluxe.html,tread,"1,380mm (front & rear)"
Cedric Gloria,212,Gloria 4-door Sedan Custom Deluxe (1975 : H230),1975,https://www.nissan-global.com/EN/HERITAGE_COLLECTION/gloria_4door_sedan_deluxe.html,curb_weight,"1,300kg"
Cedric Gloria,212,Gloria 4-door Sedan Custom Deluxe (1975 : H230),1975,https://www.nissan-global.com/EN/HERITAGE_COLLECTION/gloria_4door_sedan_deluxe.html,engine,"L20 Single (6-cyl. in line, OHC), 1,815cc"
Cedric Gloria,212,Gloria 4-door Sedan Custom Deluxe (1975 : H230),1975,https://www.nissan-global.com/EN/HERITAGE_COLLECTION/gloria_4door_sedan_deluxe.html,enginemax_power,"85kW (115PS)/5,600rpm"
Cedric Gloria,212,Gloria 4-door Sedan Custom Deluxe (1975 : H230),1975,https://www.nissan-global.com/EN/HERITAGE_COLLECTION/gloria_4door_sedan_deluxe.html,enginemax_torque,"157Nm (16.5kgm)/3,600rpm"
Cedric Gloria,212,Gloria 4-door Sedan Custom Deluxe (1975 : H230),1975,https://www.nissan-global.com/EN/HERITAGE_COLLECTION/gloria_4door_sedan_deluxe.html,transmission,"4-speed (3 + OD), column shift"
Cedric Gloria,212,Gloria 4-door Sedan Custom Deluxe (1975 : H230),1975,https://www.nissan-global.com/EN/HERITAGE_COLLECTION/gloria_4door_sedan_deluxe.html,suspension_front_rear,"Double wishbone, leaf"
Cedric Gloria,212,Gloria 4-door Sedan Custom Deluxe (1975 : H230),1975,https://www.nissan-global.com/EN/HERITAGE_COLLECTION/gloria_4door_sedan_deluxe.html,brakes_front_rear,Disc/drum
Cedric Gloria,212,Gloria 4-door Sedan Custom Deluxe (1975 : H230),1975,https://www.nissan-global.com/EN/HERITAGE_COLLECTION/gloria_4door_sedan_deluxe.html,tires,6.95-14-4PR (front & rear)
Cedric Gloria,421,Cedric 4-door Hardtop 2000 Custom Deluxe (1973: KF230),1973,https://www.nissan-global.com/EN/HERITAGE_COLLECTION/cedric_4door_hardtop_2000_custom_deluxe.html,overall_length_width_height,"4,690/1,690/1,420mm"
Cedric Gloria,421,Cedric 4-door Hardtop 2000 Custom Deluxe (1973: KF230),1973,https://www.nissan-global.com/EN/HERITAGE_COLLECTION/cedric_4door_hardtop_2000_custom_deluxe.html,wheelbase,"2,690mm"
Cedric Gloria,421,Cedric 4-door Hardtop 2000 Custom Deluxe (1973: KF230),1973,https://www.nissan-global.com/EN/HERITAGE_COLLECTION/cedric_4door_hardtop_2000_custom_deluxe.html,tread_front_rear,"1,380/1,380mm"
Cedric Gloria,421,Cedric 4-door Hardtop 2000 Custom Deluxe (1973: KF230),1973,https://www.nissan-global.com/EN/HERITAGE_COLLECTION/cedric_4door_hardtop_2000_custom_deluxe.html,curb_weight,"1,320kg"
Cedric Gloria,421,Cedric 4-door Hardtop 2000 Custom Deluxe (1973: KF230),1973,https://www.nissan-global.com/EN/HERITAGE_COLLECTION/cedric_4door_hardtop_2000_custom_deluxe.html,engine,"L20 (6-cyl. In line, OHC) 1,998cc"
Cedric Gloria,421,Cedric 4-door Hardtop 2000 Custom Deluxe (1973: KF230),1973,https://www.nissan-global.com/EN/HERITAGE_COLLECTION/cedric_4door_hardtop_2000_custom_deluxe.html,engine_max_power,85kw(115PS)/5600rpm
Cedric Gloria,421,Cedric 4-door Hardtop 2000 Custom Deluxe (1973: KF230),1973,https://www.nissan-global.com/EN/HERITAGE_COLLECTION/cedric_4door_hardtop_2000_custom_deluxe.html,engine_max_torque,162N·m(16.5kgm)/3600rpm
Cedric Gloria,421,Cedric 4-door Hardtop 2000 Custom Deluxe (1973: KF230),1973,https://www.nissan-global.com/EN/HERITAGE_COLLECTION/cedric_4door_hardtop_2000_custom_deluxe.html,suspension_front_rear,Double wishbone / Parallel leaf
Cedric Gloria,421,Cedric 4-door Hardtop 2000 Custom Deluxe (1973: KF230),1973,https://www.nissan-global.com/EN/HERITAGE_COLLECTION/cedric_4door_hardtop_2000_custom_deluxe.html,brakes_front_rear,Disc / Drum
Cedric Gloria,421,Cedric 4-door Hardtop 2000 Custom Deluxe (1973: KF230),1973,https://www.nissan-global.com/EN/HERITAGE_COLLECTION/cedric_4door_hardtop_2000_custom_deluxe.html,tires,6.95-14-4PR
Cedric Gloria,277,Gloria 2000 Custom Deluxe (1975: 230),1975,https://www.nissan-global.com/EN/HERITAGE_COLLECTION/gloria_2000_custom_deluxe.html,overall_length_width_height,"4,690/1,690/1,455mm"
Cedric Gloria,277,Gloria 2000 Custom Deluxe (1975: 230),1975,https://www.nissan-global.com/EN/HERITAGE_COLLECTION/gloria_2000_custom_deluxe.html,wheelbase,"2,690mm"
Cedric Gloria,277,Gloria 2000 Custom Deluxe (1975: 230),1975,https://www.nissan-global.com/EN/HERITAGE_COLLECTION/gloria_2000_custom_deluxe.html,tread_front_rear,"1,380/1,380mm"
Cedric Gloria,277,Gloria 2000 Custom Deluxe (1975: 230),1975,https://www.nissan-global.com/EN/HERITAGE_COLLECTION/gloria_2000_custom_deluxe.html,curb_weight,"1,300kg"
Cedric Gloria,277,Gloria 2000 Custom Deluxe (1975: 230),1975,https://www.nissan-global.com/EN/HERITAGE_COLLECTION/gloria_2000_custom_deluxe.html,engine,"L20 (6-cyl. In line, OHC) 1,998cc"
Cedric Gloria,277,Gloria 2000 Custom Deluxe (1975: 230),1975,https://www.nissan-global.com/EN/HERITAGE_COLLECTION/gloria_2000_custom_deluxe.html,engine_max_power,85kw(115PS)/5600rpm
Cedric Gloria,277,Gloria 2000 Custom Deluxe (1975: 230),1975,https://www.nissan-global.com/EN/HERITAGE_COLLECTION/gloria_2000_custom_deluxe.html,engine_max_torque,162N·m(16.5kgm)/3600rpm
Cedric Gloria,277,Gloria 2000 Custom Deluxe (1975: 230),1975,https://www.nissan-global.com/EN/HERITAGE_COLLECTION/gloria_2000_custom_deluxe.html,suspension_front_rear,Double wishbone / Parallel leaf
Cedric Gloria,277,Gloria 2000 Custom Deluxe (1975: 230),1975,https://www.nissan-global.com/EN/HERITAGE_COLLECTION/gloria_2000_custom_deluxe.html,brakes_front_rear,Disc / Drum
Cedric Gloria,277,Gloria 2000 Custom Deluxe (1975: 230),1975,https://www.nissan-global.com/EN/HERITAGE_COLLECTION/gloria_2000_custom_deluxe.html,tires,6.95-14-4PR
Cedric Gloria,076,Cedric 2800SGL (1977 : P331),1977,https://www.nissan-global.com/EN/HERITAGE_COLLECTION/cedric_2800sgl.html,overall_length_width_height,"4,785/1,705/1,440mm"
Cedric Gloria,076,Cedric 2800SGL (1977 : P331),1977,https://www.nissan-global.com/EN/HERITAGE_COLLECTION/cedric_2800sgl.html,wheelbase,"2,690mm"
Cedric Gloria,076,Cedric 2800SGL (1977 : P331),1977,https://www.nissan-global.com/EN/HERITAGE_COLLECTION/cedric_2800sgl.html,tread_front_rear,"1,385/1,380mm"
Cedric Gloria,076,Cedric 2800SGL (1977 : P331),1977,https://www.nissan-global.com/EN/HERITAGE_COLLECTION/cedric_2800sgl.html,curb_weight,"1,425kg"
Cedric Gloria,076,Cedric 2800SGL (1977 : P331),1977,https://www.nissan-global.com/EN/HERITAGE_COLLECTION/cedric_2800sgl.html,engine,"L28S (6-cyl. in line, OHC), 2,753cc"
Cedric Gloria,076,Cedric 2800SGL (1977 : P331),1977,https://www.nissan-global.com/EN/HERITAGE_COLLECTION/cedric_2800sgl.html,engine_max_power,"103kW (140PS)/5,200rpm"
Cedric Gloria,076,Cedric 2800SGL (1977 : P331),1977,https://www.nissan-global.com/EN/HERITAGE_COLLECTION/cedric_2800sgl.html,engine_max_torque,"221Nm (22.5kgm)/3,600rpm"
Cedric Gloria,076,Cedric 2800SGL (1977 : P331),1977,https://www.nissan-global.com/EN/HERITAGE_COLLECTION/cedric_2800sgl.html,suspension_front,Double wishbone
Cedric Gloria,076,Cedric 2800SGL (1977 : P331),1977,https://www.nissan-global.com/EN/HERITAGE_COLLECTION/cedric_2800sgl.html,suspension_rear,Parallel semi-elliptic leaf
Cedric Gloria,076,Cedric 2800SGL (1977 : P331),1977,https://www.nissan-global.com/EN/HERITAGE_COLLECTION/cedric_2800sgl.html,tires_sp44r,195/70SR14 (front & rear)
Cedric Gloria,189,Cedric 2000 Deluxe (1978 : 332),1978,https://www.nissan-global.com/EN/HERITAGE_COLLECTION/cedric_2000_deluxe.html,overall_length_width_height,"4,690/1,690/1,440mm"
Cedric Gloria,189,Cedric 2000 Deluxe (1978 : 332),1978,https://www.nissan-global.com/EN/HERITAGE_COLLECTION/cedric_2000_deluxe.html,wheelbase,"2,690mm"
Cedric Gloria,189,Cedric 2000 Deluxe (1978 : 332),1978,https://www.nissan-global.com/EN/HERITAGE_COLLECTION/cedric_2000_deluxe.html,tread_front_rear,"1,385/1,380mm"
Cedric Gloria,189,Cedric 2000 Deluxe (1978 : 332),1978,https://www.nissan-global.com/EN/HERITAGE_COLLECTION/cedric_2000_deluxe.html,curb_weight,"1,335kg"
Cedric Gloria,189,Cedric 2000 Deluxe (1978 : 332),1978,https://www.nissan-global.com/EN/HERITAGE_COLLECTION/cedric_2000_deluxe.html,engine,"L20 (6-cyl. in line, OHC) 1,998cc"
Cedric Gloria,189,Cedric 2000 Deluxe (1978 : 332),1978,https://www.nissan-global.com/EN/HERITAGE_COLLECTION/cedric_2000_deluxe.html,engine_max_power,85kw(115PS)/5600rpm
Cedric Gloria,189,Cedric 2000 Deluxe (1978 : 332),1978,https://www.nissan-global.com/EN/HERITAGE_COLLECTION/cedric_2000_deluxe.html,engine_max_torque,162N·m(16.5kgm)/3600rpm
Cedric Gloria,189,Cedric 2000 Deluxe (1978 : 332),1978,https://www.nissan-global.com/EN/HERITAGE_COLLECTION/cedric_2000_deluxe.html,suspension_front_rear,Double wishbone / Parallel leaf
Cedric Gloria,189,Cedric 2000 Deluxe (1978 : 332),1978,https://www.nissan-global.com/EN/HERITAGE_COLLECTION/cedric_2000_deluxe.html,brakes_front_rear,Disc / Drum
Cedric Gloria,189,Cedric 2000 Deluxe (1978 : 332),1978,https://www.nissan-global.com/EN/HERITAGE_COLLECTION/cedric_2000_deluxe.html,tires,6.95-14-4PR
Cedric Gloria,092,Gloria 4-door H/T 200E GL (1980 : K430G),1980,https://www.nissan-global.com/EN/HERITAGE_COLLECTION/gloria_4_door_ht200e_gl.html,overall_length_width_height,"4,690/1,690/1,410mm"
Cedric Gloria,092,Gloria 4-door H/T 200E GL (1980 : K430G),1980,https://www.nissan-global.com/EN/HERITAGE_COLLECTION/gloria_4_door_ht200e_gl.html,wheelbase,"2,690mm"
Cedric Gloria,092,Gloria 4-door H/T 200E GL (1980 : K430G),1980,https://www.nissan-global.com/EN/HERITAGE_COLLECTION/gloria_4_door_ht200e_gl.html,tread_front_rear,"1,415/1,380mm"
Cedric Gloria,092,Gloria 4-door H/T 200E GL (1980 : K430G),1980,https://www.nissan-global.com/EN/HERITAGE_COLLECTION/gloria_4_door_ht200e_gl.html,curb_weight,"1,380kg"
Cedric Gloria,092,Gloria 4-door H/T 200E GL (1980 : K430G),1980,https://www.nissan-global.com/EN/HERITAGE_COLLECTION/gloria_4_door_ht200e_gl.html,engine,"L20E (6-cyl. in line, OHC), 1,998cc"
Cedric Gloria,092,Gloria 4-door H/T 200E GL (1980 : K430G),1980,https://www.nissan-global.com/EN/HERITAGE_COLLECTION/gloria_4_door_ht200e_gl.html,engine_max_power,"96kW (130PS)/6,000rpm"
Cedric Gloria,092,Gloria 4-door H/T 200E GL (1980 : K430G),1980,https://www.nissan-global.com/EN/HERITAGE_COLLECTION/gloria_4_door_ht200e_gl.html,engine_max_torque,"167Nm (17.0kgm)/4,000rpm"
Cedric Gloria,092,Gloria 4-door H/T 200E GL (1980 : K430G),1980,https://www.nissan-global.com/EN/HERITAGE_COLLECTION/gloria_4_door_ht200e_gl.html,suspension_front,Double wishbone
Cedric Gloria,092,Gloria 4-door H/T 200E GL (1980 : K430G),1980,https://www.nissan-global.com/EN/HERITAGE_COLLECTION/gloria_4_door_ht200e_gl.html,suspension_rear,4-link coil
Cedric Gloria,092,Gloria 4-door H/T 200E GL (1980 : K430G),1980,https://www.nissan-global.com/EN/HERITAGE_COLLECTION/gloria_4_door_ht200e_gl.html,tires,6.95-14-4PR (front & rear)
Cedric Gloria,225,Cedric Sedan 200SGL Extra(1980 : 430),1980,https://www.nissan-global.com/EN/HERITAGE_COLLECTION/cedric_sedan_2000SGL_Extra.html,overall_length_width_height,"4,690/1,690/1,430mm"
Cedric Gloria,225,Cedric Sedan 200SGL Extra(1980 : 430),1980,https://www.nissan-global.com/EN/HERITAGE_COLLECTION/cedric_sedan_2000SGL_Extra.html,wheelbase,"2,690mm"
Cedric Gloria,225,Cedric Sedan 200SGL Extra(1980 : 430),1980,https://www.nissan-global.com/EN/HERITAGE_COLLECTION/cedric_sedan_2000SGL_Extra.html,tread,"1,415/1,380mm"
Cedric Gloria,225,Cedric Sedan 200SGL Extra(1980 : 430),1980,https://www.nissan-global.com/EN/HERITAGE_COLLECTION/cedric_sedan_2000SGL_Extra.html,curb_weight,"1,405kg"
Cedric Gloria,225,Cedric Sedan 200SGL Extra(1980 : 430),1980,https://www.nissan-global.com/EN/HERITAGE_COLLECTION/cedric_sedan_2000SGL_Extra.html,engine,"L20E (6-cyl. inline, OHC)"
Cedric Gloria,225,Cedric Sedan 200SGL Extra(1980 : 430),1980,https://www.nissan-global.com/EN/HERITAGE_COLLECTION/cedric_sedan_2000SGL_Extra.html,engine_max_power,"96kW(130ps)/6,000rpm"
Cedric Gloria,225,Cedric Sedan 200SGL Extra(1980 : 430),1980,https://www.nissan-global.com/EN/HERITAGE_COLLECTION/cedric_sedan_2000SGL_Extra.html,engine_max_torque,"167N·m(17.0kgm)/4,000rpm"
Cedric Gloria,225,Cedric Sedan 200SGL Extra(1980 : 430),1980,https://www.nissan-global.com/EN/HERITAGE_COLLECTION/cedric_sedan_2000SGL_Extra.html,suspension_front_rear,Double wishbone/5-link
Cedric Gloria,225,Cedric Sedan 200SGL Extra(1980 : 430),1980,https://www.nissan-global.com/EN/HERITAGE_COLLECTION/cedric_sedan_2000SGL_Extra.html,brakes_front_rear,Disc/Drum
Cedric Gloria,225,Cedric Sedan 200SGL Extra(1980 : 430),1980,https://www.nissan-global.com/EN/HERITAGE_COLLECTION/cedric_sedan_2000SGL_Extra.html,tires,185SR14
Cedric Gloria,191,Nissan Cedric 4-door Hardtop Turbo SGL Extra (1980: 430),1980,https://www.nissan-global.com/EN/HERITAGE_COLLECTION/191_cedric_4_door_hardtop_turbo_sgl_extra.html,overall_length_width_height,"4,690/1,690/1,410mm"
Cedric Gloria,191,Nissan Cedric 4-door Hardtop Turbo SGL Extra (1980: 430),1980,https://www.nissan-global.com/EN/HERITAGE_COLLECTION/191_cedric_4_door_hardtop_turbo_sgl_extra.html,wheelbase,"2,690mm"
Cedric Gloria,191,Nissan Cedric 4-door Hardtop Turbo SGL Extra (1980: 430),1980,https://www.nissan-global.com/EN/HERITAGE_COLLECTION/191_cedric_4_door_hardtop_turbo_sgl_extra.html,tread,"1,415/1,380mm"
Cedric Gloria,191,Nissan Cedric 4-door Hardtop Turbo SGL Extra (1980: 430),1980,https://www.nissan-global.com/EN/HERITAGE_COLLECTION/191_cedric_4_door_hardtop_turbo_sgl_extra.html,curb_weight,"1,440kg"
Cedric Gloria,191,Nissan Cedric 4-door Hardtop Turbo SGL Extra (1980: 430),1980,https://www.nissan-global.com/EN/HERITAGE_COLLECTION/191_cedric_4_door_hardtop_turbo_sgl_extra.html,engine,"L20E·T (6-cyl. inline, OHC with turbo) 1,998cc"
Cedric Gloria,191,Nissan Cedric 4-door Hardtop Turbo SGL Extra (1980: 430),1980,https://www.nissan-global.com/EN/HERITAGE_COLLECTION/191_cedric_4_door_hardtop_turbo_sgl_extra.html,engine_max_power,"107kw (145ps)/5,600rpm"
Cedric Gloria,191,Nissan Cedric 4-door Hardtop Turbo SGL Extra (1980: 430),1980,https://www.nissan-global.com/EN/HERITAGE_COLLECTION/191_cedric_4_door_hardtop_turbo_sgl_extra.html,engine_max_torque,"206N·m (21.0kgf·m)/3,200rpm"
Cedric Gloria,191,Nissan Cedric 4-door Hardtop Turbo SGL Extra (1980: 430),1980,https://www.nissan-global.com/EN/HERITAGE_COLLECTION/191_cedric_4_door_hardtop_turbo_sgl_extra.html,suspension_front_rear,Double wishbone/5-link
Cedric Gloria,191,Nissan Cedric 4-door Hardtop Turbo SGL Extra (1980: 430),1980,https://www.nissan-global.com/EN/HERITAGE_COLLECTION/191_cedric_4_door_hardtop_turbo_sgl_extra.html,brakes_front_rear,Disc/Drum
Cedric Gloria,191,Nissan Cedric 4-door Hardtop Turbo SGL Extra (1980: 430),1980,https://www.nissan-global.com/EN/HERITAGE_COLLECTION/191_cedric_4_door_hardtop_turbo_sgl_extra.html,tires,185SR14
Cedric Gloria,201,Cedric 4-door H/T Turbo Brougham (1982 : K430),1982,https://www.nissan-global.com/EN/HERITAGE_COLLECTION/cedric_4door_htturbo_brough.html,overall_length_width_height,"4,690/1,690/1,410mm"
Cedric Gloria,201,Cedric 4-door H/T Turbo Brougham (1982 : K430),1982,https://www.nissan-global.com/EN/HERITAGE_COLLECTION/cedric_4door_htturbo_brough.html,wheelbase,"2,690mm"
Cedric Gloria,201,Cedric 4-door H/T Turbo Brougham (1982 : K430),1982,https://www.nissan-global.com/EN/HERITAGE_COLLECTION/cedric_4door_htturbo_brough.html,tread,"1,380mm (front & rear)"
Cedric Gloria,201,Cedric 4-door H/T Turbo Brougham (1982 : K430),1982,https://www.nissan-global.com/EN/HERITAGE_COLLECTION/cedric_4door_htturbo_brough.html,curb_weight,"1,485kg"
Cedric Gloria,201,Cedric 4-door H/T Turbo Brougham (1982 : K430),1982,https://www.nissan-global.com/EN/HERITAGE_COLLECTION/cedric_4door_htturbo_brough.html,engine,"L20E-T (6-cyl. in line, OHC), 1,998cc"
Cedric Gloria,201,Cedric 4-door H/T Turbo Brougham (1982 : K430),1982,https://www.nissan-global.com/EN/HERITAGE_COLLECTION/cedric_4door_htturbo_brough.html,engine_max_power,"107kW (145PS)/5,600rpm"
Cedric Gloria,201,Cedric 4-door H/T Turbo Brougham (1982 : K430),1982,https://www.nissan-global.com/EN/HERITAGE_COLLECTION/cedric_4door_htturbo_brough.html,engine_max_torque,"206Nm (21kgm)/3,200rpm"
Cedric Gloria,201,Cedric 4-door H/T Turbo Brougham (1982 : K430),1982,https://www.nissan-global.com/EN/HERITAGE_COLLECTION/cedric_4door_htturbo_brough.html,transmission,3-speed AT (w/ lockup)
Cedric Gloria,201,Cedric 4-door H/T Turbo Brougham (1982 : K430),1982,https://www.nissan-global.com/EN/HERITAGE_COLLECTION/cedric_4door_htturbo_brough.html,suspension_front_rear,"Double wishbone, 5-link"
Cedric Gloria,201,Cedric 4-door H/T Turbo Brougham (1982 : K430),1982,https://www.nissan-global.com/EN/HERITAGE_COLLECTION/cedric_4door_htturbo_brough.html,brakes_front_rear,"Ventilated disc, disc"
Cedric Gloria,201,Cedric 4-door H/T Turbo Brougham (1982 : K430),1982,https://www.nissan-global.com/EN/HERITAGE_COLLECTION/cedric_4door_htturbo_brough.html,tires,185SR14 (front & rear)
Cedric Gloria,298,Cedric 4-door Sedan GL (1984 : NY30),1984,https://www.nissan-global.com/EN/HERITAGE_COLLECTION/cedric_4door_sedan_gl.html,overall_length_width_height,"4,690/1,690/1,455mm"
Cedric Gloria,298,Cedric 4-door Sedan GL (1984 : NY30),1984,https://www.nissan-global.com/EN/HERITAGE_COLLECTION/cedric_4door_sedan_gl.html,wheelbase,"2,730mm"
Cedric Gloria,298,Cedric 4-door Sedan GL (1984 : NY30),1984,https://www.nissan-global.com/EN/HERITAGE_COLLECTION/cedric_4door_sedan_gl.html,tread_front_rear,"1,430/1,400mm"
Cedric Gloria,298,Cedric 4-door Sedan GL (1984 : NY30),1984,https://www.nissan-global.com/EN/HERITAGE_COLLECTION/cedric_4door_sedan_gl.html,curb_weight,"1,340kg"
Cedric Gloria,298,Cedric 4-door Sedan GL (1984 : NY30),1984,https://www.nissan-global.com/EN/HERITAGE_COLLECTION/cedric_4door_sedan_gl.html,engine_lpg,"CA20P (4-cyl. in-line, OHC), 1,973cc"
Cedric Gloria,298,Cedric 4-door Sedan GL (1984 : NY30),1984,https://www.nissan-global.com/EN/HERITAGE_COLLECTION/cedric_4door_sedan_gl.html,engine_max_power,"66kW (90PS)/5,600rpm"
Cedric Gloria,298,Cedric 4-door Sedan GL (1984 : NY30),1984,https://www.nissan-global.com/EN/HERITAGE_COLLECTION/cedric_4door_sedan_gl.html,engine_max_torque,"152Nm (15.5kgm)/2,400rpm"
Cedric Gloria,298,Cedric 4-door Sedan GL (1984 : NY30),1984,https://www.nissan-global.com/EN/HERITAGE_COLLECTION/cedric_4door_sedan_gl.html,transmission,"3-speed AT, floor shift"
Cedric Gloria,298,Cedric 4-door Sedan GL (1984 : NY30),1984,https://www.nissan-global.com/EN/HERITAGE_COLLECTION/cedric_4door_sedan_gl.html,suspension_front_rear,"Strut, 4-link (5-link) with Panhard rod"
Cedric Gloria,298,Cedric 4-door Sedan GL (1984 : NY30),1984,https://www.nissan-global.com/EN/HERITAGE_COLLECTION/cedric_4door_sedan_gl.html,brakes_front_rear,"Disc, drum"
Cedric Gloria,298,Cedric 4-door Sedan GL (1984 : NY30),1984,https://www.nissan-global.com/EN/HERITAGE_COLLECTION/cedric_4door_sedan_gl.html,tires,6.95-14-4PR (front & rear)
Cedric Gloria,335,Cedric 4-door Hardtop V30 Turbo Brougham VIP (1985 : PY30),1985,https://www.nissan-global.com/EN/HERITAGE_COLLECTION/cedric_4_door_hardtop_v30_turb.html,overall_length_width_height,"4,860/1,720/1,410mm"
Cedric Gloria,335,Cedric 4-door Hardtop V30 Turbo Brougham VIP (1985 : PY30),1985,https://www.nissan-global.com/EN/HERITAGE_COLLECTION/cedric_4_door_hardtop_v30_turb.html,wheelbase,"2,730mm"
Cedric Gloria,335,Cedric 4-door Hardtop V30 Turbo Brougham VIP (1985 : PY30),1985,https://www.nissan-global.com/EN/HERITAGE_COLLECTION/cedric_4_door_hardtop_v30_turb.html,tread_front_rear,"1,430/1,400mm"
Cedric Gloria,335,Cedric 4-door Hardtop V30 Turbo Brougham VIP (1985 : PY30),1985,https://www.nissan-global.com/EN/HERITAGE_COLLECTION/cedric_4_door_hardtop_v30_turb.html,curb_weight,"1,570kg"
Cedric Gloria,335,Cedric 4-door Hardtop V30 Turbo Brougham VIP (1985 : PY30),1985,https://www.nissan-global.com/EN/HERITAGE_COLLECTION/cedric_4_door_hardtop_v30_turb.html,engine_lpg,"VG30ET (V6, OHC), 2,960cc"
Cedric Gloria,335,Cedric 4-door Hardtop V30 Turbo Brougham VIP (1985 : PY30),1985,https://www.nissan-global.com/EN/HERITAGE_COLLECTION/cedric_4_door_hardtop_v30_turb.html,engine_max_power,"169kW (230PS)/5,200rpm"
Cedric Gloria,335,Cedric 4-door Hardtop V30 Turbo Brougham VIP (1985 : PY30),1985,https://www.nissan-global.com/EN/HERITAGE_COLLECTION/cedric_4_door_hardtop_v30_turb.html,engine_max_torque,"333Nm (34.0kgm)/3,600rpm"
Cedric Gloria,335,Cedric 4-door Hardtop V30 Turbo Brougham VIP (1985 : PY30),1985,https://www.nissan-global.com/EN/HERITAGE_COLLECTION/cedric_4_door_hardtop_v30_turb.html,transmission,"Electronic 4-speed AT, floor shift"
Cedric Gloria,335,Cedric 4-door Hardtop V30 Turbo Brougham VIP (1985 : PY30),1985,https://www.nissan-global.com/EN/HERITAGE_COLLECTION/cedric_4_door_hardtop_v30_turb.html,suspension_front,Strut independent
Cedric Gloria,335,Cedric 4-door Hardtop V30 Turbo Brougham VIP (1985 : PY30),1985,https://www.nissan-global.com/EN/HERITAGE_COLLECTION/cedric_4_door_hardtop_v30_turb.html,suspension_rear,4-link coil independent with Panhard rod
Cedric Gloria,335,Cedric 4-door Hardtop V30 Turbo Brougham VIP (1985 : PY30),1985,https://www.nissan-global.com/EN/HERITAGE_COLLECTION/cedric_4_door_hardtop_v30_turb.html,brakes,Ventilated disc (front & rear)
Cedric Gloria,335,Cedric 4-door Hardtop V30 Turbo Brougham VIP (1985 : PY30),1985,https://www.nissan-global.com/EN/HERITAGE_COLLECTION/cedric_4_door_hardtop_v30_turb.html,tires_wheels,195/70HR14 (aluminum 5.5JJx14)
Cedric Gloria,231,Cedric 4-door H/T V20 Turbo Urban G (1987 : Y30),1987,https://www.nissan-global.com/EN/HERITAGE_COLLECTION/cedric_4door_htv20_turbo_ur.html,overall_length_width_height,"4,690/1,690/1,425mm"
Cedric Gloria,231,Cedric 4-door H/T V20 Turbo Urban G (1987 : Y30),1987,https://www.nissan-global.com/EN/HERITAGE_COLLECTION/cedric_4door_htv20_turbo_ur.html,wheelbase,"2,730mm"
Cedric Gloria,231,Cedric 4-door H/T V20 Turbo Urban G (1987 : Y30),1987,https://www.nissan-global.com/EN/HERITAGE_COLLECTION/cedric_4door_htv20_turbo_ur.html,tread_front_rear,"1,430/1,400mm"
Cedric Gloria,231,Cedric 4-door H/T V20 Turbo Urban G (1987 : Y30),1987,https://www.nissan-global.com/EN/HERITAGE_COLLECTION/cedric_4door_htv20_turbo_ur.html,curb_weight,"1,420kg"
Cedric Gloria,231,Cedric 4-door H/T V20 Turbo Urban G (1987 : Y30),1987,https://www.nissan-global.com/EN/HERITAGE_COLLECTION/cedric_4door_htv20_turbo_ur.html,engine,"VG20ET (6-cyl. in line, OHC), 1,998cc"
Cedric Gloria,231,Cedric 4-door H/T V20 Turbo Urban G (1987 : Y30),1987,https://www.nissan-global.com/EN/HERITAGE_COLLECTION/cedric_4door_htv20_turbo_ur.html,engine_max_power,"132kW (180PS)/5,600rpm"
Cedric Gloria,231,Cedric 4-door H/T V20 Turbo Urban G (1987 : Y30),1987,https://www.nissan-global.com/EN/HERITAGE_COLLECTION/cedric_4door_htv20_turbo_ur.html,engine_max_torque,"221Nm (22.5kgm)/3,200rpm"
Cedric Gloria,231,Cedric 4-door H/T V20 Turbo Urban G (1987 : Y30),1987,https://www.nissan-global.com/EN/HERITAGE_COLLECTION/cedric_4door_htv20_turbo_ur.html,transmission,E-AT (w/ lockup)
Cedric Gloria,231,Cedric 4-door H/T V20 Turbo Urban G (1987 : Y30),1987,https://www.nissan-global.com/EN/HERITAGE_COLLECTION/cedric_4door_htv20_turbo_ur.html,suspension_front_rear,"Double wishbone, 5-link"
Cedric Gloria,231,Cedric 4-door H/T V20 Turbo Urban G (1987 : Y30),1987,https://www.nissan-global.com/EN/HERITAGE_COLLECTION/cedric_4door_htv20_turbo_ur.html,brakes_front_rear,"Ventilated disc, disc"
Cedric Gloria,231,Cedric 4-door H/T V20 Turbo Urban G (1987 : Y30),1987,https://www.nissan-global.com/EN/HERITAGE_COLLECTION/cedric_4door_htv20_turbo_ur.html,tires,195/70R14 (front & rear)
Cedric Gloria,238,Cedric Cima Type II Limited (1988 : FY31),1988,https://www.nissan-global.com/EN/HERITAGE_COLLECTION/cedric_cimatype_ii_limited.html,overall_length_width_height,"4,890/1,770/1,380mm"
Cedric Gloria,238,Cedric Cima Type II Limited (1988 : FY31),1988,https://www.nissan-global.com/EN/HERITAGE_COLLECTION/cedric_cimatype_ii_limited.html,wheelbase,"2,735mm"
Cedric Gloria,238,Cedric Cima Type II Limited (1988 : FY31),1988,https://www.nissan-global.com/EN/HERITAGE_COLLECTION/cedric_cimatype_ii_limited.html,tread_front_rear,"1,500/1,520mm"
Cedric Gloria,238,Cedric Cima Type II Limited (1988 : FY31),1988,https://www.nissan-global.com/EN/HERITAGE_COLLECTION/cedric_cimatype_ii_limited.html,curb_weight,"1,640kg"
Cedric Gloria,238,Cedric Cima Type II Limited (1988 : FY31),1988,https://www.nissan-global.com/EN/HERITAGE_COLLECTION/cedric_cimatype_ii_limited.html,engine,"VG30DET (V6, DOHC), 2,960cc"
Cedric Gloria,238,Cedric Cima Type II Limited (1988 : FY31),1988,https://www.nissan-global.com/EN/HERITAGE_COLLECTION/cedric_cimatype_ii_limited.html,engine_max_power,"188kW (255PS)/6,000rpm"
Cedric Gloria,238,Cedric Cima Type II Limited (1988 : FY31),1988,https://www.nissan-global.com/EN/HERITAGE_COLLECTION/cedric_cimatype_ii_limited.html,engine_max_torque,"221Nm (22.5kgm)/3,200rpm"
Cedric Gloria,238,Cedric Cima Type II Limited (1988 : FY31),1988,https://www.nissan-global.com/EN/HERITAGE_COLLECTION/cedric_cimatype_ii_limited.html,transmission,E-AT (w/ lockup)
Cedric Gloria,238,Cedric Cima Type II Limited (1988 : FY31),1988,https://www.nissan-global.com/EN/HERITAGE_COLLECTION/cedric_cimatype_ii_limited.html,suspension_front_rear,"McPherson strut, 5-link"
Cedric Gloria,238,Cedric Cima Type II Limited (1988 : FY31),1988,https://www.nissan-global.com/EN/HERITAGE_COLLECTION/cedric_cimatype_ii_limited.html,brakes_front_rear,"Ventilated disc, disc"
Cedric Gloria,238,Cedric Cima Type II Limited (1988 : FY31),1988,https://www.nissan-global.com/EN/HERITAGE_COLLECTION/cedric_cimatype_ii_limited.html,tires,195/70R14 (front & rear)
Cedric Gloria,202,Nissan Cedric Twincam Turbo Gran Turismo SV (1991: Y31),1991,https://www.nissan-global.com/EN/HERITAGE_COLLECTION/202_cedric_gran_turismo_sv.html,overall_length_width_height,"4,690/1,695/1,400mm"
Cedric Gloria,202,Nissan Cedric Twincam Turbo Gran Turismo SV (1991: Y31),1991,https://www.nissan-global.com/EN/HERITAGE_COLLECTION/202_cedric_gran_turismo_sv.html,wheelbase,"2,735mm"
Cedric Gloria,202,Nissan Cedric Twincam Turbo Gran Turismo SV (1991: Y31),1991,https://www.nissan-global.com/EN/HERITAGE_COLLECTION/202_cedric_gran_turismo_sv.html,tread,"1,440/1,455mm"
Cedric Gloria,202,Nissan Cedric Twincam Turbo Gran Turismo SV (1991: Y31),1991,https://www.nissan-global.com/EN/HERITAGE_COLLECTION/202_cedric_gran_turismo_sv.html,curb_weight,"1,540kg"
Cedric Gloria,202,Nissan Cedric Twincam Turbo Gran Turismo SV (1991: Y31),1991,https://www.nissan-global.com/EN/HERITAGE_COLLECTION/202_cedric_gran_turismo_sv.html,engine,"VG20DET (V6, 4-valve DOHC with turbo) 1,998cc"
Cedric Gloria,202,Nissan Cedric Twincam Turbo Gran Turismo SV (1991: Y31),1991,https://www.nissan-global.com/EN/HERITAGE_COLLECTION/202_cedric_gran_turismo_sv.html,engine_max_power,"154kW (210ps)/6,800rpm"
Cedric Gloria,202,Nissan Cedric Twincam Turbo Gran Turismo SV (1991: Y31),1991,https://www.nissan-global.com/EN/HERITAGE_COLLECTION/202_cedric_gran_turismo_sv.html,engine_max_torque,"265N·m (27.0kgf·m)/3,600rpm"
Cedric Gloria,202,Nissan Cedric Twincam Turbo Gran Turismo SV (1991: Y31),1991,https://www.nissan-global.com/EN/HERITAGE_COLLECTION/202_cedric_gran_turismo_sv.html,suspension_front_rear,Strut/Semi-trailing arm (independent)
Cedric Gloria,202,Nissan Cedric Twincam Turbo Gran Turismo SV (1991: Y31),1991,https://www.nissan-global.com/EN/HERITAGE_COLLECTION/202_cedric_gran_turismo_sv.html,brakes_front_rear,Ventilated disc/Disc
Cedric Gloria,202,Nissan Cedric Twincam Turbo Gran Turismo SV (1991: Y31),1991,https://www.nissan-global.com/EN/HERITAGE_COLLECTION/202_cedric_gran_turismo_sv.html,tires,205/65R15 93H
Cedric Gloria,336,Cedric 4-door Sedan Original (1996 : QJY31),1996,https://www.nissan-global.com/EN/HERITAGE_COLLECTION/cedric_4door_sedan_original.html,overall_length_width_height,"4,690/1,695/1,445mm"
Cedric Gloria,336,Cedric 4-door Sedan Original (1996 : QJY31),1996,https://www.nissan-global.com/EN/HERITAGE_COLLECTION/cedric_4door_sedan_original.html,wheelbase,"2,735mm"
Cedric Gloria,336,Cedric 4-door Sedan Original (1996 : QJY31),1996,https://www.nissan-global.com/EN/HERITAGE_COLLECTION/cedric_4door_sedan_original.html,tread_front_rear,"1,440/1,400mm"
Cedric Gloria,336,Cedric 4-door Sedan Original (1996 : QJY31),1996,https://www.nissan-global.com/EN/HERITAGE_COLLECTION/cedric_4door_sedan_original.html,curb_weight,"1,350kg"
Cedric Gloria,336,Cedric 4-door Sedan Original (1996 : QJY31),1996,https://www.nissan-global.com/EN/HERITAGE_COLLECTION/cedric_4door_sedan_original.html,engine_lpg,"NA20P (4-cyl. in-line, OHC), 1,998cc"
Cedric Gloria,336,Cedric 4-door Sedan Original (1996 : QJY31),1996,https://www.nissan-global.com/EN/HERITAGE_COLLECTION/cedric_4door_sedan_original.html,engine_max_power,"60kW (82PS)/4,600rpm"
Cedric Gloria,336,Cedric 4-door Sedan Original (1996 : QJY31),1996,https://www.nissan-global.com/EN/HERITAGE_COLLECTION/cedric_4door_sedan_original.html,engine_max_torque,"159Nm (16.2kgm)/2,400rpm"
Cedric Gloria,336,Cedric 4-door Sedan Original (1996 : QJY31),1996,https://www.nissan-global.com/EN/HERITAGE_COLLECTION/cedric_4door_sedan_original.html,transmission,"4-speed MT, column shift"
Cedric Gloria,336,Cedric 4-door Sedan Original (1996 : QJY31),1996,https://www.nissan-global.com/EN/HERITAGE_COLLECTION/cedric_4door_sedan_original.html,suspension_front_rear,"Strut, 5-link"
Cedric Gloria,336,Cedric 4-door Sedan Original (1996 : QJY31),1996,https://www.nissan-global.com/EN/HERITAGE_COLLECTION/cedric_4door_sedan_original.html,brakes_front_rear,"Disc, drum"
Cedric Gloria,336,Cedric 4-door Sedan Original (1996 : QJY31),1996,https://www.nissan-global.com/EN/HERITAGE_COLLECTION/cedric_4door_sedan_original.html,tires,6.40R-14-6PR (front & rear)
Cherry,064,Cherry 2-door Deluxe (1970 : E10),1970,https://www.nissan-global.com/EN/HERITAGE_COLLECTION/cherry_2door_deluxe.html,overall_length_width_height,"3,610/1,470/1,380mm"
Cherry,064,Cherry 2-door Deluxe (1970 : E10),1970,https://www.nissan-global.com/EN/HERITAGE_COLLECTION/cherry_2door_deluxe.html,wheelbase,"2,335mm"
Cherry,064,Cherry 2-door Deluxe (1970 : E10),1970,https://www.nissan-global.com/EN/HERITAGE_COLLECTION/cherry_2door_deluxe.html,tread_front_rear,"1,270/1,235mm"
Cherry,064,Cherry 2-door Deluxe (1970 : E10),1970,https://www.nissan-global.com/EN/HERITAGE_COLLECTION/cherry_2door_deluxe.html,curb_weight,630kg
Cherry,064,Cherry 2-door Deluxe (1970 : E10),1970,https://www.nissan-global.com/EN/HERITAGE_COLLECTION/cherry_2door_deluxe.html,engine,"A10 (4-cyl. in line, OHV), 988cc"
Cherry,064,Cherry 2-door Deluxe (1970 : E10),1970,https://www.nissan-global.com/EN/HERITAGE_COLLECTION/cherry_2door_deluxe.html,engine_max_power,"43kW (58PS)/6,000rpm"
Cherry,064,Cherry 2-door Deluxe (1970 : E10),1970,https://www.nissan-global.com/EN/HERITAGE_COLLECTION/cherry_2door_deluxe.html,engine_max_torque,"78Nm (8.0kgm)/4,000rpm"
Cherry,064,Cherry 2-door Deluxe (1970 : E10),1970,https://www.nissan-global.com/EN/HERITAGE_COLLECTION/cherry_2door_deluxe.html,transmission,"4-speed, floor shift"
Cherry,064,Cherry 2-door Deluxe (1970 : E10),1970,https://www.nissan-global.com/EN/HERITAGE_COLLECTION/cherry_2door_deluxe.html,suspension_front_rear,Strut/trailing-arm
Cherry,064,Cherry 2-door Deluxe (1970 : E10),1970,https://www.nissan-global.com/EN/HERITAGE_COLLECTION/cherry_2door_deluxe.html,tires,6.00-12-4PR (155SR13)
Cherry,305,Cherry X-1 (1970: PE10),1970,https://www.nissan-global.com/EN/HERITAGE_COLLECTION/cherry_x1.html,overall_length_width_height,"3,610/1,470/1,375mm"
Cherry,305,Cherry X-1 (1970: PE10),1970,https://www.nissan-global.com/EN/HERITAGE_COLLECTION/cherry_x1.html,wheelbase,"2,335mm"
Cherry,305,Cherry X-1 (1970: PE10),1970,https://www.nissan-global.com/EN/HERITAGE_COLLECTION/cherry_x1.html,tread_front_rear,"1,270/1,235mm"
Cherry,305,Cherry X-1 (1970: PE10),1970,https://www.nissan-global.com/EN/HERITAGE_COLLECTION/cherry_x1.html,curb_weight,670kg
Cherry,305,Cherry X-1 (1970: PE10),1970,https://www.nissan-global.com/EN/HERITAGE_COLLECTION/cherry_x1.html,engine,"A12 (4-cyl. in line, OHV), 988cc"
Cherry,305,Cherry X-1 (1970: PE10),1970,https://www.nissan-global.com/EN/HERITAGE_COLLECTION/cherry_x1.html,engine_max_power,"59kW(80ps)/6,400rpm"
Cherry,305,Cherry X-1 (1970: PE10),1970,https://www.nissan-global.com/EN/HERITAGE_COLLECTION/cherry_x1.html,engine_max_torque,"96N·m(9.8kgm)/4,400rpm"
Cherry,305,Cherry X-1 (1970: PE10),1970,https://www.nissan-global.com/EN/HERITAGE_COLLECTION/cherry_x1.html,suspension_front_rear,Strut / Trailing arm (independent)
Cherry,305,Cherry X-1 (1970: PE10),1970,https://www.nissan-global.com/EN/HERITAGE_COLLECTION/cherry_x1.html,brakes_front_rear,Disc / Drum
Cherry,305,Cherry X-1 (1970: PE10),1970,https://www.nissan-global.com/EN/HERITAGE_COLLECTION/cherry_x1.html,tires,6.00S-12 4PR
Cherry,065,Cherry Coupe X-1 (1973 : KPE10),1973,https://www.nissan-global.com/EN/HERITAGE_COLLECTION/cherry_coupe_x1.html,overall_length_width_height,"3,690/1,650/1,250mm"
Cherry,065,Cherry Coupe X-1 (1973 : KPE10),1973,https://www.nissan-global.com/EN/HERITAGE_COLLECTION/cherry_coupe_x1.html,wheelbase,"2,035mm"
Cherry,065,Cherry Coupe X-1 (1973 : KPE10),1973,https://www.nissan-global.com/EN/HERITAGE_COLLECTION/cherry_coupe_x1.html,tread_front_rear,"1,270/1,235mm"
Cherry,065,Cherry Coupe X-1 (1973 : KPE10),1973,https://www.nissan-global.com/EN/HERITAGE_COLLECTION/cherry_coupe_x1.html,curb_weight,645kg
Cherry,065,Cherry Coupe X-1 (1973 : KPE10),1973,https://www.nissan-global.com/EN/HERITAGE_COLLECTION/cherry_coupe_x1.html,engine,"A12 (4-cyl. in line, OHV), 1,298cc"
Cherry,065,Cherry Coupe X-1 (1973 : KPE10),1973,https://www.nissan-global.com/EN/HERITAGE_COLLECTION/cherry_coupe_x1.html,engine_fuel_system,Lucas fuel injection
Cherry,065,Cherry Coupe X-1 (1973 : KPE10),1973,https://www.nissan-global.com/EN/HERITAGE_COLLECTION/cherry_coupe_x1.html,engine_max_power,"110kW (150PS)/8,500rpm"
Cherry,065,Cherry Coupe X-1 (1973 : KPE10),1973,https://www.nissan-global.com/EN/HERITAGE_COLLECTION/cherry_coupe_x1.html,engine_max_torque,"132Nm (13.5kgm)/7,600rpm"
Cherry,065,Cherry Coupe X-1 (1973 : KPE10),1973,https://www.nissan-global.com/EN/HERITAGE_COLLECTION/cherry_coupe_x1.html,suspension_front_rear,Strut/trailing-arm
Cherry,065,Cherry Coupe X-1 (1973 : KPE10),1973,https://www.nissan-global.com/EN/HERITAGE_COLLECTION/cherry_coupe_x1.html,tires_front_rear,"225/515-13, 185/535-13"
Cherry,165,Cherry F-II 1400GL (1975 : F10),1975,https://www.nissan-global.com/EN/HERITAGE_COLLECTION/cherry_fii_1400gl.html,overall_length_width_height,"3,825/1,500/1,345mm"
Cherry,165,Cherry F-II 1400GL (1975 : F10),1975,https://www.nissan-global.com/EN/HERITAGE_COLLECTION/cherry_fii_1400gl.html,wheelbase,"2,395mm"
Cherry,165,Cherry F-II 1400GL (1975 : F10),1975,https://www.nissan-global.com/EN/HERITAGE_COLLECTION/cherry_fii_1400gl.html,tread,"1,280/1,245mm"
Cherry,165,Cherry F-II 1400GL (1975 : F10),1975,https://www.nissan-global.com/EN/HERITAGE_COLLECTION/cherry_fii_1400gl.html,curb_weight,755kg
Cherry,165,Cherry F-II 1400GL (1975 : F10),1975,https://www.nissan-global.com/EN/HERITAGE_COLLECTION/cherry_fii_1400gl.html,engine,"A14 (4-cyl. inline, OHV) 1,397cc"
Cherry,165,Cherry F-II 1400GL (1975 : F10),1975,https://www.nissan-global.com/EN/HERITAGE_COLLECTION/cherry_fii_1400gl.html,engine_max_power,"58.8kW(80ps)/6,000rpm"
Cherry,165,Cherry F-II 1400GL (1975 : F10),1975,https://www.nissan-global.com/EN/HERITAGE_COLLECTION/cherry_fii_1400gl.html,engine_max_torque,"113N·m(11.5kgf·m)/3,600rpm"
Cherry,165,Cherry F-II 1400GL (1975 : F10),1975,https://www.nissan-global.com/EN/HERITAGE_COLLECTION/cherry_fii_1400gl.html,suspension_front_rear,Strut / Trailing arm (independent)
Cherry,165,Cherry F-II 1400GL (1975 : F10),1975,https://www.nissan-global.com/EN/HERITAGE_COLLECTION/cherry_fii_1400gl.html,brakes_front_rear,Disc / Drum
Cherry,165,Cherry F-II 1400GL (1975 : F10),1975,https://www.nissan-global.com/EN/HERITAGE_COLLECTION/cherry_fii_1400gl.html,tires,6.15S-13-4PR
Cherry,071,Cherry FII Coupe Coupe GX-Twin (1976 : KPF10),1976,https://www.nissan-global.com/EN/HERITAGE_COLLECTION/cherry_fii_coupe.html,overall_length_width_height,"3,825/1,600/1,315mm"
Cherry,071,Cherry FII Coupe Coupe GX-Twin (1976 : KPF10),1976,https://www.nissan-global.com/EN/HERITAGE_COLLECTION/cherry_fii_coupe.html,wheelbase,"2,395mm"
Cherry,071,Cherry FII Coupe Coupe GX-Twin (1976 : KPF10),1976,https://www.nissan-global.com/EN/HERITAGE_COLLECTION/cherry_fii_coupe.html,tread,"1,270/1,285mm"
Cherry,071,Cherry FII Coupe Coupe GX-Twin (1976 : KPF10),1976,https://www.nissan-global.com/EN/HERITAGE_COLLECTION/cherry_fii_coupe.html,curb_weight,785kg
Cherry,071,Cherry FII Coupe Coupe GX-Twin (1976 : KPF10),1976,https://www.nissan-global.com/EN/HERITAGE_COLLECTION/cherry_fii_coupe.html,engine,"A12 (4-cyl. inline, OHV), 1,298cc"
Cherry,071,Cherry FII Coupe Coupe GX-Twin (1976 : KPF10),1976,https://www.nissan-global.com/EN/HERITAGE_COLLECTION/cherry_fii_coupe.html,engine_max_power,"107kW(145ps)/8,500rpm"
Cherry,071,Cherry FII Coupe Coupe GX-Twin (1976 : KPF10),1976,https://www.nissan-global.com/EN/HERITAGE_COLLECTION/cherry_fii_coupe.html,engine_max_torque,"132N·m(13.5kgm)/6,800rpm"
Cherry,071,Cherry FII Coupe Coupe GX-Twin (1976 : KPF10),1976,https://www.nissan-global.com/EN/HERITAGE_COLLECTION/cherry_fii_coupe.html,suspension_front_rear,Strut / Trailing arm (independent)
Cherry,071,Cherry FII Coupe Coupe GX-Twin (1976 : KPF10),1976,https://www.nissan-global.com/EN/HERITAGE_COLLECTION/cherry_fii_coupe.html,brakes_front_rear,Disc / Drum
Cherry,071,Cherry FII Coupe Coupe GX-Twin (1976 : KPF10),1976,https://www.nissan-global.com/EN/HERITAGE_COLLECTION/cherry_fii_coupe.html,tires,210-525-14/185-525-14
Concept Cars,104,EV Guide-II (Electric Vehicle) (1985 : -),1985,https://www.nissan-global.com/EN/HERITAGE_COLLECTION/ev_guide-ii_electric_vehicle.html,overall_length_width_height,"4,090/1,620/2,180mm"
Concept Cars,104,EV Guide-II (Electric Vehicle) (1985 : -),1985,https://www.nissan-global.com/EN/HERITAGE_COLLECTION/ev_guide-ii_electric_vehicle.html,wheelbase,"2,300mm"
Concept Cars,104,EV Guide-II (Electric Vehicle) (1985 : -),1985,https://www.nissan-global.com/EN/HERITAGE_COLLECTION/ev_guide-ii_electric_vehicle.html,curb_weight,"1,525kg"
Concept Cars,104,EV Guide-II (Electric Vehicle) (1985 : -),1985,https://www.nissan-global.com/EN/HERITAGE_COLLECTION/ev_guide-ii_electric_vehicle.html,motor,DC series-wound
Concept Cars,104,EV Guide-II (Electric Vehicle) (1985 : -),1985,https://www.nissan-global.com/EN/HERITAGE_COLLECTION/ev_guide-ii_electric_vehicle.html,rated_output,7.5kW (1PS)
Concept Cars,104,EV Guide-II (Electric Vehicle) (1985 : -),1985,https://www.nissan-global.com/EN/HERITAGE_COLLECTION/ev_guide-ii_electric_vehicle.html,batteries,12V E120 lead-acid battery (x8)
Concept Cars,104,EV Guide-II (Electric Vehicle) (1985 : -),1985,https://www.nissan-global.com/EN/HERITAGE_COLLECTION/ev_guide-ii_electric_vehicle.html,tires_front_rear,175/70SR13/5.00-10-6PR
Concept Cars,104,EV Guide-II (Electric Vehicle) (1985 : -),1985,https://www.nissan-global.com/EN/HERITAGE_COLLECTION/ev_guide-ii_electric_vehicle.html,seating_capacity,6
Concept Cars,104,EV Guide-II (Electric Vehicle) (1985 : -),1985,https://www.nissan-global.com/EN/HERITAGE_COLLECTION/ev_guide-ii_electric_vehicle.html,gradability,0.34 (tan)
Concept Cars,104,EV Guide-II (Electric Vehicle) (1985 : -),1985,https://www.nissan-global.com/EN/HERITAGE_COLLECTION/ev_guide-ii_electric_vehicle.html,cruising_range_per_charge,60km
Concept Cars,104,EV Guide-II (Electric Vehicle) (1985 : -),1985,https://www.nissan-global.com/EN/HERITAGE_COLLECTION/ev_guide-ii_electric_vehicle.html,top_speed,16km/h
Concept Cars,167,Nissan MID4-II (1987 : MID4-II),1987,https://www.nissan-global.com/EN/HERITAGE_COLLECTION/nissan_mid_4_type_ii.html,overall_length_width_height,"4,300/1,860/1,200mm"
Concept Cars,167,Nissan MID4-II (1987 : MID4-II),1987,https://www.nissan-global.com/EN/HERITAGE_COLLECTION/nissan_mid_4_type_ii.html,wheelbase,"2,540mm"
Concept Cars,167,Nissan MID4-II (1987 : MID4-II),1987,https://www.nissan-global.com/EN/HERITAGE_COLLECTION/nissan_mid_4_type_ii.html,tread_front_rear,"1,545/1,550mm"
Concept Cars,167,Nissan MID4-II (1987 : MID4-II),1987,https://www.nissan-global.com/EN/HERITAGE_COLLECTION/nissan_mid_4_type_ii.html,curb_weight,"1,400kg"
Concept Cars,167,Nissan MID4-II (1987 : MID4-II),1987,https://www.nissan-global.com/EN/HERITAGE_COLLECTION/nissan_mid_4_type_ii.html,engine,"VG30DETT (V6, DOHC twin turbo) 2,960cc"
Concept Cars,167,Nissan MID4-II (1987 : MID4-II),1987,https://www.nissan-global.com/EN/HERITAGE_COLLECTION/nissan_mid_4_type_ii.html,engine_max_power,"242kW (330PS)/6,800rpm"
Concept Cars,167,Nissan MID4-II (1987 : MID4-II),1987,https://www.nissan-global.com/EN/HERITAGE_COLLECTION/nissan_mid_4_type_ii.html,engine_max_torque,"382Nm (39.0kgm)/3,200rpm"
Concept Cars,167,Nissan MID4-II (1987 : MID4-II),1987,https://www.nissan-global.com/EN/HERITAGE_COLLECTION/nissan_mid_4_type_ii.html,suspension_front_rear,Double wishbone / Multilink(with HICAS)
Concept Cars,167,Nissan MID4-II (1987 : MID4-II),1987,https://www.nissan-global.com/EN/HERITAGE_COLLECTION/nissan_mid_4_type_ii.html,brakes_front_rear,Ventilated disc / Ventilated disc
Concept Cars,167,Nissan MID4-II (1987 : MID4-II),1987,https://www.nissan-global.com/EN/HERITAGE_COLLECTION/nissan_mid_4_type_ii.html,tires,235/55ZR16 / 255/50ZR16
Concept Cars,167,Nissan MID4-II (1987 : MID4-II),1987,https://www.nissan-global.com/EN/HERITAGE_COLLECTION/nissan_mid_4_type_ii.html,seating_capacity,2
Datsun 1931 1945,001,Datsun 12 Phaeton (1933 : 12),1933,https://www.nissan-global.com/EN/HERITAGE_COLLECTION/datsun_12_phaeton.html,overall_length,"2,710mm"
Datsun 1931 1945,001,Datsun 12 Phaeton (1933 : 12),1933,https://www.nissan-global.com/EN/HERITAGE_COLLECTION/datsun_12_phaeton.html,overall_width,"1,175mm"
Datsun 1931 1945,001,Datsun 12 Phaeton (1933 : 12),1933,https://www.nissan-global.com/EN/HERITAGE_COLLECTION/datsun_12_phaeton.html,wheelbase,"1,918mm"
Datsun 1931 1945,001,Datsun 12 Phaeton (1933 : 12),1933,https://www.nissan-global.com/EN/HERITAGE_COLLECTION/datsun_12_phaeton.html,tread,965mm
Datsun 1931 1945,001,Datsun 12 Phaeton (1933 : 12),1933,https://www.nissan-global.com/EN/HERITAGE_COLLECTION/datsun_12_phaeton.html,engine,"Water-cooled, 4 cylinders, SV"
Datsun 1931 1945,001,Datsun 12 Phaeton (1933 : 12),1933,https://www.nissan-global.com/EN/HERITAGE_COLLECTION/datsun_12_phaeton.html,engine_displacement,748cc
Datsun 1931 1945,001,Datsun 12 Phaeton (1933 : 12),1933,https://www.nissan-global.com/EN/HERITAGE_COLLECTION/datsun_12_phaeton.html,engine_max_power,9kW (12PS)
Datsun 1931 1945,001,Datsun 12 Phaeton (1933 : 12),1933,https://www.nissan-global.com/EN/HERITAGE_COLLECTION/datsun_12_phaeton.html,price_phaeton_osaka_delivery,"1,350"
Datsun 1931 1945,002,Datsun 14 Roadster (1935: 14),1935,https://www.nissan-global.com/EN/HERITAGE_COLLECTION/datsun_14_roadster_yellow.html,overall_length,"2,800mm"
Datsun 1931 1945,002,Datsun 14 Roadster (1935: 14),1935,https://www.nissan-global.com/EN/HERITAGE_COLLECTION/datsun_14_roadster_yellow.html,overall_width,"1,200mm"
Datsun 1931 1945,002,Datsun 14 Roadster (1935: 14),1935,https://www.nissan-global.com/EN/HERITAGE_COLLECTION/datsun_14_roadster_yellow.html,wheelbase,"1,980mm"
Datsun 1931 1945,002,Datsun 14 Roadster (1935: 14),1935,https://www.nissan-global.com/EN/HERITAGE_COLLECTION/datsun_14_roadster_yellow.html,tread_front_rear,"980/1,016mm"
Datsun 1931 1945,002,Datsun 14 Roadster (1935: 14),1935,https://www.nissan-global.com/EN/HERITAGE_COLLECTION/datsun_14_roadster_yellow.html,engine,"Type 7 (4-cyl. in line, SV)"
Datsun 1931 1945,002,Datsun 14 Roadster (1935: 14),1935,https://www.nissan-global.com/EN/HERITAGE_COLLECTION/datsun_14_roadster_yellow.html,engine_displacement_max_power,722cc/11kW (15PS)
Datsun 1931 1945,002,Datsun 14 Roadster (1935: 14),1935,https://www.nissan-global.com/EN/HERITAGE_COLLECTION/datsun_14_roadster_yellow.html,seating_capacity,2
Datsun 1931 1945,002,Datsun 14 Roadster (1935: 14),1935,https://www.nissan-global.com/EN/HERITAGE_COLLECTION/datsun_14_roadster_yellow.html,top_speed,80km/h
Datsun 1931 1945,003,Datsun 15 Phaeton (1936 : 15),1936,https://www.nissan-global.com/EN/HERITAGE_COLLECTION/datsun_15_phaeton.html,overall_length,"3,187mm"
Datsun 1931 1945,003,Datsun 15 Phaeton (1936 : 15),1936,https://www.nissan-global.com/EN/HERITAGE_COLLECTION/datsun_15_phaeton.html,overall_width,"1,190mm"
Datsun 1931 1945,003,Datsun 15 Phaeton (1936 : 15),1936,https://www.nissan-global.com/EN/HERITAGE_COLLECTION/datsun_15_phaeton.html,wheelbase,"2,005mm"
Datsun 1931 1945,003,Datsun 15 Phaeton (1936 : 15),1936,https://www.nissan-global.com/EN/HERITAGE_COLLECTION/datsun_15_phaeton.html,tread_front_rear,"1,038/1,049mmq"
Datsun 1931 1945,003,Datsun 15 Phaeton (1936 : 15),1936,https://www.nissan-global.com/EN/HERITAGE_COLLECTION/datsun_15_phaeton.html,engine,"Type 7 (4-cyl. in line, SV), 722cc"
Datsun 1931 1945,003,Datsun 15 Phaeton (1936 : 15),1936,https://www.nissan-global.com/EN/HERITAGE_COLLECTION/datsun_15_phaeton.html,engine_max_power,"12kW (16PS)/3,600rpm"
Datsun 1931 1945,003,Datsun 15 Phaeton (1936 : 15),1936,https://www.nissan-global.com/EN/HERITAGE_COLLECTION/datsun_15_phaeton.html,engine_max_torque,"37Nm (3.8kgm)/2,000rpm"
Datsun 1931 1945,003,Datsun 15 Phaeton (1936 : 15),1936,https://www.nissan-global.com/EN/HERITAGE_COLLECTION/datsun_15_phaeton.html,seating_capacity,4
Datsun 1931 1945,003,Datsun 15 Phaeton (1936 : 15),1936,https://www.nissan-global.com/EN/HERITAGE_COLLECTION/datsun_15_phaeton.html,top_speed,80km/h
Datsun 1931 1945,004,Datsun 16 Roadster (1937 : 16),1937,https://www.nissan-global.com/EN/HERITAGE_COLLECTION/datsun_16_roadster.html,overall_length,"2,790mm"
Datsun 1931 1945,004,Datsun 16 Roadster (1937 : 16),1937,https://www.nissan-global.com/EN/HERITAGE_COLLECTION/datsun_16_roadster.html,overall_width,"1,190mm"
Datsun 1931 1945,004,Datsun 16 Roadster (1937 : 16),1937,https://www.nissan-global.com/EN/HERITAGE_COLLECTION/datsun_16_roadster.html,wheelbase,"2,005mm"
Datsun 1931 1945,004,Datsun 16 Roadster (1937 : 16),1937,https://www.nissan-global.com/EN/HERITAGE_COLLECTION/datsun_16_roadster.html,tread_front_rear,"1,038/1,049mm"
Datsun 1931 1945,004,Datsun 16 Roadster (1937 : 16),1937,https://www.nissan-global.com/EN/HERITAGE_COLLECTION/datsun_16_roadster.html,curb_weight,500kg
Datsun 1931 1945,004,Datsun 16 Roadster (1937 : 16),1937,https://www.nissan-global.com/EN/HERITAGE_COLLECTION/datsun_16_roadster.html,engine,"Type 7 (4-cyl. in line, SV), 722cc"
Datsun 1931 1945,004,Datsun 16 Roadster (1937 : 16),1937,https://www.nissan-global.com/EN/HERITAGE_COLLECTION/datsun_16_roadster.html,engine_max_power,"12kW(16PS)/3,600rpm"
Datsun 1931 1945,004,Datsun 16 Roadster (1937 : 16),1937,https://www.nissan-global.com/EN/HERITAGE_COLLECTION/datsun_16_roadster.html,engine_max_torque,"37Nm(3.8kgm)/2,000rpm"
Datsun 1931 1945,004,Datsun 16 Roadster (1937 : 16),1937,https://www.nissan-global.com/EN/HERITAGE_COLLECTION/datsun_16_roadster.html,top_speed,80km/h
Datsun 1931 1945,234,Datsun 16 Phaeton (1937: 16),1937,https://www.nissan-global.com/EN/HERITAGE_COLLECTION/datsun_16_phaeton.html,overall_length_width_height,"3,129/1,180/- mm"
Datsun 1931 1945,234,Datsun 16 Phaeton (1937: 16),1937,https://www.nissan-global.com/EN/HERITAGE_COLLECTION/datsun_16_phaeton.html,wheelbase,"2,005mm"
Datsun 1931 1945,234,Datsun 16 Phaeton (1937: 16),1937,https://www.nissan-global.com/EN/HERITAGE_COLLECTION/datsun_16_phaeton.html,tread,"1,038/1,049mm"
Datsun 1931 1945,234,Datsun 16 Phaeton (1937: 16),1937,https://www.nissan-global.com/EN/HERITAGE_COLLECTION/datsun_16_phaeton.html,curb_weight,610kg
Datsun 1931 1945,234,Datsun 16 Phaeton (1937: 16),1937,https://www.nissan-global.com/EN/HERITAGE_COLLECTION/datsun_16_phaeton.html,engine,"7 (4-cyl. inline, SV) 722cc"
Datsun 1931 1945,234,Datsun 16 Phaeton (1937: 16),1937,https://www.nissan-global.com/EN/HERITAGE_COLLECTION/datsun_16_phaeton.html,engine_max_power,"12kW (16ps)/3,600rpm"
Datsun 1931 1945,234,Datsun 16 Phaeton (1937: 16),1937,https://www.nissan-global.com/EN/HERITAGE_COLLECTION/datsun_16_phaeton.html,engine_max_torque,-
Datsun 1931 1945,234,Datsun 16 Phaeton (1937: 16),1937,https://www.nissan-global.com/EN/HERITAGE_COLLECTION/datsun_16_phaeton.html,suspension_front_rear,Lateral leaf/Parallel leaf
Datsun 1931 1945,234,Datsun 16 Phaeton (1937: 16),1937,https://www.nissan-global.com/EN/HERITAGE_COLLECTION/datsun_16_phaeton.html,brakes_front_rear,Rod type drum/Rod type drum
Datsun 1931 1945,234,Datsun 16 Phaeton (1937: 16),1937,https://www.nissan-global.com/EN/HERITAGE_COLLECTION/datsun_16_phaeton.html,tires,4.00-16 Balloon
Datsun 1931 1945,006,Datsun 17 Sedan (1938 : 17),1938,https://www.nissan-global.com/EN/HERITAGE_COLLECTION/datsun_17_sedan.html,overall_length,"3,187mm"
Datsun 1931 1945,006,Datsun 17 Sedan (1938 : 17),1938,https://www.nissan-global.com/EN/HERITAGE_COLLECTION/datsun_17_sedan.html,overall_width,"1,190mm"
Datsun 1931 1945,006,Datsun 17 Sedan (1938 : 17),1938,https://www.nissan-global.com/EN/HERITAGE_COLLECTION/datsun_17_sedan.html,wheelbase,"2,005mm"
Datsun 1931 1945,006,Datsun 17 Sedan (1938 : 17),1938,https://www.nissan-global.com/EN/HERITAGE_COLLECTION/datsun_17_sedan.html,curb_weight,630kg
Datsun 1931 1945,006,Datsun 17 Sedan (1938 : 17),1938,https://www.nissan-global.com/EN/HERITAGE_COLLECTION/datsun_17_sedan.html,engine,"Type 7 (4-cyl. in line, SV), 722cc"
Datsun 1931 1945,006,Datsun 17 Sedan (1938 : 17),1938,https://www.nissan-global.com/EN/HERITAGE_COLLECTION/datsun_17_sedan.html,engine_max_power,"12kW (16PS)/3,600rpm"
Datsun 1931 1945,006,Datsun 17 Sedan (1938 : 17),1938,https://www.nissan-global.com/EN/HERITAGE_COLLECTION/datsun_17_sedan.html,seating_capacity,4
Datsun 1931 1945,006,Datsun 17 Sedan (1938 : 17),1938,https://www.nissan-global.com/EN/HERITAGE_COLLECTION/datsun_17_sedan.html,top_speed,80km/h
Datsun 1931 1945,251,Datsun 17T Pickup (1938 : 17T),1938,https://www.nissan-global.com/EN/HERITAGE_COLLECTION/datsun_17t_pickup.html,overall_length,"3,020mm"
Datsun 1931 1945,251,Datsun 17T Pickup (1938 : 17T),1938,https://www.nissan-global.com/EN/HERITAGE_COLLECTION/datsun_17t_pickup.html,overall_width,"1,197mm"
Datsun 1931 1945,251,Datsun 17T Pickup (1938 : 17T),1938,https://www.nissan-global.com/EN/HERITAGE_COLLECTION/datsun_17t_pickup.html,wheelbase,"2,005mm"
Datsun 1931 1945,251,Datsun 17T Pickup (1938 : 17T),1938,https://www.nissan-global.com/EN/HERITAGE_COLLECTION/datsun_17t_pickup.html,tread_front_rear,"1,038/1,049mm"
Datsun 1931 1945,251,Datsun 17T Pickup (1938 : 17T),1938,https://www.nissan-global.com/EN/HERITAGE_COLLECTION/datsun_17t_pickup.html,engine,"Water-cooled, 4-cyl. inline"
Datsun 1931 1945,251,Datsun 17T Pickup (1938 : 17T),1938,https://www.nissan-global.com/EN/HERITAGE_COLLECTION/datsun_17t_pickup.html,engine_displacement,722cc
Datsun 1931 1945,251,Datsun 17T Pickup (1938 : 17T),1938,https://www.nissan-global.com/EN/HERITAGE_COLLECTION/datsun_17t_pickup.html,engine_max_power,"12kW(16ps)/3,600rpm"
Datsun 1931 1945,293,Datsun 17 Phaeton (1938 : 17),1938,https://www.nissan-global.com/EN/HERITAGE_COLLECTION/datsun_17_phaeton.html,overall_length,"3,129mm"
Datsun 1931 1945,293,Datsun 17 Phaeton (1938 : 17),1938,https://www.nissan-global.com/EN/HERITAGE_COLLECTION/datsun_17_phaeton.html,overall_width,"1,199mm"
Datsun 1931 1945,293,Datsun 17 Phaeton (1938 : 17),1938,https://www.nissan-global.com/EN/HERITAGE_COLLECTION/datsun_17_phaeton.html,wheelbase,"2,005mm"
Datsun 1931 1945,293,Datsun 17 Phaeton (1938 : 17),1938,https://www.nissan-global.com/EN/HERITAGE_COLLECTION/datsun_17_phaeton.html,tread_front_rear,"1,038/1,049mm"
Datsun 1931 1945,293,Datsun 17 Phaeton (1938 : 17),1938,https://www.nissan-global.com/EN/HERITAGE_COLLECTION/datsun_17_phaeton.html,engine,"Water-cooled, 4-cyl. inline, SV"
Datsun 1931 1945,293,Datsun 17 Phaeton (1938 : 17),1938,https://www.nissan-global.com/EN/HERITAGE_COLLECTION/datsun_17_phaeton.html,engine_displacement,722cc
Datsun 1931 1945,293,Datsun 17 Phaeton (1938 : 17),1938,https://www.nissan-global.com/EN/HERITAGE_COLLECTION/datsun_17_phaeton.html,engine_max_power,"12kW(16ps)/3,600rpm"
Datsun 1946 ,019,Datsun 1000 Sedan (1959 : 211),1959,https://www.nissan-global.com/EN/HERITAGE_COLLECTION/datsun_1000_Sedan.html,overall_length,"3,880mm"
Datsun 1946 ,019,Datsun 1000 Sedan (1959 : 211),1959,https://www.nissan-global.com/EN/HERITAGE_COLLECTION/datsun_1000_Sedan.html,overall_width,"1,466mm"
Datsun 1946 ,019,Datsun 1000 Sedan (1959 : 211),1959,https://www.nissan-global.com/EN/HERITAGE_COLLECTION/datsun_1000_Sedan.html,overall_height,"1,535mm"
Datsun 1946 ,019,Datsun 1000 Sedan (1959 : 211),1959,https://www.nissan-global.com/EN/HERITAGE_COLLECTION/datsun_1000_Sedan.html,wheelbase,"2,220mm"
Datsun 1946 ,019,Datsun 1000 Sedan (1959 : 211),1959,https://www.nissan-global.com/EN/HERITAGE_COLLECTION/datsun_1000_Sedan.html,curb_weight,925kg
Datsun 1946 ,019,Datsun 1000 Sedan (1959 : 211),1959,https://www.nissan-global.com/EN/HERITAGE_COLLECTION/datsun_1000_Sedan.html,engine,"Type C (4-cyl. in line, SV)"
Datsun 1946 ,019,Datsun 1000 Sedan (1959 : 211),1959,https://www.nissan-global.com/EN/HERITAGE_COLLECTION/datsun_1000_Sedan.html,engine_displacement,988cc
Datsun 1946 ,019,Datsun 1000 Sedan (1959 : 211),1959,https://www.nissan-global.com/EN/HERITAGE_COLLECTION/datsun_1000_Sedan.html,engine_max_power,"25kW (34PS)/4,400rpm"
Datsun 1946 ,019,Datsun 1000 Sedan (1959 : 211),1959,https://www.nissan-global.com/EN/HERITAGE_COLLECTION/datsun_1000_Sedan.html,top_speed,95km/h
Datsun 1946 ,012,Datsun Deluxe Sedan (1953 : DB-5),1953,https://www.nissan-global.com/EN/HERITAGE_COLLECTION/datsun_deluxe_sedan.html,overall_length,"3,805mm"
Datsun 1946 ,012,Datsun Deluxe Sedan (1953 : DB-5),1953,https://www.nissan-global.com/EN/HERITAGE_COLLECTION/datsun_deluxe_sedan.html,overall_width,"1,480mm"
Datsun 1946 ,012,Datsun Deluxe Sedan (1953 : DB-5),1953,https://www.nissan-global.com/EN/HERITAGE_COLLECTION/datsun_deluxe_sedan.html,overall_height,"1,560mm"
Datsun 1946 ,012,Datsun Deluxe Sedan (1953 : DB-5),1953,https://www.nissan-global.com/EN/HERITAGE_COLLECTION/datsun_deluxe_sedan.html,wheelbase,"2,150mm"
Datsun 1946 ,012,Datsun Deluxe Sedan (1953 : DB-5),1953,https://www.nissan-global.com/EN/HERITAGE_COLLECTION/datsun_deluxe_sedan.html,tread_front_rear,"1,048/1,180mm"
Datsun 1946 ,012,Datsun Deluxe Sedan (1953 : DB-5),1953,https://www.nissan-global.com/EN/HERITAGE_COLLECTION/datsun_deluxe_sedan.html,curb_weight,890kg
Datsun 1946 ,012,Datsun Deluxe Sedan (1953 : DB-5),1953,https://www.nissan-global.com/EN/HERITAGE_COLLECTION/datsun_deluxe_sedan.html,engine,"Type D10 (4-cyl. in line, SV)"
Datsun 1946 ,012,Datsun Deluxe Sedan (1953 : DB-5),1953,https://www.nissan-global.com/EN/HERITAGE_COLLECTION/datsun_deluxe_sedan.html,engine_displacement_max_power,860cc / 18kW (24PS)
Datsun 1946 ,012,Datsun Deluxe Sedan (1953 : DB-5),1953,https://www.nissan-global.com/EN/HERITAGE_COLLECTION/datsun_deluxe_sedan.html,seating_capacity,4
Datsun 1946 ,012,Datsun Deluxe Sedan (1953 : DB-5),1953,https://www.nissan-global.com/EN/HERITAGE_COLLECTION/datsun_deluxe_sedan.html,top_speed,78km/h
Datsun 1946 ,240,Datsun Sedan A110 (1955: A110),1955,https://www.nissan-global.com/EN/HERITAGE_COLLECTION/240_datsun_sedan_a110.html,overall_length_width_height,"3,860/1,466/1,540mm"
Datsun 1946 ,240,Datsun Sedan A110 (1955: A110),1955,https://www.nissan-global.com/EN/HERITAGE_COLLECTION/240_datsun_sedan_a110.html,wheelbase,"2,220mm"
Datsun 1946 ,240,Datsun Sedan A110 (1955: A110),1955,https://www.nissan-global.com/EN/HERITAGE_COLLECTION/240_datsun_sedan_a110.html,tread_front_rear,"1,186/1,180mm"
Datsun 1946 ,240,Datsun Sedan A110 (1955: A110),1955,https://www.nissan-global.com/EN/HERITAGE_COLLECTION/240_datsun_sedan_a110.html,curb_weight,890kg
Datsun 1946 ,240,Datsun Sedan A110 (1955: A110),1955,https://www.nissan-global.com/EN/HERITAGE_COLLECTION/240_datsun_sedan_a110.html,engine,"D10 (4-cyl.in line, SV) 860cc"
Datsun 1946 ,240,Datsun Sedan A110 (1955: A110),1955,https://www.nissan-global.com/EN/HERITAGE_COLLECTION/240_datsun_sedan_a110.html,engine_max_power,"18kW (25ps)/4,000rpm"
Datsun 1946 ,240,Datsun Sedan A110 (1955: A110),1955,https://www.nissan-global.com/EN/HERITAGE_COLLECTION/240_datsun_sedan_a110.html,engine_max_torque,"50N·m (5.1kgm)/2,400rpm"
Datsun 1946 ,240,Datsun Sedan A110 (1955: A110),1955,https://www.nissan-global.com/EN/HERITAGE_COLLECTION/240_datsun_sedan_a110.html,suspension_front_rear,Parallel leaf/Parallel leaf
Datsun 1946 ,240,Datsun Sedan A110 (1955: A110),1955,https://www.nissan-global.com/EN/HERITAGE_COLLECTION/240_datsun_sedan_a110.html,brakes_front_rear,Drum/Drum
Datsun 1946 ,240,Datsun Sedan A110 (1955: A110),1955,https://www.nissan-global.com/EN/HERITAGE_COLLECTION/240_datsun_sedan_a110.html,tires,5.00-15 4PL
Datsun 1946 ,015,Datsun Sedan (1956: 113),1956,https://www.nissan-global.com/EN/HERITAGE_COLLECTION/datsun_sedan.html,overall_length,"3,860mm"
Datsun 1946 ,015,Datsun Sedan (1956: 113),1956,https://www.nissan-global.com/EN/HERITAGE_COLLECTION/datsun_sedan.html,overall_width,"1,466mm"
Datsun 1946 ,015,Datsun Sedan (1956: 113),1956,https://www.nissan-global.com/EN/HERITAGE_COLLECTION/datsun_sedan.html,overall_height,"1,540mm"
Datsun 1946 ,015,Datsun Sedan (1956: 113),1956,https://www.nissan-global.com/EN/HERITAGE_COLLECTION/datsun_sedan.html,wheelbase,"2,220mm"
Datsun 1946 ,015,Datsun Sedan (1956: 113),1956,https://www.nissan-global.com/EN/HERITAGE_COLLECTION/datsun_sedan.html,tread_front_rear,"1,186/1,180mm"
Datsun 1946 ,015,Datsun Sedan (1956: 113),1956,https://www.nissan-global.com/EN/HERITAGE_COLLECTION/datsun_sedan.html,curb_weight,880kg
Datsun 1946 ,015,Datsun Sedan (1956: 113),1956,https://www.nissan-global.com/EN/HERITAGE_COLLECTION/datsun_sedan.html,engine,"Type D10 (4-cyl. in line, SV)"
Datsun 1946 ,015,Datsun Sedan (1956: 113),1956,https://www.nissan-global.com/EN/HERITAGE_COLLECTION/datsun_sedan.html,engine_displacement_max_power,860cc/18kW (24PS)
Datsun 1946 ,015,Datsun Sedan (1956: 113),1956,https://www.nissan-global.com/EN/HERITAGE_COLLECTION/datsun_sedan.html,seating_capacity,4
Datsun 1946 ,015,Datsun Sedan (1956: 113),1956,https://www.nissan-global.com/EN/HERITAGE_COLLECTION/datsun_sedan.html,top_speed,85km/h
Datsun 1946 ,163,Datsun 1000 Sedan (U.S. spec) (1958 : L210),1958,https://www.nissan-global.com/EN/HERITAGE_COLLECTION/datsun_1000_sedan_163.html,overall_length,"3,880mm"
Datsun 1946 ,163,Datsun 1000 Sedan (U.S. spec) (1958 : L210),1958,https://www.nissan-global.com/EN/HERITAGE_COLLECTION/datsun_1000_sedan_163.html,overall_width,"1,466mm"
Datsun 1946 ,163,Datsun 1000 Sedan (U.S. spec) (1958 : L210),1958,https://www.nissan-global.com/EN/HERITAGE_COLLECTION/datsun_1000_sedan_163.html,overall_height,"1,500mm"
Datsun 1946 ,163,Datsun 1000 Sedan (U.S. spec) (1958 : L210),1958,https://www.nissan-global.com/EN/HERITAGE_COLLECTION/datsun_1000_sedan_163.html,wheelbase,"2,220mm"
Datsun 1946 ,163,Datsun 1000 Sedan (U.S. spec) (1958 : L210),1958,https://www.nissan-global.com/EN/HERITAGE_COLLECTION/datsun_1000_sedan_163.html,curb_weight,925kg
Datsun 1946 ,163,Datsun 1000 Sedan (U.S. spec) (1958 : L210),1958,https://www.nissan-global.com/EN/HERITAGE_COLLECTION/datsun_1000_sedan_163.html,engine,"Type C (4-cyl. in line, OHV)"
Datsun 1946 ,163,Datsun 1000 Sedan (U.S. spec) (1958 : L210),1958,https://www.nissan-global.com/EN/HERITAGE_COLLECTION/datsun_1000_sedan_163.html,engine_displacement,988cc
Datsun 1946 ,163,Datsun 1000 Sedan (U.S. spec) (1958 : L210),1958,https://www.nissan-global.com/EN/HERITAGE_COLLECTION/datsun_1000_sedan_163.html,engine_max_power,"27kW (37PS)/4,400rpm"
Datsun 1946 ,163,Datsun 1000 Sedan (U.S. spec) (1958 : L210),1958,https://www.nissan-global.com/EN/HERITAGE_COLLECTION/datsun_1000_sedan_163.html,seating_capacity,4
Datsun 1946 ,017,"Datsun 1000 Sedan ""Fuji"" (1958 : 210)",1958,https://www.nissan-global.com/EN/HERITAGE_COLLECTION/datsun_210_fuji.html,overall_length_width_height,"3,860/1,466/1,535mm"
Datsun 1946 ,017,"Datsun 1000 Sedan ""Fuji"" (1958 : 210)",1958,https://www.nissan-global.com/EN/HERITAGE_COLLECTION/datsun_210_fuji.html,wheelbase,"2,220mm"
Datsun 1946 ,017,"Datsun 1000 Sedan ""Fuji"" (1958 : 210)",1958,https://www.nissan-global.com/EN/HERITAGE_COLLECTION/datsun_210_fuji.html,curb_weight,925kg
Datsun 1946 ,017,"Datsun 1000 Sedan ""Fuji"" (1958 : 210)",1958,https://www.nissan-global.com/EN/HERITAGE_COLLECTION/datsun_210_fuji.html,engine,"Type C (4-cyl. in line, OHV)"
Datsun 1946 ,017,"Datsun 1000 Sedan ""Fuji"" (1958 : 210)",1958,https://www.nissan-global.com/EN/HERITAGE_COLLECTION/datsun_210_fuji.html,engine_displacement,988cc
Datsun 1946 ,017,"Datsun 1000 Sedan ""Fuji"" (1958 : 210)",1958,https://www.nissan-global.com/EN/HERITAGE_COLLECTION/datsun_210_fuji.html,engine_max_power,"25kW (34PS)/4,400rpm"
Datsun 1946 ,017,"Datsun 1000 Sedan ""Fuji"" (1958 : 210)",1958,https://www.nissan-global.com/EN/HERITAGE_COLLECTION/datsun_210_fuji.html,engine_max_torque,"65Nm (6.6kgm)/2,400rpm"
Datsun 1946 ,017,"Datsun 1000 Sedan ""Fuji"" (1958 : 210)",1958,https://www.nissan-global.com/EN/HERITAGE_COLLECTION/datsun_210_fuji.html,gear_ratios,"4.94, 3.01, 1.73, 1.0"
Datsun 1946 ,017,"Datsun 1000 Sedan ""Fuji"" (1958 : 210)",1958,https://www.nissan-global.com/EN/HERITAGE_COLLECTION/datsun_210_fuji.html,final_reduction_ratio,5.57
Datsun 1946 ,017,"Datsun 1000 Sedan ""Fuji"" (1958 : 210)",1958,https://www.nissan-global.com/EN/HERITAGE_COLLECTION/datsun_210_fuji.html,suspension,Leaf rigid (front & rear)
Datsun 1946 ,017,"Datsun 1000 Sedan ""Fuji"" (1958 : 210)",1958,https://www.nissan-global.com/EN/HERITAGE_COLLECTION/datsun_210_fuji.html,brakes,Drum(front & rear)
Datsun 1946 ,017,"Datsun 1000 Sedan ""Fuji"" (1958 : 210)",1958,https://www.nissan-global.com/EN/HERITAGE_COLLECTION/datsun_210_fuji.html,top_speed,95km/h
Datsun 1946 ,018,"Datsun 1000 Sedan ""Sakura""(1958 : 210)",1958,https://www.nissan-global.com/EN/HERITAGE_COLLECTION/datsun_1000_sedan_sakura.html,overall_length_width_height,"3,860/1,466/1,535mm"
Datsun 1946 ,018,"Datsun 1000 Sedan ""Sakura""(1958 : 210)",1958,https://www.nissan-global.com/EN/HERITAGE_COLLECTION/datsun_1000_sedan_sakura.html,wheelbase,"2,220mm"
Datsun 1946 ,018,"Datsun 1000 Sedan ""Sakura""(1958 : 210)",1958,https://www.nissan-global.com/EN/HERITAGE_COLLECTION/datsun_1000_sedan_sakura.html,curb_weight,925kg
Datsun 1946 ,018,"Datsun 1000 Sedan ""Sakura""(1958 : 210)",1958,https://www.nissan-global.com/EN/HERITAGE_COLLECTION/datsun_1000_sedan_sakura.html,engine,"Type C (4-cyl. in line, OHV)"
Datsun 1946 ,018,"Datsun 1000 Sedan ""Sakura""(1958 : 210)",1958,https://www.nissan-global.com/EN/HERITAGE_COLLECTION/datsun_1000_sedan_sakura.html,engine_displacement,988cc
Datsun 1946 ,018,"Datsun 1000 Sedan ""Sakura""(1958 : 210)",1958,https://www.nissan-global.com/EN/HERITAGE_COLLECTION/datsun_1000_sedan_sakura.html,engine_max_power,"25kW (34PS)/4,400rpm"
Datsun 1946 ,018,"Datsun 1000 Sedan ""Sakura""(1958 : 210)",1958,https://www.nissan-global.com/EN/HERITAGE_COLLECTION/datsun_1000_sedan_sakura.html,engine_max_torque,"65Nm (6.6kgm)/2,400rpm"
Datsun 1946 ,018,"Datsun 1000 Sedan ""Sakura""(1958 : 210)",1958,https://www.nissan-global.com/EN/HERITAGE_COLLECTION/datsun_1000_sedan_sakura.html,gear_ratios,"4.94, 3.01, 1.73, 1.0"
Datsun 1946 ,018,"Datsun 1000 Sedan ""Sakura""(1958 : 210)",1958,https://www.nissan-global.com/EN/HERITAGE_COLLECTION/datsun_1000_sedan_sakura.html,final_reduction_ratio,5.57
Datsun 1946 ,018,"Datsun 1000 Sedan ""Sakura""(1958 : 210)",1958,https://www.nissan-global.com/EN/HERITAGE_COLLECTION/datsun_1000_sedan_sakura.html,suspension,Leaf rigid (front & rear)
Datsun 1946 ,018,"Datsun 1000 Sedan ""Sakura""(1958 : 210)",1958,https://www.nissan-global.com/EN/HERITAGE_COLLECTION/datsun_1000_sedan_sakura.html,brakes,Drum (front & rear)
Datsun 1946 ,018,"Datsun 1000 Sedan ""Sakura""(1958 : 210)",1958,https://www.nissan-global.com/EN/HERITAGE_COLLECTION/datsun_1000_sedan_sakura.html,top_speed,95km/h
Datsun 1946 ,287,Datsun 1000 Sedan (1958 : 210),1958,https://www.nissan-global.com/EN/HERITAGE_COLLECTION/datsun_1000_sedan_287.html,overall_length_width_height,"3,860/1,466/1,535mm"
Datsun 1946 ,287,Datsun 1000 Sedan (1958 : 210),1958,https://www.nissan-global.com/EN/HERITAGE_COLLECTION/datsun_1000_sedan_287.html,wheelbase,"2,220mm"
Datsun 1946 ,287,Datsun 1000 Sedan (1958 : 210),1958,https://www.nissan-global.com/EN/HERITAGE_COLLECTION/datsun_1000_sedan_287.html,tread,"1,170/1,180mm"
Datsun 1946 ,287,Datsun 1000 Sedan (1958 : 210),1958,https://www.nissan-global.com/EN/HERITAGE_COLLECTION/datsun_1000_sedan_287.html,curb_weight,925kg
Datsun 1946 ,287,Datsun 1000 Sedan (1958 : 210),1958,https://www.nissan-global.com/EN/HERITAGE_COLLECTION/datsun_1000_sedan_287.html,engine,"C (4-cyl. in line, OHV) 988cc"
Datsun 1946 ,287,Datsun 1000 Sedan (1958 : 210),1958,https://www.nissan-global.com/EN/HERITAGE_COLLECTION/datsun_1000_sedan_287.html,engine_max_power,"25kW(34ps)/4,400rpm"
Datsun 1946 ,287,Datsun 1000 Sedan (1958 : 210),1958,https://www.nissan-global.com/EN/HERITAGE_COLLECTION/datsun_1000_sedan_287.html,engine_max_torque,"65N·m(6.6kgm)/2,400rpm"
Datsun 1946 ,287,Datsun 1000 Sedan (1958 : 210),1958,https://www.nissan-global.com/EN/HERITAGE_COLLECTION/datsun_1000_sedan_287.html,suspension_front_rear,Lateral leaf / Parallel leaf
Datsun 1946 ,287,Datsun 1000 Sedan (1958 : 210),1958,https://www.nissan-global.com/EN/HERITAGE_COLLECTION/datsun_1000_sedan_287.html,brakes_front_rear,Drum / Drum
Datsun 1946 ,287,Datsun 1000 Sedan (1958 : 210),1958,https://www.nissan-global.com/EN/HERITAGE_COLLECTION/datsun_1000_sedan_287.html,tires,5.00-15-4P
Datsun 1946 ,020,Datsun 1000 Sedan (1959 : 211),1959,https://www.nissan-global.com/EN/HERITAGE_COLLECTION/datsun_1000_sedan_020.html,overall_length,"3,880mm"
Datsun 1946 ,020,Datsun 1000 Sedan (1959 : 211),1959,https://www.nissan-global.com/EN/HERITAGE_COLLECTION/datsun_1000_sedan_020.html,overall_width,"1,466mm"
Datsun 1946 ,020,Datsun 1000 Sedan (1959 : 211),1959,https://www.nissan-global.com/EN/HERITAGE_COLLECTION/datsun_1000_sedan_020.html,overall_height,"1,535mm"
Datsun 1946 ,020,Datsun 1000 Sedan (1959 : 211),1959,https://www.nissan-global.com/EN/HERITAGE_COLLECTION/datsun_1000_sedan_020.html,wheelbase,"2,220mm"
Datsun 1946 ,020,Datsun 1000 Sedan (1959 : 211),1959,https://www.nissan-global.com/EN/HERITAGE_COLLECTION/datsun_1000_sedan_020.html,curb_weight,925kg
Datsun 1946 ,020,Datsun 1000 Sedan (1959 : 211),1959,https://www.nissan-global.com/EN/HERITAGE_COLLECTION/datsun_1000_sedan_020.html,engine,"Type C (4-cyl. in line, SV)"
Datsun 1946 ,020,Datsun 1000 Sedan (1959 : 211),1959,https://www.nissan-global.com/EN/HERITAGE_COLLECTION/datsun_1000_sedan_020.html,engine_displacement,988cc
Datsun 1946 ,020,Datsun 1000 Sedan (1959 : 211),1959,https://www.nissan-global.com/EN/HERITAGE_COLLECTION/datsun_1000_sedan_020.html,engine_max_power,"25kW (34PS)/4,400rpm"
Datsun 1946 ,020,Datsun 1000 Sedan (1959 : 211),1959,https://www.nissan-global.com/EN/HERITAGE_COLLECTION/datsun_1000_sedan_020.html,top_speed,95km/h
Datsun 1946 ,452,Datsun Baby (1964: AF8N),1964,https://www.nissan-global.com/EN/HERITAGE_COLLECTION/datsun_baby.html,overall_length_width_height,"2,960/1,420/1,245mm"
Datsun 1946 ,452,Datsun Baby (1964: AF8N),1964,https://www.nissan-global.com/EN/HERITAGE_COLLECTION/datsun_baby.html,wheelbase,"1,670mm"
Datsun 1946 ,452,Datsun Baby (1964: AF8N),1964,https://www.nissan-global.com/EN/HERITAGE_COLLECTION/datsun_baby.html,tread_front_rear,"1,010/950mm"
Datsun 1946 ,452,Datsun Baby (1964: AF8N),1964,https://www.nissan-global.com/EN/HERITAGE_COLLECTION/datsun_baby.html,curb_weight,430kg
Datsun 1946 ,452,Datsun Baby (1964: AF8N),1964,https://www.nissan-global.com/EN/HERITAGE_COLLECTION/datsun_baby.html,engine,"AE82N (2-cycle single cylinder, forced air cooling) 199cc"
Datsun 1946 ,452,Datsun Baby (1964: AF8N),1964,https://www.nissan-global.com/EN/HERITAGE_COLLECTION/datsun_baby.html,engine_max_power,"5.5kw(7.5ps)/5,000rpm"
Datsun 1946 ,452,Datsun Baby (1964: AF8N),1964,https://www.nissan-global.com/EN/HERITAGE_COLLECTION/datsun_baby.html,engine_max_torque,"12.7N·m(1.3kgm)/3,200rpm"
Datsun 1946 ,452,Datsun Baby (1964: AF8N),1964,https://www.nissan-global.com/EN/HERITAGE_COLLECTION/datsun_baby.html,suspension_front_rear,Double wishbone / Trailing arm (independent)
Datsun 1946 ,452,Datsun Baby (1964: AF8N),1964,https://www.nissan-global.com/EN/HERITAGE_COLLECTION/datsun_baby.html,brakes_front_rear,Drum / Drum
Datsun 1946 ,452,Datsun Baby (1964: AF8N),1964,https://www.nissan-global.com/EN/HERITAGE_COLLECTION/datsun_baby.html,tires,4.00-8-4PR
Datsun Truck Van,226,Datsun Truck (1948 : 2225),1948,https://www.nissan-global.com/EN/HERITAGE_COLLECTION/datsuntruck2.html,overall_length_width_height,"3,147/1,458/1,550mm"
Datsun Truck Van,226,Datsun Truck (1948 : 2225),1948,https://www.nissan-global.com/EN/HERITAGE_COLLECTION/datsuntruck2.html,wheelbase,"2,005mm"
Datsun Truck Van,226,Datsun Truck (1948 : 2225),1948,https://www.nissan-global.com/EN/HERITAGE_COLLECTION/datsuntruck2.html,tread_front_rear,"1,038/1,080mm"
Datsun Truck Van,226,Datsun Truck (1948 : 2225),1948,https://www.nissan-global.com/EN/HERITAGE_COLLECTION/datsuntruck2.html,curb_weight,620kg
Datsun Truck Van,226,Datsun Truck (1948 : 2225),1948,https://www.nissan-global.com/EN/HERITAGE_COLLECTION/datsuntruck2.html,engine,"Type 7 (4-cyl. in line, SV), 722cc"
Datsun Truck Van,226,Datsun Truck (1948 : 2225),1948,https://www.nissan-global.com/EN/HERITAGE_COLLECTION/datsuntruck2.html,engine_max_power,"11kW (15PS)/3,600rpm"
Datsun Truck Van,226,Datsun Truck (1948 : 2225),1948,https://www.nissan-global.com/EN/HERITAGE_COLLECTION/datsuntruck2.html,engine_max_torque,"37Nm (3.8kgm)/2,000rpm"
Datsun Truck Van,226,Datsun Truck (1948 : 2225),1948,https://www.nissan-global.com/EN/HERITAGE_COLLECTION/datsuntruck2.html,transmission,"3 forward gears, 1 reverse gear"
Datsun Truck Van,226,Datsun Truck (1948 : 2225),1948,https://www.nissan-global.com/EN/HERITAGE_COLLECTION/datsuntruck2.html,tires,4.00-16 (front & rear)
Datsun Truck Van,226,Datsun Truck (1948 : 2225),1948,https://www.nissan-global.com/EN/HERITAGE_COLLECTION/datsuntruck2.html,seating_capacity_max_load_capacity,2 / 500kg
Datsun Truck Van,350,Datsun Fire Engine (1950: F4146),1950,https://www.nissan-global.com/EN/HERITAGE_COLLECTION/datsun_fire_engine.html,overall_length,"3,020mm"
Datsun Truck Van,350,Datsun Fire Engine (1950: F4146),1950,https://www.nissan-global.com/EN/HERITAGE_COLLECTION/datsun_fire_engine.html,overall_width,"1,200mm"
Datsun Truck Van,350,Datsun Fire Engine (1950: F4146),1950,https://www.nissan-global.com/EN/HERITAGE_COLLECTION/datsun_fire_engine.html,wheelbase,"2,005mm"
Datsun Truck Van,350,Datsun Fire Engine (1950: F4146),1950,https://www.nissan-global.com/EN/HERITAGE_COLLECTION/datsun_fire_engine.html,tread,"1,038/1,049mm"
Datsun Truck Van,350,Datsun Fire Engine (1950: F4146),1950,https://www.nissan-global.com/EN/HERITAGE_COLLECTION/datsun_fire_engine.html,engine,"Water-cooled, 4-cyl. inline, SV"
Datsun Truck Van,350,Datsun Fire Engine (1950: F4146),1950,https://www.nissan-global.com/EN/HERITAGE_COLLECTION/datsun_fire_engine.html,engine_displacement,722cc
Datsun Truck Van,350,Datsun Fire Engine (1950: F4146),1950,https://www.nissan-global.com/EN/HERITAGE_COLLECTION/datsun_fire_engine.html,engine_max_power,"12kW(16ps)/3,600rpm"
Datsun Truck Van,370,Datsun Pickup 6147 (1953 : 6147),1953,https://www.nissan-global.com/EN/HERITAGE_COLLECTION/datsun_pickup_6147.html,overall_length_width_height,"3,406/1,398/1,590mm"
Datsun Truck Van,370,Datsun Pickup 6147 (1953 : 6147),1953,https://www.nissan-global.com/EN/HERITAGE_COLLECTION/datsun_pickup_6147.html,wheelbase,"2,150mm"
Datsun Truck Van,370,Datsun Pickup 6147 (1953 : 6147),1953,https://www.nissan-global.com/EN/HERITAGE_COLLECTION/datsun_pickup_6147.html,tread,"1,048/1,180mm"
Datsun Truck Van,370,Datsun Pickup 6147 (1953 : 6147),1953,https://www.nissan-global.com/EN/HERITAGE_COLLECTION/datsun_pickup_6147.html,curb_weight,755kg
Datsun Truck Van,370,Datsun Pickup 6147 (1953 : 6147),1953,https://www.nissan-global.com/EN/HERITAGE_COLLECTION/datsun_pickup_6147.html,engine,"D10 (4-cyl. in line, SV) 860cc"
Datsun Truck Van,370,Datsun Pickup 6147 (1953 : 6147),1953,https://www.nissan-global.com/EN/HERITAGE_COLLECTION/datsun_pickup_6147.html,engine_max_power,"18kW(25PS)/4,000rpm"
Datsun Truck Van,370,Datsun Pickup 6147 (1953 : 6147),1953,https://www.nissan-global.com/EN/HERITAGE_COLLECTION/datsun_pickup_6147.html,engine_max_torque,"50N·m(5.1kgm)/2,400rpm"
Datsun Truck Van,370,Datsun Pickup 6147 (1953 : 6147),1953,https://www.nissan-global.com/EN/HERITAGE_COLLECTION/datsun_pickup_6147.html,suspension_front_rear,Lateral leaf / Parallel leaf
Datsun Truck Van,370,Datsun Pickup 6147 (1953 : 6147),1953,https://www.nissan-global.com/EN/HERITAGE_COLLECTION/datsun_pickup_6147.html,brakes_front_rear,Drum / Drum
Datsun Truck Van,370,Datsun Pickup 6147 (1953 : 6147),1953,https://www.nissan-global.com/EN/HERITAGE_COLLECTION/datsun_pickup_6147.html,tires,5.50-15-6P
Datsun Truck Van,228,Datsun Pickup (1958 : 220),1958,https://www.nissan-global.com/EN/HERITAGE_COLLECTION/datsuntruck.html,overall_length_width_height,"3,742/1,466/1,625mm"
Datsun Truck Van,228,Datsun Pickup (1958 : 220),1958,https://www.nissan-global.com/EN/HERITAGE_COLLECTION/datsuntruck.html,wheelbase,"2,200mm"
Datsun Truck Van,228,Datsun Pickup (1958 : 220),1958,https://www.nissan-global.com/EN/HERITAGE_COLLECTION/datsuntruck.html,tread_front_rear,"1,170/1,180mm"
Datsun Truck Van,228,Datsun Pickup (1958 : 220),1958,https://www.nissan-global.com/EN/HERITAGE_COLLECTION/datsuntruck.html,curb_weight,620kg
Datsun Truck Van,228,Datsun Pickup (1958 : 220),1958,https://www.nissan-global.com/EN/HERITAGE_COLLECTION/datsuntruck.html,engine,"Type C (4-cyl. in line, OHV), 988cc"
Datsun Truck Van,228,Datsun Pickup (1958 : 220),1958,https://www.nissan-global.com/EN/HERITAGE_COLLECTION/datsuntruck.html,engine_max_power,"25kW (34PS)/4,400rpm"
Datsun Truck Van,228,Datsun Pickup (1958 : 220),1958,https://www.nissan-global.com/EN/HERITAGE_COLLECTION/datsuntruck.html,engine_max_torque,"65Nm (6.6kgm)/2,400rpm"
Datsun Truck Van,228,Datsun Pickup (1958 : 220),1958,https://www.nissan-global.com/EN/HERITAGE_COLLECTION/datsuntruck.html,transmission,"3 forward gears, 1 reverse gear"
Datsun Truck Van,228,Datsun Pickup (1958 : 220),1958,https://www.nissan-global.com/EN/HERITAGE_COLLECTION/datsuntruck.html,top_speed,90km/h
Datsun Truck Van,228,Datsun Pickup (1958 : 220),1958,https://www.nissan-global.com/EN/HERITAGE_COLLECTION/datsuntruck.html,seating_capacity_max_load_capacity,2 / 850kg
Datsun Truck Van,036,Datsun Pickup 1200 Deluxe (1964 : 320),1964,https://www.nissan-global.com/EN/HERITAGE_COLLECTION/datsuntruck1200deluxe.html,overall_length_width_height,"4,125/1,515/1,610mm"
Datsun Truck Van,036,Datsun Pickup 1200 Deluxe (1964 : 320),1964,https://www.nissan-global.com/EN/HERITAGE_COLLECTION/datsuntruck1200deluxe.html,wheelbase,"2,470mm"
Datsun Truck Van,036,Datsun Pickup 1200 Deluxe (1964 : 320),1964,https://www.nissan-global.com/EN/HERITAGE_COLLECTION/datsuntruck1200deluxe.html,tread_front_rear,"1,170/1,187mm"
Datsun Truck Van,036,Datsun Pickup 1200 Deluxe (1964 : 320),1964,https://www.nissan-global.com/EN/HERITAGE_COLLECTION/datsuntruck1200deluxe.html,curb_weight,955kg
Datsun Truck Van,036,Datsun Pickup 1200 Deluxe (1964 : 320),1964,https://www.nissan-global.com/EN/HERITAGE_COLLECTION/datsuntruck1200deluxe.html,engine,"E1 (4-cyl. in line, OHV), 1,189cc"
Datsun Truck Van,036,Datsun Pickup 1200 Deluxe (1964 : 320),1964,https://www.nissan-global.com/EN/HERITAGE_COLLECTION/datsuntruck1200deluxe.html,engine_max_power,"40kW (55PS)/4,800rpm"
Datsun Truck Van,036,Datsun Pickup 1200 Deluxe (1964 : 320),1964,https://www.nissan-global.com/EN/HERITAGE_COLLECTION/datsuntruck1200deluxe.html,engine_max_torque,"86Nm (8.8kgm)/3,600rpm"
Datsun Truck Van,036,Datsun Pickup 1200 Deluxe (1964 : 320),1964,https://www.nissan-global.com/EN/HERITAGE_COLLECTION/datsuntruck1200deluxe.html,suspension_front,Double wishbone
Datsun Truck Van,036,Datsun Pickup 1200 Deluxe (1964 : 320),1964,https://www.nissan-global.com/EN/HERITAGE_COLLECTION/datsuntruck1200deluxe.html,suspension_rear,Semi-floating leaf
Datsun Truck Van,036,Datsun Pickup 1200 Deluxe (1964 : 320),1964,https://www.nissan-global.com/EN/HERITAGE_COLLECTION/datsuntruck1200deluxe.html,tires_front_rear,"6.00-14-6PR, 6.00-14-8PR"
Datsun Truck Van,036,Datsun Pickup 1200 Deluxe (1964 : 320),1964,https://www.nissan-global.com/EN/HERITAGE_COLLECTION/datsuntruck1200deluxe.html,seating_capacity_max_load_capacity,"2 / 1,000kg"
Datsun Truck Van,220,Datsun Light Van 1200 Deluxe (1965 : V320),1965,https://www.nissan-global.com/EN/HERITAGE_COLLECTION/datsunlightvan1200deluxe.html,overall_length_width_height,"4,145/1,497/1,545mm"
Datsun Truck Van,220,Datsun Light Van 1200 Deluxe (1965 : V320),1965,https://www.nissan-global.com/EN/HERITAGE_COLLECTION/datsunlightvan1200deluxe.html,wheelbase,"2,470mm"
Datsun Truck Van,220,Datsun Light Van 1200 Deluxe (1965 : V320),1965,https://www.nissan-global.com/EN/HERITAGE_COLLECTION/datsunlightvan1200deluxe.html,tread_front_rear,"1,170/1,187mm"
Datsun Truck Van,220,Datsun Light Van 1200 Deluxe (1965 : V320),1965,https://www.nissan-global.com/EN/HERITAGE_COLLECTION/datsunlightvan1200deluxe.html,curb_weight,"1,020kg"
Datsun Truck Van,220,Datsun Light Van 1200 Deluxe (1965 : V320),1965,https://www.nissan-global.com/EN/HERITAGE_COLLECTION/datsunlightvan1200deluxe.html,engine,"E1 (4-cyl. in line, OHV), 1,189cc"
Datsun Truck Van,220,Datsun Light Van 1200 Deluxe (1965 : V320),1965,https://www.nissan-global.com/EN/HERITAGE_COLLECTION/datsunlightvan1200deluxe.html,engine_max_power,"40kW (55PS)/4,800rpm"
Datsun Truck Van,220,Datsun Light Van 1200 Deluxe (1965 : V320),1965,https://www.nissan-global.com/EN/HERITAGE_COLLECTION/datsunlightvan1200deluxe.html,engine_max_torque,"65Nm (6.6kgm)/3,600rpm"
Datsun Truck Van,220,Datsun Light Van 1200 Deluxe (1965 : V320),1965,https://www.nissan-global.com/EN/HERITAGE_COLLECTION/datsunlightvan1200deluxe.html,transmission,"4-speed, column shift"
Datsun Truck Van,220,Datsun Light Van 1200 Deluxe (1965 : V320),1965,https://www.nissan-global.com/EN/HERITAGE_COLLECTION/datsunlightvan1200deluxe.html,suspension_front_rear,"Torsion bar, semi-elliptic leaf"
Datsun Truck Van,220,Datsun Light Van 1200 Deluxe (1965 : V320),1965,https://www.nissan-global.com/EN/HERITAGE_COLLECTION/datsunlightvan1200deluxe.html,top_speed,110km/h
Datsun Truck Van,220,Datsun Light Van 1200 Deluxe (1965 : V320),1965,https://www.nissan-global.com/EN/HERITAGE_COLLECTION/datsunlightvan1200deluxe.html,seating_capacity_max_load_capacity,2 (5) / 500kg (300kg)
Datsun Truck Van,316,Datsun 1300 Van (1966 : V520),1966,https://www.nissan-global.com/EN/HERITAGE_COLLECTION/datsun_1300_van.html,overall_length_width_height,"4,300/1,570/1,525mm"
Datsun Truck Van,316,Datsun 1300 Van (1966 : V520),1966,https://www.nissan-global.com/EN/HERITAGE_COLLECTION/datsun_1300_van.html,wheelbase,"2,530mm"
Datsun Truck Van,316,Datsun 1300 Van (1966 : V520),1966,https://www.nissan-global.com/EN/HERITAGE_COLLECTION/datsun_1300_van.html,tread,"1,250/1,267mm"
Datsun Truck Van,316,Datsun 1300 Van (1966 : V520),1966,https://www.nissan-global.com/EN/HERITAGE_COLLECTION/datsun_1300_van.html,curb_weight,"1,070kg"
Datsun Truck Van,316,Datsun 1300 Van (1966 : V520),1966,https://www.nissan-global.com/EN/HERITAGE_COLLECTION/datsun_1300_van.html,engine,"J (4-cyl. inline, OHV), 1,299cc"
Datsun Truck Van,316,Datsun 1300 Van (1966 : V520),1966,https://www.nissan-global.com/EN/HERITAGE_COLLECTION/datsun_1300_van.html,engine_max_power,"46kW (62ps)/5,000rpm"
Datsun Truck Van,316,Datsun 1300 Van (1966 : V520),1966,https://www.nissan-global.com/EN/HERITAGE_COLLECTION/datsun_1300_van.html,engine_max_torque,"98N·m (10.0kgf·m) / 2,800rpm"
Datsun Truck Van,316,Datsun 1300 Van (1966 : V520),1966,https://www.nissan-global.com/EN/HERITAGE_COLLECTION/datsun_1300_van.html,suspension_front_rear,Wishbone torsion bar / Parallel leaf
Datsun Truck Van,316,Datsun 1300 Van (1966 : V520),1966,https://www.nissan-global.com/EN/HERITAGE_COLLECTION/datsun_1300_van.html,brakes_front_rear,Drum / Drum
Datsun Truck Van,316,Datsun 1300 Van (1966 : V520),1966,https://www.nissan-global.com/EN/HERITAGE_COLLECTION/datsun_1300_van.html,tires,5.50-14-6PLT
Datsun Truck Van,166,Datsun Van 1500 Deluxe (1972 : VN521),1972,https://www.nissan-global.com/EN/HERITAGE_COLLECTION/datsunvan1500deluxe.html,overall_length_width_height,"4,345/1,570/1,525mm"
Datsun Truck Van,166,Datsun Van 1500 Deluxe (1972 : VN521),1972,https://www.nissan-global.com/EN/HERITAGE_COLLECTION/datsunvan1500deluxe.html,wheelbase,"2,530mm"
Datsun Truck Van,166,Datsun Van 1500 Deluxe (1972 : VN521),1972,https://www.nissan-global.com/EN/HERITAGE_COLLECTION/datsunvan1500deluxe.html,tread_front_rear,"1,250/1,265mm"
Datsun Truck Van,166,Datsun Van 1500 Deluxe (1972 : VN521),1972,https://www.nissan-global.com/EN/HERITAGE_COLLECTION/datsunvan1500deluxe.html,curb_weight,"1,070kg"
Datsun Truck Van,166,Datsun Van 1500 Deluxe (1972 : VN521),1972,https://www.nissan-global.com/EN/HERITAGE_COLLECTION/datsunvan1500deluxe.html,engine,"J15 (4-cyl. in line, OHV), 1,483cc"
Datsun Truck Van,166,Datsun Van 1500 Deluxe (1972 : VN521),1972,https://www.nissan-global.com/EN/HERITAGE_COLLECTION/datsunvan1500deluxe.html,engine_max_power,"57kW (77PS)/5,200rpm"
Datsun Truck Van,166,Datsun Van 1500 Deluxe (1972 : VN521),1972,https://www.nissan-global.com/EN/HERITAGE_COLLECTION/datsunvan1500deluxe.html,engine_max_torque,"118Nm (12.0kgm)/3,200rpm"
Datsun Truck Van,166,Datsun Van 1500 Deluxe (1972 : VN521),1972,https://www.nissan-global.com/EN/HERITAGE_COLLECTION/datsunvan1500deluxe.html,suspension_front,Torsion bar
Datsun Truck Van,166,Datsun Van 1500 Deluxe (1972 : VN521),1972,https://www.nissan-global.com/EN/HERITAGE_COLLECTION/datsunvan1500deluxe.html,suspension_rear,Semi-elliptic leaf
Datsun Truck Van,166,Datsun Van 1500 Deluxe (1972 : VN521),1972,https://www.nissan-global.com/EN/HERITAGE_COLLECTION/datsunvan1500deluxe.html,tires_front_rear,"6.00-13-6PR, 6.00-13-8PR"
Datsun Truck Van,166,Datsun Van 1500 Deluxe (1972 : VN521),1972,https://www.nissan-global.com/EN/HERITAGE_COLLECTION/datsunvan1500deluxe.html,seating_capacity_max_load_capacity,3 (6) / 500kg (300kg)
Fairlady,274,Datsun Fairlady (1961: SPL213),1961,https://www.nissan-global.com/EN/HERITAGE_COLLECTION/274_datsun_fairlady.html,overall_length_width_height,"4,025/1,475/1,380mm"
Fairlady,274,Datsun Fairlady (1961: SPL213),1961,https://www.nissan-global.com/EN/HERITAGE_COLLECTION/274_datsun_fairlady.html,wheelbase,"2,220mm"
Fairlady,274,Datsun Fairlady (1961: SPL213),1961,https://www.nissan-global.com/EN/HERITAGE_COLLECTION/274_datsun_fairlady.html,tread_front_rear,"1,186/1,177mm"
Fairlady,274,Datsun Fairlady (1961: SPL213),1961,https://www.nissan-global.com/EN/HERITAGE_COLLECTION/274_datsun_fairlady.html,curb_weight,890kg
Fairlady,274,Datsun Fairlady (1961: SPL213),1961,https://www.nissan-global.com/EN/HERITAGE_COLLECTION/274_datsun_fairlady.html,engine,"E1 (4-cyl. in line, OHV), 1,186cc"
Fairlady,274,Datsun Fairlady (1961: SPL213),1961,https://www.nissan-global.com/EN/HERITAGE_COLLECTION/274_datsun_fairlady.html,engine_max_power,"40kW(55ps)/4,800rpm"
Fairlady,274,Datsun Fairlady (1961: SPL213),1961,https://www.nissan-global.com/EN/HERITAGE_COLLECTION/274_datsun_fairlady.html,engine_max_torque,"86N・m(8.8kgf・m)/3,600rpm"
Fairlady,274,Datsun Fairlady (1961: SPL213),1961,https://www.nissan-global.com/EN/HERITAGE_COLLECTION/274_datsun_fairlady.html,suspension_front_rear,Torsion bar (independent) / Parallel leaf
Fairlady,274,Datsun Fairlady (1961: SPL213),1961,https://www.nissan-global.com/EN/HERITAGE_COLLECTION/274_datsun_fairlady.html,brakes_front_rear,Disc / Drum
Fairlady,274,Datsun Fairlady (1961: SPL213),1961,https://www.nissan-global.com/EN/HERITAGE_COLLECTION/274_datsun_fairlady.html,tires,5.20-14-4PR
Fairlady,030,Datsun Fairlady 1500 (1963 : SP310),1963,https://www.nissan-global.com/EN/HERITAGE_COLLECTION/datsun_fairlady_1500.html,overall_length,"3,910mm"
Fairlady,030,Datsun Fairlady 1500 (1963 : SP310),1963,https://www.nissan-global.com/EN/HERITAGE_COLLECTION/datsun_fairlady_1500.html,overall_width,"1,495mm"
Fairlady,030,Datsun Fairlady 1500 (1963 : SP310),1963,https://www.nissan-global.com/EN/HERITAGE_COLLECTION/datsun_fairlady_1500.html,overall_height,"1,275mm"
Fairlady,030,Datsun Fairlady 1500 (1963 : SP310),1963,https://www.nissan-global.com/EN/HERITAGE_COLLECTION/datsun_fairlady_1500.html,wheelbase,"2,280mm"
Fairlady,030,Datsun Fairlady 1500 (1963 : SP310),1963,https://www.nissan-global.com/EN/HERITAGE_COLLECTION/datsun_fairlady_1500.html,tread_front_rear,"1,213/1,198mm"
Fairlady,030,Datsun Fairlady 1500 (1963 : SP310),1963,https://www.nissan-global.com/EN/HERITAGE_COLLECTION/datsun_fairlady_1500.html,curb_weight,870kg
Fairlady,030,Datsun Fairlady 1500 (1963 : SP310),1963,https://www.nissan-global.com/EN/HERITAGE_COLLECTION/datsun_fairlady_1500.html,engine,"G (4-cyl. in line, OHV), 1,488cc"
Fairlady,030,Datsun Fairlady 1500 (1963 : SP310),1963,https://www.nissan-global.com/EN/HERITAGE_COLLECTION/datsun_fairlady_1500.html,engine_max_power,"59kW (80PS)/5,600rpm"
Fairlady,030,Datsun Fairlady 1500 (1963 : SP310),1963,https://www.nissan-global.com/EN/HERITAGE_COLLECTION/datsun_fairlady_1500.html,engine_max_torque,"118Nm (12.0kgm)/4,000rpm"
Fairlady,030,Datsun Fairlady 1500 (1963 : SP310),1963,https://www.nissan-global.com/EN/HERITAGE_COLLECTION/datsun_fairlady_1500.html,tires,5.60-13-4PR (front & rear)
Fairlady,032,Datsun Fairlady 1500 (1965: SP310),1965,https://www.nissan-global.com/EN/HERITAGE_COLLECTION/Datsun_Fairlady1500_032.html,overall_length_width_height,"3,910/1,495/1,305mm"
Fairlady,032,Datsun Fairlady 1500 (1965: SP310),1965,https://www.nissan-global.com/EN/HERITAGE_COLLECTION/Datsun_Fairlady1500_032.html,wheelbase,"2,280mm"
Fairlady,032,Datsun Fairlady 1500 (1965: SP310),1965,https://www.nissan-global.com/EN/HERITAGE_COLLECTION/Datsun_Fairlady1500_032.html,tread,"1,213/1,198mm"
Fairlady,032,Datsun Fairlady 1500 (1965: SP310),1965,https://www.nissan-global.com/EN/HERITAGE_COLLECTION/Datsun_Fairlady1500_032.html,curb_weight,910kg
Fairlady,032,Datsun Fairlady 1500 (1965: SP310),1965,https://www.nissan-global.com/EN/HERITAGE_COLLECTION/Datsun_Fairlady1500_032.html,engine,"G (4-cyl. Inline OHV, SU twin carb.) 1,488cc"
Fairlady,032,Datsun Fairlady 1500 (1965: SP310),1965,https://www.nissan-global.com/EN/HERITAGE_COLLECTION/Datsun_Fairlady1500_032.html,engine_max_power,59kw (80PS)/5600rpm
Fairlady,032,Datsun Fairlady 1500 (1965: SP310),1965,https://www.nissan-global.com/EN/HERITAGE_COLLECTION/Datsun_Fairlady1500_032.html,engine,"G (4-cyl. in line, OHV), 1,488cc"
Fairlady,032,Datsun Fairlady 1500 (1965: SP310),1965,https://www.nissan-global.com/EN/HERITAGE_COLLECTION/Datsun_Fairlady1500_032.html,engine_max_power,"59kW(80PS)/5,600rpm"
Fairlady,032,Datsun Fairlady 1500 (1965: SP310),1965,https://www.nissan-global.com/EN/HERITAGE_COLLECTION/Datsun_Fairlady1500_032.html,engine_max_torque,118N·m (12.0kgf·m)/4000rpm
Fairlady,032,Datsun Fairlady 1500 (1965: SP310),1965,https://www.nissan-global.com/EN/HERITAGE_COLLECTION/Datsun_Fairlady1500_032.html,suspension_front_rear,Double wishbone/Parallel leaf
Fairlady,032,Datsun Fairlady 1500 (1965: SP310),1965,https://www.nissan-global.com/EN/HERITAGE_COLLECTION/Datsun_Fairlady1500_032.html,brakes_front_rear,Drum/Drum
Fairlady,032,Datsun Fairlady 1500 (1965: SP310),1965,https://www.nissan-global.com/EN/HERITAGE_COLLECTION/Datsun_Fairlady1500_032.html,tires,5.60-13 4P
Fairlady,348,Datsun 2000 Sports (1967: SR311),1967,https://www.nissan-global.com/EN/HERITAGE_COLLECTION/datsun_sports_2000.html,overall_length_width_height,"3,910/1,495/1,300mm"
Fairlady,348,Datsun 2000 Sports (1967: SR311),1967,https://www.nissan-global.com/EN/HERITAGE_COLLECTION/datsun_sports_2000.html,wheelbase,"2,280mm"
Fairlady,348,Datsun 2000 Sports (1967: SR311),1967,https://www.nissan-global.com/EN/HERITAGE_COLLECTION/datsun_sports_2000.html,tread_front_rear,"1,275/1,200mm"
Fairlady,348,Datsun 2000 Sports (1967: SR311),1967,https://www.nissan-global.com/EN/HERITAGE_COLLECTION/datsun_sports_2000.html,curb_weight,910kg
Fairlady,348,Datsun 2000 Sports (1967: SR311),1967,https://www.nissan-global.com/EN/HERITAGE_COLLECTION/datsun_sports_2000.html,engine,"U20 (4-cyl. in line, OHC), 1,982cc"
Fairlady,348,Datsun 2000 Sports (1967: SR311),1967,https://www.nissan-global.com/EN/HERITAGE_COLLECTION/datsun_sports_2000.html,engine_max_power,"107Kw(145ps)/6,000rpm"
Fairlady,348,Datsun 2000 Sports (1967: SR311),1967,https://www.nissan-global.com/EN/HERITAGE_COLLECTION/datsun_sports_2000.html,engine_max_torque,"176N·m(18.0kgm)/4,800rpm"
Fairlady,348,Datsun 2000 Sports (1967: SR311),1967,https://www.nissan-global.com/EN/HERITAGE_COLLECTION/datsun_sports_2000.html,suspension_front_rear,Double wishbone / Parallel leaf
Fairlady,348,Datsun 2000 Sports (1967: SR311),1967,https://www.nissan-global.com/EN/HERITAGE_COLLECTION/datsun_sports_2000.html,brakes_front_rear,Disc / Drum
Fairlady,348,Datsun 2000 Sports (1967: SR311),1967,https://www.nissan-global.com/EN/HERITAGE_COLLECTION/datsun_sports_2000.html,tires,5.60S-14-4P
Fairlady,217,Datsun 2000 Sports (1968: SRL311),1968,https://www.nissan-global.com/EN/HERITAGE_COLLECTION/datsun_2000_roadster.html,overall_length_width_height,"3,910/1,495/1,300mm"
Fairlady,217,Datsun 2000 Sports (1968: SRL311),1968,https://www.nissan-global.com/EN/HERITAGE_COLLECTION/datsun_2000_roadster.html,wheelbase,"2,280mm"
Fairlady,217,Datsun 2000 Sports (1968: SRL311),1968,https://www.nissan-global.com/EN/HERITAGE_COLLECTION/datsun_2000_roadster.html,tread_front_rear,"1,275/1,200mm"
Fairlady,217,Datsun 2000 Sports (1968: SRL311),1968,https://www.nissan-global.com/EN/HERITAGE_COLLECTION/datsun_2000_roadster.html,engine,"U20 (4-cyl. in line, OHC), 1,982cc"
Fairlady,217,Datsun 2000 Sports (1968: SRL311),1968,https://www.nissan-global.com/EN/HERITAGE_COLLECTION/datsun_2000_roadster.html,engine_max_power,"92kW (125PS)/6,000rpm"
Fairlady,217,Datsun 2000 Sports (1968: SRL311),1968,https://www.nissan-global.com/EN/HERITAGE_COLLECTION/datsun_2000_roadster.html,engine_max_torque,"167Nm (17kgm)/4,400rpm"
Fairlady,217,Datsun 2000 Sports (1968: SRL311),1968,https://www.nissan-global.com/EN/HERITAGE_COLLECTION/datsun_2000_roadster.html,engine_carburetors,SU (x2)
Fairlady,217,Datsun 2000 Sports (1968: SRL311),1968,https://www.nissan-global.com/EN/HERITAGE_COLLECTION/datsun_2000_roadster.html,transmission,"5-speed, floor shift"
Fairlady,217,Datsun 2000 Sports (1968: SRL311),1968,https://www.nissan-global.com/EN/HERITAGE_COLLECTION/datsun_2000_roadster.html,suspension_front_rear,"Coil, leaf"
Fairlady,217,Datsun 2000 Sports (1968: SRL311),1968,https://www.nissan-global.com/EN/HERITAGE_COLLECTION/datsun_2000_roadster.html,brakes_front_rear,Disc/Drum
Fairlady,217,Datsun 2000 Sports (1968: SRL311),1968,https://www.nissan-global.com/EN/HERITAGE_COLLECTION/datsun_2000_roadster.html,tires,6.45H-14-4PR (front & rear)
Fairlady,279,Datsun 1600 Sports (1968 : SPL311),1968,https://www.nissan-global.com/EN/HERITAGE_COLLECTION/datsun_1600_roadster.html,overall_length_width_height,"3,955/1,495/1,325mm"
Fairlady,279,Datsun 1600 Sports (1968 : SPL311),1968,https://www.nissan-global.com/EN/HERITAGE_COLLECTION/datsun_1600_roadster.html,wheelbase,"2,280mm"
Fairlady,279,Datsun 1600 Sports (1968 : SPL311),1968,https://www.nissan-global.com/EN/HERITAGE_COLLECTION/datsun_1600_roadster.html,tread_front_rear,"1,275/1,200mm"
Fairlady,279,Datsun 1600 Sports (1968 : SPL311),1968,https://www.nissan-global.com/EN/HERITAGE_COLLECTION/datsun_1600_roadster.html,engine,"R (4-cyl. in-line, OHV), 1,595cc"
Fairlady,279,Datsun 1600 Sports (1968 : SPL311),1968,https://www.nissan-global.com/EN/HERITAGE_COLLECTION/datsun_1600_roadster.html,enginemax_power,"66kW (90PS)/6,000rpm"
Fairlady,279,Datsun 1600 Sports (1968 : SPL311),1968,https://www.nissan-global.com/EN/HERITAGE_COLLECTION/datsun_1600_roadster.html,enginemax_torque,"132Nm (13.5kgm)/4,000rpm"
Fairlady,279,Datsun 1600 Sports (1968 : SPL311),1968,https://www.nissan-global.com/EN/HERITAGE_COLLECTION/datsun_1600_roadster.html,transmission,"4-speed, floor shift"
Fairlady,279,Datsun 1600 Sports (1968 : SPL311),1968,https://www.nissan-global.com/EN/HERITAGE_COLLECTION/datsun_1600_roadster.html,suspension_front_rear,Double wishbone / Parallel leaf
Fairlady,279,Datsun 1600 Sports (1968 : SPL311),1968,https://www.nissan-global.com/EN/HERITAGE_COLLECTION/datsun_1600_roadster.html,brakes_front_rear,Disc/Drum
Fairlady,279,Datsun 1600 Sports (1968 : SPL311),1968,https://www.nissan-global.com/EN/HERITAGE_COLLECTION/datsun_1600_roadster.html,tires,5.60S-14-4PR
Fairlady Z,221,Fairlady Z432 (1969 : PS30),1969,https://www.nissan-global.com/EN/HERITAGE_COLLECTION/fairlady_z_432.html,overall_length_width_height,"4,115/1,630/1,290mm"
Fairlady Z,221,Fairlady Z432 (1969 : PS30),1969,https://www.nissan-global.com/EN/HERITAGE_COLLECTION/fairlady_z_432.html,wheelbase,"2,305mm"
Fairlady Z,221,Fairlady Z432 (1969 : PS30),1969,https://www.nissan-global.com/EN/HERITAGE_COLLECTION/fairlady_z_432.html,tread_front_rear,"1,355/1,345mm"
Fairlady Z,221,Fairlady Z432 (1969 : PS30),1969,https://www.nissan-global.com/EN/HERITAGE_COLLECTION/fairlady_z_432.html,curb_weight,"1,040kg"
Fairlady Z,221,Fairlady Z432 (1969 : PS30),1969,https://www.nissan-global.com/EN/HERITAGE_COLLECTION/fairlady_z_432.html,engine,"S20 (6-cyl. in line 4-valve DOHC), 1,989cc"
Fairlady Z,221,Fairlady Z432 (1969 : PS30),1969,https://www.nissan-global.com/EN/HERITAGE_COLLECTION/fairlady_z_432.html,engine_max_power,"118kW(160ps)/7,000rpm"
Fairlady Z,221,Fairlady Z432 (1969 : PS30),1969,https://www.nissan-global.com/EN/HERITAGE_COLLECTION/fairlady_z_432.html,engine_max_torque,"177Nm(18.0kgfm)/5,600rpm"
Fairlady Z,221,Fairlady Z432 (1969 : PS30),1969,https://www.nissan-global.com/EN/HERITAGE_COLLECTION/fairlady_z_432.html,suspension_front_rear,Strut / Strut (independent)
Fairlady Z,221,Fairlady Z432 (1969 : PS30),1969,https://www.nissan-global.com/EN/HERITAGE_COLLECTION/fairlady_z_432.html,brakes_front_rear,Disc / Drum (finned aluminum)
Fairlady Z,221,Fairlady Z432 (1969 : PS30),1969,https://www.nissan-global.com/EN/HERITAGE_COLLECTION/fairlady_z_432.html,tires,6.95-H14-4PR
Fairlady Z,060,Datsun 240Z (1971 : HS30),1971,https://www.nissan-global.com/EN/HERITAGE_COLLECTION/060_datsun_240z.html,overall_length_width_height,"4,115/1,630/1,305mm"
Fairlady Z,060,Datsun 240Z (1971 : HS30),1971,https://www.nissan-global.com/EN/HERITAGE_COLLECTION/060_datsun_240z.html,wheelbase,"2,305mm"
Fairlady Z,060,Datsun 240Z (1971 : HS30),1971,https://www.nissan-global.com/EN/HERITAGE_COLLECTION/060_datsun_240z.html,tread_front_rear,"1,355/1,345mm"
Fairlady Z,060,Datsun 240Z (1971 : HS30),1971,https://www.nissan-global.com/EN/HERITAGE_COLLECTION/060_datsun_240z.html,curb_weight,"1,000kg"
Fairlady Z,060,Datsun 240Z (1971 : HS30),1971,https://www.nissan-global.com/EN/HERITAGE_COLLECTION/060_datsun_240z.html,engine,"L24 (6-cyl. in line OHC) 2,393cc"
Fairlady Z,060,Datsun 240Z (1971 : HS30),1971,https://www.nissan-global.com/EN/HERITAGE_COLLECTION/060_datsun_240z.html,engine_max_power,"154kW(210ps)/6,800rpm"
Fairlady Z,060,Datsun 240Z (1971 : HS30),1971,https://www.nissan-global.com/EN/HERITAGE_COLLECTION/060_datsun_240z.html,engine_max_torque,"230Nm(23.5kgfm)/6,000rpm"
Fairlady Z,060,Datsun 240Z (1971 : HS30),1971,https://www.nissan-global.com/EN/HERITAGE_COLLECTION/060_datsun_240z.html,suspension_front_rear,Strut / Strut (independent)
Fairlady Z,060,Datsun 240Z (1971 : HS30),1971,https://www.nissan-global.com/EN/HERITAGE_COLLECTION/060_datsun_240z.html,brakes_front_rear,Ventilated disc / Drum (finned aluminum)
Fairlady Z,060,Datsun 240Z (1971 : HS30),1971,https://www.nissan-global.com/EN/HERITAGE_COLLECTION/060_datsun_240z.html,tires,FR70-14DUNLOP SP44(PW51)
Fairlady Z,061,Datsun 240Z (1972 : HLS30),1972,https://www.nissan-global.com/EN/HERITAGE_COLLECTION/datsun_240z_061.html,overall_length_width_height,"4,115/1,630/1,290mm"
Fairlady Z,061,Datsun 240Z (1972 : HLS30),1972,https://www.nissan-global.com/EN/HERITAGE_COLLECTION/datsun_240z_061.html,wheelbase,"2,305mm"
Fairlady Z,061,Datsun 240Z (1972 : HLS30),1972,https://www.nissan-global.com/EN/HERITAGE_COLLECTION/datsun_240z_061.html,tread_front_rear,"1,355/1,345mm"
Fairlady Z,061,Datsun 240Z (1972 : HLS30),1972,https://www.nissan-global.com/EN/HERITAGE_COLLECTION/datsun_240z_061.html,curb_weight,"1,050kg"
Fairlady Z,061,Datsun 240Z (1972 : HLS30),1972,https://www.nissan-global.com/EN/HERITAGE_COLLECTION/datsun_240z_061.html,engine,"L24 (6-cyl. in line OHC) 2,393cc"
Fairlady Z,061,Datsun 240Z (1972 : HLS30),1972,https://www.nissan-global.com/EN/HERITAGE_COLLECTION/datsun_240z_061.html,engine_max_power,"162kW(220ps)/7,200rpm"
Fairlady Z,061,Datsun 240Z (1972 : HLS30),1972,https://www.nissan-global.com/EN/HERITAGE_COLLECTION/datsun_240z_061.html,engine_max_torque,"230Nm(24.0kgfm)/6,400rpm"
Fairlady Z,061,Datsun 240Z (1972 : HLS30),1972,https://www.nissan-global.com/EN/HERITAGE_COLLECTION/datsun_240z_061.html,suspension_front_rear,Strut / Strut (independent)
Fairlady Z,061,Datsun 240Z (1972 : HLS30),1972,https://www.nissan-global.com/EN/HERITAGE_COLLECTION/datsun_240z_061.html,brakes_front_rear,Ventilated disc / Drum (finned aluminum)
Fairlady Z,061,Datsun 240Z (1972 : HLS30),1972,https://www.nissan-global.com/EN/HERITAGE_COLLECTION/datsun_240z_061.html,tires,FR70-14 DUNLOP SP44(PW72+spikes/PW52 R7)
Fairlady Z,329,Fairlady 240ZG Highway Police car (1972 : HS30rev.),1972,https://www.nissan-global.com/EN/HERITAGE_COLLECTION/fairlady_240z_g.html,overall_length_width_height,"4,305/1,690/1,285mm"
Fairlady Z,329,Fairlady 240ZG Highway Police car (1972 : HS30rev.),1972,https://www.nissan-global.com/EN/HERITAGE_COLLECTION/fairlady_240z_g.html,wheelbase,"2,305mm"
Fairlady Z,329,Fairlady 240ZG Highway Police car (1972 : HS30rev.),1972,https://www.nissan-global.com/EN/HERITAGE_COLLECTION/fairlady_240z_g.html,tread_front_rear,"1,355/1,345mm"
Fairlady Z,329,Fairlady 240ZG Highway Police car (1972 : HS30rev.),1972,https://www.nissan-global.com/EN/HERITAGE_COLLECTION/fairlady_240z_g.html,curb_weight,"1,010kg"
Fairlady Z,329,Fairlady 240ZG Highway Police car (1972 : HS30rev.),1972,https://www.nissan-global.com/EN/HERITAGE_COLLECTION/fairlady_240z_g.html,engine,"L24 (6-cyl. in line OHC) 2,393cc"
Fairlady Z,329,Fairlady 240ZG Highway Police car (1972 : HS30rev.),1972,https://www.nissan-global.com/EN/HERITAGE_COLLECTION/fairlady_240z_g.html,engine_max_power,"110kW (150ps)/5,600rpm"
Fairlady Z,329,Fairlady 240ZG Highway Police car (1972 : HS30rev.),1972,https://www.nissan-global.com/EN/HERITAGE_COLLECTION/fairlady_240z_g.html,engine_max_torque,"206Nm(21.0kgfm)/4,800rpm"
Fairlady Z,329,Fairlady 240ZG Highway Police car (1972 : HS30rev.),1972,https://www.nissan-global.com/EN/HERITAGE_COLLECTION/fairlady_240z_g.html,suspension_front_rear,Strut / Strut (independent)
Fairlady Z,329,Fairlady 240ZG Highway Police car (1972 : HS30rev.),1972,https://www.nissan-global.com/EN/HERITAGE_COLLECTION/fairlady_240z_g.html,brakes_front_rear,Disc / Drum (finned aluminum)
Fairlady Z,329,Fairlady 240ZG Highway Police car (1972 : HS30rev.),1972,https://www.nissan-global.com/EN/HERITAGE_COLLECTION/fairlady_240z_g.html,tires,175HR14
Fairlady Z,340,Fairlady 240ZG (1972 : HS30),1972,https://www.nissan-global.com/EN/HERITAGE_COLLECTION/340_fairlady_240zg.html,overall_length_width_height,"4,305/1,690/1,285mm"
Fairlady Z,340,Fairlady 240ZG (1972 : HS30),1972,https://www.nissan-global.com/EN/HERITAGE_COLLECTION/340_fairlady_240zg.html,wheelbase,"2,305mm"
Fairlady Z,340,Fairlady 240ZG (1972 : HS30),1972,https://www.nissan-global.com/EN/HERITAGE_COLLECTION/340_fairlady_240zg.html,tread_front_rear,"1,355/1,345mm"
Fairlady Z,340,Fairlady 240ZG (1972 : HS30),1972,https://www.nissan-global.com/EN/HERITAGE_COLLECTION/340_fairlady_240zg.html,curb_weight,"1,010kg"
Fairlady Z,340,Fairlady 240ZG (1972 : HS30),1972,https://www.nissan-global.com/EN/HERITAGE_COLLECTION/340_fairlady_240zg.html,engine,"L24 (6-cyl. in-line OHC), 2,393cc"
Fairlady Z,340,Fairlady 240ZG (1972 : HS30),1972,https://www.nissan-global.com/EN/HERITAGE_COLLECTION/340_fairlady_240zg.html,engine_max_power,"110kW (150ps)/5,600rpm"
Fairlady Z,340,Fairlady 240ZG (1972 : HS30),1972,https://www.nissan-global.com/EN/HERITAGE_COLLECTION/340_fairlady_240zg.html,engine_max_torque,"206Nm (21.0kgm)/4,800rpm"
Fairlady Z,340,Fairlady 240ZG (1972 : HS30),1972,https://www.nissan-global.com/EN/HERITAGE_COLLECTION/340_fairlady_240zg.html,suspension_front_rear,Strut / Strut (independent)
Fairlady Z,340,Fairlady 240ZG (1972 : HS30),1972,https://www.nissan-global.com/EN/HERITAGE_COLLECTION/340_fairlady_240zg.html,brakes_front_rear,Disc / Drum (finned aluminum)
Fairlady Z,340,Fairlady 240ZG (1972 : HS30),1972,https://www.nissan-global.com/EN/HERITAGE_COLLECTION/340_fairlady_240zg.html,tires,175HR14
Fairlady Z,141,Datsun 240Z (1973 : HLS30),1973,https://www.nissan-global.com/EN/HERITAGE_COLLECTION/datsun_240z.html,overall_length_width_height,"4,115/1,630/1,305mm"
Fairlady Z,141,Datsun 240Z (1973 : HLS30),1973,https://www.nissan-global.com/EN/HERITAGE_COLLECTION/datsun_240z.html,wheelbase,"2,305mm"
Fairlady Z,141,Datsun 240Z (1973 : HLS30),1973,https://www.nissan-global.com/EN/HERITAGE_COLLECTION/datsun_240z.html,tread_front_rear,"1,355/1,345mm"
Fairlady Z,141,Datsun 240Z (1973 : HLS30),1973,https://www.nissan-global.com/EN/HERITAGE_COLLECTION/datsun_240z.html,curb_weight,"1,100kg"
Fairlady Z,141,Datsun 240Z (1973 : HLS30),1973,https://www.nissan-global.com/EN/HERITAGE_COLLECTION/datsun_240z.html,engine,"L24 (6-cyl. in line, OHC), 2,497cc"
Fairlady Z,141,Datsun 240Z (1973 : HLS30),1973,https://www.nissan-global.com/EN/HERITAGE_COLLECTION/datsun_240z.html,engine_max_power,"165W (225PS)/7,200rpm"
Fairlady Z,141,Datsun 240Z (1973 : HLS30),1973,https://www.nissan-global.com/EN/HERITAGE_COLLECTION/datsun_240z.html,engine_max_torque,"250Nm (25.5kgm)/4,800rpm"
Fairlady Z,141,Datsun 240Z (1973 : HLS30),1973,https://www.nissan-global.com/EN/HERITAGE_COLLECTION/datsun_240z.html,engine_carburetors,Solex 44PHH (x3)
Fairlady Z,141,Datsun 240Z (1973 : HLS30),1973,https://www.nissan-global.com/EN/HERITAGE_COLLECTION/datsun_240z.html,transmission,"5-speed, direct-coupled"
Fairlady Z,141,Datsun 240Z (1973 : HLS30),1973,https://www.nissan-global.com/EN/HERITAGE_COLLECTION/datsun_240z.html,suspension,Strut (front & rear)
Fairlady Z,141,Datsun 240Z (1973 : HLS30),1973,https://www.nissan-global.com/EN/HERITAGE_COLLECTION/datsun_240z.html,brakes_front_rear,Disc/drum
Fairlady Z,141,Datsun 240Z (1973 : HLS30),1973,https://www.nissan-global.com/EN/HERITAGE_COLLECTION/datsun_240z.html,tires_dl_pw81,FR70-14 (front & rear)
Fairlady Z,141,Datsun 240Z (1973 : HLS30),1973,https://www.nissan-global.com/EN/HERITAGE_COLLECTION/datsun_240z.html,fuel_tank_capacity,100 liters
Fairlady Z,059,Fairlady 240Z (1973 : HS30),1973,https://www.nissan-global.com/EN/HERITAGE_COLLECTION/fairlady_240z_059.html,overall_length_width_height,"4,305/1,790/1,250mm"
Fairlady Z,059,Fairlady 240Z (1973 : HS30),1973,https://www.nissan-global.com/EN/HERITAGE_COLLECTION/fairlady_240z_059.html,wheelbase,"2,305mm"
Fairlady Z,059,Fairlady 240Z (1973 : HS30),1973,https://www.nissan-global.com/EN/HERITAGE_COLLECTION/fairlady_240z_059.html,tread_front_rear,"1,475/1,515mm"
Fairlady Z,059,Fairlady 240Z (1973 : HS30),1973,https://www.nissan-global.com/EN/HERITAGE_COLLECTION/fairlady_240z_059.html,engine,"LY28 (6-cyl. in line, OHC), 2,870cc"
Fairlady Z,059,Fairlady 240Z (1973 : HS30),1973,https://www.nissan-global.com/EN/HERITAGE_COLLECTION/fairlady_240z_059.html,enginemax_power,"221W (300PS)/7,600rpm"
Fairlady Z,059,Fairlady 240Z (1973 : HS30),1973,https://www.nissan-global.com/EN/HERITAGE_COLLECTION/fairlady_240z_059.html,enginemax_torque,"314Nm (32.0kgm)/6,400rpm"
Fairlady Z,059,Fairlady 240Z (1973 : HS30),1973,https://www.nissan-global.com/EN/HERITAGE_COLLECTION/fairlady_240z_059.html,engine_carburetors,Solex 50PHH (x3)
Fairlady Z,059,Fairlady 240Z (1973 : HS30),1973,https://www.nissan-global.com/EN/HERITAGE_COLLECTION/fairlady_240z_059.html,suspension,Strut (front & rear)
Fairlady Z,059,Fairlady 240Z (1973 : HS30),1973,https://www.nissan-global.com/EN/HERITAGE_COLLECTION/fairlady_240z_059.html,brakes_front_rear,Disc/drum
Fairlady Z,059,Fairlady 240Z (1973 : HS30),1973,https://www.nissan-global.com/EN/HERITAGE_COLLECTION/fairlady_240z_059.html,tires_front_rear,"235/575-15, 340/575-15"
Fairlady Z,241,Nissan Fairlady Z-T (1977: S31),1977,https://www.nissan-global.com/EN/HERITAGE_COLLECTION/fairlady_z_l.html,overall_length_width_height,"4,115/1,630/1,295mm"
Fairlady Z,241,Nissan Fairlady Z-T (1977: S31),1977,https://www.nissan-global.com/EN/HERITAGE_COLLECTION/fairlady_z_l.html,wheelbase,"2,305mm"
Fairlady Z,241,Nissan Fairlady Z-T (1977: S31),1977,https://www.nissan-global.com/EN/HERITAGE_COLLECTION/fairlady_z_l.html,tread,"1,355/1,345mm"
Fairlady Z,241,Nissan Fairlady Z-T (1977: S31),1977,https://www.nissan-global.com/EN/HERITAGE_COLLECTION/fairlady_z_l.html,curb_weight,"1,135kg"
Fairlady Z,241,Nissan Fairlady Z-T (1977: S31),1977,https://www.nissan-global.com/EN/HERITAGE_COLLECTION/fairlady_z_l.html,engine,"L20E (6-cyl. inline, OHC) 1,998cc"
Fairlady Z,241,Nissan Fairlady Z-T (1977: S31),1977,https://www.nissan-global.com/EN/HERITAGE_COLLECTION/fairlady_z_l.html,engine_max_power,"96kW(130ps)/6,000rpm"
Fairlady Z,241,Nissan Fairlady Z-T (1977: S31),1977,https://www.nissan-global.com/EN/HERITAGE_COLLECTION/fairlady_z_l.html,engine_max_torque,"167N·m (17.0kgm)/4,400rpm"
Fairlady Z,241,Nissan Fairlady Z-T (1977: S31),1977,https://www.nissan-global.com/EN/HERITAGE_COLLECTION/fairlady_z_l.html,suspension_front_rear,Strut/Strut (independent)
Fairlady Z,241,Nissan Fairlady Z-T (1977: S31),1977,https://www.nissan-global.com/EN/HERITAGE_COLLECTION/fairlady_z_l.html,brakes_front_rear,Disc/Drum (finned aluminum)
Fairlady Z,241,Nissan Fairlady Z-T (1977: S31),1977,https://www.nissan-global.com/EN/HERITAGE_COLLECTION/fairlady_z_l.html,tires,6.45H-14-4PR
Fairlady Z,075,Fairlady Z-T (1977 : S31),1977,https://www.nissan-global.com/EN/HERITAGE_COLLECTION/Fairlady_z_t.html,overall_length_width_height,"4,115/1,630/1,295mm"
Fairlady Z,075,Fairlady Z-T (1977 : S31),1977,https://www.nissan-global.com/EN/HERITAGE_COLLECTION/Fairlady_z_t.html,wheelbase,"2,305mm"
Fairlady Z,075,Fairlady Z-T (1977 : S31),1977,https://www.nissan-global.com/EN/HERITAGE_COLLECTION/Fairlady_z_t.html,tread_front_rear,"1,355/1,345mm"
Fairlady Z,075,Fairlady Z-T (1977 : S31),1977,https://www.nissan-global.com/EN/HERITAGE_COLLECTION/Fairlady_z_t.html,curb_weight,"1,135kg"
Fairlady Z,075,Fairlady Z-T (1977 : S31),1977,https://www.nissan-global.com/EN/HERITAGE_COLLECTION/Fairlady_z_t.html,engine,"L20E (V6, OHC), 1,998cc"
Fairlady Z,075,Fairlady Z-T (1977 : S31),1977,https://www.nissan-global.com/EN/HERITAGE_COLLECTION/Fairlady_z_t.html,engine_max_power,"96kW (130PS)/6,000rpm"
Fairlady Z,075,Fairlady Z-T (1977 : S31),1977,https://www.nissan-global.com/EN/HERITAGE_COLLECTION/Fairlady_z_t.html,engine_max_torque,"167Nm (17.0kgm)/4,400rpm"
Fairlady Z,075,Fairlady Z-T (1977 : S31),1977,https://www.nissan-global.com/EN/HERITAGE_COLLECTION/Fairlady_z_t.html,suspension_front,Strut
Fairlady Z,075,Fairlady Z-T (1977 : S31),1977,https://www.nissan-global.com/EN/HERITAGE_COLLECTION/Fairlady_z_t.html,suspension_rear,Strut
Fairlady Z,075,Fairlady Z-T (1977 : S31),1977,https://www.nissan-global.com/EN/HERITAGE_COLLECTION/Fairlady_z_t.html,tires,195/70HR14 (front & rear)
Fairlady Z,237,Fairlady 280Z-L (1978 : HS130),1978,https://www.nissan-global.com/EN/HERITAGE_COLLECTION/fairlady_280z_l.html,overall_length_width_height,"4,420/1,690/1,295mm"
Fairlady Z,237,Fairlady 280Z-L (1978 : HS130),1978,https://www.nissan-global.com/EN/HERITAGE_COLLECTION/fairlady_280z_l.html,wheelbase,"2,320mm"
Fairlady Z,237,Fairlady 280Z-L (1978 : HS130),1978,https://www.nissan-global.com/EN/HERITAGE_COLLECTION/fairlady_280z_l.html,tread_front_rear,"1,385/1,380mm"
Fairlady Z,237,Fairlady 280Z-L (1978 : HS130),1978,https://www.nissan-global.com/EN/HERITAGE_COLLECTION/fairlady_280z_l.html,curb_weight,"1,225kg"
Fairlady Z,237,Fairlady 280Z-L (1978 : HS130),1978,https://www.nissan-global.com/EN/HERITAGE_COLLECTION/fairlady_280z_l.html,engine,"L28E (6-cyl. in line, OHC), 2,753cc"
Fairlady Z,237,Fairlady 280Z-L (1978 : HS130),1978,https://www.nissan-global.com/EN/HERITAGE_COLLECTION/fairlady_280z_l.html,engine_max_power,"107W (145PS)/5,200rpm"
Fairlady Z,237,Fairlady 280Z-L (1978 : HS130),1978,https://www.nissan-global.com/EN/HERITAGE_COLLECTION/fairlady_280z_l.html,engine_max_torque,"226Nm (23kgm)/4,000rpm"
Fairlady Z,237,Fairlady 280Z-L (1978 : HS130),1978,https://www.nissan-global.com/EN/HERITAGE_COLLECTION/fairlady_280z_l.html,transmission,"5-speed, floor shift"
Fairlady Z,237,Fairlady 280Z-L (1978 : HS130),1978,https://www.nissan-global.com/EN/HERITAGE_COLLECTION/fairlady_280z_l.html,suspension_front_rear,"Strut, semi trailing-arm"
Fairlady Z,237,Fairlady 280Z-L (1978 : HS130),1978,https://www.nissan-global.com/EN/HERITAGE_COLLECTION/fairlady_280z_l.html,brakes_front_rear,"Ventilated disc, disc"
Fairlady Z,237,Fairlady 280Z-L (1978 : HS130),1978,https://www.nissan-global.com/EN/HERITAGE_COLLECTION/fairlady_280z_l.html,tires,195/70HR14 (front & rear)
Fairlady Z,248,Fairlady 280Z-T (1981 : HGS130),1981,https://www.nissan-global.com/EN/HERITAGE_COLLECTION/fairlady_280z_t.html,overall_length_width_height,"4,620/1,690/1,305mm"
Fairlady Z,248,Fairlady 280Z-T (1981 : HGS130),1981,https://www.nissan-global.com/EN/HERITAGE_COLLECTION/fairlady_280z_t.html,wheelbase,"2,520mm"
Fairlady Z,248,Fairlady 280Z-T (1981 : HGS130),1981,https://www.nissan-global.com/EN/HERITAGE_COLLECTION/fairlady_280z_t.html,tread_front_rear,"1,385/1,380mm"
Fairlady Z,248,Fairlady 280Z-T (1981 : HGS130),1981,https://www.nissan-global.com/EN/HERITAGE_COLLECTION/fairlady_280z_t.html,curb_weight,"1,225kg"
Fairlady Z,248,Fairlady 280Z-T (1981 : HGS130),1981,https://www.nissan-global.com/EN/HERITAGE_COLLECTION/fairlady_280z_t.html,engine,"L28E (6-cyl. in line, OHC), 2,753cc"
Fairlady Z,248,Fairlady 280Z-T (1981 : HGS130),1981,https://www.nissan-global.com/EN/HERITAGE_COLLECTION/fairlady_280z_t.html,engine_max_power,"107W (145PS)/5,200rpm"
Fairlady Z,248,Fairlady 280Z-T (1981 : HGS130),1981,https://www.nissan-global.com/EN/HERITAGE_COLLECTION/fairlady_280z_t.html,engine_max_torque,"226Nm (23kgm)/4,000rpm"
Fairlady Z,248,Fairlady 280Z-T (1981 : HGS130),1981,https://www.nissan-global.com/EN/HERITAGE_COLLECTION/fairlady_280z_t.html,transmission,"3-speed AT, floor shift"
Fairlady Z,248,Fairlady 280Z-T (1981 : HGS130),1981,https://www.nissan-global.com/EN/HERITAGE_COLLECTION/fairlady_280z_t.html,suspension,"Strut, semi trailing-arm"
Fairlady Z,248,Fairlady 280Z-T (1981 : HGS130),1981,https://www.nissan-global.com/EN/HERITAGE_COLLECTION/fairlady_280z_t.html,brakes,"Ventilated disc, disc"
Fairlady Z,248,Fairlady 280Z-T (1981 : HGS130),1981,https://www.nissan-global.com/EN/HERITAGE_COLLECTION/fairlady_280z_t.html,tires_front_and_rear,195/70HR14 (6J aluminum)
Fairlady Z,464,Nissan Fairlady 280Z-T 2-seater T-top (1982: HS130),1982,https://www.nissan-global.com/EN/HERITAGE_COLLECTION/464_fairlady_280z_t_2_seater_t_top.html,overall_length_width_height,"4,420/1,690/1,295mm"
Fairlady Z,464,Nissan Fairlady 280Z-T 2-seater T-top (1982: HS130),1982,https://www.nissan-global.com/EN/HERITAGE_COLLECTION/464_fairlady_280z_t_2_seater_t_top.html,wheelbase,"2,320mm"
Fairlady Z,464,Nissan Fairlady 280Z-T 2-seater T-top (1982: HS130),1982,https://www.nissan-global.com/EN/HERITAGE_COLLECTION/464_fairlady_280z_t_2_seater_t_top.html,tread_front_rear,"1,395/1,390mm"
Fairlady Z,464,Nissan Fairlady 280Z-T 2-seater T-top (1982: HS130),1982,https://www.nissan-global.com/EN/HERITAGE_COLLECTION/464_fairlady_280z_t_2_seater_t_top.html,curb_weight,"1,280kg"
Fairlady Z,464,Nissan Fairlady 280Z-T 2-seater T-top (1982: HS130),1982,https://www.nissan-global.com/EN/HERITAGE_COLLECTION/464_fairlady_280z_t_2_seater_t_top.html,engine,"L28E (6-cyl. inline, OHC) 2,753cc"
Fairlady Z,464,Nissan Fairlady 280Z-T 2-seater T-top (1982: HS130),1982,https://www.nissan-global.com/EN/HERITAGE_COLLECTION/464_fairlady_280z_t_2_seater_t_top.html,engine_max_power,"114kw (155ps)/5,200rpm"
Fairlady Z,464,Nissan Fairlady 280Z-T 2-seater T-top (1982: HS130),1982,https://www.nissan-global.com/EN/HERITAGE_COLLECTION/464_fairlady_280z_t_2_seater_t_top.html,engine_max_torque,"230N·m (23.5kgf·m)/4,000rpm"
Fairlady Z,464,Nissan Fairlady 280Z-T 2-seater T-top (1982: HS130),1982,https://www.nissan-global.com/EN/HERITAGE_COLLECTION/464_fairlady_280z_t_2_seater_t_top.html,suspension_front_rear,Strut/Semi-trailing arm (independent)
Fairlady Z,464,Nissan Fairlady 280Z-T 2-seater T-top (1982: HS130),1982,https://www.nissan-global.com/EN/HERITAGE_COLLECTION/464_fairlady_280z_t_2_seater_t_top.html,brakes_front_rear,Ventilated disc/Disc
Fairlady Z,464,Nissan Fairlady 280Z-T 2-seater T-top (1982: HS130),1982,https://www.nissan-global.com/EN/HERITAGE_COLLECTION/464_fairlady_280z_t_2_seater_t_top.html,tires,195/70HR14
Fairlady Z,100,"Fairlady Z 300ZX, Japanese Rally Championship in 1985 (1985 : HZ31)",1985,https://www.nissan-global.com/EN/HERITAGE_COLLECTION/fairlady_z_300zx_100.html,overall_length_width_height,"4,335/1,725/1,295mm"
Fairlady Z,100,"Fairlady Z 300ZX, Japanese Rally Championship in 1985 (1985 : HZ31)",1985,https://www.nissan-global.com/EN/HERITAGE_COLLECTION/fairlady_z_300zx_100.html,wheelbase,"2,320mm"
Fairlady Z,100,"Fairlady Z 300ZX, Japanese Rally Championship in 1985 (1985 : HZ31)",1985,https://www.nissan-global.com/EN/HERITAGE_COLLECTION/fairlady_z_300zx_100.html,tread_front_rear,"1,415/1,435mm"
Fairlady Z,100,"Fairlady Z 300ZX, Japanese Rally Championship in 1985 (1985 : HZ31)",1985,https://www.nissan-global.com/EN/HERITAGE_COLLECTION/fairlady_z_300zx_100.html,curb_weight,"1,325kg"
Fairlady Z,100,"Fairlady Z 300ZX, Japanese Rally Championship in 1985 (1985 : HZ31)",1985,https://www.nissan-global.com/EN/HERITAGE_COLLECTION/fairlady_z_300zx_100.html,engine,"VG30ET (V6, OHC), 2,960cc"
Fairlady Z,100,"Fairlady Z 300ZX, Japanese Rally Championship in 1985 (1985 : HZ31)",1985,https://www.nissan-global.com/EN/HERITAGE_COLLECTION/fairlady_z_300zx_100.html,engine_max_power,"169W (230PS)/5,200rpm"
Fairlady Z,100,"Fairlady Z 300ZX, Japanese Rally Championship in 1985 (1985 : HZ31)",1985,https://www.nissan-global.com/EN/HERITAGE_COLLECTION/fairlady_z_300zx_100.html,engine_max_torque,"333Nm (34kgm)/3,600rpm"
Fairlady Z,100,"Fairlady Z 300ZX, Japanese Rally Championship in 1985 (1985 : HZ31)",1985,https://www.nissan-global.com/EN/HERITAGE_COLLECTION/fairlady_z_300zx_100.html,suspension_front_rear,"Strut, semi trailing-arm"
Fairlady Z,100,"Fairlady Z 300ZX, Japanese Rally Championship in 1985 (1985 : HZ31)",1985,https://www.nissan-global.com/EN/HERITAGE_COLLECTION/fairlady_z_300zx_100.html,brakes,Disc (front & rear)
Fairlady Z,100,"Fairlady Z 300ZX, Japanese Rally Championship in 1985 (1985 : HZ31)",1985,https://www.nissan-global.com/EN/HERITAGE_COLLECTION/fairlady_z_300zx_100.html,tires,215/60R 15 90H (front & rear)
Fairlady Z,472,NISSAN 300ZX Turbo T-top 50th Anniversary (1983 : HZ31),1983,https://www.nissan-global.com/EN/HERITAGE_COLLECTION/nissan_300ZX_50th.html,overall_length_width_height,"4,335/ - /1,295mm"
Fairlady Z,472,NISSAN 300ZX Turbo T-top 50th Anniversary (1983 : HZ31),1983,https://www.nissan-global.com/EN/HERITAGE_COLLECTION/nissan_300ZX_50th.html,wheelbase,"2,320mm"
Fairlady Z,472,NISSAN 300ZX Turbo T-top 50th Anniversary (1983 : HZ31),1983,https://www.nissan-global.com/EN/HERITAGE_COLLECTION/nissan_300ZX_50th.html,tread,"1,415/1,435mm"
Fairlady Z,472,NISSAN 300ZX Turbo T-top 50th Anniversary (1983 : HZ31),1983,https://www.nissan-global.com/EN/HERITAGE_COLLECTION/nissan_300ZX_50th.html,curb_weight,- kg
Fairlady Z,472,NISSAN 300ZX Turbo T-top 50th Anniversary (1983 : HZ31),1983,https://www.nissan-global.com/EN/HERITAGE_COLLECTION/nissan_300ZX_50th.html,engine,"VG30ET (V6, OHC with turbo), 2,960cc"
Fairlady Z,472,NISSAN 300ZX Turbo T-top 50th Anniversary (1983 : HZ31),1983,https://www.nissan-global.com/EN/HERITAGE_COLLECTION/nissan_300ZX_50th.html,engine_max_power,"147kw(200ps)/5,200rpm"
Fairlady Z,472,NISSAN 300ZX Turbo T-top 50th Anniversary (1983 : HZ31),1983,https://www.nissan-global.com/EN/HERITAGE_COLLECTION/nissan_300ZX_50th.html,engine_max_torque,"308N·m(31,4kgf·m)/3,600rpm"
Fairlady Z,472,NISSAN 300ZX Turbo T-top 50th Anniversary (1983 : HZ31),1983,https://www.nissan-global.com/EN/HERITAGE_COLLECTION/nissan_300ZX_50th.html,suspension_front_rear,Strut / Semi-trailing arm (independent)
Fairlady Z,472,NISSAN 300ZX Turbo T-top 50th Anniversary (1983 : HZ31),1983,https://www.nissan-global.com/EN/HERITAGE_COLLECTION/nissan_300ZX_50th.html,brakes_front_rear,Ventilated disc / Disc
Fairlady Z,472,NISSAN 300ZX Turbo T-top 50th Anniversary (1983 : HZ31),1983,https://www.nissan-global.com/EN/HERITAGE_COLLECTION/nissan_300ZX_50th.html,tires,215/60R15
Fairlady Z,236,Fairlady 200ZG (1985 : GZ31),1985,https://www.nissan-global.com/EN/HERITAGE_COLLECTION/fairlady_200zg.html,overall_length_width_height,"4,535/1,690/1,310mm"
Fairlady Z,236,Fairlady 200ZG (1985 : GZ31),1985,https://www.nissan-global.com/EN/HERITAGE_COLLECTION/fairlady_200zg.html,wheelbase,"2,520mm"
Fairlady Z,236,Fairlady 200ZG (1985 : GZ31),1985,https://www.nissan-global.com/EN/HERITAGE_COLLECTION/fairlady_200zg.html,tread_front_rear,"1,415/1,435mm"
Fairlady Z,236,Fairlady 200ZG (1985 : GZ31),1985,https://www.nissan-global.com/EN/HERITAGE_COLLECTION/fairlady_200zg.html,curb_weight,"1,270kg"
Fairlady Z,236,Fairlady 200ZG (1985 : GZ31),1985,https://www.nissan-global.com/EN/HERITAGE_COLLECTION/fairlady_200zg.html,engine,"VG20E (V6, OHC), 1,998cc"
Fairlady Z,236,Fairlady 200ZG (1985 : GZ31),1985,https://www.nissan-global.com/EN/HERITAGE_COLLECTION/fairlady_200zg.html,engine_max_power,"125kW (170PS)/6,000rpm"
Fairlady Z,236,Fairlady 200ZG (1985 : GZ31),1985,https://www.nissan-global.com/EN/HERITAGE_COLLECTION/fairlady_200zg.html,engine_max_torque,"216Nm (22kgm)/3,600rpm"
Fairlady Z,236,Fairlady 200ZG (1985 : GZ31),1985,https://www.nissan-global.com/EN/HERITAGE_COLLECTION/fairlady_200zg.html,transmission,"5-speed MT, floor shift"
Fairlady Z,236,Fairlady 200ZG (1985 : GZ31),1985,https://www.nissan-global.com/EN/HERITAGE_COLLECTION/fairlady_200zg.html,suspension,"Strut, semi trailing-arm"
Fairlady Z,236,Fairlady 200ZG (1985 : GZ31),1985,https://www.nissan-global.com/EN/HERITAGE_COLLECTION/fairlady_200zg.html,brakes_front_rear,"Ventilated disc, disc"
Fairlady Z,236,Fairlady 200ZG (1985 : GZ31),1985,https://www.nissan-global.com/EN/HERITAGE_COLLECTION/fairlady_200zg.html,tires,215/60R14 (front & rear)
Fairlady Z,146,Fairlady Z 300ZX (1989 : GCZ32),1989,https://www.nissan-global.com/EN/HERITAGE_COLLECTION/fairlady_z_300zx_146.html,overall_length_width_height,"4,525/1,800/1,255mm"
Fairlady Z,146,Fairlady Z 300ZX (1989 : GCZ32),1989,https://www.nissan-global.com/EN/HERITAGE_COLLECTION/fairlady_z_300zx_146.html,wheelbase,"2,570mm"
Fairlady Z,146,Fairlady Z 300ZX (1989 : GCZ32),1989,https://www.nissan-global.com/EN/HERITAGE_COLLECTION/fairlady_z_300zx_146.html,tread_front_rear,"1,495/1,535mm"
Fairlady Z,146,Fairlady Z 300ZX (1989 : GCZ32),1989,https://www.nissan-global.com/EN/HERITAGE_COLLECTION/fairlady_z_300zx_146.html,curb_weight,"1,570kg"
Fairlady Z,146,Fairlady Z 300ZX (1989 : GCZ32),1989,https://www.nissan-global.com/EN/HERITAGE_COLLECTION/fairlady_z_300zx_146.html,engine,"VG30DET (V6, DOHC), 2,960cc"
Fairlady Z,146,Fairlady Z 300ZX (1989 : GCZ32),1989,https://www.nissan-global.com/EN/HERITAGE_COLLECTION/fairlady_z_300zx_146.html,engine_max_power,"206W (280PS)/6,400rpm"
Fairlady Z,146,Fairlady Z 300ZX (1989 : GCZ32),1989,https://www.nissan-global.com/EN/HERITAGE_COLLECTION/fairlady_z_300zx_146.html,engine_max_torque,"388Nm (39.6kgm)/3,600rpm"
Fairlady Z,146,Fairlady Z 300ZX (1989 : GCZ32),1989,https://www.nissan-global.com/EN/HERITAGE_COLLECTION/fairlady_z_300zx_146.html,transmission,5-speed MT
Fairlady Z,146,Fairlady Z 300ZX (1989 : GCZ32),1989,https://www.nissan-global.com/EN/HERITAGE_COLLECTION/fairlady_z_300zx_146.html,suspension,Multilink (front & rear)
Fairlady Z,146,Fairlady Z 300ZX (1989 : GCZ32),1989,https://www.nissan-global.com/EN/HERITAGE_COLLECTION/fairlady_z_300zx_146.html,brakes,Ventilated disc (front & rear)
Fairlady Z,146,Fairlady Z 300ZX (1989 : GCZ32),1989,https://www.nissan-global.com/EN/HERITAGE_COLLECTION/fairlady_z_300zx_146.html,tires,225/50R16 (front & rear)
Fairlady Z,402,FairladyZ 2by2 300ZX Twin-Turbo (1989: GCZ32),1989,https://www.nissan-global.com/EN/HERITAGE_COLLECTION/402_fairladyz_2by2_300zx_twin-turbo.html,overall_length_width_height,"4,525/1,800/1,255mm"
Fairlady Z,402,FairladyZ 2by2 300ZX Twin-Turbo (1989: GCZ32),1989,https://www.nissan-global.com/EN/HERITAGE_COLLECTION/402_fairladyz_2by2_300zx_twin-turbo.html,wheelbase,"2,570mm"
Fairlady Z,402,FairladyZ 2by2 300ZX Twin-Turbo (1989: GCZ32),1989,https://www.nissan-global.com/EN/HERITAGE_COLLECTION/402_fairladyz_2by2_300zx_twin-turbo.html,tread_front_rear,"1,495/1,535mm"
Fairlady Z,402,FairladyZ 2by2 300ZX Twin-Turbo (1989: GCZ32),1989,https://www.nissan-global.com/EN/HERITAGE_COLLECTION/402_fairladyz_2by2_300zx_twin-turbo.html,curb_weight,"1,570kg"
Fairlady Z,402,FairladyZ 2by2 300ZX Twin-Turbo (1989: GCZ32),1989,https://www.nissan-global.com/EN/HERITAGE_COLLECTION/402_fairladyz_2by2_300zx_twin-turbo.html,engine,"VG30DETT (V6, 4-valve DOHC with twin turbo) 2,960cc"
Fairlady Z,402,FairladyZ 2by2 300ZX Twin-Turbo (1989: GCZ32),1989,https://www.nissan-global.com/EN/HERITAGE_COLLECTION/402_fairladyz_2by2_300zx_twin-turbo.html,engine_max_power,"206kw(280ps)/6,400rpm"
Fairlady Z,402,FairladyZ 2by2 300ZX Twin-Turbo (1989: GCZ32),1989,https://www.nissan-global.com/EN/HERITAGE_COLLECTION/402_fairladyz_2by2_300zx_twin-turbo.html,engine_max_torque,"388N·m(39.6kgm)/3,600rpm"
Fairlady Z,402,FairladyZ 2by2 300ZX Twin-Turbo (1989: GCZ32),1989,https://www.nissan-global.com/EN/HERITAGE_COLLECTION/402_fairladyz_2by2_300zx_twin-turbo.html,suspension_front_rear,Multilink / Multilink (independent)
Fairlady Z,402,FairladyZ 2by2 300ZX Twin-Turbo (1989: GCZ32),1989,https://www.nissan-global.com/EN/HERITAGE_COLLECTION/402_fairladyz_2by2_300zx_twin-turbo.html,brakes_front_rear,Ventilated disc / Ventilated disc
Fairlady Z,402,FairladyZ 2by2 300ZX Twin-Turbo (1989: GCZ32),1989,https://www.nissan-global.com/EN/HERITAGE_COLLECTION/402_fairladyz_2by2_300zx_twin-turbo.html,tires,225/50R16 92V
Fairlady Z,215,Nissan Fairlady Z Convertible (1992: HZ32),1992,https://www.nissan-global.com/EN/HERITAGE_COLLECTION/fairlady_z_convertible.html,overall_length_width_height,"4,310/1,790/1,255mm"
Fairlady Z,215,Nissan Fairlady Z Convertible (1992: HZ32),1992,https://www.nissan-global.com/EN/HERITAGE_COLLECTION/fairlady_z_convertible.html,wheelbase,"2,450mm"
Fairlady Z,215,Nissan Fairlady Z Convertible (1992: HZ32),1992,https://www.nissan-global.com/EN/HERITAGE_COLLECTION/fairlady_z_convertible.html,tread_front_rear,"1,495/1,535mm"
Fairlady Z,215,Nissan Fairlady Z Convertible (1992: HZ32),1992,https://www.nissan-global.com/EN/HERITAGE_COLLECTION/fairlady_z_convertible.html,curb_weight,"1,530kg"
Fairlady Z,215,Nissan Fairlady Z Convertible (1992: HZ32),1992,https://www.nissan-global.com/EN/HERITAGE_COLLECTION/fairlady_z_convertible.html,engine,"VG30DE (V6, DOHC), 2,960cc"
Fairlady Z,215,Nissan Fairlady Z Convertible (1992: HZ32),1992,https://www.nissan-global.com/EN/HERITAGE_COLLECTION/fairlady_z_convertible.html,engine_max_power,"169W (230PS)/6,400rpm"
Fairlady Z,215,Nissan Fairlady Z Convertible (1992: HZ32),1992,https://www.nissan-global.com/EN/HERITAGE_COLLECTION/fairlady_z_convertible.html,engine_max_torque,"273Nm (27.8kgm)/4,800rpm"
Fairlady Z,215,Nissan Fairlady Z Convertible (1992: HZ32),1992,https://www.nissan-global.com/EN/HERITAGE_COLLECTION/fairlady_z_convertible.html,transmission,Electronically controlled AT (E-AT)
Fairlady Z,215,Nissan Fairlady Z Convertible (1992: HZ32),1992,https://www.nissan-global.com/EN/HERITAGE_COLLECTION/fairlady_z_convertible.html,suspension,Multilink (front & rear)
Fairlady Z,215,Nissan Fairlady Z Convertible (1992: HZ32),1992,https://www.nissan-global.com/EN/HERITAGE_COLLECTION/fairlady_z_convertible.html,brakes,Ventilated disc (front & rear)
Fairlady Z,215,Nissan Fairlady Z Convertible (1992: HZ32),1992,https://www.nissan-global.com/EN/HERITAGE_COLLECTION/fairlady_z_convertible.html,tires,225/50R16 (front & rear)
Fairlady Z,254,Nissan 300ZX T-Top (1992: Z32),1992,https://www.nissan-global.com/EN/HERITAGE_COLLECTION/nissan_300ZX_ttop.html,overall_length_width_height,"4,310/1,790/1,250mm"
Fairlady Z,254,Nissan 300ZX T-Top (1992: Z32),1992,https://www.nissan-global.com/EN/HERITAGE_COLLECTION/nissan_300ZX_ttop.html,wheelbase,"2,450mm"
Fairlady Z,254,Nissan 300ZX T-Top (1992: Z32),1992,https://www.nissan-global.com/EN/HERITAGE_COLLECTION/nissan_300ZX_ttop.html,tread_front_rear,"1,495/1,535mm"
Fairlady Z,254,Nissan 300ZX T-Top (1992: Z32),1992,https://www.nissan-global.com/EN/HERITAGE_COLLECTION/nissan_300ZX_ttop.html,curb_weight,"1,470kg"
Fairlady Z,254,Nissan 300ZX T-Top (1992: Z32),1992,https://www.nissan-global.com/EN/HERITAGE_COLLECTION/nissan_300ZX_ttop.html,engine,"VG30DE (V6, 4-valve DOHC) 2,960cc"
Fairlady Z,254,Nissan 300ZX T-Top (1992: Z32),1992,https://www.nissan-global.com/EN/HERITAGE_COLLECTION/nissan_300ZX_ttop.html,engine_max_power,169.2kw(230PS)/6400rpm
Fairlady Z,254,Nissan 300ZX T-Top (1992: Z32),1992,https://www.nissan-global.com/EN/HERITAGE_COLLECTION/nissan_300ZX_ttop.html,engine_max_torque,273N·m(27.8kgf·m)/4800rpm
Fairlady Z,254,Nissan 300ZX T-Top (1992: Z32),1992,https://www.nissan-global.com/EN/HERITAGE_COLLECTION/nissan_300ZX_ttop.html,transmission,Full-range electronic 4-speed AT
Fairlady Z,254,Nissan 300ZX T-Top (1992: Z32),1992,https://www.nissan-global.com/EN/HERITAGE_COLLECTION/nissan_300ZX_ttop.html,suspension,Multilink / Multilink
Fairlady Z,254,Nissan 300ZX T-Top (1992: Z32),1992,https://www.nissan-global.com/EN/HERITAGE_COLLECTION/nissan_300ZX_ttop.html,brakes,Ventilated disc / Ventilated disc
Fairlady Z,254,Nissan 300ZX T-Top (1992: Z32),1992,https://www.nissan-global.com/EN/HERITAGE_COLLECTION/nissan_300ZX_ttop.html,tires,225/50R16 92V
Fairlady Z,216,Fairlady Z 300ZX (1998 : GCZ32),1998,https://www.nissan-global.com/EN/HERITAGE_COLLECTION/fairlady_z_300zx.html,overall_length_width_height,"4,525/1,800/1,255mm"
Fairlady Z,216,Fairlady Z 300ZX (1998 : GCZ32),1998,https://www.nissan-global.com/EN/HERITAGE_COLLECTION/fairlady_z_300zx.html,wheelbase,"2,570mm"
Fairlady Z,216,Fairlady Z 300ZX (1998 : GCZ32),1998,https://www.nissan-global.com/EN/HERITAGE_COLLECTION/fairlady_z_300zx.html,tread_front_rear,"1,495/1,535mm"
Fairlady Z,216,Fairlady Z 300ZX (1998 : GCZ32),1998,https://www.nissan-global.com/EN/HERITAGE_COLLECTION/fairlady_z_300zx.html,curb_weight,"1,570kg"
Fairlady Z,216,Fairlady Z 300ZX (1998 : GCZ32),1998,https://www.nissan-global.com/EN/HERITAGE_COLLECTION/fairlady_z_300zx.html,engine,"VG30DET (V6, DOHC), 2,960cc"
Fairlady Z,216,Fairlady Z 300ZX (1998 : GCZ32),1998,https://www.nissan-global.com/EN/HERITAGE_COLLECTION/fairlady_z_300zx.html,engine_max_power,"206W (280PS)/6,400rpm"
Fairlady Z,216,Fairlady Z 300ZX (1998 : GCZ32),1998,https://www.nissan-global.com/EN/HERITAGE_COLLECTION/fairlady_z_300zx.html,engine_max_torque,"388Nm (39.6kgm)/3,600rpm"
Fairlady Z,216,Fairlady Z 300ZX (1998 : GCZ32),1998,https://www.nissan-global.com/EN/HERITAGE_COLLECTION/fairlady_z_300zx.html,transmission,Electronically controlled AT (E-AT)
Fairlady Z,216,Fairlady Z 300ZX (1998 : GCZ32),1998,https://www.nissan-global.com/EN/HERITAGE_COLLECTION/fairlady_z_300zx.html,suspension,Multilink (front & rear)
Fairlady Z,216,Fairlady Z 300ZX (1998 : GCZ32),1998,https://www.nissan-global.com/EN/HERITAGE_COLLECTION/fairlady_z_300zx.html,brakes,Ventilated disc (front & rear)
Fairlady Z,216,Fairlady Z 300ZX (1998 : GCZ32),1998,https://www.nissan-global.com/EN/HERITAGE_COLLECTION/fairlady_z_300zx.html,tires,225/50R16 (front & rear)
Fairlady Z,284,Nissan Fairlady Z Version ST (2002: Z33),2002,https://www.nissan-global.com/EN/HERITAGE_COLLECTION/284_fairlady_z_version_st.html,overall_length_width_height,"4,310/1,815/1,315mm"
Fairlady Z,284,Nissan Fairlady Z Version ST (2002: Z33),2002,https://www.nissan-global.com/EN/HERITAGE_COLLECTION/284_fairlady_z_version_st.html,wheelbase,"2,650mm"
Fairlady Z,284,Nissan Fairlady Z Version ST (2002: Z33),2002,https://www.nissan-global.com/EN/HERITAGE_COLLECTION/284_fairlady_z_version_st.html,tread_front_rear,"1,535/1,545mm"
Fairlady Z,284,Nissan Fairlady Z Version ST (2002: Z33),2002,https://www.nissan-global.com/EN/HERITAGE_COLLECTION/284_fairlady_z_version_st.html,curb_weight,"1,450kg"
Fairlady Z,284,Nissan Fairlady Z Version ST (2002: Z33),2002,https://www.nissan-global.com/EN/HERITAGE_COLLECTION/284_fairlady_z_version_st.html,engine,"VQ35DE (V6, 4-valve DOHC) 3,498cc"
Fairlady Z,284,Nissan Fairlady Z Version ST (2002: Z33),2002,https://www.nissan-global.com/EN/HERITAGE_COLLECTION/284_fairlady_z_version_st.html,engine_max_power,"206kW (280ps)/6,200rpm"
Fairlady Z,284,Nissan Fairlady Z Version ST (2002: Z33),2002,https://www.nissan-global.com/EN/HERITAGE_COLLECTION/284_fairlady_z_version_st.html,engine_max_torque,"363N·m (37.0kgm)/4,800rpm"
Fairlady Z,284,Nissan Fairlady Z Version ST (2002: Z33),2002,https://www.nissan-global.com/EN/HERITAGE_COLLECTION/284_fairlady_z_version_st.html,suspension_front_rear,Multilink / Multilink
Fairlady Z,284,Nissan Fairlady Z Version ST (2002: Z33),2002,https://www.nissan-global.com/EN/HERITAGE_COLLECTION/284_fairlady_z_version_st.html,brakes_front_rear,Ventilated disc / Ventilated disc
Fairlady Z,284,Nissan Fairlady Z Version ST (2002: Z33),2002,https://www.nissan-global.com/EN/HERITAGE_COLLECTION/284_fairlady_z_version_st.html,tires,225/45R18 / 245/45R18
Fairlady Z,383,Nissan Fairlady Z Roadster (2003: HZ33),2003,https://www.nissan-global.com/EN/HERITAGE_COLLECTION/383_fairlady_z_roadster.html,overall_length_width_height,"4,310/1,815/1,325mm"
Fairlady Z,383,Nissan Fairlady Z Roadster (2003: HZ33),2003,https://www.nissan-global.com/EN/HERITAGE_COLLECTION/383_fairlady_z_roadster.html,wheelbase,"2,650mm"
Fairlady Z,383,Nissan Fairlady Z Roadster (2003: HZ33),2003,https://www.nissan-global.com/EN/HERITAGE_COLLECTION/383_fairlady_z_roadster.html,tread,"1,535/1,545mm"
Fairlady Z,383,Nissan Fairlady Z Roadster (2003: HZ33),2003,https://www.nissan-global.com/EN/HERITAGE_COLLECTION/383_fairlady_z_roadster.html,curb_weight,"1,635kg"
Fairlady Z,383,Nissan Fairlady Z Roadster (2003: HZ33),2003,https://www.nissan-global.com/EN/HERITAGE_COLLECTION/383_fairlady_z_roadster.html,engine,"VQ35HR (V6·4-valve DOHC) 3,498cc"
Fairlady Z,383,Nissan Fairlady Z Roadster (2003: HZ33),2003,https://www.nissan-global.com/EN/HERITAGE_COLLECTION/383_fairlady_z_roadster.html,engine_max_power,"206kW (280ps)/6,200rpm"
Fairlady Z,383,Nissan Fairlady Z Roadster (2003: HZ33),2003,https://www.nissan-global.com/EN/HERITAGE_COLLECTION/383_fairlady_z_roadster.html,engine_max_torque,"363N·m (37.0kgf·m)/4,800rpm"
Fairlady Z,383,Nissan Fairlady Z Roadster (2003: HZ33),2003,https://www.nissan-global.com/EN/HERITAGE_COLLECTION/383_fairlady_z_roadster.html,suspension_front_rear,Strut/Parallel link strut (independent)
Fairlady Z,383,Nissan Fairlady Z Roadster (2003: HZ33),2003,https://www.nissan-global.com/EN/HERITAGE_COLLECTION/383_fairlady_z_roadster.html,brakes_front_rear,Ventilated disc/Ventilated disc
Fairlady Z,383,Nissan Fairlady Z Roadster (2003: HZ33),2003,https://www.nissan-global.com/EN/HERITAGE_COLLECTION/383_fairlady_z_roadster.html,tires,"225/45R18, 245/45R18"
Gorham Lila,337,Gorham-style three-wheeled vehicle(miniature) (1920 : -),1920,https://www.nissan-global.com/EN/HERITAGE_COLLECTION/gorham_style_three.html,seating_capacity,3
Gorham Lila,337,Gorham-style three-wheeled vehicle(miniature) (1920 : -),1920,https://www.nissan-global.com/EN/HERITAGE_COLLECTION/gorham_style_three.html,engine,"1,200cc/5kW (7hp)"
Gorham Lila,337,Gorham-style three-wheeled vehicle(miniature) (1920 : -),1920,https://www.nissan-global.com/EN/HERITAGE_COLLECTION/gorham_style_three.html,transmission,6 forward gears
Gorham Lila,337,Gorham-style three-wheeled vehicle(miniature) (1920 : -),1920,https://www.nissan-global.com/EN/HERITAGE_COLLECTION/gorham_style_three.html,dimensions_lxw,2.58m x 1.06m
Gorham Lila,337,Gorham-style three-wheeled vehicle(miniature) (1920 : -),1920,https://www.nissan-global.com/EN/HERITAGE_COLLECTION/gorham_style_three.html,curb_weight,350kg
Gorham Lila,337,Gorham-style three-wheeled vehicle(miniature) (1920 : -),1920,https://www.nissan-global.com/EN/HERITAGE_COLLECTION/gorham_style_three.html,top_speed,48km/h
Gorham Lila,338,Gorham-style four-wheeled vehicles (miniature) (1921 : -),1921,https://www.nissan-global.com/EN/HERITAGE_COLLECTION/gorham_style_four.html,seating_capacity,3
Gorham Lila,338,Gorham-style four-wheeled vehicles (miniature) (1921 : -),1921,https://www.nissan-global.com/EN/HERITAGE_COLLECTION/gorham_style_four.html,engine,"1,200cc/5kW (7PS)"
Gorham Lila,338,Gorham-style four-wheeled vehicles (miniature) (1921 : -),1921,https://www.nissan-global.com/EN/HERITAGE_COLLECTION/gorham_style_four.html,transmission,6 forward gears
Gorham Lila,338,Gorham-style four-wheeled vehicles (miniature) (1921 : -),1921,https://www.nissan-global.com/EN/HERITAGE_COLLECTION/gorham_style_four.html,dimensions_lxw,2.97m x 1.15m
Gorham Lila,338,Gorham-style four-wheeled vehicles (miniature) (1921 : -),1921,https://www.nissan-global.com/EN/HERITAGE_COLLECTION/gorham_style_four.html,curb_weight,450kg
Gorham Lila,338,Gorham-style four-wheeled vehicles (miniature) (1921 : -),1921,https://www.nissan-global.com/EN/HERITAGE_COLLECTION/gorham_style_four.html,top_speed,48km/h
Gorham Lila,339,Lila Phaeton (miniature) (1923 : -),1923,https://www.nissan-global.com/EN/HERITAGE_COLLECTION/lila_phaeton.html,seating_capacity,4
Gorham Lila,339,Lila Phaeton (miniature) (1923 : -),1923,https://www.nissan-global.com/EN/HERITAGE_COLLECTION/lila_phaeton.html,engine,"1,260cc/6kW (8.4PS)"
Gorham Lila,339,Lila Phaeton (miniature) (1923 : -),1923,https://www.nissan-global.com/EN/HERITAGE_COLLECTION/lila_phaeton.html,transmission,3 forward gears
Gorham Lila,339,Lila Phaeton (miniature) (1923 : -),1923,https://www.nissan-global.com/EN/HERITAGE_COLLECTION/lila_phaeton.html,dimensions_lxw,3.03m x 1.21m
Gorham Lila,339,Lila Phaeton (miniature) (1923 : -),1923,https://www.nissan-global.com/EN/HERITAGE_COLLECTION/lila_phaeton.html,curb_weight,450kg
Gorham Lila,339,Lila Phaeton (miniature) (1923 : -),1923,https://www.nissan-global.com/EN/HERITAGE_COLLECTION/lila_phaeton.html,top_speed,56km/h
Gorham Lila,340,Lila Roadster (miniature) (1924 : -),1924,https://www.nissan-global.com/EN/HERITAGE_COLLECTION/lila_roadster.html,seating_capacity,2+1
Gorham Lila,340,Lila Roadster (miniature) (1924 : -),1924,https://www.nissan-global.com/EN/HERITAGE_COLLECTION/lila_roadster.html,engine,"1,260cc/6kW (8.4PS)"
Gorham Lila,340,Lila Roadster (miniature) (1924 : -),1924,https://www.nissan-global.com/EN/HERITAGE_COLLECTION/lila_roadster.html,transmission,3 forward gears
Gorham Lila,340,Lila Roadster (miniature) (1924 : -),1924,https://www.nissan-global.com/EN/HERITAGE_COLLECTION/lila_roadster.html,dimensions_lxw,3.03m x 1.21m
Gorham Lila,340,Lila Roadster (miniature) (1924 : -),1924,https://www.nissan-global.com/EN/HERITAGE_COLLECTION/lila_roadster.html,curb_weight,450kg
Gorham Lila,340,Lila Roadster (miniature) (1924 : -),1924,https://www.nissan-global.com/EN/HERITAGE_COLLECTION/lila_roadster.html,top_speed,56km/h
Gorham Lila,341,Lila Truck (miniature) (1925 : -),1925,https://www.nissan-global.com/EN/HERITAGE_COLLECTION/lila_truck.html,seating_capacity,2
Gorham Lila,341,Lila Truck (miniature) (1925 : -),1925,https://www.nissan-global.com/EN/HERITAGE_COLLECTION/lila_truck.html,engine,"1,260cc/6kW (8.4PS)"
Gorham Lila,341,Lila Truck (miniature) (1925 : -),1925,https://www.nissan-global.com/EN/HERITAGE_COLLECTION/lila_truck.html,transmission,3 forward gears
Gorham Lila,341,Lila Truck (miniature) (1925 : -),1925,https://www.nissan-global.com/EN/HERITAGE_COLLECTION/lila_truck.html,dimensions_lxw,3.03m x 1.21m
Gorham Lila,341,Lila Truck (miniature) (1925 : -),1925,https://www.nissan-global.com/EN/HERITAGE_COLLECTION/lila_truck.html,curb_weight,"Curb weight 450kg, 500kg loaded"
Gorham Lila,341,Lila Truck (miniature) (1925 : -),1925,https://www.nissan-global.com/EN/HERITAGE_COLLECTION/lila_truck.html,top_speed,40km/h
Laurel,049,Laurel 1800 Deluxe B (1968 : C30),1968,https://www.nissan-global.com/EN/HERITAGE_COLLECTION/laurel_1800.html,overall_length_width_height,"4,350/1,605/1,405mm"
Laurel,049,Laurel 1800 Deluxe B (1968 : C30),1968,https://www.nissan-global.com/EN/HERITAGE_COLLECTION/laurel_1800.html,wheelbase,"2,620mm"
Laurel,049,Laurel 1800 Deluxe B (1968 : C30),1968,https://www.nissan-global.com/EN/HERITAGE_COLLECTION/laurel_1800.html,tread_front_rear,"1,305/1,300mm"
Laurel,049,Laurel 1800 Deluxe B (1968 : C30),1968,https://www.nissan-global.com/EN/HERITAGE_COLLECTION/laurel_1800.html,curb_weight,985kg
Laurel,049,Laurel 1800 Deluxe B (1968 : C30),1968,https://www.nissan-global.com/EN/HERITAGE_COLLECTION/laurel_1800.html,engine,"G18 (4-cyl. in line, OHC), 1,815cc"
Laurel,049,Laurel 1800 Deluxe B (1968 : C30),1968,https://www.nissan-global.com/EN/HERITAGE_COLLECTION/laurel_1800.html,engine_max_power,"74kW (100PS)/5,600rpm"
Laurel,049,Laurel 1800 Deluxe B (1968 : C30),1968,https://www.nissan-global.com/EN/HERITAGE_COLLECTION/laurel_1800.html,engine_max_torque,"147Nm (15.0kgm)/3,600rpm"
Laurel,049,Laurel 1800 Deluxe B (1968 : C30),1968,https://www.nissan-global.com/EN/HERITAGE_COLLECTION/laurel_1800.html,suspension_front,Strut
Laurel,049,Laurel 1800 Deluxe B (1968 : C30),1968,https://www.nissan-global.com/EN/HERITAGE_COLLECTION/laurel_1800.html,suspension_rear,Semi trailing-arm
Laurel,049,Laurel 1800 Deluxe B (1968 : C30),1968,https://www.nissan-global.com/EN/HERITAGE_COLLECTION/laurel_1800.html,tires,6.50-13-4PR (front & rear)
Laurel,247,Laurel Hardtop 2000GX (1970 : KPC30),1970,https://www.nissan-global.com/EN/HERITAGE_COLLECTION/laurel_hardtop_2000gx.html,overall_length_width_height,"4,330/1,605/1,380mm"
Laurel,247,Laurel Hardtop 2000GX (1970 : KPC30),1970,https://www.nissan-global.com/EN/HERITAGE_COLLECTION/laurel_hardtop_2000gx.html,wheelbase,"2,620mm"
Laurel,247,Laurel Hardtop 2000GX (1970 : KPC30),1970,https://www.nissan-global.com/EN/HERITAGE_COLLECTION/laurel_hardtop_2000gx.html,tread_front_rear,"1,315/1,310mm"
Laurel,247,Laurel Hardtop 2000GX (1970 : KPC30),1970,https://www.nissan-global.com/EN/HERITAGE_COLLECTION/laurel_hardtop_2000gx.html,curb_weight,"1,020kg"
Laurel,247,Laurel Hardtop 2000GX (1970 : KPC30),1970,https://www.nissan-global.com/EN/HERITAGE_COLLECTION/laurel_hardtop_2000gx.html,engine,"G20 Twin (4-cyl. in line, OHC), 1,815cc"
Laurel,247,Laurel Hardtop 2000GX (1970 : KPC30),1970,https://www.nissan-global.com/EN/HERITAGE_COLLECTION/laurel_hardtop_2000gx.html,engine_max_power,"92kW (125PS)/5,800rpm"
Laurel,247,Laurel Hardtop 2000GX (1970 : KPC30),1970,https://www.nissan-global.com/EN/HERITAGE_COLLECTION/laurel_hardtop_2000gx.html,engine_max_torque,"172Nm (17.5kgm)/3,600rpm"
Laurel,247,Laurel Hardtop 2000GX (1970 : KPC30),1970,https://www.nissan-global.com/EN/HERITAGE_COLLECTION/laurel_hardtop_2000gx.html,transmission,"4-speed, floor shift"
Laurel,247,Laurel Hardtop 2000GX (1970 : KPC30),1970,https://www.nissan-global.com/EN/HERITAGE_COLLECTION/laurel_hardtop_2000gx.html,suspension_front_rear,"Strut, semi trailing-arm"
Laurel,247,Laurel Hardtop 2000GX (1970 : KPC30),1970,https://www.nissan-global.com/EN/HERITAGE_COLLECTION/laurel_hardtop_2000gx.html,brakes,(front/rear)Disc/drum
Laurel,247,Laurel Hardtop 2000GX (1970 : KPC30),1970,https://www.nissan-global.com/EN/HERITAGE_COLLECTION/laurel_hardtop_2000gx.html,top_speed,180km/h
Laurel,505,Nissan Laurel Hardtop 2000GL-6 (1972: KHC130),1972,https://www.nissan-global.com/EN/HERITAGE_COLLECTION/505_laurel_hardtop_2000gl_6.html,overall_length_width_height,"4,500/1,670/1,405mm"
Laurel,505,Nissan Laurel Hardtop 2000GL-6 (1972: KHC130),1972,https://www.nissan-global.com/EN/HERITAGE_COLLECTION/505_laurel_hardtop_2000gl_6.html,wheelbase,"2,670mm"
Laurel,505,Nissan Laurel Hardtop 2000GL-6 (1972: KHC130),1972,https://www.nissan-global.com/EN/HERITAGE_COLLECTION/505_laurel_hardtop_2000gl_6.html,tread_front_rear,"1,350/1,330mm"
Laurel,505,Nissan Laurel Hardtop 2000GL-6 (1972: KHC130),1972,https://www.nissan-global.com/EN/HERITAGE_COLLECTION/505_laurel_hardtop_2000gl_6.html,curb_weight,"1,185kg"
Laurel,505,Nissan Laurel Hardtop 2000GL-6 (1972: KHC130),1972,https://www.nissan-global.com/EN/HERITAGE_COLLECTION/505_laurel_hardtop_2000gl_6.html,engine,"L20 (6-cyl. inline, OHC) 1,998cc"
Laurel,505,Nissan Laurel Hardtop 2000GL-6 (1972: KHC130),1972,https://www.nissan-global.com/EN/HERITAGE_COLLECTION/505_laurel_hardtop_2000gl_6.html,engine_max_power,"85kw (115ps)/5,600rpm"
Laurel,505,Nissan Laurel Hardtop 2000GL-6 (1972: KHC130),1972,https://www.nissan-global.com/EN/HERITAGE_COLLECTION/505_laurel_hardtop_2000gl_6.html,engine_max_torque,"162N·m (16.5kgm)/3,600rpm"
Laurel,505,Nissan Laurel Hardtop 2000GL-6 (1972: KHC130),1972,https://www.nissan-global.com/EN/HERITAGE_COLLECTION/505_laurel_hardtop_2000gl_6.html,suspension_front_rear,Strut/Semi-trailing arm (independent)
Laurel,505,Nissan Laurel Hardtop 2000GL-6 (1972: KHC130),1972,https://www.nissan-global.com/EN/HERITAGE_COLLECTION/505_laurel_hardtop_2000gl_6.html,brakes_front_rear,Disc/Drum
Laurel,505,Nissan Laurel Hardtop 2000GL-6 (1972: KHC130),1972,https://www.nissan-global.com/EN/HERITAGE_COLLECTION/505_laurel_hardtop_2000gl_6.html,tires,6.45 14-4PR
Laurel,073,Laurel 2000GX (1975 : HC130),1975,https://www.nissan-global.com/EN/HERITAGE_COLLECTION/laurel_2000gx.html,overall_length_width_height,"4,500/1,680/1,415mm"
Laurel,073,Laurel 2000GX (1975 : HC130),1975,https://www.nissan-global.com/EN/HERITAGE_COLLECTION/laurel_2000gx.html,wheelbase,"2,670mm"
Laurel,073,Laurel 2000GX (1975 : HC130),1975,https://www.nissan-global.com/EN/HERITAGE_COLLECTION/laurel_2000gx.html,tread_front_rear,"1,380/1,370mm"
Laurel,073,Laurel 2000GX (1975 : HC130),1975,https://www.nissan-global.com/EN/HERITAGE_COLLECTION/laurel_2000gx.html,curb_weight,"1,175kg"
Laurel,073,Laurel 2000GX (1975 : HC130),1975,https://www.nissan-global.com/EN/HERITAGE_COLLECTION/laurel_2000gx.html,engine,"L20 (6-cyl. in line, OHC), 1,998cc"
Laurel,073,Laurel 2000GX (1975 : HC130),1975,https://www.nissan-global.com/EN/HERITAGE_COLLECTION/laurel_2000gx.html,engine_max_power,"92kW (125PS)/6,000rpm"
Laurel,073,Laurel 2000GX (1975 : HC130),1975,https://www.nissan-global.com/EN/HERITAGE_COLLECTION/laurel_2000gx.html,engine_max_torque,"167Nm (17.0kgm)/4,400rpm"
Laurel,073,Laurel 2000GX (1975 : HC130),1975,https://www.nissan-global.com/EN/HERITAGE_COLLECTION/laurel_2000gx.html,suspension_front,Strut
Laurel,073,Laurel 2000GX (1975 : HC130),1975,https://www.nissan-global.com/EN/HERITAGE_COLLECTION/laurel_2000gx.html,suspension_rear,Semi trailing-arm
Laurel,073,Laurel 2000GX (1975 : HC130),1975,https://www.nissan-global.com/EN/HERITAGE_COLLECTION/laurel_2000gx.html,tires,6.45S-14-4PR (front & rear)
Laurel,349,Laurel 2-door Hardtop 2000SGL-E (1979: KHC231),1979,https://www.nissan-global.com/EN/HERITAGE_COLLECTION/Laurel_2-door_Hardtop_2000SGL-E.html,overall_length_width_height,"4,625/1,690/1,395mm"
Laurel,349,Laurel 2-door Hardtop 2000SGL-E (1979: KHC231),1979,https://www.nissan-global.com/EN/HERITAGE_COLLECTION/Laurel_2-door_Hardtop_2000SGL-E.html,wheelbase,"2,670mm"
Laurel,349,Laurel 2-door Hardtop 2000SGL-E (1979: KHC231),1979,https://www.nissan-global.com/EN/HERITAGE_COLLECTION/Laurel_2-door_Hardtop_2000SGL-E.html,tread_front_rear,"1,380/1,360mm"
Laurel,349,Laurel 2-door Hardtop 2000SGL-E (1979: KHC231),1979,https://www.nissan-global.com/EN/HERITAGE_COLLECTION/Laurel_2-door_Hardtop_2000SGL-E.html,curb_weight,"1,265kg"
Laurel,349,Laurel 2-door Hardtop 2000SGL-E (1979: KHC231),1979,https://www.nissan-global.com/EN/HERITAGE_COLLECTION/Laurel_2-door_Hardtop_2000SGL-E.html,engine,"L20E (6-cyl. inline, OHC) 1,998cc"
Laurel,349,Laurel 2-door Hardtop 2000SGL-E (1979: KHC231),1979,https://www.nissan-global.com/EN/HERITAGE_COLLECTION/Laurel_2-door_Hardtop_2000SGL-E.html,engine_max_power,"96kw(130ps)/6,000rpm"
Laurel,349,Laurel 2-door Hardtop 2000SGL-E (1979: KHC231),1979,https://www.nissan-global.com/EN/HERITAGE_COLLECTION/Laurel_2-door_Hardtop_2000SGL-E.html,engine_max_torque,"167N·m(17.0kgm)/4,000rpm"
Laurel,349,Laurel 2-door Hardtop 2000SGL-E (1979: KHC231),1979,https://www.nissan-global.com/EN/HERITAGE_COLLECTION/Laurel_2-door_Hardtop_2000SGL-E.html,suspension_front_rear,Strut / Semitrailing arm (independent)
Laurel,349,Laurel 2-door Hardtop 2000SGL-E (1979: KHC231),1979,https://www.nissan-global.com/EN/HERITAGE_COLLECTION/Laurel_2-door_Hardtop_2000SGL-E.html,brakes_front_rear,Disc / Drum
Laurel,349,Laurel 2-door Hardtop 2000SGL-E (1979: KHC231),1979,https://www.nissan-global.com/EN/HERITAGE_COLLECTION/Laurel_2-door_Hardtop_2000SGL-E.html,tires,185/70SR14
Laurel,089,Laurel 4-door H/T 2000SGL-E (1980 : KHC230),1980,https://www.nissan-global.com/EN/HERITAGE_COLLECTION/laurel_2000sgle.html,overall_length_width_height,"4,625/1,690/1,395mm"
Laurel,089,Laurel 4-door H/T 2000SGL-E (1980 : KHC230),1980,https://www.nissan-global.com/EN/HERITAGE_COLLECTION/laurel_2000sgle.html,wheelbase,"2,670mm"
Laurel,089,Laurel 4-door H/T 2000SGL-E (1980 : KHC230),1980,https://www.nissan-global.com/EN/HERITAGE_COLLECTION/laurel_2000sgle.html,tread_front_rear,"1,380/1,360mm"
Laurel,089,Laurel 4-door H/T 2000SGL-E (1980 : KHC230),1980,https://www.nissan-global.com/EN/HERITAGE_COLLECTION/laurel_2000sgle.html,curb_weight,"1,280kg"
Laurel,089,Laurel 4-door H/T 2000SGL-E (1980 : KHC230),1980,https://www.nissan-global.com/EN/HERITAGE_COLLECTION/laurel_2000sgle.html,engine,"L20E (6-cyl. in line, OHC), 1,998cc"
Laurel,089,Laurel 4-door H/T 2000SGL-E (1980 : KHC230),1980,https://www.nissan-global.com/EN/HERITAGE_COLLECTION/laurel_2000sgle.html,engine_max_power,"96kW (130PS)/6,000rpm"
Laurel,089,Laurel 4-door H/T 2000SGL-E (1980 : KHC230),1980,https://www.nissan-global.com/EN/HERITAGE_COLLECTION/laurel_2000sgle.html,engine_max_torque,"167Nm (17.0kgm)/4,000rpm"
Laurel,089,Laurel 4-door H/T 2000SGL-E (1980 : KHC230),1980,https://www.nissan-global.com/EN/HERITAGE_COLLECTION/laurel_2000sgle.html,suspension_front,Strut
Laurel,089,Laurel 4-door H/T 2000SGL-E (1980 : KHC230),1980,https://www.nissan-global.com/EN/HERITAGE_COLLECTION/laurel_2000sgle.html,suspension_rear,Semi trailing-arm
Laurel,089,Laurel 4-door H/T 2000SGL-E (1980 : KHC230),1980,https://www.nissan-global.com/EN/HERITAGE_COLLECTION/laurel_2000sgle.html,brakes_front_rear,Disc/drum
Laurel,089,Laurel 4-door H/T 2000SGL-E (1980 : KHC230),1980,https://www.nissan-global.com/EN/HERITAGE_COLLECTION/laurel_2000sgle.html,tires,185/70SR14 (front & rear)
Laurel,308,Laurel 4-door Hardtop 2000 Turbo SGX (1981: HC31),1981,https://www.nissan-global.com/EN/HERITAGE_COLLECTION/Laurel_4-door_Hardtop_2000_Turbo_SGX.html,overall_length_width_height,"4,635/1,690/1,380mm"
Laurel,308,Laurel 4-door Hardtop 2000 Turbo SGX (1981: HC31),1981,https://www.nissan-global.com/EN/HERITAGE_COLLECTION/Laurel_4-door_Hardtop_2000_Turbo_SGX.html,wheelbase,"2,670mm"
Laurel,308,Laurel 4-door Hardtop 2000 Turbo SGX (1981: HC31),1981,https://www.nissan-global.com/EN/HERITAGE_COLLECTION/Laurel_4-door_Hardtop_2000_Turbo_SGX.html,tread_front_rear,"1,410/1,395mm"
Laurel,308,Laurel 4-door Hardtop 2000 Turbo SGX (1981: HC31),1981,https://www.nissan-global.com/EN/HERITAGE_COLLECTION/Laurel_4-door_Hardtop_2000_Turbo_SGX.html,curb_weight,"1,220kg"
Laurel,308,Laurel 4-door Hardtop 2000 Turbo SGX (1981: HC31),1981,https://www.nissan-global.com/EN/HERITAGE_COLLECTION/Laurel_4-door_Hardtop_2000_Turbo_SGX.html,engine,"L20E·T (6-cyl. inline, OHC with turbo) 1,998cc"
Laurel,308,Laurel 4-door Hardtop 2000 Turbo SGX (1981: HC31),1981,https://www.nissan-global.com/EN/HERITAGE_COLLECTION/Laurel_4-door_Hardtop_2000_Turbo_SGX.html,engine_max_power,"107Kw(145ps)/5,600rpm"
Laurel,308,Laurel 4-door Hardtop 2000 Turbo SGX (1981: HC31),1981,https://www.nissan-global.com/EN/HERITAGE_COLLECTION/Laurel_4-door_Hardtop_2000_Turbo_SGX.html,engine_max_torque,"206N·m(21.0kgm)/3,200rpm"
Laurel,308,Laurel 4-door Hardtop 2000 Turbo SGX (1981: HC31),1981,https://www.nissan-global.com/EN/HERITAGE_COLLECTION/Laurel_4-door_Hardtop_2000_Turbo_SGX.html,transmission,"4-speed, floor shift"
Laurel,308,Laurel 4-door Hardtop 2000 Turbo SGX (1981: HC31),1981,https://www.nissan-global.com/EN/HERITAGE_COLLECTION/Laurel_4-door_Hardtop_2000_Turbo_SGX.html,suspension_front_rear,Strut / Semitrailing arm (independent)
Laurel,308,Laurel 4-door Hardtop 2000 Turbo SGX (1981: HC31),1981,https://www.nissan-global.com/EN/HERITAGE_COLLECTION/Laurel_4-door_Hardtop_2000_Turbo_SGX.html,brakes_front_rear,Ventilated disc / Disc
Laurel,308,Laurel 4-door Hardtop 2000 Turbo SGX (1981: HC31),1981,https://www.nissan-global.com/EN/HERITAGE_COLLECTION/Laurel_4-door_Hardtop_2000_Turbo_SGX.html,tires,185/70SR14
Laurel,512,Nissan Laurel Givenchy Version (1982: HC31),1982,https://www.nissan-global.com/EN/HERITAGE_COLLECTION/512_laurel_givenchy_version.html,overall_length_width_height,"4,675/1,690/1,380mm"
Laurel,512,Nissan Laurel Givenchy Version (1982: HC31),1982,https://www.nissan-global.com/EN/HERITAGE_COLLECTION/512_laurel_givenchy_version.html,wheelbase,"2,670mm"
Laurel,512,Nissan Laurel Givenchy Version (1982: HC31),1982,https://www.nissan-global.com/EN/HERITAGE_COLLECTION/512_laurel_givenchy_version.html,tread_front_rear,"1,415/1,395mm"
Laurel,512,Nissan Laurel Givenchy Version (1982: HC31),1982,https://www.nissan-global.com/EN/HERITAGE_COLLECTION/512_laurel_givenchy_version.html,curb_weight,"1,280kg"
Laurel,512,Nissan Laurel Givenchy Version (1982: HC31),1982,https://www.nissan-global.com/EN/HERITAGE_COLLECTION/512_laurel_givenchy_version.html,engine,"L20E·T (6-cyl. inline, OHC with turbo) 1,998cc"
Laurel,512,Nissan Laurel Givenchy Version (1982: HC31),1982,https://www.nissan-global.com/EN/HERITAGE_COLLECTION/512_laurel_givenchy_version.html,engine_max_power,"107kw (145ps)/5,600rpm"
Laurel,512,Nissan Laurel Givenchy Version (1982: HC31),1982,https://www.nissan-global.com/EN/HERITAGE_COLLECTION/512_laurel_givenchy_version.html,engine_max_torque,"206N·m (21.0kgf·m)/3,200rpm"
Laurel,512,Nissan Laurel Givenchy Version (1982: HC31),1982,https://www.nissan-global.com/EN/HERITAGE_COLLECTION/512_laurel_givenchy_version.html,suspension_front_rear,Strut/Semi-trailing arm (independent)
Laurel,512,Nissan Laurel Givenchy Version (1982: HC31),1982,https://www.nissan-global.com/EN/HERITAGE_COLLECTION/512_laurel_givenchy_version.html,brakes_front_rear,Ventilated disc/Disc
Laurel,512,Nissan Laurel Givenchy Version (1982: HC31),1982,https://www.nissan-global.com/EN/HERITAGE_COLLECTION/512_laurel_givenchy_version.html,tires,185/70SR14
Laurel,250,Laurel 4-door Sedan 2000 Medalist (1983 : HJC31),1983,https://www.nissan-global.com/EN/HERITAGE_COLLECTION/laurel_sedan_2000.html,overall_length_width_height,"4,635/1,690/1,380mm"
Laurel,250,Laurel 4-door Sedan 2000 Medalist (1983 : HJC31),1983,https://www.nissan-global.com/EN/HERITAGE_COLLECTION/laurel_sedan_2000.html,wheelbase,"2,670mm"
Laurel,250,Laurel 4-door Sedan 2000 Medalist (1983 : HJC31),1983,https://www.nissan-global.com/EN/HERITAGE_COLLECTION/laurel_sedan_2000.html,tread_front_rear,"1,410/1,390mm"
Laurel,250,Laurel 4-door Sedan 2000 Medalist (1983 : HJC31),1983,https://www.nissan-global.com/EN/HERITAGE_COLLECTION/laurel_sedan_2000.html,curb_weight,"1,145kg"
Laurel,250,Laurel 4-door Sedan 2000 Medalist (1983 : HJC31),1983,https://www.nissan-global.com/EN/HERITAGE_COLLECTION/laurel_sedan_2000.html,engine,"L20E (6-cyl. in-line, OHC), 1,998cc"
Laurel,250,Laurel 4-door Sedan 2000 Medalist (1983 : HJC31),1983,https://www.nissan-global.com/EN/HERITAGE_COLLECTION/laurel_sedan_2000.html,engine_max_power,"92kW (125PS)/6,000rpm"
Laurel,250,Laurel 4-door Sedan 2000 Medalist (1983 : HJC31),1983,https://www.nissan-global.com/EN/HERITAGE_COLLECTION/laurel_sedan_2000.html,engine_max_torque,"167Nm (17.0kgm)/4,400rpm"
Laurel,250,Laurel 4-door Sedan 2000 Medalist (1983 : HJC31),1983,https://www.nissan-global.com/EN/HERITAGE_COLLECTION/laurel_sedan_2000.html,suspension_front,Strut
Laurel,250,Laurel 4-door Sedan 2000 Medalist (1983 : HJC31),1983,https://www.nissan-global.com/EN/HERITAGE_COLLECTION/laurel_sedan_2000.html,suspension_rear,4-link coil
Laurel,250,Laurel 4-door Sedan 2000 Medalist (1983 : HJC31),1983,https://www.nissan-global.com/EN/HERITAGE_COLLECTION/laurel_sedan_2000.html,brakes_front_rear,"Ventilated disc, drum"
Laurel,250,Laurel 4-door Sedan 2000 Medalist (1983 : HJC31),1983,https://www.nissan-global.com/EN/HERITAGE_COLLECTION/laurel_sedan_2000.html,tires,185/70SR-14 (front & rear)
Laurel,493,Nissan Laurel 4-door Hardtop Turbo Medalist Eminence (1984: GC32),1984,https://www.nissan-global.com/EN/HERITAGE_COLLECTION/493_laurel_turbo_medalist_eminence.html,overall_length_width_height,"4,675/1,690/1,390mm"
Laurel,493,Nissan Laurel 4-door Hardtop Turbo Medalist Eminence (1984: GC32),1984,https://www.nissan-global.com/EN/HERITAGE_COLLECTION/493_laurel_turbo_medalist_eminence.html,wheelbase,"2,670mm"
Laurel,493,Nissan Laurel 4-door Hardtop Turbo Medalist Eminence (1984: GC32),1984,https://www.nissan-global.com/EN/HERITAGE_COLLECTION/493_laurel_turbo_medalist_eminence.html,tread_front_rear,"1,420/1,415mm"
Laurel,493,Nissan Laurel 4-door Hardtop Turbo Medalist Eminence (1984: GC32),1984,https://www.nissan-global.com/EN/HERITAGE_COLLECTION/493_laurel_turbo_medalist_eminence.html,curb_weight,"1,400kg"
Laurel,493,Nissan Laurel 4-door Hardtop Turbo Medalist Eminence (1984: GC32),1984,https://www.nissan-global.com/EN/HERITAGE_COLLECTION/493_laurel_turbo_medalist_eminence.html,engine,"VG20ET (V6, OHC with turbo) 1,998cc"
Laurel,493,Nissan Laurel 4-door Hardtop Turbo Medalist Eminence (1984: GC32),1984,https://www.nissan-global.com/EN/HERITAGE_COLLECTION/493_laurel_turbo_medalist_eminence.html,engine_max_power,"125kw (170ps)/6,000rpm"
Laurel,493,Nissan Laurel 4-door Hardtop Turbo Medalist Eminence (1984: GC32),1984,https://www.nissan-global.com/EN/HERITAGE_COLLECTION/493_laurel_turbo_medalist_eminence.html,engine_max_torque,"216N·m (22.0kgf·m)/4,000rpm"
Laurel,493,Nissan Laurel 4-door Hardtop Turbo Medalist Eminence (1984: GC32),1984,https://www.nissan-global.com/EN/HERITAGE_COLLECTION/493_laurel_turbo_medalist_eminence.html,suspension_front_rear,Strut/Semi-trailing arm (independent)
Laurel,493,Nissan Laurel 4-door Hardtop Turbo Medalist Eminence (1984: GC32),1984,https://www.nissan-global.com/EN/HERITAGE_COLLECTION/493_laurel_turbo_medalist_eminence.html,brakes_front_rear,Ventilated disc/Disc
Laurel,493,Nissan Laurel 4-door Hardtop Turbo Medalist Eminence (1984: GC32),1984,https://www.nissan-global.com/EN/HERITAGE_COLLECTION/493_laurel_turbo_medalist_eminence.html,tires,195/70HR14
Laurel,252,Laurel RB20 Medalist (1990 : KHJC33),1990,https://www.nissan-global.com/EN/HERITAGE_COLLECTION/laurel_rb20.html,overall_length_width_height,"4,690/1,695/1,365mm"
Laurel,252,Laurel RB20 Medalist (1990 : KHJC33),1990,https://www.nissan-global.com/EN/HERITAGE_COLLECTION/laurel_rb20.html,wheelbase,"2,670mm"
Laurel,252,Laurel RB20 Medalist (1990 : KHJC33),1990,https://www.nissan-global.com/EN/HERITAGE_COLLECTION/laurel_rb20.html,tread_front_rear,"1,460/1,455mm"
Laurel,252,Laurel RB20 Medalist (1990 : KHJC33),1990,https://www.nissan-global.com/EN/HERITAGE_COLLECTION/laurel_rb20.html,curb_weight,"1,300kg"
Laurel,252,Laurel RB20 Medalist (1990 : KHJC33),1990,https://www.nissan-global.com/EN/HERITAGE_COLLECTION/laurel_rb20.html,engine,"RB20E (6-cyl. in-line, OHC), 1,998cc"
Laurel,252,Laurel RB20 Medalist (1990 : KHJC33),1990,https://www.nissan-global.com/EN/HERITAGE_COLLECTION/laurel_rb20.html,engine_max_power,"92kW (125PS)/5,600rpm"
Laurel,252,Laurel RB20 Medalist (1990 : KHJC33),1990,https://www.nissan-global.com/EN/HERITAGE_COLLECTION/laurel_rb20.html,engine_max_torque,"172Nm (17.5kgm)/4,400rpm"
Laurel,252,Laurel RB20 Medalist (1990 : KHJC33),1990,https://www.nissan-global.com/EN/HERITAGE_COLLECTION/laurel_rb20.html,suspension_front,Strut
Laurel,252,Laurel RB20 Medalist (1990 : KHJC33),1990,https://www.nissan-global.com/EN/HERITAGE_COLLECTION/laurel_rb20.html,suspension_rear,Multilink
Laurel,252,Laurel RB20 Medalist (1990 : KHJC33),1990,https://www.nissan-global.com/EN/HERITAGE_COLLECTION/laurel_rb20.html,brakes_front_rear,"Ventilated disc, drum"
Laurel,252,Laurel RB20 Medalist (1990 : KHJC33),1990,https://www.nissan-global.com/EN/HERITAGE_COLLECTION/laurel_rb20.html,tires,195/65SR-15 (front & rear)
Leopard,206,Leopard Turbo 2000SGX (1982 : PF30),1982,https://www.nissan-global.com/EN/HERITAGE_COLLECTION/leopard_turbo_2000sgx.html,overall_length_width_height,"4,630/1,690/1,345mm"
Leopard,206,Leopard Turbo 2000SGX (1982 : PF30),1982,https://www.nissan-global.com/EN/HERITAGE_COLLECTION/leopard_turbo_2000sgx.html,wheelbase,"2,625mm"
Leopard,206,Leopard Turbo 2000SGX (1982 : PF30),1982,https://www.nissan-global.com/EN/HERITAGE_COLLECTION/leopard_turbo_2000sgx.html,tread_front_rear,"1,400/1,385mm"
Leopard,206,Leopard Turbo 2000SGX (1982 : PF30),1982,https://www.nissan-global.com/EN/HERITAGE_COLLECTION/leopard_turbo_2000sgx.html,curb_weight,"1,250kg"
Leopard,206,Leopard Turbo 2000SGX (1982 : PF30),1982,https://www.nissan-global.com/EN/HERITAGE_COLLECTION/leopard_turbo_2000sgx.html,engine,"L20ET (V6, OHC), 1,998cc"
Leopard,206,Leopard Turbo 2000SGX (1982 : PF30),1982,https://www.nissan-global.com/EN/HERITAGE_COLLECTION/leopard_turbo_2000sgx.html,engine_max_power,"107kW (145PS)/5,600rpm"
Leopard,206,Leopard Turbo 2000SGX (1982 : PF30),1982,https://www.nissan-global.com/EN/HERITAGE_COLLECTION/leopard_turbo_2000sgx.html,engine_max_torque,"206Nm (21kgm)/3,200rpm"
Leopard,206,Leopard Turbo 2000SGX (1982 : PF30),1982,https://www.nissan-global.com/EN/HERITAGE_COLLECTION/leopard_turbo_2000sgx.html,transmission,"4-speed AT, floor shift"
Leopard,206,Leopard Turbo 2000SGX (1982 : PF30),1982,https://www.nissan-global.com/EN/HERITAGE_COLLECTION/leopard_turbo_2000sgx.html,suspension_front_rear,"Strut, semi trailing-arm"
Leopard,206,Leopard Turbo 2000SGX (1982 : PF30),1982,https://www.nissan-global.com/EN/HERITAGE_COLLECTION/leopard_turbo_2000sgx.html,brakes_front_rear,"Ventilated disc, disc"
Leopard,206,Leopard Turbo 2000SGX (1982 : PF30),1982,https://www.nissan-global.com/EN/HERITAGE_COLLECTION/leopard_turbo_2000sgx.html,tires,195/70SR14 (front & rear)
Leopard,322,Leopard 4-door Hardtop 200X ZGX (1985 : PF30),1985,https://www.nissan-global.com/EN/HERITAGE_COLLECTION/leopard_hardtop.html,overall_length_width_height,"4,630/1,690/1,355mm"
Leopard,322,Leopard 4-door Hardtop 200X ZGX (1985 : PF30),1985,https://www.nissan-global.com/EN/HERITAGE_COLLECTION/leopard_hardtop.html,wheelbase,"2,625mm"
Leopard,322,Leopard 4-door Hardtop 200X ZGX (1985 : PF30),1985,https://www.nissan-global.com/EN/HERITAGE_COLLECTION/leopard_hardtop.html,tread_front_rear,"1,400/1,385mm"
Leopard,322,Leopard 4-door Hardtop 200X ZGX (1985 : PF30),1985,https://www.nissan-global.com/EN/HERITAGE_COLLECTION/leopard_hardtop.html,curb_weight,"1,260kg"
Leopard,322,Leopard 4-door Hardtop 200X ZGX (1985 : PF30),1985,https://www.nissan-global.com/EN/HERITAGE_COLLECTION/leopard_hardtop.html,engine_lpg,"L20E (6-cyl. in-line, OHC), 1,998cc"
Leopard,322,Leopard 4-door Hardtop 200X ZGX (1985 : PF30),1985,https://www.nissan-global.com/EN/HERITAGE_COLLECTION/leopard_hardtop.html,engine_max_power,"92kW (125PS)/6,000rpm"
Leopard,322,Leopard 4-door Hardtop 200X ZGX (1985 : PF30),1985,https://www.nissan-global.com/EN/HERITAGE_COLLECTION/leopard_hardtop.html,engine_max_torque,"167Nm (17.0kgm)/4,400rpm"
Leopard,322,Leopard 4-door Hardtop 200X ZGX (1985 : PF30),1985,https://www.nissan-global.com/EN/HERITAGE_COLLECTION/leopard_hardtop.html,transmission,"3-speed AT, floor shift"
Leopard,322,Leopard 4-door Hardtop 200X ZGX (1985 : PF30),1985,https://www.nissan-global.com/EN/HERITAGE_COLLECTION/leopard_hardtop.html,suspension_front_rear,"Strut, semi trailing-arm"
Leopard,322,Leopard 4-door Hardtop 200X ZGX (1985 : PF30),1985,https://www.nissan-global.com/EN/HERITAGE_COLLECTION/leopard_hardtop.html,brakes_front_rear,"Ventilated disc, disc"
Leopard,322,Leopard 4-door Hardtop 200X ZGX (1985 : PF30),1985,https://www.nissan-global.com/EN/HERITAGE_COLLECTION/leopard_hardtop.html,tires,185/70R14 (front & rear)
Leopard,222,Leopard Turbo 200XS-II (1986 : GF31),1986,https://www.nissan-global.com/EN/HERITAGE_COLLECTION/leopard_turbo_200xs.html,overall_length_width_height,"4,680/1,690/1,370mm"
Leopard,222,Leopard Turbo 200XS-II (1986 : GF31),1986,https://www.nissan-global.com/EN/HERITAGE_COLLECTION/leopard_turbo_200xs.html,wheelbase,"2,615mm"
Leopard,222,Leopard Turbo 200XS-II (1986 : GF31),1986,https://www.nissan-global.com/EN/HERITAGE_COLLECTION/leopard_turbo_200xs.html,tread,"1,435mm (front & rear)"
Leopard,222,Leopard Turbo 200XS-II (1986 : GF31),1986,https://www.nissan-global.com/EN/HERITAGE_COLLECTION/leopard_turbo_200xs.html,curb_weight,"1,370kg"
Leopard,222,Leopard Turbo 200XS-II (1986 : GF31),1986,https://www.nissan-global.com/EN/HERITAGE_COLLECTION/leopard_turbo_200xs.html,engine,"L20ET (V6, OHC), 1,998cc"
Leopard,222,Leopard Turbo 200XS-II (1986 : GF31),1986,https://www.nissan-global.com/EN/HERITAGE_COLLECTION/leopard_turbo_200xs.html,engine_max_power,"114kW (155PS)/6,000rpm"
Leopard,222,Leopard Turbo 200XS-II (1986 : GF31),1986,https://www.nissan-global.com/EN/HERITAGE_COLLECTION/leopard_turbo_200xs.html,engine_max_torque,"209Nm (21.3kgm)/3,600rpm"
Leopard,222,Leopard Turbo 200XS-II (1986 : GF31),1986,https://www.nissan-global.com/EN/HERITAGE_COLLECTION/leopard_turbo_200xs.html,transmission,"4-speed AT, floor shift"
Leopard,222,Leopard Turbo 200XS-II (1986 : GF31),1986,https://www.nissan-global.com/EN/HERITAGE_COLLECTION/leopard_turbo_200xs.html,suspension_front_rear,"Strut, semi trailing-arm"
Leopard,222,Leopard Turbo 200XS-II (1986 : GF31),1986,https://www.nissan-global.com/EN/HERITAGE_COLLECTION/leopard_turbo_200xs.html,brakes_front_rear,"Ventilated disc, disc"
Leopard,222,Leopard Turbo 200XS-II (1986 : GF31),1986,https://www.nissan-global.com/EN/HERITAGE_COLLECTION/leopard_turbo_200xs.html,tires,205/60SR15 (front & rear)
Leopard,393,Leopard J.Ferie / Infiniti J30 (1992: JPY32),1992,https://www.nissan-global.com/EN/HERITAGE_COLLECTION/393_leopard_j-ferie.html,overall_length_width_height,"4,880/1,770/1,385mm"
Leopard,393,Leopard J.Ferie / Infiniti J30 (1992: JPY32),1992,https://www.nissan-global.com/EN/HERITAGE_COLLECTION/393_leopard_j-ferie.html,wheelbase,"2,760mm"
Leopard,393,Leopard J.Ferie / Infiniti J30 (1992: JPY32),1992,https://www.nissan-global.com/EN/HERITAGE_COLLECTION/393_leopard_j-ferie.html,tread_front_rear,"1,500/1,495mm"
Leopard,393,Leopard J.Ferie / Infiniti J30 (1992: JPY32),1992,https://www.nissan-global.com/EN/HERITAGE_COLLECTION/393_leopard_j-ferie.html,curb_weight,"1,540kg"
Leopard,393,Leopard J.Ferie / Infiniti J30 (1992: JPY32),1992,https://www.nissan-global.com/EN/HERITAGE_COLLECTION/393_leopard_j-ferie.html,engine,"VG30DE (V6, 4-valve DOHC) 2,960cc"
Leopard,393,Leopard J.Ferie / Infiniti J30 (1992: JPY32),1992,https://www.nissan-global.com/EN/HERITAGE_COLLECTION/393_leopard_j-ferie.html,engine_max_power,"147kW(200ps)/6,000rpm"
Leopard,393,Leopard J.Ferie / Infiniti J30 (1992: JPY32),1992,https://www.nissan-global.com/EN/HERITAGE_COLLECTION/393_leopard_j-ferie.html,engine_max_torque,"260N·m(26.5kgm)/4,400rpm"
Leopard,393,Leopard J.Ferie / Infiniti J30 (1992: JPY32),1992,https://www.nissan-global.com/EN/HERITAGE_COLLECTION/393_leopard_j-ferie.html,suspension_front_rear,Strut / Multi-link
Leopard,393,Leopard J.Ferie / Infiniti J30 (1992: JPY32),1992,https://www.nissan-global.com/EN/HERITAGE_COLLECTION/393_leopard_j-ferie.html,brakes_front_rear,Ventilated disc / Ventilated disc
Leopard,393,Leopard J.Ferie / Infiniti J30 (1992: JPY32),1992,https://www.nissan-global.com/EN/HERITAGE_COLLECTION/393_leopard_j-ferie.html,tires,215/60R15 94H
March,098,March Super Silhouette (1982 : K10),1982,https://www.nissan-global.com/EN/HERITAGE_COLLECTION/march_super_silhouette.html,overall_length_width_height,"3,735/1,580/1,335mm"
March,098,March Super Silhouette (1982 : K10),1982,https://www.nissan-global.com/EN/HERITAGE_COLLECTION/march_super_silhouette.html,wheelbase,"2,300mm"
March,098,March Super Silhouette (1982 : K10),1982,https://www.nissan-global.com/EN/HERITAGE_COLLECTION/march_super_silhouette.html,tread_front_rear,"1,460/1,480mm"
March,098,March Super Silhouette (1982 : K10),1982,https://www.nissan-global.com/EN/HERITAGE_COLLECTION/march_super_silhouette.html,engine,"E15 (4-cyl. in line, OHC), 1,487cc"
March,098,March Super Silhouette (1982 : K10),1982,https://www.nissan-global.com/EN/HERITAGE_COLLECTION/march_super_silhouette.html,enginemax_power,"118kW (160PS)/8,000rpm"
March,098,March Super Silhouette (1982 : K10),1982,https://www.nissan-global.com/EN/HERITAGE_COLLECTION/march_super_silhouette.html,enginemax_torque,"172Nm (17.5kgm)/6,400rpm"
March,098,March Super Silhouette (1982 : K10),1982,https://www.nissan-global.com/EN/HERITAGE_COLLECTION/march_super_silhouette.html,transmission,5-speed
March,098,March Super Silhouette (1982 : K10),1982,https://www.nissan-global.com/EN/HERITAGE_COLLECTION/march_super_silhouette.html,brakes_front_rear,Disc/drum
March,098,March Super Silhouette (1982 : K10),1982,https://www.nissan-global.com/EN/HERITAGE_COLLECTION/march_super_silhouette.html,suspension_front_rear,Strut/4-link
March,098,March Super Silhouette (1982 : K10),1982,https://www.nissan-global.com/EN/HERITAGE_COLLECTION/march_super_silhouette.html,tires,8.50/20.0-13
March,187,March Collet (1985 : K10),1985,https://www.nissan-global.com/EN/HERITAGE_COLLECTION/march_collet.html,overall_length_width_height,"3,645/1,560/1,395mm"
March,187,March Collet (1985 : K10),1985,https://www.nissan-global.com/EN/HERITAGE_COLLECTION/march_collet.html,wheelbase,"2,300mm"
March,187,March Collet (1985 : K10),1985,https://www.nissan-global.com/EN/HERITAGE_COLLECTION/march_collet.html,tread_front_rear,"1,345/1,330mm"
March,187,March Collet (1985 : K10),1985,https://www.nissan-global.com/EN/HERITAGE_COLLECTION/march_collet.html,curb_weight,655kg
March,187,March Collet (1985 : K10),1985,https://www.nissan-global.com/EN/HERITAGE_COLLECTION/march_collet.html,engine,"MA10 (4-cyl. in line, OHC), 987cc"
March,187,March Collet (1985 : K10),1985,https://www.nissan-global.com/EN/HERITAGE_COLLECTION/march_collet.html,engine_max_power,"42kW (57PS)/6,000rpm"
March,187,March Collet (1985 : K10),1985,https://www.nissan-global.com/EN/HERITAGE_COLLECTION/march_collet.html,engine_max_torque,"78Nm (8.0kgm)/3,600rpm"
March,187,March Collet (1985 : K10),1985,https://www.nissan-global.com/EN/HERITAGE_COLLECTION/march_collet.html,suspension_front,Strut
March,187,March Collet (1985 : K10),1985,https://www.nissan-global.com/EN/HERITAGE_COLLECTION/march_collet.html,suspension_rear,4-link coil
March,187,March Collet (1985 : K10),1985,https://www.nissan-global.com/EN/HERITAGE_COLLECTION/march_collet.html,brakes_front_rear,Disc/drum
March,187,March Collet (1985 : K10),1985,https://www.nissan-global.com/EN/HERITAGE_COLLECTION/march_collet.html,tires_wheels,145SR12
March,134,Nissan March Super Turbo (1987: K10),1987,https://www.nissan-global.com/EN/HERITAGE_COLLECTION/march_super_turbo.html,overall_length_width_height,"3,890/1,690/1,420mm"
March,134,Nissan March Super Turbo (1987: K10),1987,https://www.nissan-global.com/EN/HERITAGE_COLLECTION/march_super_turbo.html,wheelbase,"2,300mm"
March,134,Nissan March Super Turbo (1987: K10),1987,https://www.nissan-global.com/EN/HERITAGE_COLLECTION/march_super_turbo.html,tread_front_rear,"1,350/1,330mm"
March,134,Nissan March Super Turbo (1987: K10),1987,https://www.nissan-global.com/EN/HERITAGE_COLLECTION/march_super_turbo.html,curb_weight,620kg
March,134,Nissan March Super Turbo (1987: K10),1987,https://www.nissan-global.com/EN/HERITAGE_COLLECTION/march_super_turbo.html,engine,"MA09 (4-cyl. in line, OHC), 930cc"
March,134,Nissan March Super Turbo (1987: K10),1987,https://www.nissan-global.com/EN/HERITAGE_COLLECTION/march_super_turbo.html,engine_max_power,"81kW (110PS)/6,400rpm"
March,134,Nissan March Super Turbo (1987: K10),1987,https://www.nissan-global.com/EN/HERITAGE_COLLECTION/march_super_turbo.html,engine_max_torque,"130N·m (13.3kgm)/4,800rpm"
March,134,Nissan March Super Turbo (1987: K10),1987,https://www.nissan-global.com/EN/HERITAGE_COLLECTION/march_super_turbo.html,charger,Turbo + supercharger
March,134,Nissan March Super Turbo (1987: K10),1987,https://www.nissan-global.com/EN/HERITAGE_COLLECTION/march_super_turbo.html,transmission,5-speed
March,134,Nissan March Super Turbo (1987: K10),1987,https://www.nissan-global.com/EN/HERITAGE_COLLECTION/march_super_turbo.html,brakes_front_rear,Disc/drum
March,134,Nissan March Super Turbo (1987: K10),1987,https://www.nissan-global.com/EN/HERITAGE_COLLECTION/march_super_turbo.html,tires_wheels,185/60-14 (6JJx14)
March,186,March Collet Canvas top (1989 : K10),1989,https://www.nissan-global.com/EN/HERITAGE_COLLECTION/march_collet_canvas.html,overall_length_width_height,"3,735/1,560/1,395mm"
March,186,March Collet Canvas top (1989 : K10),1989,https://www.nissan-global.com/EN/HERITAGE_COLLECTION/march_collet_canvas.html,wheelbase,"2,300mm"
March,186,March Collet Canvas top (1989 : K10),1989,https://www.nissan-global.com/EN/HERITAGE_COLLECTION/march_collet_canvas.html,tread,"1,345/1,335mm"
March,186,March Collet Canvas top (1989 : K10),1989,https://www.nissan-global.com/EN/HERITAGE_COLLECTION/march_collet_canvas.html,curb_weight,720kg
March,186,March Collet Canvas top (1989 : K10),1989,https://www.nissan-global.com/EN/HERITAGE_COLLECTION/march_collet_canvas.html,engine,"MA10S (4-cyl. inline, OHC) 987cc"
March,186,March Collet Canvas top (1989 : K10),1989,https://www.nissan-global.com/EN/HERITAGE_COLLECTION/march_collet_canvas.html,engine_max_power,"38kw(52PS)/6,000rpm"
March,186,March Collet Canvas top (1989 : K10),1989,https://www.nissan-global.com/EN/HERITAGE_COLLECTION/march_collet_canvas.html,engine_max_torque,"74N·m(7.6kgm)/3,600rpm"
March,186,March Collet Canvas top (1989 : K10),1989,https://www.nissan-global.com/EN/HERITAGE_COLLECTION/march_collet_canvas.html,suspension_front_rear,Strut / 4-link
March,186,March Collet Canvas top (1989 : K10),1989,https://www.nissan-global.com/EN/HERITAGE_COLLECTION/march_collet_canvas.html,brakes_front_rear,Disc / Drum
March,186,March Collet Canvas top (1989 : K10),1989,https://www.nissan-global.com/EN/HERITAGE_COLLECTION/march_collet_canvas.html,tires,145SR12
March,404,March 1.0 iz-f (1993: K11),1993,https://www.nissan-global.com/EN/HERITAGE_COLLECTION/404_march_1-0_iz-f.html,overall_length_width_height,"3,695/1,585/1,425mm"
March,404,March 1.0 iz-f (1993: K11),1993,https://www.nissan-global.com/EN/HERITAGE_COLLECTION/404_march_1-0_iz-f.html,wheelbase,"2,360mm"
March,404,March 1.0 iz-f (1993: K11),1993,https://www.nissan-global.com/EN/HERITAGE_COLLECTION/404_march_1-0_iz-f.html,tread_front_rear,"1,365/1,325mm"
March,404,March 1.0 iz-f (1993: K11),1993,https://www.nissan-global.com/EN/HERITAGE_COLLECTION/404_march_1-0_iz-f.html,curb_weight,790kg
March,404,March 1.0 iz-f (1993: K11),1993,https://www.nissan-global.com/EN/HERITAGE_COLLECTION/404_march_1-0_iz-f.html,engine,"CG10DE (4-cyl. In line, 4-valve DOHC) 997cc"
March,404,March 1.0 iz-f (1993: K11),1993,https://www.nissan-global.com/EN/HERITAGE_COLLECTION/404_march_1-0_iz-f.html,engine_max_power,"43kW(58ps)/6,000rpm"
March,404,March 1.0 iz-f (1993: K11),1993,https://www.nissan-global.com/EN/HERITAGE_COLLECTION/404_march_1-0_iz-f.html,engine_max_torque,"79N·m(8.1kgm)/4,000rpm"
March,404,March 1.0 iz-f (1993: K11),1993,https://www.nissan-global.com/EN/HERITAGE_COLLECTION/404_march_1-0_iz-f.html,suspension_front_rear,Strut / 5-link
March,404,March 1.0 iz-f (1993: K11),1993,https://www.nissan-global.com/EN/HERITAGE_COLLECTION/404_march_1-0_iz-f.html,brakes_front_rear,Ventilated disc / Drum
March,404,March 1.0 iz-f (1993: K11),1993,https://www.nissan-global.com/EN/HERITAGE_COLLECTION/404_march_1-0_iz-f.html,tires,155/70R13 75S
March,312,March 5-door i-z SG package (1994: K11),1994,https://www.nissan-global.com/EN/HERITAGE_COLLECTION/March_5-door_i-z_SG_package.html,overall_length_width_height,"3,695/1,585/1,425mm"
March,312,March 5-door i-z SG package (1994: K11),1994,https://www.nissan-global.com/EN/HERITAGE_COLLECTION/March_5-door_i-z_SG_package.html,wheelbase,"2,360mm"
March,312,March 5-door i-z SG package (1994: K11),1994,https://www.nissan-global.com/EN/HERITAGE_COLLECTION/March_5-door_i-z_SG_package.html,tread,"1,365/1,325mm"
March,312,March 5-door i-z SG package (1994: K11),1994,https://www.nissan-global.com/EN/HERITAGE_COLLECTION/March_5-door_i-z_SG_package.html,curb_weight,800kg
March,312,March 5-door i-z SG package (1994: K11),1994,https://www.nissan-global.com/EN/HERITAGE_COLLECTION/March_5-door_i-z_SG_package.html,engine,"CG10DE (4-cyl. In line, 4-valve DOHC) 997cc"
March,312,March 5-door i-z SG package (1994: K11),1994,https://www.nissan-global.com/EN/HERITAGE_COLLECTION/March_5-door_i-z_SG_package.html,engine_max_power,"43kW(58ps)/6,000rpm"
March,312,March 5-door i-z SG package (1994: K11),1994,https://www.nissan-global.com/EN/HERITAGE_COLLECTION/March_5-door_i-z_SG_package.html,engine_max_torque,"79N·m(8.1kgm)/4,000rpm"
March,312,March 5-door i-z SG package (1994: K11),1994,https://www.nissan-global.com/EN/HERITAGE_COLLECTION/March_5-door_i-z_SG_package.html,suspension_front_rear,Strut / 5-link
March,312,March 5-door i-z SG package (1994: K11),1994,https://www.nissan-global.com/EN/HERITAGE_COLLECTION/March_5-door_i-z_SG_package.html,brakes_front_rear,Ventilated disc / Drum
March,312,March 5-door i-z SG package (1994: K11),1994,https://www.nissan-global.com/EN/HERITAGE_COLLECTION/March_5-door_i-z_SG_package.html,tires,155/70R13 75S
March,433,Nissan March Super Turbo (1990: EK10),1990,https://www.nissan-global.com/EN/HERITAGE_COLLECTION/433_march_super_turbo.html,overall_length_width_height,"3,735/1,590/1,395mm"
March,433,Nissan March Super Turbo (1990: EK10),1990,https://www.nissan-global.com/EN/HERITAGE_COLLECTION/433_march_super_turbo.html,wheelbase,"2,300mm"
March,433,Nissan March Super Turbo (1990: EK10),1990,https://www.nissan-global.com/EN/HERITAGE_COLLECTION/433_march_super_turbo.html,tread,"1,350/1,335mm"
March,433,Nissan March Super Turbo (1990: EK10),1990,https://www.nissan-global.com/EN/HERITAGE_COLLECTION/433_march_super_turbo.html,curb_weight,770kg
March,433,Nissan March Super Turbo (1990: EK10),1990,https://www.nissan-global.com/EN/HERITAGE_COLLECTION/433_march_super_turbo.html,engine,"MA09ERT (4-cyl. inline, OHC, Turbo+Supercharger) 930cc"
March,433,Nissan March Super Turbo (1990: EK10),1990,https://www.nissan-global.com/EN/HERITAGE_COLLECTION/433_march_super_turbo.html,engine_max_power,"81kW(110ps)/6,400rpm"
March,433,Nissan March Super Turbo (1990: EK10),1990,https://www.nissan-global.com/EN/HERITAGE_COLLECTION/433_march_super_turbo.html,engine_max_torque,"130N·m(13.3kgf·m)/4,800rpm"
March,433,Nissan March Super Turbo (1990: EK10),1990,https://www.nissan-global.com/EN/HERITAGE_COLLECTION/433_march_super_turbo.html,suspension_front_rear,Strut/4-link
March,433,Nissan March Super Turbo (1990: EK10),1990,https://www.nissan-global.com/EN/HERITAGE_COLLECTION/433_march_super_turbo.html,brakes_front_rear,Ventilated disc/Drum
March,433,Nissan March Super Turbo (1990: EK10),1990,https://www.nissan-global.com/EN/HERITAGE_COLLECTION/433_march_super_turbo.html,tires,175/65R13
Maxima,331,Maxima SE (1990 : J30),1990,https://www.nissan-global.com/EN/HERITAGE_COLLECTION/maxima_se.html,overall_length_width_height,"4,765/1,760/1,395mm"
Maxima,331,Maxima SE (1990 : J30),1990,https://www.nissan-global.com/EN/HERITAGE_COLLECTION/maxima_se.html,wheelbase,"2,650mm"
Maxima,331,Maxima SE (1990 : J30),1990,https://www.nissan-global.com/EN/HERITAGE_COLLECTION/maxima_se.html,tread_front_rear,"1,510/1,490mm"
Maxima,331,Maxima SE (1990 : J30),1990,https://www.nissan-global.com/EN/HERITAGE_COLLECTION/maxima_se.html,curb_weight,"1,370kg"
Maxima,331,Maxima SE (1990 : J30),1990,https://www.nissan-global.com/EN/HERITAGE_COLLECTION/maxima_se.html,engine,"VG30E (V6, OHC), 2,960cc"
Maxima,331,Maxima SE (1990 : J30),1990,https://www.nissan-global.com/EN/HERITAGE_COLLECTION/maxima_se.html,engine_max_power,"118W (160PS)/5,200rpm"
Maxima,331,Maxima SE (1990 : J30),1990,https://www.nissan-global.com/EN/HERITAGE_COLLECTION/maxima_se.html,engine_max_torque,"248Nm (25.3kgm)/3,200rpm"
Maxima,331,Maxima SE (1990 : J30),1990,https://www.nissan-global.com/EN/HERITAGE_COLLECTION/maxima_se.html,transmission,Full-range electronic 4-speed AT
Maxima,331,Maxima SE (1990 : J30),1990,https://www.nissan-global.com/EN/HERITAGE_COLLECTION/maxima_se.html,suspension_front_rear,"Strut independent, parallel-link independent"
Maxima,331,Maxima SE (1990 : J30),1990,https://www.nissan-global.com/EN/HERITAGE_COLLECTION/maxima_se.html,brakes_front_rear,"Ventilated disc, disc"
Maxima,331,Maxima SE (1990 : J30),1990,https://www.nissan-global.com/EN/HERITAGE_COLLECTION/maxima_se.html,tires_wheels,205/60R15 (aluminum 6JJx15)
Nissan,008,NISSAN Van (1939 : 81),1939,https://www.nissan-global.com/EN/HERITAGE_COLLECTION/nissan_van.html,overall_length_width_height,"6,338/2,161/2,655 mm"
Nissan,008,NISSAN Van (1939 : 81),1939,https://www.nissan-global.com/EN/HERITAGE_COLLECTION/nissan_van.html,wheelbase,"3,251mm"
Nissan,008,NISSAN Van (1939 : 81),1939,https://www.nissan-global.com/EN/HERITAGE_COLLECTION/nissan_van.html,tread,"1,664/1,600mm"
Nissan,008,NISSAN Van (1939 : 81),1939,https://www.nissan-global.com/EN/HERITAGE_COLLECTION/nissan_van.html,curb_weight,"3,315kg"
Nissan,008,NISSAN Van (1939 : 81),1939,https://www.nissan-global.com/EN/HERITAGE_COLLECTION/nissan_van.html,engine,"AT (6-cyl. inline, side valve) 3,670cc"
Nissan,008,NISSAN Van (1939 : 81),1939,https://www.nissan-global.com/EN/HERITAGE_COLLECTION/nissan_van.html,engine_max_power,"63kW(85ps)/3,400rpm"
Nissan,008,NISSAN Van (1939 : 81),1939,https://www.nissan-global.com/EN/HERITAGE_COLLECTION/nissan_van.html,engine_max_torque,"226N·m(23.0kgf·m)/1,200rpm"
Nissan,008,NISSAN Van (1939 : 81),1939,https://www.nissan-global.com/EN/HERITAGE_COLLECTION/nissan_van.html,suspension_front_rear,Parallel leaf/Parallel leaf
Nissan,008,NISSAN Van (1939 : 81),1939,https://www.nissan-global.com/EN/HERITAGE_COLLECTION/nissan_van.html,brakes_front_rear,Drum/Drum
Nissan,008,NISSAN Van (1939 : 81),1939,https://www.nissan-global.com/EN/HERITAGE_COLLECTION/nissan_van.html,tires,6.50-20
Nissan,008,NISSAN Van (1939 : 81),1939,https://www.nissan-global.com/EN/HERITAGE_COLLECTION/nissan_van.html,other,Skill Olympics expertise and youthful passion resurrect the 1939 Nissan 80 van.
Nissan,007,NISSAN Passenger Car (1938: 70),1938,https://www.nissan-global.com/EN/HERITAGE_COLLECTION/nissan_passenger_car.html,overall_length,"4,750mm"
Nissan,007,NISSAN Passenger Car (1938: 70),1938,https://www.nissan-global.com/EN/HERITAGE_COLLECTION/nissan_passenger_car.html,overall_width,"1,720mm"
Nissan,007,NISSAN Passenger Car (1938: 70),1938,https://www.nissan-global.com/EN/HERITAGE_COLLECTION/nissan_passenger_car.html,overall_height,"1,750mm"
Nissan,007,NISSAN Passenger Car (1938: 70),1938,https://www.nissan-global.com/EN/HERITAGE_COLLECTION/nissan_passenger_car.html,wheelbase,"2,794mm"
Nissan,007,NISSAN Passenger Car (1938: 70),1938,https://www.nissan-global.com/EN/HERITAGE_COLLECTION/nissan_passenger_car.html,curb_weight,"1,410kg"
Nissan,007,NISSAN Passenger Car (1938: 70),1938,https://www.nissan-global.com/EN/HERITAGE_COLLECTION/nissan_passenger_car.html,engine,"Type A (6-cyl. in line, SV), 3,670cc"
Nissan,007,NISSAN Passenger Car (1938: 70),1938,https://www.nissan-global.com/EN/HERITAGE_COLLECTION/nissan_passenger_car.html,engine_max_power,"63kW (85PS)/3,400rpm"
Nissan,007,NISSAN Passenger Car (1938: 70),1938,https://www.nissan-global.com/EN/HERITAGE_COLLECTION/nissan_passenger_car.html,engine_max_torque,"226Nm (23kgm)/1,200rpm"
Nissan,007,NISSAN Passenger Car (1938: 70),1938,https://www.nissan-global.com/EN/HERITAGE_COLLECTION/nissan_passenger_car.html,tires,6.00-16-4PR
Nissan,007,NISSAN Passenger Car (1938: 70),1938,https://www.nissan-global.com/EN/HERITAGE_COLLECTION/nissan_passenger_car.html,seating_capacity,5 or 7
Nissan,007,NISSAN Passenger Car (1938: 70),1938,https://www.nissan-global.com/EN/HERITAGE_COLLECTION/nissan_passenger_car.html,top_speed,80km/h
Nissan,007,NISSAN Passenger Car (1938: 70),1938,https://www.nissan-global.com/EN/HERITAGE_COLLECTION/nissan_passenger_car.html,other,Skill Olympics expertise and youthful passion resurrect the 1939 Nissan 80 van.
Prairie Terrano,159,Prairie JW-G (1984 : M10),1984,https://www.nissan-global.com/EN/HERITAGE_COLLECTION/Prairie_JW_G.html,overall_length_width_height,"4,090/1,655/1,600mm"
Prairie Terrano,159,Prairie JW-G (1984 : M10),1984,https://www.nissan-global.com/EN/HERITAGE_COLLECTION/Prairie_JW_G.html,wheelbase,"2,510mm"
Prairie Terrano,159,Prairie JW-G (1984 : M10),1984,https://www.nissan-global.com/EN/HERITAGE_COLLECTION/Prairie_JW_G.html,tread_front_rear,"1,430/1,390mm"
Prairie Terrano,159,Prairie JW-G (1984 : M10),1984,https://www.nissan-global.com/EN/HERITAGE_COLLECTION/Prairie_JW_G.html,curb_weight,"1,020kg"
Prairie Terrano,159,Prairie JW-G (1984 : M10),1984,https://www.nissan-global.com/EN/HERITAGE_COLLECTION/Prairie_JW_G.html,engine,"CA18 (4-cyl. in line, OHC), 1,809cc"
Prairie Terrano,159,Prairie JW-G (1984 : M10),1984,https://www.nissan-global.com/EN/HERITAGE_COLLECTION/Prairie_JW_G.html,engine_max_power,"74kW (100PS)/5,600rpm"
Prairie Terrano,159,Prairie JW-G (1984 : M10),1984,https://www.nissan-global.com/EN/HERITAGE_COLLECTION/Prairie_JW_G.html,engine_max_torque,"149Nm (15.2kgm)/2,800rpm"
Prairie Terrano,159,Prairie JW-G (1984 : M10),1984,https://www.nissan-global.com/EN/HERITAGE_COLLECTION/Prairie_JW_G.html,suspension_front,Strut
Prairie Terrano,159,Prairie JW-G (1984 : M10),1984,https://www.nissan-global.com/EN/HERITAGE_COLLECTION/Prairie_JW_G.html,suspension_rear,Trailing-arm
Prairie Terrano,159,Prairie JW-G (1984 : M10),1984,https://www.nissan-global.com/EN/HERITAGE_COLLECTION/Prairie_JW_G.html,tires,165SR13 (front & rear)
Prairie Terrano,507,Nissan Prairie J7 ATTESA (1989: NM11),1989,https://www.nissan-global.com/EN/HERITAGE_COLLECTION/507_nissan_prairie_j7_attesa.html,overall_length_width_height,"4,350/1,690/1,650mm"
Prairie Terrano,507,Nissan Prairie J7 ATTESA (1989: NM11),1989,https://www.nissan-global.com/EN/HERITAGE_COLLECTION/507_nissan_prairie_j7_attesa.html,wheelbase,"2,595mm"
Prairie Terrano,507,Nissan Prairie J7 ATTESA (1989: NM11),1989,https://www.nissan-global.com/EN/HERITAGE_COLLECTION/507_nissan_prairie_j7_attesa.html,tread_front_rear,"1,460/1,430mm"
Prairie Terrano,507,Nissan Prairie J7 ATTESA (1989: NM11),1989,https://www.nissan-global.com/EN/HERITAGE_COLLECTION/507_nissan_prairie_j7_attesa.html,curb_weight,"1,360kg"
Prairie Terrano,507,Nissan Prairie J7 ATTESA (1989: NM11),1989,https://www.nissan-global.com/EN/HERITAGE_COLLECTION/507_nissan_prairie_j7_attesa.html,engine,"CA20S (4-cyl. Inline, OHC) 1,973cc"
Prairie Terrano,507,Nissan Prairie J7 ATTESA (1989: NM11),1989,https://www.nissan-global.com/EN/HERITAGE_COLLECTION/507_nissan_prairie_j7_attesa.html,engine_max_power,"67kW (91ps)/5,200rpm"
Prairie Terrano,507,Nissan Prairie J7 ATTESA (1989: NM11),1989,https://www.nissan-global.com/EN/HERITAGE_COLLECTION/507_nissan_prairie_j7_attesa.html,engine_max_torque,"145N·m (14.8kgf·m)/2,800rpm"
Prairie Terrano,507,Nissan Prairie J7 ATTESA (1989: NM11),1989,https://www.nissan-global.com/EN/HERITAGE_COLLECTION/507_nissan_prairie_j7_attesa.html,suspension_front_rear,Strut/Parallel link strut (independent)
Prairie Terrano,507,Nissan Prairie J7 ATTESA (1989: NM11),1989,https://www.nissan-global.com/EN/HERITAGE_COLLECTION/507_nissan_prairie_j7_attesa.html,brakes_front_rear,Ventilated disc/Drum
Prairie Terrano,507,Nissan Prairie J7 ATTESA (1989: NM11),1989,https://www.nissan-global.com/EN/HERITAGE_COLLECTION/507_nissan_prairie_j7_attesa.html,tires,185/70R14 87S All Season
Prairie Terrano,194,Terrano (Pathfinder) V6-3000 R3M (1990 : WHYD21),1990,https://www.nissan-global.com/EN/HERITAGE_COLLECTION/terrano_v6_3000.html,overall_length_width_height,"4,365/1,690/1,680mm"
Prairie Terrano,194,Terrano (Pathfinder) V6-3000 R3M (1990 : WHYD21),1990,https://www.nissan-global.com/EN/HERITAGE_COLLECTION/terrano_v6_3000.html,wheelbase,"2,650mm"
Prairie Terrano,194,Terrano (Pathfinder) V6-3000 R3M (1990 : WHYD21),1990,https://www.nissan-global.com/EN/HERITAGE_COLLECTION/terrano_v6_3000.html,tread,"1,445/1,430mm"
Prairie Terrano,194,Terrano (Pathfinder) V6-3000 R3M (1990 : WHYD21),1990,https://www.nissan-global.com/EN/HERITAGE_COLLECTION/terrano_v6_3000.html,curb_weight,"1,720kg"
Prairie Terrano,194,Terrano (Pathfinder) V6-3000 R3M (1990 : WHYD21),1990,https://www.nissan-global.com/EN/HERITAGE_COLLECTION/terrano_v6_3000.html,engine,"VG30E (V6, OHC) 2,960cc"
Prairie Terrano,194,Terrano (Pathfinder) V6-3000 R3M (1990 : WHYD21),1990,https://www.nissan-global.com/EN/HERITAGE_COLLECTION/terrano_v6_3000.html,engine_max_power,"114kW(155ps)/4,800rpm"
Prairie Terrano,194,Terrano (Pathfinder) V6-3000 R3M (1990 : WHYD21),1990,https://www.nissan-global.com/EN/HERITAGE_COLLECTION/terrano_v6_3000.html,engine_max_torque,"248N·m(25.3kgf·m)/4,000rpm"
Prairie Terrano,194,Terrano (Pathfinder) V6-3000 R3M (1990 : WHYD21),1990,https://www.nissan-global.com/EN/HERITAGE_COLLECTION/terrano_v6_3000.html,suspension_front_rear,Double wishbone torsion bar / 5-link
Prairie Terrano,194,Terrano (Pathfinder) V6-3000 R3M (1990 : WHYD21),1990,https://www.nissan-global.com/EN/HERITAGE_COLLECTION/terrano_v6_3000.html,brakes_front_rear,Ventilated disc / Ventilated disc
Prairie Terrano,194,Terrano (Pathfinder) V6-3000 R3M (1990 : WHYD21),1990,https://www.nissan-global.com/EN/HERITAGE_COLLECTION/terrano_v6_3000.html,tires,215SR15
Prairie Terrano,132,Terrano Rally Car (1996 : R50),1996,https://www.nissan-global.com/EN/HERITAGE_COLLECTION/2Terrano_Rally_Car.html,overall_length_width_height,"4,530/1,840/1,750mm"
Prairie Terrano,132,Terrano Rally Car (1996 : R50),1996,https://www.nissan-global.com/EN/HERITAGE_COLLECTION/2Terrano_Rally_Car.html,wheelbase,"2,700mm"
Prairie Terrano,132,Terrano Rally Car (1996 : R50),1996,https://www.nissan-global.com/EN/HERITAGE_COLLECTION/2Terrano_Rally_Car.html,tread_front_rear,"1,520/1,525mm"
Prairie Terrano,132,Terrano Rally Car (1996 : R50),1996,https://www.nissan-global.com/EN/HERITAGE_COLLECTION/2Terrano_Rally_Car.html,curb_weight,"1,850kg"
Prairie Terrano,132,Terrano Rally Car (1996 : R50),1996,https://www.nissan-global.com/EN/HERITAGE_COLLECTION/2Terrano_Rally_Car.html,engine,"VG33E (V6, OHC), 3,274cc"
Prairie Terrano,132,Terrano Rally Car (1996 : R50),1996,https://www.nissan-global.com/EN/HERITAGE_COLLECTION/2Terrano_Rally_Car.html,engine_max_power,"125kW (170PS)/4,800rpm"
Prairie Terrano,132,Terrano Rally Car (1996 : R50),1996,https://www.nissan-global.com/EN/HERITAGE_COLLECTION/2Terrano_Rally_Car.html,engine_max_torque,266Nm (27.1kgm)
Prairie Terrano,132,Terrano Rally Car (1996 : R50),1996,https://www.nissan-global.com/EN/HERITAGE_COLLECTION/2Terrano_Rally_Car.html,suspension_front,Strut
Prairie Terrano,132,Terrano Rally Car (1996 : R50),1996,https://www.nissan-global.com/EN/HERITAGE_COLLECTION/2Terrano_Rally_Car.html,suspension_rear,5-link coil
Prairie Terrano,132,Terrano Rally Car (1996 : R50),1996,https://www.nissan-global.com/EN/HERITAGE_COLLECTION/2Terrano_Rally_Car.html,tires_falken,215/85R16 (front & rear)
Prairie Terrano,179,Terrano Rally Car (2000 : R50),2000,https://www.nissan-global.com/EN/HERITAGE_COLLECTION/Terrano_Rally_Car.html,overall_length_width_height,"4,640/1,820/1,900mm"
Prairie Terrano,179,Terrano Rally Car (2000 : R50),2000,https://www.nissan-global.com/EN/HERITAGE_COLLECTION/Terrano_Rally_Car.html,wheelbase,"2,700mm"
Prairie Terrano,179,Terrano Rally Car (2000 : R50),2000,https://www.nissan-global.com/EN/HERITAGE_COLLECTION/Terrano_Rally_Car.html,tread_front_rear,"1,520/1,525mm"
Prairie Terrano,179,Terrano Rally Car (2000 : R50),2000,https://www.nissan-global.com/EN/HERITAGE_COLLECTION/Terrano_Rally_Car.html,engine,"VG33E (V6, OHC), 3,274cc"
Prairie Terrano,179,Terrano Rally Car (2000 : R50),2000,https://www.nissan-global.com/EN/HERITAGE_COLLECTION/Terrano_Rally_Car.html,enginemax_power,"129kW (175PS)/5,600rpm"
Prairie Terrano,179,Terrano Rally Car (2000 : R50),2000,https://www.nissan-global.com/EN/HERITAGE_COLLECTION/Terrano_Rally_Car.html,enginemax_torque,"265Nm (27.0kgm)/2,800rpm"
Prairie Terrano,179,Terrano Rally Car (2000 : R50),2000,https://www.nissan-global.com/EN/HERITAGE_COLLECTION/Terrano_Rally_Car.html,suspension_front,Strut
Prairie Terrano,179,Terrano Rally Car (2000 : R50),2000,https://www.nissan-global.com/EN/HERITAGE_COLLECTION/Terrano_Rally_Car.html,suspension_rear,5-link coil
Prairie Terrano,179,Terrano Rally Car (2000 : R50),2000,https://www.nissan-global.com/EN/HERITAGE_COLLECTION/Terrano_Rally_Car.html,brakes_front_rear,Disc/drum
Prairie Terrano,179,Terrano Rally Car (2000 : R50),2000,https://www.nissan-global.com/EN/HERITAGE_COLLECTION/Terrano_Rally_Car.html,tires_michelin,16/78-16 (front & rear)
Prairie Terrano,179,Terrano Rally Car (2000 : R50),2000,https://www.nissan-global.com/EN/HERITAGE_COLLECTION/Terrano_Rally_Car.html,fuel_tank_capacity,300 liters
Prairie Terrano,450,Prairie Joy EV National Institute of Polar Research (1998: PM11rev.),1998,https://www.nissan-global.com/EN/HERITAGE_COLLECTION/450_prairie_joy_ev.html,overall_length_width_height,"4,545/1,690/1,680mm"
Prairie Terrano,450,Prairie Joy EV National Institute of Polar Research (1998: PM11rev.),1998,https://www.nissan-global.com/EN/HERITAGE_COLLECTION/450_prairie_joy_ev.html,wheelbase,"2,610mm"
Prairie Terrano,450,Prairie Joy EV National Institute of Polar Research (1998: PM11rev.),1998,https://www.nissan-global.com/EN/HERITAGE_COLLECTION/450_prairie_joy_ev.html,tread_front_rear,"1,460 / 1,460mm"
Prairie Terrano,450,Prairie Joy EV National Institute of Polar Research (1998: PM11rev.),1998,https://www.nissan-global.com/EN/HERITAGE_COLLECTION/450_prairie_joy_ev.html,curb_weight,"1,700kg"
Prairie Terrano,450,Prairie Joy EV National Institute of Polar Research (1998: PM11rev.),1998,https://www.nissan-global.com/EN/HERITAGE_COLLECTION/450_prairie_joy_ev.html,engine,Permanent-magnet synchronous motor
Prairie Terrano,450,Prairie Joy EV National Institute of Polar Research (1998: PM11rev.),1998,https://www.nissan-global.com/EN/HERITAGE_COLLECTION/450_prairie_joy_ev.html,engine_max_power,62kW(84ps)
Prairie Terrano,450,Prairie Joy EV National Institute of Polar Research (1998: PM11rev.),1998,https://www.nissan-global.com/EN/HERITAGE_COLLECTION/450_prairie_joy_ev.html,engine_max_torque,166 N･m(17.0kgf･m)
Prairie Terrano,450,Prairie Joy EV National Institute of Polar Research (1998: PM11rev.),1998,https://www.nissan-global.com/EN/HERITAGE_COLLECTION/450_prairie_joy_ev.html,suspension_front_rear,Strut / Torsion beam type trailing arm (independent)
Prairie Terrano,450,Prairie Joy EV National Institute of Polar Research (1998: PM11rev.),1998,https://www.nissan-global.com/EN/HERITAGE_COLLECTION/450_prairie_joy_ev.html,brakes_front_rear,Disc / Disc
Prairie Terrano,450,Prairie Joy EV National Institute of Polar Research (1998: PM11rev.),1998,https://www.nissan-global.com/EN/HERITAGE_COLLECTION/450_prairie_joy_ev.html,tires,195/65R15
Primera Camino,341,Nissan Primera Tm-S Selection (1995: HP10),1995,https://www.nissan-global.com/EN/HERITAGE_COLLECTION/341_primera_2-0_tm_s.html,overall_length_width_height,"4,400/1,695/1,385mm"
Primera Camino,341,Nissan Primera Tm-S Selection (1995: HP10),1995,https://www.nissan-global.com/EN/HERITAGE_COLLECTION/341_primera_2-0_tm_s.html,wheelbase,"2,550mm"
Primera Camino,341,Nissan Primera Tm-S Selection (1995: HP10),1995,https://www.nissan-global.com/EN/HERITAGE_COLLECTION/341_primera_2-0_tm_s.html,tread_front_rear,"1,470/1,460mm"
Primera Camino,341,Nissan Primera Tm-S Selection (1995: HP10),1995,https://www.nissan-global.com/EN/HERITAGE_COLLECTION/341_primera_2-0_tm_s.html,curb_weight,"1,200kg"
Primera Camino,341,Nissan Primera Tm-S Selection (1995: HP10),1995,https://www.nissan-global.com/EN/HERITAGE_COLLECTION/341_primera_2-0_tm_s.html,engine,"SR20DE (4-cyl. In line, 4-valve DOHC) 1,998cc"
Primera Camino,341,Nissan Primera Tm-S Selection (1995: HP10),1995,https://www.nissan-global.com/EN/HERITAGE_COLLECTION/341_primera_2-0_tm_s.html,engine_max_power,"110kw (150PS)/6,400rpm"
Primera Camino,341,Nissan Primera Tm-S Selection (1995: HP10),1995,https://www.nissan-global.com/EN/HERITAGE_COLLECTION/341_primera_2-0_tm_s.html,engine_max_torque,"186N·m (19.0kgm)/4,800rpm"
Primera Camino,341,Nissan Primera Tm-S Selection (1995: HP10),1995,https://www.nissan-global.com/EN/HERITAGE_COLLECTION/341_primera_2-0_tm_s.html,suspension_front_rear,Multi-link/Parallel link strut
Primera Camino,341,Nissan Primera Tm-S Selection (1995: HP10),1995,https://www.nissan-global.com/EN/HERITAGE_COLLECTION/341_primera_2-0_tm_s.html,brakes_front_rear,Ventilated disc/Disc
Primera Camino,341,Nissan Primera Tm-S Selection (1995: HP10),1995,https://www.nissan-global.com/EN/HERITAGE_COLLECTION/341_primera_2-0_tm_s.html,tires,195/60R14 86H
Primera Camino,130,Primera Camino (1996 : P11),1996,https://www.nissan-global.com/EN/HERITAGE_COLLECTION/Primera_Camino_2.html,overall_length_width_height,"4,430/1,695/1,385mm"
Primera Camino,130,Primera Camino (1996 : P11),1996,https://www.nissan-global.com/EN/HERITAGE_COLLECTION/Primera_Camino_2.html,wheelbase,"2,600mm"
Primera Camino,130,Primera Camino (1996 : P11),1996,https://www.nissan-global.com/EN/HERITAGE_COLLECTION/Primera_Camino_2.html,tread_front_rear,"1,505/1,515mm"
Primera Camino,130,Primera Camino (1996 : P11),1996,https://www.nissan-global.com/EN/HERITAGE_COLLECTION/Primera_Camino_2.html,curb_weight,Over 975kg
Primera Camino,130,Primera Camino (1996 : P11),1996,https://www.nissan-global.com/EN/HERITAGE_COLLECTION/Primera_Camino_2.html,engine,"SR20 (4-cyl. in line, DOHC), 1,997cc"
Primera Camino,130,Primera Camino (1996 : P11),1996,https://www.nissan-global.com/EN/HERITAGE_COLLECTION/Primera_Camino_2.html,engine_max_power,"Over 220kW (300PS)/8,500rpm"
Primera Camino,130,Primera Camino (1996 : P11),1996,https://www.nissan-global.com/EN/HERITAGE_COLLECTION/Primera_Camino_2.html,engine_max_torque,Over 265Nm (27.0kgm)
Primera Camino,130,Primera Camino (1996 : P11),1996,https://www.nissan-global.com/EN/HERITAGE_COLLECTION/Primera_Camino_2.html,transmission,Holinger J6S (6-speed)
Primera Camino,130,Primera Camino (1996 : P11),1996,https://www.nissan-global.com/EN/HERITAGE_COLLECTION/Primera_Camino_2.html,brakes_front_rear,"AP 14.8in, 11.2in"
Primera Camino,130,Primera Camino (1996 : P11),1996,https://www.nissan-global.com/EN/HERITAGE_COLLECTION/Primera_Camino_2.html,suspension_front_rear,"Multi-link, Strut"
Primera Camino,130,Primera Camino (1996 : P11),1996,https://www.nissan-global.com/EN/HERITAGE_COLLECTION/Primera_Camino_2.html,wheels,8.2Jx18in.
Primera Camino,130,Primera Camino (1996 : P11),1996,https://www.nissan-global.com/EN/HERITAGE_COLLECTION/Primera_Camino_2.html,tires,215/645R18 (Bridgestone)
Primera Camino,168,Primera Camino (1997 : P11),1997,https://www.nissan-global.com/EN/HERITAGE_COLLECTION/Primera_Camino_1.html,overall_length_width_height,"4,430/1,690/1,385mm"
Primera Camino,168,Primera Camino (1997 : P11),1997,https://www.nissan-global.com/EN/HERITAGE_COLLECTION/Primera_Camino_1.html,wheelbase,"2,600mm"
Primera Camino,168,Primera Camino (1997 : P11),1997,https://www.nissan-global.com/EN/HERITAGE_COLLECTION/Primera_Camino_1.html,tread_front_rear,"1,505/1,515mm"
Primera Camino,168,Primera Camino (1997 : P11),1997,https://www.nissan-global.com/EN/HERITAGE_COLLECTION/Primera_Camino_1.html,curb_weight,Over 975kg
Primera Camino,168,Primera Camino (1997 : P11),1997,https://www.nissan-global.com/EN/HERITAGE_COLLECTION/Primera_Camino_1.html,engine,"SR20DE (4-cyl. in line, DOHC), 1,997cc"
Primera Camino,168,Primera Camino (1997 : P11),1997,https://www.nissan-global.com/EN/HERITAGE_COLLECTION/Primera_Camino_1.html,engine_max_power,"220kW (300PS)/8,500rpm"
Primera Camino,168,Primera Camino (1997 : P11),1997,https://www.nissan-global.com/EN/HERITAGE_COLLECTION/Primera_Camino_1.html,engine_max_torque,Over 265Nm (27.0kgm)
Primera Camino,168,Primera Camino (1997 : P11),1997,https://www.nissan-global.com/EN/HERITAGE_COLLECTION/Primera_Camino_1.html,transmission,XTRAC 6-speed (sequential)
Primera Camino,168,Primera Camino (1997 : P11),1997,https://www.nissan-global.com/EN/HERITAGE_COLLECTION/Primera_Camino_1.html,suspension_front_rear,"Multi-link, Multi-link"
Primera Camino,168,Primera Camino (1997 : P11),1997,https://www.nissan-global.com/EN/HERITAGE_COLLECTION/Primera_Camino_1.html,brakes,Ventilated disc (front & rear)
Primera Camino,168,Primera Camino (1997 : P11),1997,https://www.nissan-global.com/EN/HERITAGE_COLLECTION/Primera_Camino_1.html,wheels,8.2Jx18in.
Primera Camino,168,Primera Camino (1997 : P11),1997,https://www.nissan-global.com/EN/HERITAGE_COLLECTION/Primera_Camino_1.html,tires,215/645R18 (Bridgestone)
Primera Camino,169,Primera (1998 : P11),1998,https://www.nissan-global.com/EN/HERITAGE_COLLECTION/Primera_1.html,overall_length_width_height,"4,450/1,730/1,385mm"
Primera Camino,169,Primera (1998 : P11),1998,https://www.nissan-global.com/EN/HERITAGE_COLLECTION/Primera_1.html,wheelbase,"2,610mm"
Primera Camino,169,Primera (1998 : P11),1998,https://www.nissan-global.com/EN/HERITAGE_COLLECTION/Primera_1.html,tread_front_rear,"1,500/1,505mm"
Primera Camino,169,Primera (1998 : P11),1998,https://www.nissan-global.com/EN/HERITAGE_COLLECTION/Primera_1.html,curb_weight,Over 975kg
Primera Camino,169,Primera (1998 : P11),1998,https://www.nissan-global.com/EN/HERITAGE_COLLECTION/Primera_1.html,engine,"SR20DE (4-cyl. in line, DOHC), 1,998cc"
Primera Camino,169,Primera (1998 : P11),1998,https://www.nissan-global.com/EN/HERITAGE_COLLECTION/Primera_1.html,engine_max_power,"Over 220kW (300PS)/8,500rpm"
Primera Camino,169,Primera (1998 : P11),1998,https://www.nissan-global.com/EN/HERITAGE_COLLECTION/Primera_1.html,engine_max_torque,Over 265Nm (27.0kgm)
Primera Camino,169,Primera (1998 : P11),1998,https://www.nissan-global.com/EN/HERITAGE_COLLECTION/Primera_1.html,transmission,XTRAC 6-speed (sequential)
Primera Camino,169,Primera (1998 : P11),1998,https://www.nissan-global.com/EN/HERITAGE_COLLECTION/Primera_1.html,suspension_front_rear,"Multi-link, Multi-link"
Primera Camino,169,Primera (1998 : P11),1998,https://www.nissan-global.com/EN/HERITAGE_COLLECTION/Primera_1.html,brakes_front,AP water-cooled 6-pod
Primera Camino,169,Primera (1998 : P11),1998,https://www.nissan-global.com/EN/HERITAGE_COLLECTION/Primera_1.html,brakes_rear,AP 4-pod
Primera Camino,169,Primera (1998 : P11),1998,https://www.nissan-global.com/EN/HERITAGE_COLLECTION/Primera_1.html,tires,19in (Michelin)
Primera Camino,175,Primera GT (1999 : HP11),1999,https://www.nissan-global.com/EN/HERITAGE_COLLECTION/Primera_GT.html,overall_length_width_height,"4,450/1,730/1,290mm"
Primera Camino,175,Primera GT (1999 : HP11),1999,https://www.nissan-global.com/EN/HERITAGE_COLLECTION/Primera_GT.html,wheelbase,"2,610mm"
Primera Camino,175,Primera GT (1999 : HP11),1999,https://www.nissan-global.com/EN/HERITAGE_COLLECTION/Primera_GT.html,tread_front_rear,"1,500/1,514mm"
Primera Camino,175,Primera GT (1999 : HP11),1999,https://www.nissan-global.com/EN/HERITAGE_COLLECTION/Primera_GT.html,curb_weight,975kg
Primera Camino,175,Primera GT (1999 : HP11),1999,https://www.nissan-global.com/EN/HERITAGE_COLLECTION/Primera_GT.html,engine,"SR20DE (4-cyl. in line, DOHC), 1,998cc"
Primera Camino,175,Primera GT (1999 : HP11),1999,https://www.nissan-global.com/EN/HERITAGE_COLLECTION/Primera_GT.html,engine_max_power,"Over 220kW (300PS)/8,300rpm"
Primera Camino,175,Primera GT (1999 : HP11),1999,https://www.nissan-global.com/EN/HERITAGE_COLLECTION/Primera_GT.html,engine_max_torque,"Over 265Nm (27.0kgm)/8,000rpm"
Primera Camino,175,Primera GT (1999 : HP11),1999,https://www.nissan-global.com/EN/HERITAGE_COLLECTION/Primera_GT.html,transmission,XTRAC 6-speed (sequential)
Primera Camino,175,Primera GT (1999 : HP11),1999,https://www.nissan-global.com/EN/HERITAGE_COLLECTION/Primera_GT.html,suspension_front_rear,"Multi-link, Multi-link"
Primera Camino,175,Primera GT (1999 : HP11),1999,https://www.nissan-global.com/EN/HERITAGE_COLLECTION/Primera_GT.html,brakes,AP ventilated disc (front & rear)
Primera Camino,175,Primera GT (1999 : HP11),1999,https://www.nissan-global.com/EN/HERITAGE_COLLECTION/Primera_GT.html,tires,19in (Michelin)
Prince,014,Prince Sedan (1954: AISH-2),1954,https://www.nissan-global.com/EN/HERITAGE_COLLECTION/prince_sedan.html,overall_length,"4,290mm"
Prince,014,Prince Sedan (1954: AISH-2),1954,https://www.nissan-global.com/EN/HERITAGE_COLLECTION/prince_sedan.html,overall_width,"1,655mm"
Prince,014,Prince Sedan (1954: AISH-2),1954,https://www.nissan-global.com/EN/HERITAGE_COLLECTION/prince_sedan.html,overall_height,"1,633mm"
Prince,014,Prince Sedan (1954: AISH-2),1954,https://www.nissan-global.com/EN/HERITAGE_COLLECTION/prince_sedan.html,wheelbase,"2,460mm"
Prince,014,Prince Sedan (1954: AISH-2),1954,https://www.nissan-global.com/EN/HERITAGE_COLLECTION/prince_sedan.html,curb_weight,"1,254kg"
Prince,014,Prince Sedan (1954: AISH-2),1954,https://www.nissan-global.com/EN/HERITAGE_COLLECTION/prince_sedan.html,engine,"FG4A (4-cyl. in line, OHV), 1,484cc"
Prince,014,Prince Sedan (1954: AISH-2),1954,https://www.nissan-global.com/EN/HERITAGE_COLLECTION/prince_sedan.html,engine_max_power,"33kW (45PS)/4,000rpm"
Prince,014,Prince Sedan (1954: AISH-2),1954,https://www.nissan-global.com/EN/HERITAGE_COLLECTION/prince_sedan.html,engine_max_torque,"105Nm (10.75kgm)/3,200rpm"
Prince,014,Prince Sedan (1954: AISH-2),1954,https://www.nissan-global.com/EN/HERITAGE_COLLECTION/prince_sedan.html,top_speed,110km/h
Prince,016,Prince Skyline Deluxe (1957: ALSID-1),1957,https://www.nissan-global.com/EN/HERITAGE_COLLECTION/prince_skyline_deluxe.html,overall_length_width_height,"4,280/1,675/1,535mm"
Prince,016,Prince Skyline Deluxe (1957: ALSID-1),1957,https://www.nissan-global.com/EN/HERITAGE_COLLECTION/prince_skyline_deluxe.html,wheelbase,"2,535mm"
Prince,016,Prince Skyline Deluxe (1957: ALSID-1),1957,https://www.nissan-global.com/EN/HERITAGE_COLLECTION/prince_skyline_deluxe.html,tread_front_rear,"1,340/1,380mm"
Prince,016,Prince Skyline Deluxe (1957: ALSID-1),1957,https://www.nissan-global.com/EN/HERITAGE_COLLECTION/prince_skyline_deluxe.html,curb_weight,"1,310kg"
Prince,016,Prince Skyline Deluxe (1957: ALSID-1),1957,https://www.nissan-global.com/EN/HERITAGE_COLLECTION/prince_skyline_deluxe.html,engine,"GA30 (4-cyl. in line, OHV)"
Prince,016,Prince Skyline Deluxe (1957: ALSID-1),1957,https://www.nissan-global.com/EN/HERITAGE_COLLECTION/prince_skyline_deluxe.html,engine_displacement,"1,484cc"
Prince,016,Prince Skyline Deluxe (1957: ALSID-1),1957,https://www.nissan-global.com/EN/HERITAGE_COLLECTION/prince_skyline_deluxe.html,engine_max_power,"44kW (60PS)/4,400rpm"
Prince,016,Prince Skyline Deluxe (1957: ALSID-1),1957,https://www.nissan-global.com/EN/HERITAGE_COLLECTION/prince_skyline_deluxe.html,engine_max_torque,"105Nm (10.75kgm)/3,200rpm"
Prince,016,Prince Skyline Deluxe (1957: ALSID-1),1957,https://www.nissan-global.com/EN/HERITAGE_COLLECTION/prince_skyline_deluxe.html,tires,6.40-14-6PR
Prince,016,Prince Skyline Deluxe (1957: ALSID-1),1957,https://www.nissan-global.com/EN/HERITAGE_COLLECTION/prince_skyline_deluxe.html,top_speed,125km/h
Prince,016,Prince Skyline Deluxe (1957: ALSID-1),1957,https://www.nissan-global.com/EN/HERITAGE_COLLECTION/prince_skyline_deluxe.html,other,"Skyline 2000GT-R's ""50 wins"" list."
Prince,023,Prince Skyway (1960 : ALVG-2),1960,https://www.nissan-global.com/EN/HERITAGE_COLLECTION/princeskyway.html,overall_length_width_height,"4,420/1,680/1,590mm"
Prince,023,Prince Skyway (1960 : ALVG-2),1960,https://www.nissan-global.com/EN/HERITAGE_COLLECTION/princeskyway.html,wheelbase,"2,535mm"
Prince,023,Prince Skyway (1960 : ALVG-2),1960,https://www.nissan-global.com/EN/HERITAGE_COLLECTION/princeskyway.html,tread_front_rear,"1,340/1,380mm"
Prince,023,Prince Skyway (1960 : ALVG-2),1960,https://www.nissan-global.com/EN/HERITAGE_COLLECTION/princeskyway.html,curb_weight,"1,410kg"
Prince,023,Prince Skyway (1960 : ALVG-2),1960,https://www.nissan-global.com/EN/HERITAGE_COLLECTION/princeskyway.html,engine,"GA4 (4-cyl. in line, OHV), 1,484cc"
Prince,023,Prince Skyway (1960 : ALVG-2),1960,https://www.nissan-global.com/EN/HERITAGE_COLLECTION/princeskyway.html,engine_max_power,"51kW (70PS)/4,800rpm"
Prince,023,Prince Skyway (1960 : ALVG-2),1960,https://www.nissan-global.com/EN/HERITAGE_COLLECTION/princeskyway.html,engine_max_torque,"113Nm (11.5kgm)/3,600rpm"
Prince,023,Prince Skyway (1960 : ALVG-2),1960,https://www.nissan-global.com/EN/HERITAGE_COLLECTION/princeskyway.html,suspension_front,Double wishbone
Prince,023,Prince Skyway (1960 : ALVG-2),1960,https://www.nissan-global.com/EN/HERITAGE_COLLECTION/princeskyway.html,suspension_rear,De-Dion axle
Prince,023,Prince Skyway (1960 : ALVG-2),1960,https://www.nissan-global.com/EN/HERITAGE_COLLECTION/princeskyway.html,tires,6.00-14-4PR (rear: 6PR)
Prince,023,Prince Skyway (1960 : ALVG-2),1960,https://www.nissan-global.com/EN/HERITAGE_COLLECTION/princeskyway.html,seating_capacity_max_load_capacity,3 (6) / 500kg
Prince,028,Prince Skyline Sports (1960 : BLRA-3),1960,https://www.nissan-global.com/EN/HERITAGE_COLLECTION/princeskylinesports.html,overall_length_width,"4,650/1,695mm"
Prince,028,Prince Skyline Sports (1960 : BLRA-3),1960,https://www.nissan-global.com/EN/HERITAGE_COLLECTION/princeskylinesports.html,overall_height,"1,385mm (1,410mm)*"
Prince,028,Prince Skyline Sports (1960 : BLRA-3),1960,https://www.nissan-global.com/EN/HERITAGE_COLLECTION/princeskylinesports.html,wheelbase,"2,535mm"
Prince,028,Prince Skyline Sports (1960 : BLRA-3),1960,https://www.nissan-global.com/EN/HERITAGE_COLLECTION/princeskylinesports.html,tread_front_rear,"1,388/1,374mm"
Prince,028,Prince Skyline Sports (1960 : BLRA-3),1960,https://www.nissan-global.com/EN/HERITAGE_COLLECTION/princeskylinesports.html,curb_weight,"1,350kg (1,340kg)*"
Prince,028,Prince Skyline Sports (1960 : BLRA-3),1960,https://www.nissan-global.com/EN/HERITAGE_COLLECTION/princeskylinesports.html,engine,"GB4 (4-cyl. in line, OHV)"
Prince,028,Prince Skyline Sports (1960 : BLRA-3),1960,https://www.nissan-global.com/EN/HERITAGE_COLLECTION/princeskylinesports.html,engine_displacement,"1,862cc"
Prince,028,Prince Skyline Sports (1960 : BLRA-3),1960,https://www.nissan-global.com/EN/HERITAGE_COLLECTION/princeskylinesports.html,engine_max_power,"69kW (94PS)/4,800rpm"
Prince,028,Prince Skyline Sports (1960 : BLRA-3),1960,https://www.nissan-global.com/EN/HERITAGE_COLLECTION/princeskylinesports.html,engine_max_torque,"153Nm (15.6kgm)/3,600rpm"
Prince,028,Prince Skyline Sports (1960 : BLRA-3),1960,https://www.nissan-global.com/EN/HERITAGE_COLLECTION/princeskylinesports.html,tires,5.90-15-4PR
Prince,028,Prince Skyline Sports (1960 : BLRA-3),1960,https://www.nissan-global.com/EN/HERITAGE_COLLECTION/princeskylinesports.html,top_speed,150km/h
Prince,028,Prince Skyline Sports (1960 : BLRA-3),1960,https://www.nissan-global.com/EN/HERITAGE_COLLECTION/princeskylinesports.html,other,"Skyline 2000GT-R's ""50 wins"" list."
Prince,302,Prince Skyline Sport Coupe (1963: BLRA-3),1963,https://www.nissan-global.com/EN/HERITAGE_COLLECTION/302_prince_skyline_sport.html,overall_length_width_height,"3,915/1,496/1,470mm"
Prince,302,Prince Skyline Sport Coupe (1963: BLRA-3),1963,https://www.nissan-global.com/EN/HERITAGE_COLLECTION/302_prince_skyline_sport.html,wheelbase,"2,280mm"
Prince,302,Prince Skyline Sport Coupe (1963: BLRA-3),1963,https://www.nissan-global.com/EN/HERITAGE_COLLECTION/302_prince_skyline_sport.html,tread_front_rear,"1,209/1,194mm"
Prince,302,Prince Skyline Sport Coupe (1963: BLRA-3),1963,https://www.nissan-global.com/EN/HERITAGE_COLLECTION/302_prince_skyline_sport.html,engine,"E1 (4-cyl. in line, OHV) 1,189cc"
Prince,302,Prince Skyline Sport Coupe (1963: BLRA-3),1963,https://www.nissan-global.com/EN/HERITAGE_COLLECTION/302_prince_skyline_sport.html,engine_max_power,"40.4kw(55ps)/4,800rpm"
Prince,302,Prince Skyline Sport Coupe (1963: BLRA-3),1963,https://www.nissan-global.com/EN/HERITAGE_COLLECTION/302_prince_skyline_sport.html,engine_max_torque,"87N・m(8.8kgf・m)/3,600rpm"
Prince,302,Prince Skyline Sport Coupe (1963: BLRA-3),1963,https://www.nissan-global.com/EN/HERITAGE_COLLECTION/302_prince_skyline_sport.html,suspension_front_rear,Double wishbone / Parallel leaf
Prince,302,Prince Skyline Sport Coupe (1963: BLRA-3),1963,https://www.nissan-global.com/EN/HERITAGE_COLLECTION/302_prince_skyline_sport.html,brakes_front_rear,Drum / Drum
Prince,302,Prince Skyline Sport Coupe (1963: BLRA-3),1963,https://www.nissan-global.com/EN/HERITAGE_COLLECTION/302_prince_skyline_sport.html,tires,5.60-13-4PR
Prince,031,Prince Gloria Super 6 (1964: S41D),1964,https://www.nissan-global.com/EN/HERITAGE_COLLECTION/prince_gloria_super_6.html,overall_length_width_height,"4,650/1,695/1,480mm"
Prince,031,Prince Gloria Super 6 (1964: S41D),1964,https://www.nissan-global.com/EN/HERITAGE_COLLECTION/prince_gloria_super_6.html,wheelbase,"2,680mm"
Prince,031,Prince Gloria Super 6 (1964: S41D),1964,https://www.nissan-global.com/EN/HERITAGE_COLLECTION/prince_gloria_super_6.html,tread_front_rear,"1,380/1,400mm"
Prince,031,Prince Gloria Super 6 (1964: S41D),1964,https://www.nissan-global.com/EN/HERITAGE_COLLECTION/prince_gloria_super_6.html,curb_weight,"1,320kg (catalog)"
Prince,031,Prince Gloria Super 6 (1964: S41D),1964,https://www.nissan-global.com/EN/HERITAGE_COLLECTION/prince_gloria_super_6.html,engine,"Type G7 (6-cyl. in line, OHC), 1,988cc"
Prince,031,Prince Gloria Super 6 (1964: S41D),1964,https://www.nissan-global.com/EN/HERITAGE_COLLECTION/prince_gloria_super_6.html,engine_max_power,"104kW (142PS)/6,800rpm"
Prince,031,Prince Gloria Super 6 (1964: S41D),1964,https://www.nissan-global.com/EN/HERITAGE_COLLECTION/prince_gloria_super_6.html,engine_max_torque,"165N·m (16.8kgm)/4,400rpm"
Prince,031,Prince Gloria Super 6 (1964: S41D),1964,https://www.nissan-global.com/EN/HERITAGE_COLLECTION/prince_gloria_super_6.html,suspension_front,Double wishbone
Prince,031,Prince Gloria Super 6 (1964: S41D),1964,https://www.nissan-global.com/EN/HERITAGE_COLLECTION/prince_gloria_super_6.html,suspension_rear,De Dion leaf
Prince,031,Prince Gloria Super 6 (1964: S41D),1964,https://www.nissan-global.com/EN/HERITAGE_COLLECTION/prince_gloria_super_6.html,tires,7.00-13-4PR
Prince,034,Prince Skyline GT (1964 : S54),1964,https://www.nissan-global.com/EN/HERITAGE_COLLECTION/princeskyline2000gt.html,overall_length_width_height,"4,255/1,495/1,415mm"
Prince,034,Prince Skyline GT (1964 : S54),1964,https://www.nissan-global.com/EN/HERITAGE_COLLECTION/princeskyline2000gt.html,wheelbase,"2,590mm"
Prince,034,Prince Skyline GT (1964 : S54),1964,https://www.nissan-global.com/EN/HERITAGE_COLLECTION/princeskyline2000gt.html,tread_front_rear,"1,265/1,255mm"
Prince,034,Prince Skyline GT (1964 : S54),1964,https://www.nissan-global.com/EN/HERITAGE_COLLECTION/princeskyline2000gt.html,curb_weight,"980 -1,008kg"
Prince,034,Prince Skyline GT (1964 : S54),1964,https://www.nissan-global.com/EN/HERITAGE_COLLECTION/princeskyline2000gt.html,engine,GR7B (6-cyl. in line OHC with triple carb.)
Prince,034,Prince Skyline GT (1964 : S54),1964,https://www.nissan-global.com/EN/HERITAGE_COLLECTION/princeskyline2000gt.html,engine_displacement,"1,988cc"
Prince,034,Prince Skyline GT (1964 : S54),1964,https://www.nissan-global.com/EN/HERITAGE_COLLECTION/princeskyline2000gt.html,engine_max_power,"110kW(150ps)/6,800rpm"
Prince,034,Prince Skyline GT (1964 : S54),1964,https://www.nissan-global.com/EN/HERITAGE_COLLECTION/princeskyline2000gt.html,engine_max_torque,"176Nm(18.0kgfm)/4,800rpm"
Prince,034,Prince Skyline GT (1964 : S54),1964,https://www.nissan-global.com/EN/HERITAGE_COLLECTION/princeskyline2000gt.html,suspension_front_rear,Double wishbone / Parallel leaf
Prince,034,Prince Skyline GT (1964 : S54),1964,https://www.nissan-global.com/EN/HERITAGE_COLLECTION/princeskyline2000gt.html,brakes_front_rear,Drum / Drum (finned aluminum)
Prince,034,Prince Skyline GT (1964 : S54),1964,https://www.nissan-global.com/EN/HERITAGE_COLLECTION/princeskyline2000gt.html,tires,4.50L-13 (Dunlop R6)
Prince,034,Prince Skyline GT (1964 : S54),1964,https://www.nissan-global.com/EN/HERITAGE_COLLECTION/princeskyline2000gt.html,other,"Skyline 2000GT-R's ""50 wins"" list."
Prince,045,Prince R380A-I (1966 : R380),1966,https://www.nissan-global.com/EN/HERITAGE_COLLECTION/prince_r380_i.html,overall_length_width_height,"3,930/1,580/1,035mm"
Prince,045,Prince R380A-I (1966 : R380),1966,https://www.nissan-global.com/EN/HERITAGE_COLLECTION/prince_r380_i.html,wheelbase,"2,360mm"
Prince,045,Prince R380A-I (1966 : R380),1966,https://www.nissan-global.com/EN/HERITAGE_COLLECTION/prince_r380_i.html,tread_front_rear,"1,280/1,260mm"
Prince,045,Prince R380A-I (1966 : R380),1966,https://www.nissan-global.com/EN/HERITAGE_COLLECTION/prince_r380_i.html,curb_weight,620kg
Prince,045,Prince R380A-I (1966 : R380),1966,https://www.nissan-global.com/EN/HERITAGE_COLLECTION/prince_r380_i.html,engine,GR8 (6-cyl. in line 4-valve DOHC)
Prince,045,Prince R380A-I (1966 : R380),1966,https://www.nissan-global.com/EN/HERITAGE_COLLECTION/prince_r380_i.html,engine_displacement,"1,996cc"
Prince,045,Prince R380A-I (1966 : R380),1966,https://www.nissan-global.com/EN/HERITAGE_COLLECTION/prince_r380_i.html,engine_max_power,"Over 147kW(200PS) /8,400rpm"
Prince,045,Prince R380A-I (1966 : R380),1966,https://www.nissan-global.com/EN/HERITAGE_COLLECTION/prince_r380_i.html,engine_max_torque,"Over 172Nm(17.5kgfm) /6,400rpm"
Prince,045,Prince R380A-I (1966 : R380),1966,https://www.nissan-global.com/EN/HERITAGE_COLLECTION/prince_r380_i.html,suspension_front_rear,"Double wishbone / Upper I arm, Lower reverse A arm, Double radius arm"
Prince,045,Prince R380A-I (1966 : R380),1966,https://www.nissan-global.com/EN/HERITAGE_COLLECTION/prince_r380_i.html,brakes_front_rear,4-wheel Disc (Girling)
Prince,045,Prince R380A-I (1966 : R380),1966,https://www.nissan-global.com/EN/HERITAGE_COLLECTION/prince_r380_i.html,tires,5.00L-15 / 6.00L-15 DUNLOP R7
Prince,045,Prince R380A-I (1966 : R380),1966,https://www.nissan-global.com/EN/HERITAGE_COLLECTION/prince_r380_i.html,other,"Nissan's result in ""24 Heures du Mans"" ."
Prince,045,Prince R380A-I (1966 : R380),1966,https://www.nissan-global.com/EN/HERITAGE_COLLECTION/prince_r380_i.html,other,"Nissan's Gr. C racing cars results in Japan, 1990-92 ."
Prince,333,Prince Gloria Super 6 (1967 : S41D),1967,https://www.nissan-global.com/EN/HERITAGE_COLLECTION/Prince_Gloria_Super6.html,overall_length_width_height,"4,650/1,695/1,480mm"
Prince,333,Prince Gloria Super 6 (1967 : S41D),1967,https://www.nissan-global.com/EN/HERITAGE_COLLECTION/Prince_Gloria_Super6.html,wheelbase,"2,680mm"
Prince,333,Prince Gloria Super 6 (1967 : S41D),1967,https://www.nissan-global.com/EN/HERITAGE_COLLECTION/Prince_Gloria_Super6.html,tread_front_rear,"1,380/1,400mm"
Prince,333,Prince Gloria Super 6 (1967 : S41D),1967,https://www.nissan-global.com/EN/HERITAGE_COLLECTION/Prince_Gloria_Super6.html,curb_weight,"1,320kg"
Prince,333,Prince Gloria Super 6 (1967 : S41D),1967,https://www.nissan-global.com/EN/HERITAGE_COLLECTION/Prince_Gloria_Super6.html,engine,"G7 (6-cyl. in-line, OHC), 1,988cc"
Prince,333,Prince Gloria Super 6 (1967 : S41D),1967,https://www.nissan-global.com/EN/HERITAGE_COLLECTION/Prince_Gloria_Super6.html,engine_max_power,"77W (105PS)/5,200rpm"
Prince,333,Prince Gloria Super 6 (1967 : S41D),1967,https://www.nissan-global.com/EN/HERITAGE_COLLECTION/Prince_Gloria_Super6.html,engine_max_torque,"167Nm (16.0kgm)/3,600rpm"
Prince,333,Prince Gloria Super 6 (1967 : S41D),1967,https://www.nissan-global.com/EN/HERITAGE_COLLECTION/Prince_Gloria_Super6.html,transmission,"4-speed (3 + OD), column shift"
Prince,333,Prince Gloria Super 6 (1967 : S41D),1967,https://www.nissan-global.com/EN/HERITAGE_COLLECTION/Prince_Gloria_Super6.html,suspension_front_rear,Double wishbone / De-Dion axle
Prince,333,Prince Gloria Super 6 (1967 : S41D),1967,https://www.nissan-global.com/EN/HERITAGE_COLLECTION/Prince_Gloria_Super6.html,brakes_front_rear,Drum/Drum
Prince,333,Prince Gloria Super 6 (1967 : S41D),1967,https://www.nissan-global.com/EN/HERITAGE_COLLECTION/Prince_Gloria_Super6.html,tires,7.00-13-4PR
Pulsar,354,Pulsar 1200TS (1980 : YN10),1980,https://www.nissan-global.com/EN/HERITAGE_COLLECTION/pulsar_1200ts.html,overall_length_width_height,"3,890/1,600/1,360mm"
Pulsar,354,Pulsar 1200TS (1980 : YN10),1980,https://www.nissan-global.com/EN/HERITAGE_COLLECTION/pulsar_1200ts.html,wheelbase,"2,395mm"
Pulsar,354,Pulsar 1200TS (1980 : YN10),1980,https://www.nissan-global.com/EN/HERITAGE_COLLECTION/pulsar_1200ts.html,tread,"1,365/1,335mm"
Pulsar,354,Pulsar 1200TS (1980 : YN10),1980,https://www.nissan-global.com/EN/HERITAGE_COLLECTION/pulsar_1200ts.html,curb_weight,800kg
Pulsar,354,Pulsar 1200TS (1980 : YN10),1980,https://www.nissan-global.com/EN/HERITAGE_COLLECTION/pulsar_1200ts.html,engine,"A12A (4-cyl. inline, OHV) 1,237cc"
Pulsar,354,Pulsar 1200TS (1980 : YN10),1980,https://www.nissan-global.com/EN/HERITAGE_COLLECTION/pulsar_1200ts.html,engine_max_power,"51kW(70ps)/6,000rpm"
Pulsar,354,Pulsar 1200TS (1980 : YN10),1980,https://www.nissan-global.com/EN/HERITAGE_COLLECTION/pulsar_1200ts.html,engine_max_torque,"100N·m(10.2kgf·m)/3,600rpm"
Pulsar,354,Pulsar 1200TS (1980 : YN10),1980,https://www.nissan-global.com/EN/HERITAGE_COLLECTION/pulsar_1200ts.html,suspension_front_rear,Strut / Trailing arm (independent)
Pulsar,354,Pulsar 1200TS (1980 : YN10),1980,https://www.nissan-global.com/EN/HERITAGE_COLLECTION/pulsar_1200ts.html,brakes_front_rear,Disc / Drum
Pulsar,354,Pulsar 1200TS (1980 : YN10),1980,https://www.nissan-global.com/EN/HERITAGE_COLLECTION/pulsar_1200ts.html,tires,6.00-12-4PR
Pulsar,102,Pulsar Milano X-1 (1984 : RHN12),1984,https://www.nissan-global.com/EN/HERITAGE_COLLECTION/Pulsar_Milano_X-1.html,overall_length_width_height,"4,095/1,620/1,390mm"
Pulsar,102,Pulsar Milano X-1 (1984 : RHN12),1984,https://www.nissan-global.com/EN/HERITAGE_COLLECTION/Pulsar_Milano_X-1.html,wheelbase,"2,415mm"
Pulsar,102,Pulsar Milano X-1 (1984 : RHN12),1984,https://www.nissan-global.com/EN/HERITAGE_COLLECTION/Pulsar_Milano_X-1.html,tread_front_rear,"1,395/1,385mm"
Pulsar,102,Pulsar Milano X-1 (1984 : RHN12),1984,https://www.nissan-global.com/EN/HERITAGE_COLLECTION/Pulsar_Milano_X-1.html,curb_weight,880kg
Pulsar,102,Pulsar Milano X-1 (1984 : RHN12),1984,https://www.nissan-global.com/EN/HERITAGE_COLLECTION/Pulsar_Milano_X-1.html,engine,"E15E (4-cyl. in line, OHC), 1,487cc"
Pulsar,102,Pulsar Milano X-1 (1984 : RHN12),1984,https://www.nissan-global.com/EN/HERITAGE_COLLECTION/Pulsar_Milano_X-1.html,engine_max_power,"70kW (95PS)/6,000rpm"
Pulsar,102,Pulsar Milano X-1 (1984 : RHN12),1984,https://www.nissan-global.com/EN/HERITAGE_COLLECTION/Pulsar_Milano_X-1.html,engine_max_torque,"123Nm (12.5kgm)/3,600rpm"
Pulsar,102,Pulsar Milano X-1 (1984 : RHN12),1984,https://www.nissan-global.com/EN/HERITAGE_COLLECTION/Pulsar_Milano_X-1.html,transmission,5-speed
Pulsar,102,Pulsar Milano X-1 (1984 : RHN12),1984,https://www.nissan-global.com/EN/HERITAGE_COLLECTION/Pulsar_Milano_X-1.html,brakes_front_rear,Disc/drum
Pulsar,102,Pulsar Milano X-1 (1984 : RHN12),1984,https://www.nissan-global.com/EN/HERITAGE_COLLECTION/Pulsar_Milano_X-1.html,tires,175/70SR13
Pulsar,102,Pulsar Milano X-1 (1984 : RHN12),1984,https://www.nissan-global.com/EN/HERITAGE_COLLECTION/Pulsar_Milano_X-1.html,other,Results of Pulsar GTI-R (N14) in World Rally Championship (1991-92).
Pulsar,101,Pulsar Milano X-1 (1984 : RHN12),1984,https://www.nissan-global.com/EN/HERITAGE_COLLECTION/Pulsar_Milano_X.html,overall_length_width_height,"4,095/1,620/1,390mm"
Pulsar,101,Pulsar Milano X-1 (1984 : RHN12),1984,https://www.nissan-global.com/EN/HERITAGE_COLLECTION/Pulsar_Milano_X.html,wheelbase,"2,415mm"
Pulsar,101,Pulsar Milano X-1 (1984 : RHN12),1984,https://www.nissan-global.com/EN/HERITAGE_COLLECTION/Pulsar_Milano_X.html,tread_front_rear,"1,395/1,385mm"
Pulsar,101,Pulsar Milano X-1 (1984 : RHN12),1984,https://www.nissan-global.com/EN/HERITAGE_COLLECTION/Pulsar_Milano_X.html,curb_weight,880kg
Pulsar,101,Pulsar Milano X-1 (1984 : RHN12),1984,https://www.nissan-global.com/EN/HERITAGE_COLLECTION/Pulsar_Milano_X.html,engine,"E15E (4-cyl. in line, OHC), 1,487cc"
Pulsar,101,Pulsar Milano X-1 (1984 : RHN12),1984,https://www.nissan-global.com/EN/HERITAGE_COLLECTION/Pulsar_Milano_X.html,engine_max_power,"70kW (95PS)/6,000rpm"
Pulsar,101,Pulsar Milano X-1 (1984 : RHN12),1984,https://www.nissan-global.com/EN/HERITAGE_COLLECTION/Pulsar_Milano_X.html,engine_max_torque,"123Nm (12.5kgm)/3,600rpm"
Pulsar,101,Pulsar Milano X-1 (1984 : RHN12),1984,https://www.nissan-global.com/EN/HERITAGE_COLLECTION/Pulsar_Milano_X.html,transmission,5-speed
Pulsar,101,Pulsar Milano X-1 (1984 : RHN12),1984,https://www.nissan-global.com/EN/HERITAGE_COLLECTION/Pulsar_Milano_X.html,brakes_front_rear,Disc/drum
Pulsar,101,Pulsar Milano X-1 (1984 : RHN12),1984,https://www.nissan-global.com/EN/HERITAGE_COLLECTION/Pulsar_Milano_X.html,tires,175/70SR13
Pulsar,101,Pulsar Milano X-1 (1984 : RHN12),1984,https://www.nissan-global.com/EN/HERITAGE_COLLECTION/Pulsar_Milano_X.html,other,Results of Pulsar GTI-R (N14) in World Rally Championship (1991-92).
Pulsar,105,Pulsar EXA Convertible (1985 : HN12rev.),1985,https://www.nissan-global.com/EN/HERITAGE_COLLECTION/Pulsar_EXA_Convertible.html,overall_length_width_height,"4,125/1,620/1,340mm"
Pulsar,105,Pulsar EXA Convertible (1985 : HN12rev.),1985,https://www.nissan-global.com/EN/HERITAGE_COLLECTION/Pulsar_EXA_Convertible.html,wheelbase,"2,415mm"
Pulsar,105,Pulsar EXA Convertible (1985 : HN12rev.),1985,https://www.nissan-global.com/EN/HERITAGE_COLLECTION/Pulsar_EXA_Convertible.html,tread_front_rear,"1,395/1,385mm"
Pulsar,105,Pulsar EXA Convertible (1985 : HN12rev.),1985,https://www.nissan-global.com/EN/HERITAGE_COLLECTION/Pulsar_EXA_Convertible.html,curb_weight,905kg
Pulsar,105,Pulsar EXA Convertible (1985 : HN12rev.),1985,https://www.nissan-global.com/EN/HERITAGE_COLLECTION/Pulsar_EXA_Convertible.html,engine,"E15 (4-cyl. in line, OHC), 1,487cc"
Pulsar,105,Pulsar EXA Convertible (1985 : HN12rev.),1985,https://www.nissan-global.com/EN/HERITAGE_COLLECTION/Pulsar_EXA_Convertible.html,engine_max_power,"63kW (85PS)/5,600rpm"
Pulsar,105,Pulsar EXA Convertible (1985 : HN12rev.),1985,https://www.nissan-global.com/EN/HERITAGE_COLLECTION/Pulsar_EXA_Convertible.html,engine_max_torque,"121Nm (12.3kgm)/3,600rpm"
Pulsar,105,Pulsar EXA Convertible (1985 : HN12rev.),1985,https://www.nissan-global.com/EN/HERITAGE_COLLECTION/Pulsar_EXA_Convertible.html,transmission,"5-speed, floor shift"
Pulsar,105,Pulsar EXA Convertible (1985 : HN12rev.),1985,https://www.nissan-global.com/EN/HERITAGE_COLLECTION/Pulsar_EXA_Convertible.html,suspension_front_rear,Strut/trailing-arm
Pulsar,105,Pulsar EXA Convertible (1985 : HN12rev.),1985,https://www.nissan-global.com/EN/HERITAGE_COLLECTION/Pulsar_EXA_Convertible.html,tires,165/70SR13
Pulsar,257,Pulsar 3-door Hatchback Milano X-1 Twin-cam (1986 : EN13),1986,https://www.nissan-global.com/EN/HERITAGE_COLLECTION/100000352_100000474.html,overall_length_width_height,"4,030/1,640/1,380mm"
Pulsar,257,Pulsar 3-door Hatchback Milano X-1 Twin-cam (1986 : EN13),1986,https://www.nissan-global.com/EN/HERITAGE_COLLECTION/100000352_100000474.html,wheelbase,"2,430mm"
Pulsar,257,Pulsar 3-door Hatchback Milano X-1 Twin-cam (1986 : EN13),1986,https://www.nissan-global.com/EN/HERITAGE_COLLECTION/100000352_100000474.html,tread_front_rear,"1,425/1,420mm"
Pulsar,257,Pulsar 3-door Hatchback Milano X-1 Twin-cam (1986 : EN13),1986,https://www.nissan-global.com/EN/HERITAGE_COLLECTION/100000352_100000474.html,curb_weight,"1,030kg"
Pulsar,257,Pulsar 3-door Hatchback Milano X-1 Twin-cam (1986 : EN13),1986,https://www.nissan-global.com/EN/HERITAGE_COLLECTION/100000352_100000474.html,engine,"CA16DE (4-cyl. in-line, DOHC), 1,598cc"
Pulsar,257,Pulsar 3-door Hatchback Milano X-1 Twin-cam (1986 : EN13),1986,https://www.nissan-global.com/EN/HERITAGE_COLLECTION/100000352_100000474.html,engine_max_power,"88kW (120PS)/6,400rpm"
Pulsar,257,Pulsar 3-door Hatchback Milano X-1 Twin-cam (1986 : EN13),1986,https://www.nissan-global.com/EN/HERITAGE_COLLECTION/100000352_100000474.html,engine_max_torque,"137Nm (14.0kgm)/5,200rpm"
Pulsar,257,Pulsar 3-door Hatchback Milano X-1 Twin-cam (1986 : EN13),1986,https://www.nissan-global.com/EN/HERITAGE_COLLECTION/100000352_100000474.html,transmission,"5-speed MT, floor shift"
Pulsar,257,Pulsar 3-door Hatchback Milano X-1 Twin-cam (1986 : EN13),1986,https://www.nissan-global.com/EN/HERITAGE_COLLECTION/100000352_100000474.html,suspension_front_rear,"Strut, parallel link"
Pulsar,257,Pulsar 3-door Hatchback Milano X-1 Twin-cam (1986 : EN13),1986,https://www.nissan-global.com/EN/HERITAGE_COLLECTION/100000352_100000474.html,tires,185/60R14 82H
Pulsar,257,Pulsar 3-door Hatchback Milano X-1 Twin-cam (1986 : EN13),1986,https://www.nissan-global.com/EN/HERITAGE_COLLECTION/100000352_100000474.html,other,Results of Pulsar GTI-R (N14) in World Rally Championship (1991-92).
Pulsar,317,Nissan EXA Canopy Type B (1986 : KEN13),1986,https://www.nissan-global.com/EN/HERITAGE_COLLECTION/nissan_exa_canopy.html,overall_length_width_height,"4,230/1,680/1,295mm"
Pulsar,317,Nissan EXA Canopy Type B (1986 : KEN13),1986,https://www.nissan-global.com/EN/HERITAGE_COLLECTION/nissan_exa_canopy.html,wheelbase,"2,430mm"
Pulsar,317,Nissan EXA Canopy Type B (1986 : KEN13),1986,https://www.nissan-global.com/EN/HERITAGE_COLLECTION/nissan_exa_canopy.html,tread,"1,435/1,435mm"
Pulsar,317,Nissan EXA Canopy Type B (1986 : KEN13),1986,https://www.nissan-global.com/EN/HERITAGE_COLLECTION/nissan_exa_canopy.html,curb_weight,"1,080kg"
Pulsar,317,Nissan EXA Canopy Type B (1986 : KEN13),1986,https://www.nissan-global.com/EN/HERITAGE_COLLECTION/nissan_exa_canopy.html,engine,"CA16DE (4-cyl. inline, 4-valve DOHC) 1,598cc"
Pulsar,317,Nissan EXA Canopy Type B (1986 : KEN13),1986,https://www.nissan-global.com/EN/HERITAGE_COLLECTION/nissan_exa_canopy.html,engine_max_power,"88kw(120ps)/6,400rpm"
Pulsar,317,Nissan EXA Canopy Type B (1986 : KEN13),1986,https://www.nissan-global.com/EN/HERITAGE_COLLECTION/nissan_exa_canopy.html,engine_max_torque,"137N·m(14.0kgm)/5,200rpm"
Pulsar,317,Nissan EXA Canopy Type B (1986 : KEN13),1986,https://www.nissan-global.com/EN/HERITAGE_COLLECTION/nissan_exa_canopy.html,suspension_front_rear,Strut / Parallel link strut (independent)
Pulsar,317,Nissan EXA Canopy Type B (1986 : KEN13),1986,https://www.nissan-global.com/EN/HERITAGE_COLLECTION/nissan_exa_canopy.html,brakes_front_rear,Ventilated disc / Disc
Pulsar,317,Nissan EXA Canopy Type B (1986 : KEN13),1986,https://www.nissan-global.com/EN/HERITAGE_COLLECTION/nissan_exa_canopy.html,tires,195/60R14
Pulsar,205,Pulsar Super Excellence Trenda (1990 : FN13),1990,https://www.nissan-global.com/EN/HERITAGE_COLLECTION/pulsarsuperexcellencetrenda.html,overall_length_width_height,"4,215/1,645/1,380mm"
Pulsar,205,Pulsar Super Excellence Trenda (1990 : FN13),1990,https://www.nissan-global.com/EN/HERITAGE_COLLECTION/pulsarsuperexcellencetrenda.html,wheelbase,"2,430mm"
Pulsar,205,Pulsar Super Excellence Trenda (1990 : FN13),1990,https://www.nissan-global.com/EN/HERITAGE_COLLECTION/pulsarsuperexcellencetrenda.html,tread_front_rear,"1,435/1,430mm"
Pulsar,205,Pulsar Super Excellence Trenda (1990 : FN13),1990,https://www.nissan-global.com/EN/HERITAGE_COLLECTION/pulsarsuperexcellencetrenda.html,curb_weight,960kg
Pulsar,205,Pulsar Super Excellence Trenda (1990 : FN13),1990,https://www.nissan-global.com/EN/HERITAGE_COLLECTION/pulsarsuperexcellencetrenda.html,engine,"GA15S (4-cyl. in line, OHC), 1,497cc"
Pulsar,205,Pulsar Super Excellence Trenda (1990 : FN13),1990,https://www.nissan-global.com/EN/HERITAGE_COLLECTION/pulsarsuperexcellencetrenda.html,engine_max_power,"63kW (85PS)/6,000rpm"
Pulsar,205,Pulsar Super Excellence Trenda (1990 : FN13),1990,https://www.nissan-global.com/EN/HERITAGE_COLLECTION/pulsarsuperexcellencetrenda.html,engine_max_torque,"123Nm (11.8kgm)/3,600rpm"
Pulsar,205,Pulsar Super Excellence Trenda (1990 : FN13),1990,https://www.nissan-global.com/EN/HERITAGE_COLLECTION/pulsarsuperexcellencetrenda.html,transmission,"5-speed, floor shift"
Pulsar,205,Pulsar Super Excellence Trenda (1990 : FN13),1990,https://www.nissan-global.com/EN/HERITAGE_COLLECTION/pulsarsuperexcellencetrenda.html,suspension_front_rear,Strut/strut
Pulsar,205,Pulsar Super Excellence Trenda (1990 : FN13),1990,https://www.nissan-global.com/EN/HERITAGE_COLLECTION/pulsarsuperexcellencetrenda.html,tires,165/70SR13
Pulsar,127,Pulsar GTI-R (1991 : RNN14),1991,https://www.nissan-global.com/EN/HERITAGE_COLLECTION/pulsargti-r2.html,overall_length_width_height,"3,975/1,695/1,400mm"
Pulsar,127,Pulsar GTI-R (1991 : RNN14),1991,https://www.nissan-global.com/EN/HERITAGE_COLLECTION/pulsargti-r2.html,wheelbase,"2,430mm"
Pulsar,127,Pulsar GTI-R (1991 : RNN14),1991,https://www.nissan-global.com/EN/HERITAGE_COLLECTION/pulsargti-r2.html,tread_front_rear,"1,445/1,435mm"
Pulsar,127,Pulsar GTI-R (1991 : RNN14),1991,https://www.nissan-global.com/EN/HERITAGE_COLLECTION/pulsargti-r2.html,curb_weight,"Over 1,100kg"
Pulsar,127,Pulsar GTI-R (1991 : RNN14),1991,https://www.nissan-global.com/EN/HERITAGE_COLLECTION/pulsargti-r2.html,engine,"SR20DET (4-cyl. in line, DOHC), 1,998cc"
Pulsar,127,Pulsar GTI-R (1991 : RNN14),1991,https://www.nissan-global.com/EN/HERITAGE_COLLECTION/pulsargti-r2.html,engine_max_power,"Over 220kW (300PS)/6,400rpm"
Pulsar,127,Pulsar GTI-R (1991 : RNN14),1991,https://www.nissan-global.com/EN/HERITAGE_COLLECTION/pulsargti-r2.html,engine_max_torque,"Over 373Nm (38.0kgm)/4,800rpm"
Pulsar,127,Pulsar GTI-R (1991 : RNN14),1991,https://www.nissan-global.com/EN/HERITAGE_COLLECTION/pulsargti-r2.html,drive_system,ATTESA ET-S
Pulsar,127,Pulsar GTI-R (1991 : RNN14),1991,https://www.nissan-global.com/EN/HERITAGE_COLLECTION/pulsargti-r2.html,suspension_front_rear,Strut/strut
Pulsar,127,Pulsar GTI-R (1991 : RNN14),1991,https://www.nissan-global.com/EN/HERITAGE_COLLECTION/pulsargti-r2.html,brakes_front_rear,Ventilated disc
Pulsar,127,Pulsar GTI-R (1991 : RNN14),1991,https://www.nissan-global.com/EN/HERITAGE_COLLECTION/pulsargti-r2.html,tires_and_wheels,195/70R16 (7Jx16) SP82R
Pulsar,192,Nissan Pulsar / Sunny GTI-R (1992: RNN14),1992,https://www.nissan-global.com/EN/HERITAGE_COLLECTION/pulsargti-r.html,overall_length_width_height,"3,975/1,695/1,400mm"
Pulsar,192,Nissan Pulsar / Sunny GTI-R (1992: RNN14),1992,https://www.nissan-global.com/EN/HERITAGE_COLLECTION/pulsargti-r.html,wheelbase,"2,430mm"
Pulsar,192,Nissan Pulsar / Sunny GTI-R (1992: RNN14),1992,https://www.nissan-global.com/EN/HERITAGE_COLLECTION/pulsargti-r.html,tread_front_rear,"1,445/1,435mm"
Pulsar,192,Nissan Pulsar / Sunny GTI-R (1992: RNN14),1992,https://www.nissan-global.com/EN/HERITAGE_COLLECTION/pulsargti-r.html,curb_weight,"Over 1,100kg"
Pulsar,192,Nissan Pulsar / Sunny GTI-R (1992: RNN14),1992,https://www.nissan-global.com/EN/HERITAGE_COLLECTION/pulsargti-r.html,engine,"SR20DET (4-cyl. in line, DOHC), 2,026cc"
Pulsar,192,Nissan Pulsar / Sunny GTI-R (1992: RNN14),1992,https://www.nissan-global.com/EN/HERITAGE_COLLECTION/pulsargti-r.html,engine_max_power,"220kW (300PS)/6,400rpm"
Pulsar,192,Nissan Pulsar / Sunny GTI-R (1992: RNN14),1992,https://www.nissan-global.com/EN/HERITAGE_COLLECTION/pulsargti-r.html,engine_max_torque,"Over 373Nm (38.0kgm)/4,800rpm"
Pulsar,192,Nissan Pulsar / Sunny GTI-R (1992: RNN14),1992,https://www.nissan-global.com/EN/HERITAGE_COLLECTION/pulsargti-r.html,drive_system,ATTESA (electronically controlled full-time 4WD)
Pulsar,192,Nissan Pulsar / Sunny GTI-R (1992: RNN14),1992,https://www.nissan-global.com/EN/HERITAGE_COLLECTION/pulsargti-r.html,suspension_front_rear,Strut/Strut
Pulsar,192,Nissan Pulsar / Sunny GTI-R (1992: RNN14),1992,https://www.nissan-global.com/EN/HERITAGE_COLLECTION/pulsargti-r.html,brakes_front_rear,Ventilated disc
Pulsar,192,Nissan Pulsar / Sunny GTI-R (1992: RNN14),1992,https://www.nissan-global.com/EN/HERITAGE_COLLECTION/pulsargti-r.html,tires_and_wheels,195/70R16 (7Jx16) SP82R
Pulsar,519,Nissan Pulsar (Sunny) GTI-R (1992: RNN14),1992,https://www.nissan-global.com/EN/HERITAGE_COLLECTION/519_pulsar_gti-r.html,overall_length_width_height,"3,975/1,690/1,400 mm"
Pulsar,519,Nissan Pulsar (Sunny) GTI-R (1992: RNN14),1992,https://www.nissan-global.com/EN/HERITAGE_COLLECTION/519_pulsar_gti-r.html,wheelbase,"2,430mm"
Pulsar,519,Nissan Pulsar (Sunny) GTI-R (1992: RNN14),1992,https://www.nissan-global.com/EN/HERITAGE_COLLECTION/519_pulsar_gti-r.html,tread_front_rear,"1,440/1,415mm"
Pulsar,519,Nissan Pulsar (Sunny) GTI-R (1992: RNN14),1992,https://www.nissan-global.com/EN/HERITAGE_COLLECTION/519_pulsar_gti-r.html,curb_weight,"1,230kg"
Pulsar,519,Nissan Pulsar (Sunny) GTI-R (1992: RNN14),1992,https://www.nissan-global.com/EN/HERITAGE_COLLECTION/519_pulsar_gti-r.html,engine,"SR20DET (4-cyl. inline, 4-valve DOHC with Turbo) 1,998cc"
Pulsar,519,Nissan Pulsar (Sunny) GTI-R (1992: RNN14),1992,https://www.nissan-global.com/EN/HERITAGE_COLLECTION/519_pulsar_gti-r.html,engine_max_power,169Kw (230PS)/6400rpm
Pulsar,519,Nissan Pulsar (Sunny) GTI-R (1992: RNN14),1992,https://www.nissan-global.com/EN/HERITAGE_COLLECTION/519_pulsar_gti-r.html,engine_max_torque,284N·m (29.0kgm)/4800rpm
Pulsar,519,Nissan Pulsar (Sunny) GTI-R (1992: RNN14),1992,https://www.nissan-global.com/EN/HERITAGE_COLLECTION/519_pulsar_gti-r.html,suspension_front_rear,Strut/Parallel link strut (Independent)
Pulsar,519,Nissan Pulsar (Sunny) GTI-R (1992: RNN14),1992,https://www.nissan-global.com/EN/HERITAGE_COLLECTION/519_pulsar_gti-r.html,brakes_front_rear,Ventilated disc/Disc
Pulsar,519,Nissan Pulsar (Sunny) GTI-R (1992: RNN14),1992,https://www.nissan-global.com/EN/HERITAGE_COLLECTION/519_pulsar_gti-r.html,tires,195/55R14 82V
Racing Car,046,Nissan R380A-II (1967 : R380),1967,https://www.nissan-global.com/EN/HERITAGE_COLLECTION/Nissan_R380-2.html,overall_length_width_height,"4,060/1,685/985mm"
Racing Car,046,Nissan R380A-II (1967 : R380),1967,https://www.nissan-global.com/EN/HERITAGE_COLLECTION/Nissan_R380-2.html,wheelbase,"2,360mm"
Racing Car,046,Nissan R380A-II (1967 : R380),1967,https://www.nissan-global.com/EN/HERITAGE_COLLECTION/Nissan_R380-2.html,tread_front_rear,"1,424/1,372mm"
Racing Car,046,Nissan R380A-II (1967 : R380),1967,https://www.nissan-global.com/EN/HERITAGE_COLLECTION/Nissan_R380-2.html,curb_weight,590kg
Racing Car,046,Nissan R380A-II (1967 : R380),1967,https://www.nissan-global.com/EN/HERITAGE_COLLECTION/Nissan_R380-2.html,engine,GR8 (6-cyl. in line 4-valve DOHC)
Racing Car,046,Nissan R380A-II (1967 : R380),1967,https://www.nissan-global.com/EN/HERITAGE_COLLECTION/Nissan_R380-2.html,engine_displacement,"1,996cc"
Racing Car,046,Nissan R380A-II (1967 : R380),1967,https://www.nissan-global.com/EN/HERITAGE_COLLECTION/Nissan_R380-2.html,engine_max_power,"Over 162kW(220PS) /8,400rpm"
Racing Car,046,Nissan R380A-II (1967 : R380),1967,https://www.nissan-global.com/EN/HERITAGE_COLLECTION/Nissan_R380-2.html,engine_max_torque,"Over 196Nm(20.0kgfm) /7,200rpm"
Racing Car,046,Nissan R380A-II (1967 : R380),1967,https://www.nissan-global.com/EN/HERITAGE_COLLECTION/Nissan_R380-2.html,suspension_front_rear,"Double wishbone / Upper I arm, Lower reverse A arm, Double radius arm"
Racing Car,046,Nissan R380A-II (1967 : R380),1967,https://www.nissan-global.com/EN/HERITAGE_COLLECTION/Nissan_R380-2.html,brakes_front_rear,4-wheel Disc (Girling)
Racing Car,046,Nissan R380A-II (1967 : R380),1967,https://www.nissan-global.com/EN/HERITAGE_COLLECTION/Nissan_R380-2.html,tires,5.50L-15 / 6.50L-15 DUNLOP R7
Racing Car,046,Nissan R380A-II (1967 : R380),1967,https://www.nissan-global.com/EN/HERITAGE_COLLECTION/Nissan_R380-2.html,other,"Nissan's result in ""24 Heures du Mans""."
Racing Car,046,Nissan R380A-II (1967 : R380),1967,https://www.nissan-global.com/EN/HERITAGE_COLLECTION/Nissan_R380-2.html,other,"Nissan's Gr. C racing cars results in Japan, 1990-92."
Racing Car,047,Nissan R381 (1968 : R381),1968,https://www.nissan-global.com/EN/HERITAGE_COLLECTION/Nissan_R381.html,overall_length_width_height,"4,410/1,790/845mm (wing: 1,265mm)"
Racing Car,047,Nissan R381 (1968 : R381),1968,https://www.nissan-global.com/EN/HERITAGE_COLLECTION/Nissan_R381.html,wheelbase,"2,470mm"
Racing Car,047,Nissan R381 (1968 : R381),1968,https://www.nissan-global.com/EN/HERITAGE_COLLECTION/Nissan_R381.html,tread_front_rear,"1,460/1,400mm"
Racing Car,047,Nissan R381 (1968 : R381),1968,https://www.nissan-global.com/EN/HERITAGE_COLLECTION/Nissan_R381.html,curb_weight,855kg
Racing Car,047,Nissan R381 (1968 : R381),1968,https://www.nissan-global.com/EN/HERITAGE_COLLECTION/Nissan_R381.html,engine,"Chevrolet V8 OHV, 5,461cc"
Racing Car,047,Nissan R381 (1968 : R381),1968,https://www.nissan-global.com/EN/HERITAGE_COLLECTION/Nissan_R381.html,engine_max_power,"Over 331kW (450PS)/6,000rpm"
Racing Car,047,Nissan R381 (1968 : R381),1968,https://www.nissan-global.com/EN/HERITAGE_COLLECTION/Nissan_R381.html,engine_max_torque,"Over 534Nm (54.5Kgfm)/5,500rpm"
Racing Car,047,Nissan R381 (1968 : R381),1968,https://www.nissan-global.com/EN/HERITAGE_COLLECTION/Nissan_R381.html,suspension_front_rear,"Double wishbone / Upper I arm, Lower reverse A arm, Double radius arm"
Racing Car,047,Nissan R381 (1968 : R381),1968,https://www.nissan-global.com/EN/HERITAGE_COLLECTION/Nissan_R381.html,brakes_front_rear,4-wheel Disc (Girling)
Racing Car,047,Nissan R381 (1968 : R381),1968,https://www.nissan-global.com/EN/HERITAGE_COLLECTION/Nissan_R381.html,tires,4.75-11.30-15/6.00-13.50-15
Racing Car,047,Nissan R381 (1968 : R381),1968,https://www.nissan-global.com/EN/HERITAGE_COLLECTION/Nissan_R381.html,other,"Nissan's result in ""24 Heures du Mans"" ."
Racing Car,047,Nissan R381 (1968 : R381),1968,https://www.nissan-global.com/EN/HERITAGE_COLLECTION/Nissan_R381.html,other,"Nissan's Gr. C racing cars results in Japan, 1990-92."
Racing Car,053,Nissan R382 (1969 : R382),1969,https://www.nissan-global.com/EN/HERITAGE_COLLECTION/Nissan_R382_053.html,overall_length_width_height,"4,045/1,870/925mm"
Racing Car,053,Nissan R382 (1969 : R382),1969,https://www.nissan-global.com/EN/HERITAGE_COLLECTION/Nissan_R382_053.html,wheelbase,"2,400mm"
Racing Car,053,Nissan R382 (1969 : R382),1969,https://www.nissan-global.com/EN/HERITAGE_COLLECTION/Nissan_R382_053.html,tread,"1,470/1,370mm"
Racing Car,053,Nissan R382 (1969 : R382),1969,https://www.nissan-global.com/EN/HERITAGE_COLLECTION/Nissan_R382_053.html,curb_weight,790kg
Racing Car,053,Nissan R382 (1969 : R382),1969,https://www.nissan-global.com/EN/HERITAGE_COLLECTION/Nissan_R382_053.html,engine,"GRX-III (V12, 4-valve DOHC), 5,954cc"
Racing Car,053,Nissan R382 (1969 : R382),1969,https://www.nissan-global.com/EN/HERITAGE_COLLECTION/Nissan_R382_053.html,engine_max_power,"441kW(600ps)/7,200rpm"
Racing Car,053,Nissan R382 (1969 : R382),1969,https://www.nissan-global.com/EN/HERITAGE_COLLECTION/Nissan_R382_053.html,engine_max_torque,"627N·m(64.0kgf·m)/5,600rpm"
Racing Car,053,Nissan R382 (1969 : R382),1969,https://www.nissan-global.com/EN/HERITAGE_COLLECTION/Nissan_R382_053.html,suspension_front_rear,"Double wishbone / Upper: I arm, Lower: reversed A arm, Double radius arm"
Racing Car,053,Nissan R382 (1969 : R382),1969,https://www.nissan-global.com/EN/HERITAGE_COLLECTION/Nissan_R382_053.html,brakes_front_rear,Ventilated disc / Ventilated disc
Racing Car,053,Nissan R382 (1969 : R382),1969,https://www.nissan-global.com/EN/HERITAGE_COLLECTION/Nissan_R382_053.html,tires,10.55-15 / 12.50-15
Racing Car,197,Nissan R382 (1969 : R382),1969,https://www.nissan-global.com/EN/HERITAGE_COLLECTION/Nissan_R382.html,overall_length_width_height,"4,045/1,879/925mm"
Racing Car,197,Nissan R382 (1969 : R382),1969,https://www.nissan-global.com/EN/HERITAGE_COLLECTION/Nissan_R382.html,wheelbase,"2,400mm"
Racing Car,197,Nissan R382 (1969 : R382),1969,https://www.nissan-global.com/EN/HERITAGE_COLLECTION/Nissan_R382.html,tread_front_rear,"1,470/1,370mm"
Racing Car,197,Nissan R382 (1969 : R382),1969,https://www.nissan-global.com/EN/HERITAGE_COLLECTION/Nissan_R382.html,curb_weight,790kg
Racing Car,197,Nissan R382 (1969 : R382),1969,https://www.nissan-global.com/EN/HERITAGE_COLLECTION/Nissan_R382.html,engine,"GRX-III (V12 4-valve DOHC) 5,954cc"
Racing Car,197,Nissan R382 (1969 : R382),1969,https://www.nissan-global.com/EN/HERITAGE_COLLECTION/Nissan_R382.html,engine_max_power,"Over 441kW(600ps) /7,200rpm"
Racing Car,197,Nissan R382 (1969 : R382),1969,https://www.nissan-global.com/EN/HERITAGE_COLLECTION/Nissan_R382.html,engine_max_torque,"Over 627Nm(64.0kgfm) /5,600rpm"
Racing Car,197,Nissan R382 (1969 : R382),1969,https://www.nissan-global.com/EN/HERITAGE_COLLECTION/Nissan_R382.html,suspension_front_rear,"Double wishbone / Upper I arm, Lower reverse A arm, Double radius arm"
Racing Car,197,Nissan R382 (1969 : R382),1969,https://www.nissan-global.com/EN/HERITAGE_COLLECTION/Nissan_R382.html,brakes_front_rear,Ventilated disc / Ventilated disc
Racing Car,197,Nissan R382 (1969 : R382),1969,https://www.nissan-global.com/EN/HERITAGE_COLLECTION/Nissan_R382.html,tires,10.55-15 /12.50-15
Racing Car,197,Nissan R382 (1969 : R382),1969,https://www.nissan-global.com/EN/HERITAGE_COLLECTION/Nissan_R382.html,other,"Nissan's result in ""24 Heures du Mans"" ."
Racing Car,197,Nissan R382 (1969 : R382),1969,https://www.nissan-global.com/EN/HERITAGE_COLLECTION/Nissan_R382.html,other,"Nissan's Gr. C racing cars results in Japan, 1990-92 ."
Racing Car,056,Nissan R383,1970,https://www.nissan-global.com/EN/HERITAGE_COLLECTION/nissan_r383.html,overall_length_width_height,"4,115/2,030/1,088mm"
Racing Car,056,Nissan R383,1970,https://www.nissan-global.com/EN/HERITAGE_COLLECTION/nissan_r383.html,wheelbase,"2,400mm"
Racing Car,056,Nissan R383,1970,https://www.nissan-global.com/EN/HERITAGE_COLLECTION/nissan_r383.html,tread_front_rear,"1,280/1,260mm"
Racing Car,056,Nissan R383,1970,https://www.nissan-global.com/EN/HERITAGE_COLLECTION/nissan_r383.html,curb_weight,740kg
Racing Car,056,Nissan R383,1970,https://www.nissan-global.com/EN/HERITAGE_COLLECTION/nissan_r383.html,engine,"GRX-3 (V12, DOHC)"
Racing Car,056,Nissan R383,1970,https://www.nissan-global.com/EN/HERITAGE_COLLECTION/nissan_r383.html,engine_displacement,"5,954cc"
Racing Car,056,Nissan R383,1970,https://www.nissan-global.com/EN/HERITAGE_COLLECTION/nissan_r383.html,engine_max_power,Over 515kW (700PS)
Racing Car,056,Nissan R383,1970,https://www.nissan-global.com/EN/HERITAGE_COLLECTION/nissan_r383.html,engine_max_torque,Over 647Nm (66kgm)
Racing Car,056,Nissan R383,1970,https://www.nissan-global.com/EN/HERITAGE_COLLECTION/nissan_r383.html,transmission,Hewland (5-speed)
Racing Car,056,Nissan R383,1970,https://www.nissan-global.com/EN/HERITAGE_COLLECTION/nissan_r383.html,brakes,4-wheel outboard disc
Racing Car,056,Nissan R383,1970,https://www.nissan-global.com/EN/HERITAGE_COLLECTION/nissan_r383.html,other,"Nissan's result in ""24 Heures du Mans"" ."
Racing Car,056,Nissan R383,1970,https://www.nissan-global.com/EN/HERITAGE_COLLECTION/nissan_r383.html,other,"Nissan's Gr. C racing cars results in Japan, 1990-92 ."
Racing Car,107,Nissan GTP ZX-Turbo (1985 : (LOLA)),1985,https://www.nissan-global.com/EN/HERITAGE_COLLECTION/nissan_gtp_zx_turbo.html,overall_length_width_height,"4,800/2,000/1,016mm"
Racing Car,107,Nissan GTP ZX-Turbo (1985 : (LOLA)),1985,https://www.nissan-global.com/EN/HERITAGE_COLLECTION/nissan_gtp_zx_turbo.html,wheelbase,"2,705mm"
Racing Car,107,Nissan GTP ZX-Turbo (1985 : (LOLA)),1985,https://www.nissan-global.com/EN/HERITAGE_COLLECTION/nissan_gtp_zx_turbo.html,tread_front_rear,"1,571/1,530mm"
Racing Car,107,Nissan GTP ZX-Turbo (1985 : (LOLA)),1985,https://www.nissan-global.com/EN/HERITAGE_COLLECTION/nissan_gtp_zx_turbo.html,curb_weight,860kg
Racing Car,107,Nissan GTP ZX-Turbo (1985 : (LOLA)),1985,https://www.nissan-global.com/EN/HERITAGE_COLLECTION/nissan_gtp_zx_turbo.html,engine,"VG30ET (V6, DOHC), 2,966cc"
Racing Car,107,Nissan GTP ZX-Turbo (1985 : (LOLA)),1985,https://www.nissan-global.com/EN/HERITAGE_COLLECTION/nissan_gtp_zx_turbo.html,engine_max_power,"Over 478kW (650PS)/8,000rpm"
Racing Car,107,Nissan GTP ZX-Turbo (1985 : (LOLA)),1985,https://www.nissan-global.com/EN/HERITAGE_COLLECTION/nissan_gtp_zx_turbo.html,engine_max_torque,"Over 686Nm (70.0kgm)/5,500rpm"
Racing Car,107,Nissan GTP ZX-Turbo (1985 : (LOLA)),1985,https://www.nissan-global.com/EN/HERITAGE_COLLECTION/nissan_gtp_zx_turbo.html,transmission,Weismann (5-speed)
Racing Car,107,Nissan GTP ZX-Turbo (1985 : (LOLA)),1985,https://www.nissan-global.com/EN/HERITAGE_COLLECTION/nissan_gtp_zx_turbo.html,suspension,Special A-arm & coil (front & rear)
Racing Car,107,Nissan GTP ZX-Turbo (1985 : (LOLA)),1985,https://www.nissan-global.com/EN/HERITAGE_COLLECTION/nissan_gtp_zx_turbo.html,brakes_front_rear,"13in. 4-pod, ventilated disc"
Racing Car,107,Nissan GTP ZX-Turbo (1985 : (LOLA)),1985,https://www.nissan-global.com/EN/HERITAGE_COLLECTION/nissan_gtp_zx_turbo.html,tires_front,325/625-415
Racing Car,107,Nissan GTP ZX-Turbo (1985 : (LOLA)),1985,https://www.nissan-global.com/EN/HERITAGE_COLLECTION/nissan_gtp_zx_turbo.html,tires_rear,350/680-415
Racing Car,107,Nissan GTP ZX-Turbo (1985 : (LOLA)),1985,https://www.nissan-global.com/EN/HERITAGE_COLLECTION/nissan_gtp_zx_turbo.html,other,"Nissan's result in ""24 Heures du Mans"" ."
Racing Car,107,Nissan GTP ZX-Turbo (1985 : (LOLA)),1985,https://www.nissan-global.com/EN/HERITAGE_COLLECTION/nissan_gtp_zx_turbo.html,other,"Nissan's Gr. C racing cars results in Japan, 1990-92 ."
Racing Car,106,Nissan R85V (1986 : R85V),1986,https://www.nissan-global.com/EN/HERITAGE_COLLECTION/nissan_r85v.html,overall_length_width_height,"4,794/1,994/1,069mm"
Racing Car,106,Nissan R85V (1986 : R85V),1986,https://www.nissan-global.com/EN/HERITAGE_COLLECTION/nissan_r85v.html,wheelbase,"2,670mm"
Racing Car,106,Nissan R85V (1986 : R85V),1986,https://www.nissan-global.com/EN/HERITAGE_COLLECTION/nissan_r85v.html,tread_front_rear,"1,575/1,529mm"
Racing Car,106,Nissan R85V (1986 : R85V),1986,https://www.nissan-global.com/EN/HERITAGE_COLLECTION/nissan_r85v.html,curb_weight,880kg
Racing Car,106,Nissan R85V (1986 : R85V),1986,https://www.nissan-global.com/EN/HERITAGE_COLLECTION/nissan_r85v.html,engine,"VG30T/C (V6, DOHC), 2,966cc"
Racing Car,106,Nissan R85V (1986 : R85V),1986,https://www.nissan-global.com/EN/HERITAGE_COLLECTION/nissan_r85v.html,engine_max_power,"Over 500kW (680PS)/8,000rpm"
Racing Car,106,Nissan R85V (1986 : R85V),1986,https://www.nissan-global.com/EN/HERITAGE_COLLECTION/nissan_r85v.html,engine_max_torque,"Over 686Nm (70.0kgm)/5,500rpm"
Racing Car,106,Nissan R85V (1986 : R85V),1986,https://www.nissan-global.com/EN/HERITAGE_COLLECTION/nissan_r85v.html,transmission,March 85T (5-speed)
Racing Car,106,Nissan R85V (1986 : R85V),1986,https://www.nissan-global.com/EN/HERITAGE_COLLECTION/nissan_r85v.html,suspension_front,Double wishbone
Racing Car,106,Nissan R85V (1986 : R85V),1986,https://www.nissan-global.com/EN/HERITAGE_COLLECTION/nissan_r85v.html,suspension_rear,Rocking-arm
Racing Car,106,Nissan R85V (1986 : R85V),1986,https://www.nissan-global.com/EN/HERITAGE_COLLECTION/nissan_r85v.html,tires_front,325/625-415 (DL)
Racing Car,106,Nissan R85V (1986 : R85V),1986,https://www.nissan-global.com/EN/HERITAGE_COLLECTION/nissan_r85v.html,tires_rear,350/700-415 (DL)
Racing Car,106,Nissan R85V (1986 : R85V),1986,https://www.nissan-global.com/EN/HERITAGE_COLLECTION/nissan_r85v.html,other,"Nissan's result in ""24 Heures du Mans"" ."
Racing Car,106,Nissan R85V (1986 : R85V),1986,https://www.nissan-global.com/EN/HERITAGE_COLLECTION/nissan_r85v.html,other,"Nissan's Gr. C racing cars results in Japan, 1990-92 ."
Racing Car,108,Nissan R86V (1986 : R86V),1986,https://www.nissan-global.com/EN/HERITAGE_COLLECTION/nissan_r86v.html,overall_length_width_height,"4,794/1,985/1,094mm"
Racing Car,108,Nissan R86V (1986 : R86V),1986,https://www.nissan-global.com/EN/HERITAGE_COLLECTION/nissan_r86v.html,wheelbase,"2,671mm"
Racing Car,108,Nissan R86V (1986 : R86V),1986,https://www.nissan-global.com/EN/HERITAGE_COLLECTION/nissan_r86v.html,tread_front_rear,"1,602/1,553mm"
Racing Car,108,Nissan R86V (1986 : R86V),1986,https://www.nissan-global.com/EN/HERITAGE_COLLECTION/nissan_r86v.html,curb_weight,Over 850kg
Racing Car,108,Nissan R86V (1986 : R86V),1986,https://www.nissan-global.com/EN/HERITAGE_COLLECTION/nissan_r86v.html,engine,"VG30T (V6, DOHC), 2,966cc"
Racing Car,108,Nissan R86V (1986 : R86V),1986,https://www.nissan-global.com/EN/HERITAGE_COLLECTION/nissan_r86v.html,engine_max_power,"Over 500kW (680PS)/8,000rpm"
Racing Car,108,Nissan R86V (1986 : R86V),1986,https://www.nissan-global.com/EN/HERITAGE_COLLECTION/nissan_r86v.html,engine_max_torque,"Over 686Nm (70.0kgm)/5,500rpm"
Racing Car,108,Nissan R86V (1986 : R86V),1986,https://www.nissan-global.com/EN/HERITAGE_COLLECTION/nissan_r86v.html,transmission,March 85T
Racing Car,108,Nissan R86V (1986 : R86V),1986,https://www.nissan-global.com/EN/HERITAGE_COLLECTION/nissan_r86v.html,suspension,Double wishbone (front & rear)
Racing Car,108,Nissan R86V (1986 : R86V),1986,https://www.nissan-global.com/EN/HERITAGE_COLLECTION/nissan_r86v.html,brakes,Lockheed 14in. 4-pod (front & rear)
Racing Car,108,Nissan R86V (1986 : R86V),1986,https://www.nissan-global.com/EN/HERITAGE_COLLECTION/nissan_r86v.html,tires_wheels_front,300/45R16 (13Jx16)
Racing Car,108,Nissan R86V (1986 : R86V),1986,https://www.nissan-global.com/EN/HERITAGE_COLLECTION/nissan_r86v.html,tires_wheels_rear,350/45R16 (15Jx16)
Racing Car,108,Nissan R86V (1986 : R86V),1986,https://www.nissan-global.com/EN/HERITAGE_COLLECTION/nissan_r86v.html,other,"Nissan's result in ""24 Heures du Mans"" ."
Racing Car,108,Nissan R86V (1986 : R86V),1986,https://www.nissan-global.com/EN/HERITAGE_COLLECTION/nissan_r86v.html,other,"Nissan's Gr. C racing cars results in Japan, 1990-92 ."
Racing Car,110,Nissan R88C (1988 : R88C),1988,https://www.nissan-global.com/EN/HERITAGE_COLLECTION/nissan_r88c_110.html,overall_length_width_height,"4,780/1,990/965mm"
Racing Car,110,Nissan R88C (1988 : R88C),1988,https://www.nissan-global.com/EN/HERITAGE_COLLECTION/nissan_r88c_110.html,wheelbase,"2,800mm"
Racing Car,110,Nissan R88C (1988 : R88C),1988,https://www.nissan-global.com/EN/HERITAGE_COLLECTION/nissan_r88c_110.html,tread_front_rear,"1,600/1,550mm"
Racing Car,110,Nissan R88C (1988 : R88C),1988,https://www.nissan-global.com/EN/HERITAGE_COLLECTION/nissan_r88c_110.html,curb_weight,Over 850kg
Racing Car,110,Nissan R88C (1988 : R88C),1988,https://www.nissan-global.com/EN/HERITAGE_COLLECTION/nissan_r88c_110.html,engine,"VRH30T (V8, DOHC), 2,966cc"
Racing Car,110,Nissan R88C (1988 : R88C),1988,https://www.nissan-global.com/EN/HERITAGE_COLLECTION/nissan_r88c_110.html,engine_max_power,"Over 551kW (750PS)/8,000rpm"
Racing Car,110,Nissan R88C (1988 : R88C),1988,https://www.nissan-global.com/EN/HERITAGE_COLLECTION/nissan_r88c_110.html,engine_max_torque,"Over 735Nm (75.0kgm)/5,500rpm"
Racing Car,110,Nissan R88C (1988 : R88C),1988,https://www.nissan-global.com/EN/HERITAGE_COLLECTION/nissan_r88c_110.html,transmission,March 87T (5-speed)
Racing Car,110,Nissan R88C (1988 : R88C),1988,https://www.nissan-global.com/EN/HERITAGE_COLLECTION/nissan_r88c_110.html,suspension,Double wishbone (front & rear)
Racing Car,110,Nissan R88C (1988 : R88C),1988,https://www.nissan-global.com/EN/HERITAGE_COLLECTION/nissan_r88c_110.html,brakes,AP 14in. 4-pod (front & rear)
Racing Car,110,Nissan R88C (1988 : R88C),1988,https://www.nissan-global.com/EN/HERITAGE_COLLECTION/nissan_r88c_110.html,tires_wheels_front,320/30R17 (13x17)
Racing Car,110,Nissan R88C (1988 : R88C),1988,https://www.nissan-global.com/EN/HERITAGE_COLLECTION/nissan_r88c_110.html,tires_wheels_rear,350/40R19 (14x19)
Racing Car,110,Nissan R88C (1988 : R88C),1988,https://www.nissan-global.com/EN/HERITAGE_COLLECTION/nissan_r88c_110.html,other,"Nissan's result in ""24 Heures du Mans"" ."
Racing Car,110,Nissan R88C (1988 : R88C),1988,https://www.nissan-global.com/EN/HERITAGE_COLLECTION/nissan_r88c_110.html,other,"Nissan's Gr. C racing cars results in Japan, 1990-92 ."
Racing Car,114,Nissan R88C (1988 : R88C),1988,https://www.nissan-global.com/EN/HERITAGE_COLLECTION/Nissan_R88C.html,overall_length_width_height,"4,780/1,990/965mm"
Racing Car,114,Nissan R88C (1988 : R88C),1988,https://www.nissan-global.com/EN/HERITAGE_COLLECTION/Nissan_R88C.html,wheelbase,"2,800mm"
Racing Car,114,Nissan R88C (1988 : R88C),1988,https://www.nissan-global.com/EN/HERITAGE_COLLECTION/Nissan_R88C.html,tread_front_rear,"1,600/1,550mm"
Racing Car,114,Nissan R88C (1988 : R88C),1988,https://www.nissan-global.com/EN/HERITAGE_COLLECTION/Nissan_R88C.html,curb_weight,Over 850kg
Racing Car,114,Nissan R88C (1988 : R88C),1988,https://www.nissan-global.com/EN/HERITAGE_COLLECTION/Nissan_R88C.html,engine,"VRH30T (V8, DOHC), 2,966cc"
Racing Car,114,Nissan R88C (1988 : R88C),1988,https://www.nissan-global.com/EN/HERITAGE_COLLECTION/Nissan_R88C.html,engine_max_power,"Over 551kW (750PS)/8,000rpm"
Racing Car,114,Nissan R88C (1988 : R88C),1988,https://www.nissan-global.com/EN/HERITAGE_COLLECTION/Nissan_R88C.html,engine_max_torque,"Over 735Nm (75.0kgm)/5,500rpm"
Racing Car,114,Nissan R88C (1988 : R88C),1988,https://www.nissan-global.com/EN/HERITAGE_COLLECTION/Nissan_R88C.html,transmission,March 87T (5-speed)
Racing Car,114,Nissan R88C (1988 : R88C),1988,https://www.nissan-global.com/EN/HERITAGE_COLLECTION/Nissan_R88C.html,suspension,Double wishbone (front & rear)
Racing Car,114,Nissan R88C (1988 : R88C),1988,https://www.nissan-global.com/EN/HERITAGE_COLLECTION/Nissan_R88C.html,brakes,AP 14in. 4-pod (front & rear)
Racing Car,114,Nissan R88C (1988 : R88C),1988,https://www.nissan-global.com/EN/HERITAGE_COLLECTION/Nissan_R88C.html,tires_wheels_front,320/30R17 (13x17)
Racing Car,114,Nissan R88C (1988 : R88C),1988,https://www.nissan-global.com/EN/HERITAGE_COLLECTION/Nissan_R88C.html,tires_wheels_rear,350/40R19 (14x19)
Racing Car,114,Nissan R88C (1988 : R88C),1988,https://www.nissan-global.com/EN/HERITAGE_COLLECTION/Nissan_R88C.html,other,Nissan first to win JSPC 3 years in a row.
Racing Car,114,Nissan R88C (1988 : R88C),1988,https://www.nissan-global.com/EN/HERITAGE_COLLECTION/Nissan_R88C.html,other,"Nissan's result in ""24 Heures du Mans""."
Racing Car,114,Nissan R88C (1988 : R88C),1988,https://www.nissan-global.com/EN/HERITAGE_COLLECTION/Nissan_R88C.html,other,"Nissan's Gr. C racing cars results in Japan, 1990-92."
Racing Car,118,Nissan R89C (1989 : R89C),1989,https://www.nissan-global.com/EN/HERITAGE_COLLECTION/Nissan_R89C.html,overall_length_width_height,"4,800/1,990/1,100mm"
Racing Car,118,Nissan R89C (1989 : R89C),1989,https://www.nissan-global.com/EN/HERITAGE_COLLECTION/Nissan_R89C.html,wheelbase,"2,794mm"
Racing Car,118,Nissan R89C (1989 : R89C),1989,https://www.nissan-global.com/EN/HERITAGE_COLLECTION/Nissan_R89C.html,tread_front_rear,"1,600/1,560mm"
Racing Car,118,Nissan R89C (1989 : R89C),1989,https://www.nissan-global.com/EN/HERITAGE_COLLECTION/Nissan_R89C.html,curb_weight,Over 900kg
Racing Car,118,Nissan R89C (1989 : R89C),1989,https://www.nissan-global.com/EN/HERITAGE_COLLECTION/Nissan_R89C.html,engine,"VRH35 (V8, DOHC), 3,496cc"
Racing Car,118,Nissan R89C (1989 : R89C),1989,https://www.nissan-global.com/EN/HERITAGE_COLLECTION/Nissan_R89C.html,engine_max_power,"Over 588kW (800PS)/7,600rpm"
Racing Car,118,Nissan R89C (1989 : R89C),1989,https://www.nissan-global.com/EN/HERITAGE_COLLECTION/Nissan_R89C.html,engine_max_torque,"Over 784Nm (80.0kgm)/5,600rpm"
Racing Car,118,Nissan R89C (1989 : R89C),1989,https://www.nissan-global.com/EN/HERITAGE_COLLECTION/Nissan_R89C.html,transmission,VGC (5-speed)
Racing Car,118,Nissan R89C (1989 : R89C),1989,https://www.nissan-global.com/EN/HERITAGE_COLLECTION/Nissan_R89C.html,suspension,Double wishbone (front & rear)
Racing Car,118,Nissan R89C (1989 : R89C),1989,https://www.nissan-global.com/EN/HERITAGE_COLLECTION/Nissan_R89C.html,brakes,14in. ventilated (front & rear)
Racing Car,118,Nissan R89C (1989 : R89C),1989,https://www.nissan-global.com/EN/HERITAGE_COLLECTION/Nissan_R89C.html,tires_wheels_front,275/625-17DL* (13Jx17)
Racing Car,118,Nissan R89C (1989 : R89C),1989,https://www.nissan-global.com/EN/HERITAGE_COLLECTION/Nissan_R89C.html,tires_wheels_rear,330/700-17DL* (15Jx17)
Racing Car,118,Nissan R89C (1989 : R89C),1989,https://www.nissan-global.com/EN/HERITAGE_COLLECTION/Nissan_R89C.html,other,"Nissan's result in ""24 Heures du Mans""."
Racing Car,118,Nissan R89C (1989 : R89C),1989,https://www.nissan-global.com/EN/HERITAGE_COLLECTION/Nissan_R89C.html,other,"Nissan's Gr. C racing cars results in Japan, 1990-92."
Racing Car,121,Nissan R90CK (1990 : R90C),1990,https://www.nissan-global.com/EN/HERITAGE_COLLECTION/nissan_r90ck.html,overall_length_width_height,"4,780/1,990/1,100mm"
Racing Car,121,Nissan R90CK (1990 : R90C),1990,https://www.nissan-global.com/EN/HERITAGE_COLLECTION/nissan_r90ck.html,wheelbase,"2,794mm"
Racing Car,121,Nissan R90CK (1990 : R90C),1990,https://www.nissan-global.com/EN/HERITAGE_COLLECTION/nissan_r90ck.html,tread_front_rear,"1,600/1,560mm"
Racing Car,121,Nissan R90CK (1990 : R90C),1990,https://www.nissan-global.com/EN/HERITAGE_COLLECTION/nissan_r90ck.html,curb_weight,Over 900kg
Racing Car,121,Nissan R90CK (1990 : R90C),1990,https://www.nissan-global.com/EN/HERITAGE_COLLECTION/nissan_r90ck.html,engine,"VRH35T (V8, DOHC), 3,496cc"
Racing Car,121,Nissan R90CK (1990 : R90C),1990,https://www.nissan-global.com/EN/HERITAGE_COLLECTION/nissan_r90ck.html,engine_max_power,"Over 588kW (800PS)/7,600rpm"
Racing Car,121,Nissan R90CK (1990 : R90C),1990,https://www.nissan-global.com/EN/HERITAGE_COLLECTION/nissan_r90ck.html,engine_max_torque,"Over 784Nm (80.0kgm)/5,600rpm"
Racing Car,121,Nissan R90CK (1990 : R90C),1990,https://www.nissan-global.com/EN/HERITAGE_COLLECTION/nissan_r90ck.html,transmission,VGC (5-speed)
Racing Car,121,Nissan R90CK (1990 : R90C),1990,https://www.nissan-global.com/EN/HERITAGE_COLLECTION/nissan_r90ck.html,suspension,Double wishbone (front & rear)
Racing Car,121,Nissan R90CK (1990 : R90C),1990,https://www.nissan-global.com/EN/HERITAGE_COLLECTION/nissan_r90ck.html,brakes,14in. ventilated (front & rear)
Racing Car,121,Nissan R90CK (1990 : R90C),1990,https://www.nissan-global.com/EN/HERITAGE_COLLECTION/nissan_r90ck.html,tires_wheels_front,25.5/12.0-17 GY (13Jx17)
Racing Car,121,Nissan R90CK (1990 : R90C),1990,https://www.nissan-global.com/EN/HERITAGE_COLLECTION/nissan_r90ck.html,tires_wheels_rear,28.5/14.5-18 GY (15Jx18)
Racing Car,121,Nissan R90CK (1990 : R90C),1990,https://www.nissan-global.com/EN/HERITAGE_COLLECTION/nissan_r90ck.html,other,"Nissan's result in ""24 Heures du Mans""."
Racing Car,121,Nissan R90CK (1990 : R90C),1990,https://www.nissan-global.com/EN/HERITAGE_COLLECTION/nissan_r90ck.html,other,"Nissan's Gr. C racing cars results in Japan, 1990-92."
Racing Car,165,Nissan R90CK (1990 : R90C),1990,https://www.nissan-global.com/EN/HERITAGE_COLLECTION/nissan_r90ck_165.html,overall_length_width_height,"4,780/1,990/1,100mm"
Racing Car,165,Nissan R90CK (1990 : R90C),1990,https://www.nissan-global.com/EN/HERITAGE_COLLECTION/nissan_r90ck_165.html,wheelbase,"2,749mm"
Racing Car,165,Nissan R90CK (1990 : R90C),1990,https://www.nissan-global.com/EN/HERITAGE_COLLECTION/nissan_r90ck_165.html,tread_front_rear,"1,600/1,560mm"
Racing Car,165,Nissan R90CK (1990 : R90C),1990,https://www.nissan-global.com/EN/HERITAGE_COLLECTION/nissan_r90ck_165.html,curb_weight,Over 900kg
Racing Car,165,Nissan R90CK (1990 : R90C),1990,https://www.nissan-global.com/EN/HERITAGE_COLLECTION/nissan_r90ck_165.html,engine,"VRH35Z (V8, DOHC), 3,486cc"
Racing Car,165,Nissan R90CK (1990 : R90C),1990,https://www.nissan-global.com/EN/HERITAGE_COLLECTION/nissan_r90ck_165.html,engine_max_power,"Over 588kW (800PS)/7,600rpm"
Racing Car,165,Nissan R90CK (1990 : R90C),1990,https://www.nissan-global.com/EN/HERITAGE_COLLECTION/nissan_r90ck_165.html,engine_max_torque,"Over 784Nm (80.0kgm)/5,600rpm"
Racing Car,165,Nissan R90CK (1990 : R90C),1990,https://www.nissan-global.com/EN/HERITAGE_COLLECTION/nissan_r90ck_165.html,transmission,VGC (5-speed)
Racing Car,165,Nissan R90CK (1990 : R90C),1990,https://www.nissan-global.com/EN/HERITAGE_COLLECTION/nissan_r90ck_165.html,suspension,Double wishbone (front & rear)
Racing Car,165,Nissan R90CK (1990 : R90C),1990,https://www.nissan-global.com/EN/HERITAGE_COLLECTION/nissan_r90ck_165.html,brakes,14in. 4-pod (front & rear)
Racing Car,165,Nissan R90CK (1990 : R90C),1990,https://www.nissan-global.com/EN/HERITAGE_COLLECTION/nissan_r90ck_165.html,tires_wheels_front,25.5x12.0x17* (13.5Jx17)
Racing Car,165,Nissan R90CK (1990 : R90C),1990,https://www.nissan-global.com/EN/HERITAGE_COLLECTION/nissan_r90ck_165.html,tires_wheels_rear,28.5x14.5x18* (15Jx18)
Racing Car,165,Nissan R90CK (1990 : R90C),1990,https://www.nissan-global.com/EN/HERITAGE_COLLECTION/nissan_r90ck_165.html,other,"Nissan's result in ""24 Heures du Mans""."
Racing Car,165,Nissan R90CK (1990 : R90C),1990,https://www.nissan-global.com/EN/HERITAGE_COLLECTION/nissan_r90ck_165.html,other,"Nissan's Gr. C racing cars results in Japan, 1990-92."
Racing Car,119,Nissan R90CK (1990 : R90C),1990,https://www.nissan-global.com/EN/HERITAGE_COLLECTION/nissan_r90ck_119.html,overall_length_width_height,"4,800/1,990/1,100mm"
Racing Car,119,Nissan R90CK (1990 : R90C),1990,https://www.nissan-global.com/EN/HERITAGE_COLLECTION/nissan_r90ck_119.html,wheelbase,"2,794mm"
Racing Car,119,Nissan R90CK (1990 : R90C),1990,https://www.nissan-global.com/EN/HERITAGE_COLLECTION/nissan_r90ck_119.html,tread_front_rear,"1,600/1,560mm"
Racing Car,119,Nissan R90CK (1990 : R90C),1990,https://www.nissan-global.com/EN/HERITAGE_COLLECTION/nissan_r90ck_119.html,curb_weight,Over 900kg
Racing Car,119,Nissan R90CK (1990 : R90C),1990,https://www.nissan-global.com/EN/HERITAGE_COLLECTION/nissan_r90ck_119.html,engine,"VRH35Z (V8, DOHC), 3,496cc"
Racing Car,119,Nissan R90CK (1990 : R90C),1990,https://www.nissan-global.com/EN/HERITAGE_COLLECTION/nissan_r90ck_119.html,engine_max_power,"Over 588kW (800PS)/7,600rpm"
Racing Car,119,Nissan R90CK (1990 : R90C),1990,https://www.nissan-global.com/EN/HERITAGE_COLLECTION/nissan_r90ck_119.html,engine_max_torque,"Over 784Nm (80.0kgm)/5,600rpm"
Racing Car,119,Nissan R90CK (1990 : R90C),1990,https://www.nissan-global.com/EN/HERITAGE_COLLECTION/nissan_r90ck_119.html,engine_turbocharger,IHI twin turbo
Racing Car,119,Nissan R90CK (1990 : R90C),1990,https://www.nissan-global.com/EN/HERITAGE_COLLECTION/nissan_r90ck_119.html,suspension,Double wishbone (front & rear)
Racing Car,119,Nissan R90CK (1990 : R90C),1990,https://www.nissan-global.com/EN/HERITAGE_COLLECTION/nissan_r90ck_119.html,brakes,14in. ventilated (front & rear)
Racing Car,119,Nissan R90CK (1990 : R90C),1990,https://www.nissan-global.com/EN/HERITAGE_COLLECTION/nissan_r90ck_119.html,tires_wheels_front,320/30R18 (13Jx18)
Racing Car,119,Nissan R90CK (1990 : R90C),1990,https://www.nissan-global.com/EN/HERITAGE_COLLECTION/nissan_r90ck_119.html,tires_wheels_rear,350/40R19* (15Jx19)
Racing Car,119,Nissan R90CK (1990 : R90C),1990,https://www.nissan-global.com/EN/HERITAGE_COLLECTION/nissan_r90ck_119.html,other,"Nissan's result in ""24 Heures du Mans""."
Racing Car,119,Nissan R90CK (1990 : R90C),1990,https://www.nissan-global.com/EN/HERITAGE_COLLECTION/nissan_r90ck_119.html,other,"Nissan's Gr. C racing cars results in Japan, 1990-92."
Racing Car,122,Nissan R90CK rev. (1990 : R90C),1990,https://www.nissan-global.com/EN/HERITAGE_COLLECTION/nissan_r90ck_rev.html,overall_length_width_height,"4,780/1,990/1,100mm"
Racing Car,122,Nissan R90CK rev. (1990 : R90C),1990,https://www.nissan-global.com/EN/HERITAGE_COLLECTION/nissan_r90ck_rev.html,wheelbase,"2,794mm"
Racing Car,122,Nissan R90CK rev. (1990 : R90C),1990,https://www.nissan-global.com/EN/HERITAGE_COLLECTION/nissan_r90ck_rev.html,tread_front_rear,"1,600/1,560mm"
Racing Car,122,Nissan R90CK rev. (1990 : R90C),1990,https://www.nissan-global.com/EN/HERITAGE_COLLECTION/nissan_r90ck_rev.html,curb_weight,Over 910kg
Racing Car,122,Nissan R90CK rev. (1990 : R90C),1990,https://www.nissan-global.com/EN/HERITAGE_COLLECTION/nissan_r90ck_rev.html,engine,"VRH30Z (V8, DOHC), 2,996cc"
Racing Car,122,Nissan R90CK rev. (1990 : R90C),1990,https://www.nissan-global.com/EN/HERITAGE_COLLECTION/nissan_r90ck_rev.html,engine_max_power,"Over 500kW (680PS)/7,200rpm"
Racing Car,122,Nissan R90CK rev. (1990 : R90C),1990,https://www.nissan-global.com/EN/HERITAGE_COLLECTION/nissan_r90ck_rev.html,engine_max_torque,"Over 784Nm (80.0kgm)/5,400rpm"
Racing Car,122,Nissan R90CK rev. (1990 : R90C),1990,https://www.nissan-global.com/EN/HERITAGE_COLLECTION/nissan_r90ck_rev.html,transmission,VGC (6-speed)
Racing Car,122,Nissan R90CK rev. (1990 : R90C),1990,https://www.nissan-global.com/EN/HERITAGE_COLLECTION/nissan_r90ck_rev.html,suspension,Double wishbone (front & rear)
Racing Car,122,Nissan R90CK rev. (1990 : R90C),1990,https://www.nissan-global.com/EN/HERITAGE_COLLECTION/nissan_r90ck_rev.html,brakes,14in. ventilated (front & rear)
Racing Car,122,Nissan R90CK rev. (1990 : R90C),1990,https://www.nissan-global.com/EN/HERITAGE_COLLECTION/nissan_r90ck_rev.html,tires_wheels_front,25.5/12.0-17 GY (13Jx17)
Racing Car,122,Nissan R90CK rev. (1990 : R90C),1990,https://www.nissan-global.com/EN/HERITAGE_COLLECTION/nissan_r90ck_rev.html,tires_wheels_rear,28.5/14.5-18 GY (15Jx18)
Racing Car,122,Nissan R90CK rev. (1990 : R90C),1990,https://www.nissan-global.com/EN/HERITAGE_COLLECTION/nissan_r90ck_rev.html,other,"Nissan's result in ""24 Heures du Mans""."
Racing Car,122,Nissan R90CK rev. (1990 : R90C),1990,https://www.nissan-global.com/EN/HERITAGE_COLLECTION/nissan_r90ck_rev.html,other,"Nissan's Gr. C racing cars results in Japan, 1990-92."
Racing Car,117,Nissan R90CP (1990 : R90C),1990,https://www.nissan-global.com/EN/HERITAGE_COLLECTION/Nissan_R90CP.html,overall_length_width_height,"4,800/1,990/1,100mm"
Racing Car,117,Nissan R90CP (1990 : R90C),1990,https://www.nissan-global.com/EN/HERITAGE_COLLECTION/Nissan_R90CP.html,wheelbase,"2,794mm"
Racing Car,117,Nissan R90CP (1990 : R90C),1990,https://www.nissan-global.com/EN/HERITAGE_COLLECTION/Nissan_R90CP.html,tread_front_rear,"1,600/1,560mm"
Racing Car,117,Nissan R90CP (1990 : R90C),1990,https://www.nissan-global.com/EN/HERITAGE_COLLECTION/Nissan_R90CP.html,curb_weight,Over 900kg
Racing Car,117,Nissan R90CP (1990 : R90C),1990,https://www.nissan-global.com/EN/HERITAGE_COLLECTION/Nissan_R90CP.html,engine,"VRH35Z (V8, DOHC), 3,496cc"
Racing Car,117,Nissan R90CP (1990 : R90C),1990,https://www.nissan-global.com/EN/HERITAGE_COLLECTION/Nissan_R90CP.html,engine_max_power,"Over 588kW (800PS)/7,600rpm"
Racing Car,117,Nissan R90CP (1990 : R90C),1990,https://www.nissan-global.com/EN/HERITAGE_COLLECTION/Nissan_R90CP.html,engine_max_torque,"Over 784Nm (80.0kgm)/5,600rpm"
Racing Car,117,Nissan R90CP (1990 : R90C),1990,https://www.nissan-global.com/EN/HERITAGE_COLLECTION/Nissan_R90CP.html,transmission,VGC (5-speed)
Racing Car,117,Nissan R90CP (1990 : R90C),1990,https://www.nissan-global.com/EN/HERITAGE_COLLECTION/Nissan_R90CP.html,suspension,Double wishbone (front & rear)
Racing Car,117,Nissan R90CP (1990 : R90C),1990,https://www.nissan-global.com/EN/HERITAGE_COLLECTION/Nissan_R90CP.html,brakes,14in. 4-pod (front & rear)
Racing Car,117,Nissan R90CP (1990 : R90C),1990,https://www.nissan-global.com/EN/HERITAGE_COLLECTION/Nissan_R90CP.html,tires_wheels_front,325/630-17 (13Jx17)
Racing Car,117,Nissan R90CP (1990 : R90C),1990,https://www.nissan-global.com/EN/HERITAGE_COLLECTION/Nissan_R90CP.html,tires_wheels_rear,350/750-19* (15Jx19)
Racing Car,117,Nissan R90CP (1990 : R90C),1990,https://www.nissan-global.com/EN/HERITAGE_COLLECTION/Nissan_R90CP.html,other,"Nissan's result in ""24 Heures du Mans""."
Racing Car,117,Nissan R90CP (1990 : R90C),1990,https://www.nissan-global.com/EN/HERITAGE_COLLECTION/Nissan_R90CP.html,other,"Nissan's Gr. C racing cars results in Japan, 1990-92."
Racing Car,164,Nissan R90CP (1990 : R90C),1990,https://www.nissan-global.com/EN/HERITAGE_COLLECTION/nissan_r90cp_164.html,overall_length_width_height,"4,800/1,990/1,100mm"
Racing Car,164,Nissan R90CP (1990 : R90C),1990,https://www.nissan-global.com/EN/HERITAGE_COLLECTION/nissan_r90cp_164.html,wheelbase,"2,794mm"
Racing Car,164,Nissan R90CP (1990 : R90C),1990,https://www.nissan-global.com/EN/HERITAGE_COLLECTION/nissan_r90cp_164.html,tread_front_rear,"1,600/1,560mm"
Racing Car,164,Nissan R90CP (1990 : R90C),1990,https://www.nissan-global.com/EN/HERITAGE_COLLECTION/nissan_r90cp_164.html,curb_weight,Over 900kg
Racing Car,164,Nissan R90CP (1990 : R90C),1990,https://www.nissan-global.com/EN/HERITAGE_COLLECTION/nissan_r90cp_164.html,engine,"YRH35Z (V8, DOHC), 3,486cc"
Racing Car,164,Nissan R90CP (1990 : R90C),1990,https://www.nissan-global.com/EN/HERITAGE_COLLECTION/nissan_r90cp_164.html,engine_max_power,"Over 588kW (800PS)/7,600rpm"
Racing Car,164,Nissan R90CP (1990 : R90C),1990,https://www.nissan-global.com/EN/HERITAGE_COLLECTION/nissan_r90cp_164.html,engine_max_torque,"Over 784Nm (80.0kgm)/5,600rpm"
Racing Car,164,Nissan R90CP (1990 : R90C),1990,https://www.nissan-global.com/EN/HERITAGE_COLLECTION/nissan_r90cp_164.html,transmission,VGC (5-speed)
Racing Car,164,Nissan R90CP (1990 : R90C),1990,https://www.nissan-global.com/EN/HERITAGE_COLLECTION/nissan_r90cp_164.html,suspension,Double wishbone (front & rear)
Racing Car,164,Nissan R90CP (1990 : R90C),1990,https://www.nissan-global.com/EN/HERITAGE_COLLECTION/nissan_r90cp_164.html,brakes,Ventilated disc (front & rear)
Racing Car,164,Nissan R90CP (1990 : R90C),1990,https://www.nissan-global.com/EN/HERITAGE_COLLECTION/nissan_r90cp_164.html,tires_wheels_front,320/30R17 (13Jx17) BS
Racing Car,164,Nissan R90CP (1990 : R90C),1990,https://www.nissan-global.com/EN/HERITAGE_COLLECTION/nissan_r90cp_164.html,tires_wheels_rear,350/40R19 (15Jx19) BS
Racing Car,164,Nissan R90CP (1990 : R90C),1990,https://www.nissan-global.com/EN/HERITAGE_COLLECTION/nissan_r90cp_164.html,other,"Nissan's result in ""24 Heures du Mans""."
Racing Car,164,Nissan R90CP (1990 : R90C),1990,https://www.nissan-global.com/EN/HERITAGE_COLLECTION/nissan_r90cp_164.html,other,"Nissan's Gr. C racing cars results in Japan, 1990-92."
Racing Car,123,Nissan R91CP (1991 : -),1991,https://www.nissan-global.com/EN/HERITAGE_COLLECTION/nissan_r91_cp.html,overall_length_width_height,"4,800/1,990/1,100mm"
Racing Car,123,Nissan R91CP (1991 : -),1991,https://www.nissan-global.com/EN/HERITAGE_COLLECTION/nissan_r91_cp.html,wheelbase,"2,795mm"
Racing Car,123,Nissan R91CP (1991 : -),1991,https://www.nissan-global.com/EN/HERITAGE_COLLECTION/nissan_r91_cp.html,tread_front_rear,"1,600/1,560mm"
Racing Car,123,Nissan R91CP (1991 : -),1991,https://www.nissan-global.com/EN/HERITAGE_COLLECTION/nissan_r91_cp.html,curb_weight,Over 900kg
Racing Car,123,Nissan R91CP (1991 : -),1991,https://www.nissan-global.com/EN/HERITAGE_COLLECTION/nissan_r91_cp.html,engine,"VRH35Z (V8, DOHC), 3,496cc"
Racing Car,123,Nissan R91CP (1991 : -),1991,https://www.nissan-global.com/EN/HERITAGE_COLLECTION/nissan_r91_cp.html,engine_max_power,"Over 588kW (800PS)/7,600rpm"
Racing Car,123,Nissan R91CP (1991 : -),1991,https://www.nissan-global.com/EN/HERITAGE_COLLECTION/nissan_r91_cp.html,engine_max_torque,"Over 784Nm (80.0kgm)/5,600rpm"
Racing Car,123,Nissan R91CP (1991 : -),1991,https://www.nissan-global.com/EN/HERITAGE_COLLECTION/nissan_r91_cp.html,engine_turbocharger,HI twin turbo
Racing Car,123,Nissan R91CP (1991 : -),1991,https://www.nissan-global.com/EN/HERITAGE_COLLECTION/nissan_r91_cp.html,suspension,Double wishbone (front & rear)
Racing Car,123,Nissan R91CP (1991 : -),1991,https://www.nissan-global.com/EN/HERITAGE_COLLECTION/nissan_r91_cp.html,brakes,14in. ventilated (front & rear)
Racing Car,123,Nissan R91CP (1991 : -),1991,https://www.nissan-global.com/EN/HERITAGE_COLLECTION/nissan_r91_cp.html,tires_wheels_front,305/650R17 (13Jx18)
Racing Car,123,Nissan R91CP (1991 : -),1991,https://www.nissan-global.com/EN/HERITAGE_COLLECTION/nissan_r91_cp.html,tires_wheels_rear,350/740R18 (15Jx19)
Racing Car,123,Nissan R91CP (1991 : -),1991,https://www.nissan-global.com/EN/HERITAGE_COLLECTION/nissan_r91_cp.html,other,"Nissan's result in ""24 Heures du Mans""."
Racing Car,123,Nissan R91CP (1991 : -),1991,https://www.nissan-global.com/EN/HERITAGE_COLLECTION/nissan_r91_cp.html,other,"Nissan's Gr. C racing cars results in Japan, 1990-92."
Racing Car,140,Saurus Jr. (1991 : NSJ-91),1991,https://www.nissan-global.com/EN/HERITAGE_COLLECTION/saurus.html,overall_length_width_height,"3,200/1,440/1,090mm"
Racing Car,140,Saurus Jr. (1991 : NSJ-91),1991,https://www.nissan-global.com/EN/HERITAGE_COLLECTION/saurus.html,wheelbase,"2,100mm"
Racing Car,140,Saurus Jr. (1991 : NSJ-91),1991,https://www.nissan-global.com/EN/HERITAGE_COLLECTION/saurus.html,tread,"1,240mm (front & rear)"
Racing Car,140,Saurus Jr. (1991 : NSJ-91),1991,https://www.nissan-global.com/EN/HERITAGE_COLLECTION/saurus.html,curb_weight,400kg
Racing Car,140,Saurus Jr. (1991 : NSJ-91),1991,https://www.nissan-global.com/EN/HERITAGE_COLLECTION/saurus.html,engine,"MA10E (4-cyl. in line, OHC), 987cc"
Racing Car,140,Saurus Jr. (1991 : NSJ-91),1991,https://www.nissan-global.com/EN/HERITAGE_COLLECTION/saurus.html,engine_max_power,"Over 51kW (70PS)/6,400rpm"
Racing Car,140,Saurus Jr. (1991 : NSJ-91),1991,https://www.nissan-global.com/EN/HERITAGE_COLLECTION/saurus.html,chassis_cowling,Semi-monocoque / FRP
Racing Car,140,Saurus Jr. (1991 : NSJ-91),1991,https://www.nissan-global.com/EN/HERITAGE_COLLECTION/saurus.html,suspension,Double wishbone (front & rear)
Racing Car,140,Saurus Jr. (1991 : NSJ-91),1991,https://www.nissan-global.com/EN/HERITAGE_COLLECTION/saurus.html,brakes,4-wheel disc
Racing Car,140,Saurus Jr. (1991 : NSJ-91),1991,https://www.nissan-global.com/EN/HERITAGE_COLLECTION/saurus.html,tires_wheels,175/60-14 (5.5Jx14)
Racing Car,140,Saurus Jr. (1991 : NSJ-91),1991,https://www.nissan-global.com/EN/HERITAGE_COLLECTION/saurus.html,other,"Nissan's result in ""24 Heures du Mans"" ."
Racing Car,140,Saurus Jr. (1991 : NSJ-91),1991,https://www.nissan-global.com/EN/HERITAGE_COLLECTION/saurus.html,other,"Nissan's Gr. C racing cars results in Japan, 1990-92 ."
Racing Car,124,Nissan R91CP (1991 : R91CP),1991,https://www.nissan-global.com/EN/HERITAGE_COLLECTION/nissan_r91cp.html,overall_length_width_height,"4,800/1,990/1,100mm"
Racing Car,124,Nissan R91CP (1991 : R91CP),1991,https://www.nissan-global.com/EN/HERITAGE_COLLECTION/nissan_r91cp.html,wheelbase,"2,795mm"
Racing Car,124,Nissan R91CP (1991 : R91CP),1991,https://www.nissan-global.com/EN/HERITAGE_COLLECTION/nissan_r91cp.html,tread_front_rear,"1,600/1,560mm"
Racing Car,124,Nissan R91CP (1991 : R91CP),1991,https://www.nissan-global.com/EN/HERITAGE_COLLECTION/nissan_r91cp.html,curb_weight,Over 930kg
Racing Car,124,Nissan R91CP (1991 : R91CP),1991,https://www.nissan-global.com/EN/HERITAGE_COLLECTION/nissan_r91cp.html,engine,"VRH35Z (V8, DOHC), 3,496cc"
Racing Car,124,Nissan R91CP (1991 : R91CP),1991,https://www.nissan-global.com/EN/HERITAGE_COLLECTION/nissan_r91cp.html,engine_max_power,"Over 500kW (680PS)/7,200rpm"
Racing Car,124,Nissan R91CP (1991 : R91CP),1991,https://www.nissan-global.com/EN/HERITAGE_COLLECTION/nissan_r91cp.html,engine_max_torque,"Over 784Nm (80.0kgm)/5,200rpm"
Racing Car,124,Nissan R91CP (1991 : R91CP),1991,https://www.nissan-global.com/EN/HERITAGE_COLLECTION/nissan_r91cp.html,engine_turbocharger,IHI twin turbo
Racing Car,124,Nissan R91CP (1991 : R91CP),1991,https://www.nissan-global.com/EN/HERITAGE_COLLECTION/nissan_r91cp.html,transmission,VGC (5-speed)
Racing Car,124,Nissan R91CP (1991 : R91CP),1991,https://www.nissan-global.com/EN/HERITAGE_COLLECTION/nissan_r91cp.html,suspension,Double wishbone (front & rear)
Racing Car,124,Nissan R91CP (1991 : R91CP),1991,https://www.nissan-global.com/EN/HERITAGE_COLLECTION/nissan_r91cp.html,brakes,14in. carbon (front & rear)
Racing Car,124,Nissan R91CP (1991 : R91CP),1991,https://www.nissan-global.com/EN/HERITAGE_COLLECTION/nissan_r91cp.html,tires_wheels_front,25.5x12.0x17 (13Jx17)
Racing Car,124,Nissan R91CP (1991 : R91CP),1991,https://www.nissan-global.com/EN/HERITAGE_COLLECTION/nissan_r91cp.html,tires_wheels_rear,28.5x14.5x18 (15Jx18)
Racing Car,124,Nissan R91CP (1991 : R91CP),1991,https://www.nissan-global.com/EN/HERITAGE_COLLECTION/nissan_r91cp.html,other,"Nissan's result in ""24 Heures du Mans"" ."
Racing Car,124,Nissan R91CP (1991 : R91CP),1991,https://www.nissan-global.com/EN/HERITAGE_COLLECTION/nissan_r91cp.html,other,"Nissan's Gr. C racing cars results in Japan, 1990-92 ."
Racing Car,173,Nissan NP35 (1992 : NP35),1992,https://www.nissan-global.com/EN/HERITAGE_COLLECTION/nissan_np35.html,overall_length_width_height,"4,795/1,990/1,080mm"
Racing Car,173,Nissan NP35 (1992 : NP35),1992,https://www.nissan-global.com/EN/HERITAGE_COLLECTION/nissan_np35.html,wheelbase,"2,870mm"
Racing Car,173,Nissan NP35 (1992 : NP35),1992,https://www.nissan-global.com/EN/HERITAGE_COLLECTION/nissan_np35.html,tread_front_rear,"1,640/1,580mm"
Racing Car,173,Nissan NP35 (1992 : NP35),1992,https://www.nissan-global.com/EN/HERITAGE_COLLECTION/nissan_np35.html,curb_weight,Over 750kg
Racing Car,173,Nissan NP35 (1992 : NP35),1992,https://www.nissan-global.com/EN/HERITAGE_COLLECTION/nissan_np35.html,engine,"VRT35 (V12, DOHC), 3,499cc"
Racing Car,173,Nissan NP35 (1992 : NP35),1992,https://www.nissan-global.com/EN/HERITAGE_COLLECTION/nissan_np35.html,engine_max_power,"Over 463kW (630PS)/11,600rpm"
Racing Car,173,Nissan NP35 (1992 : NP35),1992,https://www.nissan-global.com/EN/HERITAGE_COLLECTION/nissan_np35.html,engine_max_torque,"Over 392Nm (40.0kgm)/9,200rpm"
Racing Car,173,Nissan NP35 (1992 : NP35),1992,https://www.nissan-global.com/EN/HERITAGE_COLLECTION/nissan_np35.html,transmission,NPTI 6-speed (sequential)
Racing Car,173,Nissan NP35 (1992 : NP35),1992,https://www.nissan-global.com/EN/HERITAGE_COLLECTION/nissan_np35.html,suspension,Double wishbone (front & rear)
Racing Car,173,Nissan NP35 (1992 : NP35),1992,https://www.nissan-global.com/EN/HERITAGE_COLLECTION/nissan_np35.html,brakes,4-pod carbon (front & rear)
Racing Car,173,Nissan NP35 (1992 : NP35),1992,https://www.nissan-global.com/EN/HERITAGE_COLLECTION/nissan_np35.html,tires_wheels_front,320/30R18 (13.0x18) BS
Racing Car,173,Nissan NP35 (1992 : NP35),1992,https://www.nissan-global.com/EN/HERITAGE_COLLECTION/nissan_np35.html,tires_wheels_rear,350/40R18 (14.5x18) BS
Racing Car,173,Nissan NP35 (1992 : NP35),1992,https://www.nissan-global.com/EN/HERITAGE_COLLECTION/nissan_np35.html,other,"Nissan's result in ""24 Heures du Mans""."
Racing Car,173,Nissan NP35 (1992 : NP35),1992,https://www.nissan-global.com/EN/HERITAGE_COLLECTION/nissan_np35.html,other,"Nissan's Gr. C racing cars results in Japan, 1990-92."
Racing Car,193,Nissan R92CP (1992 : R92C),1992,https://www.nissan-global.com/EN/HERITAGE_COLLECTION/Nissan_R92CP_1.html,overall_length_width_height,"4,800/1,990/1,100mm"
Racing Car,193,Nissan R92CP (1992 : R92C),1992,https://www.nissan-global.com/EN/HERITAGE_COLLECTION/Nissan_R92CP_1.html,wheelbase,"2,795mm"
Racing Car,193,Nissan R92CP (1992 : R92C),1992,https://www.nissan-global.com/EN/HERITAGE_COLLECTION/Nissan_R92CP_1.html,tread_front_rear,"1,600/1,560mm"
Racing Car,193,Nissan R92CP (1992 : R92C),1992,https://www.nissan-global.com/EN/HERITAGE_COLLECTION/Nissan_R92CP_1.html,curb_weight,Over 850kg
Racing Car,193,Nissan R92CP (1992 : R92C),1992,https://www.nissan-global.com/EN/HERITAGE_COLLECTION/Nissan_R92CP_1.html,engine,"VRH35Z (V8, DOHC), 3,496cc"
Racing Car,193,Nissan R92CP (1992 : R92C),1992,https://www.nissan-global.com/EN/HERITAGE_COLLECTION/Nissan_R92CP_1.html,engine_max_power,"Over 588kW (800PS)/7,600rpm"
Racing Car,193,Nissan R92CP (1992 : R92C),1992,https://www.nissan-global.com/EN/HERITAGE_COLLECTION/Nissan_R92CP_1.html,engine_max_torque,"Over 784Nm (80.0kgm)/5,600rpm"
Racing Car,193,Nissan R92CP (1992 : R92C),1992,https://www.nissan-global.com/EN/HERITAGE_COLLECTION/Nissan_R92CP_1.html,engine_turbocharger,IHI twin turbo
Racing Car,193,Nissan R92CP (1992 : R92C),1992,https://www.nissan-global.com/EN/HERITAGE_COLLECTION/Nissan_R92CP_1.html,transmission,VGC (5-speed)
Racing Car,193,Nissan R92CP (1992 : R92C),1992,https://www.nissan-global.com/EN/HERITAGE_COLLECTION/Nissan_R92CP_1.html,suspension,Double wishbone (front & rear)
Racing Car,193,Nissan R92CP (1992 : R92C),1992,https://www.nissan-global.com/EN/HERITAGE_COLLECTION/Nissan_R92CP_1.html,brakes,14in. carbon (front & rear)
Racing Car,193,Nissan R92CP (1992 : R92C),1992,https://www.nissan-global.com/EN/HERITAGE_COLLECTION/Nissan_R92CP_1.html,tires_wheels_front,320/30R17 (13Jx17) BS
Racing Car,193,Nissan R92CP (1992 : R92C),1992,https://www.nissan-global.com/EN/HERITAGE_COLLECTION/Nissan_R92CP_1.html,tires_wheels_rear,350/40R19 (15Jx19) BS
Racing Car,193,Nissan R92CP (1992 : R92C),1992,https://www.nissan-global.com/EN/HERITAGE_COLLECTION/Nissan_R92CP_1.html,other,"Nissan's result in ""24 Heures du Mans""."
Racing Car,193,Nissan R92CP (1992 : R92C),1992,https://www.nissan-global.com/EN/HERITAGE_COLLECTION/Nissan_R92CP_1.html,other,"Nissan's Gr. C racing cars results in Japan, 1990-92."
Racing Car,196,Nissan R92CP (1992 : R92C),1992,https://www.nissan-global.com/EN/HERITAGE_COLLECTION/Nissan_R92CP.html,overall_length_width_height,"4,800/1,990/1,100mm"
Racing Car,196,Nissan R92CP (1992 : R92C),1992,https://www.nissan-global.com/EN/HERITAGE_COLLECTION/Nissan_R92CP.html,wheelbase,"2,795mm"
Racing Car,196,Nissan R92CP (1992 : R92C),1992,https://www.nissan-global.com/EN/HERITAGE_COLLECTION/Nissan_R92CP.html,tread_front_rear,"1,600/1,560mm"
Racing Car,196,Nissan R92CP (1992 : R92C),1992,https://www.nissan-global.com/EN/HERITAGE_COLLECTION/Nissan_R92CP.html,curb_weight,Over 900kg
Racing Car,196,Nissan R92CP (1992 : R92C),1992,https://www.nissan-global.com/EN/HERITAGE_COLLECTION/Nissan_R92CP.html,engine,"VRH35Z (V8, DOHC), 3,496cc"
Racing Car,196,Nissan R92CP (1992 : R92C),1992,https://www.nissan-global.com/EN/HERITAGE_COLLECTION/Nissan_R92CP.html,engine_max_power,"Over 588kW (800PS)/7,600rpm"
Racing Car,196,Nissan R92CP (1992 : R92C),1992,https://www.nissan-global.com/EN/HERITAGE_COLLECTION/Nissan_R92CP.html,engine_max_torque,"Over 784Nm (80.0kgm)/5,600rpm"
Racing Car,196,Nissan R92CP (1992 : R92C),1992,https://www.nissan-global.com/EN/HERITAGE_COLLECTION/Nissan_R92CP.html,engine_turbocharger,IHI twin turbo
Racing Car,196,Nissan R92CP (1992 : R92C),1992,https://www.nissan-global.com/EN/HERITAGE_COLLECTION/Nissan_R92CP.html,transmission,VGC (5-speed)
Racing Car,196,Nissan R92CP (1992 : R92C),1992,https://www.nissan-global.com/EN/HERITAGE_COLLECTION/Nissan_R92CP.html,cruising_range_per_charge,Double wishbone (front & rear)
Racing Car,196,Nissan R92CP (1992 : R92C),1992,https://www.nissan-global.com/EN/HERITAGE_COLLECTION/Nissan_R92CP.html,brakes,14in. carbon (front & rear)
Racing Car,196,Nissan R92CP (1992 : R92C),1992,https://www.nissan-global.com/EN/HERITAGE_COLLECTION/Nissan_R92CP.html,tires_wheels_front,320/30R17 (13Jx17) BS
Racing Car,196,Nissan R92CP (1992 : R92C),1992,https://www.nissan-global.com/EN/HERITAGE_COLLECTION/Nissan_R92CP.html,tires_wheels_rear,350/40R19 (15Jx19) BS
Racing Car,196,Nissan R92CP (1992 : R92C),1992,https://www.nissan-global.com/EN/HERITAGE_COLLECTION/Nissan_R92CP.html,other,"Nissan's result in ""24 Heures du Mans""."
Racing Car,196,Nissan R92CP (1992 : R92C),1992,https://www.nissan-global.com/EN/HERITAGE_COLLECTION/Nissan_R92CP.html,other,"Nissan's Gr. C racing cars results in Japan, 1990-92."
Racing Car,195,Nissan P35 (1993 : P35),1993,https://www.nissan-global.com/EN/HERITAGE_COLLECTION/Nissan_P35.html,overall_length_width_height,"4,795/1,990/1,080mm"
Racing Car,195,Nissan P35 (1993 : P35),1993,https://www.nissan-global.com/EN/HERITAGE_COLLECTION/Nissan_P35.html,wheelbase,"2,870mm"
Racing Car,195,Nissan P35 (1993 : P35),1993,https://www.nissan-global.com/EN/HERITAGE_COLLECTION/Nissan_P35.html,tread_front_rear,"1,640/1,580mm"
Racing Car,195,Nissan P35 (1993 : P35),1993,https://www.nissan-global.com/EN/HERITAGE_COLLECTION/Nissan_P35.html,curb_weight,Over 750kg
Racing Car,195,Nissan P35 (1993 : P35),1993,https://www.nissan-global.com/EN/HERITAGE_COLLECTION/Nissan_P35.html,engine,"VRT35 (V12, DOHC), 3,499cc"
Racing Car,195,Nissan P35 (1993 : P35),1993,https://www.nissan-global.com/EN/HERITAGE_COLLECTION/Nissan_P35.html,engine_max_power,"Over 463kW (630PS)/11,600rpm"
Racing Car,195,Nissan P35 (1993 : P35),1993,https://www.nissan-global.com/EN/HERITAGE_COLLECTION/Nissan_P35.html,engine_max_torque,"Over 392Nm (40.0kgm)/9,200rpm"
Racing Car,195,Nissan P35 (1993 : P35),1993,https://www.nissan-global.com/EN/HERITAGE_COLLECTION/Nissan_P35.html,transmission,NPTI 6-speed (sequential)
Racing Car,195,Nissan P35 (1993 : P35),1993,https://www.nissan-global.com/EN/HERITAGE_COLLECTION/Nissan_P35.html,suspension,Double wishbone (front & rear)
Racing Car,195,Nissan P35 (1993 : P35),1993,https://www.nissan-global.com/EN/HERITAGE_COLLECTION/Nissan_P35.html,brakes,4-pod carbon (front & rear)
Racing Car,195,Nissan P35 (1993 : P35),1993,https://www.nissan-global.com/EN/HERITAGE_COLLECTION/Nissan_P35.html,tires_wheels_front,25.5x13.0x17 (13.0x17) GY
Racing Car,195,Nissan P35 (1993 : P35),1993,https://www.nissan-global.com/EN/HERITAGE_COLLECTION/Nissan_P35.html,tires_wheels_rear,28.5x15.5x18 (14.5x18) GY
Racing Car,195,Nissan P35 (1993 : P35),1993,https://www.nissan-global.com/EN/HERITAGE_COLLECTION/Nissan_P35.html,other,"Nissan's result in ""24 Heures du Mans""."
Racing Car,195,Nissan P35 (1993 : P35),1993,https://www.nissan-global.com/EN/HERITAGE_COLLECTION/Nissan_P35.html,other,"Nissan's Gr. C racing cars results in Japan, 1990-92."
Racing Car,194,Nissan P35 (1993 : P35),1993,https://www.nissan-global.com/EN/HERITAGE_COLLECTION/Nissan_P35_1.html,overall_length_width_height,"4,795/1,990/1,080mm"
Racing Car,194,Nissan P35 (1993 : P35),1993,https://www.nissan-global.com/EN/HERITAGE_COLLECTION/Nissan_P35_1.html,wheelbase,"2,870mm"
Racing Car,194,Nissan P35 (1993 : P35),1993,https://www.nissan-global.com/EN/HERITAGE_COLLECTION/Nissan_P35_1.html,tread_front_rear,"1,640/1,580mm"
Racing Car,194,Nissan P35 (1993 : P35),1993,https://www.nissan-global.com/EN/HERITAGE_COLLECTION/Nissan_P35_1.html,curb_weight,Over 750kg
Racing Car,194,Nissan P35 (1993 : P35),1993,https://www.nissan-global.com/EN/HERITAGE_COLLECTION/Nissan_P35_1.html,engine,"VRT35 (V12, DOHC), 3,499cc"
Racing Car,194,Nissan P35 (1993 : P35),1993,https://www.nissan-global.com/EN/HERITAGE_COLLECTION/Nissan_P35_1.html,engine_max_power,"Over 463kW (630PS)/11,600rpm"
Racing Car,194,Nissan P35 (1993 : P35),1993,https://www.nissan-global.com/EN/HERITAGE_COLLECTION/Nissan_P35_1.html,engine_max_torque,"Over 392Nm (40.0kgm)/9,200rpm"
Racing Car,194,Nissan P35 (1993 : P35),1993,https://www.nissan-global.com/EN/HERITAGE_COLLECTION/Nissan_P35_1.html,transmission,NPTI 6-speed (sequential)
Racing Car,194,Nissan P35 (1993 : P35),1993,https://www.nissan-global.com/EN/HERITAGE_COLLECTION/Nissan_P35_1.html,suspension,Double wishbone (front & rear)
Racing Car,194,Nissan P35 (1993 : P35),1993,https://www.nissan-global.com/EN/HERITAGE_COLLECTION/Nissan_P35_1.html,brakes,4-pod carbon (front & rear)
Racing Car,194,Nissan P35 (1993 : P35),1993,https://www.nissan-global.com/EN/HERITAGE_COLLECTION/Nissan_P35_1.html,tires_wheels_front,25.5x13.0x17* (13.0x17) GY
Racing Car,194,Nissan P35 (1993 : P35),1993,https://www.nissan-global.com/EN/HERITAGE_COLLECTION/Nissan_P35_1.html,tires_wheels_rear,28.5x15.5x18* (14.5x18) GY
Racing Car,194,Nissan P35 (1993 : P35),1993,https://www.nissan-global.com/EN/HERITAGE_COLLECTION/Nissan_P35_1.html,other,"Nissan's result in ""24 Heures du Mans""."
Racing Car,194,Nissan P35 (1993 : P35),1993,https://www.nissan-global.com/EN/HERITAGE_COLLECTION/Nissan_P35_1.html,other,"Nissan's Gr. C racing cars results in Japan, 1990-92."
Racing Car,225,Nissan R390 GT1 (1997 : R390),1997,https://www.nissan-global.com/EN/HERITAGE_COLLECTION/Nissan_R390_GT1.html,overall_length_width_height,"4,580/2,000/1,090mm"
Racing Car,225,Nissan R390 GT1 (1997 : R390),1997,https://www.nissan-global.com/EN/HERITAGE_COLLECTION/Nissan_R390_GT1.html,wheelbase,"2,720mm"
Racing Car,225,Nissan R390 GT1 (1997 : R390),1997,https://www.nissan-global.com/EN/HERITAGE_COLLECTION/Nissan_R390_GT1.html,tread_front_rear,"1,730/1,670mm"
Racing Car,225,Nissan R390 GT1 (1997 : R390),1997,https://www.nissan-global.com/EN/HERITAGE_COLLECTION/Nissan_R390_GT1.html,curb_weight,"1,000kg"
Racing Car,225,Nissan R390 GT1 (1997 : R390),1997,https://www.nissan-global.com/EN/HERITAGE_COLLECTION/Nissan_R390_GT1.html,engine,"VRH35L (V8, DOHC), 3,495cc"
Racing Car,225,Nissan R390 GT1 (1997 : R390),1997,https://www.nissan-global.com/EN/HERITAGE_COLLECTION/Nissan_R390_GT1.html,engine_max_power,"Over 478kW (650PS)/7,000rpm"
Racing Car,225,Nissan R390 GT1 (1997 : R390),1997,https://www.nissan-global.com/EN/HERITAGE_COLLECTION/Nissan_R390_GT1.html,engine_max_torque,"Over 686Nm (70.0kgm)/5,000rpm"
Racing Car,225,Nissan R390 GT1 (1997 : R390),1997,https://www.nissan-global.com/EN/HERITAGE_COLLECTION/Nissan_R390_GT1.html,transmission,6-speed (sequential)
Racing Car,225,Nissan R390 GT1 (1997 : R390),1997,https://www.nissan-global.com/EN/HERITAGE_COLLECTION/Nissan_R390_GT1.html,suspension,Wishbone (front & rear)
Racing Car,225,Nissan R390 GT1 (1997 : R390),1997,https://www.nissan-global.com/EN/HERITAGE_COLLECTION/Nissan_R390_GT1.html,brakes,AP 14in. (front & rear)
Racing Car,225,Nissan R390 GT1 (1997 : R390),1997,https://www.nissan-global.com/EN/HERITAGE_COLLECTION/Nissan_R390_GT1.html,tires_wheels_front,245/40ZR18 (11Jx18)
Racing Car,225,Nissan R390 GT1 (1997 : R390),1997,https://www.nissan-global.com/EN/HERITAGE_COLLECTION/Nissan_R390_GT1.html,tires_wheels_rear,295/35ZR18 (13Jx18)
Racing Car,225,Nissan R390 GT1 (1997 : R390),1997,https://www.nissan-global.com/EN/HERITAGE_COLLECTION/Nissan_R390_GT1.html,other,"Nissan's result in ""24 Heures du Mans""."
Racing Car,225,Nissan R390 GT1 (1997 : R390),1997,https://www.nissan-global.com/EN/HERITAGE_COLLECTION/Nissan_R390_GT1.html,other,"Nissan's Gr. C racing cars results in Japan, 1990-92."
Racing Car,151,Nissan R390 GT1 (1997 : R390),1997,https://www.nissan-global.com/EN/HERITAGE_COLLECTION/nissan_r390_gt1_151.html,overall_length_width_height,"4,580/2,000/1,090mm"
Racing Car,151,Nissan R390 GT1 (1997 : R390),1997,https://www.nissan-global.com/EN/HERITAGE_COLLECTION/nissan_r390_gt1_151.html,wheelbase,"2,720mm"
Racing Car,151,Nissan R390 GT1 (1997 : R390),1997,https://www.nissan-global.com/EN/HERITAGE_COLLECTION/nissan_r390_gt1_151.html,tread_front_rear,"1,730/1,670mm"
Racing Car,151,Nissan R390 GT1 (1997 : R390),1997,https://www.nissan-global.com/EN/HERITAGE_COLLECTION/nissan_r390_gt1_151.html,curb_weight,"1,000kg"
Racing Car,151,Nissan R390 GT1 (1997 : R390),1997,https://www.nissan-global.com/EN/HERITAGE_COLLECTION/nissan_r390_gt1_151.html,engine,"VRH35L (V8, DOHC), 3,495cc"
Racing Car,151,Nissan R390 GT1 (1997 : R390),1997,https://www.nissan-global.com/EN/HERITAGE_COLLECTION/nissan_r390_gt1_151.html,engine_max_power,"Over 478kW (650PS)/7,000rpm"
Racing Car,151,Nissan R390 GT1 (1997 : R390),1997,https://www.nissan-global.com/EN/HERITAGE_COLLECTION/nissan_r390_gt1_151.html,engine_max_torque,"Over 686Nm (70.0kgm)/5,000rpm"
Racing Car,151,Nissan R390 GT1 (1997 : R390),1997,https://www.nissan-global.com/EN/HERITAGE_COLLECTION/nissan_r390_gt1_151.html,engine_turbocharger,IHI twin turbo
Racing Car,151,Nissan R390 GT1 (1997 : R390),1997,https://www.nissan-global.com/EN/HERITAGE_COLLECTION/nissan_r390_gt1_151.html,transmission,X-TRAC 6-speed
Racing Car,151,Nissan R390 GT1 (1997 : R390),1997,https://www.nissan-global.com/EN/HERITAGE_COLLECTION/nissan_r390_gt1_151.html,brakes,AP 14in. 6-pod (front & rear)
Racing Car,151,Nissan R390 GT1 (1997 : R390),1997,https://www.nissan-global.com/EN/HERITAGE_COLLECTION/nissan_r390_gt1_151.html,tires_wheels_front,245/40ZR18 (11Jx18)
Racing Car,151,Nissan R390 GT1 (1997 : R390),1997,https://www.nissan-global.com/EN/HERITAGE_COLLECTION/nissan_r390_gt1_151.html,tires_wheels_rear,295/35ZR18 (13Jx18)
Racing Car,151,Nissan R390 GT1 (1997 : R390),1997,https://www.nissan-global.com/EN/HERITAGE_COLLECTION/nissan_r390_gt1_151.html,other,"Nissan's result in ""24 Heures du Mans""."
Racing Car,151,Nissan R390 GT1 (1997 : R390),1997,https://www.nissan-global.com/EN/HERITAGE_COLLECTION/nissan_r390_gt1_151.html,other,"Nissan's Gr. C racing cars results in Japan, 1990-92."
Racing Car,182,Nissan R390GT1 Road car (1998 : R390),1998,https://www.nissan-global.com/EN/HERITAGE_COLLECTION/nissan_r390_gt1_182.html,overall_length_width_height,"4,720/2,000/1,140mm"
Racing Car,182,Nissan R390GT1 Road car (1998 : R390),1998,https://www.nissan-global.com/EN/HERITAGE_COLLECTION/nissan_r390_gt1_182.html,wheelbase,"2,720mm"
Racing Car,182,Nissan R390GT1 Road car (1998 : R390),1998,https://www.nissan-global.com/EN/HERITAGE_COLLECTION/nissan_r390_gt1_182.html,tread_front_rear,"1,730/1,670mm"
Racing Car,182,Nissan R390GT1 Road car (1998 : R390),1998,https://www.nissan-global.com/EN/HERITAGE_COLLECTION/nissan_r390_gt1_182.html,curb_weight,"Over 1,000kg"
Racing Car,182,Nissan R390GT1 Road car (1998 : R390),1998,https://www.nissan-global.com/EN/HERITAGE_COLLECTION/nissan_r390_gt1_182.html,engine,"VRH35L (V8, DOHC), 3,495cc"
Racing Car,182,Nissan R390GT1 Road car (1998 : R390),1998,https://www.nissan-global.com/EN/HERITAGE_COLLECTION/nissan_r390_gt1_182.html,engine_max_power,"Over 257kW (350PS)/5,200rpm"
Racing Car,182,Nissan R390GT1 Road car (1998 : R390),1998,https://www.nissan-global.com/EN/HERITAGE_COLLECTION/nissan_r390_gt1_182.html,engine_max_torque,"Over 490Nm (50.0kgm)/4,000rpm"
Racing Car,182,Nissan R390GT1 Road car (1998 : R390),1998,https://www.nissan-global.com/EN/HERITAGE_COLLECTION/nissan_r390_gt1_182.html,transmission,6-speed (sequential)
Racing Car,182,Nissan R390GT1 Road car (1998 : R390),1998,https://www.nissan-global.com/EN/HERITAGE_COLLECTION/nissan_r390_gt1_182.html,suspension,Double wishbone (front & rear)
Racing Car,182,Nissan R390GT1 Road car (1998 : R390),1998,https://www.nissan-global.com/EN/HERITAGE_COLLECTION/nissan_r390_gt1_182.html,brakes,AP 14in. ventilated disc (front & rear)
Racing Car,182,Nissan R390GT1 Road car (1998 : R390),1998,https://www.nissan-global.com/EN/HERITAGE_COLLECTION/nissan_r390_gt1_182.html,tires_wheels_front,245/40ZR18 (8.0Jx18)
Racing Car,182,Nissan R390GT1 Road car (1998 : R390),1998,https://www.nissan-global.com/EN/HERITAGE_COLLECTION/nissan_r390_gt1_182.html,tires_wheels_rear,295/35ZR19 (10.5Jx19)
Racing Car,182,Nissan R390GT1 Road car (1998 : R390),1998,https://www.nissan-global.com/EN/HERITAGE_COLLECTION/nissan_r390_gt1_182.html,other,"Nissan's result in ""24 Heures du Mans"" ."
Racing Car,182,Nissan R390GT1 Road car (1998 : R390),1998,https://www.nissan-global.com/EN/HERITAGE_COLLECTION/nissan_r390_gt1_182.html,other,"Nissan's Gr. C racing cars results in Japan, 1990-92 ."
Racing Car,183,Nissan R390GT1 24 Hours of Le Mans in 1998 (1998: R390),1998,https://www.nissan-global.com/EN/HERITAGE_COLLECTION/Nissan_R390_GT1_2.html,overall_length_width_height,"4,720/2,000/1,090mm"
Racing Car,183,Nissan R390GT1 24 Hours of Le Mans in 1998 (1998: R390),1998,https://www.nissan-global.com/EN/HERITAGE_COLLECTION/Nissan_R390_GT1_2.html,wheelbase,"2,720mm"
Racing Car,183,Nissan R390GT1 24 Hours of Le Mans in 1998 (1998: R390),1998,https://www.nissan-global.com/EN/HERITAGE_COLLECTION/Nissan_R390_GT1_2.html,tread_front_rear,"1,710/1,640mm"
Racing Car,183,Nissan R390GT1 24 Hours of Le Mans in 1998 (1998: R390),1998,https://www.nissan-global.com/EN/HERITAGE_COLLECTION/Nissan_R390_GT1_2.html,curb_weight,"Over 1,000kg"
Racing Car,183,Nissan R390GT1 24 Hours of Le Mans in 1998 (1998: R390),1998,https://www.nissan-global.com/EN/HERITAGE_COLLECTION/Nissan_R390_GT1_2.html,engine,"VRH35L (V8, DOHC), 3,495cc"
Racing Car,183,Nissan R390GT1 24 Hours of Le Mans in 1998 (1998: R390),1998,https://www.nissan-global.com/EN/HERITAGE_COLLECTION/Nissan_R390_GT1_2.html,engine_max_power,"Over 478kW (650PS)/6,800rpm"
Racing Car,183,Nissan R390GT1 24 Hours of Le Mans in 1998 (1998: R390),1998,https://www.nissan-global.com/EN/HERITAGE_COLLECTION/Nissan_R390_GT1_2.html,engine_max_torque,"Over 706Nm (72.0kgm)/4,400rpm"
Racing Car,183,Nissan R390GT1 24 Hours of Le Mans in 1998 (1998: R390),1998,https://www.nissan-global.com/EN/HERITAGE_COLLECTION/Nissan_R390_GT1_2.html,transmission,6-speed (sequential)
Racing Car,183,Nissan R390GT1 24 Hours of Le Mans in 1998 (1998: R390),1998,https://www.nissan-global.com/EN/HERITAGE_COLLECTION/Nissan_R390_GT1_2.html,suspension,Double wishbone (front & rear)
Racing Car,183,Nissan R390GT1 24 Hours of Le Mans in 1998 (1998: R390),1998,https://www.nissan-global.com/EN/HERITAGE_COLLECTION/Nissan_R390_GT1_2.html,brakes,AP 6-pod carbon (front & rear)
Racing Car,183,Nissan R390GT1 24 Hours of Le Mans in 1998 (1998: R390),1998,https://www.nissan-global.com/EN/HERITAGE_COLLECTION/Nissan_R390_GT1_2.html,tires_wheels_front,280/35R18 (11Jx18)
Racing Car,183,Nissan R390GT1 24 Hours of Le Mans in 1998 (1998: R390),1998,https://www.nissan-global.com/EN/HERITAGE_COLLECTION/Nissan_R390_GT1_2.html,tires_wheels_rear,335/40R18 (13Jx18)
Racing Car,183,Nissan R390GT1 24 Hours of Le Mans in 1998 (1998: R390),1998,https://www.nissan-global.com/EN/HERITAGE_COLLECTION/Nissan_R390_GT1_2.html,other,"Nissan's result in ""24 Heures du Mans""."
Racing Car,183,Nissan R390GT1 24 Hours of Le Mans in 1998 (1998: R390),1998,https://www.nissan-global.com/EN/HERITAGE_COLLECTION/Nissan_R390_GT1_2.html,other,"Nissan's Gr. C racing cars results in Japan, 1990-92."
Racing Car,188,Nissan R390 GT1 (1998 : R390),1998,https://www.nissan-global.com/EN/HERITAGE_COLLECTION/nissan_r390_gt1_1.html,overall_length_width_height,"4,720/2,000/1,090mm"
Racing Car,188,Nissan R390 GT1 (1998 : R390),1998,https://www.nissan-global.com/EN/HERITAGE_COLLECTION/nissan_r390_gt1_1.html,wheelbase,"2,720mm"
Racing Car,188,Nissan R390 GT1 (1998 : R390),1998,https://www.nissan-global.com/EN/HERITAGE_COLLECTION/nissan_r390_gt1_1.html,tread_front_rear,"1,710/1,640mm"
Racing Car,188,Nissan R390 GT1 (1998 : R390),1998,https://www.nissan-global.com/EN/HERITAGE_COLLECTION/nissan_r390_gt1_1.html,curb_weight,"Over 1,000kg"
Racing Car,188,Nissan R390 GT1 (1998 : R390),1998,https://www.nissan-global.com/EN/HERITAGE_COLLECTION/nissan_r390_gt1_1.html,engine,"VRH35L (V8, DOHC), 3,495cc"
Racing Car,188,Nissan R390 GT1 (1998 : R390),1998,https://www.nissan-global.com/EN/HERITAGE_COLLECTION/nissan_r390_gt1_1.html,engine_max_power,"Over 478kW (650PS)/6,800rpm"
Racing Car,188,Nissan R390 GT1 (1998 : R390),1998,https://www.nissan-global.com/EN/HERITAGE_COLLECTION/nissan_r390_gt1_1.html,engine_max_torque,"Over 706Nm (72.0kgm)/4,400rpm"
Racing Car,188,Nissan R390 GT1 (1998 : R390),1998,https://www.nissan-global.com/EN/HERITAGE_COLLECTION/nissan_r390_gt1_1.html,transmission,6-speed (sequential)
Racing Car,188,Nissan R390 GT1 (1998 : R390),1998,https://www.nissan-global.com/EN/HERITAGE_COLLECTION/nissan_r390_gt1_1.html,suspension,Double wishbone (front & rear)
Racing Car,188,Nissan R390 GT1 (1998 : R390),1998,https://www.nissan-global.com/EN/HERITAGE_COLLECTION/nissan_r390_gt1_1.html,brakes,AP 6-pod carbon (front & rear)
Racing Car,188,Nissan R390 GT1 (1998 : R390),1998,https://www.nissan-global.com/EN/HERITAGE_COLLECTION/nissan_r390_gt1_1.html,tires_wheels_front,280/35R18 (11Jx18)
Racing Car,188,Nissan R390 GT1 (1998 : R390),1998,https://www.nissan-global.com/EN/HERITAGE_COLLECTION/nissan_r390_gt1_1.html,tires_wheels_rear,335/40R18 (13Jx18)
Racing Car,188,Nissan R390 GT1 (1998 : R390),1998,https://www.nissan-global.com/EN/HERITAGE_COLLECTION/nissan_r390_gt1_1.html,other,"Nissan’s result in ""24 Heures du Mans""."
Racing Car,188,Nissan R390 GT1 (1998 : R390),1998,https://www.nissan-global.com/EN/HERITAGE_COLLECTION/nissan_r390_gt1_1.html,other,"Nissan’s Gr. C racing cars results in Japan, 1990-92."
Racing Car,174,Nissan R390 GT1 (1998 : R390),1998,https://www.nissan-global.com/EN/HERITAGE_COLLECTION/nissan_r390_gt1_174.html,overall_length_width_height,"4,720/2,000/1,090mm"
Racing Car,174,Nissan R390 GT1 (1998 : R390),1998,https://www.nissan-global.com/EN/HERITAGE_COLLECTION/nissan_r390_gt1_174.html,wheelbase,"2,720mm"
Racing Car,174,Nissan R390 GT1 (1998 : R390),1998,https://www.nissan-global.com/EN/HERITAGE_COLLECTION/nissan_r390_gt1_174.html,tread_front_rear,"1,710/1,640mm"
Racing Car,174,Nissan R390 GT1 (1998 : R390),1998,https://www.nissan-global.com/EN/HERITAGE_COLLECTION/nissan_r390_gt1_174.html,curb_weight,"Over 1,000kg"
Racing Car,174,Nissan R390 GT1 (1998 : R390),1998,https://www.nissan-global.com/EN/HERITAGE_COLLECTION/nissan_r390_gt1_174.html,engine,"VRH35L (V8, DOHC), 3,495cc"
Racing Car,174,Nissan R390 GT1 (1998 : R390),1998,https://www.nissan-global.com/EN/HERITAGE_COLLECTION/nissan_r390_gt1_174.html,engine_max_power,"Over 478kW (650PS)/6,800rpm"
Racing Car,174,Nissan R390 GT1 (1998 : R390),1998,https://www.nissan-global.com/EN/HERITAGE_COLLECTION/nissan_r390_gt1_174.html,engine_max_torque,"Over 706Nm (72.0kgm)/4,400rpm"
Racing Car,174,Nissan R390 GT1 (1998 : R390),1998,https://www.nissan-global.com/EN/HERITAGE_COLLECTION/nissan_r390_gt1_174.html,transmission,6-speed (sequential)
Racing Car,174,Nissan R390 GT1 (1998 : R390),1998,https://www.nissan-global.com/EN/HERITAGE_COLLECTION/nissan_r390_gt1_174.html,suspension,Double wishbone (front & rear)
Racing Car,174,Nissan R390 GT1 (1998 : R390),1998,https://www.nissan-global.com/EN/HERITAGE_COLLECTION/nissan_r390_gt1_174.html,brakes,AP 6-pod carbon (front & rear)
Racing Car,174,Nissan R390 GT1 (1998 : R390),1998,https://www.nissan-global.com/EN/HERITAGE_COLLECTION/nissan_r390_gt1_174.html,tires_wheels_front,280/35R18 (11Jx18)
Racing Car,174,Nissan R390 GT1 (1998 : R390),1998,https://www.nissan-global.com/EN/HERITAGE_COLLECTION/nissan_r390_gt1_174.html,tires_wheels_rear,335/40R18 (13Jx18)
Racing Car,174,Nissan R390 GT1 (1998 : R390),1998,https://www.nissan-global.com/EN/HERITAGE_COLLECTION/nissan_r390_gt1_174.html,other,"Nissan's result in ""24 Heures du Mans""."
Racing Car,174,Nissan R390 GT1 (1998 : R390),1998,https://www.nissan-global.com/EN/HERITAGE_COLLECTION/nissan_r390_gt1_174.html,other,"Nissan's Gr. C racing cars results in Japan, 1990-92."
Racing Car,225,Nissan R390 GT1 (1997 : R390),1997,https://www.nissan-global.com/EN/HERITAGE_COLLECTION/nissan_r390_gt1.html,overall_length_width_height,"4,580/2,000/1,090mm"
Racing Car,225,Nissan R390 GT1 (1997 : R390),1997,https://www.nissan-global.com/EN/HERITAGE_COLLECTION/nissan_r390_gt1.html,wheelbase,"2,720mm"
Racing Car,225,Nissan R390 GT1 (1997 : R390),1997,https://www.nissan-global.com/EN/HERITAGE_COLLECTION/nissan_r390_gt1.html,tread_front_rear,"1,730/1,670mm"
Racing Car,225,Nissan R390 GT1 (1997 : R390),1997,https://www.nissan-global.com/EN/HERITAGE_COLLECTION/nissan_r390_gt1.html,curb_weight,"1,000kg"
Racing Car,225,Nissan R390 GT1 (1997 : R390),1997,https://www.nissan-global.com/EN/HERITAGE_COLLECTION/nissan_r390_gt1.html,engine,"VRH35L (V8, DOHC), 3,495cc"
Racing Car,225,Nissan R390 GT1 (1997 : R390),1997,https://www.nissan-global.com/EN/HERITAGE_COLLECTION/nissan_r390_gt1.html,engine_max_power,"Over 478kW (650PS)/7,000rpm"
Racing Car,225,Nissan R390 GT1 (1997 : R390),1997,https://www.nissan-global.com/EN/HERITAGE_COLLECTION/nissan_r390_gt1.html,engine_max_torque,"Over 686Nm (70.0kgm)/5,000rpm"
Racing Car,225,Nissan R390 GT1 (1997 : R390),1997,https://www.nissan-global.com/EN/HERITAGE_COLLECTION/nissan_r390_gt1.html,transmission,6-speed (sequential)
Racing Car,225,Nissan R390 GT1 (1997 : R390),1997,https://www.nissan-global.com/EN/HERITAGE_COLLECTION/nissan_r390_gt1.html,suspension,Wishbone (front & rear)
Racing Car,225,Nissan R390 GT1 (1997 : R390),1997,https://www.nissan-global.com/EN/HERITAGE_COLLECTION/nissan_r390_gt1.html,brakes,AP 14in. (front & rear)
Racing Car,225,Nissan R390 GT1 (1997 : R390),1997,https://www.nissan-global.com/EN/HERITAGE_COLLECTION/nissan_r390_gt1.html,tires_wheels_front,245/40ZR18 (11Jx18)
Racing Car,225,Nissan R390 GT1 (1997 : R390),1997,https://www.nissan-global.com/EN/HERITAGE_COLLECTION/nissan_r390_gt1.html,tires_wheels_rear,295/35ZR18 (13Jx18)
Racing Car,225,Nissan R390 GT1 (1997 : R390),1997,https://www.nissan-global.com/EN/HERITAGE_COLLECTION/nissan_r390_gt1.html,other,"Nissan's result in ""24 Heures du Mans""."
Racing Car,225,Nissan R390 GT1 (1997 : R390),1997,https://www.nissan-global.com/EN/HERITAGE_COLLECTION/nissan_r390_gt1.html,other,"Nissan's Gr. C racing cars results in Japan, 1990-92."
Racing Car,153,Saurus (1998 : NS-93),1998,https://www.nissan-global.com/EN/HERITAGE_COLLECTION/saurus_jr_153.html,overall_length_width_height,"4,200/1,600/1,200mm"
Racing Car,153,Saurus (1998 : NS-93),1998,https://www.nissan-global.com/EN/HERITAGE_COLLECTION/saurus_jr_153.html,wheelbase,"2,350mm"
Racing Car,153,Saurus (1998 : NS-93),1998,https://www.nissan-global.com/EN/HERITAGE_COLLECTION/saurus_jr_153.html,tread_front_rear,"1,440/1,413mm"
Racing Car,153,Saurus (1998 : NS-93),1998,https://www.nissan-global.com/EN/HERITAGE_COLLECTION/saurus_jr_153.html,curb_weight,510kg
Racing Car,153,Saurus (1998 : NS-93),1998,https://www.nissan-global.com/EN/HERITAGE_COLLECTION/saurus_jr_153.html,engine,"SR18DE (4-cyl. in line, DOHC), 1,838cc"
Racing Car,153,Saurus (1998 : NS-93),1998,https://www.nissan-global.com/EN/HERITAGE_COLLECTION/saurus_jr_153.html,engine_max_power,"Over 110kW (150PS)/6,400rpm"
Racing Car,153,Saurus (1998 : NS-93),1998,https://www.nissan-global.com/EN/HERITAGE_COLLECTION/saurus_jr_153.html,engine_max_torque,"Over 167Nm (17.0kgm)/5,200rpm"
Racing Car,153,Saurus (1998 : NS-93),1998,https://www.nissan-global.com/EN/HERITAGE_COLLECTION/saurus_jr_153.html,chassis_cowling,Semi-monocoque / FRP
Racing Car,153,Saurus (1998 : NS-93),1998,https://www.nissan-global.com/EN/HERITAGE_COLLECTION/saurus_jr_153.html,suspension,Double wishbone (front & rear)
Racing Car,153,Saurus (1998 : NS-93),1998,https://www.nissan-global.com/EN/HERITAGE_COLLECTION/saurus_jr_153.html,brakes,4-wheel disc
Racing Car,153,Saurus (1998 : NS-93),1998,https://www.nissan-global.com/EN/HERITAGE_COLLECTION/saurus_jr_153.html,tires_front_rear,"155/580-15, 185/580-15"
Racing Car,153,Saurus (1998 : NS-93),1998,https://www.nissan-global.com/EN/HERITAGE_COLLECTION/saurus_jr_153.html,other,"Nissan's result in ""24 Heures du Mans""."
Racing Car,153,Saurus (1998 : NS-93),1998,https://www.nissan-global.com/EN/HERITAGE_COLLECTION/saurus_jr_153.html,other,"Nissan's Gr. C racing cars results in Japan, 1990-92."
Racing Car,172,Nissan R391 (1999 : R391),1999,https://www.nissan-global.com/EN/HERITAGE_COLLECTION/nissan_r391_172.html,overall_length_width_height,"4,650/2,000/695mm"
Racing Car,172,Nissan R391 (1999 : R391),1999,https://www.nissan-global.com/EN/HERITAGE_COLLECTION/nissan_r391_172.html,wheelbase,"2,750mm"
Racing Car,172,Nissan R391 (1999 : R391),1999,https://www.nissan-global.com/EN/HERITAGE_COLLECTION/nissan_r391_172.html,tread_front_rear,"1,660/1,610mm"
Racing Car,172,Nissan R391 (1999 : R391),1999,https://www.nissan-global.com/EN/HERITAGE_COLLECTION/nissan_r391_172.html,curb_weight,Over 900kg
Racing Car,172,Nissan R391 (1999 : R391),1999,https://www.nissan-global.com/EN/HERITAGE_COLLECTION/nissan_r391_172.html,engine,"VRH50A (V8, DOHC), 4,997cc"
Racing Car,172,Nissan R391 (1999 : R391),1999,https://www.nissan-global.com/EN/HERITAGE_COLLECTION/nissan_r391_172.html,engine_max_power,Over 441kW (600PS)
Racing Car,172,Nissan R391 (1999 : R391),1999,https://www.nissan-global.com/EN/HERITAGE_COLLECTION/nissan_r391_172.html,transmission,NPTI 6-speed (sequential)
Racing Car,172,Nissan R391 (1999 : R391),1999,https://www.nissan-global.com/EN/HERITAGE_COLLECTION/nissan_r391_172.html,suspension,Double wishbone (front & rear)
Racing Car,172,Nissan R391 (1999 : R391),1999,https://www.nissan-global.com/EN/HERITAGE_COLLECTION/nissan_r391_172.html,brakes,6-pod carbon (front & rear)
Racing Car,172,Nissan R391 (1999 : R391),1999,https://www.nissan-global.com/EN/HERITAGE_COLLECTION/nissan_r391_172.html,tires_wheels_front,325/30R18 (13Jx18) BS
Racing Car,172,Nissan R391 (1999 : R391),1999,https://www.nissan-global.com/EN/HERITAGE_COLLECTION/nissan_r391_172.html,tires_wheels_rear,375/30R18* (14.5Jx18) BS
Racing Car,172,Nissan R391 (1999 : R391),1999,https://www.nissan-global.com/EN/HERITAGE_COLLECTION/nissan_r391_172.html,other,"Nissan's result in ""24 Heures du Mans""."
Racing Car,172,Nissan R391 (1999 : R391),1999,https://www.nissan-global.com/EN/HERITAGE_COLLECTION/nissan_r391_172.html,other,"Nissan's Gr. C racing cars results in Japan, 1990-92."
S Cargo,129,S-Cargo (1989 : G20),1989,https://www.nissan-global.com/EN/HERITAGE_COLLECTION/s_cargo_129.html,overall_length_width_height,"3,480/1,595/1,860mm"
S Cargo,129,S-Cargo (1989 : G20),1989,https://www.nissan-global.com/EN/HERITAGE_COLLECTION/s_cargo_129.html,wheelbase,"2,260mm"
S Cargo,129,S-Cargo (1989 : G20),1989,https://www.nissan-global.com/EN/HERITAGE_COLLECTION/s_cargo_129.html,tread_front_rear,"1,395/1,340mm"
S Cargo,129,S-Cargo (1989 : G20),1989,https://www.nissan-global.com/EN/HERITAGE_COLLECTION/s_cargo_129.html,curb_weight,970kg
S Cargo,129,S-Cargo (1989 : G20),1989,https://www.nissan-global.com/EN/HERITAGE_COLLECTION/s_cargo_129.html,engine,"E15S (4-cyl. in line, OHC), 1,487cc"
S Cargo,129,S-Cargo (1989 : G20),1989,https://www.nissan-global.com/EN/HERITAGE_COLLECTION/s_cargo_129.html,engine_max_power,"54kW (73PS)/5,600rpm"
S Cargo,129,S-Cargo (1989 : G20),1989,https://www.nissan-global.com/EN/HERITAGE_COLLECTION/s_cargo_129.html,engine_max_torque,"116Nm (11.8kgm)/3,200rpm"
S Cargo,129,S-Cargo (1989 : G20),1989,https://www.nissan-global.com/EN/HERITAGE_COLLECTION/s_cargo_129.html,transmission,"3-speed AT, console shift"
S Cargo,129,S-Cargo (1989 : G20),1989,https://www.nissan-global.com/EN/HERITAGE_COLLECTION/s_cargo_129.html,suspension_front_rear,Strut / Trailing arm (independent)
S Cargo,129,S-Cargo (1989 : G20),1989,https://www.nissan-global.com/EN/HERITAGE_COLLECTION/s_cargo_129.html,tires,155R13-6PR
S Cargo,129,S-Cargo (1989 : G20),1989,https://www.nissan-global.com/EN/HERITAGE_COLLECTION/s_cargo_129.html,seating_capacity_max_load_capacity,2 (4) / 300kg (200kg)
Silvia Gazelle,041,Silvia (1966 : CSP311),1966,https://www.nissan-global.com/EN/HERITAGE_COLLECTION/silvia_041.html,overall_length_width_height,"3,985/1,510/1,275mm"
Silvia Gazelle,041,Silvia (1966 : CSP311),1966,https://www.nissan-global.com/EN/HERITAGE_COLLECTION/silvia_041.html,wheelbase,"2,280mm"
Silvia Gazelle,041,Silvia (1966 : CSP311),1966,https://www.nissan-global.com/EN/HERITAGE_COLLECTION/silvia_041.html,tread_front_rear,"1,270/1,198mm"
Silvia Gazelle,041,Silvia (1966 : CSP311),1966,https://www.nissan-global.com/EN/HERITAGE_COLLECTION/silvia_041.html,curb_weight,980kg
Silvia Gazelle,041,Silvia (1966 : CSP311),1966,https://www.nissan-global.com/EN/HERITAGE_COLLECTION/silvia_041.html,engine,"R (4-cyl. in line, OHV with SU Twin-carb.), 1,595cc"
Silvia Gazelle,041,Silvia (1966 : CSP311),1966,https://www.nissan-global.com/EN/HERITAGE_COLLECTION/silvia_041.html,engine_max_power,"66kW (90PS)/6,000rpm"
Silvia Gazelle,041,Silvia (1966 : CSP311),1966,https://www.nissan-global.com/EN/HERITAGE_COLLECTION/silvia_041.html,engine_max_torque,"132Nm(13.5kgfm)/4,000rpm"
Silvia Gazelle,041,Silvia (1966 : CSP311),1966,https://www.nissan-global.com/EN/HERITAGE_COLLECTION/silvia_041.html,suspension_front_rear,Double wishbone / Parallel leaf
Silvia Gazelle,041,Silvia (1966 : CSP311),1966,https://www.nissan-global.com/EN/HERITAGE_COLLECTION/silvia_041.html,brakes_front_rear,Disc / Drum
Silvia Gazelle,041,Silvia (1966 : CSP311),1966,https://www.nissan-global.com/EN/HERITAGE_COLLECTION/silvia_041.html,tires,5.60-14-4P
Silvia Gazelle,041,Silvia (1966 : CSP311),1966,https://www.nissan-global.com/EN/HERITAGE_COLLECTION/silvia_041.html,other,Silvia debuts as a highway patrol car.
Silvia Gazelle,369,Nissan Silvia (1966: CSP311),1966,https://www.nissan-global.com/EN/HERITAGE_COLLECTION/369_silvia.html,overall_length_width_height,"3,985/1,510/1,275mm"
Silvia Gazelle,369,Nissan Silvia (1966: CSP311),1966,https://www.nissan-global.com/EN/HERITAGE_COLLECTION/369_silvia.html,wheelbase,"2,280mm"
Silvia Gazelle,369,Nissan Silvia (1966: CSP311),1966,https://www.nissan-global.com/EN/HERITAGE_COLLECTION/369_silvia.html,tread_front_rear,"1,270/1,198mm"
Silvia Gazelle,369,Nissan Silvia (1966: CSP311),1966,https://www.nissan-global.com/EN/HERITAGE_COLLECTION/369_silvia.html,curb_weight,980kg
Silvia Gazelle,369,Nissan Silvia (1966: CSP311),1966,https://www.nissan-global.com/EN/HERITAGE_COLLECTION/369_silvia.html,engine,"R (4-cyl. in line, OHV with SU Twin-carb.), 1,595cc"
Silvia Gazelle,369,Nissan Silvia (1966: CSP311),1966,https://www.nissan-global.com/EN/HERITAGE_COLLECTION/369_silvia.html,engine_max_power,"66kW (90PS)/6,000rpm"
Silvia Gazelle,369,Nissan Silvia (1966: CSP311),1966,https://www.nissan-global.com/EN/HERITAGE_COLLECTION/369_silvia.html,engine_max_torque,"132Nm (13.5kgfm)/4,000rpm"
Silvia Gazelle,369,Nissan Silvia (1966: CSP311),1966,https://www.nissan-global.com/EN/HERITAGE_COLLECTION/369_silvia.html,suspension_front_rear,Double wishbone/Parallel leaf
Silvia Gazelle,369,Nissan Silvia (1966: CSP311),1966,https://www.nissan-global.com/EN/HERITAGE_COLLECTION/369_silvia.html,brakes_front_rear,Disc/Drum
Silvia Gazelle,369,Nissan Silvia (1966: CSP311),1966,https://www.nissan-global.com/EN/HERITAGE_COLLECTION/369_silvia.html,tires,5.60-14-4P
Silvia Gazelle,369,Nissan Silvia (1966: CSP311),1966,https://www.nissan-global.com/EN/HERITAGE_COLLECTION/369_silvia.html,other,Silvia debuts as a highway patrol car.
Silvia Gazelle,253,New Silvia LS Type S (1975: S10),1975,https://www.nissan-global.com/EN/HERITAGE_COLLECTION/new_silvia_ls_type_s.html,overall_length_width_height,"4,135/1,600/1,300mm"
Silvia Gazelle,253,New Silvia LS Type S (1975: S10),1975,https://www.nissan-global.com/EN/HERITAGE_COLLECTION/new_silvia_ls_type_s.html,wheelbase,"2,340mm"
Silvia Gazelle,253,New Silvia LS Type S (1975: S10),1975,https://www.nissan-global.com/EN/HERITAGE_COLLECTION/new_silvia_ls_type_s.html,tread_front_rear,"1,280/1,265mm"
Silvia Gazelle,253,New Silvia LS Type S (1975: S10),1975,https://www.nissan-global.com/EN/HERITAGE_COLLECTION/new_silvia_ls_type_s.html,curb_weight,990kg
Silvia Gazelle,253,New Silvia LS Type S (1975: S10),1975,https://www.nissan-global.com/EN/HERITAGE_COLLECTION/new_silvia_ls_type_s.html,engine,"L18 (4-cyl. In line, OHC) 1,770cc"
Silvia Gazelle,253,New Silvia LS Type S (1975: S10),1975,https://www.nissan-global.com/EN/HERITAGE_COLLECTION/new_silvia_ls_type_s.html,engine_max_power,"77kW(105ps)/6,000rpm"
Silvia Gazelle,253,New Silvia LS Type S (1975: S10),1975,https://www.nissan-global.com/EN/HERITAGE_COLLECTION/new_silvia_ls_type_s.html,engine_max_torque,"147N·m(15.0kgm)/3,600rpm"
Silvia Gazelle,253,New Silvia LS Type S (1975: S10),1975,https://www.nissan-global.com/EN/HERITAGE_COLLECTION/new_silvia_ls_type_s.html,suspension_front_rear,Strut / Parallel leaf
Silvia Gazelle,253,New Silvia LS Type S (1975: S10),1975,https://www.nissan-global.com/EN/HERITAGE_COLLECTION/new_silvia_ls_type_s.html,brakes_front_rear,Disc / Drum
Silvia Gazelle,253,New Silvia LS Type S (1975: S10),1975,https://www.nissan-global.com/EN/HERITAGE_COLLECTION/new_silvia_ls_type_s.html,tires,175/70HR13
Silvia Gazelle,253,New Silvia LS Type S (1975: S10),1975,https://www.nissan-global.com/EN/HERITAGE_COLLECTION/new_silvia_ls_type_s.html,other,Silvia debuts as a highway patrol car.
Silvia Gazelle,088,Gazelle Hatchback Turbo XE (1981 : KS110Y),1981,https://www.nissan-global.com/EN/HERITAGE_COLLECTION/gazelle_hatchback_turbo_xe.html,overall_length_width_height,"4,475/1,680/1,310mm"
Silvia Gazelle,088,Gazelle Hatchback Turbo XE (1981 : KS110Y),1981,https://www.nissan-global.com/EN/HERITAGE_COLLECTION/gazelle_hatchback_turbo_xe.html,wheelbase,"2,400mm"
Silvia Gazelle,088,Gazelle Hatchback Turbo XE (1981 : KS110Y),1981,https://www.nissan-global.com/EN/HERITAGE_COLLECTION/gazelle_hatchback_turbo_xe.html,tread_front_rear,"1,345/1,365mm"
Silvia Gazelle,088,Gazelle Hatchback Turbo XE (1981 : KS110Y),1981,https://www.nissan-global.com/EN/HERITAGE_COLLECTION/gazelle_hatchback_turbo_xe.html,curb_weight,"1,115kg"
Silvia Gazelle,088,Gazelle Hatchback Turbo XE (1981 : KS110Y),1981,https://www.nissan-global.com/EN/HERITAGE_COLLECTION/gazelle_hatchback_turbo_xe.html,engine,"Z18T (4-cyl. in line, OHC), 1,770cc"
Silvia Gazelle,088,Gazelle Hatchback Turbo XE (1981 : KS110Y),1981,https://www.nissan-global.com/EN/HERITAGE_COLLECTION/gazelle_hatchback_turbo_xe.html,engine_max_power,"99kW (135PS)/6,000rpm"
Silvia Gazelle,088,Gazelle Hatchback Turbo XE (1981 : KS110Y),1981,https://www.nissan-global.com/EN/HERITAGE_COLLECTION/gazelle_hatchback_turbo_xe.html,engine_max_torque,"196Nm (20.0kgm)/3,600rpm"
Silvia Gazelle,088,Gazelle Hatchback Turbo XE (1981 : KS110Y),1981,https://www.nissan-global.com/EN/HERITAGE_COLLECTION/gazelle_hatchback_turbo_xe.html,suspension_front,Strut
Silvia Gazelle,088,Gazelle Hatchback Turbo XE (1981 : KS110Y),1981,https://www.nissan-global.com/EN/HERITAGE_COLLECTION/gazelle_hatchback_turbo_xe.html,suspension_rear,4-link coil
Silvia Gazelle,088,Gazelle Hatchback Turbo XE (1981 : KS110Y),1981,https://www.nissan-global.com/EN/HERITAGE_COLLECTION/gazelle_hatchback_turbo_xe.html,brakes,Disc (front & rear)
Silvia Gazelle,088,Gazelle Hatchback Turbo XE (1981 : KS110Y),1981,https://www.nissan-global.com/EN/HERITAGE_COLLECTION/gazelle_hatchback_turbo_xe.html,tires,185/70SR14
Silvia Gazelle,088,Gazelle Hatchback Turbo XE (1981 : KS110Y),1981,https://www.nissan-global.com/EN/HERITAGE_COLLECTION/gazelle_hatchback_turbo_xe.html,other,Silvia debuts as a highway patrol car.
Silvia Gazelle,093,Silvia (1982 : S110),1982,https://www.nissan-global.com/EN/HERITAGE_COLLECTION/silvia093.html,overall_length_width_height,"4,400/1,680/1,310mm"
Silvia Gazelle,093,Silvia (1982 : S110),1982,https://www.nissan-global.com/EN/HERITAGE_COLLECTION/silvia093.html,wheelbase,"2,400mm"
Silvia Gazelle,093,Silvia (1982 : S110),1982,https://www.nissan-global.com/EN/HERITAGE_COLLECTION/silvia093.html,tread_front_rear,"1,345/1,340mm"
Silvia Gazelle,093,Silvia (1982 : S110),1982,https://www.nissan-global.com/EN/HERITAGE_COLLECTION/silvia093.html,curb_weight,"1,150kg"
Silvia Gazelle,093,Silvia (1982 : S110),1982,https://www.nissan-global.com/EN/HERITAGE_COLLECTION/silvia093.html,engine,"LZ20B (4-cyl. in line, DOHC), 1,975cc"
Silvia Gazelle,093,Silvia (1982 : S110),1982,https://www.nissan-global.com/EN/HERITAGE_COLLECTION/silvia093.html,engine_max_power,"158kW (215PS)/7,600rpm"
Silvia Gazelle,093,Silvia (1982 : S110),1982,https://www.nissan-global.com/EN/HERITAGE_COLLECTION/silvia093.html,engine_max_torque,"221Nm (22.5kgm)/5,600rpm"
Silvia Gazelle,093,Silvia (1982 : S110),1982,https://www.nissan-global.com/EN/HERITAGE_COLLECTION/silvia093.html,engine_carburetors,Solex 50PHH (x2)
Silvia Gazelle,093,Silvia (1982 : S110),1982,https://www.nissan-global.com/EN/HERITAGE_COLLECTION/silvia093.html,brakes,Disc (front & rear)
Silvia Gazelle,093,Silvia (1982 : S110),1982,https://www.nissan-global.com/EN/HERITAGE_COLLECTION/silvia093.html,tires_front,175SR14 (DL SP52R)
Silvia Gazelle,093,Silvia (1982 : S110),1982,https://www.nissan-global.com/EN/HERITAGE_COLLECTION/silvia093.html,tires_rear,195/70SR14 (DL SP52R)
Silvia Gazelle,093,Silvia (1982 : S110),1982,https://www.nissan-global.com/EN/HERITAGE_COLLECTION/silvia093.html,other,Silvia debuts as a highway patrol car.
Silvia Gazelle,496,Nissan Silvia Coupe Turbo ZSE-X (1982: S110),1982,https://www.nissan-global.com/EN/HERITAGE_COLLECTION/496_silvia_coupe_turbo_zse_x.html,overall_length_width_height,"4,400/1,680/1,310mm"
Silvia Gazelle,496,Nissan Silvia Coupe Turbo ZSE-X (1982: S110),1982,https://www.nissan-global.com/EN/HERITAGE_COLLECTION/496_silvia_coupe_turbo_zse_x.html,wheelbase,"2,400mm"
Silvia Gazelle,496,Nissan Silvia Coupe Turbo ZSE-X (1982: S110),1982,https://www.nissan-global.com/EN/HERITAGE_COLLECTION/496_silvia_coupe_turbo_zse_x.html,tread_front_rear,"1,345/1,365mm"
Silvia Gazelle,496,Nissan Silvia Coupe Turbo ZSE-X (1982: S110),1982,https://www.nissan-global.com/EN/HERITAGE_COLLECTION/496_silvia_coupe_turbo_zse_x.html,curb_weight,"1,125kg"
Silvia Gazelle,496,Nissan Silvia Coupe Turbo ZSE-X (1982: S110),1982,https://www.nissan-global.com/EN/HERITAGE_COLLECTION/496_silvia_coupe_turbo_zse_x.html,engine,"Z18E·T (4-cyl. inline, OHC with turbo) 1,770cc"
Silvia Gazelle,496,Nissan Silvia Coupe Turbo ZSE-X (1982: S110),1982,https://www.nissan-global.com/EN/HERITAGE_COLLECTION/496_silvia_coupe_turbo_zse_x.html,engine_max_power,"99kW (135ps)/6,000rpm"
Silvia Gazelle,496,Nissan Silvia Coupe Turbo ZSE-X (1982: S110),1982,https://www.nissan-global.com/EN/HERITAGE_COLLECTION/496_silvia_coupe_turbo_zse_x.html,engine_max_torque,"196N·m (20.0kgf·m)/3,600rpm"
Silvia Gazelle,496,Nissan Silvia Coupe Turbo ZSE-X (1982: S110),1982,https://www.nissan-global.com/EN/HERITAGE_COLLECTION/496_silvia_coupe_turbo_zse_x.html,suspension_front_rear,Strut/4-link coil
Silvia Gazelle,496,Nissan Silvia Coupe Turbo ZSE-X (1982: S110),1982,https://www.nissan-global.com/EN/HERITAGE_COLLECTION/496_silvia_coupe_turbo_zse_x.html,brakes_front_rear,Disc/Disc
Silvia Gazelle,496,Nissan Silvia Coupe Turbo ZSE-X (1982: S110),1982,https://www.nissan-global.com/EN/HERITAGE_COLLECTION/496_silvia_coupe_turbo_zse_x.html,tires,185/70HR14
Silvia Gazelle,084,Silvia Super Silhouette (1983 : KS110),1983,https://www.nissan-global.com/EN/HERITAGE_COLLECTION/silvia_super_silhouette.html,overall_length_width_height,"5,000/1,980/1,250mm"
Silvia Gazelle,084,Silvia Super Silhouette (1983 : KS110),1983,https://www.nissan-global.com/EN/HERITAGE_COLLECTION/silvia_super_silhouette.html,wheelbase,"2,400mm"
Silvia Gazelle,084,Silvia Super Silhouette (1983 : KS110),1983,https://www.nissan-global.com/EN/HERITAGE_COLLECTION/silvia_super_silhouette.html,tread_front_rear,"1,710/1,650mm"
Silvia Gazelle,084,Silvia Super Silhouette (1983 : KS110),1983,https://www.nissan-global.com/EN/HERITAGE_COLLECTION/silvia_super_silhouette.html,curb_weight,"1,050kg"
Silvia Gazelle,084,Silvia Super Silhouette (1983 : KS110),1983,https://www.nissan-global.com/EN/HERITAGE_COLLECTION/silvia_super_silhouette.html,engine,"LZ20B (4-cyl. in line, DOHC), 2,082cc"
Silvia Gazelle,084,Silvia Super Silhouette (1983 : KS110),1983,https://www.nissan-global.com/EN/HERITAGE_COLLECTION/silvia_super_silhouette.html,engine_max_power,"Over 419kW (570PS)/7,600rpm"
Silvia Gazelle,084,Silvia Super Silhouette (1983 : KS110),1983,https://www.nissan-global.com/EN/HERITAGE_COLLECTION/silvia_super_silhouette.html,engine_max_torque,"Over 539Nm (55.0kgm)/6,400rpm"
Silvia Gazelle,084,Silvia Super Silhouette (1983 : KS110),1983,https://www.nissan-global.com/EN/HERITAGE_COLLECTION/silvia_super_silhouette.html,clutch,B& B triple plate
Silvia Gazelle,084,Silvia Super Silhouette (1983 : KS110),1983,https://www.nissan-global.com/EN/HERITAGE_COLLECTION/silvia_super_silhouette.html,transmission,Doug Nash 5-speed
Silvia Gazelle,084,Silvia Super Silhouette (1983 : KS110),1983,https://www.nissan-global.com/EN/HERITAGE_COLLECTION/silvia_super_silhouette.html,brakes,Lockheed 4-pod(front & rear)
Silvia Gazelle,084,Silvia Super Silhouette (1983 : KS110),1983,https://www.nissan-global.com/EN/HERITAGE_COLLECTION/silvia_super_silhouette.html,tires_front_rear,270/590-16/350-700-19
Silvia Gazelle,084,Silvia Super Silhouette (1983 : KS110),1983,https://www.nissan-global.com/EN/HERITAGE_COLLECTION/silvia_super_silhouette.html,other,Silvia debuts as a highway patrol car.
Silvia Gazelle,271,Silvia Coupe Twin-cam Turbo RS-X (1986 : S12),1986,https://www.nissan-global.com/EN/HERITAGE_COLLECTION/silvia_coupe_twincam.html,overall_length_width_height,"4,460/1,670/1,333mm"
Silvia Gazelle,271,Silvia Coupe Twin-cam Turbo RS-X (1986 : S12),1986,https://www.nissan-global.com/EN/HERITAGE_COLLECTION/silvia_coupe_twincam.html,wheelbase,"2,450mm"
Silvia Gazelle,271,Silvia Coupe Twin-cam Turbo RS-X (1986 : S12),1986,https://www.nissan-global.com/EN/HERITAGE_COLLECTION/silvia_coupe_twincam.html,tread_front_rear,"1,390/1,425mm"
Silvia Gazelle,271,Silvia Coupe Twin-cam Turbo RS-X (1986 : S12),1986,https://www.nissan-global.com/EN/HERITAGE_COLLECTION/silvia_coupe_twincam.html,curb_weight,"1,180kg"
Silvia Gazelle,271,Silvia Coupe Twin-cam Turbo RS-X (1986 : S12),1986,https://www.nissan-global.com/EN/HERITAGE_COLLECTION/silvia_coupe_twincam.html,engine,"CA18DET (4-cyl. in-line, DOHC), 1,809cc"
Silvia Gazelle,271,Silvia Coupe Twin-cam Turbo RS-X (1986 : S12),1986,https://www.nissan-global.com/EN/HERITAGE_COLLECTION/silvia_coupe_twincam.html,engine_max_power,"107kW (145PS)/6,400rpm"
Silvia Gazelle,271,Silvia Coupe Twin-cam Turbo RS-X (1986 : S12),1986,https://www.nissan-global.com/EN/HERITAGE_COLLECTION/silvia_coupe_twincam.html,engine_max_torque,"201Nm (20.5kgm)/4,000rpm"
Silvia Gazelle,271,Silvia Coupe Twin-cam Turbo RS-X (1986 : S12),1986,https://www.nissan-global.com/EN/HERITAGE_COLLECTION/silvia_coupe_twincam.html,suspension_front,Strut
Silvia Gazelle,271,Silvia Coupe Twin-cam Turbo RS-X (1986 : S12),1986,https://www.nissan-global.com/EN/HERITAGE_COLLECTION/silvia_coupe_twincam.html,suspension_rear,Semi trailing-arm
Silvia Gazelle,271,Silvia Coupe Twin-cam Turbo RS-X (1986 : S12),1986,https://www.nissan-global.com/EN/HERITAGE_COLLECTION/silvia_coupe_twincam.html,tires,195/60R-15 86H (front & rear)
Silvia Gazelle,271,Silvia Coupe Twin-cam Turbo RS-X (1986 : S12),1986,https://www.nissan-global.com/EN/HERITAGE_COLLECTION/silvia_coupe_twincam.html,other,Silvia debuts as a highway patrol car.
Silvia Gazelle,111,Silvia 200SX (1988 : RVS12),1988,https://www.nissan-global.com/EN/HERITAGE_COLLECTION/silvia_200sx.html,overall_length_width_height,"4,460/1,670/1,320mm"
Silvia Gazelle,111,Silvia 200SX (1988 : RVS12),1988,https://www.nissan-global.com/EN/HERITAGE_COLLECTION/silvia_200sx.html,wheelbase,"2,425mm"
Silvia Gazelle,111,Silvia 200SX (1988 : RVS12),1988,https://www.nissan-global.com/EN/HERITAGE_COLLECTION/silvia_200sx.html,tread_front_rear,"1,390/1,425mm"
Silvia Gazelle,111,Silvia 200SX (1988 : RVS12),1988,https://www.nissan-global.com/EN/HERITAGE_COLLECTION/silvia_200sx.html,curb_weight,"1,250kg"
Silvia Gazelle,111,Silvia 200SX (1988 : RVS12),1988,https://www.nissan-global.com/EN/HERITAGE_COLLECTION/silvia_200sx.html,engine,"VG30E (V6, OHC), 2,960cc"
Silvia Gazelle,111,Silvia 200SX (1988 : RVS12),1988,https://www.nissan-global.com/EN/HERITAGE_COLLECTION/silvia_200sx.html,engine_max_power,"Over 184kW (250PS)/7,000rpm"
Silvia Gazelle,111,Silvia 200SX (1988 : RVS12),1988,https://www.nissan-global.com/EN/HERITAGE_COLLECTION/silvia_200sx.html,engine_max_torque,"Over 289Nm (29.5kgm)/5,200rpm"
Silvia Gazelle,111,Silvia 200SX (1988 : RVS12),1988,https://www.nissan-global.com/EN/HERITAGE_COLLECTION/silvia_200sx.html,suspension_front_rear,"Strut, semi trailing-arm"
Silvia Gazelle,111,Silvia 200SX (1988 : RVS12),1988,https://www.nissan-global.com/EN/HERITAGE_COLLECTION/silvia_200sx.html,brakes,Disc (front & rear)
Silvia Gazelle,111,Silvia 200SX (1988 : RVS12),1988,https://www.nissan-global.com/EN/HERITAGE_COLLECTION/silvia_200sx.html,wheels_front_rear,"6Jx16, 7Jx16"
Silvia Gazelle,111,Silvia 200SX (1988 : RVS12),1988,https://www.nissan-global.com/EN/HERITAGE_COLLECTION/silvia_200sx.html,tires_front_rear,"195/70R16, 215/65R16"
Silvia Gazelle,111,Silvia 200SX (1988 : RVS12),1988,https://www.nissan-global.com/EN/HERITAGE_COLLECTION/silvia_200sx.html,other,Silvia debuts as a highway patrol car.
Silvia Gazelle,115,Nissan Silvia Q's (1988: S13),1988,https://www.nissan-global.com/EN/HERITAGE_COLLECTION/silvia_qs.html,overall_length_width_height,"4,470/1,690/1,290mm"
Silvia Gazelle,115,Nissan Silvia Q's (1988: S13),1988,https://www.nissan-global.com/EN/HERITAGE_COLLECTION/silvia_qs.html,wheelbase,"2,475mm"
Silvia Gazelle,115,Nissan Silvia Q's (1988: S13),1988,https://www.nissan-global.com/EN/HERITAGE_COLLECTION/silvia_qs.html,tread_front_rear,"1,465/1,460mm"
Silvia Gazelle,115,Nissan Silvia Q's (1988: S13),1988,https://www.nissan-global.com/EN/HERITAGE_COLLECTION/silvia_qs.html,curb_weight,"1,110kg"
Silvia Gazelle,115,Nissan Silvia Q's (1988: S13),1988,https://www.nissan-global.com/EN/HERITAGE_COLLECTION/silvia_qs.html,engine,"CA18DE (4-cyl. in line, DOHC), 1,809cc"
Silvia Gazelle,115,Nissan Silvia Q's (1988: S13),1988,https://www.nissan-global.com/EN/HERITAGE_COLLECTION/silvia_qs.html,engine_max_power,"99kW (135PS)/6,400rpm"
Silvia Gazelle,115,Nissan Silvia Q's (1988: S13),1988,https://www.nissan-global.com/EN/HERITAGE_COLLECTION/silvia_qs.html,engine_max_torque,"159N·m (16.2kgm)/5,200rpm"
Silvia Gazelle,115,Nissan Silvia Q's (1988: S13),1988,https://www.nissan-global.com/EN/HERITAGE_COLLECTION/silvia_qs.html,suspension_front,Strut
Silvia Gazelle,115,Nissan Silvia Q's (1988: S13),1988,https://www.nissan-global.com/EN/HERITAGE_COLLECTION/silvia_qs.html,suspension_rear,Multilink
Silvia Gazelle,115,Nissan Silvia Q's (1988: S13),1988,https://www.nissan-global.com/EN/HERITAGE_COLLECTION/silvia_qs.html,tires,185/70R14 87S (front & rear)
Silvia Gazelle,115,Nissan Silvia Q's (1988: S13),1988,https://www.nissan-global.com/EN/HERITAGE_COLLECTION/silvia_qs.html,other,Silvia debuts as a highway patrol car.
Silvia Gazelle,275,Nissan Slivia K's (1989: S13),1989,https://www.nissan-global.com/EN/HERITAGE_COLLECTION/silvia_ks.html,overall_length_width_height,"4,470/1,690/1,290mm"
Silvia Gazelle,275,Nissan Slivia K's (1989: S13),1989,https://www.nissan-global.com/EN/HERITAGE_COLLECTION/silvia_ks.html,wheelbase,"2,475mm"
Silvia Gazelle,275,Nissan Slivia K's (1989: S13),1989,https://www.nissan-global.com/EN/HERITAGE_COLLECTION/silvia_ks.html,tread_front_rear,"1,465/1,460mm"
Silvia Gazelle,275,Nissan Slivia K's (1989: S13),1989,https://www.nissan-global.com/EN/HERITAGE_COLLECTION/silvia_ks.html,curb_weight,"1,120kg"
Silvia Gazelle,275,Nissan Slivia K's (1989: S13),1989,https://www.nissan-global.com/EN/HERITAGE_COLLECTION/silvia_ks.html,engine,"CA18DET (4-cyl. in-line, DOHC turbo), 1,809cc"
Silvia Gazelle,275,Nissan Slivia K's (1989: S13),1989,https://www.nissan-global.com/EN/HERITAGE_COLLECTION/silvia_ks.html,engine_max_power,"129kW (175PS)/6,400rpm"
Silvia Gazelle,275,Nissan Slivia K's (1989: S13),1989,https://www.nissan-global.com/EN/HERITAGE_COLLECTION/silvia_ks.html,engine_max_torque,"226N·m (23.0kgm)/4,000rpm"
Silvia Gazelle,275,Nissan Slivia K's (1989: S13),1989,https://www.nissan-global.com/EN/HERITAGE_COLLECTION/silvia_ks.html,suspension_front_rear,Strut/Multilink
Silvia Gazelle,275,Nissan Slivia K's (1989: S13),1989,https://www.nissan-global.com/EN/HERITAGE_COLLECTION/silvia_ks.html,tires,195/60R15 (front & rear)
Silvia Gazelle,275,Nissan Slivia K's (1989: S13),1989,https://www.nissan-global.com/EN/HERITAGE_COLLECTION/silvia_ks.html,other,Silvia debuts as a highway patrol car.
Silvia Gazelle,198,Silvia K's Type S (1994 : S14),1994,https://www.nissan-global.com/EN/HERITAGE_COLLECTION/silvia_ks_s14.html,overall_length_width_height,"4,500/1,730/1,295mm"
Silvia Gazelle,198,Silvia K's Type S (1994 : S14),1994,https://www.nissan-global.com/EN/HERITAGE_COLLECTION/silvia_ks_s14.html,wheelbase,"2,525mm"
Silvia Gazelle,198,Silvia K's Type S (1994 : S14),1994,https://www.nissan-global.com/EN/HERITAGE_COLLECTION/silvia_ks_s14.html,tread,"1,480/1,470mm"
Silvia Gazelle,198,Silvia K's Type S (1994 : S14),1994,https://www.nissan-global.com/EN/HERITAGE_COLLECTION/silvia_ks_s14.html,curb_weight,"1,220kg"
Silvia Gazelle,198,Silvia K's Type S (1994 : S14),1994,https://www.nissan-global.com/EN/HERITAGE_COLLECTION/silvia_ks_s14.html,engine,"SR20DET (4-cyl. inline, 4-valve DOHC with turbo)"
Silvia Gazelle,198,Silvia K's Type S (1994 : S14),1994,https://www.nissan-global.com/EN/HERITAGE_COLLECTION/silvia_ks_s14.html,engine_max_power,"162kw(220ps)/6,000rpm"
Silvia Gazelle,198,Silvia K's Type S (1994 : S14),1994,https://www.nissan-global.com/EN/HERITAGE_COLLECTION/silvia_ks_s14.html,engine_max_torque,"274N·m(28.0kgf·m)/4,800rpm"
Silvia Gazelle,198,Silvia K's Type S (1994 : S14),1994,https://www.nissan-global.com/EN/HERITAGE_COLLECTION/silvia_ks_s14.html,suspension_front_rear,Strut / Multilink (independent)
Silvia Gazelle,198,Silvia K's Type S (1994 : S14),1994,https://www.nissan-global.com/EN/HERITAGE_COLLECTION/silvia_ks_s14.html,brakes_front_rear,Ventilated disc / Disc
Silvia Gazelle,198,Silvia K's Type S (1994 : S14),1994,https://www.nissan-global.com/EN/HERITAGE_COLLECTION/silvia_ks_s14.html,tires,205/55R16 89V
Silvia Gazelle,150,Silvia (1998 : S14),1998,https://www.nissan-global.com/EN/HERITAGE_COLLECTION/silvia.html,overall_length_width_height,"4,520/1,830/1,265mm"
Silvia Gazelle,150,Silvia (1998 : S14),1998,https://www.nissan-global.com/EN/HERITAGE_COLLECTION/silvia.html,wheelbase,"2,525mm"
Silvia Gazelle,150,Silvia (1998 : S14),1998,https://www.nissan-global.com/EN/HERITAGE_COLLECTION/silvia.html,tread_front_rear,"1,590/1,565mm"
Silvia Gazelle,150,Silvia (1998 : S14),1998,https://www.nissan-global.com/EN/HERITAGE_COLLECTION/silvia.html,curb_weight,"Over 1,050kg"
Silvia Gazelle,150,Silvia (1998 : S14),1998,https://www.nissan-global.com/EN/HERITAGE_COLLECTION/silvia.html,engine,"SR20DET (4-cyl. in line, DOHC), 1,998cc"
Silvia Gazelle,150,Silvia (1998 : S14),1998,https://www.nissan-global.com/EN/HERITAGE_COLLECTION/silvia.html,engine_max_power,"Over 235kW (320PS)/6,250rpm"
Silvia Gazelle,150,Silvia (1998 : S14),1998,https://www.nissan-global.com/EN/HERITAGE_COLLECTION/silvia.html,engine_max_torque,"Over 363Nm (37.0kgm)/3,500rpm"
Silvia Gazelle,150,Silvia (1998 : S14),1998,https://www.nissan-global.com/EN/HERITAGE_COLLECTION/silvia.html,suspension_front,Strut
Silvia Gazelle,150,Silvia (1998 : S14),1998,https://www.nissan-global.com/EN/HERITAGE_COLLECTION/silvia.html,suspension_rear,Double wishbone
Silvia Gazelle,150,Silvia (1998 : S14),1998,https://www.nissan-global.com/EN/HERITAGE_COLLECTION/silvia.html,tires_front_rear,"250/655R18, 290/680R18"
Silvia Gazelle,150,Silvia (1998 : S14),1998,https://www.nissan-global.com/EN/HERITAGE_COLLECTION/silvia.html,other,Silvia debuts as a highway patrol car.
Skyline,142,Prince Skyline 1500 Deluxe (1965 : S50),1965,https://www.nissan-global.com/EN/HERITAGE_COLLECTION/prince_skykine_1500.html,overall_length_width_height,"4,100/1,495/1,435mm"
Skyline,142,Prince Skyline 1500 Deluxe (1965 : S50),1965,https://www.nissan-global.com/EN/HERITAGE_COLLECTION/prince_skykine_1500.html,wheelbase,"2,390mm"
Skyline,142,Prince Skyline 1500 Deluxe (1965 : S50),1965,https://www.nissan-global.com/EN/HERITAGE_COLLECTION/prince_skykine_1500.html,tread_front_rear,"1,255/1,235mm"
Skyline,142,Prince Skyline 1500 Deluxe (1965 : S50),1965,https://www.nissan-global.com/EN/HERITAGE_COLLECTION/prince_skykine_1500.html,curb_weight,960kg
Skyline,142,Prince Skyline 1500 Deluxe (1965 : S50),1965,https://www.nissan-global.com/EN/HERITAGE_COLLECTION/prince_skykine_1500.html,engine,"G1 (4-cyl. in line, OHV)"
Skyline,142,Prince Skyline 1500 Deluxe (1965 : S50),1965,https://www.nissan-global.com/EN/HERITAGE_COLLECTION/prince_skykine_1500.html,engine_displacement,"1,484cc"
Skyline,142,Prince Skyline 1500 Deluxe (1965 : S50),1965,https://www.nissan-global.com/EN/HERITAGE_COLLECTION/prince_skykine_1500.html,engine_max_power,"51kW (70PS)/4,800rpm"
Skyline,142,Prince Skyline 1500 Deluxe (1965 : S50),1965,https://www.nissan-global.com/EN/HERITAGE_COLLECTION/prince_skykine_1500.html,engine_max_torque,"113Nm (11.5kgm)/3,600rpm"
Skyline,142,Prince Skyline 1500 Deluxe (1965 : S50),1965,https://www.nissan-global.com/EN/HERITAGE_COLLECTION/prince_skykine_1500.html,tires,5.60-13-4PR
Skyline,142,Prince Skyline 1500 Deluxe (1965 : S50),1965,https://www.nissan-global.com/EN/HERITAGE_COLLECTION/prince_skykine_1500.html,top_speed,135km/h (140km/h)
Skyline,142,Prince Skyline 1500 Deluxe (1965 : S50),1965,https://www.nissan-global.com/EN/HERITAGE_COLLECTION/prince_skykine_1500.html,other,"Skyline 2000GT-R's ""50 wins"" list."
Skyline,291,Prince Skyline 2000GT (1965: S54B-2),1965,https://www.nissan-global.com/EN/HERITAGE_COLLECTION/prince_skyline_2000gt.html,overall_length_width_height,"4,255/1,495/1,410mm"
Skyline,291,Prince Skyline 2000GT (1965: S54B-2),1965,https://www.nissan-global.com/EN/HERITAGE_COLLECTION/prince_skyline_2000gt.html,wheelbase,"2,590mm"
Skyline,291,Prince Skyline 2000GT (1965: S54B-2),1965,https://www.nissan-global.com/EN/HERITAGE_COLLECTION/prince_skyline_2000gt.html,tread_front_rear,"1,265/1,255mm"
Skyline,291,Prince Skyline 2000GT (1965: S54B-2),1965,https://www.nissan-global.com/EN/HERITAGE_COLLECTION/prince_skyline_2000gt.html,curb_weight,"1,070kg"
Skyline,291,Prince Skyline 2000GT (1965: S54B-2),1965,https://www.nissan-global.com/EN/HERITAGE_COLLECTION/prince_skyline_2000gt.html,engine,"G7 (6-cyl. in line OHC with triple carb.) 1,988cc"
Skyline,291,Prince Skyline 2000GT (1965: S54B-2),1965,https://www.nissan-global.com/EN/HERITAGE_COLLECTION/prince_skyline_2000gt.html,engine_max_power,"92kW(125ps)/5,600rpm"
Skyline,291,Prince Skyline 2000GT (1965: S54B-2),1965,https://www.nissan-global.com/EN/HERITAGE_COLLECTION/prince_skyline_2000gt.html,engine_max_torque,"167N·m(17.0kgf·m)/4,400rpm"
Skyline,291,Prince Skyline 2000GT (1965: S54B-2),1965,https://www.nissan-global.com/EN/HERITAGE_COLLECTION/prince_skyline_2000gt.html,suspension_front_rear,Double wishbone / Parallel leaf
Skyline,291,Prince Skyline 2000GT (1965: S54B-2),1965,https://www.nissan-global.com/EN/HERITAGE_COLLECTION/prince_skyline_2000gt.html,brakes_front_rear,Disc / Drum
Skyline,291,Prince Skyline 2000GT (1965: S54B-2),1965,https://www.nissan-global.com/EN/HERITAGE_COLLECTION/prince_skyline_2000gt.html,tires,5.60-13-6PR
Skyline,291,Prince Skyline 2000GT (1965: S54B-2),1965,https://www.nissan-global.com/EN/HERITAGE_COLLECTION/prince_skyline_2000gt.html,other,"Skyline 2000GT-R's ""50 wins"" list ."
Skyline,265,Skyline Van (1968: VC10),1968,https://www.nissan-global.com/EN/HERITAGE_COLLECTION/skyline_van.html,overall_length_width_height,"4,265/1,595/1,425mm"
Skyline,265,Skyline Van (1968: VC10),1968,https://www.nissan-global.com/EN/HERITAGE_COLLECTION/skyline_van.html,wheelbase,"2,490mm"
Skyline,265,Skyline Van (1968: VC10),1968,https://www.nissan-global.com/EN/HERITAGE_COLLECTION/skyline_van.html,tread_front_rear,"1,325/1,320mm"
Skyline,265,Skyline Van (1968: VC10),1968,https://www.nissan-global.com/EN/HERITAGE_COLLECTION/skyline_van.html,curb_weight,"1,010kg"
Skyline,265,Skyline Van (1968: VC10),1968,https://www.nissan-global.com/EN/HERITAGE_COLLECTION/skyline_van.html,engine,"G15 (4-cyl. in line, OHC) 1,483cc"
Skyline,265,Skyline Van (1968: VC10),1968,https://www.nissan-global.com/EN/HERITAGE_COLLECTION/skyline_van.html,engine_max_power,65kW(88ps)/6000rpm
Skyline,265,Skyline Van (1968: VC10),1968,https://www.nissan-global.com/EN/HERITAGE_COLLECTION/skyline_van.html,engine_max_torque,"120N·m(12.2kgm)/4,000rpm"
Skyline,265,Skyline Van (1968: VC10),1968,https://www.nissan-global.com/EN/HERITAGE_COLLECTION/skyline_van.html,suspension_front_rear,Strut / Parallel leaf
Skyline,265,Skyline Van (1968: VC10),1968,https://www.nissan-global.com/EN/HERITAGE_COLLECTION/skyline_van.html,brakes_front_rear,Drum / Drum
Skyline,265,Skyline Van (1968: VC10),1968,https://www.nissan-global.com/EN/HERITAGE_COLLECTION/skyline_van.html,tires,5.50-13-6PR
Skyline,265,Skyline Van (1968: VC10),1968,https://www.nissan-global.com/EN/HERITAGE_COLLECTION/skyline_van.html,other,"Skyline 2000GT-R's ""50 wins"" list ."
Skyline,052,Skyline 2000GT-R (1969 : PGC10),1969,https://www.nissan-global.com/EN/HERITAGE_COLLECTION/skyline_2000gt_r.html,overall_length_width_height,"4,395/1,610/1,385mm"
Skyline,052,Skyline 2000GT-R (1969 : PGC10),1969,https://www.nissan-global.com/EN/HERITAGE_COLLECTION/skyline_2000gt_r.html,wheelbase,"2,640mm"
Skyline,052,Skyline 2000GT-R (1969 : PGC10),1969,https://www.nissan-global.com/EN/HERITAGE_COLLECTION/skyline_2000gt_r.html,tread_front_rear,"1,370/1,365mm"
Skyline,052,Skyline 2000GT-R (1969 : PGC10),1969,https://www.nissan-global.com/EN/HERITAGE_COLLECTION/skyline_2000gt_r.html,curb_weight,"1,120kg"
Skyline,052,Skyline 2000GT-R (1969 : PGC10),1969,https://www.nissan-global.com/EN/HERITAGE_COLLECTION/skyline_2000gt_r.html,engine,"S20 (6-cyl. in line, 4-valve DOHC) 1,989cc"
Skyline,052,Skyline 2000GT-R (1969 : PGC10),1969,https://www.nissan-global.com/EN/HERITAGE_COLLECTION/skyline_2000gt_r.html,engine_max_power,"118kW (160PS)/7,000rpm"
Skyline,052,Skyline 2000GT-R (1969 : PGC10),1969,https://www.nissan-global.com/EN/HERITAGE_COLLECTION/skyline_2000gt_r.html,engine_max_torque,"177Nm (18.0kgm)/5,600rpm"
Skyline,052,Skyline 2000GT-R (1969 : PGC10),1969,https://www.nissan-global.com/EN/HERITAGE_COLLECTION/skyline_2000gt_r.html,suspension_front_rear,Strut / Semi-trailing arm (independent)
Skyline,052,Skyline 2000GT-R (1969 : PGC10),1969,https://www.nissan-global.com/EN/HERITAGE_COLLECTION/skyline_2000gt_r.html,brakes_front_rear,Disc/Drum
Skyline,052,Skyline 2000GT-R (1969 : PGC10),1969,https://www.nissan-global.com/EN/HERITAGE_COLLECTION/skyline_2000gt_r.html,tires,6.45H-14-4PR
Skyline,052,Skyline 2000GT-R (1969 : PGC10),1969,https://www.nissan-global.com/EN/HERITAGE_COLLECTION/skyline_2000gt_r.html,other,"Skyline 2000GT-R's ""50 wins"" list ."
Skyline,423,Nissan Skyline 2000GT-R (1969: PGC10),1969,https://www.nissan-global.com/EN/HERITAGE_COLLECTION/skyline_2000gtr_1969.html,overall_length_width_height,"4,395/1,610/1,385mm"
Skyline,423,Nissan Skyline 2000GT-R (1969: PGC10),1969,https://www.nissan-global.com/EN/HERITAGE_COLLECTION/skyline_2000gtr_1969.html,wheelbase,"2,640mm"
Skyline,423,Nissan Skyline 2000GT-R (1969: PGC10),1969,https://www.nissan-global.com/EN/HERITAGE_COLLECTION/skyline_2000gtr_1969.html,tread_front_rear,"1,370/1,365mm"
Skyline,423,Nissan Skyline 2000GT-R (1969: PGC10),1969,https://www.nissan-global.com/EN/HERITAGE_COLLECTION/skyline_2000gtr_1969.html,curb_weight,980kg
Skyline,423,Nissan Skyline 2000GT-R (1969: PGC10),1969,https://www.nissan-global.com/EN/HERITAGE_COLLECTION/skyline_2000gtr_1969.html,engine,"S20 (6-cyl. in line, 4-valve DOHC) 1,989cc"
Skyline,423,Nissan Skyline 2000GT-R (1969: PGC10),1969,https://www.nissan-global.com/EN/HERITAGE_COLLECTION/skyline_2000gtr_1969.html,engine_max_power,154kw (210PS)/8000rpm
Skyline,423,Nissan Skyline 2000GT-R (1969: PGC10),1969,https://www.nissan-global.com/EN/HERITAGE_COLLECTION/skyline_2000gtr_1969.html,engine_max_torque,196N·m (20.0kgm)/6000rpm
Skyline,423,Nissan Skyline 2000GT-R (1969: PGC10),1969,https://www.nissan-global.com/EN/HERITAGE_COLLECTION/skyline_2000gtr_1969.html,suspension_front_rear,Strut/Semi-trailing arm (independent)
Skyline,423,Nissan Skyline 2000GT-R (1969: PGC10),1969,https://www.nissan-global.com/EN/HERITAGE_COLLECTION/skyline_2000gtr_1969.html,brakes_front_rear,Disc/Drum
Skyline,423,Nissan Skyline 2000GT-R (1969: PGC10),1969,https://www.nissan-global.com/EN/HERITAGE_COLLECTION/skyline_2000gtr_1969.html,tires,475-10.00-14/475-11.30-14
Skyline,423,Nissan Skyline 2000GT-R (1969: PGC10),1969,https://www.nissan-global.com/EN/HERITAGE_COLLECTION/skyline_2000gtr_1969.html,other,"Skyline 2000GT-R's ""50 wins"" list."
Skyline,508,Nissan Skyline 2000GT (1970: GC10),1970,https://www.nissan-global.com/EN/HERITAGE_COLLECTION/508_nissan_skyline_2000gt.html,overall_length_width_height,"4,430/1,595/1,390mm"
Skyline,508,Nissan Skyline 2000GT (1970: GC10),1970,https://www.nissan-global.com/EN/HERITAGE_COLLECTION/508_nissan_skyline_2000gt.html,wheelbase,"2,640mm"
Skyline,508,Nissan Skyline 2000GT (1970: GC10),1970,https://www.nissan-global.com/EN/HERITAGE_COLLECTION/508_nissan_skyline_2000gt.html,tread_front_rear,"1,325/1,320mm"
Skyline,508,Nissan Skyline 2000GT (1970: GC10),1970,https://www.nissan-global.com/EN/HERITAGE_COLLECTION/508_nissan_skyline_2000gt.html,curb_weight,"1,095kg"
Skyline,508,Nissan Skyline 2000GT (1970: GC10),1970,https://www.nissan-global.com/EN/HERITAGE_COLLECTION/508_nissan_skyline_2000gt.html,engine,"L20 (6-cyl. inline, OHC) 1,998cc"
Skyline,508,Nissan Skyline 2000GT (1970: GC10),1970,https://www.nissan-global.com/EN/HERITAGE_COLLECTION/508_nissan_skyline_2000gt.html,engine_max_power,"88kW (120ps)/6,000rpm"
Skyline,508,Nissan Skyline 2000GT (1970: GC10),1970,https://www.nissan-global.com/EN/HERITAGE_COLLECTION/508_nissan_skyline_2000gt.html,engine_max_torque,"167N·m (17.0kgf·m)/4,000rpm"
Skyline,508,Nissan Skyline 2000GT (1970: GC10),1970,https://www.nissan-global.com/EN/HERITAGE_COLLECTION/508_nissan_skyline_2000gt.html,suspension_front_rear,Strut/Semi-trailing arm (independent)
Skyline,508,Nissan Skyline 2000GT (1970: GC10),1970,https://www.nissan-global.com/EN/HERITAGE_COLLECTION/508_nissan_skyline_2000gt.html,brakes_front_rear,Disc/Drum
Skyline,508,Nissan Skyline 2000GT (1970: GC10),1970,https://www.nissan-global.com/EN/HERITAGE_COLLECTION/508_nissan_skyline_2000gt.html,tires,6.45-14-4PR
Skyline,067,Skyline 2000GT-R (1972: KPGC110),1972,https://www.nissan-global.com/EN/HERITAGE_COLLECTION/067_skyline_2000gt-r.html,overall_length_width_height,"4,460/1,695/1,380mm"
Skyline,067,Skyline 2000GT-R (1972: KPGC110),1972,https://www.nissan-global.com/EN/HERITAGE_COLLECTION/067_skyline_2000gt-r.html,wheelbase,"2,610mm"
Skyline,067,Skyline 2000GT-R (1972: KPGC110),1972,https://www.nissan-global.com/EN/HERITAGE_COLLECTION/067_skyline_2000gt-r.html,tread_front_rear,"1,395/1,375mm"
Skyline,067,Skyline 2000GT-R (1972: KPGC110),1972,https://www.nissan-global.com/EN/HERITAGE_COLLECTION/067_skyline_2000gt-r.html,curb_weight,"1,145kg"
Skyline,067,Skyline 2000GT-R (1972: KPGC110),1972,https://www.nissan-global.com/EN/HERITAGE_COLLECTION/067_skyline_2000gt-r.html,engine,"S20 (6-cyl. in line 4-valve DOHC) 1,989cc"
Skyline,067,Skyline 2000GT-R (1972: KPGC110),1972,https://www.nissan-global.com/EN/HERITAGE_COLLECTION/067_skyline_2000gt-r.html,engine_max_power,"118kW (160PS)/7,000rpm"
Skyline,067,Skyline 2000GT-R (1972: KPGC110),1972,https://www.nissan-global.com/EN/HERITAGE_COLLECTION/067_skyline_2000gt-r.html,engine_max_torque,"177Nm(18.0kgfm)/5,600rpm"
Skyline,067,Skyline 2000GT-R (1972: KPGC110),1972,https://www.nissan-global.com/EN/HERITAGE_COLLECTION/067_skyline_2000gt-r.html,suspension_front_rear,Strut / Semi-trailing arm (independent)
Skyline,067,Skyline 2000GT-R (1972: KPGC110),1972,https://www.nissan-global.com/EN/HERITAGE_COLLECTION/067_skyline_2000gt-r.html,brakes_front_rear,Disc / Disc
Skyline,067,Skyline 2000GT-R (1972: KPGC110),1972,https://www.nissan-global.com/EN/HERITAGE_COLLECTION/067_skyline_2000gt-r.html,tires,175HR14
Skyline,067,Skyline 2000GT-R (1972: KPGC110),1972,https://www.nissan-global.com/EN/HERITAGE_COLLECTION/067_skyline_2000gt-r.html,other,"Skyline 2000GT-R's ""50 wins"" list."
Skyline,199,Skyline Hardtop 2000GT-X (1972: KGC10),1972,https://www.nissan-global.com/EN/HERITAGE_COLLECTION/skyline_ht_2000gt-x_1972.html,overall_length_width_height,"4,330/1,595/1,375mm"
Skyline,199,Skyline Hardtop 2000GT-X (1972: KGC10),1972,https://www.nissan-global.com/EN/HERITAGE_COLLECTION/skyline_ht_2000gt-x_1972.html,wheelbase,"2,570mm"
Skyline,199,Skyline Hardtop 2000GT-X (1972: KGC10),1972,https://www.nissan-global.com/EN/HERITAGE_COLLECTION/skyline_ht_2000gt-x_1972.html,tread_front_rear,"1,325/1,320mm"
Skyline,199,Skyline Hardtop 2000GT-X (1972: KGC10),1972,https://www.nissan-global.com/EN/HERITAGE_COLLECTION/skyline_ht_2000gt-x_1972.html,curb_weight,"1,115kg"
Skyline,199,Skyline Hardtop 2000GT-X (1972: KGC10),1972,https://www.nissan-global.com/EN/HERITAGE_COLLECTION/skyline_ht_2000gt-x_1972.html,engine,"L20 (6-cyl. in line OHC with Twin-carb.) 1,998cc"
Skyline,199,Skyline Hardtop 2000GT-X (1972: KGC10),1972,https://www.nissan-global.com/EN/HERITAGE_COLLECTION/skyline_ht_2000gt-x_1972.html,engine_max_power,"96kW (130PS)/6,000rpm"
Skyline,199,Skyline Hardtop 2000GT-X (1972: KGC10),1972,https://www.nissan-global.com/EN/HERITAGE_COLLECTION/skyline_ht_2000gt-x_1972.html,engine_max_torque,"172Nm (17.5kgfm)/4,400rpm"
Skyline,199,Skyline Hardtop 2000GT-X (1972: KGC10),1972,https://www.nissan-global.com/EN/HERITAGE_COLLECTION/skyline_ht_2000gt-x_1972.html,suspension_front_rear,Strut / Semi-trailing arm (independent)
Skyline,199,Skyline Hardtop 2000GT-X (1972: KGC10),1972,https://www.nissan-global.com/EN/HERITAGE_COLLECTION/skyline_ht_2000gt-x_1972.html,brakes_front_rear,Disc / Drum
Skyline,199,Skyline Hardtop 2000GT-X (1972: KGC10),1972,https://www.nissan-global.com/EN/HERITAGE_COLLECTION/skyline_ht_2000gt-x_1972.html,tires,6.45S-14-4PR
Skyline,199,Skyline Hardtop 2000GT-X (1972: KGC10),1972,https://www.nissan-global.com/EN/HERITAGE_COLLECTION/skyline_ht_2000gt-x_1972.html,other,"Skyline 2000GT-R's ""50 wins"" list."
Skyline,314,Skyline 1500GL (1971: C10),1971,https://www.nissan-global.com/EN/HERITAGE_COLLECTION/skyline_1500gl.html,overall_length_width_height,"4,235/1,595/1,405mm"
Skyline,314,Skyline 1500GL (1971: C10),1971,https://www.nissan-global.com/EN/HERITAGE_COLLECTION/skyline_1500gl.html,wheelbase,"2,490mm"
Skyline,314,Skyline 1500GL (1971: C10),1971,https://www.nissan-global.com/EN/HERITAGE_COLLECTION/skyline_1500gl.html,tread_front_rear,"1,325/1,320mm"
Skyline,314,Skyline 1500GL (1971: C10),1971,https://www.nissan-global.com/EN/HERITAGE_COLLECTION/skyline_1500gl.html,curb_weight,960kg
Skyline,314,Skyline 1500GL (1971: C10),1971,https://www.nissan-global.com/EN/HERITAGE_COLLECTION/skyline_1500gl.html,engine,"G15 (4-cyl. in line, OHC), 1,483cc"
Skyline,314,Skyline 1500GL (1971: C10),1971,https://www.nissan-global.com/EN/HERITAGE_COLLECTION/skyline_1500gl.html,engine_max_power,"65kW(88ps)/6,000rpm"
Skyline,314,Skyline 1500GL (1971: C10),1971,https://www.nissan-global.com/EN/HERITAGE_COLLECTION/skyline_1500gl.html,engine_max_torque,"120N·m(12.2kgm)/4,000rpm"
Skyline,314,Skyline 1500GL (1971: C10),1971,https://www.nissan-global.com/EN/HERITAGE_COLLECTION/skyline_1500gl.html,suspension_front_rear,Strut / Parallel leaf
Skyline,314,Skyline 1500GL (1971: C10),1971,https://www.nissan-global.com/EN/HERITAGE_COLLECTION/skyline_1500gl.html,brakes_front_rear,Disc / Drum
Skyline,314,Skyline 1500GL (1971: C10),1971,https://www.nissan-global.com/EN/HERITAGE_COLLECTION/skyline_1500gl.html,tires,6.15-14-4PR
Skyline,314,Skyline 1500GL (1971: C10),1971,https://www.nissan-global.com/EN/HERITAGE_COLLECTION/skyline_1500gl.html,other,"Skyline 2000GT-R's ""50 wins"" list ."
Skyline,343,Skyline Hardtop 1500 Deluxe (1971: KC10),1971,https://www.nissan-global.com/EN/HERITAGE_COLLECTION/skyline_hardtop_1500_deluxe.html,overall_length_width_height,"4,135/1,595/1,390mm"
Skyline,343,Skyline Hardtop 1500 Deluxe (1971: KC10),1971,https://www.nissan-global.com/EN/HERITAGE_COLLECTION/skyline_hardtop_1500_deluxe.html,wheelbase,"2,420mm"
Skyline,343,Skyline Hardtop 1500 Deluxe (1971: KC10),1971,https://www.nissan-global.com/EN/HERITAGE_COLLECTION/skyline_hardtop_1500_deluxe.html,tread_front_rear,"1,325/1,320mm"
Skyline,343,Skyline Hardtop 1500 Deluxe (1971: KC10),1971,https://www.nissan-global.com/EN/HERITAGE_COLLECTION/skyline_hardtop_1500_deluxe.html,curb_weight,945kg
Skyline,343,Skyline Hardtop 1500 Deluxe (1971: KC10),1971,https://www.nissan-global.com/EN/HERITAGE_COLLECTION/skyline_hardtop_1500_deluxe.html,engine,"G15 (4-cyl. in line, OHC), 1,483cc"
Skyline,343,Skyline Hardtop 1500 Deluxe (1971: KC10),1971,https://www.nissan-global.com/EN/HERITAGE_COLLECTION/skyline_hardtop_1500_deluxe.html,engine_max_power,"70kW(95ps)/6,000rpm"
Skyline,343,Skyline Hardtop 1500 Deluxe (1971: KC10),1971,https://www.nissan-global.com/EN/HERITAGE_COLLECTION/skyline_hardtop_1500_deluxe.html,engine_max_torque,"127N·m(13.0kgm)/4,000rpm"
Skyline,343,Skyline Hardtop 1500 Deluxe (1971: KC10),1971,https://www.nissan-global.com/EN/HERITAGE_COLLECTION/skyline_hardtop_1500_deluxe.html,suspension_front_rear,Strut / Parallel leaf
Skyline,343,Skyline Hardtop 1500 Deluxe (1971: KC10),1971,https://www.nissan-global.com/EN/HERITAGE_COLLECTION/skyline_hardtop_1500_deluxe.html,brakes_front_rear,Disc / Drum
Skyline,343,Skyline Hardtop 1500 Deluxe (1971: KC10),1971,https://www.nissan-global.com/EN/HERITAGE_COLLECTION/skyline_hardtop_1500_deluxe.html,tires,6.15-14-4PR
Skyline,343,Skyline Hardtop 1500 Deluxe (1971: KC10),1971,https://www.nissan-global.com/EN/HERITAGE_COLLECTION/skyline_hardtop_1500_deluxe.html,other,"Skyline 2000GT-R's ""50 wins"" list ."
Skyline,401,Skyline Hardtop 2000GT-R (1972 : KPGC10),1972,https://www.nissan-global.com/EN/HERITAGE_COLLECTION/skyline_hardtop_2000gt-r.html,overall_length_width_height,"4,330/1,665/1,370mm"
Skyline,401,Skyline Hardtop 2000GT-R (1972 : KPGC10),1972,https://www.nissan-global.com/EN/HERITAGE_COLLECTION/skyline_hardtop_2000gt-r.html,wheelbase,"2,570mm"
Skyline,401,Skyline Hardtop 2000GT-R (1972 : KPGC10),1972,https://www.nissan-global.com/EN/HERITAGE_COLLECTION/skyline_hardtop_2000gt-r.html,tread_front_rear,"1,370/1,365mm"
Skyline,401,Skyline Hardtop 2000GT-R (1972 : KPGC10),1972,https://www.nissan-global.com/EN/HERITAGE_COLLECTION/skyline_hardtop_2000gt-r.html,curb_weight,"1,100kg"
Skyline,401,Skyline Hardtop 2000GT-R (1972 : KPGC10),1972,https://www.nissan-global.com/EN/HERITAGE_COLLECTION/skyline_hardtop_2000gt-r.html,engine,"S20 (6-cyl. in line 4-valve DOHC) 1,989cc"
Skyline,401,Skyline Hardtop 2000GT-R (1972 : KPGC10),1972,https://www.nissan-global.com/EN/HERITAGE_COLLECTION/skyline_hardtop_2000gt-r.html,engine_max_power,"118kW (160ps)/7,000rpm"
Skyline,401,Skyline Hardtop 2000GT-R (1972 : KPGC10),1972,https://www.nissan-global.com/EN/HERITAGE_COLLECTION/skyline_hardtop_2000gt-r.html,engine_max_torque,"176Nm (18.0kgfm)/5,600rpm"
Skyline,401,Skyline Hardtop 2000GT-R (1972 : KPGC10),1972,https://www.nissan-global.com/EN/HERITAGE_COLLECTION/skyline_hardtop_2000gt-r.html,suspension_front_rear,Strut / Semi-trailing arm (independent)
Skyline,401,Skyline Hardtop 2000GT-R (1972 : KPGC10),1972,https://www.nissan-global.com/EN/HERITAGE_COLLECTION/skyline_hardtop_2000gt-r.html,brakes_front_rear,Disc / Drum
Skyline,401,Skyline Hardtop 2000GT-R (1972 : KPGC10),1972,https://www.nissan-global.com/EN/HERITAGE_COLLECTION/skyline_hardtop_2000gt-r.html,tires,6.45H-14-4PR
Skyline,401,Skyline Hardtop 2000GT-R (1972 : KPGC10),1972,https://www.nissan-global.com/EN/HERITAGE_COLLECTION/skyline_hardtop_2000gt-r.html,other,"Skyline 2000GT-R's ""50 wins"" list."
Skyline,068,Skyline 2000GT-R (1973 : KPGC110),1973,https://www.nissan-global.com/EN/HERITAGE_COLLECTION/068_skyline_2000gtr.html,overall_length_width_height,"4,460/1,695/1,380mm"
Skyline,068,Skyline 2000GT-R (1973 : KPGC110),1973,https://www.nissan-global.com/EN/HERITAGE_COLLECTION/068_skyline_2000gtr.html,wheelbase,"2,610mm"
Skyline,068,Skyline 2000GT-R (1973 : KPGC110),1973,https://www.nissan-global.com/EN/HERITAGE_COLLECTION/068_skyline_2000gtr.html,tread_front_rear,"1,395/1,375mm"
Skyline,068,Skyline 2000GT-R (1973 : KPGC110),1973,https://www.nissan-global.com/EN/HERITAGE_COLLECTION/068_skyline_2000gtr.html,curb_weight,"1,145kg"
Skyline,068,Skyline 2000GT-R (1973 : KPGC110),1973,https://www.nissan-global.com/EN/HERITAGE_COLLECTION/068_skyline_2000gtr.html,engine,"S20 (6-cyl. in line 4-valve DOHC) 1,989cc"
Skyline,068,Skyline 2000GT-R (1973 : KPGC110),1973,https://www.nissan-global.com/EN/HERITAGE_COLLECTION/068_skyline_2000gtr.html,engine_max_power,"118kW (160ps)/7,000rpm"
Skyline,068,Skyline 2000GT-R (1973 : KPGC110),1973,https://www.nissan-global.com/EN/HERITAGE_COLLECTION/068_skyline_2000gtr.html,engine_max_torque,"177Nm (18.0kgfm)/5,600rpm"
Skyline,068,Skyline 2000GT-R (1973 : KPGC110),1973,https://www.nissan-global.com/EN/HERITAGE_COLLECTION/068_skyline_2000gtr.html,suspension_front_rear,Strut / Semi-trailing arm (independent)
Skyline,068,Skyline 2000GT-R (1973 : KPGC110),1973,https://www.nissan-global.com/EN/HERITAGE_COLLECTION/068_skyline_2000gtr.html,brakes_front_rear,Disc / Disc
Skyline,068,Skyline 2000GT-R (1973 : KPGC110),1973,https://www.nissan-global.com/EN/HERITAGE_COLLECTION/068_skyline_2000gtr.html,tires,175HR14
Skyline,068,Skyline 2000GT-R (1973 : KPGC110),1973,https://www.nissan-global.com/EN/HERITAGE_COLLECTION/068_skyline_2000gtr.html,other,"Skyline 2000GT-R's ""50 wins"" list."
Skyline,069,Skyline 2000GT-R (1973 : KPGC110),1973,https://www.nissan-global.com/EN/HERITAGE_COLLECTION/skyline_h_t_2000_kpgc110.html,overall_length_width_height,"4,460/1,695/1,380mm"
Skyline,069,Skyline 2000GT-R (1973 : KPGC110),1973,https://www.nissan-global.com/EN/HERITAGE_COLLECTION/skyline_h_t_2000_kpgc110.html,wheelbase,"2,610mm"
Skyline,069,Skyline 2000GT-R (1973 : KPGC110),1973,https://www.nissan-global.com/EN/HERITAGE_COLLECTION/skyline_h_t_2000_kpgc110.html,tread_front_rear,"1,395/1,375mm"
Skyline,069,Skyline 2000GT-R (1973 : KPGC110),1973,https://www.nissan-global.com/EN/HERITAGE_COLLECTION/skyline_h_t_2000_kpgc110.html,curb_weight,"1,145kg"
Skyline,069,Skyline 2000GT-R (1973 : KPGC110),1973,https://www.nissan-global.com/EN/HERITAGE_COLLECTION/skyline_h_t_2000_kpgc110.html,engine,"S20 (6-cyl. in line 4-valve DOHC) 1,989cc"
Skyline,069,Skyline 2000GT-R (1973 : KPGC110),1973,https://www.nissan-global.com/EN/HERITAGE_COLLECTION/skyline_h_t_2000_kpgc110.html,engine_max_power,"118kW (160ps)/7,000rpm"
Skyline,069,Skyline 2000GT-R (1973 : KPGC110),1973,https://www.nissan-global.com/EN/HERITAGE_COLLECTION/skyline_h_t_2000_kpgc110.html,engine_max_torque,"177Nm (18.0kgfm)/5,600rpm"
Skyline,069,Skyline 2000GT-R (1973 : KPGC110),1973,https://www.nissan-global.com/EN/HERITAGE_COLLECTION/skyline_h_t_2000_kpgc110.html,suspension_front_rear,Strut / Semi-trailing arm (independent)
Skyline,069,Skyline 2000GT-R (1973 : KPGC110),1973,https://www.nissan-global.com/EN/HERITAGE_COLLECTION/skyline_h_t_2000_kpgc110.html,brakes_front_rear,Disc / Disc
Skyline,069,Skyline 2000GT-R (1973 : KPGC110),1973,https://www.nissan-global.com/EN/HERITAGE_COLLECTION/skyline_h_t_2000_kpgc110.html,tires,175HR14
Skyline,069,Skyline 2000GT-R (1973 : KPGC110),1973,https://www.nissan-global.com/EN/HERITAGE_COLLECTION/skyline_h_t_2000_kpgc110.html,other,"Skyline 2000GT-R's ""50 wins"" list."
Skyline,267,Skyline 2000GT (1974: KGC110),1974,https://www.nissan-global.com/EN/HERITAGE_COLLECTION/skyline_2000gt_1974.html,overall_length_width_height,"4,460/1,625/1,380mm"
Skyline,267,Skyline 2000GT (1974: KGC110),1974,https://www.nissan-global.com/EN/HERITAGE_COLLECTION/skyline_2000gt_1974.html,wheelbase,"2,610mm"
Skyline,267,Skyline 2000GT (1974: KGC110),1974,https://www.nissan-global.com/EN/HERITAGE_COLLECTION/skyline_2000gt_1974.html,tread_front_rear,"1,350/1,330mm"
Skyline,267,Skyline 2000GT (1974: KGC110),1974,https://www.nissan-global.com/EN/HERITAGE_COLLECTION/skyline_2000gt_1974.html,curb_weight,"1,150kg"
Skyline,267,Skyline 2000GT (1974: KGC110),1974,https://www.nissan-global.com/EN/HERITAGE_COLLECTION/skyline_2000gt_1974.html,engine,"L20 (6-cyl. Inline, OHC) 1,998cc"
Skyline,267,Skyline 2000GT (1974: KGC110),1974,https://www.nissan-global.com/EN/HERITAGE_COLLECTION/skyline_2000gt_1974.html,engine_max_power,"92KW(125ps)/6,000rpm"
Skyline,267,Skyline 2000GT (1974: KGC110),1974,https://www.nissan-global.com/EN/HERITAGE_COLLECTION/skyline_2000gt_1974.html,engine_max_torque,"167N·m(17.0kgf·m)/4,400rpm"
Skyline,267,Skyline 2000GT (1974: KGC110),1974,https://www.nissan-global.com/EN/HERITAGE_COLLECTION/skyline_2000gt_1974.html,suspension_front_rear,Strut/Semi-trailingarm (independent)
Skyline,267,Skyline 2000GT (1974: KGC110),1974,https://www.nissan-global.com/EN/HERITAGE_COLLECTION/skyline_2000gt_1974.html,brakes_front_rear,Disc/Drum
Skyline,267,Skyline 2000GT (1974: KGC110),1974,https://www.nissan-global.com/EN/HERITAGE_COLLECTION/skyline_2000gt_1974.html,tires,6.45S 14-4P
Skyline,267,Skyline 2000GT (1974: KGC110),1974,https://www.nissan-global.com/EN/HERITAGE_COLLECTION/skyline_2000gt_1974.html,other,"Skyline 2000GT-R's ""50 wins"" list."
Skyline,074,Skyline 2000GTX-E (1976 : KGC111),1976,https://www.nissan-global.com/EN/HERITAGE_COLLECTION/074_skyline_2000gtx-e.html,overall_length_width_height,"4,460/1,625/1,380mm"
Skyline,074,Skyline 2000GTX-E (1976 : KGC111),1976,https://www.nissan-global.com/EN/HERITAGE_COLLECTION/074_skyline_2000gtx-e.html,wheelbase,"2,610mm"
Skyline,074,Skyline 2000GTX-E (1976 : KGC111),1976,https://www.nissan-global.com/EN/HERITAGE_COLLECTION/074_skyline_2000gtx-e.html,tread_front_rear,"1,370/1,350mm"
Skyline,074,Skyline 2000GTX-E (1976 : KGC111),1976,https://www.nissan-global.com/EN/HERITAGE_COLLECTION/074_skyline_2000gtx-e.html,curb_weight,"1,210kg"
Skyline,074,Skyline 2000GTX-E (1976 : KGC111),1976,https://www.nissan-global.com/EN/HERITAGE_COLLECTION/074_skyline_2000gtx-e.html,engine,"L20 (6-cyl. in line OHC) 1,998cc"
Skyline,074,Skyline 2000GTX-E (1976 : KGC111),1976,https://www.nissan-global.com/EN/HERITAGE_COLLECTION/074_skyline_2000gtx-e.html,engine_max_power,"96kW (130ps)/6,000rpm"
Skyline,074,Skyline 2000GTX-E (1976 : KGC111),1976,https://www.nissan-global.com/EN/HERITAGE_COLLECTION/074_skyline_2000gtx-e.html,engine_max_torque,"167Nm (17.0kgfm)/4,400rpm"
Skyline,074,Skyline 2000GTX-E (1976 : KGC111),1976,https://www.nissan-global.com/EN/HERITAGE_COLLECTION/074_skyline_2000gtx-e.html,suspension_front_rear,Strut / Semi-trailing arm (independent)
Skyline,074,Skyline 2000GTX-E (1976 : KGC111),1976,https://www.nissan-global.com/EN/HERITAGE_COLLECTION/074_skyline_2000gtx-e.html,brakes_front_rear,Disc/Drum
Skyline,074,Skyline 2000GTX-E (1976 : KGC111),1976,https://www.nissan-global.com/EN/HERITAGE_COLLECTION/074_skyline_2000gtx-e.html,tires,6.45S-14-4PR
Skyline,074,Skyline 2000GTX-E (1976 : KGC111),1976,https://www.nissan-global.com/EN/HERITAGE_COLLECTION/074_skyline_2000gtx-e.html,other,"Skyline 2000GT-R's ""50 wins"" list."
Skyline,428,Skyline 2000GT-E·L (1979: HGC211),1979,https://www.nissan-global.com/EN/HERITAGE_COLLECTION/skyline_2000gt_el.html,overall_length_width_height,"4,600/1,625/1,390mm"
Skyline,428,Skyline 2000GT-E·L (1979: HGC211),1979,https://www.nissan-global.com/EN/HERITAGE_COLLECTION/skyline_2000gt_el.html,wheelbase,"2,615mm"
Skyline,428,Skyline 2000GT-E·L (1979: HGC211),1979,https://www.nissan-global.com/EN/HERITAGE_COLLECTION/skyline_2000gt_el.html,tread_front_rear,"1,370/1,350mm"
Skyline,428,Skyline 2000GT-E·L (1979: HGC211),1979,https://www.nissan-global.com/EN/HERITAGE_COLLECTION/skyline_2000gt_el.html,curb_weight,"1,190kg"
Skyline,428,Skyline 2000GT-E·L (1979: HGC211),1979,https://www.nissan-global.com/EN/HERITAGE_COLLECTION/skyline_2000gt_el.html,engine,"L20E (6-cyl. In line, OHC) 1,998cc"
Skyline,428,Skyline 2000GT-E·L (1979: HGC211),1979,https://www.nissan-global.com/EN/HERITAGE_COLLECTION/skyline_2000gt_el.html,engine_max_power,96kw(130PS)/6000rpm
Skyline,428,Skyline 2000GT-E·L (1979: HGC211),1979,https://www.nissan-global.com/EN/HERITAGE_COLLECTION/skyline_2000gt_el.html,engine_max_torque,167N·m(17.0kgm)/4000rpm
Skyline,428,Skyline 2000GT-E·L (1979: HGC211),1979,https://www.nissan-global.com/EN/HERITAGE_COLLECTION/skyline_2000gt_el.html,suspension_front_rear,Strut / Semi-trailing arm (independent)
Skyline,428,Skyline 2000GT-E·L (1979: HGC211),1979,https://www.nissan-global.com/EN/HERITAGE_COLLECTION/skyline_2000gt_el.html,brakes_front_rear,Disc / Drum
Skyline,428,Skyline 2000GT-E·L (1979: HGC211),1979,https://www.nissan-global.com/EN/HERITAGE_COLLECTION/skyline_2000gt_el.html,tires,185/70HR14
Skyline,428,Skyline 2000GT-E·L (1979: HGC211),1979,https://www.nissan-global.com/EN/HERITAGE_COLLECTION/skyline_2000gt_el.html,other,"Skyline 2000GT-R's ""50 wins"" list ."
Skyline,090,Skyline 2000GT (1980 : HGC211),1980,https://www.nissan-global.com/EN/HERITAGE_COLLECTION/skyline_2000gt.html,overall_length_width_height,"4,600/1,625/1,390mm"
Skyline,090,Skyline 2000GT (1980 : HGC211),1980,https://www.nissan-global.com/EN/HERITAGE_COLLECTION/skyline_2000gt.html,wheelbase,"2,615mm"
Skyline,090,Skyline 2000GT (1980 : HGC211),1980,https://www.nissan-global.com/EN/HERITAGE_COLLECTION/skyline_2000gt.html,tread_front_rear,"1,370/1,350mm"
Skyline,090,Skyline 2000GT (1980 : HGC211),1980,https://www.nissan-global.com/EN/HERITAGE_COLLECTION/skyline_2000gt.html,curb_weight,"1,185kg"
Skyline,090,Skyline 2000GT (1980 : HGC211),1980,https://www.nissan-global.com/EN/HERITAGE_COLLECTION/skyline_2000gt.html,engine,"L20 (6-cyl. in line, OHC), 1,998cc"
Skyline,090,Skyline 2000GT (1980 : HGC211),1980,https://www.nissan-global.com/EN/HERITAGE_COLLECTION/skyline_2000gt.html,engine,"L20 (6-cyl. in line, OHC), 1,998cc"
Skyline,090,Skyline 2000GT (1980 : HGC211),1980,https://www.nissan-global.com/EN/HERITAGE_COLLECTION/skyline_2000gt.html,engine_max_power,"85kW (115PS)/5,600rpm"
Skyline,090,Skyline 2000GT (1980 : HGC211),1980,https://www.nissan-global.com/EN/HERITAGE_COLLECTION/skyline_2000gt.html,engine_max_torque,"162Nm (16.5kgm)/3,600rpm"
Skyline,090,Skyline 2000GT (1980 : HGC211),1980,https://www.nissan-global.com/EN/HERITAGE_COLLECTION/skyline_2000gt.html,suspension_front,Strut
Skyline,090,Skyline 2000GT (1980 : HGC211),1980,https://www.nissan-global.com/EN/HERITAGE_COLLECTION/skyline_2000gt.html,suspension_rear,Semi trailing-arm
Skyline,090,Skyline 2000GT (1980 : HGC211),1980,https://www.nissan-global.com/EN/HERITAGE_COLLECTION/skyline_2000gt.html,tires,175SR14 (BS)
Skyline,090,Skyline 2000GT (1980 : HGC211),1980,https://www.nissan-global.com/EN/HERITAGE_COLLECTION/skyline_2000gt.html,other,"Skyline 2000GT-R's ""50 wins"" list."
Skyline,135,Skyline 2000GT-EL (1980 : HGC211),1980,https://www.nissan-global.com/EN/HERITAGE_COLLECTION/skyline_2000gt-el.html,overall_length_width_height,"4,600/1,625/1,390mm"
Skyline,135,Skyline 2000GT-EL (1980 : HGC211),1980,https://www.nissan-global.com/EN/HERITAGE_COLLECTION/skyline_2000gt-el.html,wheelbase,"2,615mm"
Skyline,135,Skyline 2000GT-EL (1980 : HGC211),1980,https://www.nissan-global.com/EN/HERITAGE_COLLECTION/skyline_2000gt-el.html,tread_front_rear,"1,370/1,350mm"
Skyline,135,Skyline 2000GT-EL (1980 : HGC211),1980,https://www.nissan-global.com/EN/HERITAGE_COLLECTION/skyline_2000gt-el.html,curb_weight,"1,210kg"
Skyline,135,Skyline 2000GT-EL (1980 : HGC211),1980,https://www.nissan-global.com/EN/HERITAGE_COLLECTION/skyline_2000gt-el.html,engine,"L20E (6-cyl. in line, OHC), 1,998cc"
Skyline,135,Skyline 2000GT-EL (1980 : HGC211),1980,https://www.nissan-global.com/EN/HERITAGE_COLLECTION/skyline_2000gt-el.html,engine_max_power,"92kW (125PS)/6,000rpm"
Skyline,135,Skyline 2000GT-EL (1980 : HGC211),1980,https://www.nissan-global.com/EN/HERITAGE_COLLECTION/skyline_2000gt-el.html,engine_max_torque,"167Nm (17.0kgm)/4,000rpm"
Skyline,135,Skyline 2000GT-EL (1980 : HGC211),1980,https://www.nissan-global.com/EN/HERITAGE_COLLECTION/skyline_2000gt-el.html,suspension_front_rear,"Strut, semi trailing-arm"
Skyline,135,Skyline 2000GT-EL (1980 : HGC211),1980,https://www.nissan-global.com/EN/HERITAGE_COLLECTION/skyline_2000gt-el.html,brakes_front_rear,Disc/drum
Skyline,135,Skyline 2000GT-EL (1980 : HGC211),1980,https://www.nissan-global.com/EN/HERITAGE_COLLECTION/skyline_2000gt-el.html,tires,185/70HR14
Skyline,135,Skyline 2000GT-EL (1980 : HGC211),1980,https://www.nissan-global.com/EN/HERITAGE_COLLECTION/skyline_2000gt-el.html,other,"Skyline 2000GT-R's ""50 wins"" list."
Skyline,094,Skyline H/T Turbo 2000GT-ES (1981 : KHR30),1981,https://www.nissan-global.com/EN/HERITAGE_COLLECTION/skyline_h_t.html,overall_length_width_height,"4,595/1,665/1,360mm"
Skyline,094,Skyline H/T Turbo 2000GT-ES (1981 : KHR30),1981,https://www.nissan-global.com/EN/HERITAGE_COLLECTION/skyline_h_t.html,wheelbase,"2,615mm"
Skyline,094,Skyline H/T Turbo 2000GT-ES (1981 : KHR30),1981,https://www.nissan-global.com/EN/HERITAGE_COLLECTION/skyline_h_t.html,tread_front_rear,"1,410/1,400mm"
Skyline,094,Skyline H/T Turbo 2000GT-ES (1981 : KHR30),1981,https://www.nissan-global.com/EN/HERITAGE_COLLECTION/skyline_h_t.html,curb_weight,"1,160kg"
Skyline,094,Skyline H/T Turbo 2000GT-ES (1981 : KHR30),1981,https://www.nissan-global.com/EN/HERITAGE_COLLECTION/skyline_h_t.html,engine,"L20ET (6-cyl. in line, OHC), 1,998cc"
Skyline,094,Skyline H/T Turbo 2000GT-ES (1981 : KHR30),1981,https://www.nissan-global.com/EN/HERITAGE_COLLECTION/skyline_h_t.html,engine_max_power,"107kW (145PS)/5,600rpm"
Skyline,094,Skyline H/T Turbo 2000GT-ES (1981 : KHR30),1981,https://www.nissan-global.com/EN/HERITAGE_COLLECTION/skyline_h_t.html,engine_max_torque,"206Nm (21.0kgm)/3,200rpm"
Skyline,094,Skyline H/T Turbo 2000GT-ES (1981 : KHR30),1981,https://www.nissan-global.com/EN/HERITAGE_COLLECTION/skyline_h_t.html,suspension_front_rear,"Strut, semi trailing-arm"
Skyline,094,Skyline H/T Turbo 2000GT-ES (1981 : KHR30),1981,https://www.nissan-global.com/EN/HERITAGE_COLLECTION/skyline_h_t.html,brakes,Disc (front & rear)
Skyline,094,Skyline H/T Turbo 2000GT-ES (1981 : KHR30),1981,https://www.nissan-global.com/EN/HERITAGE_COLLECTION/skyline_h_t.html,tires,185/70HR14
Skyline,094,Skyline H/T Turbo 2000GT-ES (1981 : KHR30),1981,https://www.nissan-global.com/EN/HERITAGE_COLLECTION/skyline_h_t.html,other,"Skyline 2000GT-R's ""50 wins"" list ."
Skyline,095,Skyline Super Silhouette (1983 : KDR30),1983,https://www.nissan-global.com/EN/HERITAGE_COLLECTION/skyline_super_silhouette.html,overall_length_width_height,"5,065/1,980/1,239mm"
Skyline,095,Skyline Super Silhouette (1983 : KDR30),1983,https://www.nissan-global.com/EN/HERITAGE_COLLECTION/skyline_super_silhouette.html,wheelbase,"2,615mm"
Skyline,095,Skyline Super Silhouette (1983 : KDR30),1983,https://www.nissan-global.com/EN/HERITAGE_COLLECTION/skyline_super_silhouette.html,tread,"1,487mm (front & rear)"
Skyline,095,Skyline Super Silhouette (1983 : KDR30),1983,https://www.nissan-global.com/EN/HERITAGE_COLLECTION/skyline_super_silhouette.html,curb_weight,"1,005kg"
Skyline,095,Skyline Super Silhouette (1983 : KDR30),1983,https://www.nissan-global.com/EN/HERITAGE_COLLECTION/skyline_super_silhouette.html,engine,"LZ20B (4-cyl. in line, DOHC), 2,082cc"
Skyline,095,Skyline Super Silhouette (1983 : KDR30),1983,https://www.nissan-global.com/EN/HERITAGE_COLLECTION/skyline_super_silhouette.html,engine_max_power,"Over 419kW (570PS)/7,600rpm"
Skyline,095,Skyline Super Silhouette (1983 : KDR30),1983,https://www.nissan-global.com/EN/HERITAGE_COLLECTION/skyline_super_silhouette.html,engine_max_torque,"Over 539Nm (55kgm)/6,400rpm"
Skyline,095,Skyline Super Silhouette (1983 : KDR30),1983,https://www.nissan-global.com/EN/HERITAGE_COLLECTION/skyline_super_silhouette.html,clutch,B& B triple plate
Skyline,095,Skyline Super Silhouette (1983 : KDR30),1983,https://www.nissan-global.com/EN/HERITAGE_COLLECTION/skyline_super_silhouette.html,transmission,Doug Nash 5-speed
Skyline,095,Skyline Super Silhouette (1983 : KDR30),1983,https://www.nissan-global.com/EN/HERITAGE_COLLECTION/skyline_super_silhouette.html,brakes,Lockheed 4-pod(front & rear)
Skyline,095,Skyline Super Silhouette (1983 : KDR30),1983,https://www.nissan-global.com/EN/HERITAGE_COLLECTION/skyline_super_silhouette.html,tires_front_rear,"270/590-16, 350/700-19"
Skyline,095,Skyline Super Silhouette (1983 : KDR30),1983,https://www.nissan-global.com/EN/HERITAGE_COLLECTION/skyline_super_silhouette.html,other,"Skyline 2000GT-R's ""50 wins"" list."
Skyline,379,Skyline 2000 Turbo RS (1983: DR30),1983,https://www.nissan-global.com/EN/HERITAGE_COLLECTION/379_skyline_2000_turbo_rs.html,overall_length_width_height,"4,595/1,665/1,385mm"
Skyline,379,Skyline 2000 Turbo RS (1983: DR30),1983,https://www.nissan-global.com/EN/HERITAGE_COLLECTION/379_skyline_2000_turbo_rs.html,wheelbase,"2,615mm"
Skyline,379,Skyline 2000 Turbo RS (1983: DR30),1983,https://www.nissan-global.com/EN/HERITAGE_COLLECTION/379_skyline_2000_turbo_rs.html,tread_front_rear,"1,410/1,400mm"
Skyline,379,Skyline 2000 Turbo RS (1983: DR30),1983,https://www.nissan-global.com/EN/HERITAGE_COLLECTION/379_skyline_2000_turbo_rs.html,curb_weight,"1,165kg"
Skyline,379,Skyline 2000 Turbo RS (1983: DR30),1983,https://www.nissan-global.com/EN/HERITAGE_COLLECTION/379_skyline_2000_turbo_rs.html,engine,"FJ20ET (4-cyl. in line, 4-valve DOHC + turbo) 1,990cc"
Skyline,379,Skyline 2000 Turbo RS (1983: DR30),1983,https://www.nissan-global.com/EN/HERITAGE_COLLECTION/379_skyline_2000_turbo_rs.html,engine_max_power,"140kW(190ps)/6,400rpm"
Skyline,379,Skyline 2000 Turbo RS (1983: DR30),1983,https://www.nissan-global.com/EN/HERITAGE_COLLECTION/379_skyline_2000_turbo_rs.html,engine_max_torque,"225N・m(23.0kgm)/4,800rpm"
Skyline,379,Skyline 2000 Turbo RS (1983: DR30),1983,https://www.nissan-global.com/EN/HERITAGE_COLLECTION/379_skyline_2000_turbo_rs.html,suspension_front_rear,Strut / Semi-trailing arm (independent)
Skyline,379,Skyline 2000 Turbo RS (1983: DR30),1983,https://www.nissan-global.com/EN/HERITAGE_COLLECTION/379_skyline_2000_turbo_rs.html,brakes_front_rear,Ventilated disc / Disc
Skyline,379,Skyline 2000 Turbo RS (1983: DR30),1983,https://www.nissan-global.com/EN/HERITAGE_COLLECTION/379_skyline_2000_turbo_rs.html,tires,195/60R15 86H
Skyline,379,Skyline 2000 Turbo RS (1983: DR30),1983,https://www.nissan-global.com/EN/HERITAGE_COLLECTION/379_skyline_2000_turbo_rs.html,other,"Skyline 2000GT-R's ""50 wins"" list."
Skyline,430,Skyline 2000 Turbo RS (1983: DR30),1983,https://www.nissan-global.com/EN/HERITAGE_COLLECTION/430_skyline_2000_turbo_rs.html,overall_length_width_height,"4,595/1,665/1,360mm"
Skyline,430,Skyline 2000 Turbo RS (1983: DR30),1983,https://www.nissan-global.com/EN/HERITAGE_COLLECTION/430_skyline_2000_turbo_rs.html,wheelbase,"2,615mm"
Skyline,430,Skyline 2000 Turbo RS (1983: DR30),1983,https://www.nissan-global.com/EN/HERITAGE_COLLECTION/430_skyline_2000_turbo_rs.html,tread_front_rear,"1,410/1,400mm"
Skyline,430,Skyline 2000 Turbo RS (1983: DR30),1983,https://www.nissan-global.com/EN/HERITAGE_COLLECTION/430_skyline_2000_turbo_rs.html,curb_weight,"1,175kg"
Skyline,430,Skyline 2000 Turbo RS (1983: DR30),1983,https://www.nissan-global.com/EN/HERITAGE_COLLECTION/430_skyline_2000_turbo_rs.html,engine,"FJ20ET (4-cyl. in line, 4-valve DOHC + turbo) 1,990cc"
Skyline,430,Skyline 2000 Turbo RS (1983: DR30),1983,https://www.nissan-global.com/EN/HERITAGE_COLLECTION/430_skyline_2000_turbo_rs.html,engine_max_power,"140kW(190ps)/6,400rpm"
Skyline,430,Skyline 2000 Turbo RS (1983: DR30),1983,https://www.nissan-global.com/EN/HERITAGE_COLLECTION/430_skyline_2000_turbo_rs.html,engine_max_torque,"225N·m(23.0kgm)/4,800rpm"
Skyline,430,Skyline 2000 Turbo RS (1983: DR30),1983,https://www.nissan-global.com/EN/HERITAGE_COLLECTION/430_skyline_2000_turbo_rs.html,suspension_front_rear,Strut / Semi-trailing arm (independent)
Skyline,430,Skyline 2000 Turbo RS (1983: DR30),1983,https://www.nissan-global.com/EN/HERITAGE_COLLECTION/430_skyline_2000_turbo_rs.html,brakes_front_rear,Ventilated disc / Disc
Skyline,430,Skyline 2000 Turbo RS (1983: DR30),1983,https://www.nissan-global.com/EN/HERITAGE_COLLECTION/430_skyline_2000_turbo_rs.html,tires,195/60R15 86H
Skyline,430,Skyline 2000 Turbo RS (1983: DR30),1983,https://www.nissan-global.com/EN/HERITAGE_COLLECTION/430_skyline_2000_turbo_rs.html,other,"Skyline 2000GT-R's ""50 wins"" list."
Skyline,103,Skyline GT Passage Twin-cam (1985 : KRR31),1985,https://www.nissan-global.com/EN/HERITAGE_COLLECTION/skyline_gt_passage.html,overall_length_width_height,"4,660/1,690/1,385mm"
Skyline,103,Skyline GT Passage Twin-cam (1985 : KRR31),1985,https://www.nissan-global.com/EN/HERITAGE_COLLECTION/skyline_gt_passage.html,wheelbase,"2,615mm"
Skyline,103,Skyline GT Passage Twin-cam (1985 : KRR31),1985,https://www.nissan-global.com/EN/HERITAGE_COLLECTION/skyline_gt_passage.html,tread_front_rear,"1,425/1,420mm"
Skyline,103,Skyline GT Passage Twin-cam (1985 : KRR31),1985,https://www.nissan-global.com/EN/HERITAGE_COLLECTION/skyline_gt_passage.html,engine,"RB20DET (6-cyl. in line, DOHC), 1,998cc"
Skyline,103,Skyline GT Passage Twin-cam (1985 : KRR31),1985,https://www.nissan-global.com/EN/HERITAGE_COLLECTION/skyline_gt_passage.html,enginemax_power,Over 221kW (300PS)
Skyline,103,Skyline GT Passage Twin-cam (1985 : KRR31),1985,https://www.nissan-global.com/EN/HERITAGE_COLLECTION/skyline_gt_passage.html,enginemax_torque,Over 343Nm (35.0kgm)
Skyline,103,Skyline GT Passage Twin-cam (1985 : KRR31),1985,https://www.nissan-global.com/EN/HERITAGE_COLLECTION/skyline_gt_passage.html,suspension_front_rear,"Strut, semi trailing-arm"
Skyline,103,Skyline GT Passage Twin-cam (1985 : KRR31),1985,https://www.nissan-global.com/EN/HERITAGE_COLLECTION/skyline_gt_passage.html,brakes,Disc (front & rear)
Skyline,103,Skyline GT Passage Twin-cam (1985 : KRR31),1985,https://www.nissan-global.com/EN/HERITAGE_COLLECTION/skyline_gt_passage.html,tires,240/625-16
Skyline,103,Skyline GT Passage Twin-cam (1985 : KRR31),1985,https://www.nissan-global.com/EN/HERITAGE_COLLECTION/skyline_gt_passage.html,other,"Skyline 2000GT-R's ""50 wins"" list."
Skyline,366,Nissan Skyline GT Twin-cam 24V Turbo Passage (1985: HR31),1985,https://www.nissan-global.com/EN/HERITAGE_COLLECTION/366_skyline_gt_twin_cam_24v_turbo_passage.html,overall_length_width_height,"4,650/1,690/1,385mm"
Skyline,366,Nissan Skyline GT Twin-cam 24V Turbo Passage (1985: HR31),1985,https://www.nissan-global.com/EN/HERITAGE_COLLECTION/366_skyline_gt_twin_cam_24v_turbo_passage.html,wheelbase,"2,615mm"
Skyline,366,Nissan Skyline GT Twin-cam 24V Turbo Passage (1985: HR31),1985,https://www.nissan-global.com/EN/HERITAGE_COLLECTION/366_skyline_gt_twin_cam_24v_turbo_passage.html,tread_front_rear,"1,425/1,420mm"
Skyline,366,Nissan Skyline GT Twin-cam 24V Turbo Passage (1985: HR31),1985,https://www.nissan-global.com/EN/HERITAGE_COLLECTION/366_skyline_gt_twin_cam_24v_turbo_passage.html,curb_weight,"1,460kg"
Skyline,366,Nissan Skyline GT Twin-cam 24V Turbo Passage (1985: HR31),1985,https://www.nissan-global.com/EN/HERITAGE_COLLECTION/366_skyline_gt_twin_cam_24v_turbo_passage.html,engine,"RB20DET (6-cyl. inline, 4-valve DOHC with turbo) 1,998cc"
Skyline,366,Nissan Skyline GT Twin-cam 24V Turbo Passage (1985: HR31),1985,https://www.nissan-global.com/EN/HERITAGE_COLLECTION/366_skyline_gt_twin_cam_24v_turbo_passage.html,engine_max_power,"154Kw (210PS)/6,400rpm"
Skyline,366,Nissan Skyline GT Twin-cam 24V Turbo Passage (1985: HR31),1985,https://www.nissan-global.com/EN/HERITAGE_COLLECTION/366_skyline_gt_twin_cam_24v_turbo_passage.html,engine_max_torque,"245N·m (25.0kgf·m)/3,600rpm"
Skyline,366,Nissan Skyline GT Twin-cam 24V Turbo Passage (1985: HR31),1985,https://www.nissan-global.com/EN/HERITAGE_COLLECTION/366_skyline_gt_twin_cam_24v_turbo_passage.html,suspension_front_rear,Strut/Semi-trailing arm (independent)
Skyline,366,Nissan Skyline GT Twin-cam 24V Turbo Passage (1985: HR31),1985,https://www.nissan-global.com/EN/HERITAGE_COLLECTION/366_skyline_gt_twin_cam_24v_turbo_passage.html,brakes_front_rear,Ventilated disc/Ventilated disc
Skyline,366,Nissan Skyline GT Twin-cam 24V Turbo Passage (1985: HR31),1985,https://www.nissan-global.com/EN/HERITAGE_COLLECTION/366_skyline_gt_twin_cam_24v_turbo_passage.html,tires,215/60R15
Skyline,269,Skyline 4-door Hardtop GTS Twin-cam 24V Turbo (1986 : KRR31),1986,https://www.nissan-global.com/EN/HERITAGE_COLLECTION/skyline_4door.html,overall_length_width_height,"4,660/1,690/1,385mm"
Skyline,269,Skyline 4-door Hardtop GTS Twin-cam 24V Turbo (1986 : KRR31),1986,https://www.nissan-global.com/EN/HERITAGE_COLLECTION/skyline_4door.html,wheelbase,"2,615mm"
Skyline,269,Skyline 4-door Hardtop GTS Twin-cam 24V Turbo (1986 : KRR31),1986,https://www.nissan-global.com/EN/HERITAGE_COLLECTION/skyline_4door.html,tread_front_rear,"1,425/1,435mm"
Skyline,269,Skyline 4-door Hardtop GTS Twin-cam 24V Turbo (1986 : KRR31),1986,https://www.nissan-global.com/EN/HERITAGE_COLLECTION/skyline_4door.html,curb_weight,"1,400kg"
Skyline,269,Skyline 4-door Hardtop GTS Twin-cam 24V Turbo (1986 : KRR31),1986,https://www.nissan-global.com/EN/HERITAGE_COLLECTION/skyline_4door.html,engine,"RB20DET (6-cyl. in-line, DOHC turbo), 1,998cc"
Skyline,269,Skyline 4-door Hardtop GTS Twin-cam 24V Turbo (1986 : KRR31),1986,https://www.nissan-global.com/EN/HERITAGE_COLLECTION/skyline_4door.html,engine_max_power,"140kW (190PS)/6,400rpm"
Skyline,269,Skyline 4-door Hardtop GTS Twin-cam 24V Turbo (1986 : KRR31),1986,https://www.nissan-global.com/EN/HERITAGE_COLLECTION/skyline_4door.html,engine_max_torque,"240Nm (24.5kgm)/4,800rpm"
Skyline,269,Skyline 4-door Hardtop GTS Twin-cam 24V Turbo (1986 : KRR31),1986,https://www.nissan-global.com/EN/HERITAGE_COLLECTION/skyline_4door.html,transmission,"3-speed AT, floor shift"
Skyline,269,Skyline 4-door Hardtop GTS Twin-cam 24V Turbo (1986 : KRR31),1986,https://www.nissan-global.com/EN/HERITAGE_COLLECTION/skyline_4door.html,suspension_front_rear,"Strut, semi trailing-arm"
Skyline,269,Skyline 4-door Hardtop GTS Twin-cam 24V Turbo (1986 : KRR31),1986,https://www.nissan-global.com/EN/HERITAGE_COLLECTION/skyline_4door.html,brakes_front_rear,"Disc, drum"
Skyline,269,Skyline 4-door Hardtop GTS Twin-cam 24V Turbo (1986 : KRR31),1986,https://www.nissan-global.com/EN/HERITAGE_COLLECTION/skyline_4door.html,tires,205/60R15 89H
Skyline,269,Skyline 4-door Hardtop GTS Twin-cam 24V Turbo (1986 : KRR31),1986,https://www.nissan-global.com/EN/HERITAGE_COLLECTION/skyline_4door.html,other,"Skyline 2000GT-R's ""50 wins"" list."
Skyline,227,Skyline 2000GTS-R (1987 : KHR31),1987,https://www.nissan-global.com/EN/HERITAGE_COLLECTION/skyline_2000gts-r.html,overall_length_width_height,"4,660/1,690/1,365mm"
Skyline,227,Skyline 2000GTS-R (1987 : KHR31),1987,https://www.nissan-global.com/EN/HERITAGE_COLLECTION/skyline_2000gts-r.html,wheelbase,"2,615mm"
Skyline,227,Skyline 2000GTS-R (1987 : KHR31),1987,https://www.nissan-global.com/EN/HERITAGE_COLLECTION/skyline_2000gts-r.html,tread_front_rear,"1,425/1,420mm"
Skyline,227,Skyline 2000GTS-R (1987 : KHR31),1987,https://www.nissan-global.com/EN/HERITAGE_COLLECTION/skyline_2000gts-r.html,curb_weight,"1,345kg"
Skyline,227,Skyline 2000GTS-R (1987 : KHR31),1987,https://www.nissan-global.com/EN/HERITAGE_COLLECTION/skyline_2000gts-r.html,engine,"RB20DET-R (6-cyl. in line, DOHC), 1,998cc"
Skyline,227,Skyline 2000GTS-R (1987 : KHR31),1987,https://www.nissan-global.com/EN/HERITAGE_COLLECTION/skyline_2000gts-r.html,engine_max_power,"154kW (210PS)/6,400rpm"
Skyline,227,Skyline 2000GTS-R (1987 : KHR31),1987,https://www.nissan-global.com/EN/HERITAGE_COLLECTION/skyline_2000gts-r.html,engine_max_torque,"245Nm (25kgm)/4,800rpm"
Skyline,227,Skyline 2000GTS-R (1987 : KHR31),1987,https://www.nissan-global.com/EN/HERITAGE_COLLECTION/skyline_2000gts-r.html,transmission,"5-speed, floor shift"
Skyline,227,Skyline 2000GTS-R (1987 : KHR31),1987,https://www.nissan-global.com/EN/HERITAGE_COLLECTION/skyline_2000gts-r.html,suspension_front_rear,"Strut, semi trailing-arm"
Skyline,227,Skyline 2000GTS-R (1987 : KHR31),1987,https://www.nissan-global.com/EN/HERITAGE_COLLECTION/skyline_2000gts-r.html,brakes,Ventilated disc (front & rear)
Skyline,227,Skyline 2000GTS-R (1987 : KHR31),1987,https://www.nissan-global.com/EN/HERITAGE_COLLECTION/skyline_2000gts-r.html,tires,205/60R15
Skyline,227,Skyline 2000GTS-R (1987 : KHR31),1987,https://www.nissan-global.com/EN/HERITAGE_COLLECTION/skyline_2000gts-r.html,other,"Skyline 2000GT-R's ""50 wins"" list."
Skyline,319,Skyline 2-door Sports Coupe GTS-X Twin-cam 24V Turbo (1987: HR31),1987,https://www.nissan-global.com/EN/HERITAGE_COLLECTION/Skyline_2-door_Sports_Coupe_GTS-X_Twin-cam_24V_Turbo.html,overall_length_width_height,"4,660/1,690/1,365mm"
Skyline,319,Skyline 2-door Sports Coupe GTS-X Twin-cam 24V Turbo (1987: HR31),1987,https://www.nissan-global.com/EN/HERITAGE_COLLECTION/Skyline_2-door_Sports_Coupe_GTS-X_Twin-cam_24V_Turbo.html,wheelbase,"2,615mm"
Skyline,319,Skyline 2-door Sports Coupe GTS-X Twin-cam 24V Turbo (1987: HR31),1987,https://www.nissan-global.com/EN/HERITAGE_COLLECTION/Skyline_2-door_Sports_Coupe_GTS-X_Twin-cam_24V_Turbo.html,tread,"1,425/1,420mm"
Skyline,319,Skyline 2-door Sports Coupe GTS-X Twin-cam 24V Turbo (1987: HR31),1987,https://www.nissan-global.com/EN/HERITAGE_COLLECTION/Skyline_2-door_Sports_Coupe_GTS-X_Twin-cam_24V_Turbo.html,curb_weight,"1,370kg"
Skyline,319,Skyline 2-door Sports Coupe GTS-X Twin-cam 24V Turbo (1987: HR31),1987,https://www.nissan-global.com/EN/HERITAGE_COLLECTION/Skyline_2-door_Sports_Coupe_GTS-X_Twin-cam_24V_Turbo.html,engine,"RB20DET (6-cyl. inline, 4-valve DOHC with turbo) 1,998cc"
Skyline,319,Skyline 2-door Sports Coupe GTS-X Twin-cam 24V Turbo (1987: HR31),1987,https://www.nissan-global.com/EN/HERITAGE_COLLECTION/Skyline_2-door_Sports_Coupe_GTS-X_Twin-cam_24V_Turbo.html,engine_max_power,"132kw(180ps)/6,400rpm"
Skyline,319,Skyline 2-door Sports Coupe GTS-X Twin-cam 24V Turbo (1987: HR31),1987,https://www.nissan-global.com/EN/HERITAGE_COLLECTION/Skyline_2-door_Sports_Coupe_GTS-X_Twin-cam_24V_Turbo.html,engine_max_torque,"225N·m(23.0kgm)/3,600rpm"
Skyline,319,Skyline 2-door Sports Coupe GTS-X Twin-cam 24V Turbo (1987: HR31),1987,https://www.nissan-global.com/EN/HERITAGE_COLLECTION/Skyline_2-door_Sports_Coupe_GTS-X_Twin-cam_24V_Turbo.html,suspension_front_rear,"Strut / Semi-trailing arm (with HICAS, independent)"
Skyline,319,Skyline 2-door Sports Coupe GTS-X Twin-cam 24V Turbo (1987: HR31),1987,https://www.nissan-global.com/EN/HERITAGE_COLLECTION/Skyline_2-door_Sports_Coupe_GTS-X_Twin-cam_24V_Turbo.html,brakes_front_rear,Ventilated disc / Ventilated disc
Skyline,319,Skyline 2-door Sports Coupe GTS-X Twin-cam 24V Turbo (1987: HR31),1987,https://www.nissan-global.com/EN/HERITAGE_COLLECTION/Skyline_2-door_Sports_Coupe_GTS-X_Twin-cam_24V_Turbo.html,tires,205/60R15
Skyline,319,Skyline 2-door Sports Coupe GTS-X Twin-cam 24V Turbo (1987: HR31),1987,https://www.nissan-global.com/EN/HERITAGE_COLLECTION/Skyline_2-door_Sports_Coupe_GTS-X_Twin-cam_24V_Turbo.html,other,"Skyline 2000GT-R's ""50 wins"" list."
Skyline,255,Skyline GTS-R (1988 : HR31),1988,https://www.nissan-global.com/EN/HERITAGE_COLLECTION/skyline_gts-r.html,overall_length_width_height,"4,660/1,690/1,325mm"
Skyline,255,Skyline GTS-R (1988 : HR31),1988,https://www.nissan-global.com/EN/HERITAGE_COLLECTION/skyline_gts-r.html,wheelbase,"2,615mm"
Skyline,255,Skyline GTS-R (1988 : HR31),1988,https://www.nissan-global.com/EN/HERITAGE_COLLECTION/skyline_gts-r.html,tread_front_rear,"1,460/1,465mm"
Skyline,255,Skyline GTS-R (1988 : HR31),1988,https://www.nissan-global.com/EN/HERITAGE_COLLECTION/skyline_gts-r.html,curb_weight,"1,160kg"
Skyline,255,Skyline GTS-R (1988 : HR31),1988,https://www.nissan-global.com/EN/HERITAGE_COLLECTION/skyline_gts-r.html,engine,"RB20DET-R (6-cyl. in-line, DOHC), 2,029cc"
Skyline,255,Skyline GTS-R (1988 : HR31),1988,https://www.nissan-global.com/EN/HERITAGE_COLLECTION/skyline_gts-r.html,engine_max_power,"294kW (400PS)/7,200rpm"
Skyline,255,Skyline GTS-R (1988 : HR31),1988,https://www.nissan-global.com/EN/HERITAGE_COLLECTION/skyline_gts-r.html,engine_max_torque,"412Nm (42.0kgm)/6,000rpm"
Skyline,255,Skyline GTS-R (1988 : HR31),1988,https://www.nissan-global.com/EN/HERITAGE_COLLECTION/skyline_gts-r.html,transmission,"5-speed, floor shift (F5D77)"
Skyline,255,Skyline GTS-R (1988 : HR31),1988,https://www.nissan-global.com/EN/HERITAGE_COLLECTION/skyline_gts-r.html,suspension_front_rear,"Strut, semi trailing-arm"
Skyline,255,Skyline GTS-R (1988 : HR31),1988,https://www.nissan-global.com/EN/HERITAGE_COLLECTION/skyline_gts-r.html,brakes,AP ventilated disc (front: 14in.; rear: 12in.)
Skyline,255,Skyline GTS-R (1988 : HR31),1988,https://www.nissan-global.com/EN/HERITAGE_COLLECTION/skyline_gts-r.html,tires,230/660R17
Skyline,255,Skyline GTS-R (1988 : HR31),1988,https://www.nissan-global.com/EN/HERITAGE_COLLECTION/skyline_gts-r.html,other,"Skyline 2000GT-R's ""50 wins"" list."
Skyline,210,Nissan Skyline GT-R (1989: BNR32),1989,https://www.nissan-global.com/EN/HERITAGE_COLLECTION/skyline_gt-r_1989.html,overall_length_width_height,"4,545/1,755/1,340mm"
Skyline,210,Nissan Skyline GT-R (1989: BNR32),1989,https://www.nissan-global.com/EN/HERITAGE_COLLECTION/skyline_gt-r_1989.html,wheelbase,"2,615mm"
Skyline,210,Nissan Skyline GT-R (1989: BNR32),1989,https://www.nissan-global.com/EN/HERITAGE_COLLECTION/skyline_gt-r_1989.html,tread,"1,480mm (front & rear)"
Skyline,210,Nissan Skyline GT-R (1989: BNR32),1989,https://www.nissan-global.com/EN/HERITAGE_COLLECTION/skyline_gt-r_1989.html,curb_weight,"1,430kg"
Skyline,210,Nissan Skyline GT-R (1989: BNR32),1989,https://www.nissan-global.com/EN/HERITAGE_COLLECTION/skyline_gt-r_1989.html,engine,"RB26DETT (6-cyl. in line, DOHC), 2,568cc"
Skyline,210,Nissan Skyline GT-R (1989: BNR32),1989,https://www.nissan-global.com/EN/HERITAGE_COLLECTION/skyline_gt-r_1989.html,engine_max_power,"206kW (280PS)/6,800rpm"
Skyline,210,Nissan Skyline GT-R (1989: BNR32),1989,https://www.nissan-global.com/EN/HERITAGE_COLLECTION/skyline_gt-r_1989.html,engine_max_torque,"353N·m (36kgm)/4,400rpm"
Skyline,210,Nissan Skyline GT-R (1989: BNR32),1989,https://www.nissan-global.com/EN/HERITAGE_COLLECTION/skyline_gt-r_1989.html,transmission,"5-speed, floor shift"
Skyline,210,Nissan Skyline GT-R (1989: BNR32),1989,https://www.nissan-global.com/EN/HERITAGE_COLLECTION/skyline_gt-r_1989.html,suspension,Multilink (front & rear)
Skyline,210,Nissan Skyline GT-R (1989: BNR32),1989,https://www.nissan-global.com/EN/HERITAGE_COLLECTION/skyline_gt-r_1989.html,brakes,Ventilated disc (front & rear)
Skyline,210,Nissan Skyline GT-R (1989: BNR32),1989,https://www.nissan-global.com/EN/HERITAGE_COLLECTION/skyline_gt-r_1989.html,tires,225/50R16
Skyline,210,Nissan Skyline GT-R (1989: BNR32),1989,https://www.nissan-global.com/EN/HERITAGE_COLLECTION/skyline_gt-r_1989.html,other,"Skyline 2000GT-R's ""50 wins"" list."
Skyline,249,Skyline GT-R (1990 : BNR32),1990,https://www.nissan-global.com/EN/HERITAGE_COLLECTION/skyline_gt-r_1993.html,overall_length_width_height,"4,545/1,755/1,340mm"
Skyline,249,Skyline GT-R (1990 : BNR32),1990,https://www.nissan-global.com/EN/HERITAGE_COLLECTION/skyline_gt-r_1993.html,wheelbase,"2,615mm"
Skyline,249,Skyline GT-R (1990 : BNR32),1990,https://www.nissan-global.com/EN/HERITAGE_COLLECTION/skyline_gt-r_1993.html,tread_front_rear,"1,610/1,530mm"
Skyline,249,Skyline GT-R (1990 : BNR32),1990,https://www.nissan-global.com/EN/HERITAGE_COLLECTION/skyline_gt-r_1993.html,curb_weight,"Over 1,260kg"
Skyline,249,Skyline GT-R (1990 : BNR32),1990,https://www.nissan-global.com/EN/HERITAGE_COLLECTION/skyline_gt-r_1993.html,engine,"RB26DETT (6-cyl. in line, DOHC), 2,568cc"
Skyline,249,Skyline GT-R (1990 : BNR32),1990,https://www.nissan-global.com/EN/HERITAGE_COLLECTION/skyline_gt-r_1993.html,engine_max_power,"405kW (550PS)/7,600rpm"
Skyline,249,Skyline GT-R (1990 : BNR32),1990,https://www.nissan-global.com/EN/HERITAGE_COLLECTION/skyline_gt-r_1993.html,engine_max_torque,"490Nm (50kgm)/6,000rpm"
Skyline,249,Skyline GT-R (1990 : BNR32),1990,https://www.nissan-global.com/EN/HERITAGE_COLLECTION/skyline_gt-r_1993.html,transmission,"5-speed, floor shift"
Skyline,249,Skyline GT-R (1990 : BNR32),1990,https://www.nissan-global.com/EN/HERITAGE_COLLECTION/skyline_gt-r_1993.html,suspension,Multilink (front & rear)
Skyline,249,Skyline GT-R (1990 : BNR32),1990,https://www.nissan-global.com/EN/HERITAGE_COLLECTION/skyline_gt-r_1993.html,brakes,Ventilated disc (front & rear)
Skyline,249,Skyline GT-R (1990 : BNR32),1990,https://www.nissan-global.com/EN/HERITAGE_COLLECTION/skyline_gt-r_1993.html,tires_wheels,265/700-18 (10Jx18)
Skyline,249,Skyline GT-R (1990 : BNR32),1990,https://www.nissan-global.com/EN/HERITAGE_COLLECTION/skyline_gt-r_1993.html,other,"Skyline 2000GT-R's ""50 wins"" list."
Skyline,126,Skyline GT-R (1991 : BNR32),1991,https://www.nissan-global.com/EN/HERITAGE_COLLECTION/skyline_gt-r_1991.html,overall_length_width_height,"4,545/1,755/1,340mm"
Skyline,126,Skyline GT-R (1991 : BNR32),1991,https://www.nissan-global.com/EN/HERITAGE_COLLECTION/skyline_gt-r_1991.html,wheelbase,"2,615mm"
Skyline,126,Skyline GT-R (1991 : BNR32),1991,https://www.nissan-global.com/EN/HERITAGE_COLLECTION/skyline_gt-r_1991.html,tread_front_rear,"1,610/1,530mm"
Skyline,126,Skyline GT-R (1991 : BNR32),1991,https://www.nissan-global.com/EN/HERITAGE_COLLECTION/skyline_gt-r_1991.html,curb_weight,"1,240kg"
Skyline,126,Skyline GT-R (1991 : BNR32),1991,https://www.nissan-global.com/EN/HERITAGE_COLLECTION/skyline_gt-r_1991.html,engine,"RB26DETT (6-cyl. in line, DOHC)"
Skyline,126,Skyline GT-R (1991 : BNR32),1991,https://www.nissan-global.com/EN/HERITAGE_COLLECTION/skyline_gt-r_1991.html,engine_displacement,"2,568cc"
Skyline,126,Skyline GT-R (1991 : BNR32),1991,https://www.nissan-global.com/EN/HERITAGE_COLLECTION/skyline_gt-r_1991.html,engine_max_power,"Over 297kW (400PS)/7,200rpm"
Skyline,126,Skyline GT-R (1991 : BNR32),1991,https://www.nissan-global.com/EN/HERITAGE_COLLECTION/skyline_gt-r_1991.html,engine_max_torque,"Over 441Nm (45.0kgm)/4,800rpm"
Skyline,126,Skyline GT-R (1991 : BNR32),1991,https://www.nissan-global.com/EN/HERITAGE_COLLECTION/skyline_gt-r_1991.html,suspension,Multilink (all 4 wheels)
Skyline,126,Skyline GT-R (1991 : BNR32),1991,https://www.nissan-global.com/EN/HERITAGE_COLLECTION/skyline_gt-r_1991.html,brakes,Brembo (V spec)
Skyline,126,Skyline GT-R (1991 : BNR32),1991,https://www.nissan-global.com/EN/HERITAGE_COLLECTION/skyline_gt-r_1991.html,tires_wheels,225/50R17 (9J-17in.)
Skyline,126,Skyline GT-R (1991 : BNR32),1991,https://www.nissan-global.com/EN/HERITAGE_COLLECTION/skyline_gt-r_1991.html,other,"Skyline 2000GT-R's ""50 wins"" list."
Skyline,327,ZEXEL Skyline GT-R No.25 (1991: BNR32),1991,https://www.nissan-global.com/EN/HERITAGE_COLLECTION/327_zexel_skyline_gt-r.html,overall_length_width_height,"4,545/1,755/1,320mm"
Skyline,327,ZEXEL Skyline GT-R No.25 (1991: BNR32),1991,https://www.nissan-global.com/EN/HERITAGE_COLLECTION/327_zexel_skyline_gt-r.html,wheelbase,"2,615mm"
Skyline,327,ZEXEL Skyline GT-R No.25 (1991: BNR32),1991,https://www.nissan-global.com/EN/HERITAGE_COLLECTION/327_zexel_skyline_gt-r.html,tread_front_rear,"1,610 / 1,530mm"
Skyline,327,ZEXEL Skyline GT-R No.25 (1991: BNR32),1991,https://www.nissan-global.com/EN/HERITAGE_COLLECTION/327_zexel_skyline_gt-r.html,curb_weight,"1,250kg"
Skyline,327,ZEXEL Skyline GT-R No.25 (1991: BNR32),1991,https://www.nissan-global.com/EN/HERITAGE_COLLECTION/327_zexel_skyline_gt-r.html,engine,"RB26DETT (6-cyl. inline, 4-valve DOHC with twin turbo) 2,568cc"
Skyline,327,ZEXEL Skyline GT-R No.25 (1991: BNR32),1991,https://www.nissan-global.com/EN/HERITAGE_COLLECTION/327_zexel_skyline_gt-r.html,engine_max_power,"405kW(550ps) /7,600rpm"
Skyline,327,ZEXEL Skyline GT-R No.25 (1991: BNR32),1991,https://www.nissan-global.com/EN/HERITAGE_COLLECTION/327_zexel_skyline_gt-r.html,engine_max_torque,"490Nm(50.0kgfm) /6,000rpm"
Skyline,327,ZEXEL Skyline GT-R No.25 (1991: BNR32),1991,https://www.nissan-global.com/EN/HERITAGE_COLLECTION/327_zexel_skyline_gt-r.html,suspension_front_rear,Multilink / Multilink
Skyline,327,ZEXEL Skyline GT-R No.25 (1991: BNR32),1991,https://www.nissan-global.com/EN/HERITAGE_COLLECTION/327_zexel_skyline_gt-r.html,brakes_front_rear,Ventilated disc / Ventilated disc
Skyline,327,ZEXEL Skyline GT-R No.25 (1991: BNR32),1991,https://www.nissan-global.com/EN/HERITAGE_COLLECTION/327_zexel_skyline_gt-r.html,tires,265-700-18
Skyline,239,Skyline GT-R (1992 : BNR32),1992,https://www.nissan-global.com/EN/HERITAGE_COLLECTION/skyline_gt-r_1992.html,overall_length_width_height,"4,545/1,755/1,340mm"
Skyline,239,Skyline GT-R (1992 : BNR32),1992,https://www.nissan-global.com/EN/HERITAGE_COLLECTION/skyline_gt-r_1992.html,wheelbase,"2,615mm"
Skyline,239,Skyline GT-R (1992 : BNR32),1992,https://www.nissan-global.com/EN/HERITAGE_COLLECTION/skyline_gt-r_1992.html,tread,"1,480mm (front & rear)"
Skyline,239,Skyline GT-R (1992 : BNR32),1992,https://www.nissan-global.com/EN/HERITAGE_COLLECTION/skyline_gt-r_1992.html,curb_weight,"1,240kg"
Skyline,239,Skyline GT-R (1992 : BNR32),1992,https://www.nissan-global.com/EN/HERITAGE_COLLECTION/skyline_gt-r_1992.html,engine,"RB26DETT (6-cyl. in line, DOHC), 2,568cc"
Skyline,239,Skyline GT-R (1992 : BNR32),1992,https://www.nissan-global.com/EN/HERITAGE_COLLECTION/skyline_gt-r_1992.html,max_power,"294kW (400PS)/7,200rpm"
Skyline,239,Skyline GT-R (1992 : BNR32),1992,https://www.nissan-global.com/EN/HERITAGE_COLLECTION/skyline_gt-r_1992.html,engine_max_torque,"441Nm (45kgm)/4,800rpm"
Skyline,239,Skyline GT-R (1992 : BNR32),1992,https://www.nissan-global.com/EN/HERITAGE_COLLECTION/skyline_gt-r_1992.html,transmission,"5-speed, floor shift"
Skyline,239,Skyline GT-R (1992 : BNR32),1992,https://www.nissan-global.com/EN/HERITAGE_COLLECTION/skyline_gt-r_1992.html,suspension,Multilink (front & rear)
Skyline,239,Skyline GT-R (1992 : BNR32),1992,https://www.nissan-global.com/EN/HERITAGE_COLLECTION/skyline_gt-r_1992.html,brakes,Ventilated disc (front & rear)
Skyline,239,Skyline GT-R (1992 : BNR32),1992,https://www.nissan-global.com/EN/HERITAGE_COLLECTION/skyline_gt-r_1992.html,tires_wheels,225/50R17 (9Jx17)
Skyline,239,Skyline GT-R (1992 : BNR32),1992,https://www.nissan-global.com/EN/HERITAGE_COLLECTION/skyline_gt-r_1992.html,other,"Skyline 2000GT-R's ""50 wins"" list."
Skyline,157,Skyline GT-R (1993 : BCNR33),1993,https://www.nissan-global.com/EN/HERITAGE_COLLECTION/skyline_gt-r_bcnr33.html,overall_length_width_height,"4,675/1,780/1,360mm"
Skyline,157,Skyline GT-R (1993 : BCNR33),1993,https://www.nissan-global.com/EN/HERITAGE_COLLECTION/skyline_gt-r_bcnr33.html,wheelbase,"2,720mm"
Skyline,157,Skyline GT-R (1993 : BCNR33),1993,https://www.nissan-global.com/EN/HERITAGE_COLLECTION/skyline_gt-r_bcnr33.html,tread_front_rear,"1,480/1,490mm"
Skyline,157,Skyline GT-R (1993 : BCNR33),1993,https://www.nissan-global.com/EN/HERITAGE_COLLECTION/skyline_gt-r_bcnr33.html,curb_weight,"Over 1,260kg"
Skyline,157,Skyline GT-R (1993 : BCNR33),1993,https://www.nissan-global.com/EN/HERITAGE_COLLECTION/skyline_gt-r_bcnr33.html,engine,"RB26DETT (6-cyl. in line, DOHC), 2,568cc"
Skyline,157,Skyline GT-R (1993 : BCNR33),1993,https://www.nissan-global.com/EN/HERITAGE_COLLECTION/skyline_gt-r_bcnr33.html,engine_max_power,"405kW (550PS)/7,600rpm"
Skyline,157,Skyline GT-R (1993 : BCNR33),1993,https://www.nissan-global.com/EN/HERITAGE_COLLECTION/skyline_gt-r_bcnr33.html,engine_max_torque,"490Nm (50kgm)/6,000rpm"
Skyline,157,Skyline GT-R (1993 : BCNR33),1993,https://www.nissan-global.com/EN/HERITAGE_COLLECTION/skyline_gt-r_bcnr33.html,transmission,"5-speed, floor shift"
Skyline,157,Skyline GT-R (1993 : BCNR33),1993,https://www.nissan-global.com/EN/HERITAGE_COLLECTION/skyline_gt-r_bcnr33.html,suspension,Multilink (front & rear)
Skyline,157,Skyline GT-R (1993 : BCNR33),1993,https://www.nissan-global.com/EN/HERITAGE_COLLECTION/skyline_gt-r_bcnr33.html,brakes,Ventilated disc (front & rear)
Skyline,157,Skyline GT-R (1993 : BCNR33),1993,https://www.nissan-global.com/EN/HERITAGE_COLLECTION/skyline_gt-r_bcnr33.html,tires_wheels,265/680-18 (10Jx18)
Skyline,157,Skyline GT-R (1993 : BCNR33),1993,https://www.nissan-global.com/EN/HERITAGE_COLLECTION/skyline_gt-r_bcnr33.html,other,"Skyline 2000GT-R's ""50 wins"" list."
Skyline,346,Skyline GT-R Nürburgring Time Attack (1994: BCNR33),1994,https://www.nissan-global.com/EN/HERITAGE_COLLECTION/346_skyline_gt-r_nurburgring.html,overall_length_width_height,"4,675/1,780/1,360mm"
Skyline,346,Skyline GT-R Nürburgring Time Attack (1994: BCNR33),1994,https://www.nissan-global.com/EN/HERITAGE_COLLECTION/346_skyline_gt-r_nurburgring.html,wheelbase,"2,720mm"
Skyline,346,Skyline GT-R Nürburgring Time Attack (1994: BCNR33),1994,https://www.nissan-global.com/EN/HERITAGE_COLLECTION/346_skyline_gt-r_nurburgring.html,tread_front_rear,"1,480/1,490mm"
Skyline,346,Skyline GT-R Nürburgring Time Attack (1994: BCNR33),1994,https://www.nissan-global.com/EN/HERITAGE_COLLECTION/346_skyline_gt-r_nurburgring.html,curb_weight,"1,530kg"
Skyline,346,Skyline GT-R Nürburgring Time Attack (1994: BCNR33),1994,https://www.nissan-global.com/EN/HERITAGE_COLLECTION/346_skyline_gt-r_nurburgring.html,engine,"RB26DETT (6-cyl. In line, 4-valve DOHC + turbo) 2,568cc"
Skyline,346,Skyline GT-R Nürburgring Time Attack (1994: BCNR33),1994,https://www.nissan-global.com/EN/HERITAGE_COLLECTION/346_skyline_gt-r_nurburgring.html,engine_max_power,"206kw(280ps)/6,800rpm"
Skyline,346,Skyline GT-R Nürburgring Time Attack (1994: BCNR33),1994,https://www.nissan-global.com/EN/HERITAGE_COLLECTION/346_skyline_gt-r_nurburgring.html,engine_max_torque,"368N·m(37.5kgm)/4,400rpm"
Skyline,346,Skyline GT-R Nürburgring Time Attack (1994: BCNR33),1994,https://www.nissan-global.com/EN/HERITAGE_COLLECTION/346_skyline_gt-r_nurburgring.html,suspension_front_rear,Multilink / Multilink
Skyline,346,Skyline GT-R Nürburgring Time Attack (1994: BCNR33),1994,https://www.nissan-global.com/EN/HERITAGE_COLLECTION/346_skyline_gt-r_nurburgring.html,brakes_front_rear,Ventilated disc / Ventilated disc
Skyline,346,Skyline GT-R Nürburgring Time Attack (1994: BCNR33),1994,https://www.nissan-global.com/EN/HERITAGE_COLLECTION/346_skyline_gt-r_nurburgring.html,tires,245/45ZR17
Skyline,346,Skyline GT-R Nürburgring Time Attack (1994: BCNR33),1994,https://www.nissan-global.com/EN/HERITAGE_COLLECTION/346_skyline_gt-r_nurburgring.html,other,"Skyline 2000GT-R's ""50 wins"" list."
Skyline,389,Skyline GT-R Gr. A: STP TAISAN No. 2 (1993: BCNR33),1993,https://www.nissan-global.com/EN/HERITAGE_COLLECTION/389_skyline_gt-r_gr_a.html,overall_length_width_height,"4,545/1,755/1,320mm"
Skyline,389,Skyline GT-R Gr. A: STP TAISAN No. 2 (1993: BCNR33),1993,https://www.nissan-global.com/EN/HERITAGE_COLLECTION/389_skyline_gt-r_gr_a.html,wheelbase,"2,615mm"
Skyline,389,Skyline GT-R Gr. A: STP TAISAN No. 2 (1993: BCNR33),1993,https://www.nissan-global.com/EN/HERITAGE_COLLECTION/389_skyline_gt-r_gr_a.html,tread_front_rear,"1,610/1,530mm"
Skyline,389,Skyline GT-R Gr. A: STP TAISAN No. 2 (1993: BCNR33),1993,https://www.nissan-global.com/EN/HERITAGE_COLLECTION/389_skyline_gt-r_gr_a.html,curb_weight,"1,260kg"
Skyline,389,Skyline GT-R Gr. A: STP TAISAN No. 2 (1993: BCNR33),1993,https://www.nissan-global.com/EN/HERITAGE_COLLECTION/389_skyline_gt-r_gr_a.html,engine,"RB26DETT (6-cyl. In line, 4-valve DOHC + turbo) 2,568cc"
Skyline,389,Skyline GT-R Gr. A: STP TAISAN No. 2 (1993: BCNR33),1993,https://www.nissan-global.com/EN/HERITAGE_COLLECTION/389_skyline_gt-r_gr_a.html,engine_max_power,"Over 404kW(550ps)/7,600rpm"
Skyline,389,Skyline GT-R Gr. A: STP TAISAN No. 2 (1993: BCNR33),1993,https://www.nissan-global.com/EN/HERITAGE_COLLECTION/389_skyline_gt-r_gr_a.html,engine_max_torque,"Over 490N·m(50.0kgm)/6,000rpm"
Skyline,389,Skyline GT-R Gr. A: STP TAISAN No. 2 (1993: BCNR33),1993,https://www.nissan-global.com/EN/HERITAGE_COLLECTION/389_skyline_gt-r_gr_a.html,suspension_front_rear,Multi-link / Multi-link
Skyline,389,Skyline GT-R Gr. A: STP TAISAN No. 2 (1993: BCNR33),1993,https://www.nissan-global.com/EN/HERITAGE_COLLECTION/389_skyline_gt-r_gr_a.html,brakes_front_rear,Ventilated disc / Ventilated disc
Skyline,389,Skyline GT-R Gr. A: STP TAISAN No. 2 (1993: BCNR33),1993,https://www.nissan-global.com/EN/HERITAGE_COLLECTION/389_skyline_gt-r_gr_a.html,tires,265-700-18
Skyline,389,Skyline GT-R Gr. A: STP TAISAN No. 2 (1993: BCNR33),1993,https://www.nissan-global.com/EN/HERITAGE_COLLECTION/389_skyline_gt-r_gr_a.html,other,"Skyline 2000GT-R's ""50 wins"" list."
Skyline,406,Skyline GTS25 Type X·G (1993 : ECR32),1993,https://www.nissan-global.com/EN/HERITAGE_COLLECTION/Skyline_GTS25_Type_X-G.html,overall_length_width_height,"44,580/1,695/1,340mm"
Skyline,406,Skyline GTS25 Type X·G (1993 : ECR32),1993,https://www.nissan-global.com/EN/HERITAGE_COLLECTION/Skyline_GTS25_Type_X-G.html,wheelbase,"2,615mm"
Skyline,406,Skyline GTS25 Type X·G (1993 : ECR32),1993,https://www.nissan-global.com/EN/HERITAGE_COLLECTION/Skyline_GTS25_Type_X-G.html,tread_front_rear,"1,460/1,460mm"
Skyline,406,Skyline GTS25 Type X·G (1993 : ECR32),1993,https://www.nissan-global.com/EN/HERITAGE_COLLECTION/Skyline_GTS25_Type_X-G.html,curb_weight,"1,340kg"
Skyline,406,Skyline GTS25 Type X·G (1993 : ECR32),1993,https://www.nissan-global.com/EN/HERITAGE_COLLECTION/Skyline_GTS25_Type_X-G.html,engine,"RB25DE(6-cyl. inline, 4-valve DOHC)2,498cc"
Skyline,406,Skyline GTS25 Type X·G (1993 : ECR32),1993,https://www.nissan-global.com/EN/HERITAGE_COLLECTION/Skyline_GTS25_Type_X-G.html,engine_max_power,"132.3kW(180ps)/6,000rpm"
Skyline,406,Skyline GTS25 Type X·G (1993 : ECR32),1993,https://www.nissan-global.com/EN/HERITAGE_COLLECTION/Skyline_GTS25_Type_X-G.html,engine_max_torque,"225.6N·m(23.0kgm)/5,200rpm"
Skyline,406,Skyline GTS25 Type X·G (1993 : ECR32),1993,https://www.nissan-global.com/EN/HERITAGE_COLLECTION/Skyline_GTS25_Type_X-G.html,suspension_front_rear,Multilink / Multilink (independent)
Skyline,406,Skyline GTS25 Type X·G (1993 : ECR32),1993,https://www.nissan-global.com/EN/HERITAGE_COLLECTION/Skyline_GTS25_Type_X-G.html,brakes_front_rear,Ventilated disc / Ventilated disc
Skyline,406,Skyline GTS25 Type X·G (1993 : ECR32),1993,https://www.nissan-global.com/EN/HERITAGE_COLLECTION/Skyline_GTS25_Type_X-G.html,tires,205/60R15
Skyline,406,Skyline GTS25 Type X·G (1993 : ECR32),1993,https://www.nissan-global.com/EN/HERITAGE_COLLECTION/Skyline_GTS25_Type_X-G.html,other,"Skyline 2000GT-R's ""50 wins"" list."
Skyline,459,Nissan Skyline Autech Version (1993: HNR32),1993,https://www.nissan-global.com/EN/HERITAGE_COLLECTION/459_skyline_autech_version.html,overall_length_width_height,"4,580/1,695/1,360mm"
Skyline,459,Nissan Skyline Autech Version (1993: HNR32),1993,https://www.nissan-global.com/EN/HERITAGE_COLLECTION/459_skyline_autech_version.html,wheelbase,"2,615mm"
Skyline,459,Nissan Skyline Autech Version (1993: HNR32),1993,https://www.nissan-global.com/EN/HERITAGE_COLLECTION/459_skyline_autech_version.html,tread,"1,465/1,465mm"
Skyline,459,Nissan Skyline Autech Version (1993: HNR32),1993,https://www.nissan-global.com/EN/HERITAGE_COLLECTION/459_skyline_autech_version.html,curb_weight,"1,480kg"
Skyline,459,Nissan Skyline Autech Version (1993: HNR32),1993,https://www.nissan-global.com/EN/HERITAGE_COLLECTION/459_skyline_autech_version.html,engine,"RB26DE (6-cyl. inline, 4-valve, DOHC) 2.568cc"
Skyline,459,Nissan Skyline Autech Version (1993: HNR32),1993,https://www.nissan-global.com/EN/HERITAGE_COLLECTION/459_skyline_autech_version.html,engine_max_power,"162kw (220ps)/6,800rpm"
Skyline,459,Nissan Skyline Autech Version (1993: HNR32),1993,https://www.nissan-global.com/EN/HERITAGE_COLLECTION/459_skyline_autech_version.html,engine_max_torque,"245N·m (25.0kgf·m)/5,200rpm"
Skyline,459,Nissan Skyline Autech Version (1993: HNR32),1993,https://www.nissan-global.com/EN/HERITAGE_COLLECTION/459_skyline_autech_version.html,suspension_front_rear,Multilink/Multilink (independent)
Skyline,459,Nissan Skyline Autech Version (1993: HNR32),1993,https://www.nissan-global.com/EN/HERITAGE_COLLECTION/459_skyline_autech_version.html,brakes_front_rear,Ventilated disc/Ventilated disc
Skyline,459,Nissan Skyline Autech Version (1993: HNR32),1993,https://www.nissan-global.com/EN/HERITAGE_COLLECTION/459_skyline_autech_version.html,tires,205/55R16 88V
Skyline,152,NISMO GT-R LM (1995: BCNR33),1995,https://www.nissan-global.com/EN/HERITAGE_COLLECTION/skyline_gt-r_1995.html,overall_length_width_height,"4,675/1,880/1,300mm"
Skyline,152,NISMO GT-R LM (1995: BCNR33),1995,https://www.nissan-global.com/EN/HERITAGE_COLLECTION/skyline_gt-r_1995.html,wheelbase,"2,720mm"
Skyline,152,NISMO GT-R LM (1995: BCNR33),1995,https://www.nissan-global.com/EN/HERITAGE_COLLECTION/skyline_gt-r_1995.html,tread_front_rear,"1,560/1,535mm"
Skyline,152,NISMO GT-R LM (1995: BCNR33),1995,https://www.nissan-global.com/EN/HERITAGE_COLLECTION/skyline_gt-r_1995.html,curb_weight,"Over 1,150kg"
Skyline,152,NISMO GT-R LM (1995: BCNR33),1995,https://www.nissan-global.com/EN/HERITAGE_COLLECTION/skyline_gt-r_1995.html,engine,"RB26DETT (6-cyl. in line, DOHC), 2,568cc"
Skyline,152,NISMO GT-R LM (1995: BCNR33),1995,https://www.nissan-global.com/EN/HERITAGE_COLLECTION/skyline_gt-r_1995.html,engine_max_power,"Over 297kW (400PS)/7,200rpm"
Skyline,152,NISMO GT-R LM (1995: BCNR33),1995,https://www.nissan-global.com/EN/HERITAGE_COLLECTION/skyline_gt-r_1995.html,engine_max_torque,"Over 441Nm (45.0kgm)/4,800rpm"
Skyline,152,NISMO GT-R LM (1995: BCNR33),1995,https://www.nissan-global.com/EN/HERITAGE_COLLECTION/skyline_gt-r_1995.html,transmission,X-TRAC 6-speed (sequential)
Skyline,152,NISMO GT-R LM (1995: BCNR33),1995,https://www.nissan-global.com/EN/HERITAGE_COLLECTION/skyline_gt-r_1995.html,suspension,Double wishbone (front & rear)
Skyline,152,NISMO GT-R LM (1995: BCNR33),1995,https://www.nissan-global.com/EN/HERITAGE_COLLECTION/skyline_gt-r_1995.html,brakes,Ventilated disc (front & rear)
Skyline,152,NISMO GT-R LM (1995: BCNR33),1995,https://www.nissan-global.com/EN/HERITAGE_COLLECTION/skyline_gt-r_1995.html,wheels_front_rear,"12Jx18, 12.75Jx18"
Skyline,152,NISMO GT-R LM (1995: BCNR33),1995,https://www.nissan-global.com/EN/HERITAGE_COLLECTION/skyline_gt-r_1995.html,tires_front_rear,"315/40R18, 335/40R18"
Skyline,152,NISMO GT-R LM (1995: BCNR33),1995,https://www.nissan-global.com/EN/HERITAGE_COLLECTION/skyline_gt-r_1995.html,other,"Skyline 2000GT-R's ""50 wins"" list."
Skyline,181,NISMO GT-R LM Road Car (1995: BCNR33),1995,https://www.nissan-global.com/EN/HERITAGE_COLLECTION/skyline_gt-r_1996.html,overall_length_width_height,"4,675/1,888/1,300mm"
Skyline,181,NISMO GT-R LM Road Car (1995: BCNR33),1995,https://www.nissan-global.com/EN/HERITAGE_COLLECTION/skyline_gt-r_1996.html,wheelbase,"2,720mm"
Skyline,181,NISMO GT-R LM Road Car (1995: BCNR33),1995,https://www.nissan-global.com/EN/HERITAGE_COLLECTION/skyline_gt-r_1996.html,tread_front_rear,"1,550/1,580mm"
Skyline,181,NISMO GT-R LM Road Car (1995: BCNR33),1995,https://www.nissan-global.com/EN/HERITAGE_COLLECTION/skyline_gt-r_1996.html,curb_weight,"1,580kg"
Skyline,181,NISMO GT-R LM Road Car (1995: BCNR33),1995,https://www.nissan-global.com/EN/HERITAGE_COLLECTION/skyline_gt-r_1996.html,engine,"RB26DETT (6-cyl. in line, DOHC), 2,568cc"
Skyline,181,NISMO GT-R LM Road Car (1995: BCNR33),1995,https://www.nissan-global.com/EN/HERITAGE_COLLECTION/skyline_gt-r_1996.html,engine_max_power,"224kW (305PS)/6,500rpm"
Skyline,181,NISMO GT-R LM Road Car (1995: BCNR33),1995,https://www.nissan-global.com/EN/HERITAGE_COLLECTION/skyline_gt-r_1996.html,engine_max_torque,"373Nm (38.0kgm)/4,500rpm"
Skyline,181,NISMO GT-R LM Road Car (1995: BCNR33),1995,https://www.nissan-global.com/EN/HERITAGE_COLLECTION/skyline_gt-r_1996.html,transmission,5-speed
Skyline,181,NISMO GT-R LM Road Car (1995: BCNR33),1995,https://www.nissan-global.com/EN/HERITAGE_COLLECTION/skyline_gt-r_1996.html,suspension,Double wishbone (front & rear)
Skyline,181,NISMO GT-R LM Road Car (1995: BCNR33),1995,https://www.nissan-global.com/EN/HERITAGE_COLLECTION/skyline_gt-r_1996.html,brakes,Ventilated disc (front & rear)
Skyline,181,NISMO GT-R LM Road Car (1995: BCNR33),1995,https://www.nissan-global.com/EN/HERITAGE_COLLECTION/skyline_gt-r_1996.html,wheels,9.0Jx18 (front & rear)
Skyline,181,NISMO GT-R LM Road Car (1995: BCNR33),1995,https://www.nissan-global.com/EN/HERITAGE_COLLECTION/skyline_gt-r_1996.html,tires,265/35R18 (front & rear)
Skyline,181,NISMO GT-R LM Road Car (1995: BCNR33),1995,https://www.nissan-global.com/EN/HERITAGE_COLLECTION/skyline_gt-r_1996.html,other,"Skyline 2000GT-R's ""50 wins"" list."
Skyline,133,NISMO GT-R LM (1996: BCNR33),1996,https://www.nissan-global.com/EN/HERITAGE_COLLECTION/skyline_gt-r_bcnr33_1966.html,overall_length_width_height,"4,675/1,880/1,300mm"
Skyline,133,NISMO GT-R LM (1996: BCNR33),1996,https://www.nissan-global.com/EN/HERITAGE_COLLECTION/skyline_gt-r_bcnr33_1966.html,wheelbase,"2,720mm"
Skyline,133,NISMO GT-R LM (1996: BCNR33),1996,https://www.nissan-global.com/EN/HERITAGE_COLLECTION/skyline_gt-r_bcnr33_1966.html,tread_front_rear,"1,560/1,535mm"
Skyline,133,NISMO GT-R LM (1996: BCNR33),1996,https://www.nissan-global.com/EN/HERITAGE_COLLECTION/skyline_gt-r_bcnr33_1966.html,curb_weight,"1,250kg"
Skyline,133,NISMO GT-R LM (1996: BCNR33),1996,https://www.nissan-global.com/EN/HERITAGE_COLLECTION/skyline_gt-r_bcnr33_1966.html,engine,"RB26DETT (6-cyl. in line, DOHC), 2,795cc"
Skyline,133,NISMO GT-R LM (1996: BCNR33),1996,https://www.nissan-global.com/EN/HERITAGE_COLLECTION/skyline_gt-r_bcnr33_1966.html,engine_max_power,"Over 441kW (600PS)/7,000rpm"
Skyline,133,NISMO GT-R LM (1996: BCNR33),1996,https://www.nissan-global.com/EN/HERITAGE_COLLECTION/skyline_gt-r_bcnr33_1966.html,engine_max_torque,"Over 618Nm (63.0kgm)/5,500rpm"
Skyline,133,NISMO GT-R LM (1996: BCNR33),1996,https://www.nissan-global.com/EN/HERITAGE_COLLECTION/skyline_gt-r_bcnr33_1966.html,transmission,Nissan 6-speed
Skyline,133,NISMO GT-R LM (1996: BCNR33),1996,https://www.nissan-global.com/EN/HERITAGE_COLLECTION/skyline_gt-r_bcnr33_1966.html,suspension,Double wishbone (front & rear)
Skyline,133,NISMO GT-R LM (1996: BCNR33),1996,https://www.nissan-global.com/EN/HERITAGE_COLLECTION/skyline_gt-r_bcnr33_1966.html,brakes,4-pod disc (front & rear)
Skyline,133,NISMO GT-R LM (1996: BCNR33),1996,https://www.nissan-global.com/EN/HERITAGE_COLLECTION/skyline_gt-r_bcnr33_1966.html,wheels_front_rear,"12Jx18, 12.75Jx18"
Skyline,133,NISMO GT-R LM (1996: BCNR33),1996,https://www.nissan-global.com/EN/HERITAGE_COLLECTION/skyline_gt-r_bcnr33_1966.html,tires_front_rear,"315/40R18, 335/40R18 (BS)"
Skyline,133,NISMO GT-R LM (1996: BCNR33),1996,https://www.nissan-global.com/EN/HERITAGE_COLLECTION/skyline_gt-r_bcnr33_1966.html,other,"Skyline 2000GT-R's ""50 wins"" list."
Skyline,211,Skyline GT-R V-Spec (1997 : BCNR33),1997,https://www.nissan-global.com/EN/HERITAGE_COLLECTION/skyline_gt-r_1997.html,overall_length_width_height,"4,675/1,780/1,360mm"
Skyline,211,Skyline GT-R V-Spec (1997 : BCNR33),1997,https://www.nissan-global.com/EN/HERITAGE_COLLECTION/skyline_gt-r_1997.html,wheelbase,"2,720mm"
Skyline,211,Skyline GT-R V-Spec (1997 : BCNR33),1997,https://www.nissan-global.com/EN/HERITAGE_COLLECTION/skyline_gt-r_1997.html,tread_front_rear,"1,480/1,490mm"
Skyline,211,Skyline GT-R V-Spec (1997 : BCNR33),1997,https://www.nissan-global.com/EN/HERITAGE_COLLECTION/skyline_gt-r_1997.html,curb_weight,"1,540kg"
Skyline,211,Skyline GT-R V-Spec (1997 : BCNR33),1997,https://www.nissan-global.com/EN/HERITAGE_COLLECTION/skyline_gt-r_1997.html,engine,"RB26DETT (6-cyl. in line, 4-valve DOHC with twin-turbo) 2,568cc"
Skyline,211,Skyline GT-R V-Spec (1997 : BCNR33),1997,https://www.nissan-global.com/EN/HERITAGE_COLLECTION/skyline_gt-r_1997.html,engine_max_power,"206kW(280ps)/6,800rpm"
Skyline,211,Skyline GT-R V-Spec (1997 : BCNR33),1997,https://www.nissan-global.com/EN/HERITAGE_COLLECTION/skyline_gt-r_1997.html,engine_max_torque,"368Nm(37.5kgfm)/4,400rpm"
Skyline,211,Skyline GT-R V-Spec (1997 : BCNR33),1997,https://www.nissan-global.com/EN/HERITAGE_COLLECTION/skyline_gt-r_1997.html,suspension_front_rear,Multilink /Multilink (independent)
Skyline,211,Skyline GT-R V-Spec (1997 : BCNR33),1997,https://www.nissan-global.com/EN/HERITAGE_COLLECTION/skyline_gt-r_1997.html,brakes_front_rear,Ventilated disc / Ventilated disc
Skyline,211,Skyline GT-R V-Spec (1997 : BCNR33),1997,https://www.nissan-global.com/EN/HERITAGE_COLLECTION/skyline_gt-r_1997.html,tires,245/45ZR17
Skyline,211,Skyline GT-R V-Spec (1997 : BCNR33),1997,https://www.nissan-global.com/EN/HERITAGE_COLLECTION/skyline_gt-r_1997.html,other,"Skyline 2000GT-R's ""50 wins"" list."
Skyline,190,Skyline GT-R (1998 : BCNR33),1998,https://www.nissan-global.com/EN/HERITAGE_COLLECTION/skyline_gt-r_1998.html,overall_length_width_height,"4,675/1,885/1,280mm"
Skyline,190,Skyline GT-R (1998 : BCNR33),1998,https://www.nissan-global.com/EN/HERITAGE_COLLECTION/skyline_gt-r_1998.html,wheelbase,"2,720mm"
Skyline,190,Skyline GT-R (1998 : BCNR33),1998,https://www.nissan-global.com/EN/HERITAGE_COLLECTION/skyline_gt-r_1998.html,tread_front_rear,"1,560/1,535mm"
Skyline,190,Skyline GT-R (1998 : BCNR33),1998,https://www.nissan-global.com/EN/HERITAGE_COLLECTION/skyline_gt-r_1998.html,curb_weight,"Over 1,200kg"
Skyline,190,Skyline GT-R (1998 : BCNR33),1998,https://www.nissan-global.com/EN/HERITAGE_COLLECTION/skyline_gt-r_1998.html,engine,"RB26DETT (6-cyl. in line, DOHC), 2,708cc"
Skyline,190,Skyline GT-R (1998 : BCNR33),1998,https://www.nissan-global.com/EN/HERITAGE_COLLECTION/skyline_gt-r_1998.html,engine_max_power,Over 368kW (500PS)
Skyline,190,Skyline GT-R (1998 : BCNR33),1998,https://www.nissan-global.com/EN/HERITAGE_COLLECTION/skyline_gt-r_1998.html,engine_max_torque,Over 706Nm (72.0kgm)
Skyline,190,Skyline GT-R (1998 : BCNR33),1998,https://www.nissan-global.com/EN/HERITAGE_COLLECTION/skyline_gt-r_1998.html,transmission,X-TRAC 6-speed (sequential)
Skyline,190,Skyline GT-R (1998 : BCNR33),1998,https://www.nissan-global.com/EN/HERITAGE_COLLECTION/skyline_gt-r_1998.html,suspension,Double wishbone (front & rear)
Skyline,190,Skyline GT-R (1998 : BCNR33),1998,https://www.nissan-global.com/EN/HERITAGE_COLLECTION/skyline_gt-r_1998.html,brakes,Ventilated disc (front & rear)
Skyline,190,Skyline GT-R (1998 : BCNR33),1998,https://www.nissan-global.com/EN/HERITAGE_COLLECTION/skyline_gt-r_1998.html,tires_front_rear,"315/40R18, 330/40R18"
Skyline,190,Skyline GT-R (1998 : BCNR33),1998,https://www.nissan-global.com/EN/HERITAGE_COLLECTION/skyline_gt-r_1998.html,other,"Skyline 2000GT-R's ""50 wins"" list."
Skyline,342,Skyline GT-R Autech Version 40th Anniversary (1998: BCNR33),1998,https://www.nissan-global.com/EN/HERITAGE_COLLECTION/342_skyline_gt-r_autech.html,overall_length_width_height,"4,755/1,780/1,380mm"
Skyline,342,Skyline GT-R Autech Version 40th Anniversary (1998: BCNR33),1998,https://www.nissan-global.com/EN/HERITAGE_COLLECTION/342_skyline_gt-r_autech.html,wheelbase,"2,720mm"
Skyline,342,Skyline GT-R Autech Version 40th Anniversary (1998: BCNR33),1998,https://www.nissan-global.com/EN/HERITAGE_COLLECTION/342_skyline_gt-r_autech.html,tread_front_rear,"1,480/1,490mm"
Skyline,342,Skyline GT-R Autech Version 40th Anniversary (1998: BCNR33),1998,https://www.nissan-global.com/EN/HERITAGE_COLLECTION/342_skyline_gt-r_autech.html,curb_weight,"1,560kg"
Skyline,342,Skyline GT-R Autech Version 40th Anniversary (1998: BCNR33),1998,https://www.nissan-global.com/EN/HERITAGE_COLLECTION/342_skyline_gt-r_autech.html,engine,"RB26DETT (6-cyl. In line, 4-valve DOHC + turbo) 2,568cc"
Skyline,342,Skyline GT-R Autech Version 40th Anniversary (1998: BCNR33),1998,https://www.nissan-global.com/EN/HERITAGE_COLLECTION/342_skyline_gt-r_autech.html,engine_max_power,"206kw(280ps)/6,800rpm"
Skyline,342,Skyline GT-R Autech Version 40th Anniversary (1998: BCNR33),1998,https://www.nissan-global.com/EN/HERITAGE_COLLECTION/342_skyline_gt-r_autech.html,engine_max_torque,"368N·m(37.5kgm)/4,400rpm"
Skyline,342,Skyline GT-R Autech Version 40th Anniversary (1998: BCNR33),1998,https://www.nissan-global.com/EN/HERITAGE_COLLECTION/342_skyline_gt-r_autech.html,suspension_front_rear,Multilink / Multilink
Skyline,342,Skyline GT-R Autech Version 40th Anniversary (1998: BCNR33),1998,https://www.nissan-global.com/EN/HERITAGE_COLLECTION/342_skyline_gt-r_autech.html,brakes_front_rear,Ventilated disc / Ventilated disc
Skyline,342,Skyline GT-R Autech Version 40th Anniversary (1998: BCNR33),1998,https://www.nissan-global.com/EN/HERITAGE_COLLECTION/342_skyline_gt-r_autech.html,tires,245/45ZR17
Skyline,342,Skyline GT-R Autech Version 40th Anniversary (1998: BCNR33),1998,https://www.nissan-global.com/EN/HERITAGE_COLLECTION/342_skyline_gt-r_autech.html,other,"Skyline 2000GT-R's ""50 wins"" list."
Skyline,492,Nissan Skyline 25GT Turbo (1998: ER34),1998,https://www.nissan-global.com/EN/HERITAGE_COLLECTION/492_skyline_25gt_turbo.html,overall_length_width_height,"4,705/1,720/1,375mm"
Skyline,492,Nissan Skyline 25GT Turbo (1998: ER34),1998,https://www.nissan-global.com/EN/HERITAGE_COLLECTION/492_skyline_25gt_turbo.html,wheelbase,"2,665mm"
Skyline,492,Nissan Skyline 25GT Turbo (1998: ER34),1998,https://www.nissan-global.com/EN/HERITAGE_COLLECTION/492_skyline_25gt_turbo.html,tread,"1,480/1,470mm"
Skyline,492,Nissan Skyline 25GT Turbo (1998: ER34),1998,https://www.nissan-global.com/EN/HERITAGE_COLLECTION/492_skyline_25gt_turbo.html,curb_weight,"1,450kg"
Skyline,492,Nissan Skyline 25GT Turbo (1998: ER34),1998,https://www.nissan-global.com/EN/HERITAGE_COLLECTION/492_skyline_25gt_turbo.html,engine,"RB25DET (6-cyl. inline, 4-valve DOHC with turbo) 2,498cc"
Skyline,492,Nissan Skyline 25GT Turbo (1998: ER34),1998,https://www.nissan-global.com/EN/HERITAGE_COLLECTION/492_skyline_25gt_turbo.html,engine_max_power,"206kW (280ps)/6,400rpm"
Skyline,492,Nissan Skyline 25GT Turbo (1998: ER34),1998,https://www.nissan-global.com/EN/HERITAGE_COLLECTION/492_skyline_25gt_turbo.html,engine_max_torque,"43N·m (35.0kgf·m)/3,200rpm"
Skyline,492,Nissan Skyline 25GT Turbo (1998: ER34),1998,https://www.nissan-global.com/EN/HERITAGE_COLLECTION/492_skyline_25gt_turbo.html,suspension_front_rear,Multilink/Multilink (independent)
Skyline,492,Nissan Skyline 25GT Turbo (1998: ER34),1998,https://www.nissan-global.com/EN/HERITAGE_COLLECTION/492_skyline_25gt_turbo.html,brakes_front_rear,Ventilated disc/Ventilated disc
Skyline,492,Nissan Skyline 25GT Turbo (1998: ER34),1998,https://www.nissan-global.com/EN/HERITAGE_COLLECTION/492_skyline_25gt_turbo.html,tires,225/45ZR17
Skyline,180,Skyline GT-R (1999 : BNR34),1999,https://www.nissan-global.com/EN/HERITAGE_COLLECTION/skyline_gt-r_1999.html,overall_length_width_height,"4,600/1,885/_____mm"
Skyline,180,Skyline GT-R (1999 : BNR34),1999,https://www.nissan-global.com/EN/HERITAGE_COLLECTION/skyline_gt-r_1999.html,wheelbase,"2,665mm"
Skyline,180,Skyline GT-R (1999 : BNR34),1999,https://www.nissan-global.com/EN/HERITAGE_COLLECTION/skyline_gt-r_1999.html,tread_front_rear,"1,565/1,540mm"
Skyline,180,Skyline GT-R (1999 : BNR34),1999,https://www.nissan-global.com/EN/HERITAGE_COLLECTION/skyline_gt-r_1999.html,curb_weight,"Over 1,200kg"
Skyline,180,Skyline GT-R (1999 : BNR34),1999,https://www.nissan-global.com/EN/HERITAGE_COLLECTION/skyline_gt-r_1999.html,engine,"RB26DETT (6-cyl. in line, DOHC), 2,708cc"
Skyline,180,Skyline GT-R (1999 : BNR34),1999,https://www.nissan-global.com/EN/HERITAGE_COLLECTION/skyline_gt-r_1999.html,engine_max_power,"386kW (500PS) /6,000rpm"
Skyline,180,Skyline GT-R (1999 : BNR34),1999,https://www.nissan-global.com/EN/HERITAGE_COLLECTION/skyline_gt-r_1999.html,engine_max_torque,"Over 706Nm (72.0kgm)/4,400rpm"
Skyline,180,Skyline GT-R (1999 : BNR34),1999,https://www.nissan-global.com/EN/HERITAGE_COLLECTION/skyline_gt-r_1999.html,transmission,X-TRAC 6-speed (sequential)
Skyline,180,Skyline GT-R (1999 : BNR34),1999,https://www.nissan-global.com/EN/HERITAGE_COLLECTION/skyline_gt-r_1999.html,suspension,Double wishbone (front & rear)
Skyline,180,Skyline GT-R (1999 : BNR34),1999,https://www.nissan-global.com/EN/HERITAGE_COLLECTION/skyline_gt-r_1999.html,brakes,Ventilated disc (front & rear)
Skyline,180,Skyline GT-R (1999 : BNR34),1999,https://www.nissan-global.com/EN/HERITAGE_COLLECTION/skyline_gt-r_1999.html,wheels_front_rear,"12.0Jx18, 12.75Jx18"
Skyline,180,Skyline GT-R (1999 : BNR34),1999,https://www.nissan-global.com/EN/HERITAGE_COLLECTION/skyline_gt-r_1999.html,tires_front_rear,"315/40R18, 335/40R18"
Skyline,180,Skyline GT-R (1999 : BNR34),1999,https://www.nissan-global.com/EN/HERITAGE_COLLECTION/skyline_gt-r_1999.html,other,"Skyline 2000GT-R's ""50 wins"" list."
Skyline,191,Skyline GT-R (2000 : BNR34),2000,https://www.nissan-global.com/EN/HERITAGE_COLLECTION/skyline_gt-r_2000.html,overall_length_width_height,"4,675/1,880/1,280mm"
Skyline,191,Skyline GT-R (2000 : BNR34),2000,https://www.nissan-global.com/EN/HERITAGE_COLLECTION/skyline_gt-r_2000.html,wheelbase,"2,665mm"
Skyline,191,Skyline GT-R (2000 : BNR34),2000,https://www.nissan-global.com/EN/HERITAGE_COLLECTION/skyline_gt-r_2000.html,tread_front_rear,"1,565/1,545mm"
Skyline,191,Skyline GT-R (2000 : BNR34),2000,https://www.nissan-global.com/EN/HERITAGE_COLLECTION/skyline_gt-r_2000.html,curb_weight,"Over 1,100kg"
Skyline,191,Skyline GT-R (2000 : BNR34),2000,https://www.nissan-global.com/EN/HERITAGE_COLLECTION/skyline_gt-r_2000.html,engine,"RB26DETT (6-cyl. in line, DOHC), 2,708cc"
Skyline,191,Skyline GT-R (2000 : BNR34),2000,https://www.nissan-global.com/EN/HERITAGE_COLLECTION/skyline_gt-r_2000.html,engine_max_power,"Over 338kW (460PS) /6,000rpm"
Skyline,191,Skyline GT-R (2000 : BNR34),2000,https://www.nissan-global.com/EN/HERITAGE_COLLECTION/skyline_gt-r_2000.html,engine_max_torque,"Over 686Nm (70kgm)/4,400rpm"
Skyline,191,Skyline GT-R (2000 : BNR34),2000,https://www.nissan-global.com/EN/HERITAGE_COLLECTION/skyline_gt-r_2000.html,clutch,5.5in. carbon plate
Skyline,191,Skyline GT-R (2000 : BNR34),2000,https://www.nissan-global.com/EN/HERITAGE_COLLECTION/skyline_gt-r_2000.html,transmission,X-TRAC 6-speed (sequential)
Skyline,191,Skyline GT-R (2000 : BNR34),2000,https://www.nissan-global.com/EN/HERITAGE_COLLECTION/skyline_gt-r_2000.html,suspension,Double wishbone (front & rear)
Skyline,191,Skyline GT-R (2000 : BNR34),2000,https://www.nissan-global.com/EN/HERITAGE_COLLECTION/skyline_gt-r_2000.html,brakes,Ventilated disc (front & rear)
Skyline,191,Skyline GT-R (2000 : BNR34),2000,https://www.nissan-global.com/EN/HERITAGE_COLLECTION/skyline_gt-r_2000.html,tires_front_rear,335/40R18 (front & rear)
Skyline,191,Skyline GT-R (2000 : BNR34),2000,https://www.nissan-global.com/EN/HERITAGE_COLLECTION/skyline_gt-r_2000.html,other,"Skyline 2000GT-R's ""50 wins"" list."
Skyline,280,Skyline GT-R V⋅spec II (2000: BNR34),2000,https://www.nissan-global.com/EN/HERITAGE_COLLECTION/280_skyline_gt-r_v-spec_ii.html,overall_length_width_height,"4,600/1,780/1,360mm"
Skyline,280,Skyline GT-R V⋅spec II (2000: BNR34),2000,https://www.nissan-global.com/EN/HERITAGE_COLLECTION/280_skyline_gt-r_v-spec_ii.html,wheelbase,"2,665mm"
Skyline,280,Skyline GT-R V⋅spec II (2000: BNR34),2000,https://www.nissan-global.com/EN/HERITAGE_COLLECTION/280_skyline_gt-r_v-spec_ii.html,tread_front_rear,"1,480/1,490mm"
Skyline,280,Skyline GT-R V⋅spec II (2000: BNR34),2000,https://www.nissan-global.com/EN/HERITAGE_COLLECTION/280_skyline_gt-r_v-spec_ii.html,curb_weight,"1,560kg"
Skyline,280,Skyline GT-R V⋅spec II (2000: BNR34),2000,https://www.nissan-global.com/EN/HERITAGE_COLLECTION/280_skyline_gt-r_v-spec_ii.html,engine,"RB26DETT (6-cyl. In line, 4-valve DOHC + turbo) 2,568cc"
Skyline,280,Skyline GT-R V⋅spec II (2000: BNR34),2000,https://www.nissan-global.com/EN/HERITAGE_COLLECTION/280_skyline_gt-r_v-spec_ii.html,engine_max_power,"206kw(280ps)/6,800rpm"
Skyline,280,Skyline GT-R V⋅spec II (2000: BNR34),2000,https://www.nissan-global.com/EN/HERITAGE_COLLECTION/280_skyline_gt-r_v-spec_ii.html,engine_max_torque,"392N·m(40.0kgm)/4,400rpm"
Skyline,280,Skyline GT-R V⋅spec II (2000: BNR34),2000,https://www.nissan-global.com/EN/HERITAGE_COLLECTION/280_skyline_gt-r_v-spec_ii.html,suspension_front_rear,Multilink / Multilink
Skyline,280,Skyline GT-R V⋅spec II (2000: BNR34),2000,https://www.nissan-global.com/EN/HERITAGE_COLLECTION/280_skyline_gt-r_v-spec_ii.html,brakes_front_rear,Ventilated disc / Ventilated disc
Skyline,280,Skyline GT-R V⋅spec II (2000: BNR34),2000,https://www.nissan-global.com/EN/HERITAGE_COLLECTION/280_skyline_gt-r_v-spec_ii.html,tires,245/40ZR18
Skyline,280,Skyline GT-R V⋅spec II (2000: BNR34),2000,https://www.nissan-global.com/EN/HERITAGE_COLLECTION/280_skyline_gt-r_v-spec_ii.html,other,"Skyline 2000GT-R's ""50 wins"" list ."
Skyline,306,Skyline GT-R M⋅spec NE (2000: BNR34),2000,https://www.nissan-global.com/EN/HERITAGE_COLLECTION/306_skyline_gt-r_m-spec_nur.html,overall_length_width_height,"4,600/1,780/1,360mm"
Skyline,306,Skyline GT-R M⋅spec NE (2000: BNR34),2000,https://www.nissan-global.com/EN/HERITAGE_COLLECTION/306_skyline_gt-r_m-spec_nur.html,wheelbase,"2,665mm"
Skyline,306,Skyline GT-R M⋅spec NE (2000: BNR34),2000,https://www.nissan-global.com/EN/HERITAGE_COLLECTION/306_skyline_gt-r_m-spec_nur.html,tread_front_rear,"1,480/1,490mm"
Skyline,306,Skyline GT-R M⋅spec NE (2000: BNR34),2000,https://www.nissan-global.com/EN/HERITAGE_COLLECTION/306_skyline_gt-r_m-spec_nur.html,curb_weight,"1,580kg"
Skyline,306,Skyline GT-R M⋅spec NE (2000: BNR34),2000,https://www.nissan-global.com/EN/HERITAGE_COLLECTION/306_skyline_gt-r_m-spec_nur.html,engine,"RB26DETT (6-cyl. In line, 4-valve DOHC + turbo) 2,568cc"
Skyline,306,Skyline GT-R M⋅spec NE (2000: BNR34),2000,https://www.nissan-global.com/EN/HERITAGE_COLLECTION/306_skyline_gt-r_m-spec_nur.html,engine_max_power,"206kw(280ps)/6,800rpm"
Skyline,306,Skyline GT-R M⋅spec NE (2000: BNR34),2000,https://www.nissan-global.com/EN/HERITAGE_COLLECTION/306_skyline_gt-r_m-spec_nur.html,engine_max_torque,"392N·m(40.0kgm)/4,400rpm"
Skyline,306,Skyline GT-R M⋅spec NE (2000: BNR34),2000,https://www.nissan-global.com/EN/HERITAGE_COLLECTION/306_skyline_gt-r_m-spec_nur.html,suspension_front_rear,Multilink / Multilink
Skyline,306,Skyline GT-R M⋅spec NE (2000: BNR34),2000,https://www.nissan-global.com/EN/HERITAGE_COLLECTION/306_skyline_gt-r_m-spec_nur.html,brakes_front_rear,Ventilated disc / Ventilated disc
Skyline,306,Skyline GT-R M⋅spec NE (2000: BNR34),2000,https://www.nissan-global.com/EN/HERITAGE_COLLECTION/306_skyline_gt-r_m-spec_nur.html,tires,245/40ZR18
Skyline,306,Skyline GT-R M⋅spec NE (2000: BNR34),2000,https://www.nissan-global.com/EN/HERITAGE_COLLECTION/306_skyline_gt-r_m-spec_nur.html,other,"Skyline 2000GT-R's ""50 wins"" list ."
Skyline,240,Skyline GT-R (2002 : BNR34),2002,https://www.nissan-global.com/EN/HERITAGE_COLLECTION/skyline_gt-r_2002.html,overall_length_width_height,"4,600/1,885/1,140mm"
Skyline,240,Skyline GT-R (2002 : BNR34),2002,https://www.nissan-global.com/EN/HERITAGE_COLLECTION/skyline_gt-r_2002.html,wheelbase,"2,665mm"
Skyline,240,Skyline GT-R (2002 : BNR34),2002,https://www.nissan-global.com/EN/HERITAGE_COLLECTION/skyline_gt-r_2002.html,tread_front_rear,"1,560/1,535mm"
Skyline,240,Skyline GT-R (2002 : BNR34),2002,https://www.nissan-global.com/EN/HERITAGE_COLLECTION/skyline_gt-r_2002.html,curb_weight,"Over 1,200kg"
Skyline,240,Skyline GT-R (2002 : BNR34),2002,https://www.nissan-global.com/EN/HERITAGE_COLLECTION/skyline_gt-r_2002.html,engine,"RB26DETT (6-cyl. in line, DOHC), 2,708cc"
Skyline,240,Skyline GT-R (2002 : BNR34),2002,https://www.nissan-global.com/EN/HERITAGE_COLLECTION/skyline_gt-r_2002.html,engine_max_power,"338kW (460PS) /6,000rpm"
Skyline,240,Skyline GT-R (2002 : BNR34),2002,https://www.nissan-global.com/EN/HERITAGE_COLLECTION/skyline_gt-r_2002.html,engine_max_torque,"686Nm (70kgm)/4,400rpm"
Skyline,240,Skyline GT-R (2002 : BNR34),2002,https://www.nissan-global.com/EN/HERITAGE_COLLECTION/skyline_gt-r_2002.html,transmission,6-speed (sequential)
Skyline,240,Skyline GT-R (2002 : BNR34),2002,https://www.nissan-global.com/EN/HERITAGE_COLLECTION/skyline_gt-r_2002.html,suspension,Multilink (front & rear)
Skyline,240,Skyline GT-R (2002 : BNR34),2002,https://www.nissan-global.com/EN/HERITAGE_COLLECTION/skyline_gt-r_2002.html,brakes,Ventilated disc (front & rear)
Skyline,240,Skyline GT-R (2002 : BNR34),2002,https://www.nissan-global.com/EN/HERITAGE_COLLECTION/skyline_gt-r_2002.html,tires_wheels,335/40R18 (12J/13J)
Skyline,240,Skyline GT-R (2002 : BNR34),2002,https://www.nissan-global.com/EN/HERITAGE_COLLECTION/skyline_gt-r_2002.html,other,"Skyline 2000GT-R's ""50 wins"" list."
Skyline,368,MOTUL PITWORK GT-R 2003 JGTC No. 22 (2003: BNR34),2003,https://www.nissan-global.com/EN/HERITAGE_COLLECTION/368_motul_pitwork_gt-r_2003_jgtc_no-22.html,overall_length_width_height,"4,600/1,885/----mm"
Skyline,368,MOTUL PITWORK GT-R 2003 JGTC No. 22 (2003: BNR34),2003,https://www.nissan-global.com/EN/HERITAGE_COLLECTION/368_motul_pitwork_gt-r_2003_jgtc_no-22.html,wheelbase,"2,665mm"
Skyline,368,MOTUL PITWORK GT-R 2003 JGTC No. 22 (2003: BNR34),2003,https://www.nissan-global.com/EN/HERITAGE_COLLECTION/368_motul_pitwork_gt-r_2003_jgtc_no-22.html,tread_front_rear,"1,555/1,555mm"
Skyline,368,MOTUL PITWORK GT-R 2003 JGTC No. 22 (2003: BNR34),2003,https://www.nissan-global.com/EN/HERITAGE_COLLECTION/368_motul_pitwork_gt-r_2003_jgtc_no-22.html,curb_weight,"1,080kg"
Skyline,368,MOTUL PITWORK GT-R 2003 JGTC No. 22 (2003: BNR34),2003,https://www.nissan-global.com/EN/HERITAGE_COLLECTION/368_motul_pitwork_gt-r_2003_jgtc_no-22.html,engine,"VQ30DETT (V6, 4-valve DOHC with twin turbo) 2,987cc"
Skyline,368,MOTUL PITWORK GT-R 2003 JGTC No. 22 (2003: BNR34),2003,https://www.nissan-global.com/EN/HERITAGE_COLLECTION/368_motul_pitwork_gt-r_2003_jgtc_no-22.html,engine_max_power,"Over 356kW(485ps)/5,600rpm"
Skyline,368,MOTUL PITWORK GT-R 2003 JGTC No. 22 (2003: BNR34),2003,https://www.nissan-global.com/EN/HERITAGE_COLLECTION/368_motul_pitwork_gt-r_2003_jgtc_no-22.html,engine_max_torque,"Over 735N·m(75kgm)/4,000rpm"
Skyline,368,MOTUL PITWORK GT-R 2003 JGTC No. 22 (2003: BNR34),2003,https://www.nissan-global.com/EN/HERITAGE_COLLECTION/368_motul_pitwork_gt-r_2003_jgtc_no-22.html,suspension_front_rear,Double wishbone / Double wishbone
Skyline,368,MOTUL PITWORK GT-R 2003 JGTC No. 22 (2003: BNR34),2003,https://www.nissan-global.com/EN/HERITAGE_COLLECTION/368_motul_pitwork_gt-r_2003_jgtc_no-22.html,brakes_front_rear,Ventilated disc / Ventilated disc
Skyline,368,MOTUL PITWORK GT-R 2003 JGTC No. 22 (2003: BNR34),2003,https://www.nissan-global.com/EN/HERITAGE_COLLECTION/368_motul_pitwork_gt-r_2003_jgtc_no-22.html,tires,330-40-R18
Skyline,368,MOTUL PITWORK GT-R 2003 JGTC No. 22 (2003: BNR34),2003,https://www.nissan-global.com/EN/HERITAGE_COLLECTION/368_motul_pitwork_gt-r_2003_jgtc_no-22.html,other,"Skyline 2000GT-R's ""50 wins"" list ."
Skyline,497,Nissan Skyline Coupe 350GT (2003: CPV35),2003,https://www.nissan-global.com/EN/HERITAGE_COLLECTION/497_skyline_coupe_350gt.html,overall_length_width_height,"4,640/1,815/1,395mm"
Skyline,497,Nissan Skyline Coupe 350GT (2003: CPV35),2003,https://www.nissan-global.com/EN/HERITAGE_COLLECTION/497_skyline_coupe_350gt.html,wheelbase,"2,850mm"
Skyline,497,Nissan Skyline Coupe 350GT (2003: CPV35),2003,https://www.nissan-global.com/EN/HERITAGE_COLLECTION/497_skyline_coupe_350gt.html,tread,"1,535/1,540mm"
Skyline,497,Nissan Skyline Coupe 350GT (2003: CPV35),2003,https://www.nissan-global.com/EN/HERITAGE_COLLECTION/497_skyline_coupe_350gt.html,curb_weight,"1,530kg"
Skyline,497,Nissan Skyline Coupe 350GT (2003: CPV35),2003,https://www.nissan-global.com/EN/HERITAGE_COLLECTION/497_skyline_coupe_350gt.html,engine,"VQ35DE (V6, 4-valve DOHC) 3,498cc"
Skyline,497,Nissan Skyline Coupe 350GT (2003: CPV35),2003,https://www.nissan-global.com/EN/HERITAGE_COLLECTION/497_skyline_coupe_350gt.html,engine_max_power,"206kW (280ps)/6,200rpm"
Skyline,497,Nissan Skyline Coupe 350GT (2003: CPV35),2003,https://www.nissan-global.com/EN/HERITAGE_COLLECTION/497_skyline_coupe_350gt.html,engine_max_torque,"363N·m (37.0kgf·m)/4,800rpm"
Skyline,497,Nissan Skyline Coupe 350GT (2003: CPV35),2003,https://www.nissan-global.com/EN/HERITAGE_COLLECTION/497_skyline_coupe_350gt.html,suspension_front_rear,Multilink/Multilink (independent)
Skyline,497,Nissan Skyline Coupe 350GT (2003: CPV35),2003,https://www.nissan-global.com/EN/HERITAGE_COLLECTION/497_skyline_coupe_350gt.html,brakes_front_rear,Ventilated disc/Ventilated disc
Skyline,497,Nissan Skyline Coupe 350GT (2003: CPV35),2003,https://www.nissan-global.com/EN/HERITAGE_COLLECTION/497_skyline_coupe_350gt.html,tires,"225/50R17, 235/50R17"
Skyline,417,Nissan Skyline 350GT-8 (2005: PV35),2005,https://www.nissan-global.com/EN/HERITAGE_COLLECTION/417_skyline_350gt_8.html,overall_length_width_height,"4,750/1,750/1,470mm"
Skyline,417,Nissan Skyline 350GT-8 (2005: PV35),2005,https://www.nissan-global.com/EN/HERITAGE_COLLECTION/417_skyline_350gt_8.html,wheelbase,"2,850mm"
Skyline,417,Nissan Skyline 350GT-8 (2005: PV35),2005,https://www.nissan-global.com/EN/HERITAGE_COLLECTION/417_skyline_350gt_8.html,tread,"1,500/1,505mm"
Skyline,417,Nissan Skyline 350GT-8 (2005: PV35),2005,https://www.nissan-global.com/EN/HERITAGE_COLLECTION/417_skyline_350gt_8.html,curb_weight,"1,580kg"
Skyline,417,Nissan Skyline 350GT-8 (2005: PV35),2005,https://www.nissan-global.com/EN/HERITAGE_COLLECTION/417_skyline_350gt_8.html,engine,"VQ35DE (V6, 4-valve DOHC) 3,498cc"
Skyline,417,Nissan Skyline 350GT-8 (2005: PV35),2005,https://www.nissan-global.com/EN/HERITAGE_COLLECTION/417_skyline_350gt_8.html,engine_max_power,"200kW (272ps)/6,000rpm"
Skyline,417,Nissan Skyline 350GT-8 (2005: PV35),2005,https://www.nissan-global.com/EN/HERITAGE_COLLECTION/417_skyline_350gt_8.html,engine_max_torque,"353N·m (36.0kgf·m)/4,800rpm"
Skyline,417,Nissan Skyline 350GT-8 (2005: PV35),2005,https://www.nissan-global.com/EN/HERITAGE_COLLECTION/417_skyline_350gt_8.html,suspension_front_rear,Multilink/Multilink (independent)
Skyline,417,Nissan Skyline 350GT-8 (2005: PV35),2005,https://www.nissan-global.com/EN/HERITAGE_COLLECTION/417_skyline_350gt_8.html,brakes_front_rear,Ventilated disc/Ventilated disc
Skyline,417,Nissan Skyline 350GT-8 (2005: PV35),2005,https://www.nissan-global.com/EN/HERITAGE_COLLECTION/417_skyline_350gt_8.html,tires,235/45R18 94W
Skyline,418,NISSAN GT-R (2007: R35),2007,https://www.nissan-global.com/EN/HERITAGE_COLLECTION/418_nissan_gt-r.html,overall_length_width_height,"4,655/1,895/1,370mm"
Skyline,418,NISSAN GT-R (2007: R35),2007,https://www.nissan-global.com/EN/HERITAGE_COLLECTION/418_nissan_gt-r.html,wheelbase,"2,780mm"
Skyline,418,NISSAN GT-R (2007: R35),2007,https://www.nissan-global.com/EN/HERITAGE_COLLECTION/418_nissan_gt-r.html,tread_front_rear,"1,590/1,600mm"
Skyline,418,NISSAN GT-R (2007: R35),2007,https://www.nissan-global.com/EN/HERITAGE_COLLECTION/418_nissan_gt-r.html,curb_weight,"1,740kg"
Skyline,418,NISSAN GT-R (2007: R35),2007,https://www.nissan-global.com/EN/HERITAGE_COLLECTION/418_nissan_gt-r.html,engine,"VR38DETT (V6, 4-valve DOHC with twin turbo) 3,799cc"
Skyline,418,NISSAN GT-R (2007: R35),2007,https://www.nissan-global.com/EN/HERITAGE_COLLECTION/418_nissan_gt-r.html,engine_max_power,"353kW(480ps)/6,400rpm"
Skyline,418,NISSAN GT-R (2007: R35),2007,https://www.nissan-global.com/EN/HERITAGE_COLLECTION/418_nissan_gt-r.html,engine_max_torque,"588N·m(60.0kgm)/3,200-5,200rpm"
Skyline,418,NISSAN GT-R (2007: R35),2007,https://www.nissan-global.com/EN/HERITAGE_COLLECTION/418_nissan_gt-r.html,suspension_front_rear,Double wishbone / Multilink
Skyline,418,NISSAN GT-R (2007: R35),2007,https://www.nissan-global.com/EN/HERITAGE_COLLECTION/418_nissan_gt-r.html,brakes_front_rear,Ventilated disc / Ventilated disc
Skyline,418,NISSAN GT-R (2007: R35),2007,https://www.nissan-global.com/EN/HERITAGE_COLLECTION/418_nissan_gt-r.html,tires,255/40ZRF20 / 285/35ZRF20 (100Y)
Skyline,418,NISSAN GT-R (2007: R35),2007,https://www.nissan-global.com/EN/HERITAGE_COLLECTION/418_nissan_gt-r.html,other,"Skyline 2000GT-R's ""50 wins"" list ."
Skyline,498,Nissan Skyline Coupe 370GT Type S (2007: CKV36),2007,https://www.nissan-global.com/EN/HERITAGE_COLLECTION/498_skyline_coupe_370gt.html,overall_length_width_height,"4,655/1,820/1,390mm"
Skyline,498,Nissan Skyline Coupe 370GT Type S (2007: CKV36),2007,https://www.nissan-global.com/EN/HERITAGE_COLLECTION/498_skyline_coupe_370gt.html,wheelbase,"2,850mm"
Skyline,498,Nissan Skyline Coupe 370GT Type S (2007: CKV36),2007,https://www.nissan-global.com/EN/HERITAGE_COLLECTION/498_skyline_coupe_370gt.html,tread,"1,545/1,560mm"
Skyline,498,Nissan Skyline Coupe 370GT Type S (2007: CKV36),2007,https://www.nissan-global.com/EN/HERITAGE_COLLECTION/498_skyline_coupe_370gt.html,curb_weight,"1,530kg"
Skyline,498,Nissan Skyline Coupe 370GT Type S (2007: CKV36),2007,https://www.nissan-global.com/EN/HERITAGE_COLLECTION/498_skyline_coupe_370gt.html,engine,"VQ37VHR (V6, 4-valve DOHC) 3,696cc"
Skyline,498,Nissan Skyline Coupe 370GT Type S (2007: CKV36),2007,https://www.nissan-global.com/EN/HERITAGE_COLLECTION/498_skyline_coupe_370gt.html,engine_max_power,"245kW (333ps)/7,000rpm"
Skyline,498,Nissan Skyline Coupe 370GT Type S (2007: CKV36),2007,https://www.nissan-global.com/EN/HERITAGE_COLLECTION/498_skyline_coupe_370gt.html,engine_max_torque,"363N·m (37.0kgf·m)/5,200rpm"
Skyline,498,Nissan Skyline Coupe 370GT Type S (2007: CKV36),2007,https://www.nissan-global.com/EN/HERITAGE_COLLECTION/498_skyline_coupe_370gt.html,suspension_front_rear,Double wishbone/Multilink (independent)
Skyline,498,Nissan Skyline Coupe 370GT Type S (2007: CKV36),2007,https://www.nissan-global.com/EN/HERITAGE_COLLECTION/498_skyline_coupe_370gt.html,brakes_front_rear,Ventilated disc/Ventilated disc
Skyline,498,Nissan Skyline Coupe 370GT Type S (2007: CKV36),2007,https://www.nissan-global.com/EN/HERITAGE_COLLECTION/498_skyline_coupe_370gt.html,tires,"225/45R19, 245/40R19"
Skyline,295,NISSAN GT-R Bolt Special (2012: R35),2012,https://www.nissan-global.com/EN/HERITAGE_COLLECTION/295_nissan_gt-r_bolt_special.html,overall_length_width_height,"4,670/1,895/1,370mm"
Skyline,295,NISSAN GT-R Bolt Special (2012: R35),2012,https://www.nissan-global.com/EN/HERITAGE_COLLECTION/295_nissan_gt-r_bolt_special.html,wheelbase,"2,780mm"
Skyline,295,NISSAN GT-R Bolt Special (2012: R35),2012,https://www.nissan-global.com/EN/HERITAGE_COLLECTION/295_nissan_gt-r_bolt_special.html,tread_front_rear,"1,590/1,600mm"
Skyline,295,NISSAN GT-R Bolt Special (2012: R35),2012,https://www.nissan-global.com/EN/HERITAGE_COLLECTION/295_nissan_gt-r_bolt_special.html,curb_weight,"1,730kg"
Skyline,295,NISSAN GT-R Bolt Special (2012: R35),2012,https://www.nissan-global.com/EN/HERITAGE_COLLECTION/295_nissan_gt-r_bolt_special.html,engine,"VR38DETT (V6, 4-valve DOHC with twin turbo) 3,799cc"
Skyline,295,NISSAN GT-R Bolt Special (2012: R35),2012,https://www.nissan-global.com/EN/HERITAGE_COLLECTION/295_nissan_gt-r_bolt_special.html,engine_max_power,405kw(550ps)/6400rpm
Skyline,295,NISSAN GT-R Bolt Special (2012: R35),2012,https://www.nissan-global.com/EN/HERITAGE_COLLECTION/295_nissan_gt-r_bolt_special.html,engine_max_torque,632N·m(64.5kgm)/3200-5800rpm
Skyline,295,NISSAN GT-R Bolt Special (2012: R35),2012,https://www.nissan-global.com/EN/HERITAGE_COLLECTION/295_nissan_gt-r_bolt_special.html,suspension_front_rear,Double wishbone / Multilink
Skyline,295,NISSAN GT-R Bolt Special (2012: R35),2012,https://www.nissan-global.com/EN/HERITAGE_COLLECTION/295_nissan_gt-r_bolt_special.html,brakes_front_rear,Ventilated disc / Ventilated disc
Skyline,295,NISSAN GT-R Bolt Special (2012: R35),2012,https://www.nissan-global.com/EN/HERITAGE_COLLECTION/295_nissan_gt-r_bolt_special.html,tires,255/40ZRF20 / 285/35ZRF20
Skyline,295,NISSAN GT-R Bolt Special (2012: R35),2012,https://www.nissan-global.com/EN/HERITAGE_COLLECTION/295_nissan_gt-r_bolt_special.html,other,"Skyline 2000GT-R's ""50 wins"" list ."
Skyline,143,NISSAN GT-R NISMO N-Attack Package test car (2013: R35),2013,https://www.nissan-global.com/EN/HERITAGE_COLLECTION/143_nissan_gt-r_nismo_n-attack_package_test_car.html,overall_length_width_height,"4,680/1,895/1,370mm"
Skyline,143,NISSAN GT-R NISMO N-Attack Package test car (2013: R35),2013,https://www.nissan-global.com/EN/HERITAGE_COLLECTION/143_nissan_gt-r_nismo_n-attack_package_test_car.html,wheelbase,"2,780mm"
Skyline,143,NISSAN GT-R NISMO N-Attack Package test car (2013: R35),2013,https://www.nissan-global.com/EN/HERITAGE_COLLECTION/143_nissan_gt-r_nismo_n-attack_package_test_car.html,tread_front_rear,"1,600 / 1,600mm"
Skyline,143,NISSAN GT-R NISMO N-Attack Package test car (2013: R35),2013,https://www.nissan-global.com/EN/HERITAGE_COLLECTION/143_nissan_gt-r_nismo_n-attack_package_test_car.html,curb_weight,"1,740kg"
Skyline,143,NISSAN GT-R NISMO N-Attack Package test car (2013: R35),2013,https://www.nissan-global.com/EN/HERITAGE_COLLECTION/143_nissan_gt-r_nismo_n-attack_package_test_car.html,engine,"VR38DETT (V6, 4-valve DOHC with twin turbo) 3,799cc"
Skyline,143,NISSAN GT-R NISMO N-Attack Package test car (2013: R35),2013,https://www.nissan-global.com/EN/HERITAGE_COLLECTION/143_nissan_gt-r_nismo_n-attack_package_test_car.html,engine_max_power,"441kw(600ps)/6,800rpm"
Skyline,143,NISSAN GT-R NISMO N-Attack Package test car (2013: R35),2013,https://www.nissan-global.com/EN/HERITAGE_COLLECTION/143_nissan_gt-r_nismo_n-attack_package_test_car.html,engine_max_torque,"652N⋅m(66.5kgf⋅m)/3,600-5,600rpm"
Skyline,143,NISSAN GT-R NISMO N-Attack Package test car (2013: R35),2013,https://www.nissan-global.com/EN/HERITAGE_COLLECTION/143_nissan_gt-r_nismo_n-attack_package_test_car.html,suspension_front_rear,Double wishbone / Multilink
Skyline,143,NISSAN GT-R NISMO N-Attack Package test car (2013: R35),2013,https://www.nissan-global.com/EN/HERITAGE_COLLECTION/143_nissan_gt-r_nismo_n-attack_package_test_car.html,brakes_front_rear,Ventilated disc / Ventilated disc
Skyline,143,NISSAN GT-R NISMO N-Attack Package test car (2013: R35),2013,https://www.nissan-global.com/EN/HERITAGE_COLLECTION/143_nissan_gt-r_nismo_n-attack_package_test_car.html,tires,255/40ZRF20 / 285/35ZRF20
Skyline,143,NISSAN GT-R NISMO N-Attack Package test car (2013: R35),2013,https://www.nissan-global.com/EN/HERITAGE_COLLECTION/143_nissan_gt-r_nismo_n-attack_package_test_car.html,other,"Skyline 2000GT-R's ""50 wins"" list ."
Sunny,043,Datsun Sunny 1000 Deluxe (1966: B10),1966,https://www.nissan-global.com/EN/HERITAGE_COLLECTION/datsun_sunny_deluxe.html,overall_length_width_height,"3,820/1,445/1,345mm"
Sunny,043,Datsun Sunny 1000 Deluxe (1966: B10),1966,https://www.nissan-global.com/EN/HERITAGE_COLLECTION/datsun_sunny_deluxe.html,wheelbase,"2,280mm"
Sunny,043,Datsun Sunny 1000 Deluxe (1966: B10),1966,https://www.nissan-global.com/EN/HERITAGE_COLLECTION/datsun_sunny_deluxe.html,tread_front_rear,"1,190/1,180mm"
Sunny,043,Datsun Sunny 1000 Deluxe (1966: B10),1966,https://www.nissan-global.com/EN/HERITAGE_COLLECTION/datsun_sunny_deluxe.html,curb_weight,645kg
Sunny,043,Datsun Sunny 1000 Deluxe (1966: B10),1966,https://www.nissan-global.com/EN/HERITAGE_COLLECTION/datsun_sunny_deluxe.html,engine,"A10 (4-cyl. in line, OHV), 988cc"
Sunny,043,Datsun Sunny 1000 Deluxe (1966: B10),1966,https://www.nissan-global.com/EN/HERITAGE_COLLECTION/datsun_sunny_deluxe.html,engine_max_power,"41kW (56PS)/6,000rpm"
Sunny,043,Datsun Sunny 1000 Deluxe (1966: B10),1966,https://www.nissan-global.com/EN/HERITAGE_COLLECTION/datsun_sunny_deluxe.html,engine_max_torque,"76Nm (7.7kgm)/3,600rpm"
Sunny,043,Datsun Sunny 1000 Deluxe (1966: B10),1966,https://www.nissan-global.com/EN/HERITAGE_COLLECTION/datsun_sunny_deluxe.html,transmission,"3-speed, column shift"
Sunny,043,Datsun Sunny 1000 Deluxe (1966: B10),1966,https://www.nissan-global.com/EN/HERITAGE_COLLECTION/datsun_sunny_deluxe.html,suspension_front,"Horizontal leaf, independent"
Sunny,043,Datsun Sunny 1000 Deluxe (1966: B10),1966,https://www.nissan-global.com/EN/HERITAGE_COLLECTION/datsun_sunny_deluxe.html,suspension_rear,"Semi-elliptic leaf, rigid"
Sunny,043,Datsun Sunny 1000 Deluxe (1966: B10),1966,https://www.nissan-global.com/EN/HERITAGE_COLLECTION/datsun_sunny_deluxe.html,tires,5.50-12-4PR
Sunny,043,Datsun Sunny 1000 Deluxe (1966: B10),1966,https://www.nissan-global.com/EN/HERITAGE_COLLECTION/datsun_sunny_deluxe.html,top_speed,135km/h
Sunny,043,Datsun Sunny 1000 Deluxe (1966: B10),1966,https://www.nissan-global.com/EN/HERITAGE_COLLECTION/datsun_sunny_deluxe.html,other,Pedigree of the LZ: The twin-cam engine that delivered a string of Nissan race & rally victories.
Sunny,204,Datsun Sunny 1000 4-door Deluxe (1967 : B10),1967,https://www.nissan-global.com/EN/HERITAGE_COLLECTION/datsun_sunny_1000_4-door.html,overall_length_width_height,"3,820/1,445/1,345mm"
Sunny,204,Datsun Sunny 1000 4-door Deluxe (1967 : B10),1967,https://www.nissan-global.com/EN/HERITAGE_COLLECTION/datsun_sunny_1000_4-door.html,wheelbase,"2,280mm"
Sunny,204,Datsun Sunny 1000 4-door Deluxe (1967 : B10),1967,https://www.nissan-global.com/EN/HERITAGE_COLLECTION/datsun_sunny_1000_4-door.html,tread_front_rear,"1,190/1,180mm"
Sunny,204,Datsun Sunny 1000 4-door Deluxe (1967 : B10),1967,https://www.nissan-global.com/EN/HERITAGE_COLLECTION/datsun_sunny_1000_4-door.html,curb_weight,665kg
Sunny,204,Datsun Sunny 1000 4-door Deluxe (1967 : B10),1967,https://www.nissan-global.com/EN/HERITAGE_COLLECTION/datsun_sunny_1000_4-door.html,engine,"A10 (4-cyl. in line OHV), 988cc"
Sunny,204,Datsun Sunny 1000 4-door Deluxe (1967 : B10),1967,https://www.nissan-global.com/EN/HERITAGE_COLLECTION/datsun_sunny_1000_4-door.html,engine_max_power,"41kW (56PS)/6,000rpm"
Sunny,204,Datsun Sunny 1000 4-door Deluxe (1967 : B10),1967,https://www.nissan-global.com/EN/HERITAGE_COLLECTION/datsun_sunny_1000_4-door.html,engine_max_torque,"75N·m (7.7kg·m)/3,600rpm"
Sunny,204,Datsun Sunny 1000 4-door Deluxe (1967 : B10),1967,https://www.nissan-global.com/EN/HERITAGE_COLLECTION/datsun_sunny_1000_4-door.html,suspension_front_rear,Lateral leaf (independent) / Parallel leaf
Sunny,204,Datsun Sunny 1000 4-door Deluxe (1967 : B10),1967,https://www.nissan-global.com/EN/HERITAGE_COLLECTION/datsun_sunny_1000_4-door.html,brakes_front_rear,Drum / Drum
Sunny,204,Datsun Sunny 1000 4-door Deluxe (1967 : B10),1967,https://www.nissan-global.com/EN/HERITAGE_COLLECTION/datsun_sunny_1000_4-door.html,tires,5.50-12-4PR
Sunny,204,Datsun Sunny 1000 4-door Deluxe (1967 : B10),1967,https://www.nissan-global.com/EN/HERITAGE_COLLECTION/datsun_sunny_1000_4-door.html,other,Pedigree of the LZ: The twin-cam engine that delivered a string of Nissan race & rally victories.
Sunny,044,Datsun Sunny 1000 Sports Deluxe (1968 : B10),1968,https://www.nissan-global.com/EN/HERITAGE_COLLECTION/datsun_sunny_sports.html,overall_length_width_height,"3,820/1,445/1,345mm"
Sunny,044,Datsun Sunny 1000 Sports Deluxe (1968 : B10),1968,https://www.nissan-global.com/EN/HERITAGE_COLLECTION/datsun_sunny_sports.html,wheelbase,"2,280mm"
Sunny,044,Datsun Sunny 1000 Sports Deluxe (1968 : B10),1968,https://www.nissan-global.com/EN/HERITAGE_COLLECTION/datsun_sunny_sports.html,tread_front_rear,"1,190/1,180mm"
Sunny,044,Datsun Sunny 1000 Sports Deluxe (1968 : B10),1968,https://www.nissan-global.com/EN/HERITAGE_COLLECTION/datsun_sunny_sports.html,curb_weight,665kg
Sunny,044,Datsun Sunny 1000 Sports Deluxe (1968 : B10),1968,https://www.nissan-global.com/EN/HERITAGE_COLLECTION/datsun_sunny_sports.html,engine,"A10 (4-cyl. in line OHV), 988cc"
Sunny,044,Datsun Sunny 1000 Sports Deluxe (1968 : B10),1968,https://www.nissan-global.com/EN/HERITAGE_COLLECTION/datsun_sunny_sports.html,engine_max_power,"41kW (56PS)/6,000rpm"
Sunny,044,Datsun Sunny 1000 Sports Deluxe (1968 : B10),1968,https://www.nissan-global.com/EN/HERITAGE_COLLECTION/datsun_sunny_sports.html,engine_max_torque,"41kW (56PS)/6,000rpm"
Sunny,044,Datsun Sunny 1000 Sports Deluxe (1968 : B10),1968,https://www.nissan-global.com/EN/HERITAGE_COLLECTION/datsun_sunny_sports.html,transmission,"4-speed, floor shift"
Sunny,044,Datsun Sunny 1000 Sports Deluxe (1968 : B10),1968,https://www.nissan-global.com/EN/HERITAGE_COLLECTION/datsun_sunny_sports.html,suspension_front_rear,Lateral leaf (independent) / Parallel leaf
Sunny,044,Datsun Sunny 1000 Sports Deluxe (1968 : B10),1968,https://www.nissan-global.com/EN/HERITAGE_COLLECTION/datsun_sunny_sports.html,brakes_front_rear,Drum / Drum
Sunny,044,Datsun Sunny 1000 Sports Deluxe (1968 : B10),1968,https://www.nissan-global.com/EN/HERITAGE_COLLECTION/datsun_sunny_sports.html,tires,5.50-12-4PR
Sunny,044,Datsun Sunny 1000 Sports Deluxe (1968 : B10),1968,https://www.nissan-global.com/EN/HERITAGE_COLLECTION/datsun_sunny_sports.html,other,Pedigree of the LZ: The twin-cam engine that delivered a string of Nissan race & rally victories.
Sunny,292,Datsun Sunny 1000 Van (1968: VB10),1968,https://www.nissan-global.com/EN/HERITAGE_COLLECTION/datsun_sunny_1000_van.html,overall_length_width_height,"3,800/1,445/1,385mm"
Sunny,292,Datsun Sunny 1000 Van (1968: VB10),1968,https://www.nissan-global.com/EN/HERITAGE_COLLECTION/datsun_sunny_1000_van.html,wheelbase,"2,280mm"
Sunny,292,Datsun Sunny 1000 Van (1968: VB10),1968,https://www.nissan-global.com/EN/HERITAGE_COLLECTION/datsun_sunny_1000_van.html,tread_front_rear,"1,190/1,180mm"
Sunny,292,Datsun Sunny 1000 Van (1968: VB10),1968,https://www.nissan-global.com/EN/HERITAGE_COLLECTION/datsun_sunny_1000_van.html,curb_weight,665kg
Sunny,292,Datsun Sunny 1000 Van (1968: VB10),1968,https://www.nissan-global.com/EN/HERITAGE_COLLECTION/datsun_sunny_1000_van.html,engine,"A10 (4-cyl. in line, OHV) 988cc"
Sunny,292,Datsun Sunny 1000 Van (1968: VB10),1968,https://www.nissan-global.com/EN/HERITAGE_COLLECTION/datsun_sunny_1000_van.html,engine_max_power,"41kW(56ps)/6,000rpm"
Sunny,292,Datsun Sunny 1000 Van (1968: VB10),1968,https://www.nissan-global.com/EN/HERITAGE_COLLECTION/datsun_sunny_1000_van.html,engine_max_torque,"75N·m(7.7kgm)/3,600rpm"
Sunny,292,Datsun Sunny 1000 Van (1968: VB10),1968,https://www.nissan-global.com/EN/HERITAGE_COLLECTION/datsun_sunny_1000_van.html,suspension_front_rear,Lateral leaf / Parallel leaf
Sunny,292,Datsun Sunny 1000 Van (1968: VB10),1968,https://www.nissan-global.com/EN/HERITAGE_COLLECTION/datsun_sunny_1000_van.html,brakes_front_rear,Drum / Drum
Sunny,292,Datsun Sunny 1000 Van (1968: VB10),1968,https://www.nissan-global.com/EN/HERITAGE_COLLECTION/datsun_sunny_1000_van.html,tires,5.00-12-4PR/5.00-12-6PR
Sunny,292,Datsun Sunny 1000 Van (1968: VB10),1968,https://www.nissan-global.com/EN/HERITAGE_COLLECTION/datsun_sunny_1000_van.html,other,Pedigree of the LZ: The twin-cam engine that delivered a string of Nissan race & rally victories.
Sunny,441,Datsun Sunny 1000 Pickup (1969 : B20),1969,https://www.nissan-global.com/EN/HERITAGE_COLLECTION/datsun_sunny_1000_pickup.html,overall_length_width_height,"3,815/1,450/1,385mm"
Sunny,441,Datsun Sunny 1000 Pickup (1969 : B20),1969,https://www.nissan-global.com/EN/HERITAGE_COLLECTION/datsun_sunny_1000_pickup.html,wheelbase,"2,280mm"
Sunny,441,Datsun Sunny 1000 Pickup (1969 : B20),1969,https://www.nissan-global.com/EN/HERITAGE_COLLECTION/datsun_sunny_1000_pickup.html,tread,"1,190/1,180mm"
Sunny,441,Datsun Sunny 1000 Pickup (1969 : B20),1969,https://www.nissan-global.com/EN/HERITAGE_COLLECTION/datsun_sunny_1000_pickup.html,curb_weight,615kg
Sunny,441,Datsun Sunny 1000 Pickup (1969 : B20),1969,https://www.nissan-global.com/EN/HERITAGE_COLLECTION/datsun_sunny_1000_pickup.html,engine,"A10 (4-cyl. in line, OHV), 998cc"
Sunny,441,Datsun Sunny 1000 Pickup (1969 : B20),1969,https://www.nissan-global.com/EN/HERITAGE_COLLECTION/datsun_sunny_1000_pickup.html,engine_max_power,"41kW(56ps)/6,000rpm"
Sunny,441,Datsun Sunny 1000 Pickup (1969 : B20),1969,https://www.nissan-global.com/EN/HERITAGE_COLLECTION/datsun_sunny_1000_pickup.html,engine_max_torque,"75N·m(7.7kgf·m)/3,600rpm"
Sunny,441,Datsun Sunny 1000 Pickup (1969 : B20),1969,https://www.nissan-global.com/EN/HERITAGE_COLLECTION/datsun_sunny_1000_pickup.html,suspension_front_rear,Wishbone + lateral leaf (independent) / Parallel leaf
Sunny,441,Datsun Sunny 1000 Pickup (1969 : B20),1969,https://www.nissan-global.com/EN/HERITAGE_COLLECTION/datsun_sunny_1000_pickup.html,brakes_front_rear,Drum / Drum
Sunny,441,Datsun Sunny 1000 Pickup (1969 : B20),1969,https://www.nissan-global.com/EN/HERITAGE_COLLECTION/datsun_sunny_1000_pickup.html,tires,5.00-12-4PLT
Sunny,504,Datsun Sunny 1000 Coupe (1969: KB10),1969,https://www.nissan-global.com/EN/HERITAGE_COLLECTION/504_datsun_sunny_1000_coupe.html,overall_length_width_height,"3,770/1,445/1,310mm"
Sunny,504,Datsun Sunny 1000 Coupe (1969: KB10),1969,https://www.nissan-global.com/EN/HERITAGE_COLLECTION/504_datsun_sunny_1000_coupe.html,wheelbase,"2,280mm"
Sunny,504,Datsun Sunny 1000 Coupe (1969: KB10),1969,https://www.nissan-global.com/EN/HERITAGE_COLLECTION/504_datsun_sunny_1000_coupe.html,tread,"1,190/1,180mm"
Sunny,504,Datsun Sunny 1000 Coupe (1969: KB10),1969,https://www.nissan-global.com/EN/HERITAGE_COLLECTION/504_datsun_sunny_1000_coupe.html,curb_weight,675kg
Sunny,504,Datsun Sunny 1000 Coupe (1969: KB10),1969,https://www.nissan-global.com/EN/HERITAGE_COLLECTION/504_datsun_sunny_1000_coupe.html,engine,"A10 (4-cyl. inline, OHV) 988cc"
Sunny,504,Datsun Sunny 1000 Coupe (1969: KB10),1969,https://www.nissan-global.com/EN/HERITAGE_COLLECTION/504_datsun_sunny_1000_coupe.html,engine_max_power,"44kW (60ps)/6,000rpm"
Sunny,504,Datsun Sunny 1000 Coupe (1969: KB10),1969,https://www.nissan-global.com/EN/HERITAGE_COLLECTION/504_datsun_sunny_1000_coupe.html,engine_max_torque,"80N·m (8.2kgf·m)/4,000rpm"
Sunny,504,Datsun Sunny 1000 Coupe (1969: KB10),1969,https://www.nissan-global.com/EN/HERITAGE_COLLECTION/504_datsun_sunny_1000_coupe.html,suspension_front_rear,Lateral leaf (independent)/Parallel leaf
Sunny,504,Datsun Sunny 1000 Coupe (1969: KB10),1969,https://www.nissan-global.com/EN/HERITAGE_COLLECTION/504_datsun_sunny_1000_coupe.html,brakes_front_rear,Disc/Drum
Sunny,504,Datsun Sunny 1000 Coupe (1969: KB10),1969,https://www.nissan-global.com/EN/HERITAGE_COLLECTION/504_datsun_sunny_1000_coupe.html,tires,5.50-12-4PR
Sunny,058,Datsun Sunny 1200 4-door Deluxe (1970 : B110),1970,https://www.nissan-global.com/EN/HERITAGE_COLLECTION/datsun_sunny_1200_4_deluxe.html,overall_length_width_height,"3,830/1,495/1,390mm"
Sunny,058,Datsun Sunny 1200 4-door Deluxe (1970 : B110),1970,https://www.nissan-global.com/EN/HERITAGE_COLLECTION/datsun_sunny_1200_4_deluxe.html,wheelbase,"2,300mm"
Sunny,058,Datsun Sunny 1200 4-door Deluxe (1970 : B110),1970,https://www.nissan-global.com/EN/HERITAGE_COLLECTION/datsun_sunny_1200_4_deluxe.html,tread_front_rear,"1,240/1,245mm"
Sunny,058,Datsun Sunny 1200 4-door Deluxe (1970 : B110),1970,https://www.nissan-global.com/EN/HERITAGE_COLLECTION/datsun_sunny_1200_4_deluxe.html,curb_weight,700kg
Sunny,058,Datsun Sunny 1200 4-door Deluxe (1970 : B110),1970,https://www.nissan-global.com/EN/HERITAGE_COLLECTION/datsun_sunny_1200_4_deluxe.html,engine,"A12 (4-cyl. in line OHV) 1,171cc"
Sunny,058,Datsun Sunny 1200 4-door Deluxe (1970 : B110),1970,https://www.nissan-global.com/EN/HERITAGE_COLLECTION/datsun_sunny_1200_4_deluxe.html,engine_max_power,"50kW(68ps)/6,000rpm"
Sunny,058,Datsun Sunny 1200 4-door Deluxe (1970 : B110),1970,https://www.nissan-global.com/EN/HERITAGE_COLLECTION/datsun_sunny_1200_4_deluxe.html,engine_max_torque,"95Nm(9.7kgfm)/3,600rpm"
Sunny,058,Datsun Sunny 1200 4-door Deluxe (1970 : B110),1970,https://www.nissan-global.com/EN/HERITAGE_COLLECTION/datsun_sunny_1200_4_deluxe.html,suspension_front_rear,Strut / Parallel leaf
Sunny,058,Datsun Sunny 1200 4-door Deluxe (1970 : B110),1970,https://www.nissan-global.com/EN/HERITAGE_COLLECTION/datsun_sunny_1200_4_deluxe.html,brakes_front_rear,Drum / Drum
Sunny,058,Datsun Sunny 1200 4-door Deluxe (1970 : B110),1970,https://www.nissan-global.com/EN/HERITAGE_COLLECTION/datsun_sunny_1200_4_deluxe.html,tires,6.00-12-4PR
Sunny,058,Datsun Sunny 1200 4-door Deluxe (1970 : B110),1970,https://www.nissan-global.com/EN/HERITAGE_COLLECTION/datsun_sunny_1200_4_deluxe.html,other,Pedigree of the LZ: The twin-cam engine that delivered a string of Nissan race & rally victories .
Sunny,156,Datsun Sunny Van 1200 DX (1970 : VB110),1970,https://www.nissan-global.com/EN/HERITAGE_COLLECTION/datsun_sunny_van_1200_dx.html,overall_length_width_height,"3,865/1,495/1,405mm"
Sunny,156,Datsun Sunny Van 1200 DX (1970 : VB110),1970,https://www.nissan-global.com/EN/HERITAGE_COLLECTION/datsun_sunny_van_1200_dx.html,wheelbase,"2,300mm"
Sunny,156,Datsun Sunny Van 1200 DX (1970 : VB110),1970,https://www.nissan-global.com/EN/HERITAGE_COLLECTION/datsun_sunny_van_1200_dx.html,tread,"1,240/1,245mm"
Sunny,156,Datsun Sunny Van 1200 DX (1970 : VB110),1970,https://www.nissan-global.com/EN/HERITAGE_COLLECTION/datsun_sunny_van_1200_dx.html,curb_weight,735kg
Sunny,156,Datsun Sunny Van 1200 DX (1970 : VB110),1970,https://www.nissan-global.com/EN/HERITAGE_COLLECTION/datsun_sunny_van_1200_dx.html,engine,"A12 (4-cyl. in line, OHV), 1,171cc"
Sunny,156,Datsun Sunny Van 1200 DX (1970 : VB110),1970,https://www.nissan-global.com/EN/HERITAGE_COLLECTION/datsun_sunny_van_1200_dx.html,engine_max_power,"50kW (68PS)/6,000rpm"
Sunny,156,Datsun Sunny Van 1200 DX (1970 : VB110),1970,https://www.nissan-global.com/EN/HERITAGE_COLLECTION/datsun_sunny_van_1200_dx.html,engine_max_torque,"95Nm (9.7kgm)/3,600rpm"
Sunny,156,Datsun Sunny Van 1200 DX (1970 : VB110),1970,https://www.nissan-global.com/EN/HERITAGE_COLLECTION/datsun_sunny_van_1200_dx.html,suspension_front_rear,Strut / Parallel leaf
Sunny,156,Datsun Sunny Van 1200 DX (1970 : VB110),1970,https://www.nissan-global.com/EN/HERITAGE_COLLECTION/datsun_sunny_van_1200_dx.html,brakes_front_rear,Drum / Drum
Sunny,156,Datsun Sunny Van 1200 DX (1970 : VB110),1970,https://www.nissan-global.com/EN/HERITAGE_COLLECTION/datsun_sunny_van_1200_dx.html,tires_front_rear,5.00-12-4PR/5.00-12-6PR
Sunny,156,Datsun Sunny Van 1200 DX (1970 : VB110),1970,https://www.nissan-global.com/EN/HERITAGE_COLLECTION/datsun_sunny_van_1200_dx.html,other,Pedigree of the LZ: The twin-cam engine that delivered a string of Nissan race & rally victories.
Sunny,055,Datsun Sunny 1200 2-door GL (1970 : B110),1970,https://www.nissan-global.com/EN/HERITAGE_COLLECTION/datsun_sunny_2-door.html,overall_length_width_height,"3,830/1,495/1,390mm"
Sunny,055,Datsun Sunny 1200 2-door GL (1970 : B110),1970,https://www.nissan-global.com/EN/HERITAGE_COLLECTION/datsun_sunny_2-door.html,wheelbase,"2,300mm"
Sunny,055,Datsun Sunny 1200 2-door GL (1970 : B110),1970,https://www.nissan-global.com/EN/HERITAGE_COLLECTION/datsun_sunny_2-door.html,tread_front_rear,"1,240/1,245mm"
Sunny,055,Datsun Sunny 1200 2-door GL (1970 : B110),1970,https://www.nissan-global.com/EN/HERITAGE_COLLECTION/datsun_sunny_2-door.html,curb_weight,690kg
Sunny,055,Datsun Sunny 1200 2-door GL (1970 : B110),1970,https://www.nissan-global.com/EN/HERITAGE_COLLECTION/datsun_sunny_2-door.html,engine,"A12 (4-cyl. in line, OHV), 1,171cc"
Sunny,055,Datsun Sunny 1200 2-door GL (1970 : B110),1970,https://www.nissan-global.com/EN/HERITAGE_COLLECTION/datsun_sunny_2-door.html,engine_max_power,"50kW(68PS)/6,000rpm"
Sunny,055,Datsun Sunny 1200 2-door GL (1970 : B110),1970,https://www.nissan-global.com/EN/HERITAGE_COLLECTION/datsun_sunny_2-door.html,engine_max_torque,"95Nm(9.7kgm)/3,600rpm"
Sunny,055,Datsun Sunny 1200 2-door GL (1970 : B110),1970,https://www.nissan-global.com/EN/HERITAGE_COLLECTION/datsun_sunny_2-door.html,transmission,"AT, floor shift"
Sunny,055,Datsun Sunny 1200 2-door GL (1970 : B110),1970,https://www.nissan-global.com/EN/HERITAGE_COLLECTION/datsun_sunny_2-door.html,suspension_front_rear,"Strut, semi-elliptic leaf"
Sunny,055,Datsun Sunny 1200 2-door GL (1970 : B110),1970,https://www.nissan-global.com/EN/HERITAGE_COLLECTION/datsun_sunny_2-door.html,brakes_front_rear,Disc / Drum
Sunny,055,Datsun Sunny 1200 2-door GL (1970 : B110),1970,https://www.nissan-global.com/EN/HERITAGE_COLLECTION/datsun_sunny_2-door.html,other,Pedigree of the LZ: The twin-cam engine that delivered a string of Nissan race & rally victories.
Sunny,063,Datsun Sunny Coupe 1200GX-5(1972 : KB110),1972,https://www.nissan-global.com/EN/HERITAGE_COLLECTION/datsun_sunny_1200.html,overall_length_width_height,"3,825/1,615/1,290mm"
Sunny,063,Datsun Sunny Coupe 1200GX-5(1972 : KB110),1972,https://www.nissan-global.com/EN/HERITAGE_COLLECTION/datsun_sunny_1200.html,wheelbase,"2,300mm"
Sunny,063,Datsun Sunny Coupe 1200GX-5(1972 : KB110),1972,https://www.nissan-global.com/EN/HERITAGE_COLLECTION/datsun_sunny_1200.html,tread_front_rear,"1,240/1,245mm"
Sunny,063,Datsun Sunny Coupe 1200GX-5(1972 : KB110),1972,https://www.nissan-global.com/EN/HERITAGE_COLLECTION/datsun_sunny_1200.html,curb_weight,638kg
Sunny,063,Datsun Sunny Coupe 1200GX-5(1972 : KB110),1972,https://www.nissan-global.com/EN/HERITAGE_COLLECTION/datsun_sunny_1200.html,engine,"A12 (4-cyl. in line, OHV), 1,298cc"
Sunny,063,Datsun Sunny Coupe 1200GX-5(1972 : KB110),1972,https://www.nissan-global.com/EN/HERITAGE_COLLECTION/datsun_sunny_1200.html,engine_max_power,"107kW (145PS)/8,500rpm"
Sunny,063,Datsun Sunny Coupe 1200GX-5(1972 : KB110),1972,https://www.nissan-global.com/EN/HERITAGE_COLLECTION/datsun_sunny_1200.html,engine_max_torque,"127Nm (13.2kgm)/7,600rpm"
Sunny,063,Datsun Sunny Coupe 1200GX-5(1972 : KB110),1972,https://www.nissan-global.com/EN/HERITAGE_COLLECTION/datsun_sunny_1200.html,engine_carburetors,olex 44PHH (x2)
Sunny,063,Datsun Sunny Coupe 1200GX-5(1972 : KB110),1972,https://www.nissan-global.com/EN/HERITAGE_COLLECTION/datsun_sunny_1200.html,transmission,5-speed
Sunny,063,Datsun Sunny Coupe 1200GX-5(1972 : KB110),1972,https://www.nissan-global.com/EN/HERITAGE_COLLECTION/datsun_sunny_1200.html,tires_front_rear,"7.0/21.0-13, 7.4/21.8-13"
Sunny,063,Datsun Sunny Coupe 1200GX-5(1972 : KB110),1972,https://www.nissan-global.com/EN/HERITAGE_COLLECTION/datsun_sunny_1200.html,other,Pedigree of the LZ: The twin-cam engine that delivered a string of Nissan race & rally victories.
Sunny,062,Datsun Sunny Excellent Coupe (1973 : KPB110),1973,https://www.nissan-global.com/EN/HERITAGE_COLLECTION/datsun_sunny_excellent.html,overall_length_width_height,"3,995/1,515/1,355mm"
Sunny,062,Datsun Sunny Excellent Coupe (1973 : KPB110),1973,https://www.nissan-global.com/EN/HERITAGE_COLLECTION/datsun_sunny_excellent.html,wheelbase,"2,340mm"
Sunny,062,Datsun Sunny Excellent Coupe (1973 : KPB110),1973,https://www.nissan-global.com/EN/HERITAGE_COLLECTION/datsun_sunny_excellent.html,tread_front_rear,"1,255/1,245mm"
Sunny,062,Datsun Sunny Excellent Coupe (1973 : KPB110),1973,https://www.nissan-global.com/EN/HERITAGE_COLLECTION/datsun_sunny_excellent.html,curb_weight,775kg
Sunny,062,Datsun Sunny Excellent Coupe (1973 : KPB110),1973,https://www.nissan-global.com/EN/HERITAGE_COLLECTION/datsun_sunny_excellent.html,engine,"LZ14 (16-valve DOHC), ECGI"
Sunny,062,Datsun Sunny Excellent Coupe (1973 : KPB110),1973,https://www.nissan-global.com/EN/HERITAGE_COLLECTION/datsun_sunny_excellent.html,engine_displacement,"1,598cc (78.8 dia. x 66)"
Sunny,062,Datsun Sunny Excellent Coupe (1973 : KPB110),1973,https://www.nissan-global.com/EN/HERITAGE_COLLECTION/datsun_sunny_excellent.html,engine_max_power,"147kW (200PS)/9,400rpm"
Sunny,062,Datsun Sunny Excellent Coupe (1973 : KPB110),1973,https://www.nissan-global.com/EN/HERITAGE_COLLECTION/datsun_sunny_excellent.html,transmission,5-speed
Sunny,062,Datsun Sunny Excellent Coupe (1973 : KPB110),1973,https://www.nissan-global.com/EN/HERITAGE_COLLECTION/datsun_sunny_excellent.html,suspension_front_rear,"Strut, leaf rigid"
Sunny,062,Datsun Sunny Excellent Coupe (1973 : KPB110),1973,https://www.nissan-global.com/EN/HERITAGE_COLLECTION/datsun_sunny_excellent.html,brakes_front_rear,"Girling 4-pod, drum"
Sunny,062,Datsun Sunny Excellent Coupe (1973 : KPB110),1973,https://www.nissan-global.com/EN/HERITAGE_COLLECTION/datsun_sunny_excellent.html,tires,205/515-13
Sunny,062,Datsun Sunny Excellent Coupe (1973 : KPB110),1973,https://www.nissan-global.com/EN/HERITAGE_COLLECTION/datsun_sunny_excellent.html,other,Pedigree of the LZ: The twin-cam engine that delivered a string of Nissan race & rally victories.
Sunny,456,Datsun Sunny Excellent 1400 GL (1975 : PB210),1975,https://www.nissan-global.com/EN/HERITAGE_COLLECTION/datsun_sunny_excellent_1400gl.html,overall_length_width_height,"4,045/1,545/1,370mm"
Sunny,456,Datsun Sunny Excellent 1400 GL (1975 : PB210),1975,https://www.nissan-global.com/EN/HERITAGE_COLLECTION/datsun_sunny_excellent_1400gl.html,wheelbase,"2,340mm"
Sunny,456,Datsun Sunny Excellent 1400 GL (1975 : PB210),1975,https://www.nissan-global.com/EN/HERITAGE_COLLECTION/datsun_sunny_excellent_1400gl.html,tread,"1,255/1,245mm"
Sunny,456,Datsun Sunny Excellent 1400 GL (1975 : PB210),1975,https://www.nissan-global.com/EN/HERITAGE_COLLECTION/datsun_sunny_excellent_1400gl.html,curb_weight,880kg
Sunny,456,Datsun Sunny Excellent 1400 GL (1975 : PB210),1975,https://www.nissan-global.com/EN/HERITAGE_COLLECTION/datsun_sunny_excellent_1400gl.html,engine,"L14 (4-cyl. inline, OHC), 1,428cc"
Sunny,456,Datsun Sunny Excellent 1400 GL (1975 : PB210),1975,https://www.nissan-global.com/EN/HERITAGE_COLLECTION/datsun_sunny_excellent_1400gl.html,engine_max_power,"62kW(85ps)/6,000rpm"
Sunny,456,Datsun Sunny Excellent 1400 GL (1975 : PB210),1975,https://www.nissan-global.com/EN/HERITAGE_COLLECTION/datsun_sunny_excellent_1400gl.html,engine_max_torque,"116N·m(11.8kgf·m)/3,600rpm"
Sunny,456,Datsun Sunny Excellent 1400 GL (1975 : PB210),1975,https://www.nissan-global.com/EN/HERITAGE_COLLECTION/datsun_sunny_excellent_1400gl.html,suspension_front_rear,Strut / Parallel leaf
Sunny,456,Datsun Sunny Excellent 1400 GL (1975 : PB210),1975,https://www.nissan-global.com/EN/HERITAGE_COLLECTION/datsun_sunny_excellent_1400gl.html,brakes_front_rear,Disc / Drum
Sunny,456,Datsun Sunny Excellent 1400 GL (1975 : PB210),1975,https://www.nissan-global.com/EN/HERITAGE_COLLECTION/datsun_sunny_excellent_1400gl.html,tires,6.15-13-4PR
Sunny,320,DATSUN Sunny Sedan 1400SGL (1979: HB310),1979,https://www.nissan-global.com/EN/HERITAGE_COLLECTION/DATSUN_Sunny_Sedan_1400SGL.html,overall_length_width_height,"3,995/1,590/1,370mm"
Sunny,320,DATSUN Sunny Sedan 1400SGL (1979: HB310),1979,https://www.nissan-global.com/EN/HERITAGE_COLLECTION/DATSUN_Sunny_Sedan_1400SGL.html,wheelbase,"2,340mm"
Sunny,320,DATSUN Sunny Sedan 1400SGL (1979: HB310),1979,https://www.nissan-global.com/EN/HERITAGE_COLLECTION/DATSUN_Sunny_Sedan_1400SGL.html,tread,"1,305/1,300mm"
Sunny,320,DATSUN Sunny Sedan 1400SGL (1979: HB310),1979,https://www.nissan-global.com/EN/HERITAGE_COLLECTION/DATSUN_Sunny_Sedan_1400SGL.html,curb_weight,840kg
Sunny,320,DATSUN Sunny Sedan 1400SGL (1979: HB310),1979,https://www.nissan-global.com/EN/HERITAGE_COLLECTION/DATSUN_Sunny_Sedan_1400SGL.html,engine,"A14 (4-cyl. inline, OHV), 1,397cc"
Sunny,320,DATSUN Sunny Sedan 1400SGL (1979: HB310),1979,https://www.nissan-global.com/EN/HERITAGE_COLLECTION/DATSUN_Sunny_Sedan_1400SGL.html,engine_max_power,"59kw(80ps)/6,000"
Sunny,320,DATSUN Sunny Sedan 1400SGL (1979: HB310),1979,https://www.nissan-global.com/EN/HERITAGE_COLLECTION/DATSUN_Sunny_Sedan_1400SGL.html,engine_max_torque,"112Nm (11.5kgm)/3,600rpm"
Sunny,320,DATSUN Sunny Sedan 1400SGL (1979: HB310),1979,https://www.nissan-global.com/EN/HERITAGE_COLLECTION/DATSUN_Sunny_Sedan_1400SGL.html,suspension_front_rear,Strut / 4-link with coil springs
Sunny,320,DATSUN Sunny Sedan 1400SGL (1979: HB310),1979,https://www.nissan-global.com/EN/HERITAGE_COLLECTION/DATSUN_Sunny_Sedan_1400SGL.html,brakes_front_rear,Disc / Drum
Sunny,320,DATSUN Sunny Sedan 1400SGL (1979: HB310),1979,https://www.nissan-global.com/EN/HERITAGE_COLLECTION/DATSUN_Sunny_Sedan_1400SGL.html,tires_front_rear,6.00-12-4PR
Sunny,320,DATSUN Sunny Sedan 1400SGL (1979: HB310),1979,https://www.nissan-global.com/EN/HERITAGE_COLLECTION/DATSUN_Sunny_Sedan_1400SGL.html,other,Pedigree of the LZ: The twin-cam engine that delivered a string of Nissan race & rally victories.
Sunny,099,Sunny 1500 SGL Extra (1982 : HB11),1982,https://www.nissan-global.com/EN/HERITAGE_COLLECTION/sunny_1500_sgl_extra.html,overall_length_width_height,"4,050/1,620/1,390mm"
Sunny,099,Sunny 1500 SGL Extra (1982 : HB11),1982,https://www.nissan-global.com/EN/HERITAGE_COLLECTION/sunny_1500_sgl_extra.html,wheelbase,"2,400mm"
Sunny,099,Sunny 1500 SGL Extra (1982 : HB11),1982,https://www.nissan-global.com/EN/HERITAGE_COLLECTION/sunny_1500_sgl_extra.html,tread_front_rear,"1,395/1,375mm"
Sunny,099,Sunny 1500 SGL Extra (1982 : HB11),1982,https://www.nissan-global.com/EN/HERITAGE_COLLECTION/sunny_1500_sgl_extra.html,curb_weight,800kg
Sunny,099,Sunny 1500 SGL Extra (1982 : HB11),1982,https://www.nissan-global.com/EN/HERITAGE_COLLECTION/sunny_1500_sgl_extra.html,engine,"E15 (4-cyl. in line, OHC), 1,487cc"
Sunny,099,Sunny 1500 SGL Extra (1982 : HB11),1982,https://www.nissan-global.com/EN/HERITAGE_COLLECTION/sunny_1500_sgl_extra.html,engine_max_power,"63kW (85PS)/6,600rpm"
Sunny,099,Sunny 1500 SGL Extra (1982 : HB11),1982,https://www.nissan-global.com/EN/HERITAGE_COLLECTION/sunny_1500_sgl_extra.html,engine_max_torque,"121Nm (12.3kgm)/3,600rpm"
Sunny,099,Sunny 1500 SGL Extra (1982 : HB11),1982,https://www.nissan-global.com/EN/HERITAGE_COLLECTION/sunny_1500_sgl_extra.html,suspension_front,Strut
Sunny,099,Sunny 1500 SGL Extra (1982 : HB11),1982,https://www.nissan-global.com/EN/HERITAGE_COLLECTION/sunny_1500_sgl_extra.html,suspension_rear,Trailing-arm
Sunny,099,Sunny 1500 SGL Extra (1982 : HB11),1982,https://www.nissan-global.com/EN/HERITAGE_COLLECTION/sunny_1500_sgl_extra.html,brakes_front_rear,Disc/drum
Sunny,099,Sunny 1500 SGL Extra (1982 : HB11),1982,https://www.nissan-global.com/EN/HERITAGE_COLLECTION/sunny_1500_sgl_extra.html,tires,155SR13
Sunny,099,Sunny 1500 SGL Extra (1982 : HB11),1982,https://www.nissan-global.com/EN/HERITAGE_COLLECTION/sunny_1500_sgl_extra.html,other,Pedigree of the LZ: The twin-cam engine that delivered a string of Nissan race & rally victories.
Sunny,358,Nissan Sunny 1500 EX Saloon (1988: FB12),1988,https://www.nissan-global.com/EN/HERITAGE_COLLECTION/358_sunny_1500_ex_saloon.html,overall_length_width_height,"4,175/1,640/1,385mm"
Sunny,358,Nissan Sunny 1500 EX Saloon (1988: FB12),1988,https://www.nissan-global.com/EN/HERITAGE_COLLECTION/358_sunny_1500_ex_saloon.html,wheelbase,"2,430mm"
Sunny,358,Nissan Sunny 1500 EX Saloon (1988: FB12),1988,https://www.nissan-global.com/EN/HERITAGE_COLLECTION/358_sunny_1500_ex_saloon.html,tread_front_rear,"1,435/1,430mm"
Sunny,358,Nissan Sunny 1500 EX Saloon (1988: FB12),1988,https://www.nissan-global.com/EN/HERITAGE_COLLECTION/358_sunny_1500_ex_saloon.html,curb_weight,900kg
Sunny,358,Nissan Sunny 1500 EX Saloon (1988: FB12),1988,https://www.nissan-global.com/EN/HERITAGE_COLLECTION/358_sunny_1500_ex_saloon.html,engine,"GA15S (4-cyl. inline, OHC) 1,497cc"
Sunny,358,Nissan Sunny 1500 EX Saloon (1988: FB12),1988,https://www.nissan-global.com/EN/HERITAGE_COLLECTION/358_sunny_1500_ex_saloon.html,engine_max_power,"62kW (85ps)/6,000rpm"
Sunny,358,Nissan Sunny 1500 EX Saloon (1988: FB12),1988,https://www.nissan-global.com/EN/HERITAGE_COLLECTION/358_sunny_1500_ex_saloon.html,engine_max_torque,"122N·m (12.5kgm)/3,600rpm"
Sunny,358,Nissan Sunny 1500 EX Saloon (1988: FB12),1988,https://www.nissan-global.com/EN/HERITAGE_COLLECTION/358_sunny_1500_ex_saloon.html,suspension_front_rear,Strut/Parallel link strut (independent)
Sunny,358,Nissan Sunny 1500 EX Saloon (1988: FB12),1988,https://www.nissan-global.com/EN/HERITAGE_COLLECTION/358_sunny_1500_ex_saloon.html,brakes_front_rear,Disc/Drum
Sunny,358,Nissan Sunny 1500 EX Saloon (1988: FB12),1988,https://www.nissan-global.com/EN/HERITAGE_COLLECTION/358_sunny_1500_ex_saloon.html,tires,155SR13
Sunny,427,Nissan Sunny RZ-1 Twincam NISMO (1989: EB12),1989,https://www.nissan-global.com/EN/HERITAGE_COLLECTION/427_sunny_rz_1_twincam_nismo.html,overall_length_width_height,"4,230/1,665/1,335mm"
Sunny,427,Nissan Sunny RZ-1 Twincam NISMO (1989: EB12),1989,https://www.nissan-global.com/EN/HERITAGE_COLLECTION/427_sunny_rz_1_twincam_nismo.html,wheelbase,"2,430mm"
Sunny,427,Nissan Sunny RZ-1 Twincam NISMO (1989: EB12),1989,https://www.nissan-global.com/EN/HERITAGE_COLLECTION/427_sunny_rz_1_twincam_nismo.html,tread_front_rear,"1,425/1,425mm"
Sunny,427,Nissan Sunny RZ-1 Twincam NISMO (1989: EB12),1989,https://www.nissan-global.com/EN/HERITAGE_COLLECTION/427_sunny_rz_1_twincam_nismo.html,curb_weight,"1,050kg"
Sunny,427,Nissan Sunny RZ-1 Twincam NISMO (1989: EB12),1989,https://www.nissan-global.com/EN/HERITAGE_COLLECTION/427_sunny_rz_1_twincam_nismo.html,engine,"CA16DE (4-cyl. inline, 4-valve, DOHC) 1,598cc"
Sunny,427,Nissan Sunny RZ-1 Twincam NISMO (1989: EB12),1989,https://www.nissan-global.com/EN/HERITAGE_COLLECTION/427_sunny_rz_1_twincam_nismo.html,engine_max_power,"88kw (120PS)/6,400rpm"
Sunny,427,Nissan Sunny RZ-1 Twincam NISMO (1989: EB12),1989,https://www.nissan-global.com/EN/HERITAGE_COLLECTION/427_sunny_rz_1_twincam_nismo.html,engine_max_torque,"137N·m (14.0kgf·m)/5,200rpm"
Sunny,427,Nissan Sunny RZ-1 Twincam NISMO (1989: EB12),1989,https://www.nissan-global.com/EN/HERITAGE_COLLECTION/427_sunny_rz_1_twincam_nismo.html,suspension_front_rear,Strut/Parallel link strut (independent)
Sunny,427,Nissan Sunny RZ-1 Twincam NISMO (1989: EB12),1989,https://www.nissan-global.com/EN/HERITAGE_COLLECTION/427_sunny_rz_1_twincam_nismo.html,brakes_front_rear,Ventilated disc/Disc
Sunny,427,Nissan Sunny RZ-1 Twincam NISMO (1989: EB12),1989,https://www.nissan-global.com/EN/HERITAGE_COLLECTION/427_sunny_rz_1_twincam_nismo.html,tires,185/60R14 82H
Sunny,355,Nissan Sunny 1500 Super Saloon SV 60th Anniversary (1993: FB13),1993,https://www.nissan-global.com/EN/HERITAGE_COLLECTION/355_sunny_1500_super_saloon.html,overall_length_width_height,"4,250/1,670/1,375 mm"
Sunny,355,Nissan Sunny 1500 Super Saloon SV 60th Anniversary (1993: FB13),1993,https://www.nissan-global.com/EN/HERITAGE_COLLECTION/355_sunny_1500_super_saloon.html,wheelbase,"2,430mm"
Sunny,355,Nissan Sunny 1500 Super Saloon SV 60th Anniversary (1993: FB13),1993,https://www.nissan-global.com/EN/HERITAGE_COLLECTION/355_sunny_1500_super_saloon.html,tread,"1,445/1,425mm"
Sunny,355,Nissan Sunny 1500 Super Saloon SV 60th Anniversary (1993: FB13),1993,https://www.nissan-global.com/EN/HERITAGE_COLLECTION/355_sunny_1500_super_saloon.html,curb_weight,"1,020kg"
Sunny,355,Nissan Sunny 1500 Super Saloon SV 60th Anniversary (1993: FB13),1993,https://www.nissan-global.com/EN/HERITAGE_COLLECTION/355_sunny_1500_super_saloon.html,engine,"GA15DS (4-cyl. inline, 4-valve DOHC) 1,497cc"
Sunny,355,Nissan Sunny 1500 Super Saloon SV 60th Anniversary (1993: FB13),1993,https://www.nissan-global.com/EN/HERITAGE_COLLECTION/355_sunny_1500_super_saloon.html,engine_max_power,"69kW (94ps)/6,000rpm"
Sunny,355,Nissan Sunny 1500 Super Saloon SV 60th Anniversary (1993: FB13),1993,https://www.nissan-global.com/EN/HERITAGE_COLLECTION/355_sunny_1500_super_saloon.html,engine_max_torque,"125N·m (12.8kgm)/3,600rpm"
Sunny,355,Nissan Sunny 1500 Super Saloon SV 60th Anniversary (1993: FB13),1993,https://www.nissan-global.com/EN/HERITAGE_COLLECTION/355_sunny_1500_super_saloon.html,suspension_front_rear,Strut/Parallel link strut (Independent)
Sunny,355,Nissan Sunny 1500 Super Saloon SV 60th Anniversary (1993: FB13),1993,https://www.nissan-global.com/EN/HERITAGE_COLLECTION/355_sunny_1500_super_saloon.html,brakes_front_rear,Disc/Drum
Sunny,355,Nissan Sunny 1500 Super Saloon SV 60th Anniversary (1993: FB13),1993,https://www.nissan-global.com/EN/HERITAGE_COLLECTION/355_sunny_1500_super_saloon.html,tires,175/70R13 82S
Sunny,131,Sunny (1996 : HB14),1996,https://www.nissan-global.com/EN/HERITAGE_COLLECTION/sunny_1996.html,overall_length_width_height,"4,285/1,690/1,385mm"
Sunny,131,Sunny (1996 : HB14),1996,https://www.nissan-global.com/EN/HERITAGE_COLLECTION/sunny_1996.html,wheelbase,"2,535mm"
Sunny,131,Sunny (1996 : HB14),1996,https://www.nissan-global.com/EN/HERITAGE_COLLECTION/sunny_1996.html,tread_front_rear,"1,500/1,500mm"
Sunny,131,Sunny (1996 : HB14),1996,https://www.nissan-global.com/EN/HERITAGE_COLLECTION/sunny_1996.html,curb_weight,Over 975kg
Sunny,131,Sunny (1996 : HB14),1996,https://www.nissan-global.com/EN/HERITAGE_COLLECTION/sunny_1996.html,engine,"SR20 (4-cyl. in line, DOHC), 1,997cc"
Sunny,131,Sunny (1996 : HB14),1996,https://www.nissan-global.com/EN/HERITAGE_COLLECTION/sunny_1996.html,engine_max_power,"Over 220kW (300PS)/8,500rpm"
Sunny,131,Sunny (1996 : HB14),1996,https://www.nissan-global.com/EN/HERITAGE_COLLECTION/sunny_1996.html,engine_max_torque,Over 265Nm (27.0kgm)
Sunny,131,Sunny (1996 : HB14),1996,https://www.nissan-global.com/EN/HERITAGE_COLLECTION/sunny_1996.html,transmission,Holinger J6S (6-speed)
Sunny,131,Sunny (1996 : HB14),1996,https://www.nissan-global.com/EN/HERITAGE_COLLECTION/sunny_1996.html,brakes_front_rear,"AP 14.8in, 11in"
Sunny,131,Sunny (1996 : HB14),1996,https://www.nissan-global.com/EN/HERITAGE_COLLECTION/sunny_1996.html,suspension_front_rear,"Strut, multilink beam"
Sunny,131,Sunny (1996 : HB14),1996,https://www.nissan-global.com/EN/HERITAGE_COLLECTION/sunny_1996.html,wheels,8.2Jx18in.
Sunny,131,Sunny (1996 : HB14),1996,https://www.nissan-global.com/EN/HERITAGE_COLLECTION/sunny_1996.html,tires,215/645R18 (Michelin)
Sunny,131,Sunny (1996 : HB14),1996,https://www.nissan-global.com/EN/HERITAGE_COLLECTION/sunny_1996.html,other,Pedigree of the LZ: The twin-cam engine that delivered a string of Nissan race & rally victories.
Tama 1947,009,Tama Electric Car (1947 : E4S-47-1),1947,https://www.nissan-global.com/EN/HERITAGE_COLLECTION/tama_electric.html,overall_length_width_height,"3,035/1,230/1,630mm"
Tama 1947,009,Tama Electric Car (1947 : E4S-47-1),1947,https://www.nissan-global.com/EN/HERITAGE_COLLECTION/tama_electric.html,wheelbase,"2,000mm"
Tama 1947,009,Tama Electric Car (1947 : E4S-47-1),1947,https://www.nissan-global.com/EN/HERITAGE_COLLECTION/tama_electric.html,curb_weight,"1,100kg"
Tama 1947,009,Tama Electric Car (1947 : E4S-47-1),1947,https://www.nissan-global.com/EN/HERITAGE_COLLECTION/tama_electric.html,seating_capacity,4
Tama 1947,009,Tama Electric Car (1947 : E4S-47-1),1947,https://www.nissan-global.com/EN/HERITAGE_COLLECTION/tama_electric.html,cruising_range_per_charge,65km
Tama 1947,009,Tama Electric Car (1947 : E4S-47-1),1947,https://www.nissan-global.com/EN/HERITAGE_COLLECTION/tama_electric.html,motor_36v,"DC series-wound, rated at 3.3kW (4.5hp)"
Tama 1947,009,Tama Electric Car (1947 : E4S-47-1),1947,https://www.nissan-global.com/EN/HERITAGE_COLLECTION/tama_electric.html,batteries_capacity,Lead-acid battery (40V/162Ah)
Tama 1947,009,Tama Electric Car (1947 : E4S-47-1),1947,https://www.nissan-global.com/EN/HERITAGE_COLLECTION/tama_electric.html,top_speed_economical_speed,35km/h (28km/h)
Tama 1947,010,Tama Pickup Truck [gasoline] (1947 : EOT-47-2),1947,https://www.nissan-global.com/EN/HERITAGE_COLLECTION/tama_truck.html,overall_length_width_height,"3,200/1,350/1,710mm"
Tama 1947,010,Tama Pickup Truck [gasoline] (1947 : EOT-47-2),1947,https://www.nissan-global.com/EN/HERITAGE_COLLECTION/tama_truck.html,wheelbase,"2,000mm"
Tama 1947,010,Tama Pickup Truck [gasoline] (1947 : EOT-47-2),1947,https://www.nissan-global.com/EN/HERITAGE_COLLECTION/tama_truck.html,tread_front_rear,"1,050/1,050mm"
Tama 1947,010,Tama Pickup Truck [gasoline] (1947 : EOT-47-2),1947,https://www.nissan-global.com/EN/HERITAGE_COLLECTION/tama_truck.html,seating_capacity,2
Tama 1947,010,Tama Pickup Truck [gasoline] (1947 : EOT-47-2),1947,https://www.nissan-global.com/EN/HERITAGE_COLLECTION/tama_truck.html,load_capacity,500kg
Tama 1947,010,Tama Pickup Truck [gasoline] (1947 : EOT-47-2),1947,https://www.nissan-global.com/EN/HERITAGE_COLLECTION/tama_truck.html,engine,E8 (4-cyl. in line)
Tama 1947,010,Tama Pickup Truck [gasoline] (1947 : EOT-47-2),1947,https://www.nissan-global.com/EN/HERITAGE_COLLECTION/tama_truck.html,engine_displacement,760cc
Tama 1947,010,Tama Pickup Truck [gasoline] (1947 : EOT-47-2),1947,https://www.nissan-global.com/EN/HERITAGE_COLLECTION/tama_truck.html,tires,5.00-16-6PR
Violet,177,Violet H/T 1600SSS-E (1973 : KP710),1973,https://www.nissan-global.com/EN/HERITAGE_COLLECTION/violet_h_t.html,overall_length_width_height,"4,120/1,580/1,375mm"
Violet,177,Violet H/T 1600SSS-E (1973 : KP710),1973,https://www.nissan-global.com/EN/HERITAGE_COLLECTION/violet_h_t.html,wheelbase,"2,450mm"
Violet,177,Violet H/T 1600SSS-E (1973 : KP710),1973,https://www.nissan-global.com/EN/HERITAGE_COLLECTION/violet_h_t.html,tread_front_rear,"1,290/1,320mm"
Violet,177,Violet H/T 1600SSS-E (1973 : KP710),1973,https://www.nissan-global.com/EN/HERITAGE_COLLECTION/violet_h_t.html,curb_weight,985kg
Violet,177,Violet H/T 1600SSS-E (1973 : KP710),1973,https://www.nissan-global.com/EN/HERITAGE_COLLECTION/violet_h_t.html,engine,"L16E (4-cyl. in line, OHC), 1,595cc"
Violet,177,Violet H/T 1600SSS-E (1973 : KP710),1973,https://www.nissan-global.com/EN/HERITAGE_COLLECTION/violet_h_t.html,engine_max_power,"85kW (115PS)/6,200rpm"
Violet,177,Violet H/T 1600SSS-E (1973 : KP710),1973,https://www.nissan-global.com/EN/HERITAGE_COLLECTION/violet_h_t.html,engine_max_torque,"143Nm (14.6kgm)/4,400rpm"
Violet,177,Violet H/T 1600SSS-E (1973 : KP710),1973,https://www.nissan-global.com/EN/HERITAGE_COLLECTION/violet_h_t.html,suspension_front,Strut
Violet,177,Violet H/T 1600SSS-E (1973 : KP710),1973,https://www.nissan-global.com/EN/HERITAGE_COLLECTION/violet_h_t.html,suspension_rear,Semi-trailing-arm
Violet,177,Violet H/T 1600SSS-E (1973 : KP710),1973,https://www.nissan-global.com/EN/HERITAGE_COLLECTION/violet_h_t.html,brakes_front_rear,Disc/drum
Violet,177,Violet H/T 1600SSS-E (1973 : KP710),1973,https://www.nissan-global.com/EN/HERITAGE_COLLECTION/violet_h_t.html,tires,6.45S-13-4APR
Violet,177,Violet H/T 1600SSS-E (1973 : KP710),1973,https://www.nissan-global.com/EN/HERITAGE_COLLECTION/violet_h_t.html,other,Nissan's results in Safari Rally (1963-92).
Violet,079,Violet (1977 : KP711),1977,https://www.nissan-global.com/EN/HERITAGE_COLLECTION/violet_1977.html,overall_length_width_height,"4,120/1,780/1,400mm"
Violet,079,Violet (1977 : KP711),1977,https://www.nissan-global.com/EN/HERITAGE_COLLECTION/violet_1977.html,wheelbase,"2,450mm"
Violet,079,Violet (1977 : KP711),1977,https://www.nissan-global.com/EN/HERITAGE_COLLECTION/violet_1977.html,curb_weight,960kg
Violet,079,Violet (1977 : KP711),1977,https://www.nissan-global.com/EN/HERITAGE_COLLECTION/violet_1977.html,engine,"LZ18 (4-cyl. in line, DOHC), 1,991cc"
Violet,079,Violet (1977 : KP711),1977,https://www.nissan-global.com/EN/HERITAGE_COLLECTION/violet_1977.html,enginemax_power,"Over 147kW (200PS)/8,600rpm"
Violet,079,Violet (1977 : KP711),1977,https://www.nissan-global.com/EN/HERITAGE_COLLECTION/violet_1977.html,enginemax_torque,"Over 211Nm (21.5kgm)/6,800rpm"
Violet,079,Violet (1977 : KP711),1977,https://www.nissan-global.com/EN/HERITAGE_COLLECTION/violet_1977.html,engine_carburetors,Solex 50PHH (x2)
Violet,079,Violet (1977 : KP711),1977,https://www.nissan-global.com/EN/HERITAGE_COLLECTION/violet_1977.html,brakes_front_rear,Disc (Dunlop Mk63)
Violet,079,Violet (1977 : KP711),1977,https://www.nissan-global.com/EN/HERITAGE_COLLECTION/violet_1977.html,suspension_front,Strut
Violet,079,Violet (1977 : KP711),1977,https://www.nissan-global.com/EN/HERITAGE_COLLECTION/violet_1977.html,suspension_rear,Semi-trailing-arm
Violet,079,Violet (1977 : KP711),1977,https://www.nissan-global.com/EN/HERITAGE_COLLECTION/violet_1977.html,tires,175SR14/195 SR14 (DL SP52R)
Violet,079,Violet (1977 : KP711),1977,https://www.nissan-global.com/EN/HERITAGE_COLLECTION/violet_1977.html,fuel_tank_capacity,100 liters
Violet,079,Violet (1977 : KP711),1977,https://www.nissan-global.com/EN/HERITAGE_COLLECTION/violet_1977.html,other,Nissan's results in Safari Rally (1963-92).
Violet,080,Violet (1978 : PA10),1978,https://www.nissan-global.com/EN/HERITAGE_COLLECTION/violet_1978.html,overall_length_width_height,"4,080/1,600/1,390mm"
Violet,080,Violet (1978 : PA10),1978,https://www.nissan-global.com/EN/HERITAGE_COLLECTION/violet_1978.html,wheelbase,"2,400mm"
Violet,080,Violet (1978 : PA10),1978,https://www.nissan-global.com/EN/HERITAGE_COLLECTION/violet_1978.html,tread_front_rear,"1,335/1,330mm"
Violet,080,Violet (1978 : PA10),1978,https://www.nissan-global.com/EN/HERITAGE_COLLECTION/violet_1978.html,curb_weight,950kg
Violet,080,Violet (1978 : PA10),1978,https://www.nissan-global.com/EN/HERITAGE_COLLECTION/violet_1978.html,engine,"L20B (4-cyl. in line, OHC), 1,952cc"
Violet,080,Violet (1978 : PA10),1978,https://www.nissan-global.com/EN/HERITAGE_COLLECTION/violet_1978.html,engine_max_power,"147kW (200PS)/7,200rpm"
Violet,080,Violet (1978 : PA10),1978,https://www.nissan-global.com/EN/HERITAGE_COLLECTION/violet_1978.html,engine_max_torque,"206Nm (21.0kgm)/5,200rpm"
Violet,080,Violet (1978 : PA10),1978,https://www.nissan-global.com/EN/HERITAGE_COLLECTION/violet_1978.html,engine_carburetors,Solex 50PHH (x2)
Violet,080,Violet (1978 : PA10),1978,https://www.nissan-global.com/EN/HERITAGE_COLLECTION/violet_1978.html,transmission,5-speed
Violet,080,Violet (1978 : PA10),1978,https://www.nissan-global.com/EN/HERITAGE_COLLECTION/violet_1978.html,brakes_front_rear,Disc/drum
Violet,080,Violet (1978 : PA10),1978,https://www.nissan-global.com/EN/HERITAGE_COLLECTION/violet_1978.html,suspension_front_rear,Strut / 4-link
Violet,080,Violet (1978 : PA10),1978,https://www.nissan-global.com/EN/HERITAGE_COLLECTION/violet_1978.html,tires_dunlop_sp52r,"175SR14, 195/70SR14"
Violet,080,Violet (1978 : PA10),1978,https://www.nissan-global.com/EN/HERITAGE_COLLECTION/violet_1978.html,other,Nissan's results in Safari Rally (1963-92).
Violet,083,Violet (1979 : PA10),1979,https://www.nissan-global.com/EN/HERITAGE_COLLECTION/violet_1979.html,overall_length_width_height,"4,080/1,600/1,390mm"
Violet,083,Violet (1979 : PA10),1979,https://www.nissan-global.com/EN/HERITAGE_COLLECTION/violet_1979.html,wheelbase,"2,400mm"
Violet,083,Violet (1979 : PA10),1979,https://www.nissan-global.com/EN/HERITAGE_COLLECTION/violet_1979.html,tread_front_rear,"1,335/1,330mm"
Violet,083,Violet (1979 : PA10),1979,https://www.nissan-global.com/EN/HERITAGE_COLLECTION/violet_1979.html,curb_weight,"1,080kg"
Violet,083,Violet (1979 : PA10),1979,https://www.nissan-global.com/EN/HERITAGE_COLLECTION/violet_1979.html,engine,"L20B (4-cyl. in line, OHC), 1,952cc"
Violet,083,Violet (1979 : PA10),1979,https://www.nissan-global.com/EN/HERITAGE_COLLECTION/violet_1979.html,engine_max_power,"140kW (190PS)/7,200rpm"
Violet,083,Violet (1979 : PA10),1979,https://www.nissan-global.com/EN/HERITAGE_COLLECTION/violet_1979.html,engine_max_torque,"206Nm (21.0kgm)/5,200rpm"
Violet,083,Violet (1979 : PA10),1979,https://www.nissan-global.com/EN/HERITAGE_COLLECTION/violet_1979.html,engine_carburetors,Solex 50PHH (x2)
Violet,083,Violet (1979 : PA10),1979,https://www.nissan-global.com/EN/HERITAGE_COLLECTION/violet_1979.html,brakes_front_rear,Disc/drum
Violet,083,Violet (1979 : PA10),1979,https://www.nissan-global.com/EN/HERITAGE_COLLECTION/violet_1979.html,tires_front,175SR14 (DL SP52R)
Violet,083,Violet (1979 : PA10),1979,https://www.nissan-global.com/EN/HERITAGE_COLLECTION/violet_1979.html,tires_rear,195/70SR14 (DL SP52R)
Violet,083,Violet (1979 : PA10),1979,https://www.nissan-global.com/EN/HERITAGE_COLLECTION/violet_1979.html,other,Nissan's results in Safari Rally (1963-92).
Violet,087,Violet (1980 : PA10),1980,https://www.nissan-global.com/EN/HERITAGE_COLLECTION/violet_1980.html,overall_length_width_height,"4,080/1,600/1,390mm"
Violet,087,Violet (1980 : PA10),1980,https://www.nissan-global.com/EN/HERITAGE_COLLECTION/violet_1980.html,wheelbase,"2,400mm"
Violet,087,Violet (1980 : PA10),1980,https://www.nissan-global.com/EN/HERITAGE_COLLECTION/violet_1980.html,tread_front_rear,"1,335/1,330mm"
Violet,087,Violet (1980 : PA10),1980,https://www.nissan-global.com/EN/HERITAGE_COLLECTION/violet_1980.html,curb_weight,"1,100kg"
Violet,087,Violet (1980 : PA10),1980,https://www.nissan-global.com/EN/HERITAGE_COLLECTION/violet_1980.html,engine,"L20B (4-cyl. in line, OHC), 1,952cc"
Violet,087,Violet (1980 : PA10),1980,https://www.nissan-global.com/EN/HERITAGE_COLLECTION/violet_1980.html,engine_max_power,"Over 147kW (200PS)/7,400rpm"
Violet,087,Violet (1980 : PA10),1980,https://www.nissan-global.com/EN/HERITAGE_COLLECTION/violet_1980.html,engine_max_torque,"Over 206Nm (21.0kgm)/5,600rpm"
Violet,087,Violet (1980 : PA10),1980,https://www.nissan-global.com/EN/HERITAGE_COLLECTION/violet_1980.html,engine_carburetors,Solex 50PHH (x2)
Violet,087,Violet (1980 : PA10),1980,https://www.nissan-global.com/EN/HERITAGE_COLLECTION/violet_1980.html,brakes_front_and_rear,Disc (Dunlop Mk63)
Violet,087,Violet (1980 : PA10),1980,https://www.nissan-global.com/EN/HERITAGE_COLLECTION/violet_1980.html,tires_front,175SR14 (Dunlop SP52R)
Violet,087,Violet (1980 : PA10),1980,https://www.nissan-global.com/EN/HERITAGE_COLLECTION/violet_1980.html,tires_rear,195/70SR14 (Dunlop SP52R)
Violet,087,Violet (1980 : PA10),1980,https://www.nissan-global.com/EN/HERITAGE_COLLECTION/violet_1980.html,other,Nissan's results in Safari Rally (1963-92).
Violet,081,Violet (1981 : PA10),1981,https://www.nissan-global.com/EN/HERITAGE_COLLECTION/violet_1981.html,overall_length_width_height,"4,080/1,600/1,390mm"
Violet,081,Violet (1981 : PA10),1981,https://www.nissan-global.com/EN/HERITAGE_COLLECTION/violet_1981.html,wheelbase,"2,400mm"
Violet,081,Violet (1981 : PA10),1981,https://www.nissan-global.com/EN/HERITAGE_COLLECTION/violet_1981.html,tread_front_rear,"1,335/1,330mm"
Violet,081,Violet (1981 : PA10),1981,https://www.nissan-global.com/EN/HERITAGE_COLLECTION/violet_1981.html,curb_weight,"1,080kg"
Violet,081,Violet (1981 : PA10),1981,https://www.nissan-global.com/EN/HERITAGE_COLLECTION/violet_1981.html,engine,"LZ20B (4-cyl. in line, DOHC), 1,952cc"
Violet,081,Violet (1981 : PA10),1981,https://www.nissan-global.com/EN/HERITAGE_COLLECTION/violet_1981.html,engine_max_power,"158kW (215PS)/7,600rpm"
Violet,081,Violet (1981 : PA10),1981,https://www.nissan-global.com/EN/HERITAGE_COLLECTION/violet_1981.html,engine_max_torque,"221Nm (22.5kgm)/5,600rpm"
Violet,081,Violet (1981 : PA10),1981,https://www.nissan-global.com/EN/HERITAGE_COLLECTION/violet_1981.html,engine_intake_system,Solex 50PHH carburetor(x2)
Violet,081,Violet (1981 : PA10),1981,https://www.nissan-global.com/EN/HERITAGE_COLLECTION/violet_1981.html,brakes,Disc (front & rear)
Violet,081,Violet (1981 : PA10),1981,https://www.nissan-global.com/EN/HERITAGE_COLLECTION/violet_1981.html,tires_front,175SR14 (DL SP52R)
Violet,081,Violet (1981 : PA10),1981,https://www.nissan-global.com/EN/HERITAGE_COLLECTION/violet_1981.html,tires_rear,195/70SR14 (DL SP52R)
Violet,081,Violet (1981 : PA10),1981,https://www.nissan-global.com/EN/HERITAGE_COLLECTION/violet_1981.html,other,Nissan's results in Safari Rally (1963-92).
Violet,082,Violet (1982 : PA10),1982,https://www.nissan-global.com/EN/HERITAGE_COLLECTION/violet_1982.html,overall_length_width_height,"4,080/1,600/1,390mm"
Violet,082,Violet (1982 : PA10),1982,https://www.nissan-global.com/EN/HERITAGE_COLLECTION/violet_1982.html,wheelbase,"2,400mm"
Violet,082,Violet (1982 : PA10),1982,https://www.nissan-global.com/EN/HERITAGE_COLLECTION/violet_1982.html,tread_front_rear,"1,335/1,330mm"
Violet,082,Violet (1982 : PA10),1982,https://www.nissan-global.com/EN/HERITAGE_COLLECTION/violet_1982.html,curb_weight,"1,080kg"
Violet,082,Violet (1982 : PA10),1982,https://www.nissan-global.com/EN/HERITAGE_COLLECTION/violet_1982.html,engine,"LZ20B (4-cyl. in line, DOHC), 1,975cc"
Violet,082,Violet (1982 : PA10),1982,https://www.nissan-global.com/EN/HERITAGE_COLLECTION/violet_1982.html,engine_max_power,"162kW (220PS)/7,600rpm"
Violet,082,Violet (1982 : PA10),1982,https://www.nissan-global.com/EN/HERITAGE_COLLECTION/violet_1982.html,engine_max_torque,"226Nm (23.0kgm)/6,000rpm"
Violet,082,Violet (1982 : PA10),1982,https://www.nissan-global.com/EN/HERITAGE_COLLECTION/violet_1982.html,engine_intake_system,Solex 50PHH carburetor(x2)
Violet,082,Violet (1982 : PA10),1982,https://www.nissan-global.com/EN/HERITAGE_COLLECTION/violet_1982.html,brakes,Disc (front & rear)
Violet,082,Violet (1982 : PA10),1982,https://www.nissan-global.com/EN/HERITAGE_COLLECTION/violet_1982.html,tires_front,185/70SR 14(DL SP52R)
Violet,082,Violet (1982 : PA10),1982,https://www.nissan-global.com/EN/HERITAGE_COLLECTION/violet_1982.html,tires_rear,195/70SR 14 (DL SP52R)
Violet,082,Violet (1982 : PA10),1982,https://www.nissan-global.com/EN/HERITAGE_COLLECTION/violet_1982.html,other,Nissan's results in Safari Rally (1963-92).
