url,section_group,spec_clean,value
https://www.ferrari.com/en-EN/auto/125-s,engine,bore_stroke,55 x 52.5mm
https://www.ferrari.com/en-EN/auto/125-s,engine,unitary_displacement,124.73cc
https://www.ferrari.com/en-EN/auto/125-s,engine,total_displacement,1496.77cc
https://www.ferrari.com/en-EN/auto/125-s,engine,compression_ratio,9.5 : 1
https://www.ferrari.com/en-EN/auto/125-s,engine,maximum_power,87 kW (118 hp) at 6800 rpm
https://www.ferrari.com/en-EN/auto/125-s,engine,power_per_litre,79hp/l
https://www.ferrari.com/en-EN/auto/125-s,engine,valve_actuation,"single overhead camshaft per bank, two valves per cylinder"
https://www.ferrari.com/en-EN/auto/125-s,engine,fuel_feed,three Weber 30 DCF carburettors
https://www.ferrari.com/en-EN/auto/125-s,engine,ignition,"single spark plug per cylinder, two magnetos"
https://www.ferrari.com/en-EN/auto/125-s,engine,lubrication,wet sump
https://www.ferrari.com/en-EN/auto/125-s,engine,clutch,single-plate
https://www.ferrari.com/en-EN/auto/125-s,engine,frame,tubular steel
https://www.ferrari.com/en-EN/auto/125-s,chassis,front_suspension,"independent, unequal-length wishbones, transverse leaf spring, hydraulic shock absorbers"
https://www.ferrari.com/en-EN/auto/125-s,chassis,rear_suspension,"live axle, semi-elliptic springs, hydraulic shock absorbers, anti-roll bar"
https://www.ferrari.com/en-EN/auto/125-s,chassis,brakes,drums
https://www.ferrari.com/en-EN/auto/125-s,chassis,transmission,5-speed + reverse
https://www.ferrari.com/en-EN/auto/125-s,chassis,steering,worm and sector
https://www.ferrari.com/en-EN/auto/125-s,chassis,fuel_tank,capacity 72litres
https://www.ferrari.com/en-EN/auto/125-s,chassis,front_tyres,5.00 x 15
https://www.ferrari.com/en-EN/auto/125-s,chassis,rear_tyres,6.00 x 15
https://www.ferrari.com/en-EN/auto/125-s,chassis,type,two-seater spider
https://www.ferrari.com/en-EN/auto/125-s,bodywork,wheelbase,2420mm
https://www.ferrari.com/en-EN/auto/125-s,bodywork,front_track,1240mm
https://www.ferrari.com/en-EN/auto/125-s,bodywork,rear_track,1240mm
https://www.ferrari.com/en-EN/auto/125-s,bodywork,weight,650kg (dry)
https://www.ferrari.com/en-EN/auto/125-s,bodywork,top_speed,210km/h
https://www.ferrari.com/en-EN/auto/125-s,performance,motore,"anteriore, longitudinale, 12V 60°"
https://www.ferrari.com/en-EN/auto/159-s,engine,type,"front, longitudinal 60° V12"
https://www.ferrari.com/en-EN/auto/159-s,engine,bore_stroke,59 x 58mm
https://www.ferrari.com/en-EN/auto/159-s,engine,unitary_displacement,158.57cc
https://www.ferrari.com/en-EN/auto/159-s,engine,total_displacement,1902.84cc
https://www.ferrari.com/en-EN/auto/159-s,engine,compression_ratio,8.5 : 1
https://www.ferrari.com/en-EN/auto/159-s,engine,maximum_power,92 kW (125 hp) at 6500 rpm
https://www.ferrari.com/en-EN/auto/159-s,engine,power_per_litre,66hp/l
https://www.ferrari.com/en-EN/auto/159-s,engine,valve_actuation,"single overhead camshaft per bank, two valves per cylinder"
https://www.ferrari.com/en-EN/auto/159-s,engine,fuel_feed,three Weber 32 DCF carburettors
https://www.ferrari.com/en-EN/auto/159-s,engine,ignition,"single spark plug per cylinder, two magnetos"
https://www.ferrari.com/en-EN/auto/159-s,engine,lubrication,wet sump
https://www.ferrari.com/en-EN/auto/159-s,engine,clutch,single plate
https://www.ferrari.com/en-EN/auto/159-s,chassis,frame,tubular steel
https://www.ferrari.com/en-EN/auto/159-s,chassis,front_suspension,"independent, unequal-length wishbones, transverse leaf spring, hydraulic shock absorbers"
https://www.ferrari.com/en-EN/auto/159-s,chassis,rear_suspension,"live axle, semi-elliptic springs, hydraulic shock absorbers, anti-roll bar"
https://www.ferrari.com/en-EN/auto/159-s,chassis,brakes,drums
https://www.ferrari.com/en-EN/auto/159-s,chassis,transmission,5-speed + reverse
https://www.ferrari.com/en-EN/auto/159-s,chassis,steering,worm and roller
https://www.ferrari.com/en-EN/auto/159-s,chassis,fuel_tank,capacity 72litres
https://www.ferrari.com/en-EN/auto/159-s,chassis,front_tyres,5.50 x 15
https://www.ferrari.com/en-EN/auto/159-s,chassis,rear_tyres,5.50 x 15
https://www.ferrari.com/en-EN/auto/159-s,bodywork,type_2,"spider, two-seater"
https://www.ferrari.com/en-EN/auto/159-s,bodywork,wheelbase,2420mm
https://www.ferrari.com/en-EN/auto/159-s,bodywork,front_track,1240mm
https://www.ferrari.com/en-EN/auto/159-s,bodywork,rear_track,1240mm
https://www.ferrari.com/en-EN/auto/166-inter,engine,type,"front, longitudinal 60° V12"
https://www.ferrari.com/en-EN/auto/166-inter,engine,bore_stroke,60 x 58.8mm
https://www.ferrari.com/en-EN/auto/166-inter,engine,unitary_displacement,166.25cc
https://www.ferrari.com/en-EN/auto/166-inter,engine,total_displacement,1995.02cc
https://www.ferrari.com/en-EN/auto/166-inter,engine,compression_ratio,6.8 : 1
https://www.ferrari.com/en-EN/auto/166-inter,engine,maximum_power,"66 kW (90 hp) at 5,600 rpm"
https://www.ferrari.com/en-EN/auto/166-inter,engine,power_per_litre,45hp/l
https://www.ferrari.com/en-EN/auto/166-inter,engine,valve_actuation,"single overhead camshaft per bank, two valves per cylinder"
https://www.ferrari.com/en-EN/auto/166-inter,engine,fuel_feed,single Weber 32 DCF carburettor
https://www.ferrari.com/en-EN/auto/166-inter,engine,ignition,"single spark plug per cylinder, two coils"
https://www.ferrari.com/en-EN/auto/166-inter,engine,lubrication,wet sump
https://www.ferrari.com/en-EN/auto/166-inter,engine,clutch,single-plate
https://www.ferrari.com/en-EN/auto/166-inter,chassis,frame,tubular steel
https://www.ferrari.com/en-EN/auto/166-inter,chassis,front_suspension,"independent, unequal-length wishbones, transverse leaf spring, hydraulic shock absorbers"
https://www.ferrari.com/en-EN/auto/166-inter,chassis,rear_suspension,"live axle, semi-elliptic springs, hydraulic shock absorbers, anti-roll bar"
https://www.ferrari.com/en-EN/auto/166-inter,chassis,brakes,drums
https://www.ferrari.com/en-EN/auto/166-inter,chassis,transmission,5-speed + reverse
https://www.ferrari.com/en-EN/auto/166-inter,chassis,steering,worm and sector
https://www.ferrari.com/en-EN/auto/166-inter,chassis,fuel_tank,72litres
https://www.ferrari.com/en-EN/auto/166-inter,chassis,front_tyres,5.50 x 15
https://www.ferrari.com/en-EN/auto/166-inter,chassis,rear_tyres,5.50 x 15
https://www.ferrari.com/en-EN/auto/166-inter,bodywork,type_2,"coupé, cabriolet, 2+2 or two-seater"
https://www.ferrari.com/en-EN/auto/166-inter,bodywork,wheelbase,2620mm
https://www.ferrari.com/en-EN/auto/166-inter,bodywork,front_track,1250mm
https://www.ferrari.com/en-EN/auto/166-inter,bodywork,rear_track,1200mm
https://www.ferrari.com/en-EN/auto/166-inter,bodywork,weight,"900 kg (dry, coupé)"
https://www.ferrari.com/en-EN/auto/166-inter,performance,top_speed,150km/h
https://www.ferrari.com/en-EN/auto/166-inter-sport,engine,type,"front, longitudinal 60° V12"
https://www.ferrari.com/en-EN/auto/166-inter-sport,engine,bore_stroke,60 x 58.8mm
https://www.ferrari.com/en-EN/auto/166-inter-sport,engine,unitary_displacement,166.25cc
https://www.ferrari.com/en-EN/auto/166-inter-sport,engine,total_displacement,1995.02cc
https://www.ferrari.com/en-EN/auto/166-inter-sport,engine,compression_ratio,11 : 1
https://www.ferrari.com/en-EN/auto/166-inter-sport,engine,maximum_power,96 kW (130 hp) at 6500 rpm
https://www.ferrari.com/en-EN/auto/166-inter-sport,engine,power_per_litre,65hp/l
https://www.ferrari.com/en-EN/auto/166-inter-sport,engine,valve_actuation,"single overhead camshaft per bank, two valves per cylinder"
https://www.ferrari.com/en-EN/auto/166-inter-sport,engine,fuel_feed,three Weber 32 DCF carburettors
https://www.ferrari.com/en-EN/auto/166-inter-sport,engine,ignition,"single spark plug per cylinder, two magnetos"
https://www.ferrari.com/en-EN/auto/166-inter-sport,engine,lubrication,wet sump
https://www.ferrari.com/en-EN/auto/166-inter-sport,engine,clutch,single-plate
https://www.ferrari.com/en-EN/auto/166-inter-sport,chassis,frame,tubular steel
https://www.ferrari.com/en-EN/auto/166-inter-sport,chassis,front_suspension,"independent, unequal-length wishbones, transverse leaf spring, hydraulic shock absorbers"
https://www.ferrari.com/en-EN/auto/166-inter-sport,chassis,rear_suspension,"live axle, semi-elliptic springs, hydraulic shock absorbers, anti-roll bar"
https://www.ferrari.com/en-EN/auto/166-inter-sport,chassis,brakes,drums
https://www.ferrari.com/en-EN/auto/166-inter-sport,chassis,transmission,5-speed + reverse
https://www.ferrari.com/en-EN/auto/166-inter-sport,chassis,steering,worm and sector
https://www.ferrari.com/en-EN/auto/166-inter-sport,chassis,fuel_tank,capacity 75litres
https://www.ferrari.com/en-EN/auto/166-inter-sport,chassis,front_tyres,5.50 x 15
https://www.ferrari.com/en-EN/auto/166-inter-sport,chassis,rear_tyres,5.50 x 15
https://www.ferrari.com/en-EN/auto/166-inter-sport,bodywork,type_2,two-seater spider
https://www.ferrari.com/en-EN/auto/166-inter-sport,bodywork,wheelbase,2420mm
https://www.ferrari.com/en-EN/auto/166-inter-sport,bodywork,front_track,1240mm
https://www.ferrari.com/en-EN/auto/166-inter-sport,bodywork,rear_track,1240mm
https://www.ferrari.com/en-EN/auto/166-inter-sport,bodywork,weight,630kg (dry)
https://www.ferrari.com/en-EN/auto/166-inter-sport,performance,top_speed,215km/h
https://www.ferrari.com/en-EN/auto/166-mm,engine,type,"front, longitudinal 60° V12"
https://www.ferrari.com/en-EN/auto/166-mm,engine,bore_stroke,60 x 58.8mm
https://www.ferrari.com/en-EN/auto/166-mm,engine,unitary_displacement,166.25cc
https://www.ferrari.com/en-EN/auto/166-mm,engine,total_displacement,1995.02cc
https://www.ferrari.com/en-EN/auto/166-mm,engine,compression_ratio,10 : 1
https://www.ferrari.com/en-EN/auto/166-mm,engine,maximum_power,103 kW (140 hp) at 6600 rpm
https://www.ferrari.com/en-EN/auto/166-mm,engine,power_per_litre,70hp/l
https://www.ferrari.com/en-EN/auto/166-mm,engine,valve_actuation,"single overhead camshaft per bank, two valves per cylinder"
https://www.ferrari.com/en-EN/auto/166-mm,engine,fuel_feed,three Weber 32 DCF carburettors
https://www.ferrari.com/en-EN/auto/166-mm,engine,ignition,"single spark plug per cylinder, two magnetos"
https://www.ferrari.com/en-EN/auto/166-mm,engine,lubrication,wet sump
https://www.ferrari.com/en-EN/auto/166-mm,engine,clutch,single-plate
https://www.ferrari.com/en-EN/auto/166-mm,chassis,frame,tubular steel
https://www.ferrari.com/en-EN/auto/166-mm,chassis,front_suspension,"independent, unequal-length wishbones, transverse leaf spring, hydraulic shock absorbers"
https://www.ferrari.com/en-EN/auto/166-mm,chassis,rear_suspension,"live axle, semi-elliptic springs, hydraulic shock absorbers, anti-roll bar"
https://www.ferrari.com/en-EN/auto/166-mm,chassis,brakes,drums
https://www.ferrari.com/en-EN/auto/166-mm,chassis,transmission,5-speed + reverse
https://www.ferrari.com/en-EN/auto/166-mm,chassis,steering,worm and sector
https://www.ferrari.com/en-EN/auto/166-mm,chassis,fuel_tank,capacity 90litres
https://www.ferrari.com/en-EN/auto/166-mm,chassis,front_tyres,5.50 x 15
https://www.ferrari.com/en-EN/auto/166-mm,chassis,rear_tyres,5.50 x 15
https://www.ferrari.com/en-EN/auto/166-mm,bodywork,type_2,two-seater berlinetta or spider
https://www.ferrari.com/en-EN/auto/166-mm,bodywork,wheelbase,2200mm
https://www.ferrari.com/en-EN/auto/166-mm,bodywork,front_track,1250mm
https://www.ferrari.com/en-EN/auto/166-mm,bodywork,rear_track,1200mm
https://www.ferrari.com/en-EN/auto/166-mm,bodywork,weight,"650 kg (dry, spider)"
https://www.ferrari.com/en-EN/auto/166-mm,performance,top_speed,220km/h
https://www.ferrari.com/en-EN/auto/166-s,engine,type,"front, longitudinal 60° V12"
https://www.ferrari.com/en-EN/auto/166-s,engine,bore_stroke,60 x 58.8mm
https://www.ferrari.com/en-EN/auto/166-s,engine,unitary_displacement,166.25cc
https://www.ferrari.com/en-EN/auto/166-s,engine,total_displacement,1995.02cc
https://www.ferrari.com/en-EN/auto/166-s,engine,compression_ratio,7.5 : 1
https://www.ferrari.com/en-EN/auto/166-s,engine,maximum_power,81 kW (110 hp) at 6000 rpm
https://www.ferrari.com/en-EN/auto/166-s,engine,power_per_litre,55hp/l
https://www.ferrari.com/en-EN/auto/166-s,engine,valve_actuation,"single overhead camshaft per bank, two valves per cylinder"
https://www.ferrari.com/en-EN/auto/166-s,engine,fuel_feed,three Weber 32 DCF carburettors
https://www.ferrari.com/en-EN/auto/166-s,engine,ignition,"single spark plug per cylinder, two coils"
https://www.ferrari.com/en-EN/auto/166-s,engine,lubrication,wet sump
https://www.ferrari.com/en-EN/auto/166-s,engine,clutch,single-plate
https://www.ferrari.com/en-EN/auto/166-s,chassis,frame,tubular steel
https://www.ferrari.com/en-EN/auto/166-s,chassis,front_suspension,"independent, unequal-length wishbones, transverse leaf spring, hydraulic shock absorbers"
https://www.ferrari.com/en-EN/auto/166-s,chassis,rear_suspension,"live axle, semi-elliptic springs, hydraulic shock absorbers, anti-roll bar"
https://www.ferrari.com/en-EN/auto/166-s,chassis,brakes,drums
https://www.ferrari.com/en-EN/auto/166-s,chassis,transmission,5-speed + reverse
https://www.ferrari.com/en-EN/auto/166-s,chassis,steering,worm and sector
https://www.ferrari.com/en-EN/auto/166-s,chassis,fuel_tank,capacity 80litres
https://www.ferrari.com/en-EN/auto/166-s,chassis,front_tyres,5.50 x 15
https://www.ferrari.com/en-EN/auto/166-s,chassis,rear_tyres,5.50 x 15
https://www.ferrari.com/en-EN/auto/166-s,bodywork,type_2,two-seater berlinetta or spider
https://www.ferrari.com/en-EN/auto/166-s,bodywork,wheelbase,2420mm
https://www.ferrari.com/en-EN/auto/166-s,bodywork,front_track,1250mm
https://www.ferrari.com/en-EN/auto/166-s,bodywork,rear_track,1200mm
https://www.ferrari.com/en-EN/auto/166-s,bodywork,weight,"800 kg (dry, berlinetta)"
https://www.ferrari.com/en-EN/auto/166-s,performance,top_speed,170km/h
https://www.ferrari.com/en-EN/auto/195-inter,engine,type,"front, longitudinal 60° V12"
https://www.ferrari.com/en-EN/auto/195-inter,engine,bore_stroke,65 x 58.8mm
https://www.ferrari.com/en-EN/auto/195-inter,engine,unitary_displacement,195.08cc
https://www.ferrari.com/en-EN/auto/195-inter,engine,total_displacement,2341.02cc
https://www.ferrari.com/en-EN/auto/195-inter,engine,compression_ratio,7.5 : 1
https://www.ferrari.com/en-EN/auto/195-inter,engine,maximum_power,96 kW (130 hp) at 6000 rpm
https://www.ferrari.com/en-EN/auto/195-inter,engine,power_per_litre,56hp/l
https://www.ferrari.com/en-EN/auto/195-inter,engine,valve_actuation,"single overhead camshaft per bank, two valves per cylinder"
https://www.ferrari.com/en-EN/auto/195-inter,engine,fuel_feed,single Weber 36 DCF carburettor
https://www.ferrari.com/en-EN/auto/195-inter,engine,ignition,"single spark plug per cylinder, two coils"
https://www.ferrari.com/en-EN/auto/195-inter,engine,lubrication,wet sump
https://www.ferrari.com/en-EN/auto/195-inter,engine,clutch,single-plate
https://www.ferrari.com/en-EN/auto/195-inter,chassis,frame,tubular steel
https://www.ferrari.com/en-EN/auto/195-inter,chassis,front_suspension,"independent, unequal-length wishbones. transverse leaf spring, Houdaille hydraulic shock absorbers"
https://www.ferrari.com/en-EN/auto/195-inter,chassis,rear_suspension,"live axle, semi-elliptic springs, trailing arms, Houdaille hydraulic shock absorbers"
https://www.ferrari.com/en-EN/auto/195-inter,chassis,brakes,drums
https://www.ferrari.com/en-EN/auto/195-inter,chassis,transmission,5-speed + reverse
https://www.ferrari.com/en-EN/auto/195-inter,chassis,steering,worm and sector
https://www.ferrari.com/en-EN/auto/195-inter,chassis,fuel_tank,capacity 82litres
https://www.ferrari.com/en-EN/auto/195-inter,chassis,front_tyres,5.90 x 15
https://www.ferrari.com/en-EN/auto/195-inter,chassis,rear_tyres,5.90 x 15
https://www.ferrari.com/en-EN/auto/195-inter,bodywork,type_2,two-seater coupé
https://www.ferrari.com/en-EN/auto/195-inter,bodywork,wheelbase,2500mm
https://www.ferrari.com/en-EN/auto/195-inter,bodywork,front_track,1270mm
https://www.ferrari.com/en-EN/auto/195-inter,bodywork,rear_track,1250mm
https://www.ferrari.com/en-EN/auto/195-inter,bodywork,weight,950kg (dry)
https://www.ferrari.com/en-EN/auto/195-inter,performance,top_speed,180km/h
https://www.ferrari.com/en-EN/auto/195-s,engine,type,"front, longitudinal 60° V12"
https://www.ferrari.com/en-EN/auto/195-s,engine,bore_stroke,65 x 58.8mm
https://www.ferrari.com/en-EN/auto/195-s,engine,unitary_displacement,195.08cc
https://www.ferrari.com/en-EN/auto/195-s,engine,total_displacement,2341.02cc
https://www.ferrari.com/en-EN/auto/195-s,engine,compression_ratio,8.5 : 1
https://www.ferrari.com/en-EN/auto/195-s,engine,maximum_power,125 kW (170 hp) at 7000 rpm
https://www.ferrari.com/en-EN/auto/195-s,engine,power_per_litre,73hp/l
https://www.ferrari.com/en-EN/auto/195-s,engine,valve_actuation,"single overhead camshaft per bank, two valves per cylinder"
https://www.ferrari.com/en-EN/auto/195-s,engine,fuel_feed,three Weber 36 DCF carburettors
https://www.ferrari.com/en-EN/auto/195-s,engine,ignition,"single spark plug per cylinder, two coils"
https://www.ferrari.com/en-EN/auto/195-s,engine,lubrication,wet sump
https://www.ferrari.com/en-EN/auto/195-s,engine,clutch,multi-plate
https://www.ferrari.com/en-EN/auto/195-s,chassis,frame,tubular steel
https://www.ferrari.com/en-EN/auto/195-s,chassis,front_suspension,"independent, unequal-length wishbones, transverse leaf spring, hydraulic shock absorbers"
https://www.ferrari.com/en-EN/auto/195-s,chassis,rear_suspension,"live axle, semi-elliptic springs, hydraulic shock absorbers,anti-roll bar"
https://www.ferrari.com/en-EN/auto/195-s,chassis,brakes,drums
https://www.ferrari.com/en-EN/auto/195-s,chassis,transmission,5-speed + reverse
https://www.ferrari.com/en-EN/auto/195-s,chassis,steering,worm and sector
https://www.ferrari.com/en-EN/auto/195-s,chassis,front_tyres,5.50 x 15
https://www.ferrari.com/en-EN/auto/195-s,chassis,rear_tyres,6.00 x 15
https://www.ferrari.com/en-EN/auto/195-s,bodywork,type_2,"two-seater spider, berlinetta"
https://www.ferrari.com/en-EN/auto/195-s,bodywork,wheelbase,2250mm
https://www.ferrari.com/en-EN/auto/195-s,bodywork,front_track,1278mm
https://www.ferrari.com/en-EN/auto/195-s,bodywork,rear_track,1250mm
https://www.ferrari.com/en-EN/auto/195-s,bodywork,weight,"720 kg (dry, spider)"
https://www.ferrari.com/en-EN/auto/275-s,engine,type,"front, longitudinal 60° V12"
https://www.ferrari.com/en-EN/auto/275-s,engine,bore_stroke,72 x 68mm
https://www.ferrari.com/en-EN/auto/275-s,engine,unitary_displacement,276.86cc
https://www.ferrari.com/en-EN/auto/275-s,engine,total_displacement,3322.34cc
https://www.ferrari.com/en-EN/auto/275-s,engine,compression_ratio,8 : 1
https://www.ferrari.com/en-EN/auto/275-s,engine,maximum_power,199 kW (270 hp) at 7200 rpm
https://www.ferrari.com/en-EN/auto/275-s,engine,power_per_litre,81CV/l
https://www.ferrari.com/en-EN/auto/275-s,engine,valve_actuation,"single overhead camshaft per bank, two valves per cylinder"
https://www.ferrari.com/en-EN/auto/275-s,engine,fuel_feed,three Weber 40 DCF carburettors
https://www.ferrari.com/en-EN/auto/275-s,engine,ignition,"single spark plug per cylinder, two coils"
https://www.ferrari.com/en-EN/auto/275-s,engine,lubrication,wet sump
https://www.ferrari.com/en-EN/auto/275-s,engine,clutch,multi-plate
https://www.ferrari.com/en-EN/auto/275-s,chassis,frame,tubular steel
https://www.ferrari.com/en-EN/auto/275-s,chassis,front_suspension,"independent, unequal-length wishbones, transverse leaf spring, hydraulic shock absorbers"
https://www.ferrari.com/en-EN/auto/275-s,chassis,rear_suspension,"live axle, semi-elliptic springs, hydraulic shock absorbers, anti-roll bar"
https://www.ferrari.com/en-EN/auto/275-s,chassis,brakes,drums
https://www.ferrari.com/en-EN/auto/275-s,chassis,transmission,5-speed + reverse
https://www.ferrari.com/en-EN/auto/275-s,chassis,steering,worm and sector
https://www.ferrari.com/en-EN/auto/275-s,chassis,front_tyres,5.50 x 16
https://www.ferrari.com/en-EN/auto/275-s,chassis,rear_tyres,5.50 x 16
https://www.ferrari.com/en-EN/auto/275-s,bodywork,type_2,two-seater spider
https://www.ferrari.com/en-EN/auto/275-s,bodywork,wheelbase,2420mm
https://www.ferrari.com/en-EN/auto/275-s,bodywork,front_track,1270mm
https://www.ferrari.com/en-EN/auto/275-s,bodywork,rear_track,1250mm
https://www.ferrari.com/en-EN/auto/275-s,bodywork,weight,850kg (dry)
https://www.ferrari.com/en-EN/auto/275-s,performance,top_speed,240km/h
https://www.ferrari.com/en-EN/auto/340-america,engine,type,"front, longitudinal 60° V12"
https://www.ferrari.com/en-EN/auto/340-america,engine,bore_stroke,80 x 68mm
https://www.ferrari.com/en-EN/auto/340-america,engine,unitary_displacement,341.80cc
https://www.ferrari.com/en-EN/auto/340-america,engine,total_displacement,4101.66cc
https://www.ferrari.com/en-EN/auto/340-america,engine,compression_ratio,8 : 1
https://www.ferrari.com/en-EN/auto/340-america,engine,maximum_power,162 kW (220 hp) at 6000 rpm
https://www.ferrari.com/en-EN/auto/340-america,engine,power_per_litre,54hp/l
https://www.ferrari.com/en-EN/auto/340-america,engine,valve_actuation,"single overhead camshaft per bank, two valves per cylinder"
https://www.ferrari.com/en-EN/auto/340-america,engine,fuel_feed,three Weber 40 DCF carburettors
https://www.ferrari.com/en-EN/auto/340-america,engine,ignition,"single spark plug per cylinder, two coils"
https://www.ferrari.com/en-EN/auto/340-america,engine,lubrication,dry sump
https://www.ferrari.com/en-EN/auto/340-america,engine,clutch,single-plate
https://www.ferrari.com/en-EN/auto/340-america,chassis,frame,tubular steel
https://www.ferrari.com/en-EN/auto/340-america,chassis,front_suspension,"independent, unequal-length wishbones, transverse leaf spring, Houdaille hydraulic shock absorbers"
https://www.ferrari.com/en-EN/auto/340-america,chassis,rear_suspension,"live axle, semi-elliptic springs, Houdaille hydraulic shock absorbers"
https://www.ferrari.com/en-EN/auto/340-america,chassis,brakes,drums
https://www.ferrari.com/en-EN/auto/340-america,chassis,transmission,5-speed + reverse
https://www.ferrari.com/en-EN/auto/340-america,chassis,steering,worm and sector
https://www.ferrari.com/en-EN/auto/340-america,chassis,fuel_tank,capacity 135litres
https://www.ferrari.com/en-EN/auto/340-america,chassis,front_tyres,6.40 x 15
https://www.ferrari.com/en-EN/auto/340-america,chassis,rear_tyres,6.40 x 15
https://www.ferrari.com/en-EN/auto/340-america,bodywork,type_2,"spider, berlinetta, coupé, 2+2 or two-seater"
https://www.ferrari.com/en-EN/auto/340-america,bodywork,wheelbase,2420mm
https://www.ferrari.com/en-EN/auto/340-america,bodywork,front_track,1278mm
https://www.ferrari.com/en-EN/auto/340-america,bodywork,rear_track,1250mm
https://www.ferrari.com/en-EN/auto/340-america,bodywork,weight,"900 kg (dry, berlinetta)"
https://www.ferrari.com/en-EN/auto/340-america,performance,top_speed,240km/h
https://www.ferrari.com/en-EN/auto/212-export,engine,type,"front, longitudinal 60° V12"
https://www.ferrari.com/en-EN/auto/212-export,engine,bore_stroke,68 x 58.8mm
https://www.ferrari.com/en-EN/auto/212-export,engine,unitary_displacement,213.54cc
https://www.ferrari.com/en-EN/auto/212-export,engine,total_displacement,2562.51cc
https://www.ferrari.com/en-EN/auto/212-export,engine,compression_ratio,8.4 : 1
https://www.ferrari.com/en-EN/auto/212-export,engine,maximum_power,121 kW (165 hp) at 7000 rpm
https://www.ferrari.com/en-EN/auto/212-export,engine,power_per_litre,64hp/l
https://www.ferrari.com/en-EN/auto/212-export,engine,valve_actuation,"single overhead camshaft per bank, two valves per cylinder"
https://www.ferrari.com/en-EN/auto/212-export,engine,fuel_feed,three Weber 36 DCF carburettors
https://www.ferrari.com/en-EN/auto/212-export,engine,ignition,"single spark plug per cylinder, two coils"
https://www.ferrari.com/en-EN/auto/212-export,engine,lubrication,wet sump
https://www.ferrari.com/en-EN/auto/212-export,engine,clutch,single-plate
https://www.ferrari.com/en-EN/auto/212-export,chassis,frame,tubular steel
https://www.ferrari.com/en-EN/auto/212-export,chassis,front_suspension,"independent, unequal-length wishbones, transverse leaf spring, Houdaille hydraulic shock absorbers"
https://www.ferrari.com/en-EN/auto/212-export,chassis,rear_suspension,"live axle, semi-elliptic springs, Houdaille hydraulic shock absorbers"
https://www.ferrari.com/en-EN/auto/212-export,chassis,brakes,drums
https://www.ferrari.com/en-EN/auto/212-export,chassis,transmission,5-speed + reverse
https://www.ferrari.com/en-EN/auto/212-export,chassis,steering,worm and sector
https://www.ferrari.com/en-EN/auto/212-export,chassis,fuel_tank,capacity 120litres
https://www.ferrari.com/en-EN/auto/212-export,chassis,front_tyres,5.50 x 16
https://www.ferrari.com/en-EN/auto/212-export,chassis,rear_tyres,5.50 x 16
https://www.ferrari.com/en-EN/auto/212-export,bodywork,type_2,"two-seater berlinetta, spider, cabriolet"
https://www.ferrari.com/en-EN/auto/212-export,bodywork,wheelbase,2250mm
https://www.ferrari.com/en-EN/auto/212-export,bodywork,front_track,1278mm
https://www.ferrari.com/en-EN/auto/212-export,bodywork,rear_track,1250mm
https://www.ferrari.com/en-EN/auto/212-export,bodywork,weight,"850 kg (dry, berlinetta)"
https://www.ferrari.com/en-EN/auto/212-export,performance,top_speed,220km/h
https://www.ferrari.com/en-EN/auto/212-inter,engine,type,"front, longitudinal 60° V12"
https://www.ferrari.com/en-EN/auto/212-inter,engine,bore_stroke,68 x 58.8mm
https://www.ferrari.com/en-EN/auto/212-inter,engine,unitary_displacement,213.54cc
https://www.ferrari.com/en-EN/auto/212-inter,engine,total_displacement,2562.51cc
https://www.ferrari.com/en-EN/auto/212-inter,engine,compression_ratio,7.5 : 1
https://www.ferrari.com/en-EN/auto/212-inter,engine,maximum_power,110 kW (150 hp) at 6500 rpm
https://www.ferrari.com/en-EN/auto/212-inter,engine,power_per_litre,58hp/l
https://www.ferrari.com/en-EN/auto/212-inter,engine,valve_actuation,"single overhead camshaft per bank, two valves per cylinder"
https://www.ferrari.com/en-EN/auto/212-inter,engine,fuel_feed,single Weber 36 DCF carburettor
https://www.ferrari.com/en-EN/auto/212-inter,engine,ignition,"single spark plug per cylinder, two coils"
https://www.ferrari.com/en-EN/auto/212-inter,engine,lubrication,wet sump
https://www.ferrari.com/en-EN/auto/212-inter,engine,clutch,single-plate
https://www.ferrari.com/en-EN/auto/212-inter,chassis,frame,tubular steel
https://www.ferrari.com/en-EN/auto/212-inter,chassis,front_suspension,"independent, unequal-length wishbones, transverse leaf spring, Houdaille hydraulic shock absorbers"
https://www.ferrari.com/en-EN/auto/212-inter,chassis,rear_suspension,"live axle, semi-elliptic springs, Houdaille hydraulic shock absorbers"
https://www.ferrari.com/en-EN/auto/212-inter,chassis,brakes,drums
https://www.ferrari.com/en-EN/auto/212-inter,chassis,transmission,5-speed + reverse
https://www.ferrari.com/en-EN/auto/212-inter,chassis,steering,worm and sector
https://www.ferrari.com/en-EN/auto/212-inter,chassis,fuel_tank,capacity 105litres
https://www.ferrari.com/en-EN/auto/212-inter,chassis,front_tyres,6.40 x 15
https://www.ferrari.com/en-EN/auto/212-inter,chassis,rear_tyres,6.40 x 15
https://www.ferrari.com/en-EN/auto/212-inter,bodywork,type_2,"coupé, cabriolet, 2+2 or two-seater"
https://www.ferrari.com/en-EN/auto/212-inter,bodywork,wheelbase,2600mm
https://www.ferrari.com/en-EN/auto/212-inter,bodywork,front_track,1278mm
https://www.ferrari.com/en-EN/auto/212-inter,bodywork,rear_track,1250mm
https://www.ferrari.com/en-EN/auto/212-inter,bodywork,weight,"1000 kg (dry, coupé)"
https://www.ferrari.com/en-EN/auto/212-inter,performance,top_speed,200km/h
https://www.ferrari.com/en-EN/auto/342-america,engine,type,"front, longitudinal 60° V12"
https://www.ferrari.com/en-EN/auto/342-america,engine,bore_stroke,80 x 68mm
https://www.ferrari.com/en-EN/auto/342-america,engine,unitary_displacement,341.80cc
https://www.ferrari.com/en-EN/auto/342-america,engine,total_displacement,4101.66cc
https://www.ferrari.com/en-EN/auto/342-america,engine,compression_ratio,8 : 1
https://www.ferrari.com/en-EN/auto/342-america,engine,maximum_power,147 (200 hp) at 5000 rpm
https://www.ferrari.com/en-EN/auto/342-america,engine,power_per_litre,49hp/l
https://www.ferrari.com/en-EN/auto/342-america,engine,valve_actuation,"single overhead camshaft per bank, two valves per cylinder"
https://www.ferrari.com/en-EN/auto/342-america,engine,fuel_feed,three Weber 40 DCF carburettors
https://www.ferrari.com/en-EN/auto/342-america,engine,ignition,"single spark plug per cylinder, two coils"
https://www.ferrari.com/en-EN/auto/342-america,engine,lubrication,wet sump
https://www.ferrari.com/en-EN/auto/342-america,engine,clutch,single-plate
https://www.ferrari.com/en-EN/auto/342-america,chassis,frame,tubular steel
https://www.ferrari.com/en-EN/auto/342-america,chassis,front_suspension,"independent, unequal-length wishbones, transverse leaf spring, hydraulic shock absorbers"
https://www.ferrari.com/en-EN/auto/342-america,chassis,rear_suspension,"live axle, semi-elliptic springs, hydraulic shock absorbers"
https://www.ferrari.com/en-EN/auto/342-america,chassis,brakes,drums
https://www.ferrari.com/en-EN/auto/342-america,chassis,transmission,4-speed + reverse
https://www.ferrari.com/en-EN/auto/342-america,chassis,steering,worm and sector
https://www.ferrari.com/en-EN/auto/342-america,chassis,fuel_tank,capacity 105litres
https://www.ferrari.com/en-EN/auto/342-america,chassis,front_tyres,6.40 x 15
https://www.ferrari.com/en-EN/auto/342-america,chassis,rear_tyres,6.40 x 15
https://www.ferrari.com/en-EN/auto/342-america,bodywork,type_2,two-seater coupé or cabriolet
https://www.ferrari.com/en-EN/auto/342-america,bodywork,wheelbase,2650mm
https://www.ferrari.com/en-EN/auto/342-america,bodywork,front_track,1325mm
https://www.ferrari.com/en-EN/auto/342-america,bodywork,rear_track,1320mm
https://www.ferrari.com/en-EN/auto/342-america,bodywork,weight,1200kg (dry)
https://www.ferrari.com/en-EN/auto/342-america,performance,top_speed,186km/h
https://www.ferrari.com/en-EN/auto/225-s,engine,type,"front, longitudinal 60° V12"
https://www.ferrari.com/en-EN/auto/225-s,engine,bore_stroke,70 x 58.8mm
https://www.ferrari.com/en-EN/auto/225-s,engine,unitary_displacement,226.28cc
https://www.ferrari.com/en-EN/auto/225-s,engine,total_displacement,2715.46cc
https://www.ferrari.com/en-EN/auto/225-s,engine,compression_ratio,8.5 : 1
https://www.ferrari.com/en-EN/auto/225-s,engine,maximum_power,154 kW (210 hp) at 7200 rpm
https://www.ferrari.com/en-EN/auto/225-s,engine,power_per_litre,77hp/l
https://www.ferrari.com/en-EN/auto/225-s,engine,valve_actuation,"single overhead camshaft per bank, two valves per cylinder"
https://www.ferrari.com/en-EN/auto/225-s,engine,fuel_feed,three Weber 36 DCF carburettors
https://www.ferrari.com/en-EN/auto/225-s,engine,ignition,"single spark plug per cylinder, two coils"
https://www.ferrari.com/en-EN/auto/225-s,engine,lubrication,wet sump
https://www.ferrari.com/en-EN/auto/225-s,engine,clutch,single-plate
https://www.ferrari.com/en-EN/auto/225-s,chassis,frame,tubular steel
https://www.ferrari.com/en-EN/auto/225-s,chassis,front_suspension,"independent, unequal-length wishbones, transverse leaf spring, hydraulic shock absorbers"
https://www.ferrari.com/en-EN/auto/225-s,chassis,rear_suspension,"live axle, twin semi-elliptic springs, hydraulic shock absorbers"
https://www.ferrari.com/en-EN/auto/225-s,chassis,brakes,drums
https://www.ferrari.com/en-EN/auto/225-s,chassis,transmission,5-speed + reverse
https://www.ferrari.com/en-EN/auto/225-s,chassis,steering,worm and sector
https://www.ferrari.com/en-EN/auto/225-s,chassis,front_tyres,5.50 x 16
https://www.ferrari.com/en-EN/auto/225-s,chassis,rear_tyres,6.00 x 16
https://www.ferrari.com/en-EN/auto/225-s,bodywork,type_2,"two-seater berlinetta, spider"
https://www.ferrari.com/en-EN/auto/225-s,bodywork,wheelbase,2250mm
https://www.ferrari.com/en-EN/auto/225-s,bodywork,front_track,1278mm
https://www.ferrari.com/en-EN/auto/225-s,bodywork,rear_track,1250mm
https://www.ferrari.com/en-EN/auto/225-s,bodywork,weight,850kg (dry)
https://www.ferrari.com/en-EN/auto/225-s,performance,top_speed,230km/h
https://www.ferrari.com/en-EN/auto/250-s,engine,type,"front, longitudinal 60° V12"
https://www.ferrari.com/en-EN/auto/250-s,engine,bore_stroke,73 x 58.8mm
https://www.ferrari.com/en-EN/auto/250-s,engine,unitary_displacement,246.10cc
https://www.ferrari.com/en-EN/auto/250-s,engine,total_displacement,2953.21cc
https://www.ferrari.com/en-EN/auto/250-s,engine,compression_ratio,9 : 1
https://www.ferrari.com/en-EN/auto/250-s,engine,maximum_power,169 kW (230 hp) at 7500 rpm
https://www.ferrari.com/en-EN/auto/250-s,engine,power_per_litre,78hp/l
https://www.ferrari.com/en-EN/auto/250-s,engine,valve_actuation,"single overhead camshaft per bank, two valves per cylinder"
https://www.ferrari.com/en-EN/auto/250-s,engine,fuel_feed,three Weber 36 DCF carburettors
https://www.ferrari.com/en-EN/auto/250-s,engine,ignition,"single spark plug per cylinder, two coils"
https://www.ferrari.com/en-EN/auto/250-s,engine,lubrication,wet sump
https://www.ferrari.com/en-EN/auto/250-s,engine,clutch,single-plate
https://www.ferrari.com/en-EN/auto/250-s,chassis,frame,tubular steel
https://www.ferrari.com/en-EN/auto/250-s,chassis,front_suspension,"independent, unequal-length wishbones, transverse leaf spring, hydraulic shock absorbers"
https://www.ferrari.com/en-EN/auto/250-s,chassis,rear_suspension,"live axle, semi-elliptic springs, hydraulic shock absorbers"
https://www.ferrari.com/en-EN/auto/250-s,chassis,brakes,drums
https://www.ferrari.com/en-EN/auto/250-s,chassis,transmission,5-speed + reverse
https://www.ferrari.com/en-EN/auto/250-s,chassis,steering,worm and sector
https://www.ferrari.com/en-EN/auto/250-s,chassis,fuel_tank,capacity 150litres
https://www.ferrari.com/en-EN/auto/250-s,chassis,front_tyres,5.50 x 16
https://www.ferrari.com/en-EN/auto/250-s,chassis,rear_tyres,6.00 x 16
https://www.ferrari.com/en-EN/auto/250-s,bodywork,type_2,two-seater berlinetta
https://www.ferrari.com/en-EN/auto/250-s,bodywork,length,3800mm
https://www.ferrari.com/en-EN/auto/250-s,bodywork,width,1570mm
https://www.ferrari.com/en-EN/auto/250-s,bodywork,height,1400mm
https://www.ferrari.com/en-EN/auto/250-s,bodywork,wheelbase,2250mm
https://www.ferrari.com/en-EN/auto/250-s,bodywork,front_track,1278mm
https://www.ferrari.com/en-EN/auto/250-s,bodywork,rear_track,1250mm
https://www.ferrari.com/en-EN/auto/250-s,bodywork,weight,850kg (dry)
https://www.ferrari.com/en-EN/auto/250-s,performance,top_speed,250km/h
https://www.ferrari.com/en-EN/auto/340-mexico,engine,type,"front, longitudinal 60° V12"
https://www.ferrari.com/en-EN/auto/340-mexico,engine,bore_stroke,80 x 68mm
https://www.ferrari.com/en-EN/auto/340-mexico,engine,unitary_displacement,341.80cc
https://www.ferrari.com/en-EN/auto/340-mexico,engine,total_displacement,4101.66cc
https://www.ferrari.com/en-EN/auto/340-mexico,engine,compression_ratio,8 : 1
https://www.ferrari.com/en-EN/auto/340-mexico,engine,maximum_power,206 kW (280 hp) at 6600 rpm
https://www.ferrari.com/en-EN/auto/340-mexico,engine,power_per_litre,68hp/l
https://www.ferrari.com/en-EN/auto/340-mexico,engine,valve_actuation,"single overhead camshaft per bank, two valves per cylinder"
https://www.ferrari.com/en-EN/auto/340-mexico,engine,fuel_feed,three Weber 40 DCF/3 carburettors
https://www.ferrari.com/en-EN/auto/340-mexico,engine,ignition,"single spark plug per cylinder, two coils"
https://www.ferrari.com/en-EN/auto/340-mexico,engine,lubrication,wet sump
https://www.ferrari.com/en-EN/auto/340-mexico,engine,clutch,multi-plate
https://www.ferrari.com/en-EN/auto/340-mexico,chassis,frame,tubular steel
https://www.ferrari.com/en-EN/auto/340-mexico,chassis,front_suspension,"independent, unequal-length wishbones, transverse leaf spring, hydraulic shock absorbers, anti-roll bar"
https://www.ferrari.com/en-EN/auto/340-mexico,chassis,rear_suspension,"live axle, twin radius arms, semi-elliptic springs, hydraulic shock absorbers, anti-roll bar"
https://www.ferrari.com/en-EN/auto/340-mexico,chassis,brakes,drums
https://www.ferrari.com/en-EN/auto/340-mexico,chassis,transmission,5-speed + reverse
https://www.ferrari.com/en-EN/auto/340-mexico,chassis,steering,worm and sector
https://www.ferrari.com/en-EN/auto/340-mexico,chassis,fuel_tank,capacity 150litres
https://www.ferrari.com/en-EN/auto/340-mexico,chassis,front_tyres,5.50 x 16
https://www.ferrari.com/en-EN/auto/340-mexico,chassis,rear_tyres,6.50 x 16
https://www.ferrari.com/en-EN/auto/340-mexico,bodywork,type_2,"two-seater berlinetta, spider"
https://www.ferrari.com/en-EN/auto/340-mexico,bodywork,length,4201mm
https://www.ferrari.com/en-EN/auto/340-mexico,bodywork,width,1503mm
https://www.ferrari.com/en-EN/auto/340-mexico,bodywork,height,1333 mm (berlinetta)
https://www.ferrari.com/en-EN/auto/340-mexico,bodywork,wheelbase,2600mm
https://www.ferrari.com/en-EN/auto/340-mexico,bodywork,front_track,1278mm
https://www.ferrari.com/en-EN/auto/340-mexico,bodywork,rear_track,1250mm
https://www.ferrari.com/en-EN/auto/340-mexico,bodywork,weight,"900 kg (dry, berlinetta)"
https://www.ferrari.com/en-EN/auto/340-mexico,performance,top_speed,282km/h
https://www.ferrari.com/en-EN/auto/250-europa,engine,type,"front, longitudinal 60° V12"
https://www.ferrari.com/en-EN/auto/250-europa,engine,bore_stroke,68 x 68mm
https://www.ferrari.com/en-EN/auto/250-europa,engine,unitary_displacement,246.95cc
https://www.ferrari.com/en-EN/auto/250-europa,engine,total_displacement,2963.45cc
https://www.ferrari.com/en-EN/auto/250-europa,engine,compression_ratio,8 : 1
https://www.ferrari.com/en-EN/auto/250-europa,engine,maximum_power,147 kW (200 hp) at 6300 rpm
https://www.ferrari.com/en-EN/auto/250-europa,engine,power_per_litre,67hp/l
https://www.ferrari.com/en-EN/auto/250-europa,engine,valve_actuation,"single overhead camshaft per bank, two valves per cylinder"
https://www.ferrari.com/en-EN/auto/250-europa,engine,fuel_feed,three Weber 36 DCF carburettors
https://www.ferrari.com/en-EN/auto/250-europa,engine,ignition,"single spark plug per cylinder, two coils"
https://www.ferrari.com/en-EN/auto/250-europa,engine,lubrication,wet sump
https://www.ferrari.com/en-EN/auto/250-europa,engine,clutch,twin-plate
https://www.ferrari.com/en-EN/auto/250-europa,chassis,frame,tubular steel
https://www.ferrari.com/en-EN/auto/250-europa,chassis,front_suspension,"independent, unequal-length wishbones, transverse leaf spring, Houdaille hydraulic shock absorbers"
https://www.ferrari.com/en-EN/auto/250-europa,chassis,rear_suspension,"live axle, semi-elliptic springs, Houdaille hydraulic shock absorbers"
https://www.ferrari.com/en-EN/auto/250-europa,chassis,brakes,drums
https://www.ferrari.com/en-EN/auto/250-europa,chassis,transmission,4-speed + reverse
https://www.ferrari.com/en-EN/auto/250-europa,chassis,steering,worm and sector
https://www.ferrari.com/en-EN/auto/250-europa,chassis,fuel_tank,capacity 140litres
https://www.ferrari.com/en-EN/auto/250-europa,chassis,front_tyres,7.10 x 15
https://www.ferrari.com/en-EN/auto/250-europa,chassis,rear_tyres,7.10 x 15
https://www.ferrari.com/en-EN/auto/250-europa,bodywork,type_2,"two-seater coupé, cabriolet"
https://www.ferrari.com/en-EN/auto/250-europa,bodywork,wheelbase,2800mm
https://www.ferrari.com/en-EN/auto/250-europa,bodywork,front_track,1325mm
https://www.ferrari.com/en-EN/auto/250-europa,bodywork,rear_track,1320mm
https://www.ferrari.com/en-EN/auto/250-europa,bodywork,weight,"1150 kg (dry, coupé)"
https://www.ferrari.com/en-EN/auto/250-europa,performance,top_speed,218km/h
https://www.ferrari.com/en-EN/auto/250-mm,engine,type,"front, longitudinal 60° V12"
https://www.ferrari.com/en-EN/auto/250-mm,engine,bore_stroke,73 x 58.8mm
https://www.ferrari.com/en-EN/auto/250-mm,engine,unitary_displacement,246.10cc
https://www.ferrari.com/en-EN/auto/250-mm,engine,total_displacement,2953.21cc
https://www.ferrari.com/en-EN/auto/250-mm,engine,compression_ratio,9 : 1
https://www.ferrari.com/en-EN/auto/250-mm,engine,maximum_power,176 kW (240 hp) at 7200 rpm
https://www.ferrari.com/en-EN/auto/250-mm,engine,power_per_litre,81hp/l
https://www.ferrari.com/en-EN/auto/250-mm,engine,valve_actuation,"single overhead camshaft per bank, two valves per cylinder"
https://www.ferrari.com/en-EN/auto/250-mm,engine,fuel_feed,three Weber 36 IF/4C carburettors
https://www.ferrari.com/en-EN/auto/250-mm,engine,ignition,"single spark plug per cylinder, two coils"
https://www.ferrari.com/en-EN/auto/250-mm,engine,lubrication,wet sump
https://www.ferrari.com/en-EN/auto/250-mm,engine,clutch,multi-plate
https://www.ferrari.com/en-EN/auto/250-mm,chassis,frame,tubular steel
https://www.ferrari.com/en-EN/auto/250-mm,chassis,front_suspension,"independent, unequal-length wishbones, transverse leaf spring, Houdaille hydraulic shock absorbers"
https://www.ferrari.com/en-EN/auto/250-mm,chassis,rear_suspension,"live axle, semi-elliptic springs, Houdaille hydraulic shock absorbers"
https://www.ferrari.com/en-EN/auto/250-mm,chassis,brakes,drums
https://www.ferrari.com/en-EN/auto/250-mm,chassis,transmission,4-speed + reverse
https://www.ferrari.com/en-EN/auto/250-mm,chassis,steering,worm and sector
https://www.ferrari.com/en-EN/auto/250-mm,chassis,fuel_tank,capacity 150litres
https://www.ferrari.com/en-EN/auto/250-mm,chassis,front_tyres,6.00 x 16
https://www.ferrari.com/en-EN/auto/250-mm,chassis,rear_tyres,6.00 x 16
https://www.ferrari.com/en-EN/auto/250-mm,bodywork,type_2,"two-seater berlinetta, spider"
https://www.ferrari.com/en-EN/auto/250-mm,bodywork,wheelbase,2400mm
https://www.ferrari.com/en-EN/auto/250-mm,bodywork,front_track,1300mm
https://www.ferrari.com/en-EN/auto/250-mm,bodywork,rear_track,1320mm
https://www.ferrari.com/en-EN/auto/250-mm,bodywork,weight,"900 kg (dry, berlinetta)"
https://www.ferrari.com/en-EN/auto/250-mm,performance,top_speed,250km/h
https://www.ferrari.com/en-EN/auto/340-mm,engine,type,"front, longitudinal 60° V12"
https://www.ferrari.com/en-EN/auto/340-mm,engine,bore_stroke,80 x 68mm
https://www.ferrari.com/en-EN/auto/340-mm,engine,unitary_displacement,341.80cc
https://www.ferrari.com/en-EN/auto/340-mm,engine,total_displacement,4101.66cc
https://www.ferrari.com/en-EN/auto/340-mm,engine,compression_ratio,8 : 1
https://www.ferrari.com/en-EN/auto/340-mm,engine,maximum_power,206 kW (280 hp) at 6600 rpm
https://www.ferrari.com/en-EN/auto/340-mm,engine,power_per_litre,68hp/l
https://www.ferrari.com/en-EN/auto/340-mm,engine,valve_actuation,"single overhead camshaft per bank, two valves per cylinder"
https://www.ferrari.com/en-EN/auto/340-mm,engine,fuel_feed,three Weber 40 DCF carburettors
https://www.ferrari.com/en-EN/auto/340-mm,engine,ignition,"single spark plug per cylinder, two magnetos"
https://www.ferrari.com/en-EN/auto/340-mm,engine,lubrication,wet sump
https://www.ferrari.com/en-EN/auto/340-mm,engine,clutch,multi-plate
https://www.ferrari.com/en-EN/auto/340-mm,chassis,frame,tubular steel
https://www.ferrari.com/en-EN/auto/340-mm,chassis,front_suspension,"independent, unequal-length wishbones, transverse leaf spring, hydraulic shock absorbers"
https://www.ferrari.com/en-EN/auto/340-mm,chassis,rear_suspension,"live axle, twin radius arms, semi-elliptic springs, hydraulic shock absorbers"
https://www.ferrari.com/en-EN/auto/340-mm,chassis,brakes,drums
https://www.ferrari.com/en-EN/auto/340-mm,chassis,transmission,5-speed + reverse
https://www.ferrari.com/en-EN/auto/340-mm,chassis,steering,worm and sector
https://www.ferrari.com/en-EN/auto/340-mm,chassis,fuel_tank,capacity 177litres
https://www.ferrari.com/en-EN/auto/340-mm,chassis,front_tyres,5.50 x 16
https://www.ferrari.com/en-EN/auto/340-mm,chassis,rear_tyres,6.50 x 16
https://www.ferrari.com/en-EN/auto/340-mm,bodywork,type_2,"two-seater berlinetta, spider"
https://www.ferrari.com/en-EN/auto/340-mm,bodywork,wheelbase,2500mm
https://www.ferrari.com/en-EN/auto/340-mm,bodywork,front_track,1325mm
https://www.ferrari.com/en-EN/auto/340-mm,bodywork,rear_track,1320mm
https://www.ferrari.com/en-EN/auto/340-mm,bodywork,weight,"850 kg (dry, spider)"
https://www.ferrari.com/en-EN/auto/340-mm,performance,top_speed,282km/h
https://www.ferrari.com/en-EN/auto/375-america,engine,type,"front, longitudinal 60° V12"
https://www.ferrari.com/en-EN/auto/375-america,engine,bore_stroke,84 x 68mm
https://www.ferrari.com/en-EN/auto/375-america,engine,unitary_displacement,376.84cc
https://www.ferrari.com/en-EN/auto/375-america,engine,total_displacement,4522.08cc
https://www.ferrari.com/en-EN/auto/375-america,engine,compression_ratio,8 : 1
https://www.ferrari.com/en-EN/auto/375-america,engine,maximum_power,221 kW (300 hp) at 6300 rpm
https://www.ferrari.com/en-EN/auto/375-america,engine,power_per_litre,66hp/l
https://www.ferrari.com/en-EN/auto/375-america,engine,valve_actuation,"single overhead camshaft per bank, two valves per cylinder"
https://www.ferrari.com/en-EN/auto/375-america,engine,fuel_feed,three Weber 40 DCF carburettors
https://www.ferrari.com/en-EN/auto/375-america,engine,ignition,"single spark plug per cylinder, two coils"
https://www.ferrari.com/en-EN/auto/375-america,engine,lubrication,wet sump
https://www.ferrari.com/en-EN/auto/375-america,engine,clutch,twin-plate
https://www.ferrari.com/en-EN/auto/375-america,chassis,frame,tubular steel
https://www.ferrari.com/en-EN/auto/375-america,chassis,front_suspension,"independent, unqual-length wishbones, transverse leaf spring, Houdaille hydraulic shock absorbers"
https://www.ferrari.com/en-EN/auto/375-america,chassis,rear_suspension,"live axle, semi-elliptic springs, Houdaille hydraulic shock absorbers"
https://www.ferrari.com/en-EN/auto/375-america,chassis,brakes,drums
https://www.ferrari.com/en-EN/auto/375-america,chassis,transmission,4-speed + reverse
https://www.ferrari.com/en-EN/auto/375-america,chassis,steering,worm and sector
https://www.ferrari.com/en-EN/auto/375-america,chassis,fuel_tank,capacity 140litres
https://www.ferrari.com/en-EN/auto/375-america,chassis,front_tyres,7.10 x 15
https://www.ferrari.com/en-EN/auto/375-america,chassis,rear_tyres,7.10 x 15
https://www.ferrari.com/en-EN/auto/375-america,bodywork,type_2,two-seater coupé
https://www.ferrari.com/en-EN/auto/375-america,bodywork,wheelbase,2800mm
https://www.ferrari.com/en-EN/auto/375-america,bodywork,front_track,1325mm
https://www.ferrari.com/en-EN/auto/375-america,bodywork,rear_track,1320mm
https://www.ferrari.com/en-EN/auto/375-america,bodywork,weight,1150kg (dry)
https://www.ferrari.com/en-EN/auto/375-america,performance,top_speed,250km/h
https://www.ferrari.com/en-EN/auto/375-mm,engine,type,"front, longitudinal 60° V12"
https://www.ferrari.com/en-EN/auto/375-mm,engine,bore_stroke,84 x 68mm
https://www.ferrari.com/en-EN/auto/375-mm,engine,unitary_displacement,376.84cc
https://www.ferrari.com/en-EN/auto/375-mm,engine,total_displacement,4522.68cc
https://www.ferrari.com/en-EN/auto/375-mm,engine,compression_ratio,9 : 1
https://www.ferrari.com/en-EN/auto/375-mm,engine,maximum_power,250 kW (340 hp) at 7000 rpm
https://www.ferrari.com/en-EN/auto/375-mm,engine,power_per_litre,75hp/l
https://www.ferrari.com/en-EN/auto/375-mm,engine,valve_actuation,"single overhead camshaft per bank, two valves per cylinder"
https://www.ferrari.com/en-EN/auto/375-mm,engine,fuel_feed,three Weber 40 IF/4C or 42 DCZ carburettors
https://www.ferrari.com/en-EN/auto/375-mm,engine,ignition,"single spark plug per cylinder, two magnetos"
https://www.ferrari.com/en-EN/auto/375-mm,engine,lubrication,wet sump
https://www.ferrari.com/en-EN/auto/375-mm,engine,clutch,multi-plate
https://www.ferrari.com/en-EN/auto/375-mm,chassis,frame,tubular steel
https://www.ferrari.com/en-EN/auto/375-mm,chassis,front_suspension,"independent, unequal-length wishbones, transverse leaf spring, anti-roll bar, Houdaille hydraulic shock absorbers"
https://www.ferrari.com/en-EN/auto/375-mm,chassis,rear_suspension,"live axle, semi-elliptic springs, twin radius arms, twin Houdaille hydraulic shock absorbers"
https://www.ferrari.com/en-EN/auto/375-mm,chassis,brakes,drums
https://www.ferrari.com/en-EN/auto/375-mm,chassis,transmission,4-speed + reverse
https://www.ferrari.com/en-EN/auto/375-mm,chassis,steering,worm and sector
https://www.ferrari.com/en-EN/auto/375-mm,chassis,fuel_tank,capacity 180litres
https://www.ferrari.com/en-EN/auto/375-mm,chassis,front_tyres,6.50 x 16
https://www.ferrari.com/en-EN/auto/375-mm,chassis,rear_tyres,6.50 x 16
https://www.ferrari.com/en-EN/auto/375-mm,bodywork,type_2,"two-seater berlinetta, spider"
https://www.ferrari.com/en-EN/auto/375-mm,bodywork,wheelbase,2600mm
https://www.ferrari.com/en-EN/auto/375-mm,bodywork,front_track,1325mm
https://www.ferrari.com/en-EN/auto/375-mm,bodywork,rear_track,1320mm
https://www.ferrari.com/en-EN/auto/375-mm,bodywork,weight,900kg (dry)
https://www.ferrari.com/en-EN/auto/375-mm,performance,top_speed,289km/h
https://www.ferrari.com/en-EN/auto/500-mondial,engine,type,"front, longitudinal in-line-four"
https://www.ferrari.com/en-EN/auto/500-mondial,engine,bore_stroke,90 x 78mm
https://www.ferrari.com/en-EN/auto/500-mondial,engine,unitary_displacement,496.21cc
https://www.ferrari.com/en-EN/auto/500-mondial,engine,total_displacement,1984.86cc
https://www.ferrari.com/en-EN/auto/500-mondial,engine,compression_ratio,8.5 : 1
https://www.ferrari.com/en-EN/auto/500-mondial,engine,maximum_power,125 kW (170 hp) at 7000 rpm
https://www.ferrari.com/en-EN/auto/500-mondial,engine,power_per_litre,86hp/l
https://www.ferrari.com/en-EN/auto/500-mondial,engine,valve_actuation,"twin overhead camshafts per bank, two valves per cylinder"
https://www.ferrari.com/en-EN/auto/500-mondial,engine,fuel_feed,two Weber 45 DCOA/3 carburettors
https://www.ferrari.com/en-EN/auto/500-mondial,engine,ignition,"two spark plugs per cylinder, two coils"
https://www.ferrari.com/en-EN/auto/500-mondial,engine,lubrication,dry sump
https://www.ferrari.com/en-EN/auto/500-mondial,engine,clutch,twin-plate
https://www.ferrari.com/en-EN/auto/500-mondial,chassis,frame,tubular steel
https://www.ferrari.com/en-EN/auto/500-mondial,chassis,front_suspension,"independent, unequal-length wishbones, transverse leaf spring, Houdaille hydraulic shock absorbers"
https://www.ferrari.com/en-EN/auto/500-mondial,chassis,rear_suspension,"de Dion, twin radius arms, transverse leaf spring, Houdaille hydraulic shock absorbers"
https://www.ferrari.com/en-EN/auto/500-mondial,chassis,brakes,drums
https://www.ferrari.com/en-EN/auto/500-mondial,chassis,transmission,5-speed + reverse
https://www.ferrari.com/en-EN/auto/500-mondial,chassis,steering,worm and sector
https://www.ferrari.com/en-EN/auto/500-mondial,chassis,fuel_tank,capacity 150litres
https://www.ferrari.com/en-EN/auto/500-mondial,chassis,front_tyres,5.25 x 16
https://www.ferrari.com/en-EN/auto/500-mondial,chassis,rear_tyres,6.00 x 16
https://www.ferrari.com/en-EN/auto/500-mondial,bodywork,type_2,"two-seater spider, berlinetta"
https://www.ferrari.com/en-EN/auto/500-mondial,bodywork,wheelbase,2250mm
https://www.ferrari.com/en-EN/auto/500-mondial,bodywork,front_track,1278mm
https://www.ferrari.com/en-EN/auto/500-mondial,bodywork,rear_track,1284mm
https://www.ferrari.com/en-EN/auto/500-mondial,bodywork,weight,720kg (dry)
https://www.ferrari.com/en-EN/auto/500-mondial,performance,top_speed,236km/h
https://www.ferrari.com/en-EN/auto/625-tf,engine,type,"front, longitudinal in-line-four"
https://www.ferrari.com/en-EN/auto/625-tf,engine,bore_stroke,94 x 90mm
https://www.ferrari.com/en-EN/auto/625-tf,engine,unitary_displacement,624.58cc
https://www.ferrari.com/en-EN/auto/625-tf,engine,total_displacement,2498.32cc
https://www.ferrari.com/en-EN/auto/625-tf,engine,compression_ratio,9 : 1
https://www.ferrari.com/en-EN/auto/625-tf,engine,maximum_power,162 kW (220 hp) at 7000 rpm
https://www.ferrari.com/en-EN/auto/625-tf,engine,power_per_litre,88hp/l
https://www.ferrari.com/en-EN/auto/625-tf,engine,valve_actuation,"twin overhead camshaft per bank, two valves per cylinder"
https://www.ferrari.com/en-EN/auto/625-tf,engine,fuel_feed,two Weber 50 DCO4 carburettors
https://www.ferrari.com/en-EN/auto/625-tf,engine,ignition,"two spark plugs per cylinder, two coils"
https://www.ferrari.com/en-EN/auto/625-tf,engine,lubrication,dry sump
https://www.ferrari.com/en-EN/auto/625-tf,engine,clutch,multi-plate
https://www.ferrari.com/en-EN/auto/625-tf,chassis,frame,tubular steel
https://www.ferrari.com/en-EN/auto/625-tf,chassis,front_suspension,"independent, unequal-length wishbones, transverse leaf spring, hydraulic shock absorbers"
https://www.ferrari.com/en-EN/auto/625-tf,chassis,rear_suspension,"de Dion, twin radius arms, transverse leaf spring, hydraulic shock absorbers"
https://www.ferrari.com/en-EN/auto/625-tf,chassis,brakes,drums
https://www.ferrari.com/en-EN/auto/625-tf,chassis,transmission,4-speed + reverse
https://www.ferrari.com/en-EN/auto/625-tf,chassis,steering,worm and sector
https://www.ferrari.com/en-EN/auto/625-tf,chassis,fuel_tank,capacity 120litres
https://www.ferrari.com/en-EN/auto/625-tf,chassis,front_tyres,5.25 x 16
https://www.ferrari.com/en-EN/auto/625-tf,chassis,rear_tyres,6.50 x 16
https://www.ferrari.com/en-EN/auto/625-tf,bodywork,type_2,"two-seater berlinetta, spider"
https://www.ferrari.com/en-EN/auto/625-tf,bodywork,wheelbase,2250mm
https://www.ferrari.com/en-EN/auto/625-tf,bodywork,front_track,1278mm
https://www.ferrari.com/en-EN/auto/625-tf,bodywork,rear_track,1284mm
https://www.ferrari.com/en-EN/auto/625-tf,bodywork,weight,730 kg (kerb)
https://www.ferrari.com/en-EN/auto/625-tf,performance,top_speed,240km/h
https://www.ferrari.com/en-EN/auto/735-s,engine,type,"front, longitudinal, in-line-four"
https://www.ferrari.com/en-EN/auto/735-s,engine,bore_stroke,102 x 90mm
https://www.ferrari.com/en-EN/auto/735-s,engine,unitary_displacement,735.41cc
https://www.ferrari.com/en-EN/auto/735-s,engine,total_displacement,2941.66cc
https://www.ferrari.com/en-EN/auto/735-s,engine,compression_ratio,9 : 1
https://www.ferrari.com/en-EN/auto/735-s,engine,maximum_power,165 kW (225 hp) at 6800 rpm
https://www.ferrari.com/en-EN/auto/735-s,engine,power_per_litre,76hp/l
https://www.ferrari.com/en-EN/auto/735-s,engine,valve_actuation,"twin overhead camshaft per bank, two valves per cylinder"
https://www.ferrari.com/en-EN/auto/735-s,engine,fuel_feed,two Weber 50 DCOA carburettors
https://www.ferrari.com/en-EN/auto/735-s,engine,ignition,"two spark plugs per cylinder, two coils"
https://www.ferrari.com/en-EN/auto/735-s,engine,lubrication,dry sump
https://www.ferrari.com/en-EN/auto/735-s,engine,clutch,twin-plate
https://www.ferrari.com/en-EN/auto/735-s,chassis,frame,tubular steel
https://www.ferrari.com/en-EN/auto/735-s,chassis,front_suspension,"independent, unequal-length wishbones, transverse leaf spring, hydraulic shock absorbers"
https://www.ferrari.com/en-EN/auto/735-s,chassis,rear_suspension,"de Dion, twin radius arms, transverse leaf spring, hydraulic shock absorbers"
https://www.ferrari.com/en-EN/auto/735-s,chassis,brakes,drums
https://www.ferrari.com/en-EN/auto/735-s,chassis,transmission,4-speed + reverse
https://www.ferrari.com/en-EN/auto/735-s,chassis,steering,worm and sector
https://www.ferrari.com/en-EN/auto/735-s,chassis,fuel_tank,capacity 125litres
https://www.ferrari.com/en-EN/auto/735-s,chassis,front_tyres,5.25 x 16
https://www.ferrari.com/en-EN/auto/735-s,chassis,rear_tyres,6.00 x 16
https://www.ferrari.com/en-EN/auto/735-s,bodywork,type_2,two-seater spider
https://www.ferrari.com/en-EN/auto/735-s,bodywork,wheelbase,2250mm
https://www.ferrari.com/en-EN/auto/735-s,bodywork,front_track,1278mm
https://www.ferrari.com/en-EN/auto/735-s,bodywork,rear_track,1284mm
https://www.ferrari.com/en-EN/auto/735-s,bodywork,weight,750 kg (kerb)
https://www.ferrari.com/en-EN/auto/250-gt-coupe,engine,type,"front, longitudinal 60° V12"
https://www.ferrari.com/en-EN/auto/250-gt-coupe,engine,bore_stroke,73 x 58.8mm
https://www.ferrari.com/en-EN/auto/250-gt-coupe,engine,unitary_displacement,246.10cc
https://www.ferrari.com/en-EN/auto/250-gt-coupe,engine,total_displacement,2953.21cc
https://www.ferrari.com/en-EN/auto/250-gt-coupe,engine,compression_ratio,8.5 : 1
https://www.ferrari.com/en-EN/auto/250-gt-coupe,engine,maximum_power,162 kW (220 hp) at 7000 rpm
https://www.ferrari.com/en-EN/auto/250-gt-coupe,engine,power_per_litre,74hp/l
https://www.ferrari.com/en-EN/auto/250-gt-coupe,engine,valve_actuation,"single overhead camshaft per bank, two valves per cylinder"
https://www.ferrari.com/en-EN/auto/250-gt-coupe,engine,fuel_feed,three Weber 36 DCZ/3 carburettors
https://www.ferrari.com/en-EN/auto/250-gt-coupe,engine,ignition,"single spark plug per cylinder, two coils"
https://www.ferrari.com/en-EN/auto/250-gt-coupe,engine,lubrication,wet sump
https://www.ferrari.com/en-EN/auto/250-gt-coupe,engine,clutch,twin-plate
https://www.ferrari.com/en-EN/auto/250-gt-coupe,chassis,frame,tubular steel
https://www.ferrari.com/en-EN/auto/250-gt-coupe,chassis,front_suspension,"independent, unequal-length wishbones, transverse leaf spring, hydraulic shock absorbers"
https://www.ferrari.com/en-EN/auto/250-gt-coupe,chassis,rear_suspension,"live axle, single radius arm, semi-elliptic springs, hydraulic shock absorbers"
https://www.ferrari.com/en-EN/auto/250-gt-coupe,chassis,brakes,drums
https://www.ferrari.com/en-EN/auto/250-gt-coupe,chassis,transmission,4-speed + reverse
https://www.ferrari.com/en-EN/auto/250-gt-coupe,chassis,steering,worm and sector
https://www.ferrari.com/en-EN/auto/250-gt-coupe,chassis,fuel_tank,capacity 100litres
https://www.ferrari.com/en-EN/auto/250-gt-coupe,chassis,front_tyres,6.00 x 16
https://www.ferrari.com/en-EN/auto/250-gt-coupe,chassis,rear_tyres,6.00 x 16
https://www.ferrari.com/en-EN/auto/250-gt-coupe,bodywork,type_2,"coupé, two-seater"
https://www.ferrari.com/en-EN/auto/250-gt-coupe,bodywork,wheelbase,2600mm
https://www.ferrari.com/en-EN/auto/250-gt-coupe,bodywork,front_track,1354mm
https://www.ferrari.com/en-EN/auto/250-gt-coupe,bodywork,rear_track,1349mm
https://www.ferrari.com/en-EN/auto/250-gt-coupe,bodywork,weight,1050kg (dry)
https://www.ferrari.com/en-EN/auto/250-gt-coupe,performance,top_speed,230km/h
https://www.ferrari.com/en-EN/auto/250-monza,engine,type,"front, longitudinal 60° V12"
https://www.ferrari.com/en-EN/auto/250-monza,engine,bore_stroke,103 x 90mm
https://www.ferrari.com/en-EN/auto/250-monza,engine,unitary_displacement,246.10cc
https://www.ferrari.com/en-EN/auto/250-monza,engine,total_displacement,2953.21cc
https://www.ferrari.com/en-EN/auto/250-monza,engine,compression_ratio,8.6 : 1
https://www.ferrari.com/en-EN/auto/250-monza,engine,maximum_power,191 kW (260 hp) at 6000 rpm
https://www.ferrari.com/en-EN/auto/250-monza,engine,power_per_litre,87hp/l
https://www.ferrari.com/en-EN/auto/250-monza,engine,valve_actuation,"twin overhead camshafts per bank, two valves per cylinder"
https://www.ferrari.com/en-EN/auto/250-monza,engine,fuel_feed,two Weber 58 DCOA/3 carburettors
https://www.ferrari.com/en-EN/auto/250-monza,engine,ignition,"two spark plugs per cylinder, two coils"
https://www.ferrari.com/en-EN/auto/250-monza,engine,lubrication,dry sump
https://www.ferrari.com/en-EN/auto/250-monza,engine,clutch,twin-plate
https://www.ferrari.com/en-EN/auto/250-monza,chassis,frame,tubular steel
https://www.ferrari.com/en-EN/auto/250-monza,chassis,front_suspension,"independent, unequal-length wishbones, transverse leaf spring, Houdaille hydraulic shock absorbers"
https://www.ferrari.com/en-EN/auto/250-monza,chassis,rear_suspension,"de Dion, twin radius arms, transverse leaf spring, Houdaille hydraulic shock absorbers"
https://www.ferrari.com/en-EN/auto/250-monza,chassis,brakes,drums
https://www.ferrari.com/en-EN/auto/250-monza,chassis,transmission,5-speed + reverse
https://www.ferrari.com/en-EN/auto/250-monza,chassis,steering,worm and sector
https://www.ferrari.com/en-EN/auto/250-monza,chassis,fuel_tank,capacity 150litres
https://www.ferrari.com/en-EN/auto/250-monza,chassis,front_tyres,5.25 x 16
https://www.ferrari.com/en-EN/auto/250-monza,chassis,rear_tyres,6.00 x 16
https://www.ferrari.com/en-EN/auto/250-monza,bodywork,type_2,two-seater spider
https://www.ferrari.com/en-EN/auto/250-monza,bodywork,wheelbase,2250mm
https://www.ferrari.com/en-EN/auto/250-monza,bodywork,front_track,1278mm
https://www.ferrari.com/en-EN/auto/250-monza,bodywork,rear_track,1284mm
https://www.ferrari.com/en-EN/auto/250-monza,bodywork,weight,760kg (dry)
https://www.ferrari.com/en-EN/auto/250-monza,performance,top_speed,264km/h
https://www.ferrari.com/en-EN/auto/375-plus,engine,type,"front, longitudinal 60° V12"
https://www.ferrari.com/en-EN/auto/375-plus,engine,bore_stroke,84 x 74.5mm
https://www.ferrari.com/en-EN/auto/375-plus,engine,unitary_displacement,412.86cc
https://www.ferrari.com/en-EN/auto/375-plus,engine,total_displacement,4954.34cc
https://www.ferrari.com/en-EN/auto/375-plus,engine,compression_ratio,9.2 : 1
https://www.ferrari.com/en-EN/auto/375-plus,engine,maximum_power,243 kW (330 hp) at 6000 rpm
https://www.ferrari.com/en-EN/auto/375-plus,engine,power_per_litre,67hp/l
https://www.ferrari.com/en-EN/auto/375-plus,engine,valve_actuation,"single overhead camshaft per bank, two valves per cylinder"
https://www.ferrari.com/en-EN/auto/375-plus,engine,fuel_feed,three Weber 46 DCF/3 carburettors
https://www.ferrari.com/en-EN/auto/375-plus,engine,ignition,"single spark plug per cylinder, two magnetos"
https://www.ferrari.com/en-EN/auto/375-plus,engine,lubrication,dry sump
https://www.ferrari.com/en-EN/auto/375-plus,engine,clutch,multi-plate
https://www.ferrari.com/en-EN/auto/375-plus,chassis,frame,tubular steel
https://www.ferrari.com/en-EN/auto/375-plus,chassis,front_suspension,"independent, unequal-length wishbones, transverse leaf spring, Houdaille hydraulic shock absorbers, anti-roll bar"
https://www.ferrari.com/en-EN/auto/375-plus,chassis,rear_suspension,"de Dion, twin radius arms, transverse leaf spring, Houdaille hydraulic shock absorbers"
https://www.ferrari.com/en-EN/auto/375-plus,chassis,brakes,drums
https://www.ferrari.com/en-EN/auto/375-plus,chassis,transmission,5-speed + reverse
https://www.ferrari.com/en-EN/auto/375-plus,chassis,steering,worm and sector
https://www.ferrari.com/en-EN/auto/375-plus,chassis,fuel_tank,capacity 190litres
https://www.ferrari.com/en-EN/auto/375-plus,chassis,front_tyres,6.00 x 16
https://www.ferrari.com/en-EN/auto/375-plus,chassis,rear_tyres,7.00 x 16
https://www.ferrari.com/en-EN/auto/375-plus,bodywork,type_2,two-seater spider
https://www.ferrari.com/en-EN/auto/375-plus,bodywork,wheelbase,2600mm
https://www.ferrari.com/en-EN/auto/375-plus,bodywork,front_track,1325mm
https://www.ferrari.com/en-EN/auto/375-plus,bodywork,rear_track,1284mm
https://www.ferrari.com/en-EN/auto/375-plus,bodywork,weight,1030kg (dry)
https://www.ferrari.com/en-EN/auto/375-plus,performance,top_speed,280km/h
https://www.ferrari.com/en-EN/auto/750-monza,engine,type,"front, longitudinal in-line four"
https://www.ferrari.com/en-EN/auto/750-monza,engine,bore_stroke,73 x 58.8mm
https://www.ferrari.com/en-EN/auto/750-monza,engine,unitary_displacement,749.90cc
https://www.ferrari.com/en-EN/auto/750-monza,engine,total_displacement,2999.62cc
https://www.ferrari.com/en-EN/auto/750-monza,engine,compression_ratio,9 : 1
https://www.ferrari.com/en-EN/auto/750-monza,engine,maximum_power,176 kW (240 hp) at 7200 rpm
https://www.ferrari.com/en-EN/auto/750-monza,engine,power_per_litre,81hp/l
https://www.ferrari.com/en-EN/auto/750-monza,engine,valve_actuation,"single overhead camshaft per bank, two valves per cylinder"
https://www.ferrari.com/en-EN/auto/750-monza,engine,fuel_feed,Weber 36 IF/4C
https://www.ferrari.com/en-EN/auto/750-monza,engine,ignition,"single spark plug per cylinder, two magnetos"
https://www.ferrari.com/en-EN/auto/750-monza,engine,lubrication,wet sump
https://www.ferrari.com/en-EN/auto/750-monza,engine,clutch,multi-plate
https://www.ferrari.com/en-EN/auto/750-monza,chassis,frame,tubular steel
https://www.ferrari.com/en-EN/auto/750-monza,chassis,front_suspension,"independent, unequal-length wishbones, transverse leaf spring, Houdaille hydraulic shock absorbers"
https://www.ferrari.com/en-EN/auto/750-monza,chassis,rear_suspension,"de Dion, twin radius arms, semi-elliptic springs, Houdaille hydraulic shock absorbers"
https://www.ferrari.com/en-EN/auto/750-monza,chassis,brakes,drums
https://www.ferrari.com/en-EN/auto/750-monza,chassis,transmission,4-speed + reverse
https://www.ferrari.com/en-EN/auto/750-monza,chassis,steering,worm and sector
https://www.ferrari.com/en-EN/auto/750-monza,chassis,fuel_tank,capacity 125litres
https://www.ferrari.com/en-EN/auto/750-monza,chassis,front_tyres,5.25 x 16
https://www.ferrari.com/en-EN/auto/750-monza,chassis,rear_tyres,6.00 x 16
https://www.ferrari.com/en-EN/auto/750-monza,bodywork,type_2,two-seater spider
https://www.ferrari.com/en-EN/auto/750-monza,bodywork,wheelbase,2400mm
https://www.ferrari.com/en-EN/auto/750-monza,bodywork,front_track,1278mm
https://www.ferrari.com/en-EN/auto/750-monza,bodywork,rear_track,1284mm
https://www.ferrari.com/en-EN/auto/750-monza,bodywork,weight,850 kg (kerb)
https://www.ferrari.com/en-EN/auto/750-monza,performance,top_speed,250km/h
https://www.ferrari.com/en-EN/auto/376-s,engine,type,"front, longitudinal, in-line six"
https://www.ferrari.com/en-EN/auto/376-s,engine,bore_stroke,94 x 90mm
https://www.ferrari.com/en-EN/auto/376-s,engine,unitary_displacement,624.58cc
https://www.ferrari.com/en-EN/auto/376-s,engine,total_displacement,3747.48cc
https://www.ferrari.com/en-EN/auto/376-s,engine,compression_ratio,8 : 1
https://www.ferrari.com/en-EN/auto/376-s,engine,maximum_power,206 kW (280 hp) at 6200 rpm
https://www.ferrari.com/en-EN/auto/376-s,engine,power_per_litre,75hp/l
https://www.ferrari.com/en-EN/auto/376-s,engine,valve_actuation,"twin overhead camshaft, two valves per cylinder"
https://www.ferrari.com/en-EN/auto/376-s,engine,fuel_feed,three Weber 58 DCOA/3 carburettors
https://www.ferrari.com/en-EN/auto/376-s,engine,ignition,"twin spark plugs per cylinder, two coils"
https://www.ferrari.com/en-EN/auto/376-s,engine,lubrication,dry sump
https://www.ferrari.com/en-EN/auto/376-s,engine,clutch,multi-plate
https://www.ferrari.com/en-EN/auto/376-s,chassis,frame,tubular steel
https://www.ferrari.com/en-EN/auto/376-s,chassis,front_suspension,"independent, unequal-length wishbones, coil springs, hydraulic shock absorbers, anti-roll bar"
https://www.ferrari.com/en-EN/auto/376-s,chassis,rear_suspension,"de Dion, twin radius arms, transverse leaf spring, hydraulic shock absorbers"
https://www.ferrari.com/en-EN/auto/376-s,chassis,brakes,drums
https://www.ferrari.com/en-EN/auto/376-s,chassis,transmission,5-speed + reverse
https://www.ferrari.com/en-EN/auto/376-s,chassis,steering,worm and sector
https://www.ferrari.com/en-EN/auto/376-s,chassis,fuel_tank,capacity 150litres
https://www.ferrari.com/en-EN/auto/376-s,chassis,front_tyres,5.50 x 16
https://www.ferrari.com/en-EN/auto/376-s,chassis,rear_tyres,7.00 x 16
https://www.ferrari.com/en-EN/auto/376-s,bodywork,type_2,"two-seater, spider"
https://www.ferrari.com/en-EN/auto/376-s,bodywork,wheelbase,2400mm
https://www.ferrari.com/en-EN/auto/376-s,bodywork,front_track,1316mm
https://www.ferrari.com/en-EN/auto/376-s,bodywork,rear_track,1284mm
https://www.ferrari.com/en-EN/auto/376-s,bodywork,weight,850kg (dry)
https://www.ferrari.com/en-EN/auto/735-lm,engine,type,"front, longitudinal, in-line six"
https://www.ferrari.com/en-EN/auto/735-lm,engine,bore_stroke,102 x 90mm
https://www.ferrari.com/en-EN/auto/735-lm,engine,unitary_displacement,735.41cc
https://www.ferrari.com/en-EN/auto/735-lm,engine,total_displacement,4412.49cc
https://www.ferrari.com/en-EN/auto/735-lm,engine,compression_ratio,8.5 : 1
https://www.ferrari.com/en-EN/auto/735-lm,engine,maximum_power,243 kW (330 hp) at 5800 rpm
https://www.ferrari.com/en-EN/auto/735-lm,engine,power_per_litre,75hp/l
https://www.ferrari.com/en-EN/auto/735-lm,engine,valve_actuation,"twin overhead camshaft per bank, two valves per cylinder"
https://www.ferrari.com/en-EN/auto/735-lm,engine,fuel_feed,three Weber 50 DCOA/3 carburettors
https://www.ferrari.com/en-EN/auto/735-lm,engine,ignition,"two spark plugs per cylinder, two coils"
https://www.ferrari.com/en-EN/auto/735-lm,engine,lubrication,dry sump
https://www.ferrari.com/en-EN/auto/735-lm,engine,clutch,multi-plate
https://www.ferrari.com/en-EN/auto/735-lm,chassis,frame,tubular steel
https://www.ferrari.com/en-EN/auto/735-lm,chassis,front_suspension,"independent, unequal-length wishbones, coil springs, hydraulic shock absorbers"
https://www.ferrari.com/en-EN/auto/735-lm,chassis,rear_suspension,"de Dion, twin radius arms, lower transverse leaf spring, Houdaille hydraulic shock absorbers"
https://www.ferrari.com/en-EN/auto/735-lm,chassis,brakes,drums
https://www.ferrari.com/en-EN/auto/735-lm,chassis,transmission,5-speed + reverse
https://www.ferrari.com/en-EN/auto/735-lm,chassis,steering,worm and sector
https://www.ferrari.com/en-EN/auto/735-lm,chassis,fuel_tank,capacity 150litres
https://www.ferrari.com/en-EN/auto/735-lm,chassis,front_tyres,6.00 x 16
https://www.ferrari.com/en-EN/auto/735-lm,chassis,rear_tyres,7.50 x 16
https://www.ferrari.com/en-EN/auto/735-lm,bodywork,type_2,two-seater spider
https://www.ferrari.com/en-EN/auto/735-lm,bodywork,wheelbase,2400mm
https://www.ferrari.com/en-EN/auto/735-lm,bodywork,front_track,1316mm
https://www.ferrari.com/en-EN/auto/735-lm,bodywork,rear_track,1284mm
https://www.ferrari.com/en-EN/auto/735-lm,bodywork,weight,850kg (dry)
https://www.ferrari.com/en-EN/auto/735-lm,performance,top_speed,280km/h
https://www.ferrari.com/en-EN/auto/857-s,engine,type,"front, longitudinal, in-line four"
https://www.ferrari.com/en-EN/auto/857-s,engine,bore_stroke,102 x 105mm
https://www.ferrari.com/en-EN/auto/857-s,engine,unitary_displacement,857.98cc
https://www.ferrari.com/en-EN/auto/857-s,engine,total_displacement,3431.93cc
https://www.ferrari.com/en-EN/auto/857-s,engine,compression_ratio,8.5 : 1
https://www.ferrari.com/en-EN/auto/857-s,engine,maximum_power,206 kW (280 hp) at 6000 rpm
https://www.ferrari.com/en-EN/auto/857-s,engine,power_per_litre,82hp/l
https://www.ferrari.com/en-EN/auto/857-s,engine,valve_actuation,"twin overhead camshaft per bank, two valves per cylinder"
https://www.ferrari.com/en-EN/auto/857-s,engine,fuel_feed,two Weber 58 DCOA/3 carburettors
https://www.ferrari.com/en-EN/auto/857-s,engine,ignition,"two spark plugs per cylinder, two coils"
https://www.ferrari.com/en-EN/auto/857-s,engine,lubrication,dry sump
https://www.ferrari.com/en-EN/auto/857-s,engine,clutch,multi-plate
https://www.ferrari.com/en-EN/auto/857-s,chassis,frame,tubular steel
https://www.ferrari.com/en-EN/auto/857-s,chassis,front_suspension,"independent, unequal-length wishbones, coil springs, hydraulic shock absorbers, anti-roll bar"
https://www.ferrari.com/en-EN/auto/857-s,chassis,rear_suspension,"de Dion, twin radius arms, upper transverse leaf spring, hydraulic shock absorbers"
https://www.ferrari.com/en-EN/auto/857-s,chassis,brakes,drums
https://www.ferrari.com/en-EN/auto/857-s,chassis,transmission,5-speed + reverse
https://www.ferrari.com/en-EN/auto/857-s,chassis,steering,worm and sector
https://www.ferrari.com/en-EN/auto/857-s,chassis,front_tyres,5.50 x 16
https://www.ferrari.com/en-EN/auto/857-s,chassis,rear_tyres,7.00 x 16
https://www.ferrari.com/en-EN/auto/857-s,bodywork,type_2,two-seater spider
https://www.ferrari.com/en-EN/auto/857-s,bodywork,wheelbase,2250mm
https://www.ferrari.com/en-EN/auto/857-s,bodywork,front_track,1278mm
https://www.ferrari.com/en-EN/auto/857-s,bodywork,rear_track,1284mm
https://www.ferrari.com/en-EN/auto/250-gt-berlinetta,engine,type,"front, longitudinal 60° V12"
https://www.ferrari.com/en-EN/auto/250-gt-berlinetta,engine,bore_stroke,73 x 58.8mm
https://www.ferrari.com/en-EN/auto/250-gt-berlinetta,engine,unitary_displacement,246.10cc
https://www.ferrari.com/en-EN/auto/250-gt-berlinetta,engine,total_displacement,2953.21cc
https://www.ferrari.com/en-EN/auto/250-gt-berlinetta,engine,compression_ratio,8.5 : 1
https://www.ferrari.com/en-EN/auto/250-gt-berlinetta,engine,maximum_power,176 kW (240 hp) at 7000 rpm
https://www.ferrari.com/en-EN/auto/250-gt-berlinetta,engine,power_per_litre,81hp/l
https://www.ferrari.com/en-EN/auto/250-gt-berlinetta,engine,valve_actuation,"single overhead camshaft per bank, two valves per cylinder"
https://www.ferrari.com/en-EN/auto/250-gt-berlinetta,engine,fuel_feed,three twin-choke downdraught Weber 36 DCL3 carburettors
https://www.ferrari.com/en-EN/auto/250-gt-berlinetta,engine,ignition,"single spark plug per cylinder, two coils"
https://www.ferrari.com/en-EN/auto/250-gt-berlinetta,engine,lubrication,wet sump
https://www.ferrari.com/en-EN/auto/250-gt-berlinetta,engine,clutch,twin-plate
https://www.ferrari.com/en-EN/auto/250-gt-berlinetta,chassis,frame,tubular steel
https://www.ferrari.com/en-EN/auto/250-gt-berlinetta,chassis,front_suspension,"independent, unequal-length wishbones, coil springs, hydraulic shock absorbers"
https://www.ferrari.com/en-EN/auto/250-gt-berlinetta,chassis,rear_suspension,"live axle, semi-elliptic springs, hydraulic shock absorbers"
https://www.ferrari.com/en-EN/auto/250-gt-berlinetta,chassis,brakes,drums
https://www.ferrari.com/en-EN/auto/250-gt-berlinetta,chassis,transmission,4-speed + reverse
https://www.ferrari.com/en-EN/auto/250-gt-berlinetta,chassis,steering,worm and sector
https://www.ferrari.com/en-EN/auto/250-gt-berlinetta,chassis,fuel_tank,capacity 100litres
https://www.ferrari.com/en-EN/auto/250-gt-berlinetta,chassis,front_tyres,6.00 x 16
https://www.ferrari.com/en-EN/auto/250-gt-berlinetta,chassis,rear_tyres,6.00 x 16
https://www.ferrari.com/en-EN/auto/250-gt-berlinetta,bodywork,type_2,two-seater berlinetta
https://www.ferrari.com/en-EN/auto/250-gt-berlinetta,bodywork,wheelbase,2600mm
https://www.ferrari.com/en-EN/auto/250-gt-berlinetta,bodywork,front_track,1354mm
https://www.ferrari.com/en-EN/auto/250-gt-berlinetta,bodywork,rear_track,1349mm
https://www.ferrari.com/en-EN/auto/250-gt-berlinetta,bodywork,weight,1050kg (dry)
https://www.ferrari.com/en-EN/auto/250-gt-berlinetta,performance,top_speed,252km/h
https://www.ferrari.com/en-EN/auto/290-mm,engine,type,"front, longitudinal 60° V12"
https://www.ferrari.com/en-EN/auto/290-mm,engine,bore_stroke,73 x 69.5mm
https://www.ferrari.com/en-EN/auto/290-mm,engine,unitary_displacement,290.88cc
https://www.ferrari.com/en-EN/auto/290-mm,engine,total_displacement,3490.61cc
https://www.ferrari.com/en-EN/auto/290-mm,engine,compression_ratio,9 : 1
https://www.ferrari.com/en-EN/auto/290-mm,engine,maximum_power,235 kW (320 hp) at 7200 rpm
https://www.ferrari.com/en-EN/auto/290-mm,engine,power_per_litre,92hp/l
https://www.ferrari.com/en-EN/auto/290-mm,engine,valve_actuation,"single overhead camshaft per bank, two valves per cylinder"
https://www.ferrari.com/en-EN/auto/290-mm,engine,fuel_feed,three Weber 36 IR4/C1 carburettors
https://www.ferrari.com/en-EN/auto/290-mm,engine,ignition,"twin spark plugs per cylinder, four coils"
https://www.ferrari.com/en-EN/auto/290-mm,engine,lubrication,dry sump
https://www.ferrari.com/en-EN/auto/290-mm,engine,clutch,multi-plate
https://www.ferrari.com/en-EN/auto/290-mm,chassis,frame,tubular steel
https://www.ferrari.com/en-EN/auto/290-mm,chassis,front_suspension,"independent, unequal-length wishbones, coils springs, hydraulic shock absorbers"
https://www.ferrari.com/en-EN/auto/290-mm,chassis,rear_suspension,"de Dion, twin radius arms, transverse leaf spring, hydraulic shock absorbers"
https://www.ferrari.com/en-EN/auto/290-mm,chassis,brakes,drums
https://www.ferrari.com/en-EN/auto/290-mm,chassis,transmission,4-speed + reverse
https://www.ferrari.com/en-EN/auto/290-mm,chassis,steering,worm and sector
https://www.ferrari.com/en-EN/auto/290-mm,chassis,fuel_tank,capacity 190litres
https://www.ferrari.com/en-EN/auto/290-mm,chassis,front_tyres,6.00 x 16
https://www.ferrari.com/en-EN/auto/290-mm,chassis,rear_tyres,7.00 x 16
https://www.ferrari.com/en-EN/auto/290-mm,bodywork,type_2,two-seater spider
https://www.ferrari.com/en-EN/auto/290-mm,bodywork,wheelbase,2350mm
https://www.ferrari.com/en-EN/auto/290-mm,bodywork,front_track,1296mm
https://www.ferrari.com/en-EN/auto/290-mm,bodywork,rear_track,1310mm
https://www.ferrari.com/en-EN/auto/290-mm,bodywork,weight,880kg (dry)
https://www.ferrari.com/en-EN/auto/290-mm,performance,top_speed,280km/h
https://www.ferrari.com/en-EN/auto/410-s,engine,type,"front, longitudinal 60° V12"
https://www.ferrari.com/en-EN/auto/410-s,engine,bore_stroke,88 x 68mm
https://www.ferrari.com/en-EN/auto/410-s,engine,unitary_displacement,413.58cc
https://www.ferrari.com/en-EN/auto/410-s,engine,total_displacement,4962.96cc
https://www.ferrari.com/en-EN/auto/410-s,engine,compression_ratio,8.5 : 1
https://www.ferrari.com/en-EN/auto/410-s,engine,maximum_power,250 kW (340 hp) at 6200 rpm
https://www.ferrari.com/en-EN/auto/410-s,engine,power_per_litre,69hp/l
https://www.ferrari.com/en-EN/auto/410-s,engine,valve_actuation,"single overhead camshafts per bank, two valves per cylinder"
https://www.ferrari.com/en-EN/auto/410-s,engine,fuel_feed,three Weber 42 DCZ/3 carburettors
https://www.ferrari.com/en-EN/auto/410-s,engine,ignition,"single spark plug per cylinder, two coils or twin plugs and four coils"
https://www.ferrari.com/en-EN/auto/410-s,engine,lubrication,dry sump
https://www.ferrari.com/en-EN/auto/410-s,engine,clutch,multi-plate
https://www.ferrari.com/en-EN/auto/410-s,chassis,frame,tubular steel
https://www.ferrari.com/en-EN/auto/410-s,chassis,front_suspension,"independent, unequal-length wishbones, coil springs, hydraulic shock absorbers"
https://www.ferrari.com/en-EN/auto/410-s,chassis,rear_suspension,"de Dion, twin radius arms, transverse leaf spring, hydraulic shock absorbers"
https://www.ferrari.com/en-EN/auto/410-s,chassis,brakes,drums
https://www.ferrari.com/en-EN/auto/410-s,chassis,transmission,5-speed + reverse
https://www.ferrari.com/en-EN/auto/410-s,chassis,steering,worm and sector
https://www.ferrari.com/en-EN/auto/410-s,chassis,fuel_tank,capacity 195litres
https://www.ferrari.com/en-EN/auto/410-s,chassis,front_tyres,6.00 x 16
https://www.ferrari.com/en-EN/auto/410-s,chassis,rear_tyres,7.50 x 16
https://www.ferrari.com/en-EN/auto/410-s,bodywork,type_2,two-seater spider
https://www.ferrari.com/en-EN/auto/410-s,bodywork,wheelbase,2420mm
https://www.ferrari.com/en-EN/auto/410-s,bodywork,front_track,1455mm
https://www.ferrari.com/en-EN/auto/410-s,bodywork,rear_track,1450mm
https://www.ferrari.com/en-EN/auto/410-s,bodywork,weight,1200kg (with liquids)
https://www.ferrari.com/en-EN/auto/410-s,performance,top_speed,280km/h
https://www.ferrari.com/en-EN/auto/410-superamerica,engine,type,"front, longitudinal 60° V12"
https://www.ferrari.com/en-EN/auto/410-superamerica,engine,bore_stroke,88 x 68mm
https://www.ferrari.com/en-EN/auto/410-superamerica,engine,unitary_displacement,413.46cc
https://www.ferrari.com/en-EN/auto/410-superamerica,engine,total_displacement,4962.96cc
https://www.ferrari.com/en-EN/auto/410-superamerica,engine,compression_ratio,8.5 : 1
https://www.ferrari.com/en-EN/auto/410-superamerica,engine,maximum_power,250 kW (340 hp) at 6000 rpm
https://www.ferrari.com/en-EN/auto/410-superamerica,engine,power_per_litre,69hp/l
https://www.ferrari.com/en-EN/auto/410-superamerica,engine,valve_actuation,"single overhead camshaft per bank, two valves per cylinder"
https://www.ferrari.com/en-EN/auto/410-superamerica,engine,fuel_feed,three twin-choke Weber 46 DCF/3 carburettors
https://www.ferrari.com/en-EN/auto/410-superamerica,engine,ignition,"single spark plug per cylinder, two coils"
https://www.ferrari.com/en-EN/auto/410-superamerica,engine,lubrication,wet sump
https://www.ferrari.com/en-EN/auto/410-superamerica,engine,clutch,multi-plate (three clutch plates)
https://www.ferrari.com/en-EN/auto/410-superamerica,chassis,frame,tubular steel
https://www.ferrari.com/en-EN/auto/410-superamerica,chassis,front_suspension,"independent, unequal-length wishbones, coil springs, telescopic shock absorbers"
https://www.ferrari.com/en-EN/auto/410-superamerica,chassis,rear_suspension,"live axle, semi-elliptic springs, large telescopic shock absorbers"
https://www.ferrari.com/en-EN/auto/410-superamerica,chassis,brakes,drums
https://www.ferrari.com/en-EN/auto/410-superamerica,chassis,transmission,4-speed + reverse
https://www.ferrari.com/en-EN/auto/410-superamerica,chassis,steering,worm and sector
https://www.ferrari.com/en-EN/auto/410-superamerica,chassis,fuel_tank,capacity 100litres
https://www.ferrari.com/en-EN/auto/410-superamerica,chassis,front_tyres,6.50 x 16
https://www.ferrari.com/en-EN/auto/410-superamerica,chassis,rear_tyres,6.50 x 16
https://www.ferrari.com/en-EN/auto/410-superamerica,bodywork,type_2,"coupé, cabriolet, two-seater"
https://www.ferrari.com/en-EN/auto/410-superamerica,bodywork,wheelbase,2800mm
https://www.ferrari.com/en-EN/auto/410-superamerica,bodywork,front_track,1455mm
https://www.ferrari.com/en-EN/auto/410-superamerica,bodywork,rear_track,1450mm
https://www.ferrari.com/en-EN/auto/410-superamerica,bodywork,weight,1200kg (dry)
https://www.ferrari.com/en-EN/auto/410-superamerica,performance,top_speed,262km/h
https://www.ferrari.com/en-EN/auto/500-tr,engine,type,"front, longitudinal in-line four"
https://www.ferrari.com/en-EN/auto/500-tr,engine,bore_stroke,90 x 78mm
https://www.ferrari.com/en-EN/auto/500-tr,engine,unitary_displacement,496.21cc
https://www.ferrari.com/en-EN/auto/500-tr,engine,total_displacement,1984.86cc
https://www.ferrari.com/en-EN/auto/500-tr,engine,compression_ratio,8.5 : 1
https://www.ferrari.com/en-EN/auto/500-tr,engine,maximum_power,132 kW (180 hp) at 7000 rpm
https://www.ferrari.com/en-EN/auto/500-tr,engine,power_per_litre,91hp/l
https://www.ferrari.com/en-EN/auto/500-tr,engine,valve_actuation,"twin overhead camshafts per bank, two valves per cylinder"
https://www.ferrari.com/en-EN/auto/500-tr,engine,fuel_feed,two Weber 40 DCO/3 carburettors
https://www.ferrari.com/en-EN/auto/500-tr,engine,ignition,"two spark plugs per cylinder, two coils"
https://www.ferrari.com/en-EN/auto/500-tr,engine,lubrication,dry sump
https://www.ferrari.com/en-EN/auto/500-tr,engine,clutch,twin-plate
https://www.ferrari.com/en-EN/auto/500-tr,chassis,frame,tubular steel
https://www.ferrari.com/en-EN/auto/500-tr,chassis,front_suspension,"independent, unequal-length wishbones, coil springs, hydraulic shock absorbers"
https://www.ferrari.com/en-EN/auto/500-tr,chassis,rear_suspension,"live axle, coil springs, hydraulic shock absorbers"
https://www.ferrari.com/en-EN/auto/500-tr,chassis,brakes,drums
https://www.ferrari.com/en-EN/auto/500-tr,chassis,transmission,4-speed + reverse
https://www.ferrari.com/en-EN/auto/500-tr,chassis,steering,worm and sector
https://www.ferrari.com/en-EN/auto/500-tr,chassis,fuel_tank,capacity 120litres
https://www.ferrari.com/en-EN/auto/500-tr,chassis,front_tyres,5.50 x 16
https://www.ferrari.com/en-EN/auto/500-tr,chassis,rear_tyres,6.00 x 16
https://www.ferrari.com/en-EN/auto/500-tr,bodywork,type_2,"spider, two-seater"
https://www.ferrari.com/en-EN/auto/500-tr,bodywork,wheelbase,2250mm
https://www.ferrari.com/en-EN/auto/500-tr,bodywork,front_track,1308mm
https://www.ferrari.com/en-EN/auto/500-tr,bodywork,rear_track,1250mm
https://www.ferrari.com/en-EN/auto/500-tr,bodywork,weight,680kg (dry)
https://www.ferrari.com/en-EN/auto/500-tr,performance,top_speed,245km/h
https://www.ferrari.com/en-EN/auto/625-lm,engine,type,"front, longitudinal in-line four"
https://www.ferrari.com/en-EN/auto/625-lm,engine,bore_stroke,94 x 90mm
https://www.ferrari.com/en-EN/auto/625-lm,engine,unitary_displacement,624.58cc
https://www.ferrari.com/en-EN/auto/625-lm,engine,total_displacement,2498.32cc
https://www.ferrari.com/en-EN/auto/625-lm,engine,compression_ratio,9 : 1
https://www.ferrari.com/en-EN/auto/625-lm,engine,maximum_power,162 kW (220 hp) at 6200 rpm
https://www.ferrari.com/en-EN/auto/625-lm,engine,power_per_litre,88hp/l
https://www.ferrari.com/en-EN/auto/625-lm,engine,valve_actuation,"twin overhead camshaft per bank, two valves per cylinder"
https://www.ferrari.com/en-EN/auto/625-lm,engine,fuel_feed,two Weber 42 DCO/A carburettors
https://www.ferrari.com/en-EN/auto/625-lm,engine,ignition,"two spark plugs per cylinder, two coils"
https://www.ferrari.com/en-EN/auto/625-lm,engine,lubrication,dry sump
https://www.ferrari.com/en-EN/auto/625-lm,engine,clutch,twin-plate
https://www.ferrari.com/en-EN/auto/625-lm,chassis,frame,tubular steel
https://www.ferrari.com/en-EN/auto/625-lm,chassis,front_suspension,"independent, unequal-length wishbones, coil springs, hydraulic shock absorbers, anti-roll bars"
https://www.ferrari.com/en-EN/auto/625-lm,chassis,rear_suspension,"live axle, twin radius arms, coils springs, hydraulic shock absorbers"
https://www.ferrari.com/en-EN/auto/625-lm,chassis,brakes,drums
https://www.ferrari.com/en-EN/auto/625-lm,chassis,transmission,4-speed + reverse
https://www.ferrari.com/en-EN/auto/625-lm,chassis,steering,worm and sector
https://www.ferrari.com/en-EN/auto/625-lm,chassis,fuel_tank,capacity 140litres
https://www.ferrari.com/en-EN/auto/625-lm,chassis,front_tyres,5.50 x 16
https://www.ferrari.com/en-EN/auto/625-lm,chassis,rear_tyres,6.00 x 16
https://www.ferrari.com/en-EN/auto/625-lm,bodywork,type_2,two-seater spider
https://www.ferrari.com/en-EN/auto/625-lm,bodywork,wheelbase,2250mm
https://www.ferrari.com/en-EN/auto/625-lm,bodywork,front_track,1308mm
https://www.ferrari.com/en-EN/auto/625-lm,bodywork,rear_track,1300mm
https://www.ferrari.com/en-EN/auto/625-lm,bodywork,weight,730kg (dry)
https://www.ferrari.com/en-EN/auto/625-lm,performance,top_speed,250km/h
https://www.ferrari.com/en-EN/auto/860-monza,engine,type,"front, longitudinal in-line four"
https://www.ferrari.com/en-EN/auto/860-monza,engine,bore_stroke,102 x 105mm
https://www.ferrari.com/en-EN/auto/860-monza,engine,unitary_displacement,857.98cc
https://www.ferrari.com/en-EN/auto/860-monza,engine,total_displacement,3431.93cc
https://www.ferrari.com/en-EN/auto/860-monza,engine,compression_ratio,8.5 : 1
https://www.ferrari.com/en-EN/auto/860-monza,engine,maximum_power,206 kW (280 hp) at 6000 rpm
https://www.ferrari.com/en-EN/auto/860-monza,engine,power_per_litre,82hp/l
https://www.ferrari.com/en-EN/auto/860-monza,engine,valve_actuation,"twin overhead camshaft per bank, two valves per cylinder"
https://www.ferrari.com/en-EN/auto/860-monza,engine,fuel_feed,two Weber 58 DCOA/3 carburettors
https://www.ferrari.com/en-EN/auto/860-monza,engine,ignition,"two spark plugs per cylinder, two coils"
https://www.ferrari.com/en-EN/auto/860-monza,engine,lubrication,dry sump
https://www.ferrari.com/en-EN/auto/860-monza,engine,clutch,multi-plate
https://www.ferrari.com/en-EN/auto/860-monza,chassis,frame,tubular steel
https://www.ferrari.com/en-EN/auto/860-monza,chassis,front_suspension,"independent, unequal-length wishbones, coil springs, telescopic shock absorbers"
https://www.ferrari.com/en-EN/auto/860-monza,chassis,rear_suspension,"de Dion, twin radius arms, transverse leaf spring, telescopic shock absorbers"
https://www.ferrari.com/en-EN/auto/860-monza,chassis,brakes,drums
https://www.ferrari.com/en-EN/auto/860-monza,chassis,transmission,4-speed + reverse
https://www.ferrari.com/en-EN/auto/860-monza,chassis,steering,worm and sector
https://www.ferrari.com/en-EN/auto/860-monza,chassis,fuel_tank,capacity 160litres
https://www.ferrari.com/en-EN/auto/860-monza,chassis,front_tyres,6.00 x 16
https://www.ferrari.com/en-EN/auto/860-monza,chassis,rear_tyres,7.00 x 16
https://www.ferrari.com/en-EN/auto/860-monza,bodywork,type_2,two-seater spider
https://www.ferrari.com/en-EN/auto/860-monza,bodywork,wheelbase,2350mm
https://www.ferrari.com/en-EN/auto/860-monza,bodywork,front_track,1296mm
https://www.ferrari.com/en-EN/auto/860-monza,bodywork,rear_track,1310mm
https://www.ferrari.com/en-EN/auto/860-monza,bodywork,weight,860kg (dry)
https://www.ferrari.com/en-EN/auto/860-monza,performance,top_speed,260km/h
https://www.ferrari.com/en-EN/auto/250-california,engine,type,"front, longitudinal 60° V12"
https://www.ferrari.com/en-EN/auto/250-california,engine,bore_stroke,73 x 58.8mm
https://www.ferrari.com/en-EN/auto/250-california,engine,unitary_displacement,246.10cc
https://www.ferrari.com/en-EN/auto/250-california,engine,total_displacement,2953.21cc
https://www.ferrari.com/en-EN/auto/250-california,engine,compression_ratio,8.5 : 1
https://www.ferrari.com/en-EN/auto/250-california,engine,maximum_power,176 kW (240 hp) at 7000 rpm
https://www.ferrari.com/en-EN/auto/250-california,engine,power_per_litre,81hp/l
https://www.ferrari.com/en-EN/auto/250-california,engine,valve_actuation,"single overhead camshaft per bank, two valves per cylinder"
https://www.ferrari.com/en-EN/auto/250-california,engine,fuel_feed,three Weber 36 DCL carburettors
https://www.ferrari.com/en-EN/auto/250-california,engine,ignition,"single spark plug per cylinder, two coils"
https://www.ferrari.com/en-EN/auto/250-california,engine,lubrication,wet sump
https://www.ferrari.com/en-EN/auto/250-california,engine,clutch,twin-plate
https://www.ferrari.com/en-EN/auto/250-california,chassis,frame,tubular steel
https://www.ferrari.com/en-EN/auto/250-california,chassis,front_suspension,"independent, unequal-length wishbones, coil springs,hydraulic shock absorbers"
https://www.ferrari.com/en-EN/auto/250-california,chassis,rear_suspension,"live axle, semi-elliptic springs, hydraulic shock absorbers"
https://www.ferrari.com/en-EN/auto/250-california,chassis,brakes,drums
https://www.ferrari.com/en-EN/auto/250-california,chassis,transmission,4-speed + reverse
https://www.ferrari.com/en-EN/auto/250-california,chassis,steering,worm and sector
https://www.ferrari.com/en-EN/auto/250-california,chassis,fuel_tank,capacity 100litres
https://www.ferrari.com/en-EN/auto/250-california,chassis,front_tyres,6.00 x 16
https://www.ferrari.com/en-EN/auto/250-california,chassis,rear_tyres,6.00 x 16
https://www.ferrari.com/en-EN/auto/250-california,bodywork,type_2,two-seater spider
https://www.ferrari.com/en-EN/auto/250-california,bodywork,wheelbase,2600mm
https://www.ferrari.com/en-EN/auto/250-california,bodywork,front_track,1354mm
https://www.ferrari.com/en-EN/auto/250-california,bodywork,rear_track,1349mm
https://www.ferrari.com/en-EN/auto/250-california,bodywork,weight,1100kg (dry)
https://www.ferrari.com/en-EN/auto/250-california,performance,top_speed,252km/h
https://www.ferrari.com/en-EN/auto/250-gt-cabriolet,engine,type,"front, longitudinal 60° V12"
https://www.ferrari.com/en-EN/auto/250-gt-cabriolet,engine,bore_stroke,73 x 58.8mm
https://www.ferrari.com/en-EN/auto/250-gt-cabriolet,engine,unitary_displacement,246.10cc
https://www.ferrari.com/en-EN/auto/250-gt-cabriolet,engine,total_displacement,2953.21cc
https://www.ferrari.com/en-EN/auto/250-gt-cabriolet,engine,compression_ratio,8.5 : 1
https://www.ferrari.com/en-EN/auto/250-gt-cabriolet,engine,maximum_power,176 kW (240 hp) at 7000 rpm
https://www.ferrari.com/en-EN/auto/250-gt-cabriolet,engine,power_per_litre,81hp/l
https://www.ferrari.com/en-EN/auto/250-gt-cabriolet,engine,valve_actuation,"single overhead camshaft per bank, two valves per cylinder"
https://www.ferrari.com/en-EN/auto/250-gt-cabriolet,engine,fuel_feed,three twin-choke downdraught Weber 36 DCL3 carburettors
https://www.ferrari.com/en-EN/auto/250-gt-cabriolet,engine,ignition,"single spark plug per cylinder, two coils"
https://www.ferrari.com/en-EN/auto/250-gt-cabriolet,engine,lubrication,wet sump
https://www.ferrari.com/en-EN/auto/250-gt-cabriolet,engine,clutch,twin-plate
https://www.ferrari.com/en-EN/auto/250-gt-cabriolet,chassis,frame,tubular steel
https://www.ferrari.com/en-EN/auto/250-gt-cabriolet,chassis,front_suspension,"independent, unequal-length wishbones, coil springs, hydraulic shock absorbers"
https://www.ferrari.com/en-EN/auto/250-gt-cabriolet,chassis,rear_suspension,"live axle, semi-elliptic springs, hydraulic shock absorbers"
https://www.ferrari.com/en-EN/auto/250-gt-cabriolet,chassis,brakes,drums
https://www.ferrari.com/en-EN/auto/250-gt-cabriolet,chassis,transmission,4-speed + reverse
https://www.ferrari.com/en-EN/auto/250-gt-cabriolet,chassis,steering,worm and sector
https://www.ferrari.com/en-EN/auto/250-gt-cabriolet,chassis,fuel_tank,capacity 100litres
https://www.ferrari.com/en-EN/auto/250-gt-cabriolet,chassis,front_tyres,6.00 x 16
https://www.ferrari.com/en-EN/auto/250-gt-cabriolet,chassis,rear_tyres,6.00 x 16
https://www.ferrari.com/en-EN/auto/250-gt-cabriolet,bodywork,type_2,two-seater berlinetta
https://www.ferrari.com/en-EN/auto/250-gt-cabriolet,bodywork,wheelbase,2600mm
https://www.ferrari.com/en-EN/auto/250-gt-cabriolet,bodywork,front_track,1354mm
https://www.ferrari.com/en-EN/auto/250-gt-cabriolet,bodywork,rear_track,1349mm
https://www.ferrari.com/en-EN/auto/250-gt-cabriolet,bodywork,weight,1050kg (dry)
https://www.ferrari.com/en-EN/auto/250-gt-cabriolet,performance,top_speed,252km/h
https://www.ferrari.com/en-EN/auto/250-testa-rossa,engine,type,"front, longitudinal 60° V12"
https://www.ferrari.com/en-EN/auto/250-testa-rossa,engine,bore_stroke,73 x 58.8mm
https://www.ferrari.com/en-EN/auto/250-testa-rossa,engine,unitary_displacement,246.10cc
https://www.ferrari.com/en-EN/auto/250-testa-rossa,engine,total_displacement,2953.21cc
https://www.ferrari.com/en-EN/auto/250-testa-rossa,engine,compression_ratio,9.8 : 1
https://www.ferrari.com/en-EN/auto/250-testa-rossa,engine,maximum_power,221 kW (300 hp) at 7200 rpm
https://www.ferrari.com/en-EN/auto/250-testa-rossa,engine,power_per_litre,102hp/l
https://www.ferrari.com/en-EN/auto/250-testa-rossa,engine,valve_actuation,"twin overhead camshafts per bank, two valves per cylinder"
https://www.ferrari.com/en-EN/auto/250-testa-rossa,engine,fuel_feed,six Weber 38 DCN carburettors
https://www.ferrari.com/en-EN/auto/250-testa-rossa,engine,ignition,"single spark plug per cylinder, two coils"
https://www.ferrari.com/en-EN/auto/250-testa-rossa,engine,lubrication,wet sump
https://www.ferrari.com/en-EN/auto/250-testa-rossa,engine,clutch,twin-plate
https://www.ferrari.com/en-EN/auto/250-testa-rossa,chassis,frame,tubular steel
https://www.ferrari.com/en-EN/auto/250-testa-rossa,chassis,front_suspension,"independent, unequal-length wishbones, coil springs, hydraulic shock absorbers"
https://www.ferrari.com/en-EN/auto/250-testa-rossa,chassis,rear_suspension,"live axle, radius arms, coil springs, hydraulic shock absorbers"
https://www.ferrari.com/en-EN/auto/250-testa-rossa,chassis,brakes,drums
https://www.ferrari.com/en-EN/auto/250-testa-rossa,chassis,transmission,4-speed + reverse
https://www.ferrari.com/en-EN/auto/250-testa-rossa,chassis,steering,worm and sector
https://www.ferrari.com/en-EN/auto/250-testa-rossa,chassis,fuel_tank,capacity 140litres
https://www.ferrari.com/en-EN/auto/250-testa-rossa,chassis,front_tyres,5.50 x 16
https://www.ferrari.com/en-EN/auto/250-testa-rossa,chassis,rear_tyres,6.00 x 16
https://www.ferrari.com/en-EN/auto/250-testa-rossa,bodywork,type_2,"two-seater, spider"
https://www.ferrari.com/en-EN/auto/250-testa-rossa,bodywork,wheelbase,2350mm
https://www.ferrari.com/en-EN/auto/250-testa-rossa,bodywork,front_track,1308mm
https://www.ferrari.com/en-EN/auto/250-testa-rossa,bodywork,rear_track,1300mm
https://www.ferrari.com/en-EN/auto/250-testa-rossa,bodywork,weight,800kg (dry)
https://www.ferrari.com/en-EN/auto/250-testa-rossa,performance,top_speed,270km/h
https://www.ferrari.com/en-EN/auto/290-s,engine,type,"front, longitudinal 60° V12"
https://www.ferrari.com/en-EN/auto/290-s,engine,bore_stroke,73 x 69.5mm
https://www.ferrari.com/en-EN/auto/290-s,engine,unitary_displacement,290.88cc
https://www.ferrari.com/en-EN/auto/290-s,engine,total_displacement,3490.61cc
https://www.ferrari.com/en-EN/auto/290-s,engine,compression_ratio,9 : 1
https://www.ferrari.com/en-EN/auto/290-s,engine,maximum_power,243 kW (330 hp) at 8000 rpm
https://www.ferrari.com/en-EN/auto/290-s,engine,power_per_litre,95hp/l
https://www.ferrari.com/en-EN/auto/290-s,engine,valve_actuation,"twin overhead camshaft per bank, two valves per cylinder"
https://www.ferrari.com/en-EN/auto/290-s,engine,fuel_feed,six Weber 42 DCN carburettors
https://www.ferrari.com/en-EN/auto/290-s,engine,ignition,"twin spark plugs per cylinder, four coils"
https://www.ferrari.com/en-EN/auto/290-s,engine,lubrication,dry sump
https://www.ferrari.com/en-EN/auto/290-s,engine,clutch,multi-plate
https://www.ferrari.com/en-EN/auto/290-s,chassis,frame,tubular steel
https://www.ferrari.com/en-EN/auto/290-s,chassis,front_suspension,"independent, unequal-length wishbones, coils springs, hydraulic shock absorbers"
https://www.ferrari.com/en-EN/auto/290-s,chassis,rear_suspension,"de Dion, twin radius arms, transverse leaf spring, hydraulic shock absorbers"
https://www.ferrari.com/en-EN/auto/290-s,chassis,brakes,drums
https://www.ferrari.com/en-EN/auto/290-s,chassis,transmission,4-speed + reverse
https://www.ferrari.com/en-EN/auto/290-s,chassis,steering,worm and sector
https://www.ferrari.com/en-EN/auto/290-s,chassis,front_tyres,6.00 x 16
https://www.ferrari.com/en-EN/auto/290-s,chassis,rear_tyres,7.00 x 16
https://www.ferrari.com/en-EN/auto/290-s,bodywork,type_2,two-seater spider
https://www.ferrari.com/en-EN/auto/290-s,bodywork,wheelbase,2350mm
https://www.ferrari.com/en-EN/auto/290-s,bodywork,front_track,1296mm
https://www.ferrari.com/en-EN/auto/290-s,bodywork,rear_track,1310mm
https://www.ferrari.com/en-EN/auto/315-s,engine,type,"front, longitudinal 60° V12"
https://www.ferrari.com/en-EN/auto/315-s,engine,bore_stroke,76 x 69.5mm
https://www.ferrari.com/en-EN/auto/315-s,engine,unitary_displacement,315.28cc
https://www.ferrari.com/en-EN/auto/315-s,engine,total_displacement,3783.40cc
https://www.ferrari.com/en-EN/auto/315-s,engine,compression_ratio,9 : 1
https://www.ferrari.com/en-EN/auto/315-s,engine,maximum_power,265 kW (360 hp) at 7800 rpm
https://www.ferrari.com/en-EN/auto/315-s,engine,power_per_litre,95hp/l
https://www.ferrari.com/en-EN/auto/315-s,engine,valve_actuation,"twin overhead camshafts per bank, two valves per cylinder"
https://www.ferrari.com/en-EN/auto/315-s,engine,fuel_feed,six Weber 42 DCN carburettors
https://www.ferrari.com/en-EN/auto/315-s,engine,ignition,"twin plugs, four coils"
https://www.ferrari.com/en-EN/auto/315-s,engine,lubrication,dry sump
https://www.ferrari.com/en-EN/auto/315-s,engine,clutch,multi-plate
https://www.ferrari.com/en-EN/auto/315-s,chassis,frame,tubular steel
https://www.ferrari.com/en-EN/auto/315-s,chassis,front_suspension,"independent, unequal-length wishbones, coil springs, hydraulic shock absorbers"
https://www.ferrari.com/en-EN/auto/315-s,chassis,rear_suspension,"de Dion, twin radius arms, transverse leaf spring, hydraulic shock absorbers"
https://www.ferrari.com/en-EN/auto/315-s,chassis,brakes,drums
https://www.ferrari.com/en-EN/auto/315-s,chassis,transmission,4-speed + reverse
https://www.ferrari.com/en-EN/auto/315-s,chassis,steering,worm and sector
https://www.ferrari.com/en-EN/auto/315-s,chassis,front_tyres,6.00 x 16
https://www.ferrari.com/en-EN/auto/315-s,chassis,rear_tyres,7.00 x 16
https://www.ferrari.com/en-EN/auto/315-s,bodywork,type_2,two-seater spider
https://www.ferrari.com/en-EN/auto/315-s,bodywork,wheelbase,2350mm
https://www.ferrari.com/en-EN/auto/315-s,bodywork,front_track,1296mm
https://www.ferrari.com/en-EN/auto/315-s,bodywork,rear_track,1310mm
https://www.ferrari.com/en-EN/auto/315-s,bodywork,weight,880kg (dry)
https://www.ferrari.com/en-EN/auto/315-s,performance,top_speed,290km/h
https://www.ferrari.com/en-EN/auto/335-s,engine,type,"front, longitudinal 60° V12"
https://www.ferrari.com/en-EN/auto/335-s,engine,bore_stroke,77 x 72mm
https://www.ferrari.com/en-EN/auto/335-s,engine,unitary_displacement,335.27cc
https://www.ferrari.com/en-EN/auto/335-s,engine,total_displacement,4023.32cc
https://www.ferrari.com/en-EN/auto/335-s,engine,compression_ratio,9.2 : 1
https://www.ferrari.com/en-EN/auto/335-s,engine,maximum_power,287 kW (390 hp) at 7400 rpm
https://www.ferrari.com/en-EN/auto/335-s,engine,power_per_litre,97hp/l
https://www.ferrari.com/en-EN/auto/335-s,engine,valve_actuation,"twin overhead camshaft per bank, two valves per cylinder"
https://www.ferrari.com/en-EN/auto/335-s,engine,fuel_feed,six Weber 44 DCN carburettors
https://www.ferrari.com/en-EN/auto/335-s,engine,ignition,"twin plugs, four coils"
https://www.ferrari.com/en-EN/auto/335-s,engine,lubrication,dry sump
https://www.ferrari.com/en-EN/auto/335-s,engine,clutch,multi-plate
https://www.ferrari.com/en-EN/auto/335-s,chassis,frame,tubular steel
https://www.ferrari.com/en-EN/auto/335-s,chassis,front_suspension,"independent, unequal-length wishbones, coil springs, hydraulic shock absorbers"
https://www.ferrari.com/en-EN/auto/335-s,chassis,rear_suspension,"de Dion, twin radius arms, transverse leaf spring, hydraulic shock absorbers"
https://www.ferrari.com/en-EN/auto/335-s,chassis,brakes,drums
https://www.ferrari.com/en-EN/auto/335-s,chassis,transmission,4-speed + reverse
https://www.ferrari.com/en-EN/auto/335-s,chassis,steering,worm and sector
https://www.ferrari.com/en-EN/auto/335-s,chassis,front_tyres,6.00 x 16
https://www.ferrari.com/en-EN/auto/335-s,chassis,rear_tyres,7.00 x 16
https://www.ferrari.com/en-EN/auto/335-s,bodywork,type_2,two-seater spider
https://www.ferrari.com/en-EN/auto/335-s,bodywork,wheelbase,2350mm
https://www.ferrari.com/en-EN/auto/335-s,bodywork,front_track,1296mm
https://www.ferrari.com/en-EN/auto/335-s,bodywork,rear_track,1310mm
https://www.ferrari.com/en-EN/auto/335-s,bodywork,weight,880kg (dry)
https://www.ferrari.com/en-EN/auto/335-s,performance,top_speed,300km/h
https://www.ferrari.com/en-EN/auto/500-trc,engine,type,"front, longitudinal in-line four"
https://www.ferrari.com/en-EN/auto/500-trc,engine,bore_stroke,90 x 78mm
https://www.ferrari.com/en-EN/auto/500-trc,engine,unitary_displacement,496.21cc
https://www.ferrari.com/en-EN/auto/500-trc,engine,total_displacement,1984.86cc
https://www.ferrari.com/en-EN/auto/500-trc,engine,compression_ratio,8.5 : 1
https://www.ferrari.com/en-EN/auto/500-trc,engine,maximum_power,132 kW (180 hp) at 7000 rpm
https://www.ferrari.com/en-EN/auto/500-trc,engine,power_per_litre,91hp/l
https://www.ferrari.com/en-EN/auto/500-trc,engine,valve_actuation,"twin overhead camshafts per bank, two valves per cylinder"
https://www.ferrari.com/en-EN/auto/500-trc,engine,fuel_feed,two Weber 50 DCO carburettors
https://www.ferrari.com/en-EN/auto/500-trc,engine,ignition,"two spark plugs per cylinder, two coils"
https://www.ferrari.com/en-EN/auto/500-trc,engine,lubrication,dry sump
https://www.ferrari.com/en-EN/auto/500-trc,engine,clutch,twin-plate
https://www.ferrari.com/en-EN/auto/500-trc,chassis,frame,tubular steel
https://www.ferrari.com/en-EN/auto/500-trc,chassis,front_suspension,"independent, unequal-length wishbones, coil springs,hydraulic shock absorbers, anti-roll bar"
https://www.ferrari.com/en-EN/auto/500-trc,chassis,rear_suspension,"live axle, radius arms, coil springs, hydraulic shock absorbers"
https://www.ferrari.com/en-EN/auto/500-trc,chassis,brakes,drums
https://www.ferrari.com/en-EN/auto/500-trc,chassis,transmission,4-speed + reverse
https://www.ferrari.com/en-EN/auto/500-trc,chassis,steering,worm and sector
https://www.ferrari.com/en-EN/auto/500-trc,chassis,fuel_tank,capacity 120litres
https://www.ferrari.com/en-EN/auto/500-trc,chassis,front_tyres,5.50 x 16
https://www.ferrari.com/en-EN/auto/500-trc,chassis,rear_tyres,6.00 x 16
https://www.ferrari.com/en-EN/auto/500-trc,bodywork,type_2,two-seater spider
https://www.ferrari.com/en-EN/auto/500-trc,bodywork,wheelbase,2250mm
https://www.ferrari.com/en-EN/auto/500-trc,bodywork,front_track,1308mm
https://www.ferrari.com/en-EN/auto/500-trc,bodywork,rear_track,1250mm
https://www.ferrari.com/en-EN/auto/500-trc,bodywork,weight,680kg (dry)
https://www.ferrari.com/en-EN/auto/500-trc,performance,top_speed,245km/h
https://www.ferrari.com/en-EN/auto/250-testa-rossa-competizione,engine,type,"front, longitudinal 60° V12"
https://www.ferrari.com/en-EN/auto/250-testa-rossa-competizione,engine,bore_stroke,77 x 72mm
https://www.ferrari.com/en-EN/auto/250-testa-rossa-competizione,engine,unitary_displacement,335.27cc
https://www.ferrari.com/en-EN/auto/250-testa-rossa-competizione,engine,total_displacement,4023.32cc
https://www.ferrari.com/en-EN/auto/250-testa-rossa-competizione,engine,compression_ratio,9.9 : 1
https://www.ferrari.com/en-EN/auto/250-testa-rossa-competizione,engine,maximum_power,318 kW (432 hp) at 8000 rpm
https://www.ferrari.com/en-EN/auto/250-testa-rossa-competizione,engine,power_per_litre,107hp/l
https://www.ferrari.com/en-EN/auto/250-testa-rossa-competizione,engine,valve_actuation,"twin overhead camshaft per bank, two valves per cylinder"
https://www.ferrari.com/en-EN/auto/250-testa-rossa-competizione,engine,fuel_feed,six Weber 42 DCN carburettors
https://www.ferrari.com/en-EN/auto/250-testa-rossa-competizione,engine,ignition,"twin spark plugs per cylinder, two coils"
https://www.ferrari.com/en-EN/auto/250-testa-rossa-competizione,engine,lubrication,dry sump
https://www.ferrari.com/en-EN/auto/250-testa-rossa-competizione,engine,clutch,multi-plate
https://www.ferrari.com/en-EN/auto/250-testa-rossa-competizione,chassis,frame,tubular steel
https://www.ferrari.com/en-EN/auto/250-testa-rossa-competizione,chassis,front_suspension,"independent, unequal-length wishbones, coil springs, hydraulic shock absorbers"
https://www.ferrari.com/en-EN/auto/250-testa-rossa-competizione,chassis,rear_suspension,"de Dion, twin radius arms, transverse leaf spring, hydraulic shock absorbers"
https://www.ferrari.com/en-EN/auto/250-testa-rossa-competizione,chassis,brakes,drums
https://www.ferrari.com/en-EN/auto/250-testa-rossa-competizione,chassis,transmission,4-speed + reverse
https://www.ferrari.com/en-EN/auto/250-testa-rossa-competizione,chassis,steering,worm and sector
https://www.ferrari.com/en-EN/auto/250-testa-rossa-competizione,chassis,fuel_tank,capacity 196litres
https://www.ferrari.com/en-EN/auto/250-testa-rossa-competizione,chassis,front_tyres,6.00 x 16
https://www.ferrari.com/en-EN/auto/250-testa-rossa-competizione,chassis,rear_tyres,7.00 x 16
https://www.ferrari.com/en-EN/auto/250-testa-rossa-competizione,bodywork,type_2,two-seater spider
https://www.ferrari.com/en-EN/auto/250-testa-rossa-competizione,bodywork,wheelbase,2350mm
https://www.ferrari.com/en-EN/auto/250-testa-rossa-competizione,bodywork,front_track,1328mm
https://www.ferrari.com/en-EN/auto/250-testa-rossa-competizione,bodywork,rear_track,1310mm
https://www.ferrari.com/en-EN/auto/dino-196-s,engine,type,"front, longitudinal 65° V6"
https://www.ferrari.com/en-EN/auto/dino-196-s,engine,bore_stroke,77 x 71mm
https://www.ferrari.com/en-EN/auto/dino-196-s,engine,unitary_displacement,330.62cc
https://www.ferrari.com/en-EN/auto/dino-196-s,engine,total_displacement,1983.72cc
https://www.ferrari.com/en-EN/auto/dino-196-s,engine,compression_ratio,9.8 : 1
https://www.ferrari.com/en-EN/auto/dino-196-s,engine,maximum_power,143 kW (195 hp) at 7200 rpm
https://www.ferrari.com/en-EN/auto/dino-196-s,engine,power_per_litre,98hp/l
https://www.ferrari.com/en-EN/auto/dino-196-s,engine,valve_actuation,"twin overhead camshaft per bank, two valves per cylinder"
https://www.ferrari.com/en-EN/auto/dino-196-s,engine,fuel_feed,three Weber 42 DCN carburettors
https://www.ferrari.com/en-EN/auto/dino-196-s,engine,ignition,"two spark plugs per cylinder, two magnetos"
https://www.ferrari.com/en-EN/auto/dino-196-s,engine,lubrication,dry sump
https://www.ferrari.com/en-EN/auto/dino-196-s,engine,clutch,multi-plate
https://www.ferrari.com/en-EN/auto/dino-196-s,chassis,frame,tubular steel
https://www.ferrari.com/en-EN/auto/dino-196-s,chassis,front_suspension,"independent, unequal-length wishbones, coil springs,hydraulic shock absorbers, anti-roll bar"
https://www.ferrari.com/en-EN/auto/dino-196-s,chassis,rear_suspension,"live axle, coil springs, hydraulic shock absorbers"
https://www.ferrari.com/en-EN/auto/dino-196-s,chassis,brakes,drums
https://www.ferrari.com/en-EN/auto/dino-196-s,chassis,transmission,4-speed + reverse
https://www.ferrari.com/en-EN/auto/dino-196-s,chassis,steering,worm and sector
https://www.ferrari.com/en-EN/auto/dino-196-s,chassis,fuel_tank,capacity 130litres
https://www.ferrari.com/en-EN/auto/dino-196-s,chassis,front_tyres,5.50 x 16
https://www.ferrari.com/en-EN/auto/dino-196-s,chassis,rear_tyres,6.50 x 16
https://www.ferrari.com/en-EN/auto/dino-196-s,bodywork,type_2,two-seater spider
https://www.ferrari.com/en-EN/auto/dino-196-s,bodywork,wheelbase,2220mm
https://www.ferrari.com/en-EN/auto/dino-196-s,bodywork,front_track,1240mm
https://www.ferrari.com/en-EN/auto/dino-196-s,bodywork,rear_track,1200mm
https://www.ferrari.com/en-EN/auto/dino-196-s,performance,top_speed,250km/h
https://www.ferrari.com/en-EN/auto/dino-296-s,engine,type,"front, longitudinal 65° V6"
https://www.ferrari.com/en-EN/auto/dino-296-s,engine,bore_stroke,85 x 87mm
https://www.ferrari.com/en-EN/auto/dino-296-s,engine,unitary_displacement,493.68cc
https://www.ferrari.com/en-EN/auto/dino-296-s,engine,total_displacement,2962.08cc
https://www.ferrari.com/en-EN/auto/dino-296-s,engine,compression_ratio,10 : 1
https://www.ferrari.com/en-EN/auto/dino-296-s,engine,maximum_power,221 kW (300 hp) at 7600 rpm
https://www.ferrari.com/en-EN/auto/dino-296-s,engine,power_per_litre,101hp/l
https://www.ferrari.com/en-EN/auto/dino-296-s,engine,valve_actuation,"twin overhead camshaft per bank, two valves per cylinder"
https://www.ferrari.com/en-EN/auto/dino-296-s,engine,fuel_feed,three Weber 45 DCN carburettors
https://www.ferrari.com/en-EN/auto/dino-296-s,engine,ignition,"two spark plugs per cylinder, two magnetos"
https://www.ferrari.com/en-EN/auto/dino-296-s,engine,lubrication,dry sump
https://www.ferrari.com/en-EN/auto/dino-296-s,engine,clutch,multi-plate
https://www.ferrari.com/en-EN/auto/dino-296-s,chassis,frame,tubular steel
https://www.ferrari.com/en-EN/auto/dino-296-s,chassis,front_suspension,"independent, unequal-length wishbones, coil springs, hydraulic shock absorbers, anti-roll bar"
https://www.ferrari.com/en-EN/auto/dino-296-s,chassis,rear_suspension,"de Dion, twin radius arms,transverse leaf spring, hydraulic shock absorbers"
https://www.ferrari.com/en-EN/auto/dino-296-s,chassis,brakes,drums
https://www.ferrari.com/en-EN/auto/dino-296-s,chassis,transmission,4-speed + reverse
https://www.ferrari.com/en-EN/auto/dino-296-s,chassis,steering,worm and sector
https://www.ferrari.com/en-EN/auto/dino-296-s,chassis,fuel_tank,capacity 177litres
https://www.ferrari.com/en-EN/auto/dino-296-s,chassis,front_tyres,5.50 x 16
https://www.ferrari.com/en-EN/auto/dino-296-s,chassis,rear_tyres,6.50 x 16
https://www.ferrari.com/en-EN/auto/dino-296-s,bodywork,type_2,two-seater spider
https://www.ferrari.com/en-EN/auto/dino-296-s,bodywork,wheelbase,2280mm
https://www.ferrari.com/en-EN/auto/dino-296-s,bodywork,front_track,1240mm
https://www.ferrari.com/en-EN/auto/dino-296-s,bodywork,rear_track,1240mm
https://www.ferrari.com/en-EN/auto/250-gt-berlinetta-passo-corto,engine,type,"front, longitudinal 60° V12"
https://www.ferrari.com/en-EN/auto/250-gt-berlinetta-passo-corto,engine,bore_stroke,73 x 58.8mm
https://www.ferrari.com/en-EN/auto/250-gt-berlinetta-passo-corto,engine,unitary_displacement,246.10cc
https://www.ferrari.com/en-EN/auto/250-gt-berlinetta-passo-corto,engine,total_displacement,2953.21cc
https://www.ferrari.com/en-EN/auto/250-gt-berlinetta-passo-corto,engine,compression_ratio,9.2 : 1
https://www.ferrari.com/en-EN/auto/250-gt-berlinetta-passo-corto,engine,maximum_power,206 kW (280 hp) at 7000 rpm
https://www.ferrari.com/en-EN/auto/250-gt-berlinetta-passo-corto,engine,power_per_litre,95hp/l
https://www.ferrari.com/en-EN/auto/250-gt-berlinetta-passo-corto,engine,valve_actuation,"single overhead camshaft per bank, two valves per cylinder"
https://www.ferrari.com/en-EN/auto/250-gt-berlinetta-passo-corto,engine,fuel_feed,three Weber 40 DCL/6 carburettors
https://www.ferrari.com/en-EN/auto/250-gt-berlinetta-passo-corto,engine,ignition,"single spark plug per cylinder, two coils"
https://www.ferrari.com/en-EN/auto/250-gt-berlinetta-passo-corto,engine,lubrication,wet sump
https://www.ferrari.com/en-EN/auto/250-gt-berlinetta-passo-corto,engine,clutch,single-plate
https://www.ferrari.com/en-EN/auto/250-gt-berlinetta-passo-corto,chassis,frame,tubular steel
https://www.ferrari.com/en-EN/auto/250-gt-berlinetta-passo-corto,chassis,front_suspension,"independent, unequal-length wishbones, coil springs, hydraulic shock absorbers"
https://www.ferrari.com/en-EN/auto/250-gt-berlinetta-passo-corto,chassis,rear_suspension,"live axle, radius arms, semi-elliptic springs, telescopic shock absorbers"
https://www.ferrari.com/en-EN/auto/250-gt-berlinetta-passo-corto,chassis,brakes,drums
https://www.ferrari.com/en-EN/auto/250-gt-berlinetta-passo-corto,chassis,transmission,4-speed + reverse
https://www.ferrari.com/en-EN/auto/250-gt-berlinetta-passo-corto,chassis,steering,worm and roller
https://www.ferrari.com/en-EN/auto/250-gt-berlinetta-passo-corto,chassis,fuel_tank,capacity 120litres
https://www.ferrari.com/en-EN/auto/250-gt-berlinetta-passo-corto,chassis,front_tyres,6.00 x 16 or 175 x 400
https://www.ferrari.com/en-EN/auto/250-gt-berlinetta-passo-corto,chassis,rear_tyres,6.00 x 16 or 175 x 400
https://www.ferrari.com/en-EN/auto/250-gt-berlinetta-passo-corto,bodywork,type_2,two-seater berlinetta
https://www.ferrari.com/en-EN/auto/250-gt-berlinetta-passo-corto,bodywork,wheelbase,2400mm
https://www.ferrari.com/en-EN/auto/250-gt-berlinetta-passo-corto,bodywork,front_track,1354mm
https://www.ferrari.com/en-EN/auto/250-gt-berlinetta-passo-corto,bodywork,rear_track,1349mm
https://www.ferrari.com/en-EN/auto/250-gt-berlinetta-passo-corto,bodywork,weight,960kg (dry)
https://www.ferrari.com/en-EN/auto/250-gt-berlinetta-passo-corto,performance,top_speed,268km/h
https://www.ferrari.com/en-EN/auto/250-gt-2-2,engine,type,"front, longitudinal 60° V12"
https://www.ferrari.com/en-EN/auto/250-gt-2-2,engine,bore_stroke,73 x 58.8mm
https://www.ferrari.com/en-EN/auto/250-gt-2-2,engine,unitary_displacement,246.10cc
https://www.ferrari.com/en-EN/auto/250-gt-2-2,engine,total_displacement,2953.21cc
https://www.ferrari.com/en-EN/auto/250-gt-2-2,engine,compression_ratio,8.8 : 1
https://www.ferrari.com/en-EN/auto/250-gt-2-2,engine,maximum_power,176 kW (240 hp) at 7000 rpm
https://www.ferrari.com/en-EN/auto/250-gt-2-2,engine,power_per_litre,81hp/l
https://www.ferrari.com/en-EN/auto/250-gt-2-2,engine,valve_actuation,"single overhead camshaft per bank, two valves per cylinder"
https://www.ferrari.com/en-EN/auto/250-gt-2-2,engine,fuel_feed,three Weber 40 DCL 6 carburettors
https://www.ferrari.com/en-EN/auto/250-gt-2-2,engine,ignition,"single spark plug per cylinder, two coils"
https://www.ferrari.com/en-EN/auto/250-gt-2-2,engine,lubrication,wet sump
https://www.ferrari.com/en-EN/auto/250-gt-2-2,engine,clutch,single-plate
https://www.ferrari.com/en-EN/auto/250-gt-2-2,chassis,frame,tubular steel
https://www.ferrari.com/en-EN/auto/250-gt-2-2,chassis,front_suspension,"independent, unequal-length wishbones, coil springs, telescopic shock absorbers, anti-roll bar"
https://www.ferrari.com/en-EN/auto/250-gt-2-2,chassis,rear_suspension,"live axle, radius arms, semi-elliptic springs, telescopic shock absorbers"
https://www.ferrari.com/en-EN/auto/250-gt-2-2,chassis,brakes,discs
https://www.ferrari.com/en-EN/auto/250-gt-2-2,chassis,transmission,4-speed + overdrive + reverse
https://www.ferrari.com/en-EN/auto/250-gt-2-2,chassis,steering,worm and sector
https://www.ferrari.com/en-EN/auto/250-gt-2-2,chassis,fuel_tank,capacity 100litres
https://www.ferrari.com/en-EN/auto/250-gt-2-2,chassis,front_tyres,6.50 x 15
https://www.ferrari.com/en-EN/auto/250-gt-2-2,chassis,rear_tyres,6.50 x 15
https://www.ferrari.com/en-EN/auto/250-gt-2-2,bodywork,type_2,2+2 coupé
https://www.ferrari.com/en-EN/auto/250-gt-2-2,bodywork,length,4700mm
https://www.ferrari.com/en-EN/auto/250-gt-2-2,bodywork,width,1710mm
https://www.ferrari.com/en-EN/auto/250-gt-2-2,bodywork,height,1340mm
https://www.ferrari.com/en-EN/auto/250-gt-2-2,bodywork,wheelbase,2600mm
https://www.ferrari.com/en-EN/auto/250-gt-2-2,bodywork,front_track,1354mm
https://www.ferrari.com/en-EN/auto/250-gt-2-2,bodywork,rear_track,1394mm
https://www.ferrari.com/en-EN/auto/250-gt-2-2,bodywork,weight,1280kg (dry)
https://www.ferrari.com/en-EN/auto/250-gt-2-2,performance,top_speed,230km/h
https://www.ferrari.com/en-EN/auto/400-superamerica,engine,type,"front, longitudinal 60° V12"
https://www.ferrari.com/en-EN/auto/400-superamerica,engine,bore_stroke,77 x 71mm
https://www.ferrari.com/en-EN/auto/400-superamerica,engine,unitary_displacement,330.62cc
https://www.ferrari.com/en-EN/auto/400-superamerica,engine,total_displacement,3967.44cc
https://www.ferrari.com/en-EN/auto/400-superamerica,engine,compression_ratio,8.8 : 1
https://www.ferrari.com/en-EN/auto/400-superamerica,engine,maximum_power,250 kW (340 hp) at 7000 rpm
https://www.ferrari.com/en-EN/auto/400-superamerica,engine,power_per_litre,86hp/l
https://www.ferrari.com/en-EN/auto/400-superamerica,engine,valve_actuation,"single overhead camshaft per bank, two valves per cylinder"
https://www.ferrari.com/en-EN/auto/400-superamerica,engine,fuel_feed,three Weber 46 DCF/3 carburettors
https://www.ferrari.com/en-EN/auto/400-superamerica,engine,ignition,"single spark plug per cylinder, two coils"
https://www.ferrari.com/en-EN/auto/400-superamerica,engine,lubrication,wet sump
https://www.ferrari.com/en-EN/auto/400-superamerica,engine,clutch,single-plate
https://www.ferrari.com/en-EN/auto/400-superamerica,chassis,frame,tubular steel
https://www.ferrari.com/en-EN/auto/400-superamerica,chassis,front_suspension,"independent, unequal-length wishbones, coil springs, telescopic shock absorbers, anti-roll bar"
https://www.ferrari.com/en-EN/auto/400-superamerica,chassis,rear_suspension,"live axle, twin radius arms, semi-elliptic springs, co-axial springs and telescopic shock absorbers"
https://www.ferrari.com/en-EN/auto/400-superamerica,chassis,brakes,discs
https://www.ferrari.com/en-EN/auto/400-superamerica,chassis,transmission,4-speed + overdrive + reverse
https://www.ferrari.com/en-EN/auto/400-superamerica,chassis,steering,worm and sector
https://www.ferrari.com/en-EN/auto/400-superamerica,chassis,fuel_tank,capacity 120litres
https://www.ferrari.com/en-EN/auto/400-superamerica,chassis,front_tyres,6.50 x 15
https://www.ferrari.com/en-EN/auto/400-superamerica,chassis,rear_tyres,6.50 x 15
https://www.ferrari.com/en-EN/auto/400-superamerica,bodywork,type_2,"two-seater coupé, cabriolet"
https://www.ferrari.com/en-EN/auto/400-superamerica,bodywork,wheelbase,2420mm
https://www.ferrari.com/en-EN/auto/400-superamerica,bodywork,front_track,1359mm
https://www.ferrari.com/en-EN/auto/400-superamerica,bodywork,rear_track,1350mm
https://www.ferrari.com/en-EN/auto/400-superamerica,bodywork,weight,"1250 kg (dry, coupé)"
https://www.ferrari.com/en-EN/auto/400-superamerica,performance,top_speed,265km/h
https://www.ferrari.com/en-EN/auto/dino-246-s,engine,type,"front, longitudinal 60° V6"
https://www.ferrari.com/en-EN/auto/dino-246-s,engine,bore_stroke,85 x 71mm
https://www.ferrari.com/en-EN/auto/dino-246-s,engine,unitary_displacement,402.88cc
https://www.ferrari.com/en-EN/auto/dino-246-s,engine,total_displacement,2417.33cc
https://www.ferrari.com/en-EN/auto/dino-246-s,engine,compression_ratio,9.8 : 1
https://www.ferrari.com/en-EN/auto/dino-246-s,engine,maximum_power,184 kW (250 hp) at 7500 rpm
https://www.ferrari.com/en-EN/auto/dino-246-s,engine,power_per_litre,103hp/l
https://www.ferrari.com/en-EN/auto/dino-246-s,engine,valve_actuation,"single overhead camshaft per bank, two valves per cylinder"
https://www.ferrari.com/en-EN/auto/dino-246-s,engine,fuel_feed,three Weber 42 DCN carburettors
https://www.ferrari.com/en-EN/auto/dino-246-s,engine,ignition,"single spark plug per cylinder, single coil"
https://www.ferrari.com/en-EN/auto/dino-246-s,engine,lubrication,wet sump
https://www.ferrari.com/en-EN/auto/dino-246-s,engine,clutch,multi-plate
https://www.ferrari.com/en-EN/auto/dino-246-s,chassis,frame,tubular steel
https://www.ferrari.com/en-EN/auto/dino-246-s,chassis,front_suspension,"independent, unequal-length wishbones, coil springs, telescopic shock absorbers, anti-roll bar"
https://www.ferrari.com/en-EN/auto/dino-246-s,chassis,rear_suspension,"live axle, radius arms, coil springs, telescopic shock absorbers"
https://www.ferrari.com/en-EN/auto/dino-246-s,chassis,brakes,discs
https://www.ferrari.com/en-EN/auto/dino-246-s,chassis,transmission,5-speed + reverse
https://www.ferrari.com/en-EN/auto/dino-246-s,chassis,steering,rack-and-pinion
https://www.ferrari.com/en-EN/auto/dino-246-s,chassis,fuel_tank,capacity 120litres
https://www.ferrari.com/en-EN/auto/dino-246-s,chassis,front_tyres,5.50 x 15
https://www.ferrari.com/en-EN/auto/dino-246-s,chassis,rear_tyres,6.00 x 15
https://www.ferrari.com/en-EN/auto/dino-246-s,bodywork,type_2,two-seater spider
https://www.ferrari.com/en-EN/auto/dino-246-s,bodywork,wheelbase,2160mm
https://www.ferrari.com/en-EN/auto/dino-246-s,bodywork,front_track,1245mm
https://www.ferrari.com/en-EN/auto/dino-246-s,bodywork,rear_track,1205mm
https://www.ferrari.com/en-EN/auto/dino-246-s,bodywork,weight,640kg (dry)
https://www.ferrari.com/en-EN/auto/246-sp,engine,type,"rear, longitudinal 65° V6"
https://www.ferrari.com/en-EN/auto/246-sp,engine,bore_stroke,85 x 71mm
https://www.ferrari.com/en-EN/auto/246-sp,engine,unitary_displacement,402.88cc
https://www.ferrari.com/en-EN/auto/246-sp,engine,total_displacement,2417.33cc
https://www.ferrari.com/en-EN/auto/246-sp,engine,compression_ratio,9.8 : 1
https://www.ferrari.com/en-EN/auto/246-sp,engine,maximum_power,199 kW (270 hp) at 8000 rpm
https://www.ferrari.com/en-EN/auto/246-sp,engine,power_per_litre,112hp/l
https://www.ferrari.com/en-EN/auto/246-sp,engine,valve_actuation,"twin overhead camshaft per bank, two valves per cylinder"
https://www.ferrari.com/en-EN/auto/246-sp,engine,fuel_feed,three Weber 42 DCN carburettors
https://www.ferrari.com/en-EN/auto/246-sp,engine,ignition,"single spark plug per cylinder, two coils"
https://www.ferrari.com/en-EN/auto/246-sp,engine,lubrication,dry sump
https://www.ferrari.com/en-EN/auto/246-sp,engine,clutch,multi-plate
https://www.ferrari.com/en-EN/auto/246-sp,chassis,frame,tubular steel
https://www.ferrari.com/en-EN/auto/246-sp,chassis,front_suspension,"independent, unequal-length wishbones, coil springs, telescopic shock absorbers, anti-roll bar"
https://www.ferrari.com/en-EN/auto/246-sp,chassis,rear_suspension,"independent, unequal-length wishbones, coil springs, telescopic shock absorbers"
https://www.ferrari.com/en-EN/auto/246-sp,chassis,brakes,discs
https://www.ferrari.com/en-EN/auto/246-sp,chassis,transmission,5-speed + reverse
https://www.ferrari.com/en-EN/auto/246-sp,chassis,steering,rack-and-pinion
https://www.ferrari.com/en-EN/auto/246-sp,chassis,fuel_tank,capacity 115litres
https://www.ferrari.com/en-EN/auto/246-sp,chassis,front_tyres,5.50 x 15
https://www.ferrari.com/en-EN/auto/246-sp,chassis,rear_tyres,6.50 x 15
https://www.ferrari.com/en-EN/auto/246-sp,bodywork,type_2,two-seater spider
https://www.ferrari.com/en-EN/auto/246-sp,bodywork,length,4060mm
https://www.ferrari.com/en-EN/auto/246-sp,bodywork,width,1480mm
https://www.ferrari.com/en-EN/auto/246-sp,bodywork,height,1050mm
https://www.ferrari.com/en-EN/auto/246-sp,bodywork,wheelbase,2320mm
https://www.ferrari.com/en-EN/auto/246-sp,bodywork,front_track,1200mm
https://www.ferrari.com/en-EN/auto/246-sp,bodywork,rear_track,1200mm
https://www.ferrari.com/en-EN/auto/246-sp,bodywork,weight,590kg (dry)
https://www.ferrari.com/en-EN/auto/246-sp,performance,top_speed,270km/h
https://www.ferrari.com/en-EN/auto/196-sp,engine,type,"rear, longitudinal 60° V6"
https://www.ferrari.com/en-EN/auto/196-sp,engine,bore_stroke,77 x 71mm
https://www.ferrari.com/en-EN/auto/196-sp,engine,unitary_displacement,330.62cc
https://www.ferrari.com/en-EN/auto/196-sp,engine,total_displacement,1983.72cc
https://www.ferrari.com/en-EN/auto/196-sp,engine,compression_ratio,9.8 : 1
https://www.ferrari.com/en-EN/auto/196-sp,engine,maximum_power,154 kW (210 hp) at 7500 rpm
https://www.ferrari.com/en-EN/auto/196-sp,engine,power_per_litre,106hp/l
https://www.ferrari.com/en-EN/auto/196-sp,engine,valve_actuation,"single overhead camshafts per bank, two valves per cylinder"
https://www.ferrari.com/en-EN/auto/196-sp,engine,fuel_feed,three Weber 42 DCN carburettors
https://www.ferrari.com/en-EN/auto/196-sp,engine,ignition,"single spark plugs per cylinder, two coils"
https://www.ferrari.com/en-EN/auto/196-sp,engine,lubrication,dry sump
https://www.ferrari.com/en-EN/auto/196-sp,engine,clutch,multi-plate
https://www.ferrari.com/en-EN/auto/196-sp,chassis,frame,tubular steel
https://www.ferrari.com/en-EN/auto/196-sp,chassis,front_suspension,"independent, unequal-length wishbones, coil springs, telescopic shock absorbers, anti-roll bar"
https://www.ferrari.com/en-EN/auto/196-sp,chassis,rear_suspension,"independent, unequal-length wishbones, coil springs, telescopic shock absorbers"
https://www.ferrari.com/en-EN/auto/196-sp,chassis,brakes,discs
https://www.ferrari.com/en-EN/auto/196-sp,chassis,transmission,5-speed + reverse
https://www.ferrari.com/en-EN/auto/196-sp,chassis,steering,rack-and-pinion
https://www.ferrari.com/en-EN/auto/196-sp,chassis,front_tyres,5.25 x 15
https://www.ferrari.com/en-EN/auto/196-sp,chassis,rear_tyres,6.50 x 15
https://www.ferrari.com/en-EN/auto/196-sp,bodywork,type_2,two-seater spider
https://www.ferrari.com/en-EN/auto/196-sp,bodywork,length,4060mm
https://www.ferrari.com/en-EN/auto/196-sp,bodywork,width,1480mm
https://www.ferrari.com/en-EN/auto/196-sp,bodywork,height,970mm
https://www.ferrari.com/en-EN/auto/196-sp,bodywork,wheelbase,2320mm
https://www.ferrari.com/en-EN/auto/196-sp,bodywork,front_track,1200mm
https://www.ferrari.com/en-EN/auto/196-sp,bodywork,rear_track,1200mm
https://www.ferrari.com/en-EN/auto/196-sp,bodywork,weight,600kg (dry)
https://www.ferrari.com/en-EN/auto/196-sp,performance,top_speed,240km/h
https://www.ferrari.com/en-EN/auto/248-sp,engine,type,"rear, longitudinal 90° V8"
https://www.ferrari.com/en-EN/auto/248-sp,engine,bore_stroke,77 x 66mm
https://www.ferrari.com/en-EN/auto/248-sp,engine,unitary_displacement,307.33cc
https://www.ferrari.com/en-EN/auto/248-sp,engine,total_displacement,2458.70cc
https://www.ferrari.com/en-EN/auto/248-sp,engine,compression_ratio,9.8 : 1
https://www.ferrari.com/en-EN/auto/248-sp,engine,maximum_power,184 kW (250 hp) at 7400 rpm
https://www.ferrari.com/en-EN/auto/248-sp,engine,power_per_litre,102hp/l
https://www.ferrari.com/en-EN/auto/248-sp,engine,valve_actuation,"single overhead camshafts per bank, two valves per cylinder"
https://www.ferrari.com/en-EN/auto/248-sp,engine,fuel_feed,four Weber 40 IF2C carburettors
https://www.ferrari.com/en-EN/auto/248-sp,engine,ignition,"single spark plug per cylinder, single coil"
https://www.ferrari.com/en-EN/auto/248-sp,engine,lubrication,dry sump
https://www.ferrari.com/en-EN/auto/248-sp,engine,clutch,multi-plate
https://www.ferrari.com/en-EN/auto/248-sp,chassis,frame,tubular steel
https://www.ferrari.com/en-EN/auto/248-sp,chassis,front_suspension,"independent, unequal-length wishbones, coil springs, telescopic shock absorbers, anti-roll bar"
https://www.ferrari.com/en-EN/auto/248-sp,chassis,rear_suspension,"independent, unequal-length wishbones, coil springs, telescopic shock absorbers"
https://www.ferrari.com/en-EN/auto/248-sp,chassis,brakes,discs
https://www.ferrari.com/en-EN/auto/248-sp,chassis,transmission,5-speed + reverse
https://www.ferrari.com/en-EN/auto/248-sp,chassis,steering,rack-and-pinion
https://www.ferrari.com/en-EN/auto/248-sp,chassis,front_tyres,5.25 x 15
https://www.ferrari.com/en-EN/auto/248-sp,chassis,rear_tyres,6.50 x 15
https://www.ferrari.com/en-EN/auto/248-sp,bodywork,type_2,two-seater spider
https://www.ferrari.com/en-EN/auto/248-sp,bodywork,length,4060mm
https://www.ferrari.com/en-EN/auto/248-sp,bodywork,width,1480mm
https://www.ferrari.com/en-EN/auto/248-sp,bodywork,height,970mm
https://www.ferrari.com/en-EN/auto/248-sp,bodywork,wheelbase,2320mm
https://www.ferrari.com/en-EN/auto/248-sp,bodywork,weight,640kg (dry)
https://www.ferrari.com/en-EN/auto/248-sp,performance,top_speed,290km/h
https://www.ferrari.com/en-EN/auto/250-gt-berlinetta-lusso,engine,type,"front, longitudinal 60° V12"
https://www.ferrari.com/en-EN/auto/250-gt-berlinetta-lusso,engine,bore_stroke,73 x 58.8mm
https://www.ferrari.com/en-EN/auto/250-gt-berlinetta-lusso,engine,unitary_displacement,246.10cc
https://www.ferrari.com/en-EN/auto/250-gt-berlinetta-lusso,engine,total_displacement,2953.21cc
https://www.ferrari.com/en-EN/auto/250-gt-berlinetta-lusso,engine,compression_ratio,9.2 : 1
https://www.ferrari.com/en-EN/auto/250-gt-berlinetta-lusso,engine,maximum_power,176 kW (240 hp) at 7500 rpm
https://www.ferrari.com/en-EN/auto/250-gt-berlinetta-lusso,engine,power_per_litre,81hp/l
https://www.ferrari.com/en-EN/auto/250-gt-berlinetta-lusso,engine,valve_actuation,"single overhead camshaft per bank, two valves per cylinder"
https://www.ferrari.com/en-EN/auto/250-gt-berlinetta-lusso,engine,fuel_feed,three Weber 36 DCS carburettors
https://www.ferrari.com/en-EN/auto/250-gt-berlinetta-lusso,engine,ignition,"single spark plug per cylinder, two coils"
https://www.ferrari.com/en-EN/auto/250-gt-berlinetta-lusso,engine,lubrication,wet sump
https://www.ferrari.com/en-EN/auto/250-gt-berlinetta-lusso,engine,clutch,single-plate
https://www.ferrari.com/en-EN/auto/250-gt-berlinetta-lusso,chassis,frame,tubular steel
https://www.ferrari.com/en-EN/auto/250-gt-berlinetta-lusso,chassis,front_suspension,"independent, unequal-length wishbones, coil springs, telescopic shock absorbers"
https://www.ferrari.com/en-EN/auto/250-gt-berlinetta-lusso,chassis,rear_suspension,"live axle, radius arms, semi-elliptic springs, co-axial coil springs and telescopic shock absorbers"
https://www.ferrari.com/en-EN/auto/250-gt-berlinetta-lusso,chassis,brakes,discs
https://www.ferrari.com/en-EN/auto/250-gt-berlinetta-lusso,chassis,transmission,4-speed + reverse
https://www.ferrari.com/en-EN/auto/250-gt-berlinetta-lusso,chassis,steering,worm and sector
https://www.ferrari.com/en-EN/auto/250-gt-berlinetta-lusso,chassis,fuel_tank,capacity 114litres
https://www.ferrari.com/en-EN/auto/250-gt-berlinetta-lusso,chassis,front_tyres,185 x 15
https://www.ferrari.com/en-EN/auto/250-gt-berlinetta-lusso,chassis,rear_tyres,185 x 15
https://www.ferrari.com/en-EN/auto/250-gt-berlinetta-lusso,bodywork,type_2,two-seater berlinetta
https://www.ferrari.com/en-EN/auto/250-gt-berlinetta-lusso,bodywork,wheelbase,2400mm
https://www.ferrari.com/en-EN/auto/250-gt-berlinetta-lusso,bodywork,front_track,1395mm
https://www.ferrari.com/en-EN/auto/250-gt-berlinetta-lusso,bodywork,rear_track,1387mm
https://www.ferrari.com/en-EN/auto/250-gt-berlinetta-lusso,bodywork,weight,1020kg (dry)
https://www.ferrari.com/en-EN/auto/250-gt-berlinetta-lusso,performance,top_speed,240km/h
https://www.ferrari.com/en-EN/auto/250-gto,engine,type,"front, longitudinal 60° V12"
https://www.ferrari.com/en-EN/auto/250-gto,engine,bore_stroke,73 x 58.8 mm
https://www.ferrari.com/en-EN/auto/250-gto,engine,unitary_displacement,246.10 cc
https://www.ferrari.com/en-EN/auto/250-gto,engine,total_displacement,2953.21 cc
https://www.ferrari.com/en-EN/auto/250-gto,engine,compression_ratio,9.8 : 1
https://www.ferrari.com/en-EN/auto/250-gto,engine,maximum_power,221 kW (300 hp) at 7400 rpm
https://www.ferrari.com/en-EN/auto/250-gto,engine,power_per_litre,102 hp/l
https://www.ferrari.com/en-EN/auto/250-gto,engine,valve_actuation,"single overhead camshafts per bank, two valves per cylinder"
https://www.ferrari.com/en-EN/auto/250-gto,engine,fuel_feed,six Weber 38 DCN carburettors
https://www.ferrari.com/en-EN/auto/250-gto,engine,ignition,"single spark plug per cylinder, two coils"
https://www.ferrari.com/en-EN/auto/250-gto,engine,lubrication,dry sump
https://www.ferrari.com/en-EN/auto/250-gto,engine,clutch,single-plate
https://www.ferrari.com/en-EN/auto/250-gto,chassis,frame,tubular steel
https://www.ferrari.com/en-EN/auto/250-gto,chassis,front_suspension,"independent, unequal-length wishbones, co-axial coils and telescopic shock absorbers, anti-roll bar"
https://www.ferrari.com/en-EN/auto/250-gto,chassis,rear_suspension,"live axle, twin radius arms, semi-elliptic springs, co-axial coil springs and telescopic shock absorbers"
https://www.ferrari.com/en-EN/auto/250-gto,chassis,brakes,discs
https://www.ferrari.com/en-EN/auto/250-gto,chassis,transmission,5-speed + reverse
https://www.ferrari.com/en-EN/auto/250-gto,chassis,steering,worm and roller
https://www.ferrari.com/en-EN/auto/250-gto,chassis,fuel_tank,capacity 130 litres
https://www.ferrari.com/en-EN/auto/250-gto,chassis,front_tyres,6.00 x 15
https://www.ferrari.com/en-EN/auto/250-gto,chassis,rear_tyres,7.00 x 15
https://www.ferrari.com/en-EN/auto/250-gto,bodywork,type_2,two-seater berlinetta
https://www.ferrari.com/en-EN/auto/250-gto,bodywork,length,4325 mm
https://www.ferrari.com/en-EN/auto/250-gto,bodywork,width,1600 mm
https://www.ferrari.com/en-EN/auto/250-gto,bodywork,height,1210 mm
https://www.ferrari.com/en-EN/auto/250-gto,bodywork,wheelbase,2400 mm
https://www.ferrari.com/en-EN/auto/250-gto,bodywork,front_track,1354 mm
https://www.ferrari.com/en-EN/auto/250-gto,bodywork,rear_track,1350 mm
https://www.ferrari.com/en-EN/auto/250-gto,bodywork,weight,880 kg (dry)
https://www.ferrari.com/en-EN/auto/250-gto,performance,top_speed,280 km/h
https://www.ferrari.com/en-EN/auto/268-sp,engine,type,"rear, longitudinal 90° V8"
https://www.ferrari.com/en-EN/auto/268-sp,engine,bore_stroke,77 x 71mm
https://www.ferrari.com/en-EN/auto/268-sp,engine,unitary_displacement,330.62cc
https://www.ferrari.com/en-EN/auto/268-sp,engine,total_displacement,2644.96cc
https://www.ferrari.com/en-EN/auto/268-sp,engine,compression_ratio,9.8 : 1
https://www.ferrari.com/en-EN/auto/268-sp,engine,maximum_power,195 kW (265 hp) at 7000 rpm
https://www.ferrari.com/en-EN/auto/268-sp,engine,power_per_litre,100hp/l
https://www.ferrari.com/en-EN/auto/268-sp,engine,valve_actuation,"single overhead camshaft per bank, two valves per cylinder"
https://www.ferrari.com/en-EN/auto/268-sp,engine,fuel_feed,four Weber 40 IF2C carburettors
https://www.ferrari.com/en-EN/auto/268-sp,engine,ignition,"single spark plug per cylinder, single coil"
https://www.ferrari.com/en-EN/auto/268-sp,engine,lubrication,dry sump
https://www.ferrari.com/en-EN/auto/268-sp,engine,clutch,multi-plate
https://www.ferrari.com/en-EN/auto/268-sp,chassis,frame,tubular steel
https://www.ferrari.com/en-EN/auto/268-sp,chassis,front_suspension,"independent, unequal-length wishbones, coil springs, telescopic shock absorbers, anti-roll bar"
https://www.ferrari.com/en-EN/auto/268-sp,chassis,rear_suspension,"independent, unequal-length wishbones, coil springs, telescopic shock absorbers"
https://www.ferrari.com/en-EN/auto/268-sp,chassis,brakes,discs
https://www.ferrari.com/en-EN/auto/268-sp,chassis,transmission,5-speed + reverse
https://www.ferrari.com/en-EN/auto/268-sp,chassis,steering,rack-and-pinion
https://www.ferrari.com/en-EN/auto/268-sp,chassis,fuel_tank,capacity 130litres
https://www.ferrari.com/en-EN/auto/268-sp,chassis,front_tyres,5.50 x 15
https://www.ferrari.com/en-EN/auto/268-sp,chassis,rear_tyres,7.00 x 15
https://www.ferrari.com/en-EN/auto/268-sp,bodywork,type_2,two-seater spider
https://www.ferrari.com/en-EN/auto/268-sp,bodywork,length,4060mm
https://www.ferrari.com/en-EN/auto/268-sp,bodywork,width,1480mm
https://www.ferrari.com/en-EN/auto/268-sp,bodywork,height,970mm
https://www.ferrari.com/en-EN/auto/268-sp,bodywork,wheelbase,2320mm
https://www.ferrari.com/en-EN/auto/268-sp,bodywork,front_track,1200mm
https://www.ferrari.com/en-EN/auto/268-sp,bodywork,rear_track,1200mm
https://www.ferrari.com/en-EN/auto/268-sp,bodywork,weight,660kg (dry)
https://www.ferrari.com/en-EN/auto/286-sp,engine,type,"rear, longitudinal 60° V6"
https://www.ferrari.com/en-EN/auto/286-sp,engine,bore_stroke,90 x 75mm
https://www.ferrari.com/en-EN/auto/286-sp,engine,unitary_displacement,477.13cc
https://www.ferrari.com/en-EN/auto/286-sp,engine,total_displacement,2862.78cc
https://www.ferrari.com/en-EN/auto/286-sp,engine,compression_ratio,9.5 : 1
https://www.ferrari.com/en-EN/auto/286-sp,engine,maximum_power,191 kW (260 hp) at 6800 rpm
https://www.ferrari.com/en-EN/auto/286-sp,engine,power_per_litre,91hp/l
https://www.ferrari.com/en-EN/auto/286-sp,engine,valve_actuation,"single overhead camshaft per bank, two valves per cylinder"
https://www.ferrari.com/en-EN/auto/286-sp,engine,fuel_feed,three Weber 42 DCN carburettors
https://www.ferrari.com/en-EN/auto/286-sp,engine,ignition,"single spark plug per cylinder, single coil"
https://www.ferrari.com/en-EN/auto/286-sp,engine,lubrication,dry sump
https://www.ferrari.com/en-EN/auto/286-sp,engine,clutch,multi-plate
https://www.ferrari.com/en-EN/auto/286-sp,chassis,frame,tubular steel
https://www.ferrari.com/en-EN/auto/286-sp,chassis,front_suspension,"independent, unequal-length wishbones, coil springs, telescopic shock absorbers, anti-roll bar"
https://www.ferrari.com/en-EN/auto/286-sp,chassis,rear_suspension,"independent, unequal-length wishbones, coil springs, telescopic shock absorbers"
https://www.ferrari.com/en-EN/auto/286-sp,chassis,brakes,discs
https://www.ferrari.com/en-EN/auto/286-sp,chassis,transmission,5-speed + reverse
https://www.ferrari.com/en-EN/auto/286-sp,chassis,steering,rack-and-pinion
https://www.ferrari.com/en-EN/auto/286-sp,chassis,front_tyres,5.25 x 15
https://www.ferrari.com/en-EN/auto/286-sp,chassis,rear_tyres,7.00 x 15
https://www.ferrari.com/en-EN/auto/286-sp,bodywork,type_2,two-seater spider
https://www.ferrari.com/en-EN/auto/286-sp,bodywork,length,4060mm
https://www.ferrari.com/en-EN/auto/286-sp,bodywork,width,1480mm
https://www.ferrari.com/en-EN/auto/286-sp,bodywork,height,970mm
https://www.ferrari.com/en-EN/auto/286-sp,bodywork,wheelbase,2320mm
https://www.ferrari.com/en-EN/auto/286-sp,bodywork,weight,620kg (dry)
https://www.ferrari.com/en-EN/auto/330-lm,engine,type,"front, longitudinal 60° V12"
https://www.ferrari.com/en-EN/auto/330-lm,engine,bore_stroke,77 x 71mm
https://www.ferrari.com/en-EN/auto/330-lm,engine,unitary_displacement,330.62cc
https://www.ferrari.com/en-EN/auto/330-lm,engine,total_displacement,3967.44cc
https://www.ferrari.com/en-EN/auto/330-lm,engine,compression_ratio,8.8 : 1
https://www.ferrari.com/en-EN/auto/330-lm,engine,maximum_power,287 kW (390 hp) at 7500 rpm
https://www.ferrari.com/en-EN/auto/330-lm,engine,power_per_litre,98hp/l
https://www.ferrari.com/en-EN/auto/330-lm,engine,valve_actuation,"single overhead camshafts per bank, two valves per cylinder"
https://www.ferrari.com/en-EN/auto/330-lm,engine,fuel_feed,six Weber 42 DCN carburettors
https://www.ferrari.com/en-EN/auto/330-lm,engine,ignition,"single spark plugs per cylinder, two coils"
https://www.ferrari.com/en-EN/auto/330-lm,engine,lubrication,dry sump
https://www.ferrari.com/en-EN/auto/330-lm,engine,clutch,multi-plate
https://www.ferrari.com/en-EN/auto/330-lm,chassis,frame,tubular steel
https://www.ferrari.com/en-EN/auto/330-lm,chassis,front_suspension,"independent, unequal-length wishbones, co-axial springs and telescopic shock absorbers, anti-roll bar"
https://www.ferrari.com/en-EN/auto/330-lm,chassis,rear_suspension,"live axle, semi-elliptic springs, telescopic shock absorbers"
https://www.ferrari.com/en-EN/auto/330-lm,chassis,brakes,discs
https://www.ferrari.com/en-EN/auto/330-lm,chassis,transmission,4-speed + reverse
https://www.ferrari.com/en-EN/auto/330-lm,chassis,steering,worm and roller
https://www.ferrari.com/en-EN/auto/330-lm,chassis,fuel_tank,capacity 140litres
https://www.ferrari.com/en-EN/auto/330-lm,chassis,front_tyres,6.00 x 15
https://www.ferrari.com/en-EN/auto/330-lm,chassis,rear_tyres,7.00 x 15
https://www.ferrari.com/en-EN/auto/330-lm,bodywork,type_2,two-seater berlinetta
https://www.ferrari.com/en-EN/auto/330-lm,bodywork,length,4360mm
https://www.ferrari.com/en-EN/auto/330-lm,bodywork,width,1675mm
https://www.ferrari.com/en-EN/auto/330-lm,bodywork,height,1245mm
https://www.ferrari.com/en-EN/auto/330-lm,bodywork,wheelbase,2420mm
https://www.ferrari.com/en-EN/auto/330-lm,bodywork,weight,950kg (dry)
https://www.ferrari.com/en-EN/auto/330-lm,performance,top_speed,280km/h
https://www.ferrari.com/en-EN/auto/330-tr,engine,type,"front, longitudinal 60° V12"
https://www.ferrari.com/en-EN/auto/330-tr,engine,bore_stroke,77 x 71mm
https://www.ferrari.com/en-EN/auto/330-tr,engine,unitary_displacement,330.62cc
https://www.ferrari.com/en-EN/auto/330-tr,engine,total_displacement,3967.44cc
https://www.ferrari.com/en-EN/auto/330-tr,engine,compression_ratio,8.8 : 1
https://www.ferrari.com/en-EN/auto/330-tr,engine,maximum_power,287 kW (390 hp) at 7500 rpm
https://www.ferrari.com/en-EN/auto/330-tr,engine,power_per_litre,98hp/l
https://www.ferrari.com/en-EN/auto/330-tr,engine,valve_actuation,"single overhead camshaft per bank, two valves per cylinder"
https://www.ferrari.com/en-EN/auto/330-tr,engine,fuel_feed,six Weber 42 DCN carburettors
https://www.ferrari.com/en-EN/auto/330-tr,engine,ignition,"single spark plug per cylinder, two coils"
https://www.ferrari.com/en-EN/auto/330-tr,engine,lubrication,dry sump
https://www.ferrari.com/en-EN/auto/330-tr,engine,clutch,multi-plate
https://www.ferrari.com/en-EN/auto/330-tr,chassis,frame,tubular steel
https://www.ferrari.com/en-EN/auto/330-tr,chassis,front_suspension,"independent, unequal-length wishbones, coil springs, telescopic shock absorbers, anti-roll bar"
https://www.ferrari.com/en-EN/auto/330-tr,chassis,rear_suspension,"independent, unequal-length wishbones, coil springs, telescopic shock absorbers"
https://www.ferrari.com/en-EN/auto/330-tr,chassis,brakes,discs
https://www.ferrari.com/en-EN/auto/330-tr,chassis,transmission,5-speed + reverse
https://www.ferrari.com/en-EN/auto/330-tr,chassis,steering,worm and sector
https://www.ferrari.com/en-EN/auto/330-tr,chassis,fuel_tank,capacity 140litres
https://www.ferrari.com/en-EN/auto/330-tr,chassis,front_tyres,6.00 x 16
https://www.ferrari.com/en-EN/auto/330-tr,chassis,rear_tyres,7.00 x 16
https://www.ferrari.com/en-EN/auto/330-tr,bodywork,type_2,two-seater spider
https://www.ferrari.com/en-EN/auto/330-tr,bodywork,length,4520mm
https://www.ferrari.com/en-EN/auto/330-tr,bodywork,width,1590mm
https://www.ferrari.com/en-EN/auto/330-tr,bodywork,height,1050mm
https://www.ferrari.com/en-EN/auto/330-tr,bodywork,wheelbase,2420mm
https://www.ferrari.com/en-EN/auto/330-tr,bodywork,front_track,1245mm
https://www.ferrari.com/en-EN/auto/330-tr,bodywork,rear_track,1275mm
https://www.ferrari.com/en-EN/auto/330-tr,bodywork,weight,820kg (dry)
https://www.ferrari.com/en-EN/auto/250-lm,engine,type,"rear, longitudinal 60° V12"
https://www.ferrari.com/en-EN/auto/250-lm,engine,bore_stroke,77 x 58.8mm
https://www.ferrari.com/en-EN/auto/250-lm,engine,unitary_displacement,273.81cc
https://www.ferrari.com/en-EN/auto/250-lm,engine,total_displacement,3285.72cc
https://www.ferrari.com/en-EN/auto/250-lm,engine,compression_ratio,9.7 : 1
https://www.ferrari.com/en-EN/auto/250-lm,engine,maximum_power,235 kW (320 hp) at 7500 rpm
https://www.ferrari.com/en-EN/auto/250-lm,engine,power_per_litre,97hp/l
https://www.ferrari.com/en-EN/auto/250-lm,engine,valve_actuation,"single overhead camshafts per bank, two valves per cylinder"
https://www.ferrari.com/en-EN/auto/250-lm,engine,fuel_feed,six Weber 38/40 DCN carburettors
https://www.ferrari.com/en-EN/auto/250-lm,engine,ignition,"single spark plug per cylinder, two coils"
https://www.ferrari.com/en-EN/auto/250-lm,engine,lubrication,dry sump
https://www.ferrari.com/en-EN/auto/250-lm,engine,clutch,single-plate
https://www.ferrari.com/en-EN/auto/250-lm,chassis,frame,tubular steel
https://www.ferrari.com/en-EN/auto/250-lm,chassis,front_suspension,"independent, unequal-length wishbones, coil springs, telescopic shock absorbers, anti-roll bar"
https://www.ferrari.com/en-EN/auto/250-lm,chassis,rear_suspension,"independent, unequal-length wishbones, coil springs, telescopic shock absorbers, anti-roll bar"
https://www.ferrari.com/en-EN/auto/250-lm,chassis,brakes,discs
https://www.ferrari.com/en-EN/auto/250-lm,chassis,transmission,5-speed + reverse
https://www.ferrari.com/en-EN/auto/250-lm,chassis,steering,rack-and-pinion
https://www.ferrari.com/en-EN/auto/250-lm,chassis,fuel_tank,capacity 130litres
https://www.ferrari.com/en-EN/auto/250-lm,chassis,front_tyres,5.50 x 15
https://www.ferrari.com/en-EN/auto/250-lm,chassis,rear_tyres,7.00 x 15
https://www.ferrari.com/en-EN/auto/250-lm,bodywork,type_2,two-seater berlinetta
https://www.ferrari.com/en-EN/auto/250-lm,bodywork,length,4090mm
https://www.ferrari.com/en-EN/auto/250-lm,bodywork,width,1700mm
https://www.ferrari.com/en-EN/auto/250-lm,bodywork,height,1115mm
https://www.ferrari.com/en-EN/auto/250-lm,bodywork,wheelbase,2400mm
https://www.ferrari.com/en-EN/auto/250-lm,bodywork,front_track,1350mm
https://www.ferrari.com/en-EN/auto/250-lm,bodywork,rear_track,1340mm
https://www.ferrari.com/en-EN/auto/250-lm,bodywork,weight,820kg (dry)
https://www.ferrari.com/en-EN/auto/250-lm,performance,top_speed,287km/h
https://www.ferrari.com/en-EN/auto/250-p,engine,type,"rear, longitudinal 60° V12"
https://www.ferrari.com/en-EN/auto/250-p,engine,bore_stroke,73 x 58.8mm
https://www.ferrari.com/en-EN/auto/250-p,engine,unitary_displacement,246.10cc
https://www.ferrari.com/en-EN/auto/250-p,engine,total_displacement,2953.21cc
https://www.ferrari.com/en-EN/auto/250-p,engine,compression_ratio,9.5 : 1
https://www.ferrari.com/en-EN/auto/250-p,engine,maximum_power,228 kW (310 hp) at 7500 rpm
https://www.ferrari.com/en-EN/auto/250-p,engine,power_per_litre,105hp/l
https://www.ferrari.com/en-EN/auto/250-p,engine,valve_actuation,"single overhead camshaft per bank, two valves per cylinder"
https://www.ferrari.com/en-EN/auto/250-p,engine,fuel_feed,six Weber 38 DCN carburettors
https://www.ferrari.com/en-EN/auto/250-p,engine,ignition,"single spark plug per cylinder, two coils"
https://www.ferrari.com/en-EN/auto/250-p,engine,lubrication,dry sump
https://www.ferrari.com/en-EN/auto/250-p,engine,clutch,multi-plate
https://www.ferrari.com/en-EN/auto/250-p,chassis,frame,tubular steel
https://www.ferrari.com/en-EN/auto/250-p,chassis,front_suspension,"independent, unequal-length wishbones, coil springs, telescopic shock absorbers, anti-roll bar"
https://www.ferrari.com/en-EN/auto/250-p,chassis,rear_suspension,"independent, unequal-length wishbones, coil springs, telescopic shock absorbers, anti-roll bar"
https://www.ferrari.com/en-EN/auto/250-p,chassis,brakes,discs
https://www.ferrari.com/en-EN/auto/250-p,chassis,transmission,5-speed + reverse
https://www.ferrari.com/en-EN/auto/250-p,chassis,steering,rack-and-pinion
https://www.ferrari.com/en-EN/auto/250-p,chassis,fuel_tank,capacity 130litres
https://www.ferrari.com/en-EN/auto/250-p,chassis,front_tyres,5.50 x 15
https://www.ferrari.com/en-EN/auto/250-p,chassis,rear_tyres,7.00 x 15
https://www.ferrari.com/en-EN/auto/250-p,bodywork,type_2,two-seater spider
https://www.ferrari.com/en-EN/auto/250-p,bodywork,length,4015mm
https://www.ferrari.com/en-EN/auto/250-p,bodywork,width,1670mm
https://www.ferrari.com/en-EN/auto/250-p,bodywork,height,1080mm
https://www.ferrari.com/en-EN/auto/250-p,bodywork,wheelbase,2400mm
https://www.ferrari.com/en-EN/auto/250-p,bodywork,front_track,1350mm
https://www.ferrari.com/en-EN/auto/250-p,bodywork,rear_track,1340mm
https://www.ferrari.com/en-EN/auto/250-p,bodywork,weight,760kg (dry)
https://www.ferrari.com/en-EN/auto/250-p,performance,top_speed,290km/h
https://www.ferrari.com/en-EN/auto/330-p,engine,type,"rear, longitudinal 60° V12"
https://www.ferrari.com/en-EN/auto/330-p,engine,bore_stroke,77 x 71mm
https://www.ferrari.com/en-EN/auto/330-p,engine,unitary_displacement,330.62cc
https://www.ferrari.com/en-EN/auto/330-p,engine,total_displacement,3967.44cc
https://www.ferrari.com/en-EN/auto/330-p,engine,compression_ratio,9.8 : 1
https://www.ferrari.com/en-EN/auto/330-p,engine,maximum_power,272 kW (370 hp) at 7200 rpm
https://www.ferrari.com/en-EN/auto/330-p,engine,power_per_litre,93hp/l
https://www.ferrari.com/en-EN/auto/330-p,engine,valve_actuation,"single overhead camshaft per bank, two valves per cylinder"
https://www.ferrari.com/en-EN/auto/330-p,engine,fuel_feed,six Weber 38 DCN carburettors
https://www.ferrari.com/en-EN/auto/330-p,engine,ignition,"single spark plug per cylinder, two coils"
https://www.ferrari.com/en-EN/auto/330-p,engine,lubrication,dry sump
https://www.ferrari.com/en-EN/auto/330-p,engine,clutch,multi-plate
https://www.ferrari.com/en-EN/auto/330-p,chassis,frame,tubular steel
https://www.ferrari.com/en-EN/auto/330-p,chassis,front_suspension,"independent, unequal-length wishbones, coil springs, telescopic shock absorbers, anti-roll bar"
https://www.ferrari.com/en-EN/auto/330-p,chassis,rear_suspension,"independent, unequal-length wishbones, coil springs, telescopic shock absorbers, anti-roll bar"
https://www.ferrari.com/en-EN/auto/330-p,chassis,brakes,discs
https://www.ferrari.com/en-EN/auto/330-p,chassis,transmission,5-speed + reverse
https://www.ferrari.com/en-EN/auto/330-p,chassis,steering,rack-and-pinion
https://www.ferrari.com/en-EN/auto/330-p,chassis,fuel_tank,capacity 130litres
https://www.ferrari.com/en-EN/auto/330-p,chassis,front_tyres,6.00 x 15
https://www.ferrari.com/en-EN/auto/330-p,chassis,rear_tyres,7.25 x 15
https://www.ferrari.com/en-EN/auto/330-p,bodywork,type_2,two-seater spider
https://www.ferrari.com/en-EN/auto/330-p,bodywork,length,4160mm
https://www.ferrari.com/en-EN/auto/330-p,bodywork,width,1675mm
https://www.ferrari.com/en-EN/auto/330-p,bodywork,height,1055mm
https://www.ferrari.com/en-EN/auto/330-p,bodywork,wheelbase,2400mm
https://www.ferrari.com/en-EN/auto/330-p,bodywork,front_track,1350mm
https://www.ferrari.com/en-EN/auto/330-p,bodywork,rear_track,1340mm
https://www.ferrari.com/en-EN/auto/330-p,bodywork,weight,785kg (dry)
https://www.ferrari.com/en-EN/auto/275-gtb,engine,type,"front, longitudinal 60° V12"
https://www.ferrari.com/en-EN/auto/275-gtb,engine,bore_stroke,77 x 58.8mm
https://www.ferrari.com/en-EN/auto/275-gtb,engine,unitary_displacement,273.81cc
https://www.ferrari.com/en-EN/auto/275-gtb,engine,total_displacement,3285.72cc
https://www.ferrari.com/en-EN/auto/275-gtb,engine,compression_ratio,9.2 : 1
https://www.ferrari.com/en-EN/auto/275-gtb,engine,maximum_power,206 kW (280 hp) at 7600 rpm
https://www.ferrari.com/en-EN/auto/275-gtb,engine,power_per_litre,85hp/l
https://www.ferrari.com/en-EN/auto/275-gtb,engine,valve_actuation,"single overhead camshaft per bank, two valves per cylinder"
https://www.ferrari.com/en-EN/auto/275-gtb,engine,fuel_feed,three or six 40 Weber DCN/3 carburettors
https://www.ferrari.com/en-EN/auto/275-gtb,engine,ignition,"single spark plug per cylinder, two coils"
https://www.ferrari.com/en-EN/auto/275-gtb,engine,lubrication,wet sump
https://www.ferrari.com/en-EN/auto/275-gtb,engine,clutch,single-plate
https://www.ferrari.com/en-EN/auto/275-gtb,chassis,frame,tubular steel
https://www.ferrari.com/en-EN/auto/275-gtb,chassis,front_suspension,"independent, unequal-length wishbones, coil springs over telescopic shock absorbers, anti-roll bar"
https://www.ferrari.com/en-EN/auto/275-gtb,chassis,rear_suspension,"independent, unequal-length wishbones, coil springs over telescopic shock absorbers, anti-roll bar"
https://www.ferrari.com/en-EN/auto/275-gtb,chassis,brakes,discs
https://www.ferrari.com/en-EN/auto/275-gtb,chassis,transmission,5-speed + reverse
https://www.ferrari.com/en-EN/auto/275-gtb,chassis,steering,worm and roller
https://www.ferrari.com/en-EN/auto/275-gtb,chassis,fuel_tank,capacity 94litres
https://www.ferrari.com/en-EN/auto/275-gtb,chassis,front_tyres,195 or 205 x 14
https://www.ferrari.com/en-EN/auto/275-gtb,chassis,rear_tyres,195 or 205 x 14
https://www.ferrari.com/en-EN/auto/275-gtb,bodywork,type_2,two-seater berlinetta
https://www.ferrari.com/en-EN/auto/275-gtb,bodywork,length,4325mm
https://www.ferrari.com/en-EN/auto/275-gtb,bodywork,width,1725mm
https://www.ferrari.com/en-EN/auto/275-gtb,bodywork,height,1245mm
https://www.ferrari.com/en-EN/auto/275-gtb,bodywork,wheelbase,2400mm
https://www.ferrari.com/en-EN/auto/275-gtb,bodywork,front_track,1377mm
https://www.ferrari.com/en-EN/auto/275-gtb,bodywork,rear_track,1393mm
https://www.ferrari.com/en-EN/auto/275-gtb,bodywork,weight,1100kg (dry)
https://www.ferrari.com/en-EN/auto/275-gtb,performance,top_speed,258km/h
https://www.ferrari.com/en-EN/auto/275-gts,engine,type,"front, longitudinal 60° V12"
https://www.ferrari.com/en-EN/auto/275-gts,engine,bore_stroke,77 x 58.8mm
https://www.ferrari.com/en-EN/auto/275-gts,engine,unitary_displacement,273.81cc
https://www.ferrari.com/en-EN/auto/275-gts,engine,total_displacement,3285.72cc
https://www.ferrari.com/en-EN/auto/275-gts,engine,compression_ratio,9.2 : 1
https://www.ferrari.com/en-EN/auto/275-gts,engine,maximum_power,191 kW (260 hp) at 7000 rpm
https://www.ferrari.com/en-EN/auto/275-gts,engine,power_per_litre,79hp/l
https://www.ferrari.com/en-EN/auto/275-gts,engine,valve_actuation,"single overhead camshaft per bank, two valves per cylinder"
https://www.ferrari.com/en-EN/auto/275-gts,engine,fuel_feed,three Weber 40 DCZ/6 or 40 DFI/1 carburettors
https://www.ferrari.com/en-EN/auto/275-gts,engine,ignition,"single spark plug per cylinder, two coils"
https://www.ferrari.com/en-EN/auto/275-gts,engine,lubrication,wet sump
https://www.ferrari.com/en-EN/auto/275-gts,engine,clutch,single-plate
https://www.ferrari.com/en-EN/auto/275-gts,chassis,frame,tubular steel
https://www.ferrari.com/en-EN/auto/275-gts,chassis,front_suspension,"independent, unequal-length wishbones, coil springs over telescopic shock absorbers, anti-roll bar"
https://www.ferrari.com/en-EN/auto/275-gts,chassis,rear_suspension,"independent, unequal-length wishbones, coil springs over telescopic shock absorbers, anti-roll bar"
https://www.ferrari.com/en-EN/auto/275-gts,chassis,brakes,discs
https://www.ferrari.com/en-EN/auto/275-gts,chassis,transmission,5-speed + reverse
https://www.ferrari.com/en-EN/auto/275-gts,chassis,steering,worm and roller
https://www.ferrari.com/en-EN/auto/275-gts,chassis,fuel_tank,capacity 84litres
https://www.ferrari.com/en-EN/auto/275-gts,chassis,front_tyres,195 or 205 x 14
https://www.ferrari.com/en-EN/auto/275-gts,chassis,rear_tyres,195 or 205 x 14
https://www.ferrari.com/en-EN/auto/275-gts,bodywork,type_2,two-seater spider
https://www.ferrari.com/en-EN/auto/275-gts,bodywork,length,4350mm
https://www.ferrari.com/en-EN/auto/275-gts,bodywork,width,1675mm
https://www.ferrari.com/en-EN/auto/275-gts,bodywork,height,1250mm
https://www.ferrari.com/en-EN/auto/275-gts,bodywork,wheelbase,2400mm
https://www.ferrari.com/en-EN/auto/275-gts,bodywork,front_track,1377mm
https://www.ferrari.com/en-EN/auto/275-gts,bodywork,rear_track,1393mm
https://www.ferrari.com/en-EN/auto/275-gts,bodywork,weight,1120kg (dry)
https://www.ferrari.com/en-EN/auto/275-gts,performance,top_speed,242km/h
https://www.ferrari.com/en-EN/auto/275-p,engine,type,"rear, longitudinal 60° V12"
https://www.ferrari.com/en-EN/auto/275-p,engine,bore_stroke,77 x 58.8mm
https://www.ferrari.com/en-EN/auto/275-p,engine,unitary_displacement,273.81cc
https://www.ferrari.com/en-EN/auto/275-p,engine,total_displacement,3285.72cc
https://www.ferrari.com/en-EN/auto/275-p,engine,compression_ratio,9.7 : 1
https://www.ferrari.com/en-EN/auto/275-p,engine,maximum_power,235 kW (320 hp) at 7700 rpm
https://www.ferrari.com/en-EN/auto/275-p,engine,power_per_litre,97hp/l
https://www.ferrari.com/en-EN/auto/275-p,engine,valve_actuation,"single overhead camshaft per bank, two valves per cylinder"
https://www.ferrari.com/en-EN/auto/275-p,engine,fuel_feed,six Weber 38 DCN carburettors
https://www.ferrari.com/en-EN/auto/275-p,engine,ignition,"single spark plug per cylinder, two coils"
https://www.ferrari.com/en-EN/auto/275-p,engine,lubrication,dry sump
https://www.ferrari.com/en-EN/auto/275-p,engine,clutch,multi-plate
https://www.ferrari.com/en-EN/auto/275-p,chassis,frame,tubular steel
https://www.ferrari.com/en-EN/auto/275-p,chassis,front_suspension,"independent, unequal-length wishbones, coil springs, telescopic shock absorbers, anti-roll bar"
https://www.ferrari.com/en-EN/auto/275-p,chassis,rear_suspension,"independent, unequal-length wishbones, coil springs, telescopic shock absorbers, anti-roll bar"
https://www.ferrari.com/en-EN/auto/275-p,chassis,brakes,discs
https://www.ferrari.com/en-EN/auto/275-p,chassis,transmission,5-speed + reverse
https://www.ferrari.com/en-EN/auto/275-p,chassis,steering,rack-and-pinion
https://www.ferrari.com/en-EN/auto/275-p,chassis,fuel_tank,capacity 130litres
https://www.ferrari.com/en-EN/auto/275-p,chassis,front_tyres,5.50 x 15
https://www.ferrari.com/en-EN/auto/275-p,chassis,rear_tyres,7.00 x 15
https://www.ferrari.com/en-EN/auto/275-p,bodywork,type_2,two-seater spider
https://www.ferrari.com/en-EN/auto/275-p,bodywork,length,4160mm
https://www.ferrari.com/en-EN/auto/275-p,bodywork,width,1675mm
https://www.ferrari.com/en-EN/auto/275-p,bodywork,height,1055mm
https://www.ferrari.com/en-EN/auto/275-p,bodywork,wheelbase,2400mm
https://www.ferrari.com/en-EN/auto/275-p,bodywork,front_track,1350mm
https://www.ferrari.com/en-EN/auto/275-p,bodywork,rear_track,1340mm
https://www.ferrari.com/en-EN/auto/275-p,bodywork,weight,755kg (dry)
https://www.ferrari.com/en-EN/auto/330-gt-2-2,engine,type,"front, longitudinal 60° V12"
https://www.ferrari.com/en-EN/auto/330-gt-2-2,engine,bore_stroke,77 x 71mm
https://www.ferrari.com/en-EN/auto/330-gt-2-2,engine,unitary_displacement,330.62cc
https://www.ferrari.com/en-EN/auto/330-gt-2-2,engine,total_displacement,3967.44cc
https://www.ferrari.com/en-EN/auto/330-gt-2-2,engine,compression_ratio,8.8 : 1
https://www.ferrari.com/en-EN/auto/330-gt-2-2,engine,maximum_power,221 kW (300 hp) at 6600 rpm
https://www.ferrari.com/en-EN/auto/330-gt-2-2,engine,power_per_litre,76hp/l
https://www.ferrari.com/en-EN/auto/330-gt-2-2,engine,valve_actuation,"single overhead camshaft per bank, two valves per cylinder"
https://www.ferrari.com/en-EN/auto/330-gt-2-2,engine,fuel_feed,three Weber 40 DCZ/6 carburettors
https://www.ferrari.com/en-EN/auto/330-gt-2-2,engine,ignition,"single spark plug per cylinder, two coils"
https://www.ferrari.com/en-EN/auto/330-gt-2-2,engine,lubrication,wet sump
https://www.ferrari.com/en-EN/auto/330-gt-2-2,engine,clutch,single-plate
https://www.ferrari.com/en-EN/auto/330-gt-2-2,chassis,frame,tubular steel
https://www.ferrari.com/en-EN/auto/330-gt-2-2,chassis,front_suspension,"independent, unequal-length wishbones, coil springs, telescopic shock absorbers, anti-roll bar"
https://www.ferrari.com/en-EN/auto/330-gt-2-2,chassis,rear_suspension,"live axle, twin radius arms, semi-elliptic springs, coil springs over telescopic shock absorbers"
https://www.ferrari.com/en-EN/auto/330-gt-2-2,chassis,brakes,discs
https://www.ferrari.com/en-EN/auto/330-gt-2-2,chassis,transmission,4-speed + overdrive + reverse
https://www.ferrari.com/en-EN/auto/330-gt-2-2,chassis,steering,worm and sector
https://www.ferrari.com/en-EN/auto/330-gt-2-2,chassis,fuel_tank,capacity 90litres
https://www.ferrari.com/en-EN/auto/330-gt-2-2,chassis,front_tyres,205 x 15
https://www.ferrari.com/en-EN/auto/330-gt-2-2,chassis,rear_tyres,205 x 15
https://www.ferrari.com/en-EN/auto/330-gt-2-2,bodywork,type_2,2+2 coupé
https://www.ferrari.com/en-EN/auto/330-gt-2-2,bodywork,length,4840mm
https://www.ferrari.com/en-EN/auto/330-gt-2-2,bodywork,width,1715mm
https://www.ferrari.com/en-EN/auto/330-gt-2-2,bodywork,height,1360mm
https://www.ferrari.com/en-EN/auto/330-gt-2-2,bodywork,wheelbase,2650mm
https://www.ferrari.com/en-EN/auto/330-gt-2-2,bodywork,front_track,1397mm
https://www.ferrari.com/en-EN/auto/330-gt-2-2,bodywork,rear_track,1389mm
https://www.ferrari.com/en-EN/auto/330-gt-2-2,bodywork,weight,1380kg (dry)
https://www.ferrari.com/en-EN/auto/330-gt-2-2,performance,top_speed,245km/h
https://www.ferrari.com/en-EN/auto/500-superfast,engine,type,"front, longitudinal 60° V12"
https://www.ferrari.com/en-EN/auto/500-superfast,engine,bore_stroke,88 x 68mm
https://www.ferrari.com/en-EN/auto/500-superfast,engine,unitary_displacement,413.58cc
https://www.ferrari.com/en-EN/auto/500-superfast,engine,total_displacement,4962.96cc
https://www.ferrari.com/en-EN/auto/500-superfast,engine,compression_ratio,8.8 : 1
https://www.ferrari.com/en-EN/auto/500-superfast,engine,maximum_power,294 kW (400 hp) at 6500 rpm
https://www.ferrari.com/en-EN/auto/500-superfast,engine,power_per_litre,81hp/l
https://www.ferrari.com/en-EN/auto/500-superfast,engine,valve_actuation,"single overhead camshaft per bank, two valves per cylinder"
https://www.ferrari.com/en-EN/auto/500-superfast,engine,fuel_feed,six Weber 40 DCZ/6 carburettors
https://www.ferrari.com/en-EN/auto/500-superfast,engine,ignition,"single spark plug per cylinder, two coils"
https://www.ferrari.com/en-EN/auto/500-superfast,engine,lubrication,wet sump
https://www.ferrari.com/en-EN/auto/500-superfast,engine,clutch,single-plate
https://www.ferrari.com/en-EN/auto/500-superfast,chassis,frame,tubular steel
https://www.ferrari.com/en-EN/auto/500-superfast,chassis,front_suspension,"independent, unequal-length wishbones, coil springs, telescopic shock absorbers, anti-roll bar"
https://www.ferrari.com/en-EN/auto/500-superfast,chassis,rear_suspension,"live axle, twin radius arms, semi-elliptic springs, coil springs over telescopic shock absorbers"
https://www.ferrari.com/en-EN/auto/500-superfast,chassis,brakes,discs
https://www.ferrari.com/en-EN/auto/500-superfast,chassis,transmission,4-speed + overdrive + reverse
https://www.ferrari.com/en-EN/auto/500-superfast,chassis,steering,worm and sector
https://www.ferrari.com/en-EN/auto/500-superfast,chassis,fuel_tank,capacity 100litres
https://www.ferrari.com/en-EN/auto/500-superfast,chassis,front_tyres,205 x 15
https://www.ferrari.com/en-EN/auto/500-superfast,chassis,rear_tyres,205 x 15
https://www.ferrari.com/en-EN/auto/500-superfast,bodywork,type_2,two-seater coupé
https://www.ferrari.com/en-EN/auto/500-superfast,bodywork,length,4820mm
https://www.ferrari.com/en-EN/auto/500-superfast,bodywork,width,1730mm
https://www.ferrari.com/en-EN/auto/500-superfast,bodywork,height,1280mm
https://www.ferrari.com/en-EN/auto/500-superfast,bodywork,wheelbase,2650mm
https://www.ferrari.com/en-EN/auto/500-superfast,bodywork,front_track,1397mm
https://www.ferrari.com/en-EN/auto/500-superfast,bodywork,rear_track,1389mm
https://www.ferrari.com/en-EN/auto/500-superfast,bodywork,weight,1400kg (dry)
https://www.ferrari.com/en-EN/auto/500-superfast,performance,top_speed,280km/h
https://www.ferrari.com/en-EN/auto/275-gtb-competizione,engine,type,"front, longitudinal 60° V12"
https://www.ferrari.com/en-EN/auto/275-gtb-competizione,engine,bore_stroke,77 x 58.8mm
https://www.ferrari.com/en-EN/auto/275-gtb-competizione,engine,unitary_displacement,273.81cc
https://www.ferrari.com/en-EN/auto/275-gtb-competizione,engine,total_displacement,3285.72cc
https://www.ferrari.com/en-EN/auto/275-gtb-competizione,engine,compression_ratio,9.5 : 1
https://www.ferrari.com/en-EN/auto/275-gtb-competizione,engine,maximum_power,221 kW (300 hp) at 7600 rpm
https://www.ferrari.com/en-EN/auto/275-gtb-competizione,engine,power_per_litre,91hp/l
https://www.ferrari.com/en-EN/auto/275-gtb-competizione,engine,valve_actuation,"single overhead camshafts per bank, two valves per cylinder"
https://www.ferrari.com/en-EN/auto/275-gtb-competizione,engine,fuel_feed,six Weber 40 DCN/2 carburettors
https://www.ferrari.com/en-EN/auto/275-gtb-competizione,engine,ignition,"single spark plug per cylinder, two coils"
https://www.ferrari.com/en-EN/auto/275-gtb-competizione,engine,lubrication,dry sump
https://www.ferrari.com/en-EN/auto/275-gtb-competizione,engine,clutch,single-plate
https://www.ferrari.com/en-EN/auto/275-gtb-competizione,chassis,frame,tubular steel
https://www.ferrari.com/en-EN/auto/275-gtb-competizione,chassis,front_suspension,"independent, unequal-length wishbones, coil springs, telescopic shock absorbers, anti-roll bar"
https://www.ferrari.com/en-EN/auto/275-gtb-competizione,chassis,rear_suspension,"independent, unequal-length wishbones, coil springs, telescopic shock absorbers, anti-roll bar"
https://www.ferrari.com/en-EN/auto/275-gtb-competizione,chassis,brakes,discs
https://www.ferrari.com/en-EN/auto/275-gtb-competizione,chassis,transmission,5-speed + reverse
https://www.ferrari.com/en-EN/auto/275-gtb-competizione,chassis,steering,worm and roller
https://www.ferrari.com/en-EN/auto/275-gtb-competizione,chassis,fuel_tank,capacity 140litres
https://www.ferrari.com/en-EN/auto/275-gtb-competizione,chassis,front_tyres,5.50 or 6.00 x 15
https://www.ferrari.com/en-EN/auto/275-gtb-competizione,chassis,rear_tyres,6.50 or 7.00 x 15
https://www.ferrari.com/en-EN/auto/275-gtb-competizione,bodywork,type_2,two-seater berlinetta
https://www.ferrari.com/en-EN/auto/275-gtb-competizione,bodywork,length,4300mm
https://www.ferrari.com/en-EN/auto/275-gtb-competizione,bodywork,width,1700mm
https://www.ferrari.com/en-EN/auto/275-gtb-competizione,bodywork,height,1160mm
https://www.ferrari.com/en-EN/auto/275-gtb-competizione,bodywork,wheelbase,2400mm
https://www.ferrari.com/en-EN/auto/275-gtb-competizione,bodywork,front_track,1377mm
https://www.ferrari.com/en-EN/auto/275-gtb-competizione,bodywork,rear_track,1426mm
https://www.ferrari.com/en-EN/auto/275-gtb-competizione,bodywork,weight,980kg (dry)
https://www.ferrari.com/en-EN/auto/275-gtb-competizione,performance,top_speed,282km/h
https://www.ferrari.com/en-EN/auto/275-p2,engine,type,"rear, longitudinal 60° V12"
https://www.ferrari.com/en-EN/auto/275-p2,engine,bore_stroke,77 x 58.8mm
https://www.ferrari.com/en-EN/auto/275-p2,engine,unitary_displacement,273.81cc
https://www.ferrari.com/en-EN/auto/275-p2,engine,total_displacement,3285.72cc
https://www.ferrari.com/en-EN/auto/275-p2,engine,compression_ratio,9.9 : 1
https://www.ferrari.com/en-EN/auto/275-p2,engine,maximum_power,257 kW (350 hp) at 8500 rpm
https://www.ferrari.com/en-EN/auto/275-p2,engine,power_per_litre,107hp/l
https://www.ferrari.com/en-EN/auto/275-p2,engine,valve_actuation,"twin overhead camshaft per bank, two valves per cylinder"
https://www.ferrari.com/en-EN/auto/275-p2,engine,fuel_feed,six Weber 40 DCN/2 carburettors
https://www.ferrari.com/en-EN/auto/275-p2,engine,ignition,"single spark plug per cylinder, two coils"
https://www.ferrari.com/en-EN/auto/275-p2,engine,lubrication,dry sump
https://www.ferrari.com/en-EN/auto/275-p2,engine,clutch,multi-plate
https://www.ferrari.com/en-EN/auto/275-p2,chassis,frame,tubular steel
https://www.ferrari.com/en-EN/auto/275-p2,chassis,front_suspension,"independent, unequal-length wishbones, coil springs, telescopic shock absorbers, anti-roll bar"
https://www.ferrari.com/en-EN/auto/275-p2,chassis,rear_suspension,"independent, unequal-length wishbones, coil springs, telescopic shock absorbers, anti-roll bar"
https://www.ferrari.com/en-EN/auto/275-p2,chassis,brakes,discs
https://www.ferrari.com/en-EN/auto/275-p2,chassis,transmission,5-speed + reverse
https://www.ferrari.com/en-EN/auto/275-p2,chassis,steering,rack-and-pinion
https://www.ferrari.com/en-EN/auto/275-p2,chassis,fuel_tank,capacity 140litres
https://www.ferrari.com/en-EN/auto/275-p2,chassis,front_tyres,5.50 x 15
https://www.ferrari.com/en-EN/auto/275-p2,chassis,rear_tyres,6.50 x 15
https://www.ferrari.com/en-EN/auto/275-p2,bodywork,type_2,two-seater spider
https://www.ferrari.com/en-EN/auto/275-p2,bodywork,length,4260mm
https://www.ferrari.com/en-EN/auto/275-p2,bodywork,width,1675mm
https://www.ferrari.com/en-EN/auto/275-p2,bodywork,height,1040mm
https://www.ferrari.com/en-EN/auto/275-p2,bodywork,wheelbase,2400mm
https://www.ferrari.com/en-EN/auto/275-p2,bodywork,front_track,1400mm
https://www.ferrari.com/en-EN/auto/275-p2,bodywork,rear_track,1370mm
https://www.ferrari.com/en-EN/auto/275-p2,bodywork,weight,790kg (dry)
https://www.ferrari.com/en-EN/auto/330-p2,engine,type,"rear, longitudinal 60° V12"
https://www.ferrari.com/en-EN/auto/330-p2,engine,bore_stroke,77 x 71mm
https://www.ferrari.com/en-EN/auto/330-p2,engine,unitary_displacement,330.62cc
https://www.ferrari.com/en-EN/auto/330-p2,engine,total_displacement,3967.44cc
https://www.ferrari.com/en-EN/auto/330-p2,engine,compression_ratio,9.9 : 1
https://www.ferrari.com/en-EN/auto/330-p2,engine,maximum_power,301 kW (410 hp) at 8000 rpm
https://www.ferrari.com/en-EN/auto/330-p2,engine,power_per_litre,103hp/l
https://www.ferrari.com/en-EN/auto/330-p2,engine,valve_actuation,"twin overhead camshafts per bank, two valves per cylinder"
https://www.ferrari.com/en-EN/auto/330-p2,engine,fuel_feed,six Weber 40 DCN/2 carburettors
https://www.ferrari.com/en-EN/auto/330-p2,engine,ignition,"single spark plug per cylinder, two coils"
https://www.ferrari.com/en-EN/auto/330-p2,engine,lubrication,dry sump
https://www.ferrari.com/en-EN/auto/330-p2,engine,clutch,multi-plate
https://www.ferrari.com/en-EN/auto/330-p2,chassis,frame,tubular steel
https://www.ferrari.com/en-EN/auto/330-p2,chassis,front_suspension,"independent, unequal-length wishbones, coil springs, telescopic shock absorbers, anti-roll bar"
https://www.ferrari.com/en-EN/auto/330-p2,chassis,rear_suspension,"independent, unequal-length wishbones, coil springs, telescopic shock absorbers, anti-roll bar"
https://www.ferrari.com/en-EN/auto/330-p2,chassis,brakes,discs
https://www.ferrari.com/en-EN/auto/330-p2,chassis,transmission,5-speed + reverse
https://www.ferrari.com/en-EN/auto/330-p2,chassis,steering,rack-and-pinion
https://www.ferrari.com/en-EN/auto/330-p2,chassis,fuel_tank,capacity 140litres
https://www.ferrari.com/en-EN/auto/330-p2,chassis,front_tyres,5.50 x 15
https://www.ferrari.com/en-EN/auto/330-p2,chassis,rear_tyres,6.50 x 15
https://www.ferrari.com/en-EN/auto/330-p2,bodywork,type_2,two-seater spider
https://www.ferrari.com/en-EN/auto/330-p2,bodywork,length,4260mm
https://www.ferrari.com/en-EN/auto/330-p2,bodywork,width,1675mm
https://www.ferrari.com/en-EN/auto/330-p2,bodywork,height,1040mm
https://www.ferrari.com/en-EN/auto/330-p2,bodywork,wheelbase,2400mm
https://www.ferrari.com/en-EN/auto/330-p2,bodywork,front_track,1400mm
https://www.ferrari.com/en-EN/auto/330-p2,bodywork,rear_track,1370mm
https://www.ferrari.com/en-EN/auto/330-p2,bodywork,weight,820kg (dry)
https://www.ferrari.com/en-EN/auto/365-p,engine,type,"rear, longitudinal 60° V12"
https://www.ferrari.com/en-EN/auto/365-p,engine,bore_stroke,81 x 71mm
https://www.ferrari.com/en-EN/auto/365-p,engine,unitary_displacement,365.86cc
https://www.ferrari.com/en-EN/auto/365-p,engine,total_displacement,4390.35cc
https://www.ferrari.com/en-EN/auto/365-p,engine,compression_ratio,9.1 : 1
https://www.ferrari.com/en-EN/auto/365-p,engine,maximum_power,279 kW (380 hp) at 7200 rpm
https://www.ferrari.com/en-EN/auto/365-p,engine,power_per_litre,87hp/l
https://www.ferrari.com/en-EN/auto/365-p,engine,valve_actuation,"single overhead camshaft per bank, two valves per cylinder"
https://www.ferrari.com/en-EN/auto/365-p,engine,fuel_feed,six Weber 38 DCN carburettors
https://www.ferrari.com/en-EN/auto/365-p,engine,ignition,"single spark plug per cylinder, two coils"
https://www.ferrari.com/en-EN/auto/365-p,engine,lubrication,dry sump
https://www.ferrari.com/en-EN/auto/365-p,engine,clutch,multi-plate
https://www.ferrari.com/en-EN/auto/365-p,chassis,frame,tubular steel
https://www.ferrari.com/en-EN/auto/365-p,chassis,front_suspension,"independent, unequal-length wishbones, coil springs, telescopic shock absorbers, anti-roll bar"
https://www.ferrari.com/en-EN/auto/365-p,chassis,rear_suspension,"independent, unequal-length wishbones, coil springs, telescopic shock absorbers, anti-roll bar"
https://www.ferrari.com/en-EN/auto/365-p,chassis,brakes,discs
https://www.ferrari.com/en-EN/auto/365-p,chassis,transmission,5-speed + reverse
https://www.ferrari.com/en-EN/auto/365-p,chassis,steering,rack-and-pinion
https://www.ferrari.com/en-EN/auto/365-p,chassis,fuel_tank,capacity 140litres
https://www.ferrari.com/en-EN/auto/365-p,chassis,front_tyres,5.50 x 15
https://www.ferrari.com/en-EN/auto/365-p,chassis,rear_tyres,6.50 x 15
https://www.ferrari.com/en-EN/auto/365-p,bodywork,type_2,two-seater spider
https://www.ferrari.com/en-EN/auto/365-p,bodywork,length,4260mm
https://www.ferrari.com/en-EN/auto/365-p,bodywork,width,1675mm
https://www.ferrari.com/en-EN/auto/365-p,bodywork,height,1040mm
https://www.ferrari.com/en-EN/auto/365-p,bodywork,wheelbase,2400mm
https://www.ferrari.com/en-EN/auto/365-p,bodywork,front_track,1400mm
https://www.ferrari.com/en-EN/auto/365-p,bodywork,rear_track,1370mm
https://www.ferrari.com/en-EN/auto/365-p,bodywork,weight,850kg (dry)
https://www.ferrari.com/en-EN/auto/365-p,performance,top_speed,300km/h
https://www.ferrari.com/en-EN/auto/dino-166-p,engine,type,"rear, longitudinal 65° V6"
https://www.ferrari.com/en-EN/auto/dino-166-p,engine,bore_stroke,77 x 57mm
https://www.ferrari.com/en-EN/auto/dino-166-p,engine,unitary_displacement,265.42cc
https://www.ferrari.com/en-EN/auto/dino-166-p,engine,total_displacement,1592.57cc
https://www.ferrari.com/en-EN/auto/dino-166-p,engine,compression_ratio,11.5 : 1
https://www.ferrari.com/en-EN/auto/dino-166-p,engine,maximum_power,129 kW (175 hp) at 9000 rpm
https://www.ferrari.com/en-EN/auto/dino-166-p,engine,power_per_litre,110hp/l
https://www.ferrari.com/en-EN/auto/dino-166-p,engine,valve_actuation,"twin overhead camshafts per bank, two valves per cylinder"
https://www.ferrari.com/en-EN/auto/dino-166-p,engine,fuel_feed,three Weber 40 DCN/2 carburettors
https://www.ferrari.com/en-EN/auto/dino-166-p,engine,ignition,"twin plugs, two coils"
https://www.ferrari.com/en-EN/auto/dino-166-p,engine,lubrication,dry sump
https://www.ferrari.com/en-EN/auto/dino-166-p,engine,clutch,twin-plate
https://www.ferrari.com/en-EN/auto/dino-166-p,chassis,frame,tubular steel
https://www.ferrari.com/en-EN/auto/dino-166-p,chassis,front_suspension,"independent, unequal-length wishbones, coil springs, telescopic shock absorbers, anti-roll bar"
https://www.ferrari.com/en-EN/auto/dino-166-p,chassis,rear_suspension,"independent, unequal-length wishbones, coil springs, telescopic shock absorbers, anti-roll bar"
https://www.ferrari.com/en-EN/auto/dino-166-p,chassis,brakes,discs
https://www.ferrari.com/en-EN/auto/dino-166-p,chassis,transmission,5-speed + reverse
https://www.ferrari.com/en-EN/auto/dino-166-p,chassis,steering,rack-and-pinion
https://www.ferrari.com/en-EN/auto/dino-166-p,chassis,fuel_tank,capacity 100litres
https://www.ferrari.com/en-EN/auto/dino-166-p,chassis,front_tyres,5.50 x 13
https://www.ferrari.com/en-EN/auto/dino-166-p,chassis,rear_tyres,6.50 x 13
https://www.ferrari.com/en-EN/auto/dino-166-p,bodywork,type_2,two-seater berlinetta
https://www.ferrari.com/en-EN/auto/dino-166-p,bodywork,length,3820mm
https://www.ferrari.com/en-EN/auto/dino-166-p,bodywork,width,1570mm
https://www.ferrari.com/en-EN/auto/dino-166-p,bodywork,height,960mm
https://www.ferrari.com/en-EN/auto/dino-166-p,bodywork,wheelbase,2280mm
https://www.ferrari.com/en-EN/auto/dino-166-p,bodywork,front_track,1392mm
https://www.ferrari.com/en-EN/auto/dino-166-p,bodywork,rear_track,1414mm
https://www.ferrari.com/en-EN/auto/dino-166-p,bodywork,weight,586kg (dry)
https://www.ferrari.com/en-EN/auto/dino-206-sp,engine,type,"rear, longitudinal 65° V6"
https://www.ferrari.com/en-EN/auto/dino-206-sp,engine,bore_stroke,86 x 57mm
https://www.ferrari.com/en-EN/auto/dino-206-sp,engine,unitary_displacement,331.10cc
https://www.ferrari.com/en-EN/auto/dino-206-sp,engine,total_displacement,1986.60cc
https://www.ferrari.com/en-EN/auto/dino-206-sp,engine,compression_ratio,11 : 1
https://www.ferrari.com/en-EN/auto/dino-206-sp,engine,maximum_power,160 kW (218 hp) at 9000 rpm
https://www.ferrari.com/en-EN/auto/dino-206-sp,engine,power_per_litre,110hp/l
https://www.ferrari.com/en-EN/auto/dino-206-sp,engine,valve_actuation,"twin overhead camshaft per bank, two valves per cylinder"
https://www.ferrari.com/en-EN/auto/dino-206-sp,engine,fuel_feed,three Weber 40 DCN/2 carburettors
https://www.ferrari.com/en-EN/auto/dino-206-sp,engine,ignition,"twin plugs, two coils"
https://www.ferrari.com/en-EN/auto/dino-206-sp,engine,lubrication,dry sump
https://www.ferrari.com/en-EN/auto/dino-206-sp,engine,clutch,twin-plate
https://www.ferrari.com/en-EN/auto/dino-206-sp,chassis,frame,tubular steel
https://www.ferrari.com/en-EN/auto/dino-206-sp,chassis,front_suspension,"independent, unequal-length wishbones, coil springs, telescopic shock absorbers, anti-roll bar"
https://www.ferrari.com/en-EN/auto/dino-206-sp,chassis,rear_suspension,"independent, unequal-length wishbones, coil springs, telescopic shock absorbers, anti-roll bar"
https://www.ferrari.com/en-EN/auto/dino-206-sp,chassis,brakes,discs
https://www.ferrari.com/en-EN/auto/dino-206-sp,chassis,transmission,5-speed + reverse
https://www.ferrari.com/en-EN/auto/dino-206-sp,chassis,steering,rack-and-pinion
https://www.ferrari.com/en-EN/auto/dino-206-sp,chassis,fuel_tank,capacity 100litres
https://www.ferrari.com/en-EN/auto/dino-206-sp,chassis,front_tyres,5.50 x 13
https://www.ferrari.com/en-EN/auto/dino-206-sp,chassis,rear_tyres,7.00 x 13
https://www.ferrari.com/en-EN/auto/dino-206-sp,bodywork,type_2,"two-seater berlinetta, spider"
https://www.ferrari.com/en-EN/auto/dino-206-sp,bodywork,length,3820mm
https://www.ferrari.com/en-EN/auto/dino-206-sp,bodywork,width,1570mm
https://www.ferrari.com/en-EN/auto/dino-206-sp,bodywork,height,800 mm (spider)
https://www.ferrari.com/en-EN/auto/dino-206-sp,bodywork,wheelbase,2280mm
https://www.ferrari.com/en-EN/auto/dino-206-sp,bodywork,front_track,1392mm
https://www.ferrari.com/en-EN/auto/dino-206-sp,bodywork,rear_track,1414mm
https://www.ferrari.com/en-EN/auto/dino-206-sp,bodywork,weight,"532 kg (dry, spider)"
https://www.ferrari.com/en-EN/auto/275-gtb4,engine,type,"front, longitudinal 60° V12"
https://www.ferrari.com/en-EN/auto/275-gtb4,engine,bore_stroke,77 x 58.8mm
https://www.ferrari.com/en-EN/auto/275-gtb4,engine,unitary_displacement,273.81cc
https://www.ferrari.com/en-EN/auto/275-gtb4,engine,total_displacement,3285.72cc
https://www.ferrari.com/en-EN/auto/275-gtb4,engine,compression_ratio,9.2 : 1
https://www.ferrari.com/en-EN/auto/275-gtb4,engine,maximum_power,221 kW (300 hp) at 8000 rpm
https://www.ferrari.com/en-EN/auto/275-gtb4,engine,power_per_litre,91hp/l
https://www.ferrari.com/en-EN/auto/275-gtb4,engine,valve_actuation,"twin overhead camshafts per bank, two valves per cylinder"
https://www.ferrari.com/en-EN/auto/275-gtb4,engine,fuel_feed,six Weber 40 DCN 9 carburettors
https://www.ferrari.com/en-EN/auto/275-gtb4,engine,ignition,"single spark plug per cylinder, two coils"
https://www.ferrari.com/en-EN/auto/275-gtb4,engine,lubrication,dry sump
https://www.ferrari.com/en-EN/auto/275-gtb4,engine,clutch,single-plate
https://www.ferrari.com/en-EN/auto/275-gtb4,chassis,frame,tubular steel
https://www.ferrari.com/en-EN/auto/275-gtb4,chassis,front_suspension,"independent, unequal-length wishbones, coil springs over telescopic shock absorbers, anti-roll bar"
https://www.ferrari.com/en-EN/auto/275-gtb4,chassis,rear_suspension,"independent, unequal-length wishbones, coil springs over telescopic shock absorbers, anti-roll bar"
https://www.ferrari.com/en-EN/auto/275-gtb4,chassis,brakes,discs
https://www.ferrari.com/en-EN/auto/275-gtb4,chassis,transmission,5-speed + reverse
https://www.ferrari.com/en-EN/auto/275-gtb4,chassis,steering,worm and roller
https://www.ferrari.com/en-EN/auto/275-gtb4,chassis,fuel_tank,capacity 94litres
https://www.ferrari.com/en-EN/auto/275-gtb4,chassis,front_tyres,205 x 14
https://www.ferrari.com/en-EN/auto/275-gtb4,chassis,rear_tyres,205 x 14
https://www.ferrari.com/en-EN/auto/275-gtb4,bodywork,type_2,"two-seater, berlinetta"
https://www.ferrari.com/en-EN/auto/275-gtb4,bodywork,wheelbase,2400mm
https://www.ferrari.com/en-EN/auto/275-gtb4,bodywork,front_track,1401mm
https://www.ferrari.com/en-EN/auto/275-gtb4,bodywork,rear_track,1417mm
https://www.ferrari.com/en-EN/auto/275-gtb4,bodywork,weight,1100kg (dry)
https://www.ferrari.com/en-EN/auto/275-gtb4,performance,top_speed,268km/h
https://www.ferrari.com/en-EN/auto/330-gtc,engine,type,"front, longitudinal 60° V12"
https://www.ferrari.com/en-EN/auto/330-gtc,engine,bore_stroke,77 x 71mm
https://www.ferrari.com/en-EN/auto/330-gtc,engine,unitary_displacement,330.62cc
https://www.ferrari.com/en-EN/auto/330-gtc,engine,total_displacement,3967.44cc
https://www.ferrari.com/en-EN/auto/330-gtc,engine,compression_ratio,8.8 : 1
https://www.ferrari.com/en-EN/auto/330-gtc,engine,maximum_power,221 kW (300 hp) at 7000 rpm
https://www.ferrari.com/en-EN/auto/330-gtc,engine,power_per_litre,76hp/l
https://www.ferrari.com/en-EN/auto/330-gtc,engine,valve_actuation,"single overhead camshaft per bank, two valves per cylinder"
https://www.ferrari.com/en-EN/auto/330-gtc,engine,fuel_feed,three Weber 40 DCZ/6 or 40 DFI/2 carburettors
https://www.ferrari.com/en-EN/auto/330-gtc,engine,ignition,"single spark plug per cylinder, two coils"
https://www.ferrari.com/en-EN/auto/330-gtc,engine,lubrication,wet sump
https://www.ferrari.com/en-EN/auto/330-gtc,engine,clutch,single-plate
https://www.ferrari.com/en-EN/auto/330-gtc,chassis,frame,tubular steel
https://www.ferrari.com/en-EN/auto/330-gtc,chassis,front_suspension,"independent, unequal-length wishbones, coil springs over telescopic shock absorbers, anti-roll bar"
https://www.ferrari.com/en-EN/auto/330-gtc,chassis,rear_suspension,"independent, unequal-length wishbones, coil springs over telescopic shock absorbers, anti-roll bar"
https://www.ferrari.com/en-EN/auto/330-gtc,chassis,brakes,discs
https://www.ferrari.com/en-EN/auto/330-gtc,chassis,transmission,5-speed + reverse
https://www.ferrari.com/en-EN/auto/330-gtc,chassis,steering,worm and roller
https://www.ferrari.com/en-EN/auto/330-gtc,chassis,fuel_tank,capacity 90litres
https://www.ferrari.com/en-EN/auto/330-gtc,chassis,front_tyres,205 x 14
https://www.ferrari.com/en-EN/auto/330-gtc,chassis,rear_tyres,205 x 14
https://www.ferrari.com/en-EN/auto/330-gtc,bodywork,type_2,two-seater coupé
https://www.ferrari.com/en-EN/auto/330-gtc,bodywork,length,4470mm
https://www.ferrari.com/en-EN/auto/330-gtc,bodywork,width,1665mm
https://www.ferrari.com/en-EN/auto/330-gtc,bodywork,height,1282mm
https://www.ferrari.com/en-EN/auto/330-gtc,bodywork,wheelbase,2400mm
https://www.ferrari.com/en-EN/auto/330-gtc,bodywork,front_track,1401mm
https://www.ferrari.com/en-EN/auto/330-gtc,bodywork,rear_track,1417mm
https://www.ferrari.com/en-EN/auto/330-gtc,bodywork,weight,1300kg (dry)
https://www.ferrari.com/en-EN/auto/330-gtc,performance,top_speed,242km/h
https://www.ferrari.com/en-EN/auto/330-gts,engine,type,"front, longitudinal 60° V12"
https://www.ferrari.com/en-EN/auto/330-gts,engine,bore_stroke,77 x 71mm
https://www.ferrari.com/en-EN/auto/330-gts,engine,unitary_displacement,330.62cc
https://www.ferrari.com/en-EN/auto/330-gts,engine,total_displacement,3967.44cc
https://www.ferrari.com/en-EN/auto/330-gts,engine,compression_ratio,8.8 : 1
https://www.ferrari.com/en-EN/auto/330-gts,engine,maximum_power,221 kW (300 hp) at 7000 rpm
https://www.ferrari.com/en-EN/auto/330-gts,engine,power_per_litre,76hp/l
https://www.ferrari.com/en-EN/auto/330-gts,engine,valve_actuation,"single overhead camshaft per bank, two valves per cylinder"
https://www.ferrari.com/en-EN/auto/330-gts,engine,fuel_feed,three Weber 40 DCZ/6 or 40 DFI/2 carburettors
https://www.ferrari.com/en-EN/auto/330-gts,engine,ignition,"single spark plug per cylinder, two coils"
https://www.ferrari.com/en-EN/auto/330-gts,engine,lubrication,wet sump
https://www.ferrari.com/en-EN/auto/330-gts,engine,clutch,single-plate
https://www.ferrari.com/en-EN/auto/330-gts,chassis,frame,tubular steel
https://www.ferrari.com/en-EN/auto/330-gts,chassis,front_suspension,"independent, unequal-length wishbones, coil springs over telescopic shock absorbers, anti-roll bar"
https://www.ferrari.com/en-EN/auto/330-gts,chassis,rear_suspension,"independent, unequal-length wishbones, coil springs over telescopic shock absorbers, anti-roll bar"
https://www.ferrari.com/en-EN/auto/330-gts,chassis,brakes,discs
https://www.ferrari.com/en-EN/auto/330-gts,chassis,transmission,5-speed + reverse
https://www.ferrari.com/en-EN/auto/330-gts,chassis,steering,worm and roller
https://www.ferrari.com/en-EN/auto/330-gts,chassis,fuel_tank,capacity 90litres
https://www.ferrari.com/en-EN/auto/330-gts,chassis,front_tyres,205 x 14
https://www.ferrari.com/en-EN/auto/330-gts,chassis,rear_tyres,205 x 14
https://www.ferrari.com/en-EN/auto/330-gts,bodywork,type_2,two-seater spider
https://www.ferrari.com/en-EN/auto/330-gts,bodywork,length,4430mm
https://www.ferrari.com/en-EN/auto/330-gts,bodywork,width,1675mm
https://www.ferrari.com/en-EN/auto/330-gts,bodywork,height,1250mm
https://www.ferrari.com/en-EN/auto/330-gts,bodywork,wheelbase,2400mm
https://www.ferrari.com/en-EN/auto/330-gts,bodywork,front_track,1401mm
https://www.ferrari.com/en-EN/auto/330-gts,bodywork,rear_track,1417mm
https://www.ferrari.com/en-EN/auto/330-gts,bodywork,weight,1200kg (dry)
https://www.ferrari.com/en-EN/auto/330-gts,performance,top_speed,242km/h
https://www.ferrari.com/en-EN/auto/330-p3,engine,type,"rear, longitudinal 60° V12"
https://www.ferrari.com/en-EN/auto/330-p3,engine,bore_stroke,77 x 71mm
https://www.ferrari.com/en-EN/auto/330-p3,engine,unitary_displacement,330.62cc
https://www.ferrari.com/en-EN/auto/330-p3,engine,total_displacement,3967.44cc
https://www.ferrari.com/en-EN/auto/330-p3,engine,compression_ratio,10.5 : 1
https://www.ferrari.com/en-EN/auto/330-p3,engine,maximum_power,309 kW (420 hp) at 8000 rpm
https://www.ferrari.com/en-EN/auto/330-p3,engine,power_per_litre,106hp/l
https://www.ferrari.com/en-EN/auto/330-p3,engine,valve_actuation,"twin overhead camshaft per bank, two valves per cylinder"
https://www.ferrari.com/en-EN/auto/330-p3,engine,fuel_feed,Lucas indirect injection
https://www.ferrari.com/en-EN/auto/330-p3,engine,ignition,"twin spark plugs per cylinder, two coils"
https://www.ferrari.com/en-EN/auto/330-p3,engine,lubrication,dry sump
https://www.ferrari.com/en-EN/auto/330-p3,engine,clutch,multi-plate
https://www.ferrari.com/en-EN/auto/330-p3,chassis,frame,tubular steel
https://www.ferrari.com/en-EN/auto/330-p3,chassis,front_suspension,"independent, unequal-length wishbones, coil springs, telescopic shock absorbers, anti-roll bar"
https://www.ferrari.com/en-EN/auto/330-p3,chassis,rear_suspension,"independent, unequal-length wishbones, coil springs, telescopic shock absorbers, anti-roll bar"
https://www.ferrari.com/en-EN/auto/330-p3,chassis,brakes,discs
https://www.ferrari.com/en-EN/auto/330-p3,chassis,transmission,5-speed + reverse
https://www.ferrari.com/en-EN/auto/330-p3,chassis,steering,rack-and-pinion
https://www.ferrari.com/en-EN/auto/330-p3,chassis,fuel_tank,capacity 114litres
https://www.ferrari.com/en-EN/auto/330-p3,chassis,front_tyres,5.50 x 15
https://www.ferrari.com/en-EN/auto/330-p3,chassis,rear_tyres,7.00 x 15
https://www.ferrari.com/en-EN/auto/330-p3,bodywork,type_2,"two-seater spider, berlinetta"
https://www.ferrari.com/en-EN/auto/330-p3,bodywork,length,4170mm
https://www.ferrari.com/en-EN/auto/330-p3,bodywork,width,1780mm
https://www.ferrari.com/en-EN/auto/330-p3,bodywork,height,950mm
https://www.ferrari.com/en-EN/auto/330-p3,bodywork,wheelbase,2400mm
https://www.ferrari.com/en-EN/auto/330-p3,bodywork,front_track,1462mm
https://www.ferrari.com/en-EN/auto/330-p3,bodywork,rear_track,1431mm
https://www.ferrari.com/en-EN/auto/330-p3,bodywork,weight,851kg (dry)
https://www.ferrari.com/en-EN/auto/330-p3,performance,top_speed,310km/h
https://www.ferrari.com/en-EN/auto/365-california,engine,type,"front, longitudinal 60° V12"
https://www.ferrari.com/en-EN/auto/365-california,engine,bore_stroke,81 x 71mm
https://www.ferrari.com/en-EN/auto/365-california,engine,unitary_displacement,365.86cc
https://www.ferrari.com/en-EN/auto/365-california,engine,total_displacement,4390.35cc
https://www.ferrari.com/en-EN/auto/365-california,engine,compression_ratio,8.8 : 1
https://www.ferrari.com/en-EN/auto/365-california,engine,maximum_power,235 kW (320 hp) at 6600 rpm
https://www.ferrari.com/en-EN/auto/365-california,engine,power_per_litre,73hp/l
https://www.ferrari.com/en-EN/auto/365-california,engine,valve_actuation,"single overhead camshaft per bank, two valves per cylinder"
https://www.ferrari.com/en-EN/auto/365-california,engine,fuel_feed,three twin-choke Weber 40 DFI/5 carburettors
https://www.ferrari.com/en-EN/auto/365-california,engine,ignition,"single spark plug per cylinder, two coils"
https://www.ferrari.com/en-EN/auto/365-california,engine,lubrication,wet sump
https://www.ferrari.com/en-EN/auto/365-california,engine,clutch,single-plate
https://www.ferrari.com/en-EN/auto/365-california,chassis,frame,tubular steel
https://www.ferrari.com/en-EN/auto/365-california,chassis,front_suspension,"independent, unequal-length wishbones, coil springs, telescopic shock absorbers, anti-roll bar"
https://www.ferrari.com/en-EN/auto/365-california,chassis,rear_suspension,"live axle, radius arms, semi-elliptic springs, coil springs over telescopic shock absorbers"
https://www.ferrari.com/en-EN/auto/365-california,chassis,brakes,discs
https://www.ferrari.com/en-EN/auto/365-california,chassis,transmission,5-speed + reverse
https://www.ferrari.com/en-EN/auto/365-california,chassis,steering,servo-assisted recirculating ball
https://www.ferrari.com/en-EN/auto/365-california,chassis,fuel_tank,capacity 100litres
https://www.ferrari.com/en-EN/auto/365-california,chassis,front_tyres,205 x 15
https://www.ferrari.com/en-EN/auto/365-california,chassis,rear_tyres,205 x 15
https://www.ferrari.com/en-EN/auto/365-california,bodywork,type_2,two-seater spider
https://www.ferrari.com/en-EN/auto/365-california,bodywork,length,4900mm
https://www.ferrari.com/en-EN/auto/365-california,bodywork,width,1780mm
https://www.ferrari.com/en-EN/auto/365-california,bodywork,height,1330mm
https://www.ferrari.com/en-EN/auto/365-california,bodywork,wheelbase,2650mm
https://www.ferrari.com/en-EN/auto/365-california,bodywork,front_track,1405mm
https://www.ferrari.com/en-EN/auto/365-california,bodywork,rear_track,1397mm
https://www.ferrari.com/en-EN/auto/365-california,bodywork,weight,1320kg (dry)
https://www.ferrari.com/en-EN/auto/365-california,performance,top_speed,245km/h
https://www.ferrari.com/en-EN/auto/dino-206-s,engine,type,"rear, longitudinal 65° V6"
https://www.ferrari.com/en-EN/auto/dino-206-s,engine,bore_stroke,86 x 57mm
https://www.ferrari.com/en-EN/auto/dino-206-s,engine,unitary_displacement,331.10cc
https://www.ferrari.com/en-EN/auto/dino-206-s,engine,total_displacement,1986.60cc
https://www.ferrari.com/en-EN/auto/dino-206-s,engine,compression_ratio,11 : 1
https://www.ferrari.com/en-EN/auto/dino-206-s,engine,maximum_power,162 kW (220 hp) at 9000 rpm
https://www.ferrari.com/en-EN/auto/dino-206-s,engine,power_per_litre,111hp/l
https://www.ferrari.com/en-EN/auto/dino-206-s,engine,valve_actuation,"twin overhead camshaft per bank, two valves per cylinder"
https://www.ferrari.com/en-EN/auto/dino-206-s,engine,fuel_feed,Lucas indirect injection
https://www.ferrari.com/en-EN/auto/dino-206-s,engine,ignition,"single spark plug per cylinder, single coil"
https://www.ferrari.com/en-EN/auto/dino-206-s,engine,lubrication,dry sump
https://www.ferrari.com/en-EN/auto/dino-206-s,engine,clutch,twin-plate
https://www.ferrari.com/en-EN/auto/dino-206-s,chassis,frame,tubular steel
https://www.ferrari.com/en-EN/auto/dino-206-s,chassis,front_suspension,"independent, unequal-length wishbones, coil springs, telescopic shock absorbers, anti-roll bar"
https://www.ferrari.com/en-EN/auto/dino-206-s,chassis,rear_suspension,"independent, unequal-length wishbones, coil springs, telescopic shock absorbers, anti-roll bar"
https://www.ferrari.com/en-EN/auto/dino-206-s,chassis,brakes,discs
https://www.ferrari.com/en-EN/auto/dino-206-s,chassis,transmission,5-speed + reverse
https://www.ferrari.com/en-EN/auto/dino-206-s,chassis,steering,rack-and-pinion
https://www.ferrari.com/en-EN/auto/dino-206-s,chassis,fuel_tank,capacity 100litres
https://www.ferrari.com/en-EN/auto/dino-206-s,chassis,front_tyres,5.50 x 13
https://www.ferrari.com/en-EN/auto/dino-206-s,chassis,rear_tyres,7.00 x 13
https://www.ferrari.com/en-EN/auto/dino-206-s,bodywork,type_2,"two-seater spider, berlinetta"
https://www.ferrari.com/en-EN/auto/dino-206-s,bodywork,length,3875mm
https://www.ferrari.com/en-EN/auto/dino-206-s,bodywork,width,1680mm
https://www.ferrari.com/en-EN/auto/dino-206-s,bodywork,height,985mm
https://www.ferrari.com/en-EN/auto/dino-206-s,bodywork,wheelbase,2280mm
https://www.ferrari.com/en-EN/auto/dino-206-s,bodywork,front_track,1392mm
https://www.ferrari.com/en-EN/auto/dino-206-s,bodywork,rear_track,1414mm
https://www.ferrari.com/en-EN/auto/dino-206-s,bodywork,weight,580kg (dry)
https://www.ferrari.com/en-EN/auto/dino-206-s,performance,top_speed,270km/h
https://www.ferrari.com/en-EN/auto/330-p4,engine,type,"rear, longitudinal 60° V12"
https://www.ferrari.com/en-EN/auto/330-p4,engine,bore_stroke,77 x 71mm
https://www.ferrari.com/en-EN/auto/330-p4,engine,unitary_displacement,330.62cc
https://www.ferrari.com/en-EN/auto/330-p4,engine,total_displacement,3967.44cc
https://www.ferrari.com/en-EN/auto/330-p4,engine,compression_ratio,11 : 1
https://www.ferrari.com/en-EN/auto/330-p4,engine,maximum_power,331 kW (450 hp) at 8000 rpm
https://www.ferrari.com/en-EN/auto/330-p4,engine,power_per_litre,113hp/l
https://www.ferrari.com/en-EN/auto/330-p4,engine,valve_actuation,"twin overhead camshaft per bank, three valves per cylinder"
https://www.ferrari.com/en-EN/auto/330-p4,engine,fuel_feed,Lucas indirect injection
https://www.ferrari.com/en-EN/auto/330-p4,engine,ignition,"twin spark plugs per cylinder, two coils"
https://www.ferrari.com/en-EN/auto/330-p4,engine,lubrication,dry sump
https://www.ferrari.com/en-EN/auto/330-p4,engine,clutch,multi-plate
https://www.ferrari.com/en-EN/auto/330-p4,chassis,frame,tubular steel
https://www.ferrari.com/en-EN/auto/330-p4,chassis,front_suspension,"independent, unequal-length wishbones, coil springs, telescopic shock absorbers, anti-roll bar"
https://www.ferrari.com/en-EN/auto/330-p4,chassis,rear_suspension,"independent, unequal-length wishbones, coil springs, telescopic shock absorbers, anti-roll bar"
https://www.ferrari.com/en-EN/auto/330-p4,chassis,brakes,discs
https://www.ferrari.com/en-EN/auto/330-p4,chassis,transmission,5-speed + reverse
https://www.ferrari.com/en-EN/auto/330-p4,chassis,steering,rack-and-pinion
https://www.ferrari.com/en-EN/auto/330-p4,chassis,fuel_tank,capacity 114litres
https://www.ferrari.com/en-EN/auto/330-p4,chassis,front_tyres,10.15 x 15
https://www.ferrari.com/en-EN/auto/330-p4,chassis,rear_tyres,12.15 x 15
https://www.ferrari.com/en-EN/auto/330-p4,bodywork,type_2,"two-seater spider, berlinetta"
https://www.ferrari.com/en-EN/auto/330-p4,bodywork,length,4185mm
https://www.ferrari.com/en-EN/auto/330-p4,bodywork,width,1810mm
https://www.ferrari.com/en-EN/auto/330-p4,bodywork,height,1000mm
https://www.ferrari.com/en-EN/auto/330-p4,bodywork,wheelbase,2400mm
https://www.ferrari.com/en-EN/auto/330-p4,bodywork,front_track,1488mm
https://www.ferrari.com/en-EN/auto/330-p4,bodywork,rear_track,1450mm
https://www.ferrari.com/en-EN/auto/330-p4,bodywork,weight,792kg (dry)
https://www.ferrari.com/en-EN/auto/330-p4,performance,top_speed,320km/h
https://www.ferrari.com/en-EN/auto/350-can-am,engine,type,"rear, longitudinal 60° V12"
https://www.ferrari.com/en-EN/auto/350-can-am,engine,bore_stroke,79 x 71mm
https://www.ferrari.com/en-EN/auto/350-can-am,engine,unitary_displacement,348.01cc
https://www.ferrari.com/en-EN/auto/350-can-am,engine,total_displacement,4176.22cc
https://www.ferrari.com/en-EN/auto/350-can-am,engine,compression_ratio,11 : 1
https://www.ferrari.com/en-EN/auto/350-can-am,engine,maximum_power,353 kW (480 hp) at 8500 rpm
https://www.ferrari.com/en-EN/auto/350-can-am,engine,power_per_litre,115hp/l
https://www.ferrari.com/en-EN/auto/350-can-am,engine,valve_actuation,Lucas indirect injection
https://www.ferrari.com/en-EN/auto/350-can-am,engine,fuel_feed,"twin overhead camshaft per bank, three valves per cylinder"
https://www.ferrari.com/en-EN/auto/350-can-am,engine,ignition,"twin spark plugs per cylinder, two coils"
https://www.ferrari.com/en-EN/auto/350-can-am,engine,lubrication,dry sump
https://www.ferrari.com/en-EN/auto/350-can-am,engine,clutch,multi-plate
https://www.ferrari.com/en-EN/auto/350-can-am,chassis,frame,tubular steel
https://www.ferrari.com/en-EN/auto/350-can-am,chassis,front_suspension,"independent, unequal-length wishbones, coil springs, telescopic shock absorbers, anti-roll bar"
https://www.ferrari.com/en-EN/auto/350-can-am,chassis,rear_suspension,"independent, unequal-length wishbones, coil springs, telescopic shock absorbers, anti-roll bar"
https://www.ferrari.com/en-EN/auto/350-can-am,chassis,brakes,discs
https://www.ferrari.com/en-EN/auto/350-can-am,chassis,transmission,5-speed + reverse
https://www.ferrari.com/en-EN/auto/350-can-am,chassis,steering,rack-and-pinion
https://www.ferrari.com/en-EN/auto/350-can-am,chassis,front_tyres,475/1030 x 15
https://www.ferrari.com/en-EN/auto/350-can-am,chassis,rear_tyres,600/1230 x 15
https://www.ferrari.com/en-EN/auto/350-can-am,bodywork,type_2,two-seater spider
https://www.ferrari.com/en-EN/auto/350-can-am,bodywork,length,3950mm
https://www.ferrari.com/en-EN/auto/350-can-am,bodywork,width,1995mm
https://www.ferrari.com/en-EN/auto/350-can-am,bodywork,height,940mm
https://www.ferrari.com/en-EN/auto/350-can-am,bodywork,wheelbase,2400mm
https://www.ferrari.com/en-EN/auto/350-can-am,bodywork,front_track,1488mm
https://www.ferrari.com/en-EN/auto/350-can-am,bodywork,rear_track,1450mm
https://www.ferrari.com/en-EN/auto/350-can-am,bodywork,weight,700kg (dry)
https://www.ferrari.com/en-EN/auto/350-can-am,performance,top_speed,315km/h
https://www.ferrari.com/en-EN/auto/365-gt-2-2,engine,type,"front, longitudinal 60° V12"
https://www.ferrari.com/en-EN/auto/365-gt-2-2,engine,bore_stroke,81 x 71mm
https://www.ferrari.com/en-EN/auto/365-gt-2-2,engine,unitary_displacement,365.86cc
https://www.ferrari.com/en-EN/auto/365-gt-2-2,engine,total_displacement,4390.35cc
https://www.ferrari.com/en-EN/auto/365-gt-2-2,engine,compression_ratio,8.8 : 1
https://www.ferrari.com/en-EN/auto/365-gt-2-2,engine,maximum_power,235 kW (320 hp) at 6600 rpm
https://www.ferrari.com/en-EN/auto/365-gt-2-2,engine,power_per_litre,73hp/l
https://www.ferrari.com/en-EN/auto/365-gt-2-2,engine,valve_actuation,"single overhead camshaft per bank, two valves per cylinder"
https://www.ferrari.com/en-EN/auto/365-gt-2-2,engine,fuel_feed,three Weber 40 DFI/5 carburettors
https://www.ferrari.com/en-EN/auto/365-gt-2-2,engine,ignition,"single spark plug per cylinder, two coils"
https://www.ferrari.com/en-EN/auto/365-gt-2-2,engine,lubrication,wet sump
https://www.ferrari.com/en-EN/auto/365-gt-2-2,engine,clutch,single-plate
https://www.ferrari.com/en-EN/auto/365-gt-2-2,chassis,frame,tubular steel
https://www.ferrari.com/en-EN/auto/365-gt-2-2,chassis,front_suspension,"independent, unequal-length wishbones, coil springs, telescopic shock absorbers, anti-roll bar"
https://www.ferrari.com/en-EN/auto/365-gt-2-2,chassis,rear_suspension,"independent, unequal-length wishbones, coil springs over telescopic shock absorbers, self-levelling, anti-roll bar"
https://www.ferrari.com/en-EN/auto/365-gt-2-2,chassis,brakes,discs
https://www.ferrari.com/en-EN/auto/365-gt-2-2,chassis,transmission,5-speed + reverse
https://www.ferrari.com/en-EN/auto/365-gt-2-2,chassis,steering,servo-assisted recirculating ball
https://www.ferrari.com/en-EN/auto/365-gt-2-2,chassis,fuel_tank,capacity 100litres
https://www.ferrari.com/en-EN/auto/365-gt-2-2,chassis,front_tyres,205 x 15
https://www.ferrari.com/en-EN/auto/365-gt-2-2,chassis,rear_tyres,205 x 15
https://www.ferrari.com/en-EN/auto/365-gt-2-2,bodywork,type_2,2+2 coupé
https://www.ferrari.com/en-EN/auto/365-gt-2-2,bodywork,length,4974mm
https://www.ferrari.com/en-EN/auto/365-gt-2-2,bodywork,width,1786mm
https://www.ferrari.com/en-EN/auto/365-gt-2-2,bodywork,height,1345mm
https://www.ferrari.com/en-EN/auto/365-gt-2-2,bodywork,wheelbase,2650mm
https://www.ferrari.com/en-EN/auto/365-gt-2-2,bodywork,front_track,1438mm
https://www.ferrari.com/en-EN/auto/365-gt-2-2,bodywork,rear_track,1468mm
https://www.ferrari.com/en-EN/auto/365-gt-2-2,bodywork,weight,1480kg (dry)
https://www.ferrari.com/en-EN/auto/365-gt-2-2,performance,top_speed,245km/h
https://www.ferrari.com/en-EN/auto/412-p,engine,type,"rear, longitudinal 60° V12"
https://www.ferrari.com/en-EN/auto/412-p,engine,bore_stroke,77 x 71mm
https://www.ferrari.com/en-EN/auto/412-p,engine,unitary_displacement,330.62cc
https://www.ferrari.com/en-EN/auto/412-p,engine,total_displacement,3967.44cc
https://www.ferrari.com/en-EN/auto/412-p,engine,compression_ratio,11 : 1
https://www.ferrari.com/en-EN/auto/412-p,engine,maximum_power,309 kW (420 hp) at 8000 rpm
https://www.ferrari.com/en-EN/auto/412-p,engine,power_per_litre,106hp/l
https://www.ferrari.com/en-EN/auto/412-p,engine,valve_actuation,"twin overhead camshaft per bank, two valves per cylinder"
https://www.ferrari.com/en-EN/auto/412-p,engine,fuel_feed,six Weber 40 DCN/15 carburettors
https://www.ferrari.com/en-EN/auto/412-p,engine,ignition,"twin spark plugs per cylinder, two coils"
https://www.ferrari.com/en-EN/auto/412-p,engine,lubrication,dry sump
https://www.ferrari.com/en-EN/auto/412-p,engine,clutch,multi-plate
https://www.ferrari.com/en-EN/auto/412-p,chassis,frame,tubular steel
https://www.ferrari.com/en-EN/auto/412-p,chassis,front_suspension,"independent, unequal-length wishbones, coil springs, telescopic shock absorbers, anti-roll bar"
https://www.ferrari.com/en-EN/auto/412-p,chassis,rear_suspension,"independent, unequal-length wishbones, coil springs, telescopic shock absorbers, anti-roll bar"
https://www.ferrari.com/en-EN/auto/412-p,chassis,brakes,discs
https://www.ferrari.com/en-EN/auto/412-p,chassis,transmission,5-speed + reverse
https://www.ferrari.com/en-EN/auto/412-p,chassis,steering,rack-and-pinion
https://www.ferrari.com/en-EN/auto/412-p,chassis,front_tyres,5.50 x 15
https://www.ferrari.com/en-EN/auto/412-p,chassis,rear_tyres,7.00 x 15
https://www.ferrari.com/en-EN/auto/412-p,bodywork,type_2,two-seater berlinetta
https://www.ferrari.com/en-EN/auto/412-p,bodywork,length,4170mm
https://www.ferrari.com/en-EN/auto/412-p,bodywork,width,1780mm
https://www.ferrari.com/en-EN/auto/412-p,bodywork,height,985mm
https://www.ferrari.com/en-EN/auto/412-p,bodywork,wheelbase,2400mm
https://www.ferrari.com/en-EN/auto/412-p,bodywork,front_track,1466mm
https://www.ferrari.com/en-EN/auto/412-p,bodywork,rear_track,1484mm
https://www.ferrari.com/en-EN/auto/412-p,bodywork,weight,835kg (dry)
https://www.ferrari.com/en-EN/auto/412-p,performance,top_speed,310km/h
https://www.ferrari.com/en-EN/auto/dino-206-gt,engine,type,"rear, transverse, 65° V6"
https://www.ferrari.com/en-EN/auto/dino-206-gt,engine,bore_stroke,86 x 57mm
https://www.ferrari.com/en-EN/auto/dino-206-gt,engine,unitary_displacement,331.10cc
https://www.ferrari.com/en-EN/auto/dino-206-gt,engine,total_displacement,1986.60cc
https://www.ferrari.com/en-EN/auto/dino-206-gt,engine,compression_ratio,9 : 1
https://www.ferrari.com/en-EN/auto/dino-206-gt,engine,maximum_power,132 kW (180 hp) at 8000 rpm
https://www.ferrari.com/en-EN/auto/dino-206-gt,engine,power_per_litre,91hp/l
https://www.ferrari.com/en-EN/auto/dino-206-gt,engine,valve_actuation,"twin overhead camshaft per bank, two valves per cylinder"
https://www.ferrari.com/en-EN/auto/dino-206-gt,engine,fuel_feed,three Weber 40 DCN F/1 carburettors
https://www.ferrari.com/en-EN/auto/dino-206-gt,engine,ignition,"single spark plug per cylinder, single coil"
https://www.ferrari.com/en-EN/auto/dino-206-gt,engine,lubrication,wet sump
https://www.ferrari.com/en-EN/auto/dino-206-gt,engine,clutch,single-plate
https://www.ferrari.com/en-EN/auto/dino-206-gt,chassis,frame,tubular steel
https://www.ferrari.com/en-EN/auto/dino-206-gt,chassis,front_suspension,"independent, unequal-length wishbones, coil springs, telescopic shock absorbers, anti-roll bar"
https://www.ferrari.com/en-EN/auto/dino-206-gt,chassis,rear_suspension,"independent, unequal-length wishbones, coil springs, telescopic shock absorbers, anti-roll bar"
https://www.ferrari.com/en-EN/auto/dino-206-gt,chassis,brakes,discs
https://www.ferrari.com/en-EN/auto/dino-206-gt,chassis,transmission,5-speed + reverse
https://www.ferrari.com/en-EN/auto/dino-206-gt,chassis,steering,rack-and-pinion
https://www.ferrari.com/en-EN/auto/dino-206-gt,chassis,fuel_tank,capacity 65litres
https://www.ferrari.com/en-EN/auto/dino-206-gt,chassis,front_tyres,185 VR 14
https://www.ferrari.com/en-EN/auto/dino-206-gt,chassis,rear_tyres,185 VR 14
https://www.ferrari.com/en-EN/auto/dino-206-gt,bodywork,type_2,two-seater berlinetta
https://www.ferrari.com/en-EN/auto/dino-206-gt,bodywork,length,4150mm
https://www.ferrari.com/en-EN/auto/dino-206-gt,bodywork,width,1700mm
https://www.ferrari.com/en-EN/auto/dino-206-gt,bodywork,height,1115mm
https://www.ferrari.com/en-EN/auto/dino-206-gt,bodywork,wheelbase,2280mm
https://www.ferrari.com/en-EN/auto/dino-206-gt,bodywork,front_track,1425mm
https://www.ferrari.com/en-EN/auto/dino-206-gt,bodywork,rear_track,1400mm
https://www.ferrari.com/en-EN/auto/dino-206-gt,bodywork,weight,900kg (dry)
https://www.ferrari.com/en-EN/auto/dino-206-gt,performance,top_speed,235km/h
https://www.ferrari.com/en-EN/auto/dino-206-gt,performance,x0_1000_m,27 sec.
https://www.ferrari.com/en-EN/auto/365-gtb4,engine,type,"front, longitudinal 60° V12"
https://www.ferrari.com/en-EN/auto/365-gtb4,engine,bore_stroke,81 x 71mm
https://www.ferrari.com/en-EN/auto/365-gtb4,engine,unitary_displacement,365.86cc
https://www.ferrari.com/en-EN/auto/365-gtb4,engine,total_displacement,4390.35cc
https://www.ferrari.com/en-EN/auto/365-gtb4,engine,compression_ratio,8.8 : 1
https://www.ferrari.com/en-EN/auto/365-gtb4,engine,maximum_power,259 kW (352 hp) at 7500 rpm
https://www.ferrari.com/en-EN/auto/365-gtb4,engine,power_per_litre,80hp/l
https://www.ferrari.com/en-EN/auto/365-gtb4,engine,maximum_torque,431 Nm (44 kgm) at 5500 rpm
https://www.ferrari.com/en-EN/auto/365-gtb4,engine,valve_actuation,"twin overhead camshafts per bank, two valves per cylinder"
https://www.ferrari.com/en-EN/auto/365-gtb4,engine,fuel_feed,six Weber 40 DCN 20 carburettors
https://www.ferrari.com/en-EN/auto/365-gtb4,engine,ignition,"single spark plug per cylinder, two coils"
https://www.ferrari.com/en-EN/auto/365-gtb4,engine,lubrication,dry sump
https://www.ferrari.com/en-EN/auto/365-gtb4,engine,clutch,single-plate
https://www.ferrari.com/en-EN/auto/365-gtb4,chassis,frame,tubular steel
https://www.ferrari.com/en-EN/auto/365-gtb4,chassis,front_suspension,"independent, unequal-length wishbones, coil springs over telescopic shock absorbers, anti-roll bar"
https://www.ferrari.com/en-EN/auto/365-gtb4,chassis,rear_suspension,"independent, unequal-length wishbones, coil springs over telescopic shock absorbers, anti-roll bar"
https://www.ferrari.com/en-EN/auto/365-gtb4,chassis,brakes,discs
https://www.ferrari.com/en-EN/auto/365-gtb4,chassis,transmission,5-speed + reverse
https://www.ferrari.com/en-EN/auto/365-gtb4,chassis,steering,worm and roller
https://www.ferrari.com/en-EN/auto/365-gtb4,chassis,fuel_tank,capacity 128litres
https://www.ferrari.com/en-EN/auto/365-gtb4,chassis,front_tyres,215/70 VR 15
https://www.ferrari.com/en-EN/auto/365-gtb4,chassis,rear_tyres,215/70 VR 15
https://www.ferrari.com/en-EN/auto/365-gtb4,bodywork,type_2,two-seater berlinetta
https://www.ferrari.com/en-EN/auto/365-gtb4,bodywork,length,4425mm
https://www.ferrari.com/en-EN/auto/365-gtb4,bodywork,width,1760mm
https://www.ferrari.com/en-EN/auto/365-gtb4,bodywork,height,1245mm
https://www.ferrari.com/en-EN/auto/365-gtb4,bodywork,wheelbase,2400mm
https://www.ferrari.com/en-EN/auto/365-gtb4,bodywork,front_track,1440mm
https://www.ferrari.com/en-EN/auto/365-gtb4,bodywork,rear_track,1453mm
https://www.ferrari.com/en-EN/auto/365-gtb4,bodywork,weight,1200kg (dry)
https://www.ferrari.com/en-EN/auto/365-gtb4,performance,top_speed,280km/h
https://www.ferrari.com/en-EN/auto/365-gtb4,performance,x0_1000_m,24sec
https://www.ferrari.com/en-EN/auto/365-gtc,engine,type,"front, longitudinal 60° V12"
https://www.ferrari.com/en-EN/auto/365-gtc,engine,bore_stroke,81 x 71mm
https://www.ferrari.com/en-EN/auto/365-gtc,engine,unitary_displacement,365.86cc
https://www.ferrari.com/en-EN/auto/365-gtc,engine,total_displacement,4390.35cc
https://www.ferrari.com/en-EN/auto/365-gtc,engine,compression_ratio,8.8 : 1
https://www.ferrari.com/en-EN/auto/365-gtc,engine,maximum_power,235 kW (320 hp) at 6600 rpm
https://www.ferrari.com/en-EN/auto/365-gtc,engine,power_per_litre,73hp/l
https://www.ferrari.com/en-EN/auto/365-gtc,engine,valve_actuation,"single overhead camshaft per bank, two valves per cylinder"
https://www.ferrari.com/en-EN/auto/365-gtc,engine,fuel_feed,three Weber 40 DFI/5 carburettors
https://www.ferrari.com/en-EN/auto/365-gtc,engine,ignition,"single spark plug per cylinder, two coils"
https://www.ferrari.com/en-EN/auto/365-gtc,engine,lubrication,wet sump
https://www.ferrari.com/en-EN/auto/365-gtc,engine,clutch,single-plate
https://www.ferrari.com/en-EN/auto/365-gtc,chassis,frame,tubular steel
https://www.ferrari.com/en-EN/auto/365-gtc,chassis,front_suspension,"independent, unequal-length wishbones, coil springs over telescopic shock absorbers, anti-roll bar"
https://www.ferrari.com/en-EN/auto/365-gtc,chassis,rear_suspension,"independent, unequal-length wishbones, coil springs over telescopic shock absorbers, anti-roll bar"
https://www.ferrari.com/en-EN/auto/365-gtc,chassis,brakes,discs
https://www.ferrari.com/en-EN/auto/365-gtc,chassis,transmission,5-speed + reverse
https://www.ferrari.com/en-EN/auto/365-gtc,chassis,steering,worm and roller
https://www.ferrari.com/en-EN/auto/365-gtc,chassis,fuel_tank,capacity 90litres
https://www.ferrari.com/en-EN/auto/365-gtc,chassis,front_tyres,205 x 14
https://www.ferrari.com/en-EN/auto/365-gtc,chassis,rear_tyres,205 x 14
https://www.ferrari.com/en-EN/auto/365-gtc,bodywork,type_2,two-seater coupé
https://www.ferrari.com/en-EN/auto/365-gtc,bodywork,length,4470mm
https://www.ferrari.com/en-EN/auto/365-gtc,bodywork,width,1670mm
https://www.ferrari.com/en-EN/auto/365-gtc,bodywork,height,1300mm
https://www.ferrari.com/en-EN/auto/365-gtc,bodywork,wheelbase,2400mm
https://www.ferrari.com/en-EN/auto/365-gtc,bodywork,front_track,1401mm
https://www.ferrari.com/en-EN/auto/365-gtc,bodywork,rear_track,1417mm
https://www.ferrari.com/en-EN/auto/365-gtc,bodywork,weight,1350kg (dry)
https://www.ferrari.com/en-EN/auto/365-gtc,performance,top_speed,250km/h
https://www.ferrari.com/en-EN/auto/612-can-am,engine,type,"rear, longitudinal 60° V12"
https://www.ferrari.com/en-EN/auto/612-can-am,engine,bore_stroke,92 x 78mm
https://www.ferrari.com/en-EN/auto/612-can-am,engine,unitary_displacement,518.51cc
https://www.ferrari.com/en-EN/auto/612-can-am,engine,total_displacement,6222.16cc
https://www.ferrari.com/en-EN/auto/612-can-am,engine,compression_ratio,10.5 : 1
https://www.ferrari.com/en-EN/auto/612-can-am,engine,maximum_power,456 kW (620 hp) at 7000 rpm
https://www.ferrari.com/en-EN/auto/612-can-am,engine,power_per_litre,100hp/l
https://www.ferrari.com/en-EN/auto/612-can-am,engine,valve_actuation,"twin overhead camshaft per bank, four valves per cylinder"
https://www.ferrari.com/en-EN/auto/612-can-am,engine,fuel_feed,Lucas indirect injection
https://www.ferrari.com/en-EN/auto/612-can-am,engine,ignition,"single spark plugs, per cylinder, two coils"
https://www.ferrari.com/en-EN/auto/612-can-am,engine,lubrication,dry sump
https://www.ferrari.com/en-EN/auto/612-can-am,engine,clutch,multi-plate
https://www.ferrari.com/en-EN/auto/612-can-am,chassis,frame,tubular steel with riveted aluminium panels
https://www.ferrari.com/en-EN/auto/612-can-am,chassis,front_suspension,"independent, unequal-length wishbones, coil springs, telescopic shock absorbers, anti-roll bar"
https://www.ferrari.com/en-EN/auto/612-can-am,chassis,rear_suspension,"independent, unequal-length wishbones, coil springs, telescopic shock absorbers, anti-roll bar"
https://www.ferrari.com/en-EN/auto/612-can-am,chassis,brakes,discs
https://www.ferrari.com/en-EN/auto/612-can-am,chassis,transmission,4-speed + reverse
https://www.ferrari.com/en-EN/auto/612-can-am,chassis,steering,rack-and-pinion
https://www.ferrari.com/en-EN/auto/612-can-am,chassis,fuel_tank,capacity 255litres
https://www.ferrari.com/en-EN/auto/612-can-am,chassis,front_tyres,490/1390 x 15
https://www.ferrari.com/en-EN/auto/612-can-am,chassis,rear_tyres,600/1550 x 15
https://www.ferrari.com/en-EN/auto/612-can-am,bodywork,type_2,two-seater spider
https://www.ferrari.com/en-EN/auto/612-can-am,bodywork,length,4200mm
https://www.ferrari.com/en-EN/auto/612-can-am,bodywork,width,2240mm
https://www.ferrari.com/en-EN/auto/612-can-am,bodywork,height,890mm
https://www.ferrari.com/en-EN/auto/612-can-am,bodywork,wheelbase,2450mm
https://www.ferrari.com/en-EN/auto/612-can-am,bodywork,front_track,1603mm
https://www.ferrari.com/en-EN/auto/612-can-am,bodywork,rear_track,1590mm
https://www.ferrari.com/en-EN/auto/612-can-am,bodywork,weight,700kg (dry)
https://www.ferrari.com/en-EN/auto/612-can-am,performance,top_speed,340km/h
https://www.ferrari.com/en-EN/auto/212-e,engine,type,"rear, longitudinal flat-12"
https://www.ferrari.com/en-EN/auto/212-e,engine,bore_stroke,65 x 50mm
https://www.ferrari.com/en-EN/auto/212-e,engine,unitary_displacement,165.91cc
https://www.ferrari.com/en-EN/auto/212-e,engine,total_displacement,1990.98cc
https://www.ferrari.com/en-EN/auto/212-e,engine,compression_ratio,11 : 1
https://www.ferrari.com/en-EN/auto/212-e,engine,maximum_power,221 kW (300 hp) at 11.800 rpm
https://www.ferrari.com/en-EN/auto/212-e,engine,power_per_litre,151hp/l
https://www.ferrari.com/en-EN/auto/212-e,engine,valve_actuation,"twin overhead camshaft per bank, four valves per cylinder"
https://www.ferrari.com/en-EN/auto/212-e,engine,fuel_feed,Lucas indirect injection
https://www.ferrari.com/en-EN/auto/212-e,engine,ignition,"single spark plug per cylinder, single coil"
https://www.ferrari.com/en-EN/auto/212-e,engine,lubrication,dry sump
https://www.ferrari.com/en-EN/auto/212-e,engine,clutch,multi-plate
https://www.ferrari.com/en-EN/auto/212-e,chassis,frame,tubular steel
https://www.ferrari.com/en-EN/auto/212-e,chassis,front_suspension,"independent, unequal-length wishbones, coil springs, telescopic shock absorbers, anti-roll bar"
https://www.ferrari.com/en-EN/auto/212-e,chassis,rear_suspension,"independent, unequal-length wishbones, coil springs, telescopic shock absorbers, anti-roll bar"
https://www.ferrari.com/en-EN/auto/212-e,chassis,brakes,discs
https://www.ferrari.com/en-EN/auto/212-e,chassis,transmission,5-speed + reverse
https://www.ferrari.com/en-EN/auto/212-e,chassis,steering,rack-and-pinion
https://www.ferrari.com/en-EN/auto/212-e,chassis,fuel_tank,capacity 30litres
https://www.ferrari.com/en-EN/auto/212-e,chassis,front_tyres,5.00-10.00-13
https://www.ferrari.com/en-EN/auto/212-e,chassis,rear_tyres,6.00-14.00-13
https://www.ferrari.com/en-EN/auto/212-e,bodywork,type_2,two-seater spider
https://www.ferrari.com/en-EN/auto/212-e,bodywork,length,3800mm
https://www.ferrari.com/en-EN/auto/212-e,bodywork,width,1980mm
https://www.ferrari.com/en-EN/auto/212-e,bodywork,wheelbase,2340mm
https://www.ferrari.com/en-EN/auto/212-e,bodywork,front_track,1377mm
https://www.ferrari.com/en-EN/auto/212-e,bodywork,rear_track,1412mm
https://www.ferrari.com/en-EN/auto/212-e,bodywork,weight,500kg (dry)
https://www.ferrari.com/en-EN/auto/212-e,performance,top_speed,250km/h
https://www.ferrari.com/en-EN/auto/312-p-1969,engine,type,"rear, longitudinal 60° V12"
https://www.ferrari.com/en-EN/auto/312-p-1969,engine,bore_stroke,77 x 53.5mm
https://www.ferrari.com/en-EN/auto/312-p-1969,engine,unitary_displacement,249.12cc
https://www.ferrari.com/en-EN/auto/312-p-1969,engine,total_displacement,2989.56cc
https://www.ferrari.com/en-EN/auto/312-p-1969,engine,compression_ratio,11 : 1
https://www.ferrari.com/en-EN/auto/312-p-1969,engine,maximum_power,309 kW (420 hp) at 9800 rpm
https://www.ferrari.com/en-EN/auto/312-p-1969,engine,power_per_litre,140hp/l
https://www.ferrari.com/en-EN/auto/312-p-1969,engine,valve_actuation,"twin overhead camshafts per bank, four valves per cylinder"
https://www.ferrari.com/en-EN/auto/312-p-1969,engine,fuel_feed,Lucas indirect injection
https://www.ferrari.com/en-EN/auto/312-p-1969,engine,ignition,"single spark plug per cylinder, single coil"
https://www.ferrari.com/en-EN/auto/312-p-1969,engine,lubrication,dry sump
https://www.ferrari.com/en-EN/auto/312-p-1969,engine,clutch,twin-plate
https://www.ferrari.com/en-EN/auto/312-p-1969,chassis,frame,tubular steel
https://www.ferrari.com/en-EN/auto/312-p-1969,chassis,front_suspension,"independent, unequal-length wishbones, coil springs, telescopic shock absorbers, anti-roll bar"
https://www.ferrari.com/en-EN/auto/312-p-1969,chassis,rear_suspension,"independent, unequal-length wishbones, coil springs, telescopic shock absorbers, anti-roll bar"
https://www.ferrari.com/en-EN/auto/312-p-1969,chassis,brakes,discs
https://www.ferrari.com/en-EN/auto/312-p-1969,chassis,transmission,5-speed + reverse
https://www.ferrari.com/en-EN/auto/312-p-1969,chassis,steering,rack-and-pinion
https://www.ferrari.com/en-EN/auto/312-p-1969,chassis,fuel_tank,capacity 120litres
https://www.ferrari.com/en-EN/auto/312-p-1969,chassis,front_tyres,4.75-10.30-15
https://www.ferrari.com/en-EN/auto/312-p-1969,chassis,rear_tyres,6.00-13.50-15
https://www.ferrari.com/en-EN/auto/312-p-1969,bodywork,type_2,"two-seater spider, berlinetta"
https://www.ferrari.com/en-EN/auto/312-p-1969,bodywork,length,4230mm
https://www.ferrari.com/en-EN/auto/312-p-1969,bodywork,width,1980mm
https://www.ferrari.com/en-EN/auto/312-p-1969,bodywork,height,890mm
https://www.ferrari.com/en-EN/auto/312-p-1969,bodywork,wheelbase,2370mm
https://www.ferrari.com/en-EN/auto/312-p-1969,bodywork,front_track,1485mm
https://www.ferrari.com/en-EN/auto/312-p-1969,bodywork,rear_track,1500mm
https://www.ferrari.com/en-EN/auto/312-p-1969,bodywork,weight,680kg (dry)
https://www.ferrari.com/en-EN/auto/312-p-1969,performance,top_speed,320km/h
https://www.ferrari.com/en-EN/auto/365-gts,engine,type,"front, longitudinal 60° V12"
https://www.ferrari.com/en-EN/auto/365-gts,engine,bore_stroke,81 x 71mm
https://www.ferrari.com/en-EN/auto/365-gts,engine,unitary_displacement,365.86cc
https://www.ferrari.com/en-EN/auto/365-gts,engine,total_displacement,4390.35cc
https://www.ferrari.com/en-EN/auto/365-gts,engine,compression_ratio,8.8 : 1
https://www.ferrari.com/en-EN/auto/365-gts,engine,maximum_power,235 kW (320 hp) at 6600 rpm
https://www.ferrari.com/en-EN/auto/365-gts,engine,power_per_litre,73hp/l
https://www.ferrari.com/en-EN/auto/365-gts,engine,valve_actuation,"single overhead camshaft per bank, two valves per cylinder"
https://www.ferrari.com/en-EN/auto/365-gts,engine,fuel_feed,three Weber 40 DFI/5 carburettors
https://www.ferrari.com/en-EN/auto/365-gts,engine,ignition,"single spark plug per cylinder, two coils"
https://www.ferrari.com/en-EN/auto/365-gts,engine,lubrication,wet sump
https://www.ferrari.com/en-EN/auto/365-gts,engine,clutch,single-plate
https://www.ferrari.com/en-EN/auto/365-gts,chassis,frame,tubular steel
https://www.ferrari.com/en-EN/auto/365-gts,chassis,front_suspension,"independent, unequal-length wishbones, coil springs over telescopic shock absorbers, anti-roll bar"
https://www.ferrari.com/en-EN/auto/365-gts,chassis,rear_suspension,"independent, unequal-length wishbones, coil springs over telescopic shock absorbers, anti-roll bar"
https://www.ferrari.com/en-EN/auto/365-gts,chassis,brakes,discs
https://www.ferrari.com/en-EN/auto/365-gts,chassis,transmission,5-speed + reverse
https://www.ferrari.com/en-EN/auto/365-gts,chassis,steering,worm and roller
https://www.ferrari.com/en-EN/auto/365-gts,chassis,fuel_tank,capacity 90litres
https://www.ferrari.com/en-EN/auto/365-gts,chassis,front_tyres,205 x 14
https://www.ferrari.com/en-EN/auto/365-gts,chassis,rear_tyres,205 x 14
https://www.ferrari.com/en-EN/auto/365-gts,bodywork,type_2,two-seater spider
https://www.ferrari.com/en-EN/auto/365-gts,bodywork,length,4470mm
https://www.ferrari.com/en-EN/auto/365-gts,bodywork,width,1670mm
https://www.ferrari.com/en-EN/auto/365-gts,bodywork,height,1300mm
https://www.ferrari.com/en-EN/auto/365-gts,bodywork,wheelbase,2400mm
https://www.ferrari.com/en-EN/auto/365-gts,bodywork,front_track,1401mm
https://www.ferrari.com/en-EN/auto/365-gts,bodywork,rear_track,1417mm
https://www.ferrari.com/en-EN/auto/365-gts,bodywork,weight,1350kg (dry)
https://www.ferrari.com/en-EN/auto/365-gts,performance,top_speed,245km/h
https://www.ferrari.com/en-EN/auto/365-gts4,engine,type,"front, longitudinal 60° V12"
https://www.ferrari.com/en-EN/auto/365-gts4,engine,bore_stroke,81 x 71mm
https://www.ferrari.com/en-EN/auto/365-gts4,engine,unitary_displacement,365.86cc
https://www.ferrari.com/en-EN/auto/365-gts4,engine,total_displacement,4390.35cc
https://www.ferrari.com/en-EN/auto/365-gts4,engine,compression_ratio,8.8 : 1
https://www.ferrari.com/en-EN/auto/365-gts4,engine,maximum_power,259 kW (352 hp) at 7500 rpm
https://www.ferrari.com/en-EN/auto/365-gts4,engine,power_per_litre,80hp/l
https://www.ferrari.com/en-EN/auto/365-gts4,engine,maximum_torque,431 Nm (44 kgm) at 5500 rpm
https://www.ferrari.com/en-EN/auto/365-gts4,engine,valve_actuation,"twin overhead camshafts per bank, two valves per cylinder"
https://www.ferrari.com/en-EN/auto/365-gts4,engine,fuel_feed,six Weber 40 DCN 20 carburettors
https://www.ferrari.com/en-EN/auto/365-gts4,engine,ignition,"single spark plug per cylinder, two coils"
https://www.ferrari.com/en-EN/auto/365-gts4,engine,lubrication,dry sump
https://www.ferrari.com/en-EN/auto/365-gts4,engine,clutch,single-plate
https://www.ferrari.com/en-EN/auto/365-gts4,chassis,frame,tubular steel
https://www.ferrari.com/en-EN/auto/365-gts4,chassis,front_suspension,"independent, unequal-length wishbones, coil springs over telescopic shock absorbers, anti-roll bar"
https://www.ferrari.com/en-EN/auto/365-gts4,chassis,rear_suspension,"independent, unequal-length wishbones, coil springs over telescopic shock absorbers, anti-roll bar"
https://www.ferrari.com/en-EN/auto/365-gts4,chassis,brakes,discs
https://www.ferrari.com/en-EN/auto/365-gts4,chassis,transmission,5-speed + reverse
https://www.ferrari.com/en-EN/auto/365-gts4,chassis,steering,worm and roller
https://www.ferrari.com/en-EN/auto/365-gts4,chassis,fuel_tank,capacity 128litres
https://www.ferrari.com/en-EN/auto/365-gts4,chassis,front_tyres,215/70 VR 15
https://www.ferrari.com/en-EN/auto/365-gts4,chassis,rear_tyres,215/70 VR 15
https://www.ferrari.com/en-EN/auto/365-gts4,bodywork,type_2,two-seater spider
https://www.ferrari.com/en-EN/auto/365-gts4,bodywork,length,4450mm
https://www.ferrari.com/en-EN/auto/365-gts4,bodywork,width,1740mm
https://www.ferrari.com/en-EN/auto/365-gts4,bodywork,height,1250mm
https://www.ferrari.com/en-EN/auto/365-gts4,bodywork,wheelbase,2400mm
https://www.ferrari.com/en-EN/auto/365-gts4,bodywork,front_track,1440mm
https://www.ferrari.com/en-EN/auto/365-gts4,bodywork,rear_track,1453mm
https://www.ferrari.com/en-EN/auto/365-gts4,performance,top_speed,280km/h
https://www.ferrari.com/en-EN/auto/dino-246-gt,engine,type,"rear, transverse, 65° V6"
https://www.ferrari.com/en-EN/auto/dino-246-gt,engine,bore_stroke,92.5 x 60mm
https://www.ferrari.com/en-EN/auto/dino-246-gt,engine,unitary_displacement,403.20cc
https://www.ferrari.com/en-EN/auto/dino-246-gt,engine,total_displacement,2419.20cc
https://www.ferrari.com/en-EN/auto/dino-246-gt,engine,compression_ratio,9 : 1
https://www.ferrari.com/en-EN/auto/dino-246-gt,engine,maximum_power,143 kW (195 hp) at 7600 rpm
https://www.ferrari.com/en-EN/auto/dino-246-gt,engine,power_per_litre,81hp/l
https://www.ferrari.com/en-EN/auto/dino-246-gt,engine,valve_actuation,"twin overhead camshafts per bank, two valves per cylinder"
https://www.ferrari.com/en-EN/auto/dino-246-gt,engine,fuel_feed,three Weber 40 DCN F/7 carburettors
https://www.ferrari.com/en-EN/auto/dino-246-gt,engine,ignition,"single spark plug per cylinder, single coil"
https://www.ferrari.com/en-EN/auto/dino-246-gt,engine,lubrication,wet sump
https://www.ferrari.com/en-EN/auto/dino-246-gt,engine,clutch,single-plate
https://www.ferrari.com/en-EN/auto/dino-246-gt,chassis,frame,tubular steel
https://www.ferrari.com/en-EN/auto/dino-246-gt,chassis,front_suspension,"independent, unequal-length wishbones, coil springs telescopic shock absorbers, anti-roll bar"
https://www.ferrari.com/en-EN/auto/dino-246-gt,chassis,rear_suspension,"independent, unequal-length wishbones, coil springs telescopic shock absorbers, anti-roll bar"
https://www.ferrari.com/en-EN/auto/dino-246-gt,chassis,brakes,discs
https://www.ferrari.com/en-EN/auto/dino-246-gt,chassis,transmission,5-speed + reverse
https://www.ferrari.com/en-EN/auto/dino-246-gt,chassis,steering,rack-and-pinion
https://www.ferrari.com/en-EN/auto/dino-246-gt,chassis,fuel_tank,capacity 65litres
https://www.ferrari.com/en-EN/auto/dino-246-gt,chassis,front_tyres,205/70 VR 14
https://www.ferrari.com/en-EN/auto/dino-246-gt,chassis,rear_tyres,205/70 VR 14
https://www.ferrari.com/en-EN/auto/dino-246-gt,bodywork,type_2,two-seater berlinetta
https://www.ferrari.com/en-EN/auto/dino-246-gt,bodywork,length,4235mm
https://www.ferrari.com/en-EN/auto/dino-246-gt,bodywork,width,1700mm
https://www.ferrari.com/en-EN/auto/dino-246-gt,bodywork,height,1135mm
https://www.ferrari.com/en-EN/auto/dino-246-gt,bodywork,wheelbase,2340mm
https://www.ferrari.com/en-EN/auto/dino-246-gt,bodywork,front_track,1425mm
https://www.ferrari.com/en-EN/auto/dino-246-gt,bodywork,rear_track,1430mm
https://www.ferrari.com/en-EN/auto/dino-246-gt,bodywork,weight,1080kg (dry)
https://www.ferrari.com/en-EN/auto/dino-246-gt,performance,top_speed,235km/h
https://www.ferrari.com/en-EN/auto/dino-246-gt,performance,x0_1000_m,26.8 sec.
https://www.ferrari.com/en-EN/auto/512-m,engine,type,"rear, longitudinal 60° V12"
https://www.ferrari.com/en-EN/auto/512-m,engine,bore_stroke,87 x 70mm
https://www.ferrari.com/en-EN/auto/512-m,engine,unitary_displacement,416.13cc
https://www.ferrari.com/en-EN/auto/512-m,engine,total_displacement,4993.53cc
https://www.ferrari.com/en-EN/auto/512-m,engine,compression_ratio,11.5 : 1
https://www.ferrari.com/en-EN/auto/512-m,engine,maximum_power,449 kW (610 hp) at 9000 rpm
https://www.ferrari.com/en-EN/auto/512-m,engine,power_per_litre,122hp/l
https://www.ferrari.com/en-EN/auto/512-m,engine,valve_actuation,"twin overhead camshaft per bank, four valves per cylinder"
https://www.ferrari.com/en-EN/auto/512-m,engine,fuel_feed,Lucas indirect injection
https://www.ferrari.com/en-EN/auto/512-m,engine,ignition,"electronic, single spark plug per cylinder"
https://www.ferrari.com/en-EN/auto/512-m,engine,lubrication,dry sump
https://www.ferrari.com/en-EN/auto/512-m,engine,clutch,multi-plate
https://www.ferrari.com/en-EN/auto/512-m,chassis,frame,tubular steel
https://www.ferrari.com/en-EN/auto/512-m,chassis,front_suspension,"independent, unequal-length wishbones, coil springs, telescopic shock absorbers, anti-roll bar"
https://www.ferrari.com/en-EN/auto/512-m,chassis,rear_suspension,"independent, unequal-length wishbones, coil springs, telescopic shock absorbers, anti-roll bar"
https://www.ferrari.com/en-EN/auto/512-m,chassis,brakes,discs
https://www.ferrari.com/en-EN/auto/512-m,chassis,transmission,5-speed + reverse
https://www.ferrari.com/en-EN/auto/512-m,chassis,steering,rack-and-pinion
https://www.ferrari.com/en-EN/auto/512-m,chassis,fuel_tank,capacity 120litres
https://www.ferrari.com/en-EN/auto/512-m,chassis,front_tyres,4.25-11.50-15
https://www.ferrari.com/en-EN/auto/512-m,chassis,rear_tyres,6.00-14.50-15
https://www.ferrari.com/en-EN/auto/512-m,bodywork,type_2,two-seater berlinetta
https://www.ferrari.com/en-EN/auto/512-m,bodywork,length,4180mm
https://www.ferrari.com/en-EN/auto/512-m,bodywork,width,2015mm
https://www.ferrari.com/en-EN/auto/512-m,bodywork,height,985mm
https://www.ferrari.com/en-EN/auto/512-m,bodywork,wheelbase,2400mm
https://www.ferrari.com/en-EN/auto/512-m,bodywork,front_track,1518mm
https://www.ferrari.com/en-EN/auto/512-m,bodywork,rear_track,1511mm
https://www.ferrari.com/en-EN/auto/512-m,bodywork,weight,815kg (dry)
https://www.ferrari.com/en-EN/auto/512-m,performance,top_speed,310km/h
https://www.ferrari.com/en-EN/auto/512-s,engine,type,"rear, longitudinal 60° V12"
https://www.ferrari.com/en-EN/auto/512-s,engine,bore_stroke,87 x 70mm
https://www.ferrari.com/en-EN/auto/512-s,engine,unitary_displacement,416.13cc
https://www.ferrari.com/en-EN/auto/512-s,engine,total_displacement,4993.53cc
https://www.ferrari.com/en-EN/auto/512-s,engine,compression_ratio,11.5 : 1
https://www.ferrari.com/en-EN/auto/512-s,engine,maximum_power,404 kW (550 hp) at 8500 rpm
https://www.ferrari.com/en-EN/auto/512-s,engine,power_per_litre,110hp/l
https://www.ferrari.com/en-EN/auto/512-s,engine,valve_actuation,"twin overhead camshafts per bank, four valves per cylinder"
https://www.ferrari.com/en-EN/auto/512-s,engine,fuel_feed,Lucas indirect injection
https://www.ferrari.com/en-EN/auto/512-s,engine,ignition,"electronic, single spark plug per cylinder"
https://www.ferrari.com/en-EN/auto/512-s,engine,lubrication,dry sump
https://www.ferrari.com/en-EN/auto/512-s,engine,clutch,multi-plate
https://www.ferrari.com/en-EN/auto/512-s,chassis,frame,tubular steel
https://www.ferrari.com/en-EN/auto/512-s,chassis,front_suspension,"independent, unequal-length wishbones, coil springs, telescopic shock absorbers, anti-roll bar"
https://www.ferrari.com/en-EN/auto/512-s,chassis,rear_suspension,"independent, unequal-length wishbones, coil springs, telescopic shock absorbers, anti-roll bar"
https://www.ferrari.com/en-EN/auto/512-s,chassis,brakes,discs
https://www.ferrari.com/en-EN/auto/512-s,chassis,transmission,5-speed + reverse
https://www.ferrari.com/en-EN/auto/512-s,chassis,steering,rack-and-pinion
https://www.ferrari.com/en-EN/auto/512-s,chassis,fuel_tank,capacity 120litres
https://www.ferrari.com/en-EN/auto/512-s,chassis,front_tyres,4.25-11.50-15
https://www.ferrari.com/en-EN/auto/512-s,chassis,rear_tyres,6.00-14.50-15
https://www.ferrari.com/en-EN/auto/512-s,bodywork,type_2,"two-seater spider, berlinetta"
https://www.ferrari.com/en-EN/auto/512-s,bodywork,length,4060mm
https://www.ferrari.com/en-EN/auto/512-s,bodywork,width,2000mm
https://www.ferrari.com/en-EN/auto/512-s,bodywork,height,972mm
https://www.ferrari.com/en-EN/auto/512-s,bodywork,wheelbase,2400mm
https://www.ferrari.com/en-EN/auto/512-s,bodywork,front_track,1518mm
https://www.ferrari.com/en-EN/auto/512-s,bodywork,rear_track,1511mm
https://www.ferrari.com/en-EN/auto/512-s,bodywork,weight,840kg (dry)
https://www.ferrari.com/en-EN/auto/512-s,performance,top_speed,340km/h
https://www.ferrari.com/en-EN/auto/312-p,engine,type,"rear, longitudinal flat-12"
https://www.ferrari.com/en-EN/auto/312-p,engine,bore_stroke,78.5 x 51.5mm
https://www.ferrari.com/en-EN/auto/312-p,engine,unitary_displacement,249.25cc
https://www.ferrari.com/en-EN/auto/312-p,engine,total_displacement,2991.01cc
https://www.ferrari.com/en-EN/auto/312-p,engine,compression_ratio,"11,5:1"
https://www.ferrari.com/en-EN/auto/312-p,engine,maximum_power,331 kW (450 hp) at 10.800 rpm
https://www.ferrari.com/en-EN/auto/312-p,engine,power_per_litre,150hp/l
https://www.ferrari.com/en-EN/auto/312-p,engine,valve_actuation,"twin overhead camshaft per bank, four valves per cylinder"
https://www.ferrari.com/en-EN/auto/312-p,engine,fuel_feed,Lucas indirect injection
https://www.ferrari.com/en-EN/auto/312-p,engine,ignition,"single spark plug per cylinder, electronic"
https://www.ferrari.com/en-EN/auto/312-p,engine,lubrication,dry sump
https://www.ferrari.com/en-EN/auto/312-p,engine,clutch,multi-plate
https://www.ferrari.com/en-EN/auto/312-p,chassis,frame,tubular steel
https://www.ferrari.com/en-EN/auto/312-p,chassis,front_suspension,"independent, unequal-length wishbones, coil springs, telescopic shock absorbers, anti-roll bar"
https://www.ferrari.com/en-EN/auto/312-p,chassis,rear_suspension,"independent, unequal-length wishbones, coil springs, telescopic shock absorbers, anti-roll bar"
https://www.ferrari.com/en-EN/auto/312-p,chassis,brakes,discs
https://www.ferrari.com/en-EN/auto/312-p,chassis,transmission,5-speed + reverse
https://www.ferrari.com/en-EN/auto/312-p,chassis,steering,rack-and-pinion
https://www.ferrari.com/en-EN/auto/312-p,chassis,fuel_tank,capacity 117litres
https://www.ferrari.com/en-EN/auto/312-p,chassis,front_tyres,9-22-13
https://www.ferrari.com/en-EN/auto/312-p,chassis,rear_tyres,13-26-15
https://www.ferrari.com/en-EN/auto/312-p,bodywork,type_2,two-seater spider
https://www.ferrari.com/en-EN/auto/312-p,bodywork,length,3500mm
https://www.ferrari.com/en-EN/auto/312-p,bodywork,width,1880mm
https://www.ferrari.com/en-EN/auto/312-p,bodywork,height,956mm
https://www.ferrari.com/en-EN/auto/312-p,bodywork,wheelbase,2220mm
https://www.ferrari.com/en-EN/auto/312-p,bodywork,front_track,1425mm
https://www.ferrari.com/en-EN/auto/312-p,bodywork,rear_track,1400mm
https://www.ferrari.com/en-EN/auto/312-p,bodywork,weight,585kg (with liquids)
https://www.ferrari.com/en-EN/auto/312-p,performance,top_speed,320km/h
https://www.ferrari.com/en-EN/auto/365-gt4-bb,engine,type,"rear, longitudinal flat-12"
https://www.ferrari.com/en-EN/auto/365-gt4-bb,engine,bore_stroke,81 x 71mm
https://www.ferrari.com/en-EN/auto/365-gt4-bb,engine,unitary_displacement,365.86cc
https://www.ferrari.com/en-EN/auto/365-gt4-bb,engine,total_displacement,4390.35cc
https://www.ferrari.com/en-EN/auto/365-gt4-bb,engine,compression_ratio,8.8 : 1
https://www.ferrari.com/en-EN/auto/365-gt4-bb,engine,maximum_power,265 kW (360 hp) at 7500 rpm
https://www.ferrari.com/en-EN/auto/365-gt4-bb,engine,power_per_litre,82hp/l
https://www.ferrari.com/en-EN/auto/365-gt4-bb,engine,valve_actuation,"twin overhead camshafts per bank, two valves per cylinder"
https://www.ferrari.com/en-EN/auto/365-gt4-bb,engine,fuel_feed,four Weber 40 IF3C carburettors
https://www.ferrari.com/en-EN/auto/365-gt4-bb,engine,ignition,"electronic, single spark plug per cylinder"
https://www.ferrari.com/en-EN/auto/365-gt4-bb,engine,lubrication,wet sump
https://www.ferrari.com/en-EN/auto/365-gt4-bb,engine,clutch,single-plate
https://www.ferrari.com/en-EN/auto/365-gt4-bb,chassis,frame,tubular steel
https://www.ferrari.com/en-EN/auto/365-gt4-bb,chassis,front_suspension,"independent, unequal-length wishbones, coil springs, telescopic shock absorbers, anti-roll bar"
https://www.ferrari.com/en-EN/auto/365-gt4-bb,chassis,rear_suspension,"independent, unequal-length wishbones, coil springs, twin telescopic shock absorbers each side, anti-roll bar"
https://www.ferrari.com/en-EN/auto/365-gt4-bb,chassis,brakes,discs
https://www.ferrari.com/en-EN/auto/365-gt4-bb,chassis,transmission,5-speed + reverse
https://www.ferrari.com/en-EN/auto/365-gt4-bb,chassis,steering,rack-and-pinion
https://www.ferrari.com/en-EN/auto/365-gt4-bb,chassis,fuel_tank,capacity 120litres
https://www.ferrari.com/en-EN/auto/365-gt4-bb,chassis,front_tyres,215/70 VR 15
https://www.ferrari.com/en-EN/auto/365-gt4-bb,chassis,rear_tyres,215/70 VR 15
https://www.ferrari.com/en-EN/auto/365-gt4-bb,bodywork,type_2,two-seater berlinetta
https://www.ferrari.com/en-EN/auto/365-gt4-bb,bodywork,length,4360mm
https://www.ferrari.com/en-EN/auto/365-gt4-bb,bodywork,width,1800mm
https://www.ferrari.com/en-EN/auto/365-gt4-bb,bodywork,height,1120mm
https://www.ferrari.com/en-EN/auto/365-gt4-bb,bodywork,wheelbase,2500mm
https://www.ferrari.com/en-EN/auto/365-gt4-bb,bodywork,front_track,1500mm
https://www.ferrari.com/en-EN/auto/365-gt4-bb,bodywork,rear_track,1500mm
https://www.ferrari.com/en-EN/auto/365-gt4-bb,bodywork,weight,1160kg (dry)
https://www.ferrari.com/en-EN/auto/365-gt4-bb,performance,top_speed,300km/h
https://www.ferrari.com/en-EN/auto/365-gtb4-competizione,engine,type,"rear, longitudinal flat-12"
https://www.ferrari.com/en-EN/auto/365-gtb4-competizione,engine,bore_stroke,81 x 71mm
https://www.ferrari.com/en-EN/auto/365-gtb4-competizione,engine,unitary_displacement,365.86cc
https://www.ferrari.com/en-EN/auto/365-gtb4-competizione,engine,total_displacement,4390.35cc
https://www.ferrari.com/en-EN/auto/365-gtb4-competizione,engine,compression_ratio,"9,9:1"
https://www.ferrari.com/en-EN/auto/365-gtb4-competizione,engine,maximum_power,316 kW (430 hp) at 7800 rpm
https://www.ferrari.com/en-EN/auto/365-gtb4-competizione,engine,power_per_litre,98hp/l
https://www.ferrari.com/en-EN/auto/365-gtb4-competizione,engine,maximum_torque,461 Nm (47 kgm) ar 5500 rpm
https://www.ferrari.com/en-EN/auto/365-gtb4-competizione,engine,valve_actuation,"twin overhead camshafts per bank, two valves per cylinder"
https://www.ferrari.com/en-EN/auto/365-gtb4-competizione,engine,fuel_feed,six Weber 40 DCN 21 carburettors
https://www.ferrari.com/en-EN/auto/365-gtb4-competizione,engine,ignition,"single spark plug per cylinder, two coils"
https://www.ferrari.com/en-EN/auto/365-gtb4-competizione,engine,lubrication,dry sump
https://www.ferrari.com/en-EN/auto/365-gtb4-competizione,engine,clutch,single-plate
https://www.ferrari.com/en-EN/auto/365-gtb4-competizione,chassis,frame,tubular steel
https://www.ferrari.com/en-EN/auto/365-gtb4-competizione,chassis,front_suspension,"independent, unequal-length wishbones, coil springs, telescopic shock absorbers, anti-roll bar"
https://www.ferrari.com/en-EN/auto/365-gtb4-competizione,chassis,rear_suspension,"independent, unequal-length wishbones, coil springs, telescopic shock absorbers, anti-roll bar"
https://www.ferrari.com/en-EN/auto/365-gtb4-competizione,chassis,brakes,discs
https://www.ferrari.com/en-EN/auto/365-gtb4-competizione,chassis,transmission,5-speed + reverse
https://www.ferrari.com/en-EN/auto/365-gtb4-competizione,chassis,steering,worm and roller
https://www.ferrari.com/en-EN/auto/365-gtb4-competizione,chassis,fuel_tank,capacity 125litres
https://www.ferrari.com/en-EN/auto/365-gtb4-competizione,chassis,front_tyres,25_10_15
https://www.ferrari.com/en-EN/auto/365-gtb4-competizione,chassis,rear_tyres,27_11_15
https://www.ferrari.com/en-EN/auto/365-gtb4-competizione,bodywork,type_2,two-seater berlinetta
https://www.ferrari.com/en-EN/auto/365-gtb4-competizione,bodywork,wheelbase,2400mm
https://www.ferrari.com/en-EN/auto/365-gtb4-competizione,bodywork,front_track,1478mm
https://www.ferrari.com/en-EN/auto/365-gtb4-competizione,bodywork,rear_track,1515mm
https://www.ferrari.com/en-EN/auto/365-gtb4-competizione,bodywork,weight,1240kg (dry)
https://www.ferrari.com/en-EN/auto/365-gtb4-competizione,performance,top_speed,310km/h
https://www.ferrari.com/en-EN/auto/365-gtc4,engine,type,"front, longitudinal 60° V12"
https://www.ferrari.com/en-EN/auto/365-gtc4,engine,bore_stroke,81 x 71mm
https://www.ferrari.com/en-EN/auto/365-gtc4,engine,unitary_displacement,365.86cc
https://www.ferrari.com/en-EN/auto/365-gtc4,engine,total_displacement,4390.35cc
https://www.ferrari.com/en-EN/auto/365-gtc4,engine,compression_ratio,8.8 : 1
https://www.ferrari.com/en-EN/auto/365-gtc4,engine,maximum_power,250 kW (340 hp) at 6200 rpm
https://www.ferrari.com/en-EN/auto/365-gtc4,engine,power_per_litre,77hp/l
https://www.ferrari.com/en-EN/auto/365-gtc4,engine,valve_actuation,"twin overhead camshafts per bank, two valves per cylinder"
https://www.ferrari.com/en-EN/auto/365-gtc4,engine,fuel_feed,six Weber 38 DCOE 59/60 carburettors
https://www.ferrari.com/en-EN/auto/365-gtc4,engine,ignition,"single spark plug per cylinder, two coils"
https://www.ferrari.com/en-EN/auto/365-gtc4,engine,lubrication,wet sump
https://www.ferrari.com/en-EN/auto/365-gtc4,engine,clutch,single-plate
https://www.ferrari.com/en-EN/auto/365-gtc4,chassis,frame,tubular steel
https://www.ferrari.com/en-EN/auto/365-gtc4,chassis,front_suspension,"independent, unequal-length wishbones, coil springs over telescopic shock absorbers, anti-roll bar"
https://www.ferrari.com/en-EN/auto/365-gtc4,chassis,rear_suspension,"self-levelling, independent, unequal-length wishbones, coil springs over telescopic shock absorbers, anti-roll bar"
https://www.ferrari.com/en-EN/auto/365-gtc4,chassis,brakes,discs
https://www.ferrari.com/en-EN/auto/365-gtc4,chassis,transmission,5-speed + reverse
https://www.ferrari.com/en-EN/auto/365-gtc4,chassis,steering,power-assisted recirculating-ball
https://www.ferrari.com/en-EN/auto/365-gtc4,chassis,fuel_tank,capacity 100litres
https://www.ferrari.com/en-EN/auto/365-gtc4,chassis,front_tyres,215/70 VR 15
https://www.ferrari.com/en-EN/auto/365-gtc4,chassis,rear_tyres,215/70 VR 15
https://www.ferrari.com/en-EN/auto/365-gtc4,bodywork,type_2,two-seater coupé
https://www.ferrari.com/en-EN/auto/365-gtc4,bodywork,length,4550mm
https://www.ferrari.com/en-EN/auto/365-gtc4,bodywork,width,1780mm
https://www.ferrari.com/en-EN/auto/365-gtc4,bodywork,height,1270mm
https://www.ferrari.com/en-EN/auto/365-gtc4,bodywork,wheelbase,2500mm
https://www.ferrari.com/en-EN/auto/365-gtc4,bodywork,front_track,1470mm
https://www.ferrari.com/en-EN/auto/365-gtc4,bodywork,rear_track,1470mm
https://www.ferrari.com/en-EN/auto/365-gtc4,bodywork,weight,1450kg (dry)
https://www.ferrari.com/en-EN/auto/365-gtc4,performance,top_speed,260km/h
https://www.ferrari.com/en-EN/auto/712-can-am,engine,type,"rear, longitudinal 60° V12"
https://www.ferrari.com/en-EN/auto/712-can-am,engine,bore_stroke,92 x 86mm
https://www.ferrari.com/en-EN/auto/712-can-am,engine,unitary_displacement,571.69cc
https://www.ferrari.com/en-EN/auto/712-can-am,engine,total_displacement,6860.33cc
https://www.ferrari.com/en-EN/auto/712-can-am,engine,compression_ratio,"11,4:1"
https://www.ferrari.com/en-EN/auto/712-can-am,engine,maximum_power,500 kW (680 hp) at 7000 rpm
https://www.ferrari.com/en-EN/auto/712-can-am,engine,power_per_litre,99hp/l
https://www.ferrari.com/en-EN/auto/712-can-am,engine,valve_actuation,"twin overhead camshafts per bank, four valves per cylinder"
https://www.ferrari.com/en-EN/auto/712-can-am,engine,fuel_feed,Lucas indirect injection
https://www.ferrari.com/en-EN/auto/712-can-am,engine,ignition,"twin spark plugs per cylinder, two coils"
https://www.ferrari.com/en-EN/auto/712-can-am,engine,lubrication,dry sump
https://www.ferrari.com/en-EN/auto/712-can-am,engine,clutch,multi-plate
https://www.ferrari.com/en-EN/auto/712-can-am,chassis,frame,tubular steel with riveted aluminium panels
https://www.ferrari.com/en-EN/auto/712-can-am,chassis,front_suspension,"independent, unequal-length wishbones, coil springs, telescopic shock absorbers, anti-roll bar"
https://www.ferrari.com/en-EN/auto/712-can-am,chassis,rear_suspension,"independent, unequal-length wishbones, coil springs, telescopic shock absorbers, anti-roll bar"
https://www.ferrari.com/en-EN/auto/712-can-am,chassis,brakes,discs
https://www.ferrari.com/en-EN/auto/712-can-am,chassis,transmission,4-speed + reverse
https://www.ferrari.com/en-EN/auto/712-can-am,chassis,steering,rack-and-pinion
https://www.ferrari.com/en-EN/auto/712-can-am,chassis,fuel_tank,capacity 270litres
https://www.ferrari.com/en-EN/auto/712-can-am,chassis,front_tyres,4.90-13.90-15
https://www.ferrari.com/en-EN/auto/712-can-am,chassis,rear_tyres,6.00-15.50-15
https://www.ferrari.com/en-EN/auto/712-can-am,bodywork,type_2,two-seater spider
https://www.ferrari.com/en-EN/auto/712-can-am,bodywork,wheelbase,2400mm
https://www.ferrari.com/en-EN/auto/712-can-am,bodywork,front_track,1518mm
https://www.ferrari.com/en-EN/auto/712-can-am,bodywork,rear_track,1510mm
https://www.ferrari.com/en-EN/auto/712-can-am,bodywork,weight,826kg (with liquids)
https://www.ferrari.com/en-EN/auto/365-gt4-2-2,engine,type,"front, longitudinal 60° V12"
https://www.ferrari.com/en-EN/auto/365-gt4-2-2,engine,bore_stroke,81 x 71mm
https://www.ferrari.com/en-EN/auto/365-gt4-2-2,engine,unitary_displacement,365.86cc
https://www.ferrari.com/en-EN/auto/365-gt4-2-2,engine,total_displacement,4390.35cc
https://www.ferrari.com/en-EN/auto/365-gt4-2-2,engine,compression_ratio,8.8 : 1
https://www.ferrari.com/en-EN/auto/365-gt4-2-2,engine,maximum_power,250 kW (340 hp) at 6200 rpm
https://www.ferrari.com/en-EN/auto/365-gt4-2-2,engine,power_per_litre,77hp/l
https://www.ferrari.com/en-EN/auto/365-gt4-2-2,engine,valve_actuation,"twin overhead camshafts per bank, two valves per cylinder"
https://www.ferrari.com/en-EN/auto/365-gt4-2-2,engine,fuel_feed,six Weber 38 DCOE carburettors
https://www.ferrari.com/en-EN/auto/365-gt4-2-2,engine,ignition,"single spark plug per cylinder, two coils"
https://www.ferrari.com/en-EN/auto/365-gt4-2-2,engine,lubrication,wet sump
https://www.ferrari.com/en-EN/auto/365-gt4-2-2,engine,clutch,single-plate
https://www.ferrari.com/en-EN/auto/365-gt4-2-2,chassis,frame,tubular steel
https://www.ferrari.com/en-EN/auto/365-gt4-2-2,chassis,front_suspension,"independent, unequal-length wishbones, coil springs over telescopic shock absorbers, anti-roll bar"
https://www.ferrari.com/en-EN/auto/365-gt4-2-2,chassis,rear_suspension,"self-levelling, independent, unequal-length wishbones, coil springs over telescopic shock absorbers, anti-roll bar"
https://www.ferrari.com/en-EN/auto/365-gt4-2-2,chassis,brakes,discs
https://www.ferrari.com/en-EN/auto/365-gt4-2-2,chassis,transmission,5-speed + reverse
https://www.ferrari.com/en-EN/auto/365-gt4-2-2,chassis,steering,power-assisted recirculating-ball
https://www.ferrari.com/en-EN/auto/365-gt4-2-2,chassis,fuel_tank,capacity 102litres
https://www.ferrari.com/en-EN/auto/365-gt4-2-2,chassis,front_tyres,215/70 VR 15
https://www.ferrari.com/en-EN/auto/365-gt4-2-2,chassis,rear_tyres,215/70 VR 15
https://www.ferrari.com/en-EN/auto/365-gt4-2-2,bodywork,type_2,2+2 coupé
https://www.ferrari.com/en-EN/auto/365-gt4-2-2,bodywork,length,4810mm
https://www.ferrari.com/en-EN/auto/365-gt4-2-2,bodywork,width,1796mm
https://www.ferrari.com/en-EN/auto/365-gt4-2-2,bodywork,height,1310mm
https://www.ferrari.com/en-EN/auto/365-gt4-2-2,bodywork,wheelbase,2700mm
https://www.ferrari.com/en-EN/auto/365-gt4-2-2,bodywork,front_track,1470mm
https://www.ferrari.com/en-EN/auto/365-gt4-2-2,bodywork,rear_track,1500mm
https://www.ferrari.com/en-EN/auto/365-gt4-2-2,bodywork,weight,1500kg (dry)
https://www.ferrari.com/en-EN/auto/365-gt4-2-2,performance,top_speed,245km/h
https://www.ferrari.com/en-EN/auto/dino-246-gts,engine,type,"rear, transverse, 65° V6"
https://www.ferrari.com/en-EN/auto/dino-246-gts,engine,bore_stroke,92.5 x 60mm
https://www.ferrari.com/en-EN/auto/dino-246-gts,engine,unitary_displacement,403.20cc
https://www.ferrari.com/en-EN/auto/dino-246-gts,engine,total_displacement,2419.20cc
https://www.ferrari.com/en-EN/auto/dino-246-gts,engine,compression_ratio,9 : 1
https://www.ferrari.com/en-EN/auto/dino-246-gts,engine,maximum_power,143 kW (195 hp) at 7600 rpm
https://www.ferrari.com/en-EN/auto/dino-246-gts,engine,power_per_litre,81hp/l
https://www.ferrari.com/en-EN/auto/dino-246-gts,engine,valve_actuation,"twin overhead camshafts per bank, two valves per cylinder"
https://www.ferrari.com/en-EN/auto/dino-246-gts,engine,fuel_feed,three Weber 40 DCN F/7 carburettors
https://www.ferrari.com/en-EN/auto/dino-246-gts,engine,ignition,"single spark plug per cylinder, single coil"
https://www.ferrari.com/en-EN/auto/dino-246-gts,engine,lubrication,wet sump
https://www.ferrari.com/en-EN/auto/dino-246-gts,engine,clutch,single-plate
https://www.ferrari.com/en-EN/auto/dino-246-gts,chassis,frame,tubular steel
https://www.ferrari.com/en-EN/auto/dino-246-gts,chassis,front_suspension,"independent, unequal-length wishbones, coil springs over telescopic shock absorbers, anti-roll bar"
https://www.ferrari.com/en-EN/auto/dino-246-gts,chassis,rear_suspension,"independent, unequal-length wishbones, coil springs over telescopic shock absorbers, anti-roll bar"
https://www.ferrari.com/en-EN/auto/dino-246-gts,chassis,brakes,discs
https://www.ferrari.com/en-EN/auto/dino-246-gts,chassis,transmission,5-speed + reverse
https://www.ferrari.com/en-EN/auto/dino-246-gts,chassis,steering,rack-and-pinion
https://www.ferrari.com/en-EN/auto/dino-246-gts,chassis,fuel_tank,capacity 65litres
https://www.ferrari.com/en-EN/auto/dino-246-gts,chassis,front_tyres,205/70 VR 14
https://www.ferrari.com/en-EN/auto/dino-246-gts,chassis,rear_tyres,205/70 VR 14
https://www.ferrari.com/en-EN/auto/dino-246-gts,bodywork,type_2,two-seater spider
https://www.ferrari.com/en-EN/auto/dino-246-gts,bodywork,length,4235mm
https://www.ferrari.com/en-EN/auto/dino-246-gts,bodywork,width,1700mm
https://www.ferrari.com/en-EN/auto/dino-246-gts,bodywork,height,1135mm
https://www.ferrari.com/en-EN/auto/dino-246-gts,bodywork,wheelbase,2340mm
https://www.ferrari.com/en-EN/auto/dino-246-gts,bodywork,front_track,1425mm
https://www.ferrari.com/en-EN/auto/dino-246-gts,bodywork,rear_track,1430mm
https://www.ferrari.com/en-EN/auto/dino-246-gts,bodywork,weight,1080kg (dry)
https://www.ferrari.com/en-EN/auto/dino-246-gts,performance,top_speed,235km/h
https://www.ferrari.com/en-EN/auto/dino-308-gt4,engine,type,"rear, transverse, 90° V8"
https://www.ferrari.com/en-EN/auto/dino-308-gt4,engine,bore_stroke,81 x 71mm
https://www.ferrari.com/en-EN/auto/dino-308-gt4,engine,unitary_displacement,365.86cc
https://www.ferrari.com/en-EN/auto/dino-308-gt4,engine,total_displacement,2926.90cc
https://www.ferrari.com/en-EN/auto/dino-308-gt4,engine,compression_ratio,8.8 : 1
https://www.ferrari.com/en-EN/auto/dino-308-gt4,engine,maximum_power,188 kW (255 hp) at 7700 rpm
https://www.ferrari.com/en-EN/auto/dino-308-gt4,engine,power_per_litre,87hp/l
https://www.ferrari.com/en-EN/auto/dino-308-gt4,engine,valve_actuation,"twin overhead camshafts per bank, two valves per cylinder"
https://www.ferrari.com/en-EN/auto/dino-308-gt4,engine,fuel_feed,four Weber 40 DCNF carburettors
https://www.ferrari.com/en-EN/auto/dino-308-gt4,engine,ignition,"single spark plug per cylinder, two coils"
https://www.ferrari.com/en-EN/auto/dino-308-gt4,engine,lubrication,wet sump
https://www.ferrari.com/en-EN/auto/dino-308-gt4,engine,clutch,single-plate
https://www.ferrari.com/en-EN/auto/dino-308-gt4,chassis,frame,tubular steel
https://www.ferrari.com/en-EN/auto/dino-308-gt4,chassis,front_suspension,"independent, unequal-length wishbones, coil springs over telescopic shock absorbers, anti-roll bar"
https://www.ferrari.com/en-EN/auto/dino-308-gt4,chassis,rear_suspension,"independent, unequal-length wishbones, coil springs over telescopic shock absorbers, anti-roll bar"
https://www.ferrari.com/en-EN/auto/dino-308-gt4,chassis,brakes,discs
https://www.ferrari.com/en-EN/auto/dino-308-gt4,chassis,transmission,5-speed + reverse
https://www.ferrari.com/en-EN/auto/dino-308-gt4,chassis,steering,rack-and-pinion
https://www.ferrari.com/en-EN/auto/dino-308-gt4,chassis,fuel_tank,capacity 80litres
https://www.ferrari.com/en-EN/auto/dino-308-gt4,chassis,front_tyres,205/70 VR 14
https://www.ferrari.com/en-EN/auto/dino-308-gt4,chassis,rear_tyres,205/70 VR 14
https://www.ferrari.com/en-EN/auto/dino-308-gt4,bodywork,type_2,2+2 coupé
https://www.ferrari.com/en-EN/auto/dino-308-gt4,bodywork,length,4300mm
https://www.ferrari.com/en-EN/auto/dino-308-gt4,bodywork,width,1800mm
https://www.ferrari.com/en-EN/auto/dino-308-gt4,bodywork,height,1180mm
https://www.ferrari.com/en-EN/auto/dino-308-gt4,bodywork,wheelbase,2550mm
https://www.ferrari.com/en-EN/auto/dino-308-gt4,bodywork,front_track,1460mm
https://www.ferrari.com/en-EN/auto/dino-308-gt4,bodywork,rear_track,1460mm
https://www.ferrari.com/en-EN/auto/dino-308-gt4,bodywork,weight,1150kg (dry)
https://www.ferrari.com/en-EN/auto/dino-308-gt4,performance,top_speed,250km/h
https://www.ferrari.com/en-EN/auto/308-gtb,engine,type,"rear, transverse, 90° V8"
https://www.ferrari.com/en-EN/auto/308-gtb,engine,bore_stroke,81 x 71mm
https://www.ferrari.com/en-EN/auto/308-gtb,engine,unitary_displacement,365.86cc
https://www.ferrari.com/en-EN/auto/308-gtb,engine,total_displacement,2926.90cc
https://www.ferrari.com/en-EN/auto/308-gtb,engine,compression_ratio,8.8 : 1
https://www.ferrari.com/en-EN/auto/308-gtb,engine,maximum_power,188 kW (255 hp) at 7700 rpm
https://www.ferrari.com/en-EN/auto/308-gtb,engine,power_per_litre,87hp/l
https://www.ferrari.com/en-EN/auto/308-gtb,engine,valve_actuation,"twin overhead camshafts per bank, two valves per cylinder"
https://www.ferrari.com/en-EN/auto/308-gtb,engine,fuel_feed,four Weber 40 DCNF carburettors
https://www.ferrari.com/en-EN/auto/308-gtb,engine,ignition,"single spark plug per cylinder, single coil"
https://www.ferrari.com/en-EN/auto/308-gtb,engine,lubrication,dry sump
https://www.ferrari.com/en-EN/auto/308-gtb,engine,clutch,single-plate
https://www.ferrari.com/en-EN/auto/308-gtb,chassis,frame,tubular steel
https://www.ferrari.com/en-EN/auto/308-gtb,chassis,front_suspension,"independent, unequal-length wishbones, coil springs over telescopic shock absorbers, anti-roll bar"
https://www.ferrari.com/en-EN/auto/308-gtb,chassis,rear_suspension,"independent, unequal-length wishbones, coil springs over telescopic shock absorbers, anti-roll bar"
https://www.ferrari.com/en-EN/auto/308-gtb,chassis,brakes,discs
https://www.ferrari.com/en-EN/auto/308-gtb,chassis,transmission,5-speed + reverse
https://www.ferrari.com/en-EN/auto/308-gtb,chassis,steering,rack-and-pinion
https://www.ferrari.com/en-EN/auto/308-gtb,chassis,fuel_tank,capacity 80litres
https://www.ferrari.com/en-EN/auto/308-gtb,chassis,front_tyres,205/70 VR 14
https://www.ferrari.com/en-EN/auto/308-gtb,chassis,rear_tyres,205/70 VR 14
https://www.ferrari.com/en-EN/auto/308-gtb,bodywork,type_2,"two-seater, berlinetta"
https://www.ferrari.com/en-EN/auto/308-gtb,bodywork,length,4230mm
https://www.ferrari.com/en-EN/auto/308-gtb,bodywork,width,1720mm
https://www.ferrari.com/en-EN/auto/308-gtb,bodywork,height,1120mm
https://www.ferrari.com/en-EN/auto/308-gtb,bodywork,wheelbase,2340mm
https://www.ferrari.com/en-EN/auto/308-gtb,bodywork,front_track,1460mm
https://www.ferrari.com/en-EN/auto/308-gtb,bodywork,rear_track,1460mm
https://www.ferrari.com/en-EN/auto/308-gtb,bodywork,weight,1090kg (dry)
https://www.ferrari.com/en-EN/auto/308-gtb,performance,top_speed,252km/h
https://www.ferrari.com/en-EN/auto/dino-208-gt4,engine,type,"rear, transverse, 90° V8"
https://www.ferrari.com/en-EN/auto/dino-208-gt4,engine,bore_stroke,66.8 x 71mm
https://www.ferrari.com/en-EN/auto/dino-208-gt4,engine,unitary_displacement,248.83cc
https://www.ferrari.com/en-EN/auto/dino-208-gt4,engine,total_displacement,1990.64cc
https://www.ferrari.com/en-EN/auto/dino-208-gt4,engine,compression_ratio,9 : 1
https://www.ferrari.com/en-EN/auto/dino-208-gt4,engine,maximum_power,125 kW (170 hp) at 7700 rpm
https://www.ferrari.com/en-EN/auto/dino-208-gt4,engine,power_per_litre,85hp/l
https://www.ferrari.com/en-EN/auto/dino-208-gt4,engine,valve_actuation,"twin overhead camshafts per bank, two valves per cylinder"
https://www.ferrari.com/en-EN/auto/dino-208-gt4,engine,fuel_feed,four Weber 34 DCNF carburettors
https://www.ferrari.com/en-EN/auto/dino-208-gt4,engine,ignition,"single spark plug per cylinder, two coils"
https://www.ferrari.com/en-EN/auto/dino-208-gt4,engine,lubrication,wet sump
https://www.ferrari.com/en-EN/auto/dino-208-gt4,engine,clutch,single-plate
https://www.ferrari.com/en-EN/auto/dino-208-gt4,chassis,frame,tubular steel
https://www.ferrari.com/en-EN/auto/dino-208-gt4,chassis,front_suspension,"independent, unequal-length wishbones, coil springs over telescopic shock absorbers, anti-roll bar"
https://www.ferrari.com/en-EN/auto/dino-208-gt4,chassis,rear_suspension,"independent, unequal-length wishbones, coil springs over telescopic shock absorbers, anti-roll bar"
https://www.ferrari.com/en-EN/auto/dino-208-gt4,chassis,brakes,discs
https://www.ferrari.com/en-EN/auto/dino-208-gt4,chassis,transmission,5-speed + reverse
https://www.ferrari.com/en-EN/auto/dino-208-gt4,chassis,steering,rack-and-pinion
https://www.ferrari.com/en-EN/auto/dino-208-gt4,chassis,fuel_tank,capacity 80litres
https://www.ferrari.com/en-EN/auto/dino-208-gt4,chassis,front_tyres,195/70 VR 14
https://www.ferrari.com/en-EN/auto/dino-208-gt4,chassis,rear_tyres,195/70 VR 14
https://www.ferrari.com/en-EN/auto/dino-208-gt4,bodywork,type_2,2+2 coupé
https://www.ferrari.com/en-EN/auto/dino-208-gt4,bodywork,length,4300mm
https://www.ferrari.com/en-EN/auto/dino-208-gt4,bodywork,width,1800mm
https://www.ferrari.com/en-EN/auto/dino-208-gt4,bodywork,height,1180mm
https://www.ferrari.com/en-EN/auto/dino-208-gt4,bodywork,wheelbase,2550mm
https://www.ferrari.com/en-EN/auto/dino-208-gt4,bodywork,front_track,1460mm
https://www.ferrari.com/en-EN/auto/dino-208-gt4,bodywork,rear_track,1460mm
https://www.ferrari.com/en-EN/auto/dino-208-gt4,bodywork,weight,1150kg (dry)
https://www.ferrari.com/en-EN/auto/dino-208-gt4,performance,top_speed,220km/h
https://www.ferrari.com/en-EN/auto/400-automatic,engine,type,"front, longitudinal 60° V12"
https://www.ferrari.com/en-EN/auto/400-automatic,engine,bore_stroke,81 x 78mm
https://www.ferrari.com/en-EN/auto/400-automatic,engine,unitary_displacement,401.93cc
https://www.ferrari.com/en-EN/auto/400-automatic,engine,total_displacement,4823.16cc
https://www.ferrari.com/en-EN/auto/400-automatic,engine,compression_ratio,8.8 : 1
https://www.ferrari.com/en-EN/auto/400-automatic,engine,maximum_power,250 kW (340 hp)
https://www.ferrari.com/en-EN/auto/400-automatic,engine,power_per_litre,70hp/l
https://www.ferrari.com/en-EN/auto/400-automatic,engine,valve_actuation,"twin overhead camshafts per bank, two valves per cylinder"
https://www.ferrari.com/en-EN/auto/400-automatic,engine,fuel_feed,six Weber 38 DCOE carburettors
https://www.ferrari.com/en-EN/auto/400-automatic,engine,ignition,"single spark plug per cylinder, two coils"
https://www.ferrari.com/en-EN/auto/400-automatic,engine,lubrication,wet sump
https://www.ferrari.com/en-EN/auto/400-automatic,engine,clutch,torque converter
https://www.ferrari.com/en-EN/auto/400-automatic,chassis,frame,tubular steel
https://www.ferrari.com/en-EN/auto/400-automatic,chassis,front_suspension,"independent, unequal-length wishbones, coil springs over telescopic shock absorbers, anti-roll bar"
https://www.ferrari.com/en-EN/auto/400-automatic,chassis,rear_suspension,"self-levelling, independent, unequal-length wishbones, coil springs over telescopic shock absorbers, anti-roll bar"
https://www.ferrari.com/en-EN/auto/400-automatic,chassis,brakes,discs
https://www.ferrari.com/en-EN/auto/400-automatic,chassis,transmission,3-speed automatic + reverse
https://www.ferrari.com/en-EN/auto/400-automatic,chassis,steering,power-assisted recirculating-ball
https://www.ferrari.com/en-EN/auto/400-automatic,chassis,fuel_tank,capacity 120litres
https://www.ferrari.com/en-EN/auto/400-automatic,chassis,front_tyres,215/70 VR 15
https://www.ferrari.com/en-EN/auto/400-automatic,chassis,rear_tyres,215/70 VR 15
https://www.ferrari.com/en-EN/auto/400-automatic,bodywork,type_2,2+2 coupé
https://www.ferrari.com/en-EN/auto/400-automatic,bodywork,length,4810mm
https://www.ferrari.com/en-EN/auto/400-automatic,bodywork,width,1796mm
https://www.ferrari.com/en-EN/auto/400-automatic,bodywork,height,1310mm
https://www.ferrari.com/en-EN/auto/400-automatic,bodywork,wheelbase,2700mm
https://www.ferrari.com/en-EN/auto/400-automatic,bodywork,front_track,1470mm
https://www.ferrari.com/en-EN/auto/400-automatic,bodywork,rear_track,1500mm
https://www.ferrari.com/en-EN/auto/400-automatic,bodywork,weight,1700kg (dry)
https://www.ferrari.com/en-EN/auto/400-automatic,performance,top_speed,240km/h
https://www.ferrari.com/en-EN/auto/400-automatic,performance,x0_400_m,14.9 sec.
https://www.ferrari.com/en-EN/auto/400-automatic,performance,x0_1000_m,25.5 sec.
https://www.ferrari.com/en-EN/auto/400-gt,engine,type,"front, longitudinal 60° V12"
https://www.ferrari.com/en-EN/auto/400-gt,engine,bore_stroke,81 x 78mm
https://www.ferrari.com/en-EN/auto/400-gt,engine,unitary_displacement,401.93cc
https://www.ferrari.com/en-EN/auto/400-gt,engine,total_displacement,4823.16cc
https://www.ferrari.com/en-EN/auto/400-gt,engine,compression_ratio,8.8 : 1
https://www.ferrari.com/en-EN/auto/400-gt,engine,maximum_power,250 kW (340 hp)
https://www.ferrari.com/en-EN/auto/400-gt,engine,power_per_litre,70hp/l
https://www.ferrari.com/en-EN/auto/400-gt,engine,valve_actuation,"twin overhead camshafts per bank, two valves per cylinder"
https://www.ferrari.com/en-EN/auto/400-gt,engine,fuel_feed,six Weber 38 DCOE carburettors
https://www.ferrari.com/en-EN/auto/400-gt,engine,ignition,"single spark plug per cylinder, two coils"
https://www.ferrari.com/en-EN/auto/400-gt,engine,lubrication,wet sump
https://www.ferrari.com/en-EN/auto/400-gt,engine,clutch,single-plate
https://www.ferrari.com/en-EN/auto/400-gt,chassis,frame,tubular steel
https://www.ferrari.com/en-EN/auto/400-gt,chassis,front_suspension,"independent, unequal-length wishbones, coil springs over telescopic shock absorbers, anti-roll bar"
https://www.ferrari.com/en-EN/auto/400-gt,chassis,rear_suspension,"self-levelling, independent, unequal-length wishbones, coil springs over telescopic shock absorbers, anti-roll bar"
https://www.ferrari.com/en-EN/auto/400-gt,chassis,brakes,discs
https://www.ferrari.com/en-EN/auto/400-gt,chassis,transmission,5-speed + reverse
https://www.ferrari.com/en-EN/auto/400-gt,chassis,steering,power-assisted recirculating-ball
https://www.ferrari.com/en-EN/auto/400-gt,chassis,fuel_tank,capacity 120litres
https://www.ferrari.com/en-EN/auto/400-gt,chassis,front_tyres,215/70 VR 15
https://www.ferrari.com/en-EN/auto/400-gt,chassis,rear_tyres,215/70 VR 15
https://www.ferrari.com/en-EN/auto/400-gt,bodywork,type_2,2+2 coupé
https://www.ferrari.com/en-EN/auto/400-gt,bodywork,length,4810mm
https://www.ferrari.com/en-EN/auto/400-gt,bodywork,width,1796mm
https://www.ferrari.com/en-EN/auto/400-gt,bodywork,height,1310mm
https://www.ferrari.com/en-EN/auto/400-gt,bodywork,wheelbase,2700mm
https://www.ferrari.com/en-EN/auto/400-gt,bodywork,front_track,1470mm
https://www.ferrari.com/en-EN/auto/400-gt,bodywork,rear_track,1500mm
https://www.ferrari.com/en-EN/auto/400-gt,bodywork,weight,1700kg (dry)
https://www.ferrari.com/en-EN/auto/400-gt,performance,top_speed,245km/h
https://www.ferrari.com/en-EN/auto/400-gt,performance,x0_400_m,14.8 sec.
https://www.ferrari.com/en-EN/auto/400-gt,performance,x0_1000_m,25.3 sec.
https://www.ferrari.com/en-EN/auto/512-bb,engine,type,"rear, longitudinal 180° V12"
https://www.ferrari.com/en-EN/auto/512-bb,engine,bore_stroke,82 x 78mm
https://www.ferrari.com/en-EN/auto/512-bb,engine,unitary_displacement,411.92cc
https://www.ferrari.com/en-EN/auto/512-bb,engine,total_displacement,4943.04cc
https://www.ferrari.com/en-EN/auto/512-bb,engine,compression_ratio,9.2 : 1
https://www.ferrari.com/en-EN/auto/512-bb,engine,maximum_power,265 kW (360 hp) at 6800 rpm
https://www.ferrari.com/en-EN/auto/512-bb,engine,power_per_litre,73hp/l
https://www.ferrari.com/en-EN/auto/512-bb,engine,valve_actuation,"twin overhead camshafts per bank, two valves per cylinder"
https://www.ferrari.com/en-EN/auto/512-bb,engine,fuel_feed,four Weber 40 IF3C carburettors
https://www.ferrari.com/en-EN/auto/512-bb,engine,ignition,"electronic, single spark plug per cylinder"
https://www.ferrari.com/en-EN/auto/512-bb,engine,lubrication,dry sump
https://www.ferrari.com/en-EN/auto/512-bb,engine,clutch,twin-plate
https://www.ferrari.com/en-EN/auto/512-bb,chassis,frame,tubular steel
https://www.ferrari.com/en-EN/auto/512-bb,chassis,front_suspension,"independent, unequal-length wishbones, coil springs, telescopic shock absorbers, anti-roll bar"
https://www.ferrari.com/en-EN/auto/512-bb,chassis,rear_suspension,"independent, unequal-length wishbones, coil springs, twin telescopic shock absorbers each side, anti-roll bar"
https://www.ferrari.com/en-EN/auto/512-bb,chassis,brakes,discs
https://www.ferrari.com/en-EN/auto/512-bb,chassis,transmission,5-speed + reverse
https://www.ferrari.com/en-EN/auto/512-bb,chassis,steering,rack-and-pinion
https://www.ferrari.com/en-EN/auto/512-bb,chassis,fuel_tank,capacity 120litres
https://www.ferrari.com/en-EN/auto/512-bb,chassis,front_tyres,215/70 VR 15
https://www.ferrari.com/en-EN/auto/512-bb,chassis,rear_tyres,225/70 VR 15
https://www.ferrari.com/en-EN/auto/512-bb,bodywork,type_2,"two-seater, berlinetta"
https://www.ferrari.com/en-EN/auto/512-bb,bodywork,length,4400mm
https://www.ferrari.com/en-EN/auto/512-bb,bodywork,width,1830mm
https://www.ferrari.com/en-EN/auto/512-bb,bodywork,height,1120mm
https://www.ferrari.com/en-EN/auto/512-bb,bodywork,wheelbase,2500mm
https://www.ferrari.com/en-EN/auto/512-bb,bodywork,front_track,1500mm
https://www.ferrari.com/en-EN/auto/512-bb,bodywork,rear_track,1563mm
https://www.ferrari.com/en-EN/auto/512-bb,bodywork,weight,1400kg (dry)
https://www.ferrari.com/en-EN/auto/512-bb,performance,top_speed,302km/h
https://www.ferrari.com/en-EN/auto/512-bb,performance,x0_400_m,13.7 sec.
https://www.ferrari.com/en-EN/auto/512-bb,performance,x0_1000_m,24.0 sec.
https://www.ferrari.com/en-EN/auto/308-gts,engine,type,"rear, transverse, 90° V8"
https://www.ferrari.com/en-EN/auto/308-gts,engine,bore_stroke,81 x 71mm
https://www.ferrari.com/en-EN/auto/308-gts,engine,unitary_displacement,365.86cc
https://www.ferrari.com/en-EN/auto/308-gts,engine,total_displacement,2926.90cc
https://www.ferrari.com/en-EN/auto/308-gts,engine,compression_ratio,8.8 : 1
https://www.ferrari.com/en-EN/auto/308-gts,engine,maximum_power,188 kW (255 hp) at 7700 rpm
https://www.ferrari.com/en-EN/auto/308-gts,engine,power_per_litre,87hp/l
https://www.ferrari.com/en-EN/auto/308-gts,engine,valve_actuation,"twin overhead camshafts per bank, two valves per cylinder"
https://www.ferrari.com/en-EN/auto/308-gts,engine,fuel_feed,four Weber 40 DCNF carburettors
https://www.ferrari.com/en-EN/auto/308-gts,engine,ignition,"single spark plug per cylinder, single coil"
https://www.ferrari.com/en-EN/auto/308-gts,engine,lubrication,wet sump
https://www.ferrari.com/en-EN/auto/308-gts,engine,clutch,single-plate
https://www.ferrari.com/en-EN/auto/308-gts,chassis,frame,tubular steel
https://www.ferrari.com/en-EN/auto/308-gts,chassis,front_suspension,"independent, unequal-length wishbones, coil springs over telescopic shock absorbers, anti-roll bar"
https://www.ferrari.com/en-EN/auto/308-gts,chassis,rear_suspension,"independent, unequal-length wishbones, coil springs over telescopic shock absorbers, anti-roll bar"
https://www.ferrari.com/en-EN/auto/308-gts,chassis,brakes,discs
https://www.ferrari.com/en-EN/auto/308-gts,chassis,transmission,5-speed + reverse
https://www.ferrari.com/en-EN/auto/308-gts,chassis,steering,rack-and-pinion
https://www.ferrari.com/en-EN/auto/308-gts,chassis,fuel_tank,capacity 80litres
https://www.ferrari.com/en-EN/auto/308-gts,chassis,front_tyres,205/70 VR 14
https://www.ferrari.com/en-EN/auto/308-gts,chassis,rear_tyres,205/70 VR 14
https://www.ferrari.com/en-EN/auto/308-gts,bodywork,type_2,two-seater targa-top
https://www.ferrari.com/en-EN/auto/308-gts,bodywork,length,4230mm
https://www.ferrari.com/en-EN/auto/308-gts,bodywork,width,1720mm
https://www.ferrari.com/en-EN/auto/308-gts,bodywork,height,1120mm
https://www.ferrari.com/en-EN/auto/308-gts,bodywork,wheelbase,2340mm
https://www.ferrari.com/en-EN/auto/308-gts,bodywork,front_track,1460mm
https://www.ferrari.com/en-EN/auto/308-gts,bodywork,rear_track,1460mm
https://www.ferrari.com/en-EN/auto/308-gts,bodywork,weight,1090kg (dry)
https://www.ferrari.com/en-EN/auto/308-gts,performance,top_speed,252km/h
https://www.ferrari.com/en-EN/auto/512-bb-lm,engine,type,"rear, longitudinal flat-12"
https://www.ferrari.com/en-EN/auto/512-bb-lm,engine,bore_stroke,82 x 78mm
https://www.ferrari.com/en-EN/auto/512-bb-lm,engine,unitary_displacement,411.92cc
https://www.ferrari.com/en-EN/auto/512-bb-lm,engine,total_displacement,4943.04cc
https://www.ferrari.com/en-EN/auto/512-bb-lm,engine,compression_ratio,"10,3:1"
https://www.ferrari.com/en-EN/auto/512-bb-lm,engine,maximum_power,346 kW (470 hp) at 7250 rpm
https://www.ferrari.com/en-EN/auto/512-bb-lm,engine,power_per_litre,95hp/l
https://www.ferrari.com/en-EN/auto/512-bb-lm,engine,valve_actuation,"twin overhead camshafts per bank, two valves per cylinder"
https://www.ferrari.com/en-EN/auto/512-bb-lm,engine,fuel_feed,Lucas indirect injection
https://www.ferrari.com/en-EN/auto/512-bb-lm,engine,ignition,"electronic, single spark plug per cylinder"
https://www.ferrari.com/en-EN/auto/512-bb-lm,engine,lubrication,dry sump
https://www.ferrari.com/en-EN/auto/512-bb-lm,engine,clutch,twin-plate
https://www.ferrari.com/en-EN/auto/512-bb-lm,chassis,frame,tubular steel
https://www.ferrari.com/en-EN/auto/512-bb-lm,chassis,front_suspension,"independent, unequal-length wishbones, coil springs over telescopic shock absorbers, anti-roll bar"
https://www.ferrari.com/en-EN/auto/512-bb-lm,chassis,rear_suspension,"independent, unequal-length wishbones, coil springs, twin telescopic shock absorbers each side, anti-roll bar"
https://www.ferrari.com/en-EN/auto/512-bb-lm,chassis,brakes,discs
https://www.ferrari.com/en-EN/auto/512-bb-lm,chassis,transmission,5-speed + reverse
https://www.ferrari.com/en-EN/auto/512-bb-lm,chassis,steering,rack-and-pinion
https://www.ferrari.com/en-EN/auto/512-bb-lm,chassis,fuel_tank,capacity 120litres
https://www.ferrari.com/en-EN/auto/512-bb-lm,chassis,front_tyres,23/59 x 15
https://www.ferrari.com/en-EN/auto/512-bb-lm,chassis,rear_tyres,34/61 x 15
https://www.ferrari.com/en-EN/auto/512-bb-lm,bodywork,type_2,"two-seater, berlinetta"
https://www.ferrari.com/en-EN/auto/512-bb-lm,bodywork,length,4895mm
https://www.ferrari.com/en-EN/auto/512-bb-lm,bodywork,width,1830mm
https://www.ferrari.com/en-EN/auto/512-bb-lm,bodywork,height,1120mm
https://www.ferrari.com/en-EN/auto/512-bb-lm,bodywork,wheelbase,2500mm
https://www.ferrari.com/en-EN/auto/512-bb-lm,bodywork,front_track,1563mm
https://www.ferrari.com/en-EN/auto/512-bb-lm,bodywork,rear_track,1713mm
https://www.ferrari.com/en-EN/auto/512-bb-lm,bodywork,weight,1050kg (with liquids)
https://www.ferrari.com/en-EN/auto/512-bb-lm,performance,top_speed,320km/h
https://www.ferrari.com/en-EN/auto/400-automatic-i,engine,type,"front, longitudinal 60° V12"
https://www.ferrari.com/en-EN/auto/400-automatic-i,engine,bore_stroke,81 x 78mm
https://www.ferrari.com/en-EN/auto/400-automatic-i,engine,unitary_displacement,401.93cc
https://www.ferrari.com/en-EN/auto/400-automatic-i,engine,total_displacement,4823.16cc
https://www.ferrari.com/en-EN/auto/400-automatic-i,engine,compression_ratio,8.8 : 1
https://www.ferrari.com/en-EN/auto/400-automatic-i,engine,maximum_power,228 kW (310 hp) at 6500 rpm
https://www.ferrari.com/en-EN/auto/400-automatic-i,engine,power_per_litre,64hp/l
https://www.ferrari.com/en-EN/auto/400-automatic-i,engine,valve_actuation,"twin overhead camshafts per bank, two valves per cylinder"
https://www.ferrari.com/en-EN/auto/400-automatic-i,engine,fuel_feed,Bosch K-Jetronic injection
https://www.ferrari.com/en-EN/auto/400-automatic-i,engine,ignition,"electronic, single spark plug per cylinder"
https://www.ferrari.com/en-EN/auto/400-automatic-i,engine,lubrication,wet sump
https://www.ferrari.com/en-EN/auto/400-automatic-i,engine,clutch,torque converter
https://www.ferrari.com/en-EN/auto/400-automatic-i,chassis,frame,tubular steel
https://www.ferrari.com/en-EN/auto/400-automatic-i,chassis,front_suspension,"independent, unequal-length wishbones, coil springs over telescopic shock absorbers, anti-roll bar"
https://www.ferrari.com/en-EN/auto/400-automatic-i,chassis,rear_suspension,"self-levelling, independent, unequal-length wishbones, coil springs over telescopic shock absorbers, anti-roll bar"
https://www.ferrari.com/en-EN/auto/400-automatic-i,chassis,brakes,discs
https://www.ferrari.com/en-EN/auto/400-automatic-i,chassis,transmission,3-speed automatic + reverse
https://www.ferrari.com/en-EN/auto/400-automatic-i,chassis,steering,power-assisted recirculating-ball
https://www.ferrari.com/en-EN/auto/400-automatic-i,chassis,fuel_tank,capacity 120litres
https://www.ferrari.com/en-EN/auto/400-automatic-i,chassis,front_tyres,215/70 VR 15
https://www.ferrari.com/en-EN/auto/400-automatic-i,chassis,rear_tyres,215/70 VR 15
https://www.ferrari.com/en-EN/auto/400-automatic-i,bodywork,type_2,2+2 coupé
https://www.ferrari.com/en-EN/auto/400-automatic-i,bodywork,length,4810mm
https://www.ferrari.com/en-EN/auto/400-automatic-i,bodywork,width,1798mm
https://www.ferrari.com/en-EN/auto/400-automatic-i,bodywork,height,1314mm
https://www.ferrari.com/en-EN/auto/400-automatic-i,bodywork,wheelbase,2700mm
https://www.ferrari.com/en-EN/auto/400-automatic-i,bodywork,front_track,1470mm
https://www.ferrari.com/en-EN/auto/400-automatic-i,bodywork,rear_track,1500mm
https://www.ferrari.com/en-EN/auto/400-automatic-i,bodywork,weight,1830kg (dry)
https://www.ferrari.com/en-EN/auto/400-automatic-i,performance,top_speed,240km/h
https://www.ferrari.com/en-EN/auto/400-automatic-i,performance,x0_400_m,16.4sec
https://www.ferrari.com/en-EN/auto/400-automatic-i,performance,x0_1000_m,29.2sec
https://www.ferrari.com/en-EN/auto/400-gti,engine,type,"front, longitudinal 60° V12"
https://www.ferrari.com/en-EN/auto/400-gti,engine,bore_stroke,81 x 78mm
https://www.ferrari.com/en-EN/auto/400-gti,engine,unitary_displacement,401.93cc
https://www.ferrari.com/en-EN/auto/400-gti,engine,total_displacement,4823.16cc
https://www.ferrari.com/en-EN/auto/400-gti,engine,compression_ratio,8.8 : 1
https://www.ferrari.com/en-EN/auto/400-gti,engine,maximum_power,228 kW (310 hp) at 6500 rpm
https://www.ferrari.com/en-EN/auto/400-gti,engine,power_per_litre,64hp/l
https://www.ferrari.com/en-EN/auto/400-gti,engine,valve_actuation,"twin overhead camshafts per bank, two valves per cylinder"
https://www.ferrari.com/en-EN/auto/400-gti,engine,fuel_feed,Bosch K-Jetronic injection
https://www.ferrari.com/en-EN/auto/400-gti,engine,ignition,"electronic, single spark plug per cylinder"
https://www.ferrari.com/en-EN/auto/400-gti,engine,lubrication,wet sump
https://www.ferrari.com/en-EN/auto/400-gti,engine,clutch,single-plate
https://www.ferrari.com/en-EN/auto/400-gti,chassis,frame,tubular steel
https://www.ferrari.com/en-EN/auto/400-gti,chassis,front_suspension,"independent, unequal-length wishbones, coil springs over telescopic shock absorbers, anti-roll bar"
https://www.ferrari.com/en-EN/auto/400-gti,chassis,rear_suspension,"self-levelling, independent, unequal-length wishbones, coil springs over telescopic shock absorbers, anti-roll bar"
https://www.ferrari.com/en-EN/auto/400-gti,chassis,brakes,discs
https://www.ferrari.com/en-EN/auto/400-gti,chassis,transmission,5-speed + reverse
https://www.ferrari.com/en-EN/auto/400-gti,chassis,steering,power-assisted recirculating-ball
https://www.ferrari.com/en-EN/auto/400-gti,chassis,fuel_tank,capacity 120litres
https://www.ferrari.com/en-EN/auto/400-gti,chassis,front_tyres,215/70 VR 15
https://www.ferrari.com/en-EN/auto/400-gti,chassis,rear_tyres,215/70 VR 15
https://www.ferrari.com/en-EN/auto/400-gti,bodywork,type_2,2+2 coupé
https://www.ferrari.com/en-EN/auto/400-gti,bodywork,length,4810mm
https://www.ferrari.com/en-EN/auto/400-gti,bodywork,width,1798mm
https://www.ferrari.com/en-EN/auto/400-gti,bodywork,height,1314mm
https://www.ferrari.com/en-EN/auto/400-gti,bodywork,wheelbase,2700mm
https://www.ferrari.com/en-EN/auto/400-gti,bodywork,front_track,1470mm
https://www.ferrari.com/en-EN/auto/400-gti,bodywork,rear_track,1500mm
https://www.ferrari.com/en-EN/auto/400-gti,bodywork,weight,1830kg (dry)
https://www.ferrari.com/en-EN/auto/400-gti,performance,top_speed,245km/h
https://www.ferrari.com/en-EN/auto/400-gti,performance,x0_400_m,15.8sec
https://www.ferrari.com/en-EN/auto/400-gti,performance,x0_1000_m,27.9sec
https://www.ferrari.com/en-EN/auto/208-gtb,engine,type,"rear, transverse, 90° V8"
https://www.ferrari.com/en-EN/auto/208-gtb,engine,bore_stroke,66.8 x 71mm
https://www.ferrari.com/en-EN/auto/208-gtb,engine,unitary_displacement,248.83cc
https://www.ferrari.com/en-EN/auto/208-gtb,engine,total_displacement,1990.64cc
https://www.ferrari.com/en-EN/auto/208-gtb,engine,compression_ratio,9 : 1
https://www.ferrari.com/en-EN/auto/208-gtb,engine,maximum_power,114 kW (155 hp) at 6800 rpm
https://www.ferrari.com/en-EN/auto/208-gtb,engine,power_per_litre,78CV/l
https://www.ferrari.com/en-EN/auto/208-gtb,engine,maximum_torque,170 Nm (17.3 kgm) at 4200 rpm
https://www.ferrari.com/en-EN/auto/208-gtb,engine,valve_actuation,"twin overhead camshafts per bank, two valves per cylinder"
https://www.ferrari.com/en-EN/auto/208-gtb,engine,fuel_feed,four Weber 34 DCNF carburettors
https://www.ferrari.com/en-EN/auto/208-gtb,engine,ignition,"single spark plug per cylinder, single coil"
https://www.ferrari.com/en-EN/auto/208-gtb,engine,lubrication,wet sump
https://www.ferrari.com/en-EN/auto/208-gtb,engine,clutch,single-plate
https://www.ferrari.com/en-EN/auto/208-gtb,chassis,frame,tubular steel
https://www.ferrari.com/en-EN/auto/208-gtb,chassis,front_suspension,"independent, unequal-length wishbones, coil springs over telescopic shock absorbers, anti-roll bar"
https://www.ferrari.com/en-EN/auto/208-gtb,chassis,rear_suspension,"independent, unequal-length wishbones, coil springs over telescopic shock absorbers, anti-roll bar"
https://www.ferrari.com/en-EN/auto/208-gtb,chassis,brakes,discs
https://www.ferrari.com/en-EN/auto/208-gtb,chassis,transmission,5-speed + reverse
https://www.ferrari.com/en-EN/auto/208-gtb,chassis,steering,rack-and-pinion
https://www.ferrari.com/en-EN/auto/208-gtb,chassis,fuel_tank,capacity 74litres
https://www.ferrari.com/en-EN/auto/208-gtb,chassis,front_tyres,205/70 VR 14
https://www.ferrari.com/en-EN/auto/208-gtb,chassis,rear_tyres,205/70 VR 14
https://www.ferrari.com/en-EN/auto/208-gtb,bodywork,type_2,two-seater berlinetta
https://www.ferrari.com/en-EN/auto/208-gtb,bodywork,length,4230mm
https://www.ferrari.com/en-EN/auto/208-gtb,bodywork,width,1720mm
https://www.ferrari.com/en-EN/auto/208-gtb,bodywork,height,1120mm
https://www.ferrari.com/en-EN/auto/208-gtb,bodywork,wheelbase,2340mm
https://www.ferrari.com/en-EN/auto/208-gtb,bodywork,front_track,1460mm
https://www.ferrari.com/en-EN/auto/208-gtb,bodywork,rear_track,1460mm
https://www.ferrari.com/en-EN/auto/208-gtb,bodywork,weight,1232kg (dry)
https://www.ferrari.com/en-EN/auto/208-gtb,performance,top_speed,215km/h
https://www.ferrari.com/en-EN/auto/208-gts,engine,type,"rear, transverse, 90° V8"
https://www.ferrari.com/en-EN/auto/208-gts,engine,bore_stroke,66.8 x 71mm
https://www.ferrari.com/en-EN/auto/208-gts,engine,unitary_displacement,248.83cc
https://www.ferrari.com/en-EN/auto/208-gts,engine,total_displacement,1990.64cc
https://www.ferrari.com/en-EN/auto/208-gts,engine,compression_ratio,9 : 1
https://www.ferrari.com/en-EN/auto/208-gts,engine,maximum_power,114 kW (155 hp) at 6800 rpm
https://www.ferrari.com/en-EN/auto/208-gts,engine,power_per_litre,78hp/l
https://www.ferrari.com/en-EN/auto/208-gts,engine,maximum_torque,170 Nm (17.3 kgm) at 4200 rpm
https://www.ferrari.com/en-EN/auto/208-gts,engine,valve_actuation,"twin overhead camshafts per bank, two valves per cylinder"
https://www.ferrari.com/en-EN/auto/208-gts,engine,fuel_feed,four Weber 34 DCNF carburettors
https://www.ferrari.com/en-EN/auto/208-gts,engine,ignition,"single spark plug per cylinder, single coil"
https://www.ferrari.com/en-EN/auto/208-gts,engine,lubrication,wet sump
https://www.ferrari.com/en-EN/auto/208-gts,engine,clutch,single-plate
https://www.ferrari.com/en-EN/auto/208-gts,chassis,frame,tubular steel
https://www.ferrari.com/en-EN/auto/208-gts,chassis,front_suspension,"independent, unequal-length wishbones, coil springs over telescopic shock absorbers, anti-roll bar"
https://www.ferrari.com/en-EN/auto/208-gts,chassis,rear_suspension,"independent, unequal-length wishbones, coil springs over telescopic shock absorbers, anti-roll bar"
https://www.ferrari.com/en-EN/auto/208-gts,chassis,brakes,discs
https://www.ferrari.com/en-EN/auto/208-gts,chassis,transmission,5-speed + reverse
https://www.ferrari.com/en-EN/auto/208-gts,chassis,steering,rack-and-pinion
https://www.ferrari.com/en-EN/auto/208-gts,chassis,fuel_tank,capacity 74litres
https://www.ferrari.com/en-EN/auto/208-gts,chassis,front_tyres,205/70 VR 14
https://www.ferrari.com/en-EN/auto/208-gts,chassis,rear_tyres,205/70 VR 14
https://www.ferrari.com/en-EN/auto/208-gts,bodywork,type_2,two-seater targa-top
https://www.ferrari.com/en-EN/auto/208-gts,bodywork,length,4230mm
https://www.ferrari.com/en-EN/auto/208-gts,bodywork,width,1720mm
https://www.ferrari.com/en-EN/auto/208-gts,bodywork,height,1120mm
https://www.ferrari.com/en-EN/auto/208-gts,bodywork,wheelbase,2340mm
https://www.ferrari.com/en-EN/auto/208-gts,bodywork,front_track,1460mm
https://www.ferrari.com/en-EN/auto/208-gts,bodywork,rear_track,1460mm
https://www.ferrari.com/en-EN/auto/208-gts,bodywork,weight,1254kg (dry)
https://www.ferrari.com/en-EN/auto/208-gts,performance,top_speed,215km/h
https://www.ferrari.com/en-EN/auto/308-gtbi,engine,type,"rear, transverse, 90° V8"
https://www.ferrari.com/en-EN/auto/308-gtbi,engine,bore_stroke,81 x 71mm
https://www.ferrari.com/en-EN/auto/308-gtbi,engine,unitary_displacement,365.86cc
https://www.ferrari.com/en-EN/auto/308-gtbi,engine,total_displacement,2926.90cc
https://www.ferrari.com/en-EN/auto/308-gtbi,engine,compression_ratio,8.8 : 1
https://www.ferrari.com/en-EN/auto/308-gtbi,engine,maximum_power,157 kW (214 hp) at 6600 rpm
https://www.ferrari.com/en-EN/auto/308-gtbi,engine,power_per_litre,73CV/l
https://www.ferrari.com/en-EN/auto/308-gtbi,engine,maximum_torque,243 Nm (24.8 kgm) at 4600 rpm
https://www.ferrari.com/en-EN/auto/308-gtbi,engine,valve_actuation,"twin overhead camshafts per bank, two valves per cylinder"
https://www.ferrari.com/en-EN/auto/308-gtbi,engine,fuel_feed,Bosch K-Jetronic injection
https://www.ferrari.com/en-EN/auto/308-gtbi,engine,ignition,"electronic, single spark plug per cylinder"
https://www.ferrari.com/en-EN/auto/308-gtbi,engine,lubrication,wet sump
https://www.ferrari.com/en-EN/auto/308-gtbi,engine,clutch,single-plate
https://www.ferrari.com/en-EN/auto/308-gtbi,chassis,frame,tubular steel
https://www.ferrari.com/en-EN/auto/308-gtbi,chassis,front_suspension,"independent, unequal-length wishbones, coil springs over telescopic shock absorbers, anti-roll bar"
https://www.ferrari.com/en-EN/auto/308-gtbi,chassis,rear_suspension,"independent, unequal-length wishbones, coil springs over telescopic shock absorbers, anti-roll bar"
https://www.ferrari.com/en-EN/auto/308-gtbi,chassis,brakes,discs
https://www.ferrari.com/en-EN/auto/308-gtbi,chassis,transmission,5-speed + reverse
https://www.ferrari.com/en-EN/auto/308-gtbi,chassis,steering,rack-and-pinion
https://www.ferrari.com/en-EN/auto/308-gtbi,chassis,fuel_tank,capacity 74litres
https://www.ferrari.com/en-EN/auto/308-gtbi,chassis,front_tyres,205/70 VR 14
https://www.ferrari.com/en-EN/auto/308-gtbi,chassis,rear_tyres,205/70 VR 14
https://www.ferrari.com/en-EN/auto/308-gtbi,bodywork,type_2,two-seater berlinetta
https://www.ferrari.com/en-EN/auto/308-gtbi,bodywork,length,4230mm
https://www.ferrari.com/en-EN/auto/308-gtbi,bodywork,width,1720mm
https://www.ferrari.com/en-EN/auto/308-gtbi,bodywork,height,1120mm
https://www.ferrari.com/en-EN/auto/308-gtbi,bodywork,wheelbase,2340mm
https://www.ferrari.com/en-EN/auto/308-gtbi,bodywork,front_track,1460mm
https://www.ferrari.com/en-EN/auto/308-gtbi,bodywork,rear_track,1460mm
https://www.ferrari.com/en-EN/auto/308-gtbi,bodywork,weight,1286kg (dry)
https://www.ferrari.com/en-EN/auto/308-gtbi,performance,top_speed,240km/h
https://www.ferrari.com/en-EN/auto/308-gtsi,engine,type,"rear, transverse, 90° V8"
https://www.ferrari.com/en-EN/auto/308-gtsi,engine,bore_stroke,81 x 71mm
https://www.ferrari.com/en-EN/auto/308-gtsi,engine,unitary_displacement,365.86cc
https://www.ferrari.com/en-EN/auto/308-gtsi,engine,total_displacement,2926.90cc
https://www.ferrari.com/en-EN/auto/308-gtsi,engine,compression_ratio,8.8 : 1
https://www.ferrari.com/en-EN/auto/308-gtsi,engine,maximum_power,157 kW (214 hp) at 6600 rpm
https://www.ferrari.com/en-EN/auto/308-gtsi,engine,power_per_litre,73hp/l
https://www.ferrari.com/en-EN/auto/308-gtsi,engine,maximum_torque,243 Nm (24.8 kgm) at 4600 rpm
https://www.ferrari.com/en-EN/auto/308-gtsi,engine,valve_actuation,"twin overhead camshafts per bank, two valves per cylinder"
https://www.ferrari.com/en-EN/auto/308-gtsi,engine,fuel_feed,Bosch K-Jetronic injection
https://www.ferrari.com/en-EN/auto/308-gtsi,engine,ignition,"electronic, single spark plug per cylinder"
https://www.ferrari.com/en-EN/auto/308-gtsi,engine,lubrication,wet sump
https://www.ferrari.com/en-EN/auto/308-gtsi,engine,clutch,single-plate
https://www.ferrari.com/en-EN/auto/308-gtsi,chassis,frame,tubular steel
https://www.ferrari.com/en-EN/auto/308-gtsi,chassis,front_suspension,"independent, unequal-length wishbones, coil springs over telescopic shock absorbers, anti-roll bar"
https://www.ferrari.com/en-EN/auto/308-gtsi,chassis,rear_suspension,"independent, unequal-length wishbones, coil springs over telescopic shock absorbers, anti-roll bar"
https://www.ferrari.com/en-EN/auto/308-gtsi,chassis,brakes,discs
https://www.ferrari.com/en-EN/auto/308-gtsi,chassis,transmission,5-speed + reverse
https://www.ferrari.com/en-EN/auto/308-gtsi,chassis,steering,rack-and-pinion
https://www.ferrari.com/en-EN/auto/308-gtsi,chassis,fuel_tank,capacity 74litres
https://www.ferrari.com/en-EN/auto/308-gtsi,chassis,front_tyres,205/70 VR 14
https://www.ferrari.com/en-EN/auto/308-gtsi,chassis,rear_tyres,205/70 VR 14
https://www.ferrari.com/en-EN/auto/308-gtsi,bodywork,type_2,two-seater targa-top
https://www.ferrari.com/en-EN/auto/308-gtsi,bodywork,length,4230mm
https://www.ferrari.com/en-EN/auto/308-gtsi,bodywork,width,1720mm
https://www.ferrari.com/en-EN/auto/308-gtsi,bodywork,height,1120mm
https://www.ferrari.com/en-EN/auto/308-gtsi,bodywork,wheelbase,2340mm
https://www.ferrari.com/en-EN/auto/308-gtsi,bodywork,front_track,1460mm
https://www.ferrari.com/en-EN/auto/308-gtsi,bodywork,rear_track,1460mm
https://www.ferrari.com/en-EN/auto/308-gtsi,bodywork,weight,1297kg (dry)
https://www.ferrari.com/en-EN/auto/308-gtsi,performance,top_speed,240km/h
https://www.ferrari.com/en-EN/auto/mondial-8,engine,type,"rear, transverse, 90° V8"
https://www.ferrari.com/en-EN/auto/mondial-8,engine,bore_stroke,81 x 71mm
https://www.ferrari.com/en-EN/auto/mondial-8,engine,unitary_displacement,365.86cc
https://www.ferrari.com/en-EN/auto/mondial-8,engine,total_displacement,2926.90cc
https://www.ferrari.com/en-EN/auto/mondial-8,engine,compression_ratio,8.8 : 1
https://www.ferrari.com/en-EN/auto/mondial-8,engine,maximum_power,157 kW (214 hp) at 6600 rpm
https://www.ferrari.com/en-EN/auto/mondial-8,engine,power_per_litre,73hp/l
https://www.ferrari.com/en-EN/auto/mondial-8,engine,maximum_torque,243 Nm (24.8 kgm) at 4600 rpm
https://www.ferrari.com/en-EN/auto/mondial-8,engine,valve_actuation,"twin overhead camshafts per bank, two valves per cylinder"
https://www.ferrari.com/en-EN/auto/mondial-8,engine,fuel_feed,Bosch K-Jetronic injection
https://www.ferrari.com/en-EN/auto/mondial-8,engine,ignition,"electronic, single spark plug per cylinder"
https://www.ferrari.com/en-EN/auto/mondial-8,engine,lubrication,wet sump
https://www.ferrari.com/en-EN/auto/mondial-8,engine,clutch,single-plate
https://www.ferrari.com/en-EN/auto/mondial-8,chassis,frame,tubular steel
https://www.ferrari.com/en-EN/auto/mondial-8,chassis,front_suspension,"independent, unequal-length wishbones, coil springs over telescopic shock absorbers, anti-roll bar"
https://www.ferrari.com/en-EN/auto/mondial-8,chassis,rear_suspension,"independent, unequal-length wishbones, coil springs over telescopic shock absorbers, anti-roll bar"
https://www.ferrari.com/en-EN/auto/mondial-8,chassis,brakes,discs
https://www.ferrari.com/en-EN/auto/mondial-8,chassis,transmission,5-speed + reverse
https://www.ferrari.com/en-EN/auto/mondial-8,chassis,steering,rack-and-pinion
https://www.ferrari.com/en-EN/auto/mondial-8,chassis,fuel_tank,capacity 84litres
https://www.ferrari.com/en-EN/auto/mondial-8,chassis,front_tyres,240/55 VR 390
https://www.ferrari.com/en-EN/auto/mondial-8,chassis,rear_tyres,240/55 VR 390
https://www.ferrari.com/en-EN/auto/mondial-8,bodywork,type_2,2+2 coupé
https://www.ferrari.com/en-EN/auto/mondial-8,bodywork,length,4580mm
https://www.ferrari.com/en-EN/auto/mondial-8,bodywork,width,1790mm
https://www.ferrari.com/en-EN/auto/mondial-8,bodywork,height,1250mm
https://www.ferrari.com/en-EN/auto/mondial-8,bodywork,wheelbase,2650mm
https://www.ferrari.com/en-EN/auto/mondial-8,bodywork,front_track,1495mm
https://www.ferrari.com/en-EN/auto/mondial-8,bodywork,rear_track,1517mm
https://www.ferrari.com/en-EN/auto/mondial-8,bodywork,weight,1445kg (dry)
https://www.ferrari.com/en-EN/auto/mondial-8,performance,top_speed,230km/h
https://www.ferrari.com/en-EN/auto/mondial-8,performance,x0_400_m,15sec
https://www.ferrari.com/en-EN/auto/mondial-8,performance,x0_1000_m,28sec
https://www.ferrari.com/en-EN/auto/512-bbi,engine,type,"rear, longitudinal flat-12"
https://www.ferrari.com/en-EN/auto/512-bbi,engine,bore_stroke,82 x 78mm
https://www.ferrari.com/en-EN/auto/512-bbi,engine,unitary_displacement,411.92cc
https://www.ferrari.com/en-EN/auto/512-bbi,engine,total_displacement,4943.04cc
https://www.ferrari.com/en-EN/auto/512-bbi,engine,compression_ratio,9.2 : 1
https://www.ferrari.com/en-EN/auto/512-bbi,engine,maximum_power,250 kW (340 hp) at 6000 rpm
https://www.ferrari.com/en-EN/auto/512-bbi,engine,power_per_litre,69hp/l
https://www.ferrari.com/en-EN/auto/512-bbi,engine,valve_actuation,"twin overhead camshafts per bank, two valves per cylinder"
https://www.ferrari.com/en-EN/auto/512-bbi,engine,fuel_feed,Bosch K-Jetronic injection
https://www.ferrari.com/en-EN/auto/512-bbi,engine,ignition,"electronic, single spark plug per cylinder"
https://www.ferrari.com/en-EN/auto/512-bbi,engine,lubrication,dry sump
https://www.ferrari.com/en-EN/auto/512-bbi,engine,clutch,twin-plate
https://www.ferrari.com/en-EN/auto/512-bbi,chassis,frame,tubular steel
https://www.ferrari.com/en-EN/auto/512-bbi,chassis,front_suspension,"independent, unequal-length wishbones, coil springs, telescopic shock absorbers, anti-roll bar"
https://www.ferrari.com/en-EN/auto/512-bbi,chassis,rear_suspension,"independent, unequal-length wishbones, coil springs, twin telescopic shock absorbers each side, anti-roll bar"
https://www.ferrari.com/en-EN/auto/512-bbi,chassis,brakes,discs
https://www.ferrari.com/en-EN/auto/512-bbi,chassis,transmission,5-speed + reverse
https://www.ferrari.com/en-EN/auto/512-bbi,chassis,steering,rack-and-pinion
https://www.ferrari.com/en-EN/auto/512-bbi,chassis,fuel_tank,capacity 120litres
https://www.ferrari.com/en-EN/auto/512-bbi,chassis,front_tyres,240/55 VR 415
https://www.ferrari.com/en-EN/auto/512-bbi,chassis,rear_tyres,240/55 VR 415
https://www.ferrari.com/en-EN/auto/512-bbi,bodywork,type_2,"two-seater, berlinetta"
https://www.ferrari.com/en-EN/auto/512-bbi,bodywork,length,4400mm
https://www.ferrari.com/en-EN/auto/512-bbi,bodywork,width,1830mm
https://www.ferrari.com/en-EN/auto/512-bbi,bodywork,height,1120mm
https://www.ferrari.com/en-EN/auto/512-bbi,bodywork,wheelbase,2500mm
https://www.ferrari.com/en-EN/auto/512-bbi,bodywork,front_track,1508mm
https://www.ferrari.com/en-EN/auto/512-bbi,bodywork,rear_track,1572mm
https://www.ferrari.com/en-EN/auto/512-bbi,bodywork,weight,1499kg (dry)
https://www.ferrari.com/en-EN/auto/512-bbi,performance,top_speed,280km/h
https://www.ferrari.com/en-EN/auto/512-bbi,performance,x0_400_m,14.2sec
https://www.ferrari.com/en-EN/auto/512-bbi,performance,x0_1000_m,25.1sec
https://www.ferrari.com/en-EN/auto/208-gtb-turbo,engine,type,"rear, transverse, 90° V8"
https://www.ferrari.com/en-EN/auto/208-gtb-turbo,engine,bore_stroke,66.8 x 71mm
https://www.ferrari.com/en-EN/auto/208-gtb-turbo,engine,unitary_displacement,248.83cc
https://www.ferrari.com/en-EN/auto/208-gtb-turbo,engine,total_displacement,1990.64cc
https://www.ferrari.com/en-EN/auto/208-gtb-turbo,engine,compression_ratio,7 : 1
https://www.ferrari.com/en-EN/auto/208-gtb-turbo,engine,maximum_power,162 kW (220 hp) at 7000 rpm
https://www.ferrari.com/en-EN/auto/208-gtb-turbo,engine,power_per_litre,111hp/l
https://www.ferrari.com/en-EN/auto/208-gtb-turbo,engine,maximum_torque,240 Nm (24.5 kgm) at 4800 rpm
https://www.ferrari.com/en-EN/auto/208-gtb-turbo,engine,valve_actuation,"twin overhead camshafts per bank, two valves per cylinder"
https://www.ferrari.com/en-EN/auto/208-gtb-turbo,engine,fuel_feed,"Bosch K-Jetronic injection, single turbo"
https://www.ferrari.com/en-EN/auto/208-gtb-turbo,engine,ignition,"electronic, single spark plug per cylinder"
https://www.ferrari.com/en-EN/auto/208-gtb-turbo,engine,lubrication,wet sump
https://www.ferrari.com/en-EN/auto/208-gtb-turbo,engine,clutch,single-plate
https://www.ferrari.com/en-EN/auto/208-gtb-turbo,chassis,frame,tubular steel
https://www.ferrari.com/en-EN/auto/208-gtb-turbo,chassis,front_suspension,"independent, unequal-length wishbones, coil springs over telescopic shock absorbers, anti-roll bar"
https://www.ferrari.com/en-EN/auto/208-gtb-turbo,chassis,rear_suspension,"independent, unequal-length wishbones, coil springs over telescopic shock absorbers, anti-roll bar"
https://www.ferrari.com/en-EN/auto/208-gtb-turbo,chassis,brakes,discs
https://www.ferrari.com/en-EN/auto/208-gtb-turbo,chassis,transmission,5-speed + reverse
https://www.ferrari.com/en-EN/auto/208-gtb-turbo,chassis,steering,Rack-and-pinion
https://www.ferrari.com/en-EN/auto/208-gtb-turbo,chassis,fuel_tank,capacity 74litres
https://www.ferrari.com/en-EN/auto/208-gtb-turbo,chassis,front_tyres,205/55 VR 16
https://www.ferrari.com/en-EN/auto/208-gtb-turbo,chassis,rear_tyres,225/50 VR 16
https://www.ferrari.com/en-EN/auto/208-gtb-turbo,bodywork,type_2,two-seater berlinetta
https://www.ferrari.com/en-EN/auto/208-gtb-turbo,bodywork,length,4230mm
https://www.ferrari.com/en-EN/auto/208-gtb-turbo,bodywork,width,1720mm
https://www.ferrari.com/en-EN/auto/208-gtb-turbo,bodywork,height,1120mm
https://www.ferrari.com/en-EN/auto/208-gtb-turbo,bodywork,wheelbase,2340mm
https://www.ferrari.com/en-EN/auto/208-gtb-turbo,bodywork,front_track,1460mm
https://www.ferrari.com/en-EN/auto/208-gtb-turbo,bodywork,rear_track,1460mm
https://www.ferrari.com/en-EN/auto/208-gtb-turbo,bodywork,weight,1232kg (dry)
https://www.ferrari.com/en-EN/auto/208-gtb-turbo,performance,top_speed,242km/h
https://www.ferrari.com/en-EN/auto/308-gtb-quattrovalvole,engine,type,"rear, transverse, 90° V8"
https://www.ferrari.com/en-EN/auto/308-gtb-quattrovalvole,engine,bore_stroke,81 x 71mm
https://www.ferrari.com/en-EN/auto/308-gtb-quattrovalvole,engine,unitary_displacement,365.86cc
https://www.ferrari.com/en-EN/auto/308-gtb-quattrovalvole,engine,total_displacement,2926.90cc
https://www.ferrari.com/en-EN/auto/308-gtb-quattrovalvole,engine,compression_ratio,9.2 : 1
https://www.ferrari.com/en-EN/auto/308-gtb-quattrovalvole,engine,maximum_power,176 kW (240 hp) at 7000 rpm
https://www.ferrari.com/en-EN/auto/308-gtb-quattrovalvole,engine,power_per_litre,82hp/l
https://www.ferrari.com/en-EN/auto/308-gtb-quattrovalvole,engine,maximum_torque,260 Nm (26.5 kgm) at 5000 rpm
https://www.ferrari.com/en-EN/auto/308-gtb-quattrovalvole,engine,valve_actuation,"twin overhead camshafts per bank, four valves per cylinder"
https://www.ferrari.com/en-EN/auto/308-gtb-quattrovalvole,engine,fuel_feed,Bosch K-Jetronic injection
https://www.ferrari.com/en-EN/auto/308-gtb-quattrovalvole,engine,ignition,"electronic, single spark plug per cylinder"
https://www.ferrari.com/en-EN/auto/308-gtb-quattrovalvole,engine,lubrication,wet sump
https://www.ferrari.com/en-EN/auto/308-gtb-quattrovalvole,engine,clutch,single-plate
https://www.ferrari.com/en-EN/auto/308-gtb-quattrovalvole,chassis,frame,tubular steel
https://www.ferrari.com/en-EN/auto/308-gtb-quattrovalvole,chassis,front_suspension,"independent, unequal-length wishbones, coil springs over telescopic shock absorbers, anti-roll bar"
https://www.ferrari.com/en-EN/auto/308-gtb-quattrovalvole,chassis,rear_suspension,"independent, unequal-length wishbones, coil springs over telescopic shock absorbers, anti-roll bar"
https://www.ferrari.com/en-EN/auto/308-gtb-quattrovalvole,chassis,brakes,discs
https://www.ferrari.com/en-EN/auto/308-gtb-quattrovalvole,chassis,transmission,5-speed + reverse
https://www.ferrari.com/en-EN/auto/308-gtb-quattrovalvole,chassis,steering,rack-and-pinion
https://www.ferrari.com/en-EN/auto/308-gtb-quattrovalvole,chassis,fuel_tank,capacity 74litres
https://www.ferrari.com/en-EN/auto/308-gtb-quattrovalvole,chassis,front_tyres,205/55 VR 16
https://www.ferrari.com/en-EN/auto/308-gtb-quattrovalvole,chassis,rear_tyres,225/50 VR 16
https://www.ferrari.com/en-EN/auto/308-gtb-quattrovalvole,bodywork,type_2,two-seater berlinetta
https://www.ferrari.com/en-EN/auto/308-gtb-quattrovalvole,bodywork,length,4230mm
https://www.ferrari.com/en-EN/auto/308-gtb-quattrovalvole,bodywork,width,1720mm
https://www.ferrari.com/en-EN/auto/308-gtb-quattrovalvole,bodywork,height,1120mm
https://www.ferrari.com/en-EN/auto/308-gtb-quattrovalvole,bodywork,wheelbase,2340mm
https://www.ferrari.com/en-EN/auto/308-gtb-quattrovalvole,bodywork,front_track,1460mm
https://www.ferrari.com/en-EN/auto/308-gtb-quattrovalvole,bodywork,rear_track,1460mm
https://www.ferrari.com/en-EN/auto/308-gtb-quattrovalvole,bodywork,weight,1275kg (dry)
https://www.ferrari.com/en-EN/auto/308-gtb-quattrovalvole,performance,top_speed,255km/h
https://www.ferrari.com/en-EN/auto/308-gtb-quattrovalvole,performance,x0_400_m,14.5sec
https://www.ferrari.com/en-EN/auto/308-gtb-quattrovalvole,performance,x0_1000_m,26.2sec
https://www.ferrari.com/en-EN/auto/308-gts-quattrovalvole,engine,type,"rear, transverse, 90° V8"
https://www.ferrari.com/en-EN/auto/308-gts-quattrovalvole,engine,bore_stroke,81 x 71mm
https://www.ferrari.com/en-EN/auto/308-gts-quattrovalvole,engine,unitary_displacement,365.86cc
https://www.ferrari.com/en-EN/auto/308-gts-quattrovalvole,engine,total_displacement,2926.90cc
https://www.ferrari.com/en-EN/auto/308-gts-quattrovalvole,engine,compression_ratio,9.2 : 1
https://www.ferrari.com/en-EN/auto/308-gts-quattrovalvole,engine,maximum_power,176 kW (240 hp) at 7000 rpm
https://www.ferrari.com/en-EN/auto/308-gts-quattrovalvole,engine,power_per_litre,82hp/l
https://www.ferrari.com/en-EN/auto/308-gts-quattrovalvole,engine,maximum_torque,260 Nm (26.5 kgm) at 5000 rpm
https://www.ferrari.com/en-EN/auto/308-gts-quattrovalvole,engine,valve_actuation,"twin overhead camshafts per bank, four valves per cylinder"
https://www.ferrari.com/en-EN/auto/308-gts-quattrovalvole,engine,fuel_feed,Bosch K-Jetronic injection
https://www.ferrari.com/en-EN/auto/308-gts-quattrovalvole,engine,ignition,"electronic, single spark plug per cylinder"
https://www.ferrari.com/en-EN/auto/308-gts-quattrovalvole,engine,lubrication,wet sump
https://www.ferrari.com/en-EN/auto/308-gts-quattrovalvole,engine,clutch,single-plate
https://www.ferrari.com/en-EN/auto/308-gts-quattrovalvole,chassis,frame,tubular steel
https://www.ferrari.com/en-EN/auto/308-gts-quattrovalvole,chassis,front_suspension,"independent, unequal-length wishbones, coil springs over telescopic shock absorbers, anti-roll bar"
https://www.ferrari.com/en-EN/auto/308-gts-quattrovalvole,chassis,rear_suspension,"independent, unequal-length wishbones, coil springs over telescopic shock absorbers, anti-roll bar"
https://www.ferrari.com/en-EN/auto/308-gts-quattrovalvole,chassis,brakes,discs
https://www.ferrari.com/en-EN/auto/308-gts-quattrovalvole,chassis,transmission,5-speed + reverse
https://www.ferrari.com/en-EN/auto/308-gts-quattrovalvole,chassis,steering,rack-and-pinion
https://www.ferrari.com/en-EN/auto/308-gts-quattrovalvole,chassis,fuel_tank,capacity 74litres
https://www.ferrari.com/en-EN/auto/308-gts-quattrovalvole,chassis,front_tyres,205/55 VR 16
https://www.ferrari.com/en-EN/auto/308-gts-quattrovalvole,chassis,rear_tyres,225/50 VR 16
https://www.ferrari.com/en-EN/auto/308-gts-quattrovalvole,bodywork,type_2,two-seater targa-top
https://www.ferrari.com/en-EN/auto/308-gts-quattrovalvole,bodywork,length,4230mm
https://www.ferrari.com/en-EN/auto/308-gts-quattrovalvole,bodywork,width,1720mm
https://www.ferrari.com/en-EN/auto/308-gts-quattrovalvole,bodywork,height,1120mm
https://www.ferrari.com/en-EN/auto/308-gts-quattrovalvole,bodywork,wheelbase,2340mm
https://www.ferrari.com/en-EN/auto/308-gts-quattrovalvole,bodywork,front_track,1460mm
https://www.ferrari.com/en-EN/auto/308-gts-quattrovalvole,bodywork,rear_track,1460mm
https://www.ferrari.com/en-EN/auto/308-gts-quattrovalvole,bodywork,weight,1286kg (dry)
https://www.ferrari.com/en-EN/auto/308-gts-quattrovalvole,performance,top_speed,255km/h
https://www.ferrari.com/en-EN/auto/308-gts-quattrovalvole,performance,x0_400_m,14.5sec
https://www.ferrari.com/en-EN/auto/308-gts-quattrovalvole,performance,x0_1000_m,26.2sec
https://www.ferrari.com/en-EN/auto/mondial-quattrovalvole,engine,type,"rear, transverse, 90° V8"
https://www.ferrari.com/en-EN/auto/mondial-quattrovalvole,engine,bore_stroke,81 x 71mm
https://www.ferrari.com/en-EN/auto/mondial-quattrovalvole,engine,unitary_displacement,365.86cc
https://www.ferrari.com/en-EN/auto/mondial-quattrovalvole,engine,total_displacement,2926.90cc
https://www.ferrari.com/en-EN/auto/mondial-quattrovalvole,engine,compression_ratio,9.2 : 1
https://www.ferrari.com/en-EN/auto/mondial-quattrovalvole,engine,maximum_power,176 kW (240 hp) at 7000 rpm
https://www.ferrari.com/en-EN/auto/mondial-quattrovalvole,engine,power_per_litre,82hp/l
https://www.ferrari.com/en-EN/auto/mondial-quattrovalvole,engine,maximum_torque,260 Nm (26.5 kgm) at 5000 rpm
https://www.ferrari.com/en-EN/auto/mondial-quattrovalvole,engine,valve_actuation,"twin overhead camshafts per bank, four valves per cylinder"
https://www.ferrari.com/en-EN/auto/mondial-quattrovalvole,engine,fuel_feed,Bosch K-Jetronic injection
https://www.ferrari.com/en-EN/auto/mondial-quattrovalvole,engine,ignition,"electronic, single spark plug per cylinder"
https://www.ferrari.com/en-EN/auto/mondial-quattrovalvole,engine,lubrication,wet sump
https://www.ferrari.com/en-EN/auto/mondial-quattrovalvole,engine,clutch,single-plate
https://www.ferrari.com/en-EN/auto/mondial-quattrovalvole,chassis,frame,tubular steel
https://www.ferrari.com/en-EN/auto/mondial-quattrovalvole,chassis,front_suspension,"independent, unequal-length wishbones, coil springs over telescopic shock absorbers, anti-roll bar"
https://www.ferrari.com/en-EN/auto/mondial-quattrovalvole,chassis,rear_suspension,"independent, unequal-length wishbones, coil springs over telescopic shock absorbers, anti-roll bar"
https://www.ferrari.com/en-EN/auto/mondial-quattrovalvole,chassis,brakes,discs
https://www.ferrari.com/en-EN/auto/mondial-quattrovalvole,chassis,transmission,5-speed + reverse
https://www.ferrari.com/en-EN/auto/mondial-quattrovalvole,chassis,steering,rack-and-pinion
https://www.ferrari.com/en-EN/auto/mondial-quattrovalvole,chassis,fuel_tank,capacity 87litres
https://www.ferrari.com/en-EN/auto/mondial-quattrovalvole,chassis,front_tyres,240/55 VR 390
https://www.ferrari.com/en-EN/auto/mondial-quattrovalvole,chassis,rear_tyres,240/55 VR 390
https://www.ferrari.com/en-EN/auto/mondial-quattrovalvole,bodywork,type_2,2+2 coupé
https://www.ferrari.com/en-EN/auto/mondial-quattrovalvole,bodywork,length,4580mm
https://www.ferrari.com/en-EN/auto/mondial-quattrovalvole,bodywork,width,1790mm
https://www.ferrari.com/en-EN/auto/mondial-quattrovalvole,bodywork,height,1260mm
https://www.ferrari.com/en-EN/auto/mondial-quattrovalvole,bodywork,wheelbase,2650mm
https://www.ferrari.com/en-EN/auto/mondial-quattrovalvole,bodywork,front_track,1495mm
https://www.ferrari.com/en-EN/auto/mondial-quattrovalvole,bodywork,rear_track,1517mm
https://www.ferrari.com/en-EN/auto/mondial-quattrovalvole,bodywork,weight,1430kg (dry)
https://www.ferrari.com/en-EN/auto/mondial-quattrovalvole,performance,top_speed,240km/h
https://www.ferrari.com/en-EN/auto/mondial-quattrovalvole,performance,x0_400_m,14.8sec
https://www.ferrari.com/en-EN/auto/mondial-quattrovalvole,performance,x0_1000_m,27.5sec
https://www.ferrari.com/en-EN/auto/208-gts-turbo,engine,type,"rear, transverse, 90° V8"
https://www.ferrari.com/en-EN/auto/208-gts-turbo,engine,bore_stroke,66.8 x 71mm
https://www.ferrari.com/en-EN/auto/208-gts-turbo,engine,unitary_displacement,248.83cc
https://www.ferrari.com/en-EN/auto/208-gts-turbo,engine,total_displacement,1990.64cc
https://www.ferrari.com/en-EN/auto/208-gts-turbo,engine,compression_ratio,7 : 1
https://www.ferrari.com/en-EN/auto/208-gts-turbo,engine,maximum_power,162 kW (220 hp) at 7000 rpm
https://www.ferrari.com/en-EN/auto/208-gts-turbo,engine,power_per_litre,111hp/l
https://www.ferrari.com/en-EN/auto/208-gts-turbo,engine,maximum_torque,240 Nm (24.5 kgm) at 4800 rpm
https://www.ferrari.com/en-EN/auto/208-gts-turbo,engine,valve_actuation,"twin overhead camshafts per bank, two valves per cylinder"
https://www.ferrari.com/en-EN/auto/208-gts-turbo,engine,fuel_feed,"Bosch K-Jetronic injection, single turbo"
https://www.ferrari.com/en-EN/auto/208-gts-turbo,engine,ignition,"electronic, single spark plug per cylinder"
https://www.ferrari.com/en-EN/auto/208-gts-turbo,engine,lubrication,wet sump
https://www.ferrari.com/en-EN/auto/208-gts-turbo,engine,clutch,single-plate
https://www.ferrari.com/en-EN/auto/208-gts-turbo,chassis,frame,tubular steel
https://www.ferrari.com/en-EN/auto/208-gts-turbo,chassis,front_suspension,"independent, unequal-length wishbones, coil springs over telescopic shock absorbers, anti-roll bar"
https://www.ferrari.com/en-EN/auto/208-gts-turbo,chassis,rear_suspension,"independent, unequal-length wishbones, coil springs over telescopic shock absorbers, anti-roll bar"
https://www.ferrari.com/en-EN/auto/208-gts-turbo,chassis,brakes,discs
https://www.ferrari.com/en-EN/auto/208-gts-turbo,chassis,transmission,5-speed + reverse
https://www.ferrari.com/en-EN/auto/208-gts-turbo,chassis,steering,rack-and-pinion
https://www.ferrari.com/en-EN/auto/208-gts-turbo,chassis,fuel_tank,capacity 74litres
https://www.ferrari.com/en-EN/auto/208-gts-turbo,chassis,front_tyres,205/55 VR 16
https://www.ferrari.com/en-EN/auto/208-gts-turbo,chassis,rear_tyres,225/50 VR 16
https://www.ferrari.com/en-EN/auto/208-gts-turbo,bodywork,type_2,two-seater targa-top
https://www.ferrari.com/en-EN/auto/208-gts-turbo,bodywork,length,4230mm
https://www.ferrari.com/en-EN/auto/208-gts-turbo,bodywork,width,1720mm
https://www.ferrari.com/en-EN/auto/208-gts-turbo,bodywork,height,1120mm
https://www.ferrari.com/en-EN/auto/208-gts-turbo,bodywork,wheelbase,2340mm
https://www.ferrari.com/en-EN/auto/208-gts-turbo,bodywork,front_track,1460mm
https://www.ferrari.com/en-EN/auto/208-gts-turbo,bodywork,rear_track,1460mm
https://www.ferrari.com/en-EN/auto/208-gts-turbo,bodywork,weight,1243kg (dry)
https://www.ferrari.com/en-EN/auto/208-gts-turbo,performance,top_speed,242km/h
https://www.ferrari.com/en-EN/auto/mondial-cabriolet,engine,type,"rear, transverse, 90° V8"
https://www.ferrari.com/en-EN/auto/mondial-cabriolet,engine,bore_stroke,81 x 71mm
https://www.ferrari.com/en-EN/auto/mondial-cabriolet,engine,unitary_displacement,365.86cc
https://www.ferrari.com/en-EN/auto/mondial-cabriolet,engine,total_displacement,2926.90cc
https://www.ferrari.com/en-EN/auto/mondial-cabriolet,engine,compression_ratio,9.2 : 1
https://www.ferrari.com/en-EN/auto/mondial-cabriolet,engine,maximum_power,176 kW (240 hp) at 7000 rpm
https://www.ferrari.com/en-EN/auto/mondial-cabriolet,engine,power_per_litre,82hp/l
https://www.ferrari.com/en-EN/auto/mondial-cabriolet,engine,maximum_torque,260 Nm (26.5 kgm) at 5000 rpm
https://www.ferrari.com/en-EN/auto/mondial-cabriolet,engine,valve_actuation,"twin overhead camshafts per bank, four valves per cylinder"
https://www.ferrari.com/en-EN/auto/mondial-cabriolet,engine,fuel_feed,Bosch K-Jetronic injection
https://www.ferrari.com/en-EN/auto/mondial-cabriolet,engine,ignition,"electronic, single spark plug per cylinder"
https://www.ferrari.com/en-EN/auto/mondial-cabriolet,engine,lubrication,wet sump
https://www.ferrari.com/en-EN/auto/mondial-cabriolet,engine,clutch,single-plate
https://www.ferrari.com/en-EN/auto/mondial-cabriolet,chassis,frame,tubular steel
https://www.ferrari.com/en-EN/auto/mondial-cabriolet,chassis,front_suspension,"independent, unequal-length wishbones, coil springs over telescopic shock absorbers, anti-roll bar"
https://www.ferrari.com/en-EN/auto/mondial-cabriolet,chassis,rear_suspension,"independent, unequal-length wishbones, coil springs over telescopic shock absorbers, anti-roll bar"
https://www.ferrari.com/en-EN/auto/mondial-cabriolet,chassis,brakes,discs
https://www.ferrari.com/en-EN/auto/mondial-cabriolet,chassis,transmission,5-speed + reverse
https://www.ferrari.com/en-EN/auto/mondial-cabriolet,chassis,steering,rack-and-pinion
https://www.ferrari.com/en-EN/auto/mondial-cabriolet,chassis,fuel_tank,capacity 87litres
https://www.ferrari.com/en-EN/auto/mondial-cabriolet,chassis,front_tyres,240/55 VR 390
https://www.ferrari.com/en-EN/auto/mondial-cabriolet,chassis,rear_tyres,240/55 VR 390
https://www.ferrari.com/en-EN/auto/mondial-cabriolet,bodywork,type_2,2+2 cabriolet
https://www.ferrari.com/en-EN/auto/mondial-cabriolet,bodywork,length,4580mm
https://www.ferrari.com/en-EN/auto/mondial-cabriolet,bodywork,width,1790mm
https://www.ferrari.com/en-EN/auto/mondial-cabriolet,bodywork,height,1260mm
https://www.ferrari.com/en-EN/auto/mondial-cabriolet,bodywork,wheelbase,2650mm
https://www.ferrari.com/en-EN/auto/mondial-cabriolet,bodywork,front_track,1495mm
https://www.ferrari.com/en-EN/auto/mondial-cabriolet,bodywork,rear_track,1517mm
https://www.ferrari.com/en-EN/auto/mondial-cabriolet,bodywork,weight,1430kg (dry)
https://www.ferrari.com/en-EN/auto/mondial-cabriolet,performance,top_speed,240km/h
https://www.ferrari.com/en-EN/auto/mondial-cabriolet,performance,x0_400_m,14.8sec
https://www.ferrari.com/en-EN/auto/mondial-cabriolet,performance,x0_1000_m,27.5sec
https://www.ferrari.com/en-EN/auto/gto,engine,type,"rear, longitudinal 90° V8"
https://www.ferrari.com/en-EN/auto/gto,engine,bore_stroke,80 x 71mm
https://www.ferrari.com/en-EN/auto/gto,engine,unitary_displacement,356.88cc
https://www.ferrari.com/en-EN/auto/gto,engine,total_displacement,2855.08cc
https://www.ferrari.com/en-EN/auto/gto,engine,compression_ratio,7.6 : 1
https://www.ferrari.com/en-EN/auto/gto,engine,maximum_power,294 kW (400 hp) at 7000 rpm
https://www.ferrari.com/en-EN/auto/gto,engine,power_per_litre,140hp/l
https://www.ferrari.com/en-EN/auto/gto,engine,maximum_torque,496 Nm (51 kgm) at 3800 rpm
https://www.ferrari.com/en-EN/auto/gto,engine,valve_actuation,"twin overhead camshafts per bank, four valves per cylinder"
https://www.ferrari.com/en-EN/auto/gto,engine,fuel_feed,"Weber-Marelli electronic injection, twin turbos"
https://www.ferrari.com/en-EN/auto/gto,engine,ignition,"Weber-Marelli electronic, single spark plug per cylinder"
https://www.ferrari.com/en-EN/auto/gto,engine,lubrication,dry sump
https://www.ferrari.com/en-EN/auto/gto,engine,clutch,twin-plate
https://www.ferrari.com/en-EN/auto/gto,chassis,frame,tubular steel
https://www.ferrari.com/en-EN/auto/gto,chassis,front_suspension,"independent, unequal-length wishbones, coil springs over telescopic shock absorbers, anti-roll bar"
https://www.ferrari.com/en-EN/auto/gto,chassis,rear_suspension,"independent, unequal-length wishbones, coil springs over telescopic shock absorbers, anti-roll bar"
https://www.ferrari.com/en-EN/auto/gto,chassis,brakes,discs
https://www.ferrari.com/en-EN/auto/gto,chassis,transmission,5-speed + reverse
https://www.ferrari.com/en-EN/auto/gto,chassis,steering,rack-and-pinion
https://www.ferrari.com/en-EN/auto/gto,chassis,fuel_tank,capacity 120litres
https://www.ferrari.com/en-EN/auto/gto,chassis,front_tyres,225/50 VR 16
https://www.ferrari.com/en-EN/auto/gto,chassis,rear_tyres,265/50 VR 16
https://www.ferrari.com/en-EN/auto/gto,bodywork,type_2,two-seater berlinetta
https://www.ferrari.com/en-EN/auto/gto,bodywork,length,4290mm
https://www.ferrari.com/en-EN/auto/gto,bodywork,width,1910mm
https://www.ferrari.com/en-EN/auto/gto,bodywork,height,1120mm
https://www.ferrari.com/en-EN/auto/gto,bodywork,wheelbase,2450mm
https://www.ferrari.com/en-EN/auto/gto,bodywork,front_track,1559mm
https://www.ferrari.com/en-EN/auto/gto,bodywork,rear_track,1562mm
https://www.ferrari.com/en-EN/auto/gto,bodywork,weight,1160kg (dry)
https://www.ferrari.com/en-EN/auto/gto,performance,top_speed,305km/h
https://www.ferrari.com/en-EN/auto/gto,performance,acceleration_0_100_km_h,4.9sec
https://www.ferrari.com/en-EN/auto/gto,performance,x0_400_m,12.7sec
https://www.ferrari.com/en-EN/auto/gto,performance,x0_1000_m,21.8sec
https://www.ferrari.com/en-EN/auto/testarossa,engine,type,"rear, longitudinal flat-12"
https://www.ferrari.com/en-EN/auto/testarossa,engine,bore_stroke,82 x 78mm
https://www.ferrari.com/en-EN/auto/testarossa,engine,unitary_displacement,411.92cc
https://www.ferrari.com/en-EN/auto/testarossa,engine,total_displacement,4943.04cc
https://www.ferrari.com/en-EN/auto/testarossa,engine,compression_ratio,9.3 : 1
https://www.ferrari.com/en-EN/auto/testarossa,engine,maximum_power,287 kW (390 hp) at 6300 rpm
https://www.ferrari.com/en-EN/auto/testarossa,engine,power_per_litre,79hp/l
https://www.ferrari.com/en-EN/auto/testarossa,engine,maximum_torque,490 Nm (50 kgm) at 4500 rpm
https://www.ferrari.com/en-EN/auto/testarossa,engine,valve_actuation,"twin overhead camshafts per bank, four valves per cylinder"
https://www.ferrari.com/en-EN/auto/testarossa,engine,fuel_feed,Bosch K-Jetronic mechanical injection
https://www.ferrari.com/en-EN/auto/testarossa,engine,ignition,"Marelli Microplex electronic, single spark plug per cylinder"
https://www.ferrari.com/en-EN/auto/testarossa,engine,lubrication,dry sump
https://www.ferrari.com/en-EN/auto/testarossa,engine,clutch,twin-plate
https://www.ferrari.com/en-EN/auto/testarossa,chassis,frame,tubular steel
https://www.ferrari.com/en-EN/auto/testarossa,chassis,front_suspension,"independent, unequal-length wishbones, coil springs, telescopic shock absorbers, anti-roll bar"
https://www.ferrari.com/en-EN/auto/testarossa,chassis,rear_suspension,"independent, unequal-length wishbones, coil springs, twin telescopic shock absorbers each side, anti-roll bar"
https://www.ferrari.com/en-EN/auto/testarossa,chassis,brakes,discs
https://www.ferrari.com/en-EN/auto/testarossa,chassis,transmission,5-speed + reverse
https://www.ferrari.com/en-EN/auto/testarossa,chassis,steering,rack-and-pinion
https://www.ferrari.com/en-EN/auto/testarossa,chassis,fuel_tank,capacity 120litres
https://www.ferrari.com/en-EN/auto/testarossa,chassis,front_tyres,225/50 VR 16
https://www.ferrari.com/en-EN/auto/testarossa,chassis,rear_tyres,255/50 VR 16
https://www.ferrari.com/en-EN/auto/testarossa,bodywork,type_2,"two-seater, berlinetta"
https://www.ferrari.com/en-EN/auto/testarossa,bodywork,length,4485mm
https://www.ferrari.com/en-EN/auto/testarossa,bodywork,width,1976mm
https://www.ferrari.com/en-EN/auto/testarossa,bodywork,height,1130mm
https://www.ferrari.com/en-EN/auto/testarossa,bodywork,wheelbase,2550mm
https://www.ferrari.com/en-EN/auto/testarossa,bodywork,front_track,1518mm
https://www.ferrari.com/en-EN/auto/testarossa,bodywork,rear_track,1660mm
https://www.ferrari.com/en-EN/auto/testarossa,bodywork,weight,1506kg (dry)
https://www.ferrari.com/en-EN/auto/testarossa,performance,top_speed,290km/h
https://www.ferrari.com/en-EN/auto/testarossa,performance,acceleration_0_100_km_h,5.8sec
https://www.ferrari.com/en-EN/auto/testarossa,performance,x0_400_m,13.6sec
https://www.ferrari.com/en-EN/auto/testarossa,performance,x0_1000_m,24.1sec
https://www.ferrari.com/en-EN/auto/3.2-mondial,engine,type,"rear, transverse, 90° V8"
https://www.ferrari.com/en-EN/auto/3.2-mondial,engine,bore_stroke,83 x 73.6mm
https://www.ferrari.com/en-EN/auto/3.2-mondial,engine,unitary_displacement,"398,22cc"
https://www.ferrari.com/en-EN/auto/3.2-mondial,engine,total_displacement,3185.76cc
https://www.ferrari.com/en-EN/auto/3.2-mondial,engine,compression_ratio,9.8 : 1
https://www.ferrari.com/en-EN/auto/3.2-mondial,engine,maximum_power,199 kW (270 hp) at 7000 rpm
https://www.ferrari.com/en-EN/auto/3.2-mondial,engine,power_per_litre,85hp/l
https://www.ferrari.com/en-EN/auto/3.2-mondial,engine,maximum_torque,304 Nm (31 kgm) at 5500 rpm
https://www.ferrari.com/en-EN/auto/3.2-mondial,engine,valve_actuation,"twin overhead camshafts per bank, four valves per cylinder"
https://www.ferrari.com/en-EN/auto/3.2-mondial,engine,fuel_feed,Bosch K-Jetronic mechanical injection
https://www.ferrari.com/en-EN/auto/3.2-mondial,engine,ignition,"Marelli Microplex electronic, single spark plug per cylinder"
https://www.ferrari.com/en-EN/auto/3.2-mondial,engine,lubrication,wet sump
https://www.ferrari.com/en-EN/auto/3.2-mondial,engine,clutch,single-plate
https://www.ferrari.com/en-EN/auto/3.2-mondial,chassis,frame,tubular steel
https://www.ferrari.com/en-EN/auto/3.2-mondial,chassis,front_suspension,"independent, unequal-length wishbones, coil springs over telescopic shock absorbers, anti-roll bar"
https://www.ferrari.com/en-EN/auto/3.2-mondial,chassis,rear_suspension,"independent, unequal-length wishbones, coil springs over telescopic shock absorbers, anti-roll bar"
https://www.ferrari.com/en-EN/auto/3.2-mondial,chassis,brakes,discs
https://www.ferrari.com/en-EN/auto/3.2-mondial,chassis,transmission,5-speed + reverse
https://www.ferrari.com/en-EN/auto/3.2-mondial,chassis,steering,rack-and-pinion
https://www.ferrari.com/en-EN/auto/3.2-mondial,chassis,fuel_tank,capacity 80litres
https://www.ferrari.com/en-EN/auto/3.2-mondial,chassis,front_tyres,205/55 VR 16
https://www.ferrari.com/en-EN/auto/3.2-mondial,chassis,rear_tyres,225/55 VR 16
https://www.ferrari.com/en-EN/auto/3.2-mondial,bodywork,type_2,2+2 coupé
https://www.ferrari.com/en-EN/auto/3.2-mondial,bodywork,length,4535mm
https://www.ferrari.com/en-EN/auto/3.2-mondial,bodywork,width,1795mm
https://www.ferrari.com/en-EN/auto/3.2-mondial,bodywork,height,1235mm
https://www.ferrari.com/en-EN/auto/3.2-mondial,bodywork,wheelbase,2650mm
https://www.ferrari.com/en-EN/auto/3.2-mondial,bodywork,front_track,1520mm
https://www.ferrari.com/en-EN/auto/3.2-mondial,bodywork,rear_track,1510mm
https://www.ferrari.com/en-EN/auto/3.2-mondial,bodywork,weight,1410kg (dry)
https://www.ferrari.com/en-EN/auto/3.2-mondial,performance,top_speed,250km/h
https://www.ferrari.com/en-EN/auto/3.2-mondial,performance,acceleration_0_100_km_h,7.4sec
https://www.ferrari.com/en-EN/auto/3.2-mondial,performance,x0_400_m,14.6sec
https://www.ferrari.com/en-EN/auto/3.2-mondial,performance,x0_1000_m,27.2sec
https://www.ferrari.com/en-EN/auto/3.2-mondial-cabriolet,engine,type,"rear, transverse, 90° V8"
https://www.ferrari.com/en-EN/auto/3.2-mondial-cabriolet,engine,bore_stroke,83 x 73.6mm
https://www.ferrari.com/en-EN/auto/3.2-mondial-cabriolet,engine,unitary_displacement,"398,22cc"
https://www.ferrari.com/en-EN/auto/3.2-mondial-cabriolet,engine,total_displacement,3185.76cc
https://www.ferrari.com/en-EN/auto/3.2-mondial-cabriolet,engine,compression_ratio,9.8 : 1
https://www.ferrari.com/en-EN/auto/3.2-mondial-cabriolet,engine,maximum_power,199 kW (270 hp) at 7000 rpm
https://www.ferrari.com/en-EN/auto/3.2-mondial-cabriolet,engine,power_per_litre,85hp/l
https://www.ferrari.com/en-EN/auto/3.2-mondial-cabriolet,engine,maximum_torque,304 Nm (31 kgm) at 5500 rpm
https://www.ferrari.com/en-EN/auto/3.2-mondial-cabriolet,engine,valve_actuation,"twin overhead camshafts per bank, four valves per cylinder"
https://www.ferrari.com/en-EN/auto/3.2-mondial-cabriolet,engine,fuel_feed,Bosch K-Jetronic mechanical injection
https://www.ferrari.com/en-EN/auto/3.2-mondial-cabriolet,engine,ignition,"Marelli Microplex electronic, single spark plug per cylinder"
https://www.ferrari.com/en-EN/auto/3.2-mondial-cabriolet,engine,lubrication,wet sump
https://www.ferrari.com/en-EN/auto/3.2-mondial-cabriolet,engine,clutch,single-plate
https://www.ferrari.com/en-EN/auto/3.2-mondial-cabriolet,chassis,frame,tubular steel
https://www.ferrari.com/en-EN/auto/3.2-mondial-cabriolet,chassis,front_suspension,"independent, unequal-length wishbones, coil springs over telescopic shock absorbers, anti-roll bar"
https://www.ferrari.com/en-EN/auto/3.2-mondial-cabriolet,chassis,rear_suspension,"independent, unequal-length wishbones, coil springs over telescopic shock absorbers, anti-roll bar"
https://www.ferrari.com/en-EN/auto/3.2-mondial-cabriolet,chassis,brakes,discs
https://www.ferrari.com/en-EN/auto/3.2-mondial-cabriolet,chassis,transmission,5-speed + reverse
https://www.ferrari.com/en-EN/auto/3.2-mondial-cabriolet,chassis,steering,rack-and-pinion
https://www.ferrari.com/en-EN/auto/3.2-mondial-cabriolet,chassis,fuel_tank,capacity 80litres
https://www.ferrari.com/en-EN/auto/3.2-mondial-cabriolet,chassis,front_tyres,205/55 VR 16
https://www.ferrari.com/en-EN/auto/3.2-mondial-cabriolet,chassis,rear_tyres,225/55 VR 16
https://www.ferrari.com/en-EN/auto/3.2-mondial-cabriolet,bodywork,type_2,2+2 cabriolet
https://www.ferrari.com/en-EN/auto/3.2-mondial-cabriolet,bodywork,length,4535mm
https://www.ferrari.com/en-EN/auto/3.2-mondial-cabriolet,bodywork,width,1795mm
https://www.ferrari.com/en-EN/auto/3.2-mondial-cabriolet,bodywork,height,1265mm
https://www.ferrari.com/en-EN/auto/3.2-mondial-cabriolet,bodywork,wheelbase,2650mm
https://www.ferrari.com/en-EN/auto/3.2-mondial-cabriolet,bodywork,front_track,1520mm
https://www.ferrari.com/en-EN/auto/3.2-mondial-cabriolet,bodywork,rear_track,1510mm
https://www.ferrari.com/en-EN/auto/3.2-mondial-cabriolet,bodywork,weight,1400kg (dry)
https://www.ferrari.com/en-EN/auto/3.2-mondial-cabriolet,performance,top_speed,250km/h
https://www.ferrari.com/en-EN/auto/3.2-mondial-cabriolet,performance,acceleration_0_100_km_h,7.4sec
https://www.ferrari.com/en-EN/auto/3.2-mondial-cabriolet,performance,x0_400_m,14.6sec
https://www.ferrari.com/en-EN/auto/3.2-mondial-cabriolet,performance,x0_1000_m,27.2sec
https://www.ferrari.com/en-EN/auto/328-gtb,engine,type,"rear, transverse, 90° V8"
https://www.ferrari.com/en-EN/auto/328-gtb,engine,bore_stroke,83 x 73.6mm
https://www.ferrari.com/en-EN/auto/328-gtb,engine,unitary_displacement,"398,22cc"
https://www.ferrari.com/en-EN/auto/328-gtb,engine,total_displacement,3185.76cc
https://www.ferrari.com/en-EN/auto/328-gtb,engine,compression_ratio,9.8 : 1
https://www.ferrari.com/en-EN/auto/328-gtb,engine,maximum_power,199 kW (270 hp) at 7000 rpm
https://www.ferrari.com/en-EN/auto/328-gtb,engine,power_per_litre,85hp/l
https://www.ferrari.com/en-EN/auto/328-gtb,engine,maximum_torque,304 Nm (31 kgm) at 5500 rpm
https://www.ferrari.com/en-EN/auto/328-gtb,engine,valve_actuation,"twin overhead camshafts per bank, four valves per cylinder"
https://www.ferrari.com/en-EN/auto/328-gtb,engine,fuel_feed,Bosch K-Jetronic mechanical injection
https://www.ferrari.com/en-EN/auto/328-gtb,engine,ignition,"Marelli Microplex electronic, single spark plug per cylinder"
https://www.ferrari.com/en-EN/auto/328-gtb,engine,lubrication,wet sump
https://www.ferrari.com/en-EN/auto/328-gtb,engine,clutch,single-plate
https://www.ferrari.com/en-EN/auto/328-gtb,chassis,frame,tubular steel
https://www.ferrari.com/en-EN/auto/328-gtb,chassis,front_suspension,"independent, unequal-length wishbones, coil springs over telescopic shock absorbers, anti-roll bar"
https://www.ferrari.com/en-EN/auto/328-gtb,chassis,rear_suspension,"independent, unequal-length wishbones, coil springs over telescopic shock absorbers, anti-roll bar"
https://www.ferrari.com/en-EN/auto/328-gtb,chassis,brakes,discs
https://www.ferrari.com/en-EN/auto/328-gtb,chassis,transmission,5-speed + reverse
https://www.ferrari.com/en-EN/auto/328-gtb,chassis,steering,rack-and-pinion
https://www.ferrari.com/en-EN/auto/328-gtb,chassis,fuel_tank,capacity 74litres
https://www.ferrari.com/en-EN/auto/328-gtb,chassis,front_tyres,205/55 VR 16
https://www.ferrari.com/en-EN/auto/328-gtb,chassis,rear_tyres,225/50 VR 16
https://www.ferrari.com/en-EN/auto/328-gtb,bodywork,type_2,two-seater berlinetta
https://www.ferrari.com/en-EN/auto/328-gtb,bodywork,length,4255mm
https://www.ferrari.com/en-EN/auto/328-gtb,bodywork,width,1730mm
https://www.ferrari.com/en-EN/auto/328-gtb,bodywork,height,1128mm
https://www.ferrari.com/en-EN/auto/328-gtb,bodywork,wheelbase,2350mm
https://www.ferrari.com/en-EN/auto/328-gtb,bodywork,front_track,1485mm
https://www.ferrari.com/en-EN/auto/328-gtb,bodywork,rear_track,1465mm
https://www.ferrari.com/en-EN/auto/328-gtb,bodywork,weight,1263kg (dry)
https://www.ferrari.com/en-EN/auto/328-gtb,performance,top_speed,263km/h
https://www.ferrari.com/en-EN/auto/328-gtb,performance,acceleration_0_100_km_h,6.4sec
https://www.ferrari.com/en-EN/auto/328-gtb,performance,x0_400_m,14.3sec
https://www.ferrari.com/en-EN/auto/328-gtb,performance,x0_1000_m,25.7sec
https://www.ferrari.com/en-EN/auto/328-gts,engine,type,"rear, transverse, 90° V8"
https://www.ferrari.com/en-EN/auto/328-gts,engine,bore_stroke,83 x 73.6mm
https://www.ferrari.com/en-EN/auto/328-gts,engine,unitary_displacement,"398,22cc"
https://www.ferrari.com/en-EN/auto/328-gts,engine,total_displacement,3185.76cc
https://www.ferrari.com/en-EN/auto/328-gts,engine,compression_ratio,9.8 : 1
https://www.ferrari.com/en-EN/auto/328-gts,engine,maximum_power,199 kW (270 hp) at 7000 rpm
https://www.ferrari.com/en-EN/auto/328-gts,engine,power_per_litre,85hp/l
https://www.ferrari.com/en-EN/auto/328-gts,engine,maximum_torque,304 Nm (31 kgm) at 5500 rpm
https://www.ferrari.com/en-EN/auto/328-gts,engine,valve_actuation,"twin overhead camshafts per bank, four valves per cylinder"
https://www.ferrari.com/en-EN/auto/328-gts,engine,fuel_feed,Bosch K-Jetronic mechanical injection
https://www.ferrari.com/en-EN/auto/328-gts,engine,ignition,"Marelli Microplex electronic, single spark plug per cylinder"
https://www.ferrari.com/en-EN/auto/328-gts,engine,lubrication,wet sump
https://www.ferrari.com/en-EN/auto/328-gts,engine,clutch,single-plate
https://www.ferrari.com/en-EN/auto/328-gts,chassis,frame,tubular steel
https://www.ferrari.com/en-EN/auto/328-gts,chassis,front_suspension,"independent, unequal-length wishbones, coil springs over telescopic shock absorbers, anti-roll bar"
https://www.ferrari.com/en-EN/auto/328-gts,chassis,rear_suspension,"independent, unequal-length wishbones, coil springs over telescopic shock absorbers, anti-roll bar"
https://www.ferrari.com/en-EN/auto/328-gts,chassis,brakes,discs
https://www.ferrari.com/en-EN/auto/328-gts,chassis,transmission,5-speed + reverse
https://www.ferrari.com/en-EN/auto/328-gts,chassis,steering,rack-and-pinion
https://www.ferrari.com/en-EN/auto/328-gts,chassis,fuel_tank,capacity 74litres
https://www.ferrari.com/en-EN/auto/328-gts,chassis,front_tyres,205/55 VR 16
https://www.ferrari.com/en-EN/auto/328-gts,chassis,rear_tyres,225/50 VR 16
https://www.ferrari.com/en-EN/auto/328-gts,bodywork,type_2,two-seater targa-top
https://www.ferrari.com/en-EN/auto/328-gts,bodywork,length,4255mm
https://www.ferrari.com/en-EN/auto/328-gts,bodywork,width,1730mm
https://www.ferrari.com/en-EN/auto/328-gts,bodywork,height,1128mm
https://www.ferrari.com/en-EN/auto/328-gts,bodywork,wheelbase,2350mm
https://www.ferrari.com/en-EN/auto/328-gts,bodywork,front_track,1485mm
https://www.ferrari.com/en-EN/auto/328-gts,bodywork,rear_track,1465mm
https://www.ferrari.com/en-EN/auto/328-gts,bodywork,weight,1273kg (dry)
https://www.ferrari.com/en-EN/auto/328-gts,performance,top_speed,263km/h
https://www.ferrari.com/en-EN/auto/328-gts,performance,acceleration_0_100_km_h,6.4sec
https://www.ferrari.com/en-EN/auto/328-gts,performance,x0_400_m,14.3sec
https://www.ferrari.com/en-EN/auto/328-gts,performance,x0_1000_m,25.7sec
https://www.ferrari.com/en-EN/auto/412,engine,type,"front, longitudinal 60° V12"
https://www.ferrari.com/en-EN/auto/412,engine,bore_stroke,82 x 78mm
https://www.ferrari.com/en-EN/auto/412,engine,unitary_displacement,411.92cc
https://www.ferrari.com/en-EN/auto/412,engine,total_displacement,4943.03cc
https://www.ferrari.com/en-EN/auto/412,engine,compression_ratio,9.6 : 1
https://www.ferrari.com/en-EN/auto/412,engine,maximum_power,250 kW (340 hp) at 6000 rpm
https://www.ferrari.com/en-EN/auto/412,engine,power_per_litre,69hp/l
https://www.ferrari.com/en-EN/auto/412,engine,maximum_torque,451 Nm (46 kgm) at 4200 rpm
https://www.ferrari.com/en-EN/auto/412,engine,valve_actuation,"twin overhead camshafts per bank, two valves per cylinder"
https://www.ferrari.com/en-EN/auto/412,engine,fuel_feed,Bosch K-Jetronic mechanical injection
https://www.ferrari.com/en-EN/auto/412,engine,ignition,"Marelli Microplex electronic, single spark plug per cylinder"
https://www.ferrari.com/en-EN/auto/412,engine,lubrication,wet sump
https://www.ferrari.com/en-EN/auto/412,engine,clutch,automatic: torque converter; manual: twin-plate
https://www.ferrari.com/en-EN/auto/412,chassis,frame,tubular steel
https://www.ferrari.com/en-EN/auto/412,chassis,front_suspension,"independent, unequal-length wishbones, coil springs over telescopic shock absorbers, anti-roll bar"
https://www.ferrari.com/en-EN/auto/412,chassis,rear_suspension,"self-levelling, independent, unequal-length wishbones, twin coil springs over telescopic shock absorbers"
https://www.ferrari.com/en-EN/auto/412,chassis,brakes,discs
https://www.ferrari.com/en-EN/auto/412,chassis,transmission,automatic: 3-speed + reverse; manual: 5-speed + reverse
https://www.ferrari.com/en-EN/auto/412,chassis,steering,rack-and-pinion
https://www.ferrari.com/en-EN/auto/412,chassis,fuel_tank,capacity 120litres
https://www.ferrari.com/en-EN/auto/412,chassis,front_tyres,240/55 VR 16
https://www.ferrari.com/en-EN/auto/412,chassis,rear_tyres,240/55 VR 16
https://www.ferrari.com/en-EN/auto/412,bodywork,type_2,2+2 coupé
https://www.ferrari.com/en-EN/auto/412,bodywork,length,4810mm
https://www.ferrari.com/en-EN/auto/412,bodywork,width,1798mm
https://www.ferrari.com/en-EN/auto/412,bodywork,height,1314mm
https://www.ferrari.com/en-EN/auto/412,bodywork,wheelbase,2700mm
https://www.ferrari.com/en-EN/auto/412,bodywork,front_track,1480mm
https://www.ferrari.com/en-EN/auto/412,bodywork,rear_track,1500mm
https://www.ferrari.com/en-EN/auto/412,bodywork,weight,"dry, automatic: 1810 kg; manual: 1805kg"
https://www.ferrari.com/en-EN/auto/412,performance,top_speed,automatic: 245 km/h; manual: 250km/h
https://www.ferrari.com/en-EN/auto/412,performance,acceleration_0_100_km_h,automatic: 8.3 sec; manual: 6.7sec
https://www.ferrari.com/en-EN/auto/412,performance,x0_400_m,automatic: 15.2 sec; manual: 14.6sec
https://www.ferrari.com/en-EN/auto/412,performance,x0_1000_m,automatic: 27.7 sec; manual: 26.4sec
https://www.ferrari.com/en-EN/auto/gtb-turbo,engine,type,"rear, transverse, 90° V8"
https://www.ferrari.com/en-EN/auto/gtb-turbo,engine,bore_stroke,66.8 x 71mm
https://www.ferrari.com/en-EN/auto/gtb-turbo,engine,unitary_displacement,248.83cc
https://www.ferrari.com/en-EN/auto/gtb-turbo,engine,total_displacement,1990.64cc
https://www.ferrari.com/en-EN/auto/gtb-turbo,engine,compression_ratio,7.5 : 1
https://www.ferrari.com/en-EN/auto/gtb-turbo,engine,maximum_power,187 kW (254 hp) at 6500 rpm
https://www.ferrari.com/en-EN/auto/gtb-turbo,engine,power_per_litre,128hp/l
https://www.ferrari.com/en-EN/auto/gtb-turbo,engine,maximum_torque,328 Nm (33.5 kgm) at 4100 rpm
https://www.ferrari.com/en-EN/auto/gtb-turbo,engine,valve_actuation,"twin overhead camshafts per bank, two valves per cylinder"
https://www.ferrari.com/en-EN/auto/gtb-turbo,engine,fuel_feed,"Bosch K-Jetronic injection, single turbo"
https://www.ferrari.com/en-EN/auto/gtb-turbo,engine,ignition,"Marelli electronic, single spark plug per cylinder"
https://www.ferrari.com/en-EN/auto/gtb-turbo,engine,lubrication,wet sump
https://www.ferrari.com/en-EN/auto/gtb-turbo,engine,clutch,single-plate
https://www.ferrari.com/en-EN/auto/gtb-turbo,chassis,frame,tubular steel
https://www.ferrari.com/en-EN/auto/gtb-turbo,chassis,front_suspension,"independent, unequal-length wishbones, coil springs over telescopic shock absorbers, anti-roll bar"
https://www.ferrari.com/en-EN/auto/gtb-turbo,chassis,rear_suspension,"independent, unequal-length wishbones, coil springs over telescopic shock absorbers, anti-roll bar"
https://www.ferrari.com/en-EN/auto/gtb-turbo,chassis,brakes,discs
https://www.ferrari.com/en-EN/auto/gtb-turbo,chassis,transmission,5-speed + reverse
https://www.ferrari.com/en-EN/auto/gtb-turbo,chassis,steering,rack-and-pinion
https://www.ferrari.com/en-EN/auto/gtb-turbo,chassis,fuel_tank,capacity 74litres
https://www.ferrari.com/en-EN/auto/gtb-turbo,chassis,front_tyres,205/55 VR 16
https://www.ferrari.com/en-EN/auto/gtb-turbo,chassis,rear_tyres,225/50 VR 16
https://www.ferrari.com/en-EN/auto/gtb-turbo,bodywork,type_2,two-seater berlinetta
https://www.ferrari.com/en-EN/auto/gtb-turbo,bodywork,length,4255mm
https://www.ferrari.com/en-EN/auto/gtb-turbo,bodywork,width,1730mm
https://www.ferrari.com/en-EN/auto/gtb-turbo,bodywork,height,1128mm
https://www.ferrari.com/en-EN/auto/gtb-turbo,bodywork,wheelbase,2350mm
https://www.ferrari.com/en-EN/auto/gtb-turbo,bodywork,front_track,1485mm
https://www.ferrari.com/en-EN/auto/gtb-turbo,bodywork,rear_track,1465mm
https://www.ferrari.com/en-EN/auto/gtb-turbo,bodywork,weight,1265kg (dry)
https://www.ferrari.com/en-EN/auto/gtb-turbo,performance,top_speed,253km/h
https://www.ferrari.com/en-EN/auto/gtb-turbo,performance,acceleration_0_100_km_h,6.3sec
https://www.ferrari.com/en-EN/auto/gtb-turbo,performance,x0_400_m,14.3sec
https://www.ferrari.com/en-EN/auto/gtb-turbo,performance,x0_1000_m,25.7sec
https://www.ferrari.com/en-EN/auto/gts-turbo,engine,type,"rear, transverse, 90° V8"
https://www.ferrari.com/en-EN/auto/gts-turbo,engine,bore_stroke,66.8 x 71mm
https://www.ferrari.com/en-EN/auto/gts-turbo,engine,unitary_displacement,248.83cc
https://www.ferrari.com/en-EN/auto/gts-turbo,engine,total_displacement,1990.64cc
https://www.ferrari.com/en-EN/auto/gts-turbo,engine,compression_ratio,7.5 : 1
https://www.ferrari.com/en-EN/auto/gts-turbo,engine,maximum_power,187 kW (254 hp) at 6500 rpm
https://www.ferrari.com/en-EN/auto/gts-turbo,engine,power_per_litre,128hp/l
https://www.ferrari.com/en-EN/auto/gts-turbo,engine,maximum_torque,328 Nm (33.5 kgm) at 4100 rpm
https://www.ferrari.com/en-EN/auto/gts-turbo,engine,valve_actuation,"twin overhead camshafts per bank, two valves per cylinder"
https://www.ferrari.com/en-EN/auto/gts-turbo,engine,fuel_feed,"Bosch K-Jetronic injection, single turbo"
https://www.ferrari.com/en-EN/auto/gts-turbo,engine,ignition,"Marelli electronic, single spark plug per cylinder"
https://www.ferrari.com/en-EN/auto/gts-turbo,engine,lubrication,wet sump
https://www.ferrari.com/en-EN/auto/gts-turbo,engine,clutch,single-plate
https://www.ferrari.com/en-EN/auto/gts-turbo,chassis,frame,tubular steel
https://www.ferrari.com/en-EN/auto/gts-turbo,chassis,front_suspension,"independent, unequal-length wishbones, coil springs over telescopic shock absorbers, anti-roll bar"
https://www.ferrari.com/en-EN/auto/gts-turbo,chassis,rear_suspension,"independent, unequal-length wishbones, coil springs over telescopic shock absorbers, anti-roll bar"
https://www.ferrari.com/en-EN/auto/gts-turbo,chassis,brakes,discs
https://www.ferrari.com/en-EN/auto/gts-turbo,chassis,transmission,5-speed + reverse
https://www.ferrari.com/en-EN/auto/gts-turbo,chassis,steering,rack-and-pinion
https://www.ferrari.com/en-EN/auto/gts-turbo,chassis,fuel_tank,capacity 74litres
https://www.ferrari.com/en-EN/auto/gts-turbo,chassis,front_tyres,205/55 VR 16
https://www.ferrari.com/en-EN/auto/gts-turbo,chassis,rear_tyres,225/50 VR 16
https://www.ferrari.com/en-EN/auto/gts-turbo,bodywork,type_2,two-seater targa-top
https://www.ferrari.com/en-EN/auto/gts-turbo,bodywork,length,4255mm
https://www.ferrari.com/en-EN/auto/gts-turbo,bodywork,width,1730mm
https://www.ferrari.com/en-EN/auto/gts-turbo,bodywork,height,1128mm
https://www.ferrari.com/en-EN/auto/gts-turbo,bodywork,wheelbase,2350mm
https://www.ferrari.com/en-EN/auto/gts-turbo,bodywork,front_track,1485mm
https://www.ferrari.com/en-EN/auto/gts-turbo,bodywork,rear_track,1465mm
https://www.ferrari.com/en-EN/auto/gts-turbo,bodywork,weight,1275kg (dry)
https://www.ferrari.com/en-EN/auto/gts-turbo,performance,top_speed,253km/h
https://www.ferrari.com/en-EN/auto/gts-turbo,performance,acceleration_0_100_km_h,6.3sec
https://www.ferrari.com/en-EN/auto/gts-turbo,performance,x0_400_m,14.3sec
https://www.ferrari.com/en-EN/auto/gts-turbo,performance,x0_1000_m,25.7sec
https://www.ferrari.com/en-EN/auto/408-4rm,engine,type,"rear, longitudinal 90° V8"
https://www.ferrari.com/en-EN/auto/408-4rm,engine,bore_stroke,93 x 73.6mm
https://www.ferrari.com/en-EN/auto/408-4rm,engine,unitary_displacement,499.96cc
https://www.ferrari.com/en-EN/auto/408-4rm,engine,total_displacement,3999.66cc
https://www.ferrari.com/en-EN/auto/408-4rm,engine,compression_ratio,"9,8:1"
https://www.ferrari.com/en-EN/auto/408-4rm,engine,maximum_power,221 kW (300 hp) at 6250 rpm
https://www.ferrari.com/en-EN/auto/408-4rm,engine,power_per_litre,75hp/l
https://www.ferrari.com/en-EN/auto/408-4rm,engine,maximum_torque,373 Nm (38 kgm) at 4500 rpm
https://www.ferrari.com/en-EN/auto/408-4rm,engine,valve_actuation,"twin overhead camshafts per bank, four valves per cylinder"
https://www.ferrari.com/en-EN/auto/408-4rm,engine,fuel_feed,Weber-Marelli electronic injection
https://www.ferrari.com/en-EN/auto/408-4rm,engine,ignition,"electronic, single spark plug per cylinder"
https://www.ferrari.com/en-EN/auto/408-4rm,engine,lubrication,dry sump
https://www.ferrari.com/en-EN/auto/408-4rm,engine,clutch,twin-plate
https://www.ferrari.com/en-EN/auto/408-4rm,chassis,frame,box-section stainless steel monocoque
https://www.ferrari.com/en-EN/auto/408-4rm,chassis,front_suspension,"independent, unequal-length wishbones, coil springs, telescopic shock absorbers, anti-roll bar"
https://www.ferrari.com/en-EN/auto/408-4rm,chassis,rear_suspension,"independent, unequal-length wishbones, coil springs, telescopic shock absorbers, anti-roll bar"
https://www.ferrari.com/en-EN/auto/408-4rm,chassis,brakes,discs
https://www.ferrari.com/en-EN/auto/408-4rm,chassis,transmission,5-speed + reverse
https://www.ferrari.com/en-EN/auto/408-4rm,chassis,steering,rack-and-pinion
https://www.ferrari.com/en-EN/auto/408-4rm,chassis,fuel_tank,capacity 120litres
https://www.ferrari.com/en-EN/auto/408-4rm,chassis,front_tyres,225/50 VR 16
https://www.ferrari.com/en-EN/auto/408-4rm,chassis,rear_tyres,255/50 VR 16
https://www.ferrari.com/en-EN/auto/408-4rm,bodywork,type_2,two-seater berlinetta
https://www.ferrari.com/en-EN/auto/408-4rm,bodywork,length,4220mm
https://www.ferrari.com/en-EN/auto/408-4rm,bodywork,width,1885mm
https://www.ferrari.com/en-EN/auto/408-4rm,bodywork,height,1200mm
https://www.ferrari.com/en-EN/auto/408-4rm,bodywork,wheelbase,2550mm
https://www.ferrari.com/en-EN/auto/408-4rm,bodywork,front_track,1580mm
https://www.ferrari.com/en-EN/auto/408-4rm,bodywork,rear_track,1585mm
https://www.ferrari.com/en-EN/auto/408-4rm,bodywork,weight,1343kg (with liquids)
https://www.ferrari.com/en-EN/auto/f40,engine,type,"rear, longitudinal, 90° V8"
https://www.ferrari.com/en-EN/auto/f40,engine,bore_stroke,82 x 69.5mm
https://www.ferrari.com/en-EN/auto/f40,engine,unitary_displacement,367.03cc
https://www.ferrari.com/en-EN/auto/f40,engine,total_displacement,2936.25cc
https://www.ferrari.com/en-EN/auto/f40,engine,compression_ratio,7.7 : 1
https://www.ferrari.com/en-EN/auto/f40,engine,maximum_power,351.5 kW (478 hp) at 7000 rpm
https://www.ferrari.com/en-EN/auto/f40,engine,power_per_litre,163hp/l
https://www.ferrari.com/en-EN/auto/f40,engine,maximum_torque,577 Nm (58.8 kgm) at 4000 rpm
https://www.ferrari.com/en-EN/auto/f40,engine,valve_actuation,"twin overhead camshafts per bank, four valves per cylinder"
https://www.ferrari.com/en-EN/auto/f40,engine,fuel_feed,"Weber-Marelli electronic injection, twin turbos"
https://www.ferrari.com/en-EN/auto/f40,engine,ignition,"Weber-Marelli electronic, single spark plug per cylinder"
https://www.ferrari.com/en-EN/auto/f40,engine,lubrication,dry sump
https://www.ferrari.com/en-EN/auto/f40,engine,clutch,twin-plate
https://www.ferrari.com/en-EN/auto/f40,chassis,frame,tubular steel and composites
https://www.ferrari.com/en-EN/auto/f40,chassis,front_suspension,"independent, unequal-length wishbones, coil springs over telescopic shock absorbers, anti-roll bar"
https://www.ferrari.com/en-EN/auto/f40,chassis,rear_suspension,"independent, unequal-length wishbones, coil springs over telescopic shock absorbers, anti-roll bar"
https://www.ferrari.com/en-EN/auto/f40,chassis,brakes,discs
https://www.ferrari.com/en-EN/auto/f40,chassis,transmission,5-speed + reverse
https://www.ferrari.com/en-EN/auto/f40,chassis,steering,rack-and-pinion
https://www.ferrari.com/en-EN/auto/f40,chassis,fuel_tank,capacity 120
https://www.ferrari.com/en-EN/auto/f40,chassis,front_tyres,245/40 ZR 17
https://www.ferrari.com/en-EN/auto/f40,chassis,rear_tyres,335/35 ZR 17
https://www.ferrari.com/en-EN/auto/f40,bodywork,type_2,two-seater berlinetta
https://www.ferrari.com/en-EN/auto/f40,bodywork,length,4358mm
https://www.ferrari.com/en-EN/auto/f40,bodywork,width,1970mm
https://www.ferrari.com/en-EN/auto/f40,bodywork,height,1124mm
https://www.ferrari.com/en-EN/auto/f40,bodywork,wheelbase,2450mm
https://www.ferrari.com/en-EN/auto/f40,bodywork,front_track,1594mm
https://www.ferrari.com/en-EN/auto/f40,bodywork,rear_track,1606mm
https://www.ferrari.com/en-EN/auto/f40,bodywork,weight,1100kg (dry)
https://www.ferrari.com/en-EN/auto/f40,performance,top_speed,324km/h
https://www.ferrari.com/en-EN/auto/f40,performance,acceleration_0_100_km_h,4.1sec
https://www.ferrari.com/en-EN/auto/f40,performance,x0_400_m,11.9sec
https://www.ferrari.com/en-EN/auto/f40,performance,x0_1000_m,20.9sec
https://www.ferrari.com/en-EN/auto/348-tb,engine,type,"rear, longitudinal 90° V8"
https://www.ferrari.com/en-EN/auto/348-tb,engine,bore_stroke,85 x 75mm
https://www.ferrari.com/en-EN/auto/348-tb,engine,unitary_displacement,425.59cc
https://www.ferrari.com/en-EN/auto/348-tb,engine,total_displacement,3404.70cc
https://www.ferrari.com/en-EN/auto/348-tb,engine,compression_ratio,10.4 : 1
https://www.ferrari.com/en-EN/auto/348-tb,engine,maximum_power,221 kW (300 hp) at 7200 rpm
https://www.ferrari.com/en-EN/auto/348-tb,engine,power_per_litre,88hp/l
https://www.ferrari.com/en-EN/auto/348-tb,engine,maximum_torque,324 Nm (33 kgm) at 4200 rpm
https://www.ferrari.com/en-EN/auto/348-tb,engine,valve_actuation,"twin overhead camshafts per bank, four valves per cylinder"
https://www.ferrari.com/en-EN/auto/348-tb,engine,fuel_feed,Bosch Motronic electronic injection
https://www.ferrari.com/en-EN/auto/348-tb,engine,ignition,"Bosch static electronic, single spark plug per cylinder"
https://www.ferrari.com/en-EN/auto/348-tb,engine,lubrication,dry sump
https://www.ferrari.com/en-EN/auto/348-tb,engine,clutch,twin-plate
https://www.ferrari.com/en-EN/auto/348-tb,chassis,frame,steel monococque with tubular steel rear sub-frame
https://www.ferrari.com/en-EN/auto/348-tb,chassis,front_suspension,"independent, unequal-length wishbones, coil springs over gas-filled telescopic shock absorbers, anti-roll bar"
https://www.ferrari.com/en-EN/auto/348-tb,chassis,rear_suspension,"iindependent, unequal-length wishbones, coil springs over gas-filled telescopic shock absorbers, anti-roll bar"
https://www.ferrari.com/en-EN/auto/348-tb,chassis,brakes,discs
https://www.ferrari.com/en-EN/auto/348-tb,chassis,transmission,5-speed + reverse
https://www.ferrari.com/en-EN/auto/348-tb,chassis,steering,rack-and-pinion
https://www.ferrari.com/en-EN/auto/348-tb,chassis,fuel_tank,capacity 95litres
https://www.ferrari.com/en-EN/auto/348-tb,chassis,front_tyres,215/50 ZR 17
https://www.ferrari.com/en-EN/auto/348-tb,chassis,rear_tyres,255/50 ZR 17
https://www.ferrari.com/en-EN/auto/348-tb,bodywork,type_2,two-seater berlinetta
https://www.ferrari.com/en-EN/auto/348-tb,bodywork,length,4230mm
https://www.ferrari.com/en-EN/auto/348-tb,bodywork,width,1894mm
https://www.ferrari.com/en-EN/auto/348-tb,bodywork,height,1170mm
https://www.ferrari.com/en-EN/auto/348-tb,bodywork,wheelbase,2450mm
https://www.ferrari.com/en-EN/auto/348-tb,bodywork,front_track,1502mm
https://www.ferrari.com/en-EN/auto/348-tb,bodywork,rear_track,1578mm
https://www.ferrari.com/en-EN/auto/348-tb,bodywork,weight,1393kg (dry)
https://www.ferrari.com/en-EN/auto/348-tb,performance,top_speed,over 275km/h
https://www.ferrari.com/en-EN/auto/348-tb,performance,acceleration_0_100_km_h,5.6sec
https://www.ferrari.com/en-EN/auto/348-tb,performance,x0_1000_m,24.7sec
https://www.ferrari.com/en-EN/auto/348-ts,engine,type,"rear, longitudinal 90° V8"
https://www.ferrari.com/en-EN/auto/348-ts,engine,bore_stroke,85 x 75mm
https://www.ferrari.com/en-EN/auto/348-ts,engine,unitary_displacement,425.59cc
https://www.ferrari.com/en-EN/auto/348-ts,engine,total_displacement,3404.70cc
https://www.ferrari.com/en-EN/auto/348-ts,engine,compression_ratio,10.4 : 1
https://www.ferrari.com/en-EN/auto/348-ts,engine,maximum_power,221 kW (300 hp) at 7200 rpm
https://www.ferrari.com/en-EN/auto/348-ts,engine,power_per_litre,88hp/l
https://www.ferrari.com/en-EN/auto/348-ts,engine,maximum_torque,324 Nm (33 kgm) at 4200 rpm
https://www.ferrari.com/en-EN/auto/348-ts,engine,valve_actuation,"twin overhead camshafts per bank, four valves per cylinder"
https://www.ferrari.com/en-EN/auto/348-ts,engine,fuel_feed,Bosch Motronic electronic injection
https://www.ferrari.com/en-EN/auto/348-ts,engine,ignition,"Bosch static electronic, single spark plug per cylinder"
https://www.ferrari.com/en-EN/auto/348-ts,engine,lubrication,dry sump
https://www.ferrari.com/en-EN/auto/348-ts,engine,clutch,twin-plate
https://www.ferrari.com/en-EN/auto/348-ts,chassis,frame,steel monococque with tubular steel rear sub-frame
https://www.ferrari.com/en-EN/auto/348-ts,chassis,front_suspension,"independent, unequal-length wishbones, coil springs over gas-filled telescopic shock absorbers, anti-roll bar"
https://www.ferrari.com/en-EN/auto/348-ts,chassis,rear_suspension,"independent, unequal-length wishbones, coil springs over gas-filled telescopic shock absorbers, anti-roll bar"
https://www.ferrari.com/en-EN/auto/348-ts,chassis,brakes,discs
https://www.ferrari.com/en-EN/auto/348-ts,chassis,transmission,5-speed + reverse
https://www.ferrari.com/en-EN/auto/348-ts,chassis,steering,rack-and-pinion
https://www.ferrari.com/en-EN/auto/348-ts,chassis,fuel_tank,capacity 95litres
https://www.ferrari.com/en-EN/auto/348-ts,chassis,front_tyres,215/50 ZR 17
https://www.ferrari.com/en-EN/auto/348-ts,chassis,rear_tyres,255/50 ZR 17
https://www.ferrari.com/en-EN/auto/348-ts,bodywork,type_2,two-seater targa-top
https://www.ferrari.com/en-EN/auto/348-ts,bodywork,length,4230mm
https://www.ferrari.com/en-EN/auto/348-ts,bodywork,width,1894mm
https://www.ferrari.com/en-EN/auto/348-ts,bodywork,height,1170mm
https://www.ferrari.com/en-EN/auto/348-ts,bodywork,wheelbase,2450mm
https://www.ferrari.com/en-EN/auto/348-ts,bodywork,front_track,1502mm
https://www.ferrari.com/en-EN/auto/348-ts,bodywork,rear_track,1578mm
https://www.ferrari.com/en-EN/auto/348-ts,bodywork,weight,1393kg (dry)
https://www.ferrari.com/en-EN/auto/348-ts,performance,top_speed,over 275km/h
https://www.ferrari.com/en-EN/auto/348-ts,performance,acceleration_0_100_km_h,5.6sec
https://www.ferrari.com/en-EN/auto/348-ts,performance,x0_1000_m,24.7sec
https://www.ferrari.com/en-EN/auto/f40-competizione,engine,type,"rear, longitudinal 90° V8"
https://www.ferrari.com/en-EN/auto/f40-competizione,engine,bore_stroke,82 x 69.5mm
https://www.ferrari.com/en-EN/auto/f40-competizione,engine,unitary_displacement,367.03cc
https://www.ferrari.com/en-EN/auto/f40-competizione,engine,total_displacement,2936.25cc
https://www.ferrari.com/en-EN/auto/f40-competizione,engine,compression_ratio,"7,7:1"
https://www.ferrari.com/en-EN/auto/f40-competizione,engine,maximum_power,515 kW (700 hp) at 8100 rpm
https://www.ferrari.com/en-EN/auto/f40-competizione,engine,power_per_litre,238hp/l
https://www.ferrari.com/en-EN/auto/f40-competizione,engine,valve_actuation,"twin overhead camshafts per bank, four valves per cylinder"
https://www.ferrari.com/en-EN/auto/f40-competizione,engine,fuel_feed,"Weber-Marelli electronic injection, twin turbos"
https://www.ferrari.com/en-EN/auto/f40-competizione,engine,ignition,"Weber-Marelli electronic, single spark plug per cylinder"
https://www.ferrari.com/en-EN/auto/f40-competizione,engine,lubrication,dry sump
https://www.ferrari.com/en-EN/auto/f40-competizione,engine,clutch,multi-plate
https://www.ferrari.com/en-EN/auto/f40-competizione,chassis,frame,tubular steel with composite elements
https://www.ferrari.com/en-EN/auto/f40-competizione,chassis,front_suspension,"independent, unequal-length wishbones, coil springs over telescopic shock absorbers, anti-roll bar"
https://www.ferrari.com/en-EN/auto/f40-competizione,chassis,rear_suspension,"independent, unequal-length wishbones, coil springs over telescopic shock absorbers, anti-roll bar"
https://www.ferrari.com/en-EN/auto/f40-competizione,chassis,brakes,discs
https://www.ferrari.com/en-EN/auto/f40-competizione,chassis,transmission,5-speed + reverse
https://www.ferrari.com/en-EN/auto/f40-competizione,chassis,steering,rack-and-pinion
https://www.ferrari.com/en-EN/auto/f40-competizione,chassis,fuel_tank,capacity 120litres
https://www.ferrari.com/en-EN/auto/f40-competizione,chassis,front_tyres,24.5-12.5-17
https://www.ferrari.com/en-EN/auto/f40-competizione,chassis,rear_tyres,27.5-14.5-17
https://www.ferrari.com/en-EN/auto/f40-competizione,bodywork,type_2,"two-seater, berlinetta"
https://www.ferrari.com/en-EN/auto/f40-competizione,bodywork,length,4535mm
https://www.ferrari.com/en-EN/auto/f40-competizione,bodywork,width,1980mm
https://www.ferrari.com/en-EN/auto/f40-competizione,bodywork,height,1150mm
https://www.ferrari.com/en-EN/auto/f40-competizione,bodywork,wheelbase,2450mm
https://www.ferrari.com/en-EN/auto/f40-competizione,bodywork,front_track,1580mm
https://www.ferrari.com/en-EN/auto/f40-competizione,bodywork,rear_track,1545mm
https://www.ferrari.com/en-EN/auto/f40-competizione,bodywork,weight,1040kg (with liquids)
https://www.ferrari.com/en-EN/auto/f40-competizione,performance,top_speed,367km/h
https://www.ferrari.com/en-EN/auto/mondial-t,engine,type,"rear, longitudinal 90° V8"
https://www.ferrari.com/en-EN/auto/mondial-t,engine,bore_stroke,85 x 75mm
https://www.ferrari.com/en-EN/auto/mondial-t,engine,unitary_displacement,425.59cc
https://www.ferrari.com/en-EN/auto/mondial-t,engine,total_displacement,3404.70cc
https://www.ferrari.com/en-EN/auto/mondial-t,engine,compression_ratio,10.4:1
https://www.ferrari.com/en-EN/auto/mondial-t,engine,maximum_power,221 kW (300 hp) at 7200 rpm
https://www.ferrari.com/en-EN/auto/mondial-t,engine,power_per_litre,88hp/l
https://www.ferrari.com/en-EN/auto/mondial-t,engine,maximum_torque,324 Nm (33 kgm) at 4200 rpm
https://www.ferrari.com/en-EN/auto/mondial-t,engine,valve_actuation,"twin overhead camshafts per bank, four valves per cylinder"
https://www.ferrari.com/en-EN/auto/mondial-t,engine,fuel_feed,Bosch Motronic M2.5 electronic injection
https://www.ferrari.com/en-EN/auto/mondial-t,engine,ignition,"Bosch M2.5 static electronic, single spark plug per cylinder"
https://www.ferrari.com/en-EN/auto/mondial-t,engine,lubrication,dry sump
https://www.ferrari.com/en-EN/auto/mondial-t,engine,clutch,twin-plate
https://www.ferrari.com/en-EN/auto/mondial-t,chassis,frame,tubular steel
https://www.ferrari.com/en-EN/auto/mondial-t,chassis,front_suspension,"independent, unequal-length wishbones, coil springs over gas-filled telescopic shock absorbers, anti-roll bar"
https://www.ferrari.com/en-EN/auto/mondial-t,chassis,rear_suspension,"independent, unequal-length wishbones, coil springs over gas-filled telescopic shock absorbers, anti-roll bar"
https://www.ferrari.com/en-EN/auto/mondial-t,chassis,brakes,discs
https://www.ferrari.com/en-EN/auto/mondial-t,chassis,transmission,5-speed + reverse
https://www.ferrari.com/en-EN/auto/mondial-t,chassis,steering,rack-and-pinion
https://www.ferrari.com/en-EN/auto/mondial-t,chassis,fuel_tank,capacity 86litres
https://www.ferrari.com/en-EN/auto/mondial-t,chassis,front_tyres,205/55 ZR 16
https://www.ferrari.com/en-EN/auto/mondial-t,chassis,rear_tyres,225/55 ZR 16
https://www.ferrari.com/en-EN/auto/mondial-t,bodywork,type_2,2+2 coupé
https://www.ferrari.com/en-EN/auto/mondial-t,bodywork,length,4535mm
https://www.ferrari.com/en-EN/auto/mondial-t,bodywork,width,1810mm
https://www.ferrari.com/en-EN/auto/mondial-t,bodywork,height,1235mm
https://www.ferrari.com/en-EN/auto/mondial-t,bodywork,wheelbase,2650mm
https://www.ferrari.com/en-EN/auto/mondial-t,bodywork,front_track,1522mm
https://www.ferrari.com/en-EN/auto/mondial-t,bodywork,rear_track,1560mm
https://www.ferrari.com/en-EN/auto/mondial-t,bodywork,weight,1426kg (dry)
https://www.ferrari.com/en-EN/auto/mondial-t,performance,top_speed,255km/h
https://www.ferrari.com/en-EN/auto/mondial-t,performance,acceleration_0_100_km_h,6.3sec
https://www.ferrari.com/en-EN/auto/mondial-t,performance,x0_400_m,14.3sec
https://www.ferrari.com/en-EN/auto/mondial-t,performance,x0_1000_m,25.8sec
https://www.ferrari.com/en-EN/auto/mondial-t-cabriolet,engine,type,"rear, longitudinal, 90° V8"
https://www.ferrari.com/en-EN/auto/mondial-t-cabriolet,engine,bore_stroke,85 x 75mm
https://www.ferrari.com/en-EN/auto/mondial-t-cabriolet,engine,unitary_displacement,425.59cc
https://www.ferrari.com/en-EN/auto/mondial-t-cabriolet,engine,total_displacement,3404.70cc
https://www.ferrari.com/en-EN/auto/mondial-t-cabriolet,engine,compression_ratio,"10,4 : 1"
https://www.ferrari.com/en-EN/auto/mondial-t-cabriolet,engine,maximum_power,221 kW (300 hp) at 7200 rpm
https://www.ferrari.com/en-EN/auto/mondial-t-cabriolet,engine,power_per_litre,88hp/l
https://www.ferrari.com/en-EN/auto/mondial-t-cabriolet,engine,maximum_torque,324 Nm (33 kgm) at 4200 rpm
https://www.ferrari.com/en-EN/auto/mondial-t-cabriolet,engine,valve_actuation,"twin overhead camshafts per bank, four valves per cylinder"
https://www.ferrari.com/en-EN/auto/mondial-t-cabriolet,engine,fuel_feed,Bosch Motronic M2.5 electronic injection
https://www.ferrari.com/en-EN/auto/mondial-t-cabriolet,engine,ignition,"Bosch M2.5 static electronic, single spark plug per cylinder"
https://www.ferrari.com/en-EN/auto/mondial-t-cabriolet,engine,lubrication,dry sump
https://www.ferrari.com/en-EN/auto/mondial-t-cabriolet,engine,clutch,twin-plate
https://www.ferrari.com/en-EN/auto/mondial-t-cabriolet,chassis,frame,tubular steel
https://www.ferrari.com/en-EN/auto/mondial-t-cabriolet,chassis,front_suspension,"independent, unequal-length wishbones, coil springs over gas-filled telescopic shock absorbers, anti-roll bar"
https://www.ferrari.com/en-EN/auto/mondial-t-cabriolet,chassis,rear_suspension,"independent, unequal-length wishbones, coil springs over gas-filled telescopic shock absorbers, anti-roll bar"
https://www.ferrari.com/en-EN/auto/mondial-t-cabriolet,chassis,brakes,discs
https://www.ferrari.com/en-EN/auto/mondial-t-cabriolet,chassis,transmission,5-speed + reverse
https://www.ferrari.com/en-EN/auto/mondial-t-cabriolet,chassis,steering,rack-and-pinion
https://www.ferrari.com/en-EN/auto/mondial-t-cabriolet,chassis,fuel_tank,capacity 86litres
https://www.ferrari.com/en-EN/auto/mondial-t-cabriolet,chassis,front_tyres,205/55 ZR 16
https://www.ferrari.com/en-EN/auto/mondial-t-cabriolet,chassis,rear_tyres,225/55 ZR 16
https://www.ferrari.com/en-EN/auto/mondial-t-cabriolet,bodywork,type_2,2+2 cabriolet
https://www.ferrari.com/en-EN/auto/mondial-t-cabriolet,bodywork,length,4535mm
https://www.ferrari.com/en-EN/auto/mondial-t-cabriolet,bodywork,width,1810mm
https://www.ferrari.com/en-EN/auto/mondial-t-cabriolet,bodywork,height,1235mm
https://www.ferrari.com/en-EN/auto/mondial-t-cabriolet,bodywork,wheelbase,2650mm
https://www.ferrari.com/en-EN/auto/mondial-t-cabriolet,bodywork,front_track,1522mm
https://www.ferrari.com/en-EN/auto/mondial-t-cabriolet,bodywork,rear_track,1560mm
https://www.ferrari.com/en-EN/auto/mondial-t-cabriolet,bodywork,weight,1468kg (dry)
https://www.ferrari.com/en-EN/auto/mondial-t-cabriolet,performance,top_speed,255km/h
https://www.ferrari.com/en-EN/auto/mondial-t-cabriolet,performance,acceleration_0_100_km_h,6.3sec
https://www.ferrari.com/en-EN/auto/mondial-t-cabriolet,performance,x0_400_m,14.3sec
https://www.ferrari.com/en-EN/auto/mondial-t-cabriolet,performance,x0_1000_m,25.8sec
https://www.ferrari.com/en-EN/auto/512-tr,engine,type,"rear, longitudinal flat-12"
https://www.ferrari.com/en-EN/auto/512-tr,engine,bore_stroke,82 x 78mm
https://www.ferrari.com/en-EN/auto/512-tr,engine,unitary_displacement,411.92cc
https://www.ferrari.com/en-EN/auto/512-tr,engine,total_displacement,4943.03cc
https://www.ferrari.com/en-EN/auto/512-tr,engine,compression_ratio,10 : 1
https://www.ferrari.com/en-EN/auto/512-tr,engine,maximum_power,315 kW (428 hp) at 6750 rpm
https://www.ferrari.com/en-EN/auto/512-tr,engine,power_per_litre,87hp/l
https://www.ferrari.com/en-EN/auto/512-tr,engine,maximum_torque,491 Nm (50 kgm) at 5500 rpm
https://www.ferrari.com/en-EN/auto/512-tr,engine,valve_actuation,"twin overhead camshafts per bank, four valves per cylinder"
https://www.ferrari.com/en-EN/auto/512-tr,engine,fuel_feed,Bosch Motronic M2.7 electronic injection
https://www.ferrari.com/en-EN/auto/512-tr,engine,ignition,"Bosch Motronic M2.7 electronic, single spark plug per cylinder"
https://www.ferrari.com/en-EN/auto/512-tr,engine,lubrication,dry sump
https://www.ferrari.com/en-EN/auto/512-tr,engine,clutch,single-plate
https://www.ferrari.com/en-EN/auto/512-tr,chassis,frame,tubular steel
https://www.ferrari.com/en-EN/auto/512-tr,chassis,front_suspension,"independent, unequal-length wishbones, coil springs, gas-filled telescopic shock absorbers, anti-roll bar"
https://www.ferrari.com/en-EN/auto/512-tr,chassis,rear_suspension,"independent, unequal-length wishbones, coil springs, twin gas-filled telescopic shock absorbers each side, anti-roll bar"
https://www.ferrari.com/en-EN/auto/512-tr,chassis,brakes,discs
https://www.ferrari.com/en-EN/auto/512-tr,chassis,transmission,5-speed + reverse
https://www.ferrari.com/en-EN/auto/512-tr,chassis,steering,rack-and-pinion
https://www.ferrari.com/en-EN/auto/512-tr,chassis,fuel_tank,capacity 100litres
https://www.ferrari.com/en-EN/auto/512-tr,chassis,front_tyres,235/40 ZR 18
https://www.ferrari.com/en-EN/auto/512-tr,chassis,rear_tyres,295/35 ZR 18
https://www.ferrari.com/en-EN/auto/512-tr,bodywork,type_2,"two-seater, berlinetta"
https://www.ferrari.com/en-EN/auto/512-tr,bodywork,length,4480mm
https://www.ferrari.com/en-EN/auto/512-tr,bodywork,width,1976mm
https://www.ferrari.com/en-EN/auto/512-tr,bodywork,height,1135mm
https://www.ferrari.com/en-EN/auto/512-tr,bodywork,wheelbase,2550mm
https://www.ferrari.com/en-EN/auto/512-tr,bodywork,front_track,1532mm
https://www.ferrari.com/en-EN/auto/512-tr,bodywork,rear_track,1644mm
https://www.ferrari.com/en-EN/auto/512-tr,bodywork,weight,1473kg (dry)
https://www.ferrari.com/en-EN/auto/512-tr,performance,top_speed,313.8km/h
https://www.ferrari.com/en-EN/auto/512-tr,performance,acceleration_0_100_km_h,4.8sec
https://www.ferrari.com/en-EN/auto/512-tr,performance,x0_1000_m,22.9sec
https://www.ferrari.com/en-EN/auto/456-gt,engine,type,"front, longitudinal 65° V12"
https://www.ferrari.com/en-EN/auto/456-gt,engine,bore_stroke,88 x 75mm
https://www.ferrari.com/en-EN/auto/456-gt,engine,unitary_displacement,456.16cc
https://www.ferrari.com/en-EN/auto/456-gt,engine,total_displacement,5473.91cc
https://www.ferrari.com/en-EN/auto/456-gt,engine,compression_ratio,10.6 : 1
https://www.ferrari.com/en-EN/auto/456-gt,engine,maximum_power,325 kW (442 hp) at 6250 rpm
https://www.ferrari.com/en-EN/auto/456-gt,engine,power_per_litre,81hp/l
https://www.ferrari.com/en-EN/auto/456-gt,engine,maximum_torque,550 Nm (56 kgm) at 4500 rpm
https://www.ferrari.com/en-EN/auto/456-gt,engine,valve_actuation,"twin overhead camshafts per bank, two valves per cylinder"
https://www.ferrari.com/en-EN/auto/456-gt,engine,fuel_feed,Bosch Motronic M2.7 electronic injection
https://www.ferrari.com/en-EN/auto/456-gt,engine,ignition,"Bosch Motronic M2.7 electronic static, single spark plug per cylinder"
https://www.ferrari.com/en-EN/auto/456-gt,engine,lubrication,dry sump
https://www.ferrari.com/en-EN/auto/456-gt,engine,clutch,single-plate
https://www.ferrari.com/en-EN/auto/456-gt,chassis,frame,tubular steel
https://www.ferrari.com/en-EN/auto/456-gt,chassis,front_suspension,"independent, unequal-length wishbones, coil springs over gas-filled telescopic shock absorbers, anti-roll bar"
https://www.ferrari.com/en-EN/auto/456-gt,chassis,rear_suspension,"self-levelling, independent, unequal-length wishbones, coil springs over gas-filled telescopic shock absorbers, anti-roll bar"
https://www.ferrari.com/en-EN/auto/456-gt,chassis,brakes,discs
https://www.ferrari.com/en-EN/auto/456-gt,chassis,transmission,6-speed + reverse
https://www.ferrari.com/en-EN/auto/456-gt,chassis,steering,rack-and-pinion
https://www.ferrari.com/en-EN/auto/456-gt,chassis,fuel_tank,capacity 110litres
https://www.ferrari.com/en-EN/auto/456-gt,chassis,front_tyres,255/45 ZR 17
https://www.ferrari.com/en-EN/auto/456-gt,chassis,rear_tyres,285/40 ZR 17
https://www.ferrari.com/en-EN/auto/456-gt,bodywork,type_2,2+2 coupé
https://www.ferrari.com/en-EN/auto/456-gt,bodywork,length,4730mm
https://www.ferrari.com/en-EN/auto/456-gt,bodywork,width,1920mm
https://www.ferrari.com/en-EN/auto/456-gt,bodywork,height,1300mm
https://www.ferrari.com/en-EN/auto/456-gt,bodywork,wheelbase,2600mm
https://www.ferrari.com/en-EN/auto/456-gt,bodywork,front_track,1585mm
https://www.ferrari.com/en-EN/auto/456-gt,bodywork,rear_track,1606mm
https://www.ferrari.com/en-EN/auto/456-gt,bodywork,weight,1690kg (dry)
https://www.ferrari.com/en-EN/auto/456-gt,performance,top_speed,over 300km/h
https://www.ferrari.com/en-EN/auto/456-gt,performance,acceleration_0_100_km_h,5.2sec
https://www.ferrari.com/en-EN/auto/456-gt,performance,x0_400_m,13.3sec
https://www.ferrari.com/en-EN/auto/456-gt,performance,x0_1000_m,23.3sec
https://www.ferrari.com/en-EN/auto/456-gt,consumption_and_emission,urban_test_cycle_homologation_4_1993_with_precedent_test_method,"29,8 l/100km"
https://www.ferrari.com/en-EN/auto/456-gt,consumption_and_emission,motorway_at_90_km_h_homologation_4_1993_with_precedent_test_method,"11,6 l/100km"
https://www.ferrari.com/en-EN/auto/456-gt,consumption_and_emission,motorway_at_120_km_h_homologation_4_1993_with_precedent_test_method,"12,7 l/100km"
https://www.ferrari.com/en-EN/auto/348-challenge,engine,type,"rear, longitudinal 90° V8"
https://www.ferrari.com/en-EN/auto/348-challenge,engine,bore_stroke,85 x 75mm
https://www.ferrari.com/en-EN/auto/348-challenge,engine,unitary_displacement,425.59cc
https://www.ferrari.com/en-EN/auto/348-challenge,engine,total_displacement,3404.70cc
https://www.ferrari.com/en-EN/auto/348-challenge,engine,compression_ratio,"10,8:1"
https://www.ferrari.com/en-EN/auto/348-challenge,engine,maximum_power,235 kW (320 hp) at 7200 rpm
https://www.ferrari.com/en-EN/auto/348-challenge,engine,power_per_litre,94hp/l
https://www.ferrari.com/en-EN/auto/348-challenge,engine,maximum_torque,324 Nm (33 kgm) at 5000 rpm
https://www.ferrari.com/en-EN/auto/348-challenge,engine,valve_actuation,"twin overhead camshafts per bank, four valves per cylinder"
https://www.ferrari.com/en-EN/auto/348-challenge,engine,fuel_feed,Bosch Motronic M2.7 electronic injection
https://www.ferrari.com/en-EN/auto/348-challenge,engine,ignition,"Bosch Motronic M2.7 static electronic, single spark plug per cylinder"
https://www.ferrari.com/en-EN/auto/348-challenge,engine,lubrication,dry sump
https://www.ferrari.com/en-EN/auto/348-challenge,engine,clutch,single-plate
https://www.ferrari.com/en-EN/auto/348-challenge,chassis,frame,steel monocoque with tubular steel rear sub-frame
https://www.ferrari.com/en-EN/auto/348-challenge,chassis,front_suspension,"independent, unequal-length wishbones, coil springs, gas-filled telescopic shock absorbers, anti-roll bar"
https://www.ferrari.com/en-EN/auto/348-challenge,chassis,rear_suspension,"independent, unequal-length wishbones, coil springs, gas-filled telescopic shock absorbers, anti-roll bar"
https://www.ferrari.com/en-EN/auto/348-challenge,chassis,brakes,discs
https://www.ferrari.com/en-EN/auto/348-challenge,chassis,transmission,5-speed + reverse
https://www.ferrari.com/en-EN/auto/348-challenge,chassis,steering,rack-and-pinion
https://www.ferrari.com/en-EN/auto/348-challenge,chassis,fuel_tank,capacity 88litres
https://www.ferrari.com/en-EN/auto/348-challenge,chassis,front_tyres,P Zero 245-620 ZR 17
https://www.ferrari.com/en-EN/auto/348-challenge,chassis,rear_tyres,P Zero 265-640 ZR 17
https://www.ferrari.com/en-EN/auto/348-challenge,bodywork,type_2,two-seater berlinetta or spider
https://www.ferrari.com/en-EN/auto/348-challenge,bodywork,length,4230mm
https://www.ferrari.com/en-EN/auto/348-challenge,bodywork,width,1894mm
https://www.ferrari.com/en-EN/auto/348-challenge,bodywork,height,1170mm
https://www.ferrari.com/en-EN/auto/348-challenge,bodywork,wheelbase,2450mm
https://www.ferrari.com/en-EN/auto/348-challenge,bodywork,front_track,1502mm
https://www.ferrari.com/en-EN/auto/348-challenge,bodywork,rear_track,1578mm
https://www.ferrari.com/en-EN/auto/348-challenge,bodywork,weight,"1360 kg berlinetta, 1370 kg spider (with liquids)"
https://www.ferrari.com/en-EN/auto/348-gt-competizione,engine,type,"rear, longitudinal 90° V8"
https://www.ferrari.com/en-EN/auto/348-gt-competizione,engine,bore_stroke,85 x 75mm
https://www.ferrari.com/en-EN/auto/348-gt-competizione,engine,unitary_displacement,425.59cc
https://www.ferrari.com/en-EN/auto/348-gt-competizione,engine,total_displacement,3404.70cc
https://www.ferrari.com/en-EN/auto/348-gt-competizione,engine,compression_ratio,10.8 : 1
https://www.ferrari.com/en-EN/auto/348-gt-competizione,engine,maximum_power,235 kW (320 hp) at 7200 rpm
https://www.ferrari.com/en-EN/auto/348-gt-competizione,engine,power_per_litre,94hp/l
https://www.ferrari.com/en-EN/auto/348-gt-competizione,engine,maximum_torque,324 Nm (33 kgm) at 5000 rpm
https://www.ferrari.com/en-EN/auto/348-gt-competizione,engine,valve_actuation,"twin overhead camshafts per bank, four valves per cylinder"
https://www.ferrari.com/en-EN/auto/348-gt-competizione,engine,fuel_feed,Bosch Motronic M2.7 electronic injection
https://www.ferrari.com/en-EN/auto/348-gt-competizione,engine,ignition,"Bosch Motronic M2.7 static electronic, single spark plug per cylinder"
https://www.ferrari.com/en-EN/auto/348-gt-competizione,engine,lubrication,dry sump
https://www.ferrari.com/en-EN/auto/348-gt-competizione,engine,clutch,single-plate
https://www.ferrari.com/en-EN/auto/348-gt-competizione,chassis,frame,steel monocoque with tubular steel rear sub-frame
https://www.ferrari.com/en-EN/auto/348-gt-competizione,chassis,front_suspension,"independent, unequal-length wishbones, coil springs over gas-filled telescopic shock absorbers, anti-roll bar"
https://www.ferrari.com/en-EN/auto/348-gt-competizione,chassis,rear_suspension,"independent, unequal-length wishbones, coil springs over gas-filled telescopic shock absorbers, anti-roll bar"
https://www.ferrari.com/en-EN/auto/348-gt-competizione,chassis,brakes,discs
https://www.ferrari.com/en-EN/auto/348-gt-competizione,chassis,transmission,5-speed + reverse
https://www.ferrari.com/en-EN/auto/348-gt-competizione,chassis,steering,rack-and-pinion
https://www.ferrari.com/en-EN/auto/348-gt-competizione,chassis,fuel_tank,capacity 88litres
https://www.ferrari.com/en-EN/auto/348-gt-competizione,chassis,front_tyres,239/645 x 18
https://www.ferrari.com/en-EN/auto/348-gt-competizione,chassis,rear_tyres,265/645 x 18
https://www.ferrari.com/en-EN/auto/348-gt-competizione,bodywork,type_2,two-seater berlinetta
https://www.ferrari.com/en-EN/auto/348-gt-competizione,bodywork,length,4230mm
https://www.ferrari.com/en-EN/auto/348-gt-competizione,bodywork,width,1894mm
https://www.ferrari.com/en-EN/auto/348-gt-competizione,bodywork,height,1170mm
https://www.ferrari.com/en-EN/auto/348-gt-competizione,bodywork,wheelbase,2450mm
https://www.ferrari.com/en-EN/auto/348-gt-competizione,bodywork,front_track,1502mm
https://www.ferrari.com/en-EN/auto/348-gt-competizione,bodywork,rear_track,1578mm
https://www.ferrari.com/en-EN/auto/348-gt-competizione,bodywork,weight,1180kg (dry)
https://www.ferrari.com/en-EN/auto/348-gtb,engine,type,"rear, longitudinal 90° V8"
https://www.ferrari.com/en-EN/auto/348-gtb,engine,bore_stroke,85 x 75mm
https://www.ferrari.com/en-EN/auto/348-gtb,engine,unitary_displacement,425.59cc
https://www.ferrari.com/en-EN/auto/348-gtb,engine,total_displacement,3404.70cc
https://www.ferrari.com/en-EN/auto/348-gtb,engine,compression_ratio,10.8 : 1
https://www.ferrari.com/en-EN/auto/348-gtb,engine,maximum_power,235 kW (320 hp) at 7200 rpm
https://www.ferrari.com/en-EN/auto/348-gtb,engine,power_per_litre,94hp/l
https://www.ferrari.com/en-EN/auto/348-gtb,engine,maximum_torque,324 Nm (33 kgm) at 5000 rpm
https://www.ferrari.com/en-EN/auto/348-gtb,engine,valve_actuation,"twin overhead camshafts per bank, four valves per cylinder"
https://www.ferrari.com/en-EN/auto/348-gtb,engine,fuel_feed,Bosch Motronic M2.7 electronic injection
https://www.ferrari.com/en-EN/auto/348-gtb,engine,ignition,"Bosch Motronic M2.7 static electronic, single spark plug per cylinder"
https://www.ferrari.com/en-EN/auto/348-gtb,engine,lubrication,dry sump
https://www.ferrari.com/en-EN/auto/348-gtb,engine,clutch,single-plate
https://www.ferrari.com/en-EN/auto/348-gtb,chassis,frame,steel monocoque with tubular steel rear sub-frame
https://www.ferrari.com/en-EN/auto/348-gtb,chassis,front_suspension,"independent, unequal-length wishbones, coil springs over gas-filled telescopic shock absorbers, anti-roll bar"
https://www.ferrari.com/en-EN/auto/348-gtb,chassis,rear_suspension,"independent, unequal-length wishbones, coil springs over gas-filled telescopic shock absorbers, anti-roll bar"
https://www.ferrari.com/en-EN/auto/348-gtb,chassis,brakes,discs
https://www.ferrari.com/en-EN/auto/348-gtb,chassis,transmission,5-speed + reverse
https://www.ferrari.com/en-EN/auto/348-gtb,chassis,steering,rack-and-pinion
https://www.ferrari.com/en-EN/auto/348-gtb,chassis,fuel_tank,capacity 88litres
https://www.ferrari.com/en-EN/auto/348-gtb,chassis,front_tyres,215/50 ZR 17
https://www.ferrari.com/en-EN/auto/348-gtb,chassis,rear_tyres,255/45 ZR 17
https://www.ferrari.com/en-EN/auto/348-gtb,bodywork,type_2,two-seater berlinetta
https://www.ferrari.com/en-EN/auto/348-gtb,bodywork,length,4230mm
https://www.ferrari.com/en-EN/auto/348-gtb,bodywork,width,1894mm
https://www.ferrari.com/en-EN/auto/348-gtb,bodywork,height,1170mm
https://www.ferrari.com/en-EN/auto/348-gtb,bodywork,wheelbase,2450mm
https://www.ferrari.com/en-EN/auto/348-gtb,bodywork,front_track,1502mm
https://www.ferrari.com/en-EN/auto/348-gtb,bodywork,rear_track,1578mm
https://www.ferrari.com/en-EN/auto/348-gtb,bodywork,weight,1370kg (dry)
https://www.ferrari.com/en-EN/auto/348-gtb,performance,top_speed,over 280km/h
https://www.ferrari.com/en-EN/auto/348-gtb,performance,acceleration_0_100_km_h,5.4sec
https://www.ferrari.com/en-EN/auto/348-gtb,performance,x0_400_m,13.5sec
https://www.ferrari.com/en-EN/auto/348-gtb,performance,x0_1000_m,24.4sec
https://www.ferrari.com/en-EN/auto/348-gts,engine,type,"rear, longitudinal 90° V8"
https://www.ferrari.com/en-EN/auto/348-gts,engine,bore_stroke,85 x 75mm
https://www.ferrari.com/en-EN/auto/348-gts,engine,unitary_displacement,425.59cc
https://www.ferrari.com/en-EN/auto/348-gts,engine,total_displacement,3404.70cc
https://www.ferrari.com/en-EN/auto/348-gts,engine,compression_ratio,10.8 : 1
https://www.ferrari.com/en-EN/auto/348-gts,engine,maximum_power,235 kW (320 hp) at 7200 rpm
https://www.ferrari.com/en-EN/auto/348-gts,engine,power_per_litre,94hp/l
https://www.ferrari.com/en-EN/auto/348-gts,engine,maximum_torque,324 Nm (33 kgm) at 5000 rpm
https://www.ferrari.com/en-EN/auto/348-gts,engine,valve_actuation,"twin overhead camshafts per bank, four valves per cylinder"
https://www.ferrari.com/en-EN/auto/348-gts,engine,fuel_feed,Bosch Motronic M2.7 electronic injection
https://www.ferrari.com/en-EN/auto/348-gts,engine,ignition,"Bosch Motronic M2.7 static electronic, single spark plug per cylinder"
https://www.ferrari.com/en-EN/auto/348-gts,engine,lubrication,dry sump
https://www.ferrari.com/en-EN/auto/348-gts,engine,clutch,single-plate
https://www.ferrari.com/en-EN/auto/348-gts,chassis,frame,steel monocoque with tubular steel rear sub-frame
https://www.ferrari.com/en-EN/auto/348-gts,chassis,front_suspension,"independent, unequal-length wishbones, coil springs over gas-filled telescopic shock absorbers, anti-roll bar"
https://www.ferrari.com/en-EN/auto/348-gts,chassis,rear_suspension,"independent, unequal-length wishbones, coil springs over gas-filled telescopic shock absorbers, anti-roll bar"
https://www.ferrari.com/en-EN/auto/348-gts,chassis,brakes,discs
https://www.ferrari.com/en-EN/auto/348-gts,chassis,transmission,5-speed + reverse
https://www.ferrari.com/en-EN/auto/348-gts,chassis,steering,rack-and-pinion
https://www.ferrari.com/en-EN/auto/348-gts,chassis,fuel_tank,capacity 88litres
https://www.ferrari.com/en-EN/auto/348-gts,chassis,front_tyres,215/50 ZR 17
https://www.ferrari.com/en-EN/auto/348-gts,chassis,rear_tyres,255/45 ZR 17
https://www.ferrari.com/en-EN/auto/348-gts,bodywork,type_2,two-seater targa-top
https://www.ferrari.com/en-EN/auto/348-gts,bodywork,length,4230mm
https://www.ferrari.com/en-EN/auto/348-gts,bodywork,width,1894mm
https://www.ferrari.com/en-EN/auto/348-gts,bodywork,height,1170mm
https://www.ferrari.com/en-EN/auto/348-gts,bodywork,wheelbase,2450mm
https://www.ferrari.com/en-EN/auto/348-gts,bodywork,front_track,1502mm
https://www.ferrari.com/en-EN/auto/348-gts,bodywork,rear_track,1578mm
https://www.ferrari.com/en-EN/auto/348-gts,bodywork,weight,1370kg (dry)
https://www.ferrari.com/en-EN/auto/348-gts,performance,top_speed,over 280km/h
https://www.ferrari.com/en-EN/auto/348-gts,performance,acceleration_0_100_km_h,5.4sec
https://www.ferrari.com/en-EN/auto/348-gts,performance,x0_400_m,13.5sec
https://www.ferrari.com/en-EN/auto/348-gts,performance,x0_1000_m,24.4sec
https://www.ferrari.com/en-EN/auto/348-spider,engine,type,"rear, longitudinal 90° V8"
https://www.ferrari.com/en-EN/auto/348-spider,engine,bore_stroke,85 x 75mm
https://www.ferrari.com/en-EN/auto/348-spider,engine,unitary_displacement,425.59cc
https://www.ferrari.com/en-EN/auto/348-spider,engine,total_displacement,3404.70cc
https://www.ferrari.com/en-EN/auto/348-spider,engine,compression_ratio,10.8 : 1
https://www.ferrari.com/en-EN/auto/348-spider,engine,maximum_power,235 kW (320 hp) at 7200 rpm
https://www.ferrari.com/en-EN/auto/348-spider,engine,power_per_litre,94hp/l
https://www.ferrari.com/en-EN/auto/348-spider,engine,maximum_torque,324 Nm (33 kgm) at 5000 rpm
https://www.ferrari.com/en-EN/auto/348-spider,engine,valve_actuation,"twin overhead camshafts per bank, four valves per cylinder"
https://www.ferrari.com/en-EN/auto/348-spider,engine,fuel_feed,Bosch Motronic M2.7 electronic injection
https://www.ferrari.com/en-EN/auto/348-spider,engine,ignition,"Bosch Motronic M2.7 static electronic, single spark plug per cylinder"
https://www.ferrari.com/en-EN/auto/348-spider,engine,lubrication,dry sump
https://www.ferrari.com/en-EN/auto/348-spider,engine,clutch,single-plate
https://www.ferrari.com/en-EN/auto/348-spider,chassis,frame,steel monocoque with tubular steel rear sub-frame
https://www.ferrari.com/en-EN/auto/348-spider,chassis,front_suspension,"independent, unequal-length wishbones, coil springs over gas-filled telescopic shock absorbers, anti-roll bar"
https://www.ferrari.com/en-EN/auto/348-spider,chassis,rear_suspension,"independent, unequal-length wishbones, coil springs over gas-filled telescopic shock absorbers, anti-roll bar"
https://www.ferrari.com/en-EN/auto/348-spider,chassis,brakes,discs
https://www.ferrari.com/en-EN/auto/348-spider,chassis,transmission,5-speed + reverse
https://www.ferrari.com/en-EN/auto/348-spider,chassis,steering,rack-and-pinion
https://www.ferrari.com/en-EN/auto/348-spider,chassis,fuel_tank,capacity 88litres
https://www.ferrari.com/en-EN/auto/348-spider,chassis,front_tyres,215/50 ZR 17
https://www.ferrari.com/en-EN/auto/348-spider,chassis,rear_tyres,255/45 ZR 17
https://www.ferrari.com/en-EN/auto/348-spider,bodywork,type_2,two-seater spider
https://www.ferrari.com/en-EN/auto/348-spider,bodywork,length,4230mm
https://www.ferrari.com/en-EN/auto/348-spider,bodywork,width,1894mm
https://www.ferrari.com/en-EN/auto/348-spider,bodywork,height,1170mm
https://www.ferrari.com/en-EN/auto/348-spider,bodywork,wheelbase,2450mm
https://www.ferrari.com/en-EN/auto/348-spider,bodywork,front_track,1502mm
https://www.ferrari.com/en-EN/auto/348-spider,bodywork,rear_track,1578mm
https://www.ferrari.com/en-EN/auto/348-spider,bodywork,weight,1370kg (dry)
https://www.ferrari.com/en-EN/auto/348-spider,performance,top_speed,over 280km/h
https://www.ferrari.com/en-EN/auto/348-spider,performance,acceleration_0_100_km_h,5.4sec
https://www.ferrari.com/en-EN/auto/348-spider,performance,x0_400_m,13.5sec
https://www.ferrari.com/en-EN/auto/348-spider,performance,x0_1000_m,24.4sec
https://www.ferrari.com/en-EN/auto/f333-sp,engine,type,"rear, longitudinal 65° V12"
https://www.ferrari.com/en-EN/auto/f333-sp,engine,bore_stroke,85 x 58.7mm
https://www.ferrari.com/en-EN/auto/f333-sp,engine,unitary_displacement,333.09cc
https://www.ferrari.com/en-EN/auto/f333-sp,engine,total_displacement,3997.11cc
https://www.ferrari.com/en-EN/auto/f333-sp,engine,compression_ratio,13:1
https://www.ferrari.com/en-EN/auto/f333-sp,engine,maximum_power,"478 kW (650 hp) at 11,000 rpm"
https://www.ferrari.com/en-EN/auto/f333-sp,engine,power_per_litre,163hp/l
https://www.ferrari.com/en-EN/auto/f333-sp,engine,maximum_torque,441 Nm (45 kgm) at 9000 rpm
https://www.ferrari.com/en-EN/auto/f333-sp,engine,valve_actuation,"twin overhead camshafts per bank, five valves per cylinder"
https://www.ferrari.com/en-EN/auto/f333-sp,engine,fuel_feed,Weber-Marelli electronic injection
https://www.ferrari.com/en-EN/auto/f333-sp,engine,ignition,"electronic, single spark plug per cylinder"
https://www.ferrari.com/en-EN/auto/f333-sp,engine,lubrication,dry sump
https://www.ferrari.com/en-EN/auto/f333-sp,engine,clutch,multi-plate
https://www.ferrari.com/en-EN/auto/f333-sp,chassis,frame,carbon-fibre and aluminium honeycomb
https://www.ferrari.com/en-EN/auto/f333-sp,chassis,front_suspension,"independent push-rod, unequal-length wishbones, coil springs, telescopic shock absorbers, anti-roll bar"
https://www.ferrari.com/en-EN/auto/f333-sp,chassis,rear_suspension,"independent push-rod, unequal-length wishbones, coil springs, telescopic shock absorbers, anti-roll bar"
https://www.ferrari.com/en-EN/auto/f333-sp,chassis,brakes,discs
https://www.ferrari.com/en-EN/auto/f333-sp,chassis,transmission,sequential 5-speed + reverse
https://www.ferrari.com/en-EN/auto/f333-sp,chassis,steering,rack-and-pinion
https://www.ferrari.com/en-EN/auto/f333-sp,chassis,fuel_tank,capacity 70 or 100litres
https://www.ferrari.com/en-EN/auto/f333-sp,chassis,front_tyres,25-11.5-17
https://www.ferrari.com/en-EN/auto/f333-sp,chassis,rear_tyres,27.5-14.5-17
https://www.ferrari.com/en-EN/auto/f333-sp,bodywork,type_2,two-seater spider
https://www.ferrari.com/en-EN/auto/f333-sp,bodywork,length,4569mm
https://www.ferrari.com/en-EN/auto/f333-sp,bodywork,width,2000mm
https://www.ferrari.com/en-EN/auto/f333-sp,bodywork,height,1025mm
https://www.ferrari.com/en-EN/auto/f333-sp,bodywork,wheelbase,2740mm
https://www.ferrari.com/en-EN/auto/f333-sp,bodywork,front_track,1660mm
https://www.ferrari.com/en-EN/auto/f333-sp,bodywork,rear_track,1572mm
https://www.ferrari.com/en-EN/auto/f333-sp,bodywork,weight,860kg (dry)
https://www.ferrari.com/en-EN/auto/f333-sp,performance,top_speed,368km/h
https://www.ferrari.com/en-EN/auto/f333-sp,performance,acceleration_0_100_km_h,3.3sec
https://www.ferrari.com/en-EN/auto/f355-berlinetta,engine,type,"rear, longitudinal 90° V8"
https://www.ferrari.com/en-EN/auto/f355-berlinetta,engine,bore_stroke,85 x 77mm
https://www.ferrari.com/en-EN/auto/f355-berlinetta,engine,unitary_displacement,436.94cc
https://www.ferrari.com/en-EN/auto/f355-berlinetta,engine,total_displacement,3495.50cc
https://www.ferrari.com/en-EN/auto/f355-berlinetta,engine,compression_ratio,11 : 1
https://www.ferrari.com/en-EN/auto/f355-berlinetta,engine,maximum_power,279 kW (380 hp) at 8250 rpm
https://www.ferrari.com/en-EN/auto/f355-berlinetta,engine,power_per_litre,109hp/l
https://www.ferrari.com/en-EN/auto/f355-berlinetta,engine,maximum_torque,363 Nm (37 kgm) at 6000 rpm
https://www.ferrari.com/en-EN/auto/f355-berlinetta,engine,valve_actuation,"twin overhead camshafts per bank, five valves per cylinder"
https://www.ferrari.com/en-EN/auto/f355-berlinetta,engine,fuel_feed,Bosch Motronic M2.7 electronic injection
https://www.ferrari.com/en-EN/auto/f355-berlinetta,engine,ignition,"Bosch Motronic M2.7 static electronic, single spark plug per cylinder"
https://www.ferrari.com/en-EN/auto/f355-berlinetta,engine,lubrication,dry sump
https://www.ferrari.com/en-EN/auto/f355-berlinetta,engine,clutch,single-plate
https://www.ferrari.com/en-EN/auto/f355-berlinetta,chassis,frame,steel monocoque with tubular steel rear sub-frame
https://www.ferrari.com/en-EN/auto/f355-berlinetta,chassis,front_suspension,"independent, unequal-length wishbones, coil springs over gas-filled telescopic shock absorbers, anti-roll bar"
https://www.ferrari.com/en-EN/auto/f355-berlinetta,chassis,rear_suspension,"independent, unequal-length wishbones, coil springs over gas-filled telescopic shock absorbers, anti-roll bar"
https://www.ferrari.com/en-EN/auto/f355-berlinetta,chassis,brakes,discs
https://www.ferrari.com/en-EN/auto/f355-berlinetta,chassis,transmission,6-speed + reverse
https://www.ferrari.com/en-EN/auto/f355-berlinetta,chassis,steering,rack-and-pinion
https://www.ferrari.com/en-EN/auto/f355-berlinetta,chassis,fuel_tank,capacity 88litres
https://www.ferrari.com/en-EN/auto/f355-berlinetta,chassis,front_tyres,225/40 ZR 18
https://www.ferrari.com/en-EN/auto/f355-berlinetta,chassis,rear_tyres,265/40 ZR 18
https://www.ferrari.com/en-EN/auto/f355-berlinetta,bodywork,type_2,two-seater berlinetta
https://www.ferrari.com/en-EN/auto/f355-berlinetta,bodywork,length,4250mm
https://www.ferrari.com/en-EN/auto/f355-berlinetta,bodywork,width,1900mm
https://www.ferrari.com/en-EN/auto/f355-berlinetta,bodywork,height,1170mm
https://www.ferrari.com/en-EN/auto/f355-berlinetta,bodywork,wheelbase,2450mm
https://www.ferrari.com/en-EN/auto/f355-berlinetta,bodywork,front_track,1514mm
https://www.ferrari.com/en-EN/auto/f355-berlinetta,bodywork,rear_track,1615mm
https://www.ferrari.com/en-EN/auto/f355-berlinetta,bodywork,weight,1350kg (dry)
https://www.ferrari.com/en-EN/auto/f355-berlinetta,performance,top_speed,295km/h
https://www.ferrari.com/en-EN/auto/f355-berlinetta,performance,acceleration_0_100_km_h,4.7sec
https://www.ferrari.com/en-EN/auto/f355-berlinetta,performance,x0_400_m,12.9sec
https://www.ferrari.com/en-EN/auto/f355-berlinetta,performance,x0_1000_m,23.7sec
https://www.ferrari.com/en-EN/auto/f355-gts,engine,type,"rear, longitudinal 90° V8"
https://www.ferrari.com/en-EN/auto/f355-gts,engine,bore_stroke,85 x 77mm
https://www.ferrari.com/en-EN/auto/f355-gts,engine,unitary_displacement,436.94cc
https://www.ferrari.com/en-EN/auto/f355-gts,engine,total_displacement,3495.50cc
https://www.ferrari.com/en-EN/auto/f355-gts,engine,compression_ratio,11 : 1
https://www.ferrari.com/en-EN/auto/f355-gts,engine,maximum_power,279 kW (380 hp) at 8250 rpm
https://www.ferrari.com/en-EN/auto/f355-gts,engine,power_per_litre,109hp/l
https://www.ferrari.com/en-EN/auto/f355-gts,engine,maximum_torque,363 Nm (37 kgm) at 6000 rpm
https://www.ferrari.com/en-EN/auto/f355-gts,engine,valve_actuation,"twin overhead camshafts per bank, five valves per cylinder"
https://www.ferrari.com/en-EN/auto/f355-gts,engine,fuel_feed,Bosch Motronic M2.7 electronic injection
https://www.ferrari.com/en-EN/auto/f355-gts,engine,ignition,"Bosch Motronic M2.7 static electronic, single spark plug per cylinder"
https://www.ferrari.com/en-EN/auto/f355-gts,engine,lubrication,dry sump
https://www.ferrari.com/en-EN/auto/f355-gts,engine,clutch,single-plate
https://www.ferrari.com/en-EN/auto/f355-gts,chassis,frame,steel monocoque with tubular steel rear sub-frame
https://www.ferrari.com/en-EN/auto/f355-gts,chassis,front_suspension,"independent, unequal-length wishbones, coil springs over gas-filled telescopic shock absorbers, anti-roll bar"
https://www.ferrari.com/en-EN/auto/f355-gts,chassis,rear_suspension,"independent, unequal-length wishbones, coil springs over gas-filled telescopic shock absorbers, anti-roll bar"
https://www.ferrari.com/en-EN/auto/f355-gts,chassis,brakes,discs
https://www.ferrari.com/en-EN/auto/f355-gts,chassis,transmission,6-speed + reverse
https://www.ferrari.com/en-EN/auto/f355-gts,chassis,steering,rack-and-pinion
https://www.ferrari.com/en-EN/auto/f355-gts,chassis,fuel_tank,capacity 88litres
https://www.ferrari.com/en-EN/auto/f355-gts,chassis,front_tyres,225/40 ZR 18
https://www.ferrari.com/en-EN/auto/f355-gts,chassis,rear_tyres,265/40 ZR 18
https://www.ferrari.com/en-EN/auto/f355-gts,bodywork,type_2,two-seater targa-top
https://www.ferrari.com/en-EN/auto/f355-gts,bodywork,length,4250mm
https://www.ferrari.com/en-EN/auto/f355-gts,bodywork,width,1900mm
https://www.ferrari.com/en-EN/auto/f355-gts,bodywork,height,1170mm
https://www.ferrari.com/en-EN/auto/f355-gts,bodywork,wheelbase,2450mm
https://www.ferrari.com/en-EN/auto/f355-gts,bodywork,front_track,1514mm
https://www.ferrari.com/en-EN/auto/f355-gts,bodywork,rear_track,1615mm
https://www.ferrari.com/en-EN/auto/f355-gts,bodywork,weight,1350kg (dry)
https://www.ferrari.com/en-EN/auto/f355-gts,performance,top_speed,295km/h
https://www.ferrari.com/en-EN/auto/f355-gts,performance,acceleration_0_100_km_h,4.7sec
https://www.ferrari.com/en-EN/auto/f355-gts,performance,x0_400_m,12.9sec
https://www.ferrari.com/en-EN/auto/f355-gts,performance,x0_1000_m,23.7sec
https://www.ferrari.com/en-EN/auto/f512-m,engine,type,"rear, longitudinal flat-12"
https://www.ferrari.com/en-EN/auto/f512-m,engine,bore_stroke,82 x 78mm
https://www.ferrari.com/en-EN/auto/f512-m,engine,unitary_displacement,411.92cc
https://www.ferrari.com/en-EN/auto/f512-m,engine,total_displacement,4943.04cc
https://www.ferrari.com/en-EN/auto/f512-m,engine,compression_ratio,10.4 : 1
https://www.ferrari.com/en-EN/auto/f512-m,engine,maximum_power,324 kW (440 hp) at 6750 rpm
https://www.ferrari.com/en-EN/auto/f512-m,engine,power_per_litre,89hp/l
https://www.ferrari.com/en-EN/auto/f512-m,engine,maximum_torque,500 Nm (51 kgm) at 5500 rpm
https://www.ferrari.com/en-EN/auto/f512-m,engine,valve_actuation,"twin overhead camshafts per bank, four valves per cylinder"
https://www.ferrari.com/en-EN/auto/f512-m,engine,fuel_feed,Bosch Motronic M2.7 electronic injection
https://www.ferrari.com/en-EN/auto/f512-m,engine,ignition,"Bosch Motronic M2.7 static electronic, single spark plug per cylinder"
https://www.ferrari.com/en-EN/auto/f512-m,engine,lubrication,dry sump
https://www.ferrari.com/en-EN/auto/f512-m,engine,clutch,single-plate
https://www.ferrari.com/en-EN/auto/f512-m,chassis,frame,tubular steel
https://www.ferrari.com/en-EN/auto/f512-m,chassis,front_suspension,"independent, unequal-length wishbones, coil springs over gas-filled telescopic shock absorbers, anti-roll bar"
https://www.ferrari.com/en-EN/auto/f512-m,chassis,rear_suspension,"independent, unequal-length wishbones, coil springs over gas-filled telescopic shock absorbers, anti-roll bar"
https://www.ferrari.com/en-EN/auto/f512-m,chassis,brakes,discs
https://www.ferrari.com/en-EN/auto/f512-m,chassis,transmission,5-speed + reverse
https://www.ferrari.com/en-EN/auto/f512-m,chassis,steering,rack-and-pinion
https://www.ferrari.com/en-EN/auto/f512-m,chassis,fuel_tank,capacity 110litres
https://www.ferrari.com/en-EN/auto/f512-m,chassis,front_tyres,235/40 ZR 18
https://www.ferrari.com/en-EN/auto/f512-m,chassis,rear_tyres,295/35 ZR 18
https://www.ferrari.com/en-EN/auto/f512-m,bodywork,type_2,two-seater berlinetta
https://www.ferrari.com/en-EN/auto/f512-m,bodywork,length,4480mm
https://www.ferrari.com/en-EN/auto/f512-m,bodywork,width,1976mm
https://www.ferrari.com/en-EN/auto/f512-m,bodywork,height,1135mm
https://www.ferrari.com/en-EN/auto/f512-m,bodywork,wheelbase,2550mm
https://www.ferrari.com/en-EN/auto/f512-m,bodywork,front_track,1532mm
https://www.ferrari.com/en-EN/auto/f512-m,bodywork,rear_track,1644mm
https://www.ferrari.com/en-EN/auto/f512-m,bodywork,weight,1455kg (dry)
https://www.ferrari.com/en-EN/auto/f512-m,performance,top_speed,315km/h
https://www.ferrari.com/en-EN/auto/f512-m,performance,acceleration_0_100_km_h,4.7sec
https://www.ferrari.com/en-EN/auto/f512-m,performance,x0_400_m,12.7sec
https://www.ferrari.com/en-EN/auto/f512-m,performance,x0_1000_m,22.7sec
https://www.ferrari.com/en-EN/auto/f355-challenge,engine,type,"rear, longitudinal 90° V8"
https://www.ferrari.com/en-EN/auto/f355-challenge,engine,bore_stroke,85 x 77mm
https://www.ferrari.com/en-EN/auto/f355-challenge,engine,unitary_displacement,436.94cc
https://www.ferrari.com/en-EN/auto/f355-challenge,engine,total_displacement,3495.50cc
https://www.ferrari.com/en-EN/auto/f355-challenge,engine,compression_ratio,11:1
https://www.ferrari.com/en-EN/auto/f355-challenge,engine,maximum_power,279 kW (380 hp) at 8250 rpm
https://www.ferrari.com/en-EN/auto/f355-challenge,engine,power_per_litre,109hp/l
https://www.ferrari.com/en-EN/auto/f355-challenge,engine,maximum_torque,363 Nm (37 kgm) at 6000 rpm
https://www.ferrari.com/en-EN/auto/f355-challenge,engine,valve_actuation,"twin overhead camshafts per bank, five valves per cylinder"
https://www.ferrari.com/en-EN/auto/f355-challenge,engine,fuel_feed,Bosch Motronic M2.7 electronic injection
https://www.ferrari.com/en-EN/auto/f355-challenge,engine,ignition,"Bosch Motronic M2.7 static electronic, single spark plug per cylinder"
https://www.ferrari.com/en-EN/auto/f355-challenge,engine,lubrication,dry sump
https://www.ferrari.com/en-EN/auto/f355-challenge,engine,clutch,single-plate
https://www.ferrari.com/en-EN/auto/f355-challenge,chassis,frame,steel monocoque with tubular steel rear sub-frame
https://www.ferrari.com/en-EN/auto/f355-challenge,chassis,front_suspension,"independent, unequal-length wishbones, coil springs over gas-filled telescopic shock absorbers, anti-roll bar"
https://www.ferrari.com/en-EN/auto/f355-challenge,chassis,rear_suspension,"independent, unequal-length wishbones, coil springs over gas-filled telescopic shock absorbers, anti-roll bar"
https://www.ferrari.com/en-EN/auto/f355-challenge,chassis,brakes,discs
https://www.ferrari.com/en-EN/auto/f355-challenge,chassis,transmission,6-speed + reverse
https://www.ferrari.com/en-EN/auto/f355-challenge,chassis,steering,rack-and-pinion
https://www.ferrari.com/en-EN/auto/f355-challenge,chassis,fuel_tank,capacity 88litres
https://www.ferrari.com/en-EN/auto/f355-challenge,chassis,front_tyres,P Zero 245-645-18
https://www.ferrari.com/en-EN/auto/f355-challenge,chassis,rear_tyres,P Zero 305-645-18
https://www.ferrari.com/en-EN/auto/f355-challenge,bodywork,type_2,two-seater berlinetta
https://www.ferrari.com/en-EN/auto/f355-challenge,bodywork,length,4250mm
https://www.ferrari.com/en-EN/auto/f355-challenge,bodywork,width,1900mm
https://www.ferrari.com/en-EN/auto/f355-challenge,bodywork,height,1170mm
https://www.ferrari.com/en-EN/auto/f355-challenge,bodywork,wheelbase,2450mm
https://www.ferrari.com/en-EN/auto/f355-challenge,bodywork,front_track,1514mm
https://www.ferrari.com/en-EN/auto/f355-challenge,bodywork,rear_track,1615mm
https://www.ferrari.com/en-EN/auto/f355-challenge,bodywork,weight,1355kg (with liquids)
https://www.ferrari.com/en-EN/auto/f355-spider,engine,type,"rear, longitudinal 90° V8"
https://www.ferrari.com/en-EN/auto/f355-spider,engine,bore_stroke,85 x 77mm
https://www.ferrari.com/en-EN/auto/f355-spider,engine,unitary_displacement,436.94cc
https://www.ferrari.com/en-EN/auto/f355-spider,engine,total_displacement,3495.50cc
https://www.ferrari.com/en-EN/auto/f355-spider,engine,compression_ratio,11 : 1
https://www.ferrari.com/en-EN/auto/f355-spider,engine,maximum_power,279 kW (380 hp) at 8250 rpm
https://www.ferrari.com/en-EN/auto/f355-spider,engine,power_per_litre,109hp/l
https://www.ferrari.com/en-EN/auto/f355-spider,engine,maximum_torque,363 Nm (37 kgm) at 6000 rpm
https://www.ferrari.com/en-EN/auto/f355-spider,engine,valve_actuation,"twin overhead camshafts per bank, five valves per cylinder"
https://www.ferrari.com/en-EN/auto/f355-spider,engine,fuel_feed,Bosch Motronic M2.7 electronic injection
https://www.ferrari.com/en-EN/auto/f355-spider,engine,ignition,"Bosch Motronic M2.7 static electronic, single spark plug per cylinder"
https://www.ferrari.com/en-EN/auto/f355-spider,engine,lubrication,dry sump
https://www.ferrari.com/en-EN/auto/f355-spider,engine,clutch,single-plate
https://www.ferrari.com/en-EN/auto/f355-spider,chassis,frame,steel monocoque with tubular steel rear sub-frame
https://www.ferrari.com/en-EN/auto/f355-spider,chassis,front_suspension,"independent, unequal-length wishbones, coil springs over gas-filled telescopic shock absorbers, anti-roll bar"
https://www.ferrari.com/en-EN/auto/f355-spider,chassis,rear_suspension,"independent, unequal-length wishbones, coil springs over gas-filled telescopic shock absorbers, anti-roll bar"
https://www.ferrari.com/en-EN/auto/f355-spider,chassis,brakes,discs
https://www.ferrari.com/en-EN/auto/f355-spider,chassis,transmission,6-speed + reverse
https://www.ferrari.com/en-EN/auto/f355-spider,chassis,steering,rack-and-pinion
https://www.ferrari.com/en-EN/auto/f355-spider,chassis,fuel_tank,capacity 82litres
https://www.ferrari.com/en-EN/auto/f355-spider,chassis,front_tyres,225/40 ZR 18
https://www.ferrari.com/en-EN/auto/f355-spider,chassis,rear_tyres,265/40 ZR 18
https://www.ferrari.com/en-EN/auto/f355-spider,bodywork,type_2,two-seater spider
https://www.ferrari.com/en-EN/auto/f355-spider,bodywork,length,4250mm
https://www.ferrari.com/en-EN/auto/f355-spider,bodywork,width,1900mm
https://www.ferrari.com/en-EN/auto/f355-spider,bodywork,height,1170mm
https://www.ferrari.com/en-EN/auto/f355-spider,bodywork,wheelbase,2450mm
https://www.ferrari.com/en-EN/auto/f355-spider,bodywork,front_track,1514mm
https://www.ferrari.com/en-EN/auto/f355-spider,bodywork,rear_track,1615mm
https://www.ferrari.com/en-EN/auto/f355-spider,bodywork,weight,1350kg (dry)
https://www.ferrari.com/en-EN/auto/f355-spider,performance,top_speed,295km/h
https://www.ferrari.com/en-EN/auto/f355-spider,performance,acceleration_0_100_km_h,4.7sec
https://www.ferrari.com/en-EN/auto/f355-spider,performance,x0_400_m,12.9sec
https://www.ferrari.com/en-EN/auto/f355-spider,performance,x0_1000_m,23.7sec
https://www.ferrari.com/en-EN/auto/f50,engine,type,"rear, longitudinal 65° V12"
https://www.ferrari.com/en-EN/auto/f50,engine,bore_stroke,85 x 69mm
https://www.ferrari.com/en-EN/auto/f50,engine,unitary_displacement,391.54cc
https://www.ferrari.com/en-EN/auto/f50,engine,total_displacement,4698.50cc
https://www.ferrari.com/en-EN/auto/f50,engine,compression_ratio,11.3 : 1
https://www.ferrari.com/en-EN/auto/f50,engine,maximum_power,382 kW (520 hp) at 8500 rpm
https://www.ferrari.com/en-EN/auto/f50,engine,power_per_litre,111hp/l
https://www.ferrari.com/en-EN/auto/f50,engine,maximum_torque,471 Nm (48 kgm) at 6500 rpm
https://www.ferrari.com/en-EN/auto/f50,engine,valve_actuation,"twin overhead camshafts per bank, five valves per cylinder"
https://www.ferrari.com/en-EN/auto/f50,engine,fuel_feed,Bosch Motronic M2.7 injection
https://www.ferrari.com/en-EN/auto/f50,engine,ignition,"Bosch Motronic M2.7 electronic static, single spark plug per cylinder"
https://www.ferrari.com/en-EN/auto/f50,engine,lubrication,dry sump
https://www.ferrari.com/en-EN/auto/f50,engine,clutch,twin-plate
https://www.ferrari.com/en-EN/auto/f50,chassis,chassis,carbon-fibre monocoque
https://www.ferrari.com/en-EN/auto/f50,chassis,front_suspension,"independent push-rod, unequal-length wishbones, coil springs, gas-filled telescopic shock absorbers"
https://www.ferrari.com/en-EN/auto/f50,chassis,rear_suspension,"independent push-rod, unequal-length wishbones, coil springs, gas-filled telescopic shock absorbers"
https://www.ferrari.com/en-EN/auto/f50,chassis,brakes,discs
https://www.ferrari.com/en-EN/auto/f50,chassis,transmission,6-speed + reverse
https://www.ferrari.com/en-EN/auto/f50,chassis,steering,rack-and-pinion
https://www.ferrari.com/en-EN/auto/f50,chassis,fuel_tank,capacity 105 litres
https://www.ferrari.com/en-EN/auto/f50,chassis,front_tyres,245/35 ZR 18
https://www.ferrari.com/en-EN/auto/f50,chassis,rear_tyres,335/30 ZR 18
https://www.ferrari.com/en-EN/auto/f50,bodywork,type_2,two-seater berlinetta and spider
https://www.ferrari.com/en-EN/auto/f50,bodywork,length,4480mm
https://www.ferrari.com/en-EN/auto/f50,bodywork,width,1986mm
https://www.ferrari.com/en-EN/auto/f50,bodywork,height,1120mm
https://www.ferrari.com/en-EN/auto/f50,bodywork,wheelbase,2580mm
https://www.ferrari.com/en-EN/auto/f50,bodywork,front_track,1620mm
https://www.ferrari.com/en-EN/auto/f50,bodywork,rear_track,1602mm
https://www.ferrari.com/en-EN/auto/f50,bodywork,weight,1230kg (dry)
https://www.ferrari.com/en-EN/auto/f50,performance,top_speed,325km/h
https://www.ferrari.com/en-EN/auto/f50,performance,acceleration_0_100_km_h,3.87sec
https://www.ferrari.com/en-EN/auto/f50,performance,x0_1000_m,21.70sec
https://www.ferrari.com/en-EN/auto/456-gta,engine,type,"front, longitudinal 65° V12"
https://www.ferrari.com/en-EN/auto/456-gta,engine,bore_stroke,88 x 75mm
https://www.ferrari.com/en-EN/auto/456-gta,engine,unitary_displacement,456.16cc
https://www.ferrari.com/en-EN/auto/456-gta,engine,total_displacement,5473.91cc
https://www.ferrari.com/en-EN/auto/456-gta,engine,compression_ratio,10.6 : 1
https://www.ferrari.com/en-EN/auto/456-gta,engine,maximum_power,325 kW (442 hp) at 6250 rpm
https://www.ferrari.com/en-EN/auto/456-gta,engine,power_per_litre,81hp/l
https://www.ferrari.com/en-EN/auto/456-gta,engine,maximum_torque,550 Nm (56 kgm) at 4500 rpm
https://www.ferrari.com/en-EN/auto/456-gta,engine,valve_actuation,"twin overhead camshafts per bank, four valves per cylinder"
https://www.ferrari.com/en-EN/auto/456-gta,engine,fuel_feed,Bosch Motronic M5.2 injection
https://www.ferrari.com/en-EN/auto/456-gta,engine,ignition,"Bosch Motronic M5.2 electronic static, single spark plug per cylinder"
https://www.ferrari.com/en-EN/auto/456-gta,engine,lubrication,dry sump
https://www.ferrari.com/en-EN/auto/456-gta,engine,clutch,torque converter
https://www.ferrari.com/en-EN/auto/456-gta,chassis,frame,tubular steel
https://www.ferrari.com/en-EN/auto/456-gta,chassis,front_suspension,"independent, unequal-length wishbones, coil springs over gas-filled telescopic shock absorbers, anti-roll bar"
https://www.ferrari.com/en-EN/auto/456-gta,chassis,rear_suspension,"self-levelling, independent, unequal-length wishbones, coil springs over gas-filled telescopic shock absorbers, anti-roll bar"
https://www.ferrari.com/en-EN/auto/456-gta,chassis,brakes,discs
https://www.ferrari.com/en-EN/auto/456-gta,chassis,transmission,"automatic, 4-speed + reverse"
https://www.ferrari.com/en-EN/auto/456-gta,chassis,steering,rack-and-pinion
https://www.ferrari.com/en-EN/auto/456-gta,chassis,fuel_tank,capacity 110litres
https://www.ferrari.com/en-EN/auto/456-gta,chassis,front_tyres,255/45 ZR 17
https://www.ferrari.com/en-EN/auto/456-gta,chassis,rear_tyres,285/40 ZR 17
https://www.ferrari.com/en-EN/auto/456-gta,bodywork,type_2,2+2 coupé
https://www.ferrari.com/en-EN/auto/456-gta,bodywork,length,4730mm
https://www.ferrari.com/en-EN/auto/456-gta,bodywork,width,1920mm
https://www.ferrari.com/en-EN/auto/456-gta,bodywork,height,1300mm
https://www.ferrari.com/en-EN/auto/456-gta,bodywork,wheelbase,2600mm
https://www.ferrari.com/en-EN/auto/456-gta,bodywork,front_track,1585mm
https://www.ferrari.com/en-EN/auto/456-gta,bodywork,rear_track,1606mm
https://www.ferrari.com/en-EN/auto/456-gta,bodywork,weight,1770kg (dry)
https://www.ferrari.com/en-EN/auto/456-gta,performance,top_speed,over 298km/h
https://www.ferrari.com/en-EN/auto/456-gta,performance,acceleration_0_100_km_h,5.5sec
https://www.ferrari.com/en-EN/auto/456-gta,performance,x0_400_m,13.6sec
https://www.ferrari.com/en-EN/auto/456-gta,performance,x0_1000_m,23.7sec
https://www.ferrari.com/en-EN/auto/550-maranello,engine,type,"front, longitudinal 65° V12"
https://www.ferrari.com/en-EN/auto/550-maranello,engine,bore_stroke,88 x 75mm
https://www.ferrari.com/en-EN/auto/550-maranello,engine,unitary_displacement,456.16cc
https://www.ferrari.com/en-EN/auto/550-maranello,engine,total_displacement,5473.91cc
https://www.ferrari.com/en-EN/auto/550-maranello,engine,compression_ratio,10.8 : 1
https://www.ferrari.com/en-EN/auto/550-maranello,engine,maximum_power,357 kW (485 hp) at 7000 rpm
https://www.ferrari.com/en-EN/auto/550-maranello,engine,power_per_litre,89hp/l
https://www.ferrari.com/en-EN/auto/550-maranello,engine,maximum_torque,569 Nm (58 kgm) at 5000 rpm
https://www.ferrari.com/en-EN/auto/550-maranello,engine,valve_actuation,"twin overhead camshafts per bank, four valves per cylinder"
https://www.ferrari.com/en-EN/auto/550-maranello,engine,fuel_feed,Bosch Motronic M5.2 injection
https://www.ferrari.com/en-EN/auto/550-maranello,engine,ignition,"Bosch Motronic M5.2 electronic static, single spark plug per cylinder"
https://www.ferrari.com/en-EN/auto/550-maranello,engine,lubrication,dry sump
https://www.ferrari.com/en-EN/auto/550-maranello,engine,clutch,single-plate
https://www.ferrari.com/en-EN/auto/550-maranello,chassis,frame,tubular steel
https://www.ferrari.com/en-EN/auto/550-maranello,chassis,front_suspension,"independent, unequal-length wishbones, coil springs over gas-filled telescopic shock absorbers, anti-roll bar"
https://www.ferrari.com/en-EN/auto/550-maranello,chassis,rear_suspension,"independent, unequal-length wishbones, coil springs over gas-filled telescopic shock absorbers, anti-roll bar"
https://www.ferrari.com/en-EN/auto/550-maranello,chassis,brakes,discs
https://www.ferrari.com/en-EN/auto/550-maranello,chassis,transmission,6-speed + reverse
https://www.ferrari.com/en-EN/auto/550-maranello,chassis,steering,rack-and-pinion
https://www.ferrari.com/en-EN/auto/550-maranello,chassis,fuel_tank,capacity 114litres
https://www.ferrari.com/en-EN/auto/550-maranello,chassis,front_tyres,225/40 ZR 18
https://www.ferrari.com/en-EN/auto/550-maranello,chassis,rear_tyres,295/35 ZR 18
https://www.ferrari.com/en-EN/auto/550-maranello,bodywork,type_2,two-seater berlinetta
https://www.ferrari.com/en-EN/auto/550-maranello,bodywork,length,4550mm
https://www.ferrari.com/en-EN/auto/550-maranello,bodywork,width,1935mm
https://www.ferrari.com/en-EN/auto/550-maranello,bodywork,height,1277mm
https://www.ferrari.com/en-EN/auto/550-maranello,bodywork,wheelbase,2500mm
https://www.ferrari.com/en-EN/auto/550-maranello,bodywork,front_track,1632mm
https://www.ferrari.com/en-EN/auto/550-maranello,bodywork,rear_track,1586mm
https://www.ferrari.com/en-EN/auto/550-maranello,bodywork,weight,1690 kg (kerb)
https://www.ferrari.com/en-EN/auto/550-maranello,performance,top_speed,320km/h
https://www.ferrari.com/en-EN/auto/550-maranello,performance,acceleration_0_100_km_h,4.4sec
https://www.ferrari.com/en-EN/auto/550-maranello,performance,x0_400_m,12.5sec
https://www.ferrari.com/en-EN/auto/550-maranello,performance,x0_1000_m,22.5sec
https://www.ferrari.com/en-EN/auto/550-maranello,consumption_and_emission,urban_test_cycle_ece_version_euro_2,"35,6 l/100km"
https://www.ferrari.com/en-EN/auto/550-maranello,consumption_and_emission,extra_urban_test_cycle_eudc_version_euro_2,"15,5 l/100km"
https://www.ferrari.com/en-EN/auto/550-maranello,consumption_and_emission,consumption_ece_eudc_version_euro_2,"22,9 l/100km"
https://www.ferrari.com/en-EN/auto/550-maranello,consumption_and_emission,co2_emissions_combined_version_euro_2,530g/km
https://www.ferrari.com/en-EN/auto/550-maranello,consumption_and_emission,urban_test_cycle_ece_version_euro_3,"38,2 l/100km"
https://www.ferrari.com/en-EN/auto/550-maranello,consumption_and_emission,extra_urban_test_cycle_eudc_version_euro_3,"16,4 l/100km"
https://www.ferrari.com/en-EN/auto/550-maranello,consumption_and_emission,consumption_ece_eudc_version_euro_3,"24,4 l/100km"
https://www.ferrari.com/en-EN/auto/550-maranello,consumption_and_emission,co2_emissions_combined_version_euro_3,558g/km
https://www.ferrari.com/en-EN/auto/f50-gt,engine,type,"rear, longitudinal 65° V12"
https://www.ferrari.com/en-EN/auto/f50-gt,engine,bore_stroke,85 x 69mm
https://www.ferrari.com/en-EN/auto/f50-gt,engine,unitary_displacement,391.54cc
https://www.ferrari.com/en-EN/auto/f50-gt,engine,total_displacement,4698.50cc
https://www.ferrari.com/en-EN/auto/f50-gt,engine,compression_ratio,"11,9:1"
https://www.ferrari.com/en-EN/auto/f50-gt,engine,maximum_power,"551 kW (750 hp) at 10,500 rpm"
https://www.ferrari.com/en-EN/auto/f50-gt,engine,power_per_litre,160hp/l
https://www.ferrari.com/en-EN/auto/f50-gt,engine,maximum_torque,529 Nm (54 kgm) at 7500 rpm
https://www.ferrari.com/en-EN/auto/f50-gt,engine,valve_actuation,"twin overhead camshafts per bank, five valves per cylinder"
https://www.ferrari.com/en-EN/auto/f50-gt,engine,fuel_feed,Magneti Marelli electronic injection
https://www.ferrari.com/en-EN/auto/f50-gt,engine,ignition,"Magneti Marelli electronic, single spark plug per cylinder"
https://www.ferrari.com/en-EN/auto/f50-gt,engine,lubrication,dry sump
https://www.ferrari.com/en-EN/auto/f50-gt,engine,clutch,multi-plate
https://www.ferrari.com/en-EN/auto/f50-gt,chassis,frame,carbon-fibre monocoque
https://www.ferrari.com/en-EN/auto/f50-gt,chassis,front_suspension,"independent push-rod, unequal-length wishbones, coil springs, gas-filled telescopic shock absorbers"
https://www.ferrari.com/en-EN/auto/f50-gt,chassis,rear_suspension,"independent push-rod, unequal-length wishbones, coil springs, gas-filled telescopic shock absorbers"
https://www.ferrari.com/en-EN/auto/f50-gt,chassis,brakes,discs
https://www.ferrari.com/en-EN/auto/f50-gt,chassis,transmission,sequential 6-speed + reverse
https://www.ferrari.com/en-EN/auto/f50-gt,chassis,steering,rack-and-pinion
https://www.ferrari.com/en-EN/auto/f50-gt,chassis,fuel_tank,capacity 100litres
https://www.ferrari.com/en-EN/auto/f50-gt,chassis,front_tyres,27/65 x 18
https://www.ferrari.com/en-EN/auto/f50-gt,chassis,rear_tyres,30/70 x 18
https://www.ferrari.com/en-EN/auto/f50-gt,bodywork,type_2,two-seater berlinetta
https://www.ferrari.com/en-EN/auto/f50-gt,bodywork,length,4578mm
https://www.ferrari.com/en-EN/auto/f50-gt,bodywork,width,1986mm
https://www.ferrari.com/en-EN/auto/f50-gt,bodywork,height,1092mm
https://www.ferrari.com/en-EN/auto/f50-gt,bodywork,wheelbase,2580mm
https://www.ferrari.com/en-EN/auto/f50-gt,bodywork,front_track,1620mm
https://www.ferrari.com/en-EN/auto/f50-gt,bodywork,rear_track,1594mm
https://www.ferrari.com/en-EN/auto/f50-gt,bodywork,weight,860kg (dry)
https://www.ferrari.com/en-EN/auto/f50-gt,performance,top_speed,376km/h
https://www.ferrari.com/en-EN/auto/f50-gt,performance,acceleration_0_100_km_h,2.9sec
https://www.ferrari.com/en-EN/auto/355-f1-berlinetta,engine,type,"rear, longitudinal 90° V8"
https://www.ferrari.com/en-EN/auto/355-f1-berlinetta,engine,bore_stroke,85 x 77mm
https://www.ferrari.com/en-EN/auto/355-f1-berlinetta,engine,unitary_displacement,436.94cc
https://www.ferrari.com/en-EN/auto/355-f1-berlinetta,engine,total_displacement,3495.50cc
https://www.ferrari.com/en-EN/auto/355-f1-berlinetta,engine,compression_ratio,11 : 1
https://www.ferrari.com/en-EN/auto/355-f1-berlinetta,engine,maximum_power,279 kW (380 hp) at 8250 rpm
https://www.ferrari.com/en-EN/auto/355-f1-berlinetta,engine,power_per_litre,109hp/l
https://www.ferrari.com/en-EN/auto/355-f1-berlinetta,engine,maximum_torque,363 Nm (37 kgm) at 6000 rpm
https://www.ferrari.com/en-EN/auto/355-f1-berlinetta,engine,valve_actuation,"twin overhead camshafts per bank, five valves per cylinder"
https://www.ferrari.com/en-EN/auto/355-f1-berlinetta,engine,fuel_feed,Bosch Motronic M5.2 electronic injection
https://www.ferrari.com/en-EN/auto/355-f1-berlinetta,engine,ignition,"Bosch Motronic M5.2 static electronic, single spark plug per cylinder"
https://www.ferrari.com/en-EN/auto/355-f1-berlinetta,engine,lubrication,dry sump
https://www.ferrari.com/en-EN/auto/355-f1-berlinetta,engine,clutch,single-plate
https://www.ferrari.com/en-EN/auto/355-f1-berlinetta,chassis,frame,steel monocoque with tubular steel rear sub-frame
https://www.ferrari.com/en-EN/auto/355-f1-berlinetta,chassis,front_suspension,"independent, unequal-length wishbones, coil springs over gas-filled telescopic shock absorbers, anti-roll bar"
https://www.ferrari.com/en-EN/auto/355-f1-berlinetta,chassis,rear_suspension,"independent, unequal-length wishbones, coil springs over gas-filled telescopic shock absorbers, anti-roll bar"
https://www.ferrari.com/en-EN/auto/355-f1-berlinetta,chassis,brakes,discs
https://www.ferrari.com/en-EN/auto/355-f1-berlinetta,chassis,transmission,electro-hydraulic F1 6-speed + reverse
https://www.ferrari.com/en-EN/auto/355-f1-berlinetta,chassis,steering,rack-and-pinion
https://www.ferrari.com/en-EN/auto/355-f1-berlinetta,chassis,fuel_tank,capacity 82litres
https://www.ferrari.com/en-EN/auto/355-f1-berlinetta,chassis,front_tyres,225/40 ZR 18
https://www.ferrari.com/en-EN/auto/355-f1-berlinetta,chassis,rear_tyres,265/40 ZR 18
https://www.ferrari.com/en-EN/auto/355-f1-berlinetta,bodywork,type_2,two-seater berlinetta
https://www.ferrari.com/en-EN/auto/355-f1-berlinetta,bodywork,length,4250mm
https://www.ferrari.com/en-EN/auto/355-f1-berlinetta,bodywork,width,1900mm
https://www.ferrari.com/en-EN/auto/355-f1-berlinetta,bodywork,height,1170mm
https://www.ferrari.com/en-EN/auto/355-f1-berlinetta,bodywork,wheelbase,2450mm
https://www.ferrari.com/en-EN/auto/355-f1-berlinetta,bodywork,front_track,1514mm
https://www.ferrari.com/en-EN/auto/355-f1-berlinetta,bodywork,rear_track,1615mm
https://www.ferrari.com/en-EN/auto/355-f1-berlinetta,bodywork,weight,1350kg (dry)
https://www.ferrari.com/en-EN/auto/355-f1-berlinetta,performance,top_speed,295km/h
https://www.ferrari.com/en-EN/auto/355-f1-berlinetta,performance,acceleration_0_100_km_h,4.7sec
https://www.ferrari.com/en-EN/auto/355-f1-berlinetta,performance,x0_400_m,12.9sec
https://www.ferrari.com/en-EN/auto/355-f1-berlinetta,performance,x0_1000_m,23.7sec
https://www.ferrari.com/en-EN/auto/355-f1-gts,engine,type,"rear, longitudinal 90° V8"
https://www.ferrari.com/en-EN/auto/355-f1-gts,engine,bore_stroke,85 x 77mm
https://www.ferrari.com/en-EN/auto/355-f1-gts,engine,unitary_displacement,436.94cc
https://www.ferrari.com/en-EN/auto/355-f1-gts,engine,total_displacement,3495.50cc
https://www.ferrari.com/en-EN/auto/355-f1-gts,engine,compression_ratio,11 : 1
https://www.ferrari.com/en-EN/auto/355-f1-gts,engine,maximum_power,279 kW (380 hp) at 8250 rpm
https://www.ferrari.com/en-EN/auto/355-f1-gts,engine,power_per_litre,109hp/l
https://www.ferrari.com/en-EN/auto/355-f1-gts,engine,maximum_torque,363 Nm (37 kgm) at 6000 rpm
https://www.ferrari.com/en-EN/auto/355-f1-gts,engine,valve_actuation,"twin overhead camshafts per bank, five valves per cylinder"
https://www.ferrari.com/en-EN/auto/355-f1-gts,engine,fuel_feed,Bosch Motronic M5.2 electronic injection
https://www.ferrari.com/en-EN/auto/355-f1-gts,engine,ignition,"Bosch Motronic M5.2 static electronic, single spark plug per cylinder"
https://www.ferrari.com/en-EN/auto/355-f1-gts,engine,lubrication,dry sump
https://www.ferrari.com/en-EN/auto/355-f1-gts,engine,clutch,single-plate
https://www.ferrari.com/en-EN/auto/355-f1-gts,chassis,frame,steel monocoque with tubular steel rear sub-frame
https://www.ferrari.com/en-EN/auto/355-f1-gts,chassis,front_suspension,"independent, unequal-length wishbones, coil springs over gas-filled telescopic shock absorbers, anti-roll bar"
https://www.ferrari.com/en-EN/auto/355-f1-gts,chassis,rear_suspension,"independent, unequal-length wishbones, coil springs over gas-filled telescopic shock absorbers, anti-roll bar"
https://www.ferrari.com/en-EN/auto/355-f1-gts,chassis,brakes,discs
https://www.ferrari.com/en-EN/auto/355-f1-gts,chassis,transmission,electro-hydraulic F1 6-speed + reverse
https://www.ferrari.com/en-EN/auto/355-f1-gts,chassis,steering,rack-and-pinion
https://www.ferrari.com/en-EN/auto/355-f1-gts,chassis,fuel_tank,capacity 82litres
https://www.ferrari.com/en-EN/auto/355-f1-gts,chassis,front_tyres,225/40 ZR 18
https://www.ferrari.com/en-EN/auto/355-f1-gts,chassis,rear_tyres,265/40 ZR 18
https://www.ferrari.com/en-EN/auto/355-f1-gts,bodywork,type_2,two-seater targa-top
https://www.ferrari.com/en-EN/auto/355-f1-gts,bodywork,length,4250mm
https://www.ferrari.com/en-EN/auto/355-f1-gts,bodywork,width,1900mm
https://www.ferrari.com/en-EN/auto/355-f1-gts,bodywork,height,1170mm
https://www.ferrari.com/en-EN/auto/355-f1-gts,bodywork,wheelbase,2450mm
https://www.ferrari.com/en-EN/auto/355-f1-gts,bodywork,front_track,1514mm
https://www.ferrari.com/en-EN/auto/355-f1-gts,bodywork,rear_track,1615mm
https://www.ferrari.com/en-EN/auto/355-f1-gts,bodywork,weight,1350kg (dry)
https://www.ferrari.com/en-EN/auto/355-f1-gts,performance,top_speed,295km/h
https://www.ferrari.com/en-EN/auto/355-f1-gts,performance,acceleration_0_100_km_h,4.7sec
https://www.ferrari.com/en-EN/auto/355-f1-gts,performance,x0_400_m,12.9sec
https://www.ferrari.com/en-EN/auto/355-f1-gts,performance,x0_1000_m,23.7sec
https://www.ferrari.com/en-EN/auto/355-f1-spider,engine,type,"rear, longitudinal 90° V8"
https://www.ferrari.com/en-EN/auto/355-f1-spider,engine,bore_stroke,85 x 77mm
https://www.ferrari.com/en-EN/auto/355-f1-spider,engine,unitary_displacement,436.94cc
https://www.ferrari.com/en-EN/auto/355-f1-spider,engine,total_displacement,3495.50cc
https://www.ferrari.com/en-EN/auto/355-f1-spider,engine,compression_ratio,11 : 1
https://www.ferrari.com/en-EN/auto/355-f1-spider,engine,maximum_power,279 kW (380 hp) at 8250 rpm
https://www.ferrari.com/en-EN/auto/355-f1-spider,engine,power_per_litre,109hp/l
https://www.ferrari.com/en-EN/auto/355-f1-spider,engine,maximum_torque,363 Nm (37 kgm) at 6000 rpm
https://www.ferrari.com/en-EN/auto/355-f1-spider,engine,valve_actuation,"twin overhead camshafts per bank, five valves per cylinder"
https://www.ferrari.com/en-EN/auto/355-f1-spider,engine,fuel_feed,Bosch Motronic M5.2 electronic injection
https://www.ferrari.com/en-EN/auto/355-f1-spider,engine,ignition,"Bosch Motronic M5.2 static electronic, single spark plug per cylinder"
https://www.ferrari.com/en-EN/auto/355-f1-spider,engine,lubrication,dry sump
https://www.ferrari.com/en-EN/auto/355-f1-spider,engine,clutch,single-plate
https://www.ferrari.com/en-EN/auto/355-f1-spider,chassis,frame,steel monocoque with tubular steel rear sub-frame
https://www.ferrari.com/en-EN/auto/355-f1-spider,chassis,front_suspension,"independent, unequal-length wishbones, coil springs over gas-filled telescopic shock absorbers, anti-roll bar"
https://www.ferrari.com/en-EN/auto/355-f1-spider,chassis,rear_suspension,"independent, unequal-length wishbones, coil springs over gas-filled telescopic shock absorbers, anti-roll bar"
https://www.ferrari.com/en-EN/auto/355-f1-spider,chassis,brakes,discs
https://www.ferrari.com/en-EN/auto/355-f1-spider,chassis,transmission,electro-hydraulic F1 6-speed + reverse
https://www.ferrari.com/en-EN/auto/355-f1-spider,chassis,steering,rack-and-pinion
https://www.ferrari.com/en-EN/auto/355-f1-spider,chassis,fuel_tank,capacity 82litres
https://www.ferrari.com/en-EN/auto/355-f1-spider,chassis,front_tyres,225/40 ZR 18
https://www.ferrari.com/en-EN/auto/355-f1-spider,chassis,rear_tyres,265/40 ZR 18
https://www.ferrari.com/en-EN/auto/355-f1-spider,bodywork,type_2,two-seater spider
https://www.ferrari.com/en-EN/auto/355-f1-spider,bodywork,length,4250mm
https://www.ferrari.com/en-EN/auto/355-f1-spider,bodywork,width,1900mm
https://www.ferrari.com/en-EN/auto/355-f1-spider,bodywork,height,1170mm
https://www.ferrari.com/en-EN/auto/355-f1-spider,bodywork,wheelbase,2450mm
https://www.ferrari.com/en-EN/auto/355-f1-spider,bodywork,front_track,1514mm
https://www.ferrari.com/en-EN/auto/355-f1-spider,bodywork,rear_track,1615mm
https://www.ferrari.com/en-EN/auto/355-f1-spider,bodywork,weight,1350kg (dry)
https://www.ferrari.com/en-EN/auto/355-f1-spider,performance,top_speed,295km/h
https://www.ferrari.com/en-EN/auto/355-f1-spider,performance,acceleration_0_100_km_h,4.7sec
https://www.ferrari.com/en-EN/auto/355-f1-spider,performance,x0_400_m,12.9sec
https://www.ferrari.com/en-EN/auto/355-f1-spider,performance,x0_1000_m,23.7sec
https://www.ferrari.com/en-EN/auto/456m-gt,engine,type,"front, longitudinal 65° V12"
https://www.ferrari.com/en-EN/auto/456m-gt,engine,bore_stroke,88 x 75mm
https://www.ferrari.com/en-EN/auto/456m-gt,engine,unitary_displacement,456.16cc
https://www.ferrari.com/en-EN/auto/456m-gt,engine,total_displacement,5473.91cc
https://www.ferrari.com/en-EN/auto/456m-gt,engine,compression_ratio,10.6 : 1
https://www.ferrari.com/en-EN/auto/456m-gt,engine,maximum_power,325 kW (442 hp) at 6250 rpm
https://www.ferrari.com/en-EN/auto/456m-gt,engine,power_per_litre,81hp/l
https://www.ferrari.com/en-EN/auto/456m-gt,engine,maximum_torque,550 Nm (56 kgm) at 4500 rpm
https://www.ferrari.com/en-EN/auto/456m-gt,engine,valve_actuation,"twin overhead camshafts per bank, four valves per cylinder"
https://www.ferrari.com/en-EN/auto/456m-gt,engine,fuel_feed,Bosch Motronic M5.2 injection
https://www.ferrari.com/en-EN/auto/456m-gt,engine,ignition,"Bosch Motronic M5.2 electronic static, single spark plug per cylinder"
https://www.ferrari.com/en-EN/auto/456m-gt,engine,lubrication,dry sump
https://www.ferrari.com/en-EN/auto/456m-gt,engine,clutch,single-plate
https://www.ferrari.com/en-EN/auto/456m-gt,chassis,frame,tubular steel
https://www.ferrari.com/en-EN/auto/456m-gt,chassis,front_suspension,"independent, unequal-length wishbones, coil springs over gas-filled telescopic shock absorbers, anti-roll bar"
https://www.ferrari.com/en-EN/auto/456m-gt,chassis,rear_suspension,"self-levelling, independent, unequal-length wishbones, coil springs over gas-filled telescopic shock absorbers, anti-roll bar"
https://www.ferrari.com/en-EN/auto/456m-gt,chassis,brakes,discs
https://www.ferrari.com/en-EN/auto/456m-gt,chassis,transmission,6-speed + reverse
https://www.ferrari.com/en-EN/auto/456m-gt,chassis,steering,rack-and-pinion
https://www.ferrari.com/en-EN/auto/456m-gt,chassis,fuel_tank,capacity 110litres
https://www.ferrari.com/en-EN/auto/456m-gt,chassis,front_tyres,255/45 ZR 17
https://www.ferrari.com/en-EN/auto/456m-gt,chassis,rear_tyres,285/40 ZR 17
https://www.ferrari.com/en-EN/auto/456m-gt,bodywork,type_2,2+2 coupé
https://www.ferrari.com/en-EN/auto/456m-gt,bodywork,length,4763mm
https://www.ferrari.com/en-EN/auto/456m-gt,bodywork,width,1920mm
https://www.ferrari.com/en-EN/auto/456m-gt,bodywork,height,1300mm
https://www.ferrari.com/en-EN/auto/456m-gt,bodywork,wheelbase,2600mm
https://www.ferrari.com/en-EN/auto/456m-gt,bodywork,front_track,1585mm
https://www.ferrari.com/en-EN/auto/456m-gt,bodywork,rear_track,1606mm
https://www.ferrari.com/en-EN/auto/456m-gt,bodywork,weight,1690kg (dry)
https://www.ferrari.com/en-EN/auto/456m-gt,performance,top_speed,over 300km/h
https://www.ferrari.com/en-EN/auto/456m-gt,performance,acceleration_0_100_km_h,5.2sec
https://www.ferrari.com/en-EN/auto/456m-gt,performance,x0_400_m,13.3sec
https://www.ferrari.com/en-EN/auto/456m-gt,performance,x0_1000_m,23.3sec
https://www.ferrari.com/en-EN/auto/456m-gt,consumption_and_emission,urban_test_cycle_ece_version_euro_2,"34,4 l/100km"
https://www.ferrari.com/en-EN/auto/456m-gt,consumption_and_emission,extra_urban_test_cycle_eudc_version_euro_2,"14,8 l/100km"
https://www.ferrari.com/en-EN/auto/456m-gt,consumption_and_emission,consumption_ece_eudc_version_euro_2,"22,0 l/100km"
https://www.ferrari.com/en-EN/auto/456m-gt,consumption_and_emission,co2_emissions_combined_version_euro_2,495g/km
https://www.ferrari.com/en-EN/auto/456m-gt,consumption_and_emission,urban_test_cycle_ece_version_euro_3,"35,1 l/100km"
https://www.ferrari.com/en-EN/auto/456m-gt,consumption_and_emission,extra_urban_test_cycle_eudc_version_euro_3,"13,8 l/100km"
https://www.ferrari.com/en-EN/auto/456m-gt,consumption_and_emission,consumption_ece_eudc_version_euro_3,"21,6 l/100km"
https://www.ferrari.com/en-EN/auto/456m-gt,consumption_and_emission,co2_emissions_combined_version_euro_3,495g/km
https://www.ferrari.com/en-EN/auto/456m-gta,engine,type,"front, longitudinal 65° V12"
https://www.ferrari.com/en-EN/auto/456m-gta,engine,bore_stroke,88 x 75mm
https://www.ferrari.com/en-EN/auto/456m-gta,engine,unitary_displacement,456.16cc
https://www.ferrari.com/en-EN/auto/456m-gta,engine,total_displacement,5473.91cc
https://www.ferrari.com/en-EN/auto/456m-gta,engine,compression_ratio,10.6 : 1
https://www.ferrari.com/en-EN/auto/456m-gta,engine,maximum_power,325 kW (442 hp) at 6250 rpm
https://www.ferrari.com/en-EN/auto/456m-gta,engine,power_per_litre,81hp/l
https://www.ferrari.com/en-EN/auto/456m-gta,engine,maximum_torque,550 Nm (56 kgm) at 4500 rpm
https://www.ferrari.com/en-EN/auto/456m-gta,engine,valve_actuation,"twin overhead camshafts per bank, four valves per cylinder"
https://www.ferrari.com/en-EN/auto/456m-gta,engine,fuel_feed,Bosch Motronic M5.2 injection
https://www.ferrari.com/en-EN/auto/456m-gta,engine,ignition,"Bosch Motronic M5.2 electronic static, single spark plug per cylinder"
https://www.ferrari.com/en-EN/auto/456m-gta,engine,lubrication,dry sump
https://www.ferrari.com/en-EN/auto/456m-gta,engine,clutch,torque converter
https://www.ferrari.com/en-EN/auto/456m-gta,chassis,frame,tubular steel
https://www.ferrari.com/en-EN/auto/456m-gta,chassis,front_suspension,"independent, unequal-length wishbones, coil springs over gas-filled telescopic shock absorbers, anti-roll bar"
https://www.ferrari.com/en-EN/auto/456m-gta,chassis,rear_suspension,"self-levelling, independent, unequal-length wishbones, coil springs over gas-filled telescopic shock absorbers, anti-roll bar"
https://www.ferrari.com/en-EN/auto/456m-gta,chassis,brakes,discs
https://www.ferrari.com/en-EN/auto/456m-gta,chassis,transmission,"automatic, 4-speed + reverse"
https://www.ferrari.com/en-EN/auto/456m-gta,chassis,steering,rack-and-pinion
https://www.ferrari.com/en-EN/auto/456m-gta,chassis,fuel_tank,capacity 110litres
https://www.ferrari.com/en-EN/auto/456m-gta,chassis,front_tyres,255/45 ZR 17
https://www.ferrari.com/en-EN/auto/456m-gta,chassis,rear_tyres,285/40 ZR 17
https://www.ferrari.com/en-EN/auto/456m-gta,bodywork,type_2,2+2 coupé
https://www.ferrari.com/en-EN/auto/456m-gta,bodywork,length,4763mm
https://www.ferrari.com/en-EN/auto/456m-gta,bodywork,width,1920mm
https://www.ferrari.com/en-EN/auto/456m-gta,bodywork,height,1300mm
https://www.ferrari.com/en-EN/auto/456m-gta,bodywork,wheelbase,2600mm
https://www.ferrari.com/en-EN/auto/456m-gta,bodywork,front_track,1585mm
https://www.ferrari.com/en-EN/auto/456m-gta,bodywork,rear_track,1606mm
https://www.ferrari.com/en-EN/auto/456m-gta,bodywork,weight,1690kg (dry)
https://www.ferrari.com/en-EN/auto/456m-gta,performance,top_speed,over 298km/h
https://www.ferrari.com/en-EN/auto/456m-gta,performance,acceleration_0_100_km_h,5.5sec
https://www.ferrari.com/en-EN/auto/456m-gta,performance,x0_400_m,13.6sec
https://www.ferrari.com/en-EN/auto/456m-gta,performance,x0_1000_m,23.7sec
https://www.ferrari.com/en-EN/auto/456m-gta,consumption_and_emission,urban_test_cycle_ece_version_euro_2,"35,2 l/100km"
https://www.ferrari.com/en-EN/auto/456m-gta,consumption_and_emission,extra_urban_test_cycle_eudc_version_euro_2,"14,7 l/100km"
https://www.ferrari.com/en-EN/auto/456m-gta,consumption_and_emission,consumption_ece_eudc_version_euro_2,"22,3 l/100km"
https://www.ferrari.com/en-EN/auto/456m-gta,consumption_and_emission,co2_emissions_combined_version_euro_2,520g/km
https://www.ferrari.com/en-EN/auto/456m-gta,consumption_and_emission,urban_test_cycle_ece_version_euro_3,"40,3 l/100km"
https://www.ferrari.com/en-EN/auto/456m-gta,consumption_and_emission,extra_urban_test_cycle_eudc_version_euro_3,"16,2 l/100km"
https://www.ferrari.com/en-EN/auto/456m-gta,consumption_and_emission,consumption_ece_eudc_version_euro_3,"25,0 l/100km"
https://www.ferrari.com/en-EN/auto/456m-gta,consumption_and_emission,co2_emissions_combined_version_euro_3,570g/km
https://www.ferrari.com/en-EN/auto/360-modena,engine,type,"rear, longitudinal 90° V8"
https://www.ferrari.com/en-EN/auto/360-modena,engine,bore_stroke,85 x 79mm
https://www.ferrari.com/en-EN/auto/360-modena,engine,unitary_displacement,448.29cc
https://www.ferrari.com/en-EN/auto/360-modena,engine,total_displacement,3586.20cc
https://www.ferrari.com/en-EN/auto/360-modena,engine,compression_ratio,11 : 1
https://www.ferrari.com/en-EN/auto/360-modena,engine,maximum_power,294 kW (400 hp) at 8500 rpm
https://www.ferrari.com/en-EN/auto/360-modena,engine,power_per_litre,112hp/l
https://www.ferrari.com/en-EN/auto/360-modena,engine,maximum_torque,373 Nm (38 kgm) at 4750 rpm
https://www.ferrari.com/en-EN/auto/360-modena,engine,valve_actuation,"twin overhead camshafts per bank, five valves per cylinder"
https://www.ferrari.com/en-EN/auto/360-modena,engine,fuel_feed,Bosch Motronic ME7.3 electronic injection
https://www.ferrari.com/en-EN/auto/360-modena,engine,ignition,"Bosch Motronic ME7.3 static electronic, single spark plug per cylinder"
https://www.ferrari.com/en-EN/auto/360-modena,engine,lubrication,dry sump
https://www.ferrari.com/en-EN/auto/360-modena,engine,clutch,single-plate
https://www.ferrari.com/en-EN/auto/360-modena,chassis,frame,aluminium spaceframe
https://www.ferrari.com/en-EN/auto/360-modena,chassis,front_suspension,"independent, unequal-length wishbones, coil springs over telescopic shock absorbers, anti-roll bar"
https://www.ferrari.com/en-EN/auto/360-modena,chassis,rear_suspension,"independent, unequal-length wishbones, coil springs over telescopic shock absorbers, anti-roll bar"
https://www.ferrari.com/en-EN/auto/360-modena,chassis,brakes,discs
https://www.ferrari.com/en-EN/auto/360-modena,chassis,transmission,manual or electro-hydraulic F1 6-speed + reverse
https://www.ferrari.com/en-EN/auto/360-modena,chassis,steering,rack-and-pinion
https://www.ferrari.com/en-EN/auto/360-modena,chassis,fuel_tank,capacity 95litres
https://www.ferrari.com/en-EN/auto/360-modena,chassis,front_tyres,215/45 ZR 18
https://www.ferrari.com/en-EN/auto/360-modena,chassis,rear_tyres,275/40 ZR 18
https://www.ferrari.com/en-EN/auto/360-modena,bodywork,type_2,two-seater berlinetta
https://www.ferrari.com/en-EN/auto/360-modena,bodywork,length,4477mm
https://www.ferrari.com/en-EN/auto/360-modena,bodywork,width,1922mm
https://www.ferrari.com/en-EN/auto/360-modena,bodywork,height,1214mm
https://www.ferrari.com/en-EN/auto/360-modena,bodywork,wheelbase,2600mm
https://www.ferrari.com/en-EN/auto/360-modena,bodywork,front_track,1669mm
https://www.ferrari.com/en-EN/auto/360-modena,bodywork,rear_track,1617mm
https://www.ferrari.com/en-EN/auto/360-modena,bodywork,weight,1290kg (dry)
https://www.ferrari.com/en-EN/auto/360-modena,performance,top_speed,over 295km/h
https://www.ferrari.com/en-EN/auto/360-modena,performance,acceleration_0_100_km_h,4.5sec
https://www.ferrari.com/en-EN/auto/360-modena,performance,x0_400_m,12.6sec
https://www.ferrari.com/en-EN/auto/360-modena,performance,x0_1000_m,22.9sec
https://www.ferrari.com/en-EN/auto/360-modena,consumption_and_emission,urban_test_cycle_ece_version_euro_2,"28,0 l/100km"
https://www.ferrari.com/en-EN/auto/360-modena,consumption_and_emission,extra_urban_test_cycle_eudc_version_euro_2,"12,0 l/100km"
https://www.ferrari.com/en-EN/auto/360-modena,consumption_and_emission,consumption_ece_eudc_version_euro_2,"17,9 l/100km"
https://www.ferrari.com/en-EN/auto/360-modena,consumption_and_emission,co2_emissions_combined_version_euro_2,415g/km
https://www.ferrari.com/en-EN/auto/360-challenge,engine,type,"rear, longitudinal 90° V8"
https://www.ferrari.com/en-EN/auto/360-challenge,engine,bore_stroke,85 x 79mm
https://www.ferrari.com/en-EN/auto/360-challenge,engine,unitary_displacement,448.29cc
https://www.ferrari.com/en-EN/auto/360-challenge,engine,total_displacement,3586.20cc
https://www.ferrari.com/en-EN/auto/360-challenge,engine,compression_ratio,11:1
https://www.ferrari.com/en-EN/auto/360-challenge,engine,maximum_power,294 kW (400 hp) at 8500 rpm
https://www.ferrari.com/en-EN/auto/360-challenge,engine,power_per_litre,112hp/l
https://www.ferrari.com/en-EN/auto/360-challenge,engine,maximum_torque,373 Nm (38 kgm) at 4750 rpm
https://www.ferrari.com/en-EN/auto/360-challenge,engine,valve_actuation,"twin overhead camshafts per bank, five valves per cylinder"
https://www.ferrari.com/en-EN/auto/360-challenge,engine,fuel_feed,Bosch Motronic ME7.3 electronic injection
https://www.ferrari.com/en-EN/auto/360-challenge,engine,ignition,"Bosch Motronic ME7.3 static electronic, single spark plug per cylinder"
https://www.ferrari.com/en-EN/auto/360-challenge,engine,lubrication,dry sump
https://www.ferrari.com/en-EN/auto/360-challenge,engine,clutch,single-plate
https://www.ferrari.com/en-EN/auto/360-challenge,chassis,frame,aluminium spaceframe
https://www.ferrari.com/en-EN/auto/360-challenge,chassis,front_suspension,"independent, unequal-length wishbones, coil springs over telescopic shock absorbers, anti-roll bar"
https://www.ferrari.com/en-EN/auto/360-challenge,chassis,rear_suspension,"independent, unequal-length wishbones, coil springs over telescopic shock absorbers, anti-roll bar"
https://www.ferrari.com/en-EN/auto/360-challenge,chassis,brakes,discs
https://www.ferrari.com/en-EN/auto/360-challenge,chassis,transmission,electro-hydraulic F1 6-speed + reverse
https://www.ferrari.com/en-EN/auto/360-challenge,chassis,steering,rack-and-pinion
https://www.ferrari.com/en-EN/auto/360-challenge,chassis,fuel_tank,capacity 100litres
https://www.ferrari.com/en-EN/auto/360-challenge,chassis,front_tyres,P Zero 235-645-18
https://www.ferrari.com/en-EN/auto/360-challenge,chassis,rear_tyres,P Zero 295-645-18
https://www.ferrari.com/en-EN/auto/360-challenge,bodywork,type_2,two-seater berlinetta
https://www.ferrari.com/en-EN/auto/360-challenge,bodywork,length,4477mm
https://www.ferrari.com/en-EN/auto/360-challenge,bodywork,width,1992mm
https://www.ferrari.com/en-EN/auto/360-challenge,bodywork,height,1184mm
https://www.ferrari.com/en-EN/auto/360-challenge,bodywork,wheelbase,2600mm
https://www.ferrari.com/en-EN/auto/360-challenge,bodywork,front_track,1669mm
https://www.ferrari.com/en-EN/auto/360-challenge,bodywork,rear_track,1617mm
https://www.ferrari.com/en-EN/auto/360-challenge,bodywork,weight,1170kg (with liquids)
https://www.ferrari.com/en-EN/auto/360-challenge,performance,top_speed,over 295km/h
https://www.ferrari.com/en-EN/auto/360-challenge,performance,acceleration_0_100_km_h,4sec
https://www.ferrari.com/en-EN/auto/360-challenge,performance,x0_400_m,12sec
https://www.ferrari.com/en-EN/auto/360-challenge,performance,x0_1000_m,22sec
https://www.ferrari.com/en-EN/auto/360-spider,engine,type,"rear, longitudinal 90° V8"
https://www.ferrari.com/en-EN/auto/360-spider,engine,bore_stroke,85 x 79mm
https://www.ferrari.com/en-EN/auto/360-spider,engine,unitary_displacement,448.29cc
https://www.ferrari.com/en-EN/auto/360-spider,engine,total_displacement,3586.20cc
https://www.ferrari.com/en-EN/auto/360-spider,engine,compression_ratio,11 : 1
https://www.ferrari.com/en-EN/auto/360-spider,engine,maximum_power,294 kW (400 hp) at 8500 rpm
https://www.ferrari.com/en-EN/auto/360-spider,engine,power_per_litre,112hp/l
https://www.ferrari.com/en-EN/auto/360-spider,engine,maximum_torque,373 Nm (38 kgm) at 4750 rpm
https://www.ferrari.com/en-EN/auto/360-spider,engine,valve_actuation,"twin overhead camshafts per bank, five valves per cylinder"
https://www.ferrari.com/en-EN/auto/360-spider,engine,fuel_feed,Bosch Motronic ME7.3 electronic injection
https://www.ferrari.com/en-EN/auto/360-spider,engine,ignition,"Bosch Motronic ME7.3 static electronic, single spark plug per cylinder"
https://www.ferrari.com/en-EN/auto/360-spider,engine,lubrication,dry sump
https://www.ferrari.com/en-EN/auto/360-spider,engine,clutch,single-plate
https://www.ferrari.com/en-EN/auto/360-spider,chassis,frame,aluminium spaceframe
https://www.ferrari.com/en-EN/auto/360-spider,chassis,front_suspension,"independent, unequal-length wishbones, coil springs over telescopic shock absorbers, anti-roll bar"
https://www.ferrari.com/en-EN/auto/360-spider,chassis,rear_suspension,"independent, unequal-length wishbones, coil springs over telescopic shock absorbers, anti-roll bar"
https://www.ferrari.com/en-EN/auto/360-spider,chassis,brakes,discs
https://www.ferrari.com/en-EN/auto/360-spider,chassis,transmission,manual or electro-hydraulic F1 6-speed + reverse
https://www.ferrari.com/en-EN/auto/360-spider,chassis,steering,rack-and-pinion
https://www.ferrari.com/en-EN/auto/360-spider,chassis,fuel_tank,capacity 95litres
https://www.ferrari.com/en-EN/auto/360-spider,chassis,front_tyres,215/45 ZR 18
https://www.ferrari.com/en-EN/auto/360-spider,chassis,rear_tyres,275/40 ZR 18
https://www.ferrari.com/en-EN/auto/360-spider,bodywork,type_2,two-seater spider
https://www.ferrari.com/en-EN/auto/360-spider,bodywork,length,4477mm
https://www.ferrari.com/en-EN/auto/360-spider,bodywork,width,1922mm
https://www.ferrari.com/en-EN/auto/360-spider,bodywork,height,1235mm
https://www.ferrari.com/en-EN/auto/360-spider,bodywork,wheelbase,2600mm
https://www.ferrari.com/en-EN/auto/360-spider,bodywork,front_track,1669mm
https://www.ferrari.com/en-EN/auto/360-spider,bodywork,rear_track,1617mm
https://www.ferrari.com/en-EN/auto/360-spider,bodywork,weight,1350kg (dry)
https://www.ferrari.com/en-EN/auto/360-spider,performance,top_speed,over 290km/h
https://www.ferrari.com/en-EN/auto/360-spider,performance,acceleration_0_100_km_h,4.6sec
https://www.ferrari.com/en-EN/auto/360-spider,performance,x0_400_m,12.7sec
https://www.ferrari.com/en-EN/auto/360-spider,performance,x0_1000_m,23.1sec
https://www.ferrari.com/en-EN/auto/360-spider,consumption_and_emission,urban_test_cycle_ece_versione_euro_3,"30,2/100km"
https://www.ferrari.com/en-EN/auto/360-spider,consumption_and_emission,extra_urban_test_cycle_eudc_versione_euro_3,"12,9 l/100km"
https://www.ferrari.com/en-EN/auto/360-spider,consumption_and_emission,consumption_ece_eudc_versione_euro_3,"19,3 l/100km"
https://www.ferrari.com/en-EN/auto/360-spider,consumption_and_emission,co2_emissions_combined_versione_euro_3,440g/km
https://www.ferrari.com/en-EN/auto/550-barchetta-pininfarina,engine,type,"front, longitudinal 65° V12"
https://www.ferrari.com/en-EN/auto/550-barchetta-pininfarina,engine,bore_stroke,88 x 75mm
https://www.ferrari.com/en-EN/auto/550-barchetta-pininfarina,engine,unitary_displacement,456.16cc
https://www.ferrari.com/en-EN/auto/550-barchetta-pininfarina,engine,total_displacement,5473.91cc
https://www.ferrari.com/en-EN/auto/550-barchetta-pininfarina,engine,compression_ratio,10.8 : 1
https://www.ferrari.com/en-EN/auto/550-barchetta-pininfarina,engine,maximum_power,357 kW (485 hp) at 7000 rpm
https://www.ferrari.com/en-EN/auto/550-barchetta-pininfarina,engine,power_per_litre,89hp/l
https://www.ferrari.com/en-EN/auto/550-barchetta-pininfarina,engine,maximum_torque,569 Nm (58 kgm) at 5000 rpm
https://www.ferrari.com/en-EN/auto/550-barchetta-pininfarina,engine,valve_actuation,"twin overhead camshafts per bank, four valves per cylinder"
https://www.ferrari.com/en-EN/auto/550-barchetta-pininfarina,engine,fuel_feed,Bosch Motronic M5.2 electronic injection
https://www.ferrari.com/en-EN/auto/550-barchetta-pininfarina,engine,ignition,"Bosch Motronic M5.2 static electronic, single spark plug per cylinder"
https://www.ferrari.com/en-EN/auto/550-barchetta-pininfarina,engine,lubrication,dry sump
https://www.ferrari.com/en-EN/auto/550-barchetta-pininfarina,engine,clutch,single-plate
https://www.ferrari.com/en-EN/auto/550-barchetta-pininfarina,chassis,frame,tubular steel
https://www.ferrari.com/en-EN/auto/550-barchetta-pininfarina,chassis,front_suspension,"independent, unequal-length wishbones, coil springs over gas-filled telescopic shock absorbers, anti-roll bar"
https://www.ferrari.com/en-EN/auto/550-barchetta-pininfarina,chassis,rear_suspension,"independent, unequal-length wishbones, coil springs over gas-filled telescopic shock absorbers, anti-roll bar"
https://www.ferrari.com/en-EN/auto/550-barchetta-pininfarina,chassis,brakes,discs
https://www.ferrari.com/en-EN/auto/550-barchetta-pininfarina,chassis,transmission,6-speed + reverse
https://www.ferrari.com/en-EN/auto/550-barchetta-pininfarina,chassis,steering,rack-and-pinion
https://www.ferrari.com/en-EN/auto/550-barchetta-pininfarina,chassis,fuel_tank,capacity 114litres
https://www.ferrari.com/en-EN/auto/550-barchetta-pininfarina,chassis,front_tyres,255/40 ZR 18
https://www.ferrari.com/en-EN/auto/550-barchetta-pininfarina,chassis,rear_tyres,295/35 ZR 18
https://www.ferrari.com/en-EN/auto/550-barchetta-pininfarina,bodywork,type_2,two-seater spider
https://www.ferrari.com/en-EN/auto/550-barchetta-pininfarina,bodywork,length,4550mm
https://www.ferrari.com/en-EN/auto/550-barchetta-pininfarina,bodywork,width,1935mm
https://www.ferrari.com/en-EN/auto/550-barchetta-pininfarina,bodywork,height,1258mm
https://www.ferrari.com/en-EN/auto/550-barchetta-pininfarina,bodywork,wheelbase,2500mm
https://www.ferrari.com/en-EN/auto/550-barchetta-pininfarina,bodywork,front_track,1632mm
https://www.ferrari.com/en-EN/auto/550-barchetta-pininfarina,bodywork,rear_track,1586mm
https://www.ferrari.com/en-EN/auto/550-barchetta-pininfarina,bodywork,weight,1690 kg (kerb)
https://www.ferrari.com/en-EN/auto/550-barchetta-pininfarina,performance,top_speed,300km/h
https://www.ferrari.com/en-EN/auto/550-barchetta-pininfarina,performance,acceleration_0_100_km_h,4.4sec
https://www.ferrari.com/en-EN/auto/550-barchetta-pininfarina,performance,x0_400_m,12.5sec
https://www.ferrari.com/en-EN/auto/550-barchetta-pininfarina,performance,x0_1000_m,22.6sec
https://www.ferrari.com/en-EN/auto/360-gt,engine,type,"rear, longitudinal 90° V8"
https://www.ferrari.com/en-EN/auto/360-gt,engine,bore_stroke,85 x 79mm
https://www.ferrari.com/en-EN/auto/360-gt,engine,unitary_displacement,448.29cc
https://www.ferrari.com/en-EN/auto/360-gt,engine,total_displacement,3586.20cc
https://www.ferrari.com/en-EN/auto/360-gt,engine,compression_ratio,11:1
https://www.ferrari.com/en-EN/auto/360-gt,engine,maximum_power,316 kW (430 hp) at 8500 rpm
https://www.ferrari.com/en-EN/auto/360-gt,engine,power_per_litre,120hp/l
https://www.ferrari.com/en-EN/auto/360-gt,engine,maximum_torque,377 Nm (38.5 kgm) at 5000 rpm
https://www.ferrari.com/en-EN/auto/360-gt,engine,valve_actuation,"twin overhead camshafts per bank, five valves per cylinder"
https://www.ferrari.com/en-EN/auto/360-gt,engine,fuel_feed,Bosch electronic injection
https://www.ferrari.com/en-EN/auto/360-gt,engine,ignition,"Bosch electronic, single spark plug per cylinder"
https://www.ferrari.com/en-EN/auto/360-gt,engine,lubrication,dry sump
https://www.ferrari.com/en-EN/auto/360-gt,engine,clutch,single-plate
https://www.ferrari.com/en-EN/auto/360-gt,chassis,frame,aluminium spaceframe
https://www.ferrari.com/en-EN/auto/360-gt,chassis,front_suspension,"independent, unequal-length wishbones, coil springs over telescopic shock absorbers, anti-roll bar"
https://www.ferrari.com/en-EN/auto/360-gt,chassis,rear_suspension,"independent, unequal-length wishbones, coil springs over telescopic shock absorbers, anti-roll bar"
https://www.ferrari.com/en-EN/auto/360-gt,chassis,brakes,discs
https://www.ferrari.com/en-EN/auto/360-gt,chassis,transmission,electro-hydraulic F1 6-speed + reverse
https://www.ferrari.com/en-EN/auto/360-gt,chassis,steering,rack-and-pinion
https://www.ferrari.com/en-EN/auto/360-gt,chassis,fuel_tank,capacity 100litres
https://www.ferrari.com/en-EN/auto/360-gt,chassis,front_tyres,265/645 x 18
https://www.ferrari.com/en-EN/auto/360-gt,chassis,rear_tyres,305/680 x 18
https://www.ferrari.com/en-EN/auto/360-gt,bodywork,type_2,two-seater berlinetta
https://www.ferrari.com/en-EN/auto/360-gt,bodywork,length,4557mm
https://www.ferrari.com/en-EN/auto/360-gt,bodywork,width,1985mm
https://www.ferrari.com/en-EN/auto/360-gt,bodywork,height,1185mm
https://www.ferrari.com/en-EN/auto/360-gt,bodywork,wheelbase,2600mm
https://www.ferrari.com/en-EN/auto/360-gt,bodywork,front_track,1728mm
https://www.ferrari.com/en-EN/auto/360-gt,bodywork,rear_track,1643mm
https://www.ferrari.com/en-EN/auto/360-gt,bodywork,weight,1100kg (dry)
https://www.ferrari.com/en-EN/auto/575m-maranello,engine,type,"front, longitudinal 65° V12"
https://www.ferrari.com/en-EN/auto/575m-maranello,engine,bore_stroke,89 x 77mm
https://www.ferrari.com/en-EN/auto/575m-maranello,engine,unitary_displacement,479.03cc
https://www.ferrari.com/en-EN/auto/575m-maranello,engine,total_displacement,5748.36cc
https://www.ferrari.com/en-EN/auto/575m-maranello,engine,compression_ratio,11 : 1
https://www.ferrari.com/en-EN/auto/575m-maranello,engine,maximum_power,379 kW (515 hp) at 7250 rpm
https://www.ferrari.com/en-EN/auto/575m-maranello,engine,power_per_litre,90hp/l
https://www.ferrari.com/en-EN/auto/575m-maranello,engine,maximum_torque,588 Nm (60 kgm) at 5250 rpm
https://www.ferrari.com/en-EN/auto/575m-maranello,engine,valve_actuation,"twin overhead camshafts per bank, four valves per cylinder"
https://www.ferrari.com/en-EN/auto/575m-maranello,engine,fuel_feed,Bosch Motronic injection
https://www.ferrari.com/en-EN/auto/575m-maranello,engine,ignition,"Bosch Motronic electronic static, single spark plug per cylinder"
https://www.ferrari.com/en-EN/auto/575m-maranello,engine,lubrication,dry sump
https://www.ferrari.com/en-EN/auto/575m-maranello,engine,clutch,single-plate
https://www.ferrari.com/en-EN/auto/575m-maranello,chassis,frame,tubular steel
https://www.ferrari.com/en-EN/auto/575m-maranello,chassis,front_suspension,"independent, unequal-length wishbones, coil springs, telescopic shock absorbers with electronic adaptive damping, anti-roll bar"
https://www.ferrari.com/en-EN/auto/575m-maranello,chassis,rear_suspension,"independent, unequal-length wishbones, coil springs, telescopic shock absorbers with electronic adaptive damping, anti-roll bar"
https://www.ferrari.com/en-EN/auto/575m-maranello,chassis,brakes,discs
https://www.ferrari.com/en-EN/auto/575m-maranello,chassis,transmission,manual or electro-hydraulic F1 6-speed + reverse
https://www.ferrari.com/en-EN/auto/575m-maranello,chassis,steering,rack-and-pinion
https://www.ferrari.com/en-EN/auto/575m-maranello,chassis,fuel_tank,capacity 105litres
https://www.ferrari.com/en-EN/auto/575m-maranello,chassis,front_tyres,255/40 ZR 18
https://www.ferrari.com/en-EN/auto/575m-maranello,chassis,rear_tyres,295/35 ZR 18
https://www.ferrari.com/en-EN/auto/575m-maranello,bodywork,type_2,two-seater berlinetta
https://www.ferrari.com/en-EN/auto/575m-maranello,bodywork,length,4550mm
https://www.ferrari.com/en-EN/auto/575m-maranello,bodywork,width,1935mm
https://www.ferrari.com/en-EN/auto/575m-maranello,bodywork,height,1277mm
https://www.ferrari.com/en-EN/auto/575m-maranello,bodywork,wheelbase,2500mm
https://www.ferrari.com/en-EN/auto/575m-maranello,bodywork,front_track,1632mm
https://www.ferrari.com/en-EN/auto/575m-maranello,bodywork,rear_track,1586mm
https://www.ferrari.com/en-EN/auto/575m-maranello,bodywork,weight,1730 kg (kerb)
https://www.ferrari.com/en-EN/auto/575m-maranello,performance,top_speed,325km/h
https://www.ferrari.com/en-EN/auto/575m-maranello,performance,acceleration_0_100_km_h,4.25 sec 4.20 sec F1 gearbox
https://www.ferrari.com/en-EN/auto/575m-maranello,performance,x0_400_m,12.30 sec 12.25 sec F1 gearbox
https://www.ferrari.com/en-EN/auto/575m-maranello,performance,x0_1000_m,22.00 sec 21.90 sec F1 gearbox
https://www.ferrari.com/en-EN/auto/575m-maranello,consumption_and_emission,urban_test_cycle_ece,"34,5 l/100km"
https://www.ferrari.com/en-EN/auto/575m-maranello,consumption_and_emission,extra_urban_test_cycle_eudc,"14,3 l/100km"
https://www.ferrari.com/en-EN/auto/575m-maranello,consumption_and_emission,consumption_ece_eudc,"21,8 l/100km"
https://www.ferrari.com/en-EN/auto/575m-maranello,consumption_and_emission,co2_emissions_combined,499 g/km
https://www.ferrari.com/en-EN/auto/enzo-ferrari,engine,type,"rear, longitudinal 65° V12"
https://www.ferrari.com/en-EN/auto/enzo-ferrari,engine,bore_and_stroke,92 x 75.2mm
https://www.ferrari.com/en-EN/auto/enzo-ferrari,engine,unitary_displacement,499.90cc
https://www.ferrari.com/en-EN/auto/enzo-ferrari,engine,total_displacement,5998.80cc
https://www.ferrari.com/en-EN/auto/enzo-ferrari,engine,compression_ratio,11.2 : 1
https://www.ferrari.com/en-EN/auto/enzo-ferrari,engine,maximum_power,485 kW (660 hp) at 7800 rpm
https://www.ferrari.com/en-EN/auto/enzo-ferrari,engine,power_per_litre,110hp/l
https://www.ferrari.com/en-EN/auto/enzo-ferrari,engine,maximum_torque,657 Nm (67 kgm) at 5500 rpm
https://www.ferrari.com/en-EN/auto/enzo-ferrari,engine,valve_actuation,"twin overhead camshafts per bank, four valves per cylinder"
https://www.ferrari.com/en-EN/auto/enzo-ferrari,engine,fuel_feed,Bosch Motronic ME7 injection
https://www.ferrari.com/en-EN/auto/enzo-ferrari,engine,ignition,"Bosch Motronic ME7 electronic static, single spark plug per cylinder"
https://www.ferrari.com/en-EN/auto/enzo-ferrari,engine,lubrication,dry sump
https://www.ferrari.com/en-EN/auto/enzo-ferrari,engine,clutch,twin-plate
https://www.ferrari.com/en-EN/auto/enzo-ferrari,chassis,frame,carbon-fibre and Nomex honeycomb monococque
https://www.ferrari.com/en-EN/auto/enzo-ferrari,chassis,front_suspension,"independent push-rod, unequal-length wishbones, coil springs, telescopic shock absorbers with electronic adaptive damping"
https://www.ferrari.com/en-EN/auto/enzo-ferrari,chassis,rear_suspension,"independent push-rod, unequal-length wishbones, coil springs, telescopic shock absorbers with electronic adaptive damping"
https://www.ferrari.com/en-EN/auto/enzo-ferrari,chassis,brakes,carbon-ceramic discs
https://www.ferrari.com/en-EN/auto/enzo-ferrari,chassis,transmission,electro-hydraulic F1 6-speed + reverse
https://www.ferrari.com/en-EN/auto/enzo-ferrari,chassis,steering,rack-and-pinion
https://www.ferrari.com/en-EN/auto/enzo-ferrari,chassis,fuel_tank,capacity 110litres
https://www.ferrari.com/en-EN/auto/enzo-ferrari,chassis,front_tyres,245/35 ZR 19
https://www.ferrari.com/en-EN/auto/enzo-ferrari,chassis,rear_tyres,345/35 ZR 19
https://www.ferrari.com/en-EN/auto/enzo-ferrari,bodywork,type_2,two-seater berlinetta
https://www.ferrari.com/en-EN/auto/enzo-ferrari,bodywork,length,4702mm
https://www.ferrari.com/en-EN/auto/enzo-ferrari,bodywork,width,2035mm
https://www.ferrari.com/en-EN/auto/enzo-ferrari,bodywork,height,1147mm
https://www.ferrari.com/en-EN/auto/enzo-ferrari,bodywork,wheelbase,2650mm
https://www.ferrari.com/en-EN/auto/enzo-ferrari,bodywork,front_track,1660mm
https://www.ferrari.com/en-EN/auto/enzo-ferrari,bodywork,rear_track,1650mm
https://www.ferrari.com/en-EN/auto/enzo-ferrari,bodywork,weight,1255kg (dry)
https://www.ferrari.com/en-EN/auto/enzo-ferrari,performance,top_speed,> 350km/h
https://www.ferrari.com/en-EN/auto/enzo-ferrari,performance,acceleration_0_100_km_h,3.65sec
https://www.ferrari.com/en-EN/auto/enzo-ferrari,performance,x0_400_m,11sec
https://www.ferrari.com/en-EN/auto/enzo-ferrari,performance,x0_1000_m,19.60sec
https://www.ferrari.com/en-EN/auto/575-gtc,engine,type,"front, longitudinal 65° V12"
https://www.ferrari.com/en-EN/auto/575-gtc,engine,bore_stroke,90 x 78.56mm
https://www.ferrari.com/en-EN/auto/575-gtc,engine,unitary_displacement,499.77cc
https://www.ferrari.com/en-EN/auto/575-gtc,engine,total_displacement,5997.32cc
https://www.ferrari.com/en-EN/auto/575-gtc,engine,compression_ratio,"12,9:1"
https://www.ferrari.com/en-EN/auto/575-gtc,engine,maximum_power,445 kW (605 hp) at 6300 rpm
https://www.ferrari.com/en-EN/auto/575-gtc,engine,power_per_litre,101hp/l
https://www.ferrari.com/en-EN/auto/575-gtc,engine,maximum_torque,730 Nm (74 kgm) at 5200 rpm
https://www.ferrari.com/en-EN/auto/575-gtc,engine,valve_actuation,"twin overhead camshafts per bank, four valves per cylinder"
https://www.ferrari.com/en-EN/auto/575-gtc,engine,fuel_feed,Magneti Marelli electronic injection
https://www.ferrari.com/en-EN/auto/575-gtc,engine,ignition,"Magneti Marelli electronic, single spark plug per cylinder"
https://www.ferrari.com/en-EN/auto/575-gtc,engine,lubrication,dry sump
https://www.ferrari.com/en-EN/auto/575-gtc,engine,clutch,multi-plate
https://www.ferrari.com/en-EN/auto/575-gtc,chassis,frame,tubular steel with composite panels
https://www.ferrari.com/en-EN/auto/575-gtc,chassis,front_suspension,"independent, unequal-length wishbones, coil springs, telescopic shock absorbers, anti-roll bar"
https://www.ferrari.com/en-EN/auto/575-gtc,chassis,rear_suspension,"independent, unequal-length wishbones, coil springs, telescopic shock absorbers, anti-roll bar"
https://www.ferrari.com/en-EN/auto/575-gtc,chassis,brakes,discs
https://www.ferrari.com/en-EN/auto/575-gtc,chassis,transmission,sequential 6-speed + reverse
https://www.ferrari.com/en-EN/auto/575-gtc,chassis,steering,rack-and-pinion
https://www.ferrari.com/en-EN/auto/575-gtc,chassis,fuel_tank,capacity 100litres
https://www.ferrari.com/en-EN/auto/575-gtc,chassis,front_tyres,325/650 x 18
https://www.ferrari.com/en-EN/auto/575-gtc,chassis,rear_tyres,325/705 x 18
https://www.ferrari.com/en-EN/auto/575-gtc,bodywork,type_2,two-seater berlinetta
https://www.ferrari.com/en-EN/auto/575-gtc,bodywork,length,4590mm
https://www.ferrari.com/en-EN/auto/575-gtc,bodywork,width,2035mm
https://www.ferrari.com/en-EN/auto/575-gtc,bodywork,height,1170mm
https://www.ferrari.com/en-EN/auto/575-gtc,bodywork,wheelbase,2500mm
https://www.ferrari.com/en-EN/auto/575-gtc,bodywork,front_track,1706mm
https://www.ferrari.com/en-EN/auto/575-gtc,bodywork,rear_track,1682mm
https://www.ferrari.com/en-EN/auto/575-gtc,bodywork,weight,1150kg (dry)
https://www.ferrari.com/en-EN/auto/challenge-stradale,engine,type,"rear, longitudinal 90° V8"
https://www.ferrari.com/en-EN/auto/challenge-stradale,engine,bore_stroke,85 x 79 mm
https://www.ferrari.com/en-EN/auto/challenge-stradale,engine,unitary_displacement,448.29 cc
https://www.ferrari.com/en-EN/auto/challenge-stradale,engine,total_displacement,3586.20 cc
https://www.ferrari.com/en-EN/auto/challenge-stradale,engine,compression_ratio,11.2 : 1
https://www.ferrari.com/en-EN/auto/challenge-stradale,engine,maximum_power,313 kW (425 hp) at 8500 giri/min
https://www.ferrari.com/en-EN/auto/challenge-stradale,engine,power_per_litre,119 hp/l
https://www.ferrari.com/en-EN/auto/challenge-stradale,engine,maximum_torque,373 Nm (38 kgm) at 4750 rpm
https://www.ferrari.com/en-EN/auto/challenge-stradale,engine,valve_actuation,"twin overhead camshafts per bank, five valves per cylinder"
https://www.ferrari.com/en-EN/auto/challenge-stradale,engine,fuel_feed,Bosch Motronic ME7.3 electronic injection
https://www.ferrari.com/en-EN/auto/challenge-stradale,engine,ignition,"Bosch Motronic ME7.3 static electronic, single spark plug per cylinder"
https://www.ferrari.com/en-EN/auto/challenge-stradale,engine,lubrication,dry sump
https://www.ferrari.com/en-EN/auto/challenge-stradale,engine,clutch,single-plate
https://www.ferrari.com/en-EN/auto/challenge-stradale,chassis,frame,aluminium spaceframe
https://www.ferrari.com/en-EN/auto/challenge-stradale,chassis,front_suspension,"independent, unequal-length wishbones, coil springs over telescopic shock absorbers, anti-roll bar"
https://www.ferrari.com/en-EN/auto/challenge-stradale,chassis,rear_suspension,"independent, unequal-length wishbones, coil springs over telescopic shock absorbers, anti-roll bar"
https://www.ferrari.com/en-EN/auto/challenge-stradale,chassis,brakes,carbon-ceramic discs
https://www.ferrari.com/en-EN/auto/challenge-stradale,chassis,transmission,electro-hydraulic F1 6-speed + reverse
https://www.ferrari.com/en-EN/auto/challenge-stradale,chassis,steering,rack-and-pinion
https://www.ferrari.com/en-EN/auto/challenge-stradale,chassis,fuel_tank,capacity 95 litres
https://www.ferrari.com/en-EN/auto/challenge-stradale,chassis,front_tyres,225/35 ZR 19
https://www.ferrari.com/en-EN/auto/challenge-stradale,chassis,rear_tyres,285/35 ZR 19
https://www.ferrari.com/en-EN/auto/challenge-stradale,bodywork,type_2,two-seater berlinetta
https://www.ferrari.com/en-EN/auto/challenge-stradale,bodywork,length,4477 mm
https://www.ferrari.com/en-EN/auto/challenge-stradale,bodywork,width,1922 mm
https://www.ferrari.com/en-EN/auto/challenge-stradale,bodywork,height,1199 mm
https://www.ferrari.com/en-EN/auto/challenge-stradale,bodywork,wheelbase,2600 mm
https://www.ferrari.com/en-EN/auto/challenge-stradale,bodywork,front_track,1669 mm
https://www.ferrari.com/en-EN/auto/challenge-stradale,bodywork,rear_track,1617 mm
https://www.ferrari.com/en-EN/auto/challenge-stradale,bodywork,weight,1180 kg (dry)
https://www.ferrari.com/en-EN/auto/challenge-stradale,performance,top_speed,300 km/h
https://www.ferrari.com/en-EN/auto/challenge-stradale,performance,acceleration_0_100_km_h,4.1 sec
https://www.ferrari.com/en-EN/auto/challenge-stradale,performance,x0_400_m,12.1 sec
https://www.ferrari.com/en-EN/auto/challenge-stradale,performance,x0_1000_m,22.0 sec
https://www.ferrari.com/en-EN/auto/challenge-stradale,consumption_and_emission,urban_test_cycle_ece,"30,1 l/100 km"
https://www.ferrari.com/en-EN/auto/challenge-stradale,consumption_and_emission,extra_urban_test_cycle_eudc,"12,7 l/100 km"
https://www.ferrari.com/en-EN/auto/challenge-stradale,consumption_and_emission,consumption_ece_eudc,"19,1 l/100 km"
https://www.ferrari.com/en-EN/auto/challenge-stradale,consumption_and_emission,co2_emissions_combined,440 g/km
https://www.ferrari.com/en-EN/auto/360-gtc,engine,type,"rear, longitudinal 90° V8"
https://www.ferrari.com/en-EN/auto/360-gtc,engine,bore_stroke,85 x 79mm
https://www.ferrari.com/en-EN/auto/360-gtc,engine,unitary_displacement,448.29cc
https://www.ferrari.com/en-EN/auto/360-gtc,engine,total_displacement,3586.20cc
https://www.ferrari.com/en-EN/auto/360-gtc,engine,compression_ratio,11:1
https://www.ferrari.com/en-EN/auto/360-gtc,engine,maximum_power,331 kW (450 hp) at 8750 rpm
https://www.ferrari.com/en-EN/auto/360-gtc,engine,power_per_litre,125hp/l
https://www.ferrari.com/en-EN/auto/360-gtc,engine,maximum_torque,410 Nm (42 kgm) at 6500 rpm
https://www.ferrari.com/en-EN/auto/360-gtc,engine,valve_actuation,"twin overhead camshafts per bank, five valves per cylinder"
https://www.ferrari.com/en-EN/auto/360-gtc,engine,fuel_feed,Magneti Marelli electronic injection
https://www.ferrari.com/en-EN/auto/360-gtc,engine,ignition,"Magneti Marelli electronic, single spark plug per cylinder"
https://www.ferrari.com/en-EN/auto/360-gtc,engine,lubrication,dry sump
https://www.ferrari.com/en-EN/auto/360-gtc,engine,clutch,twin-plate
https://www.ferrari.com/en-EN/auto/360-gtc,chassis,frame,aluminium spaceframe
https://www.ferrari.com/en-EN/auto/360-gtc,chassis,front_suspension,"independent, unequal-length wishbones, coil springs, telescopic shock absorbers, anti-roll bar"
https://www.ferrari.com/en-EN/auto/360-gtc,chassis,rear_suspension,"independent, unequal-length wishbones, coil springs, telescopic shock absorbers, anti-roll bar"
https://www.ferrari.com/en-EN/auto/360-gtc,chassis,brakes,discs
https://www.ferrari.com/en-EN/auto/360-gtc,chassis,transmission,sequential 6-speed + reverse
https://www.ferrari.com/en-EN/auto/360-gtc,chassis,steering,rack-and-pinion
https://www.ferrari.com/en-EN/auto/360-gtc,chassis,fuel_tank,capacity 100litres
https://www.ferrari.com/en-EN/auto/360-gtc,chassis,front_tyres,265/645 x 18
https://www.ferrari.com/en-EN/auto/360-gtc,chassis,rear_tyres,305/680 x 18
https://www.ferrari.com/en-EN/auto/360-gtc,bodywork,type_2,two-seater berlinetta
https://www.ferrari.com/en-EN/auto/360-gtc,bodywork,length,4557mm
https://www.ferrari.com/en-EN/auto/360-gtc,bodywork,width,1982mm
https://www.ferrari.com/en-EN/auto/360-gtc,bodywork,height,1185mm
https://www.ferrari.com/en-EN/auto/360-gtc,bodywork,wheelbase,2600mm
https://www.ferrari.com/en-EN/auto/360-gtc,bodywork,front_track,1714mm
https://www.ferrari.com/en-EN/auto/360-gtc,bodywork,rear_track,1573mm
https://www.ferrari.com/en-EN/auto/360-gtc,bodywork,weight,1100kg (dry)
https://www.ferrari.com/en-EN/auto/612-scaglietti,dimensions_and_weight,overall_length,193.0in
https://www.ferrari.com/en-EN/auto/612-scaglietti,dimensions_and_weight,overall_width,77.0in
https://www.ferrari.com/en-EN/auto/612-scaglietti,dimensions_and_weight,height,52.9in
https://www.ferrari.com/en-EN/auto/612-scaglietti,dimensions_and_weight,wheelbase,116.1in
https://www.ferrari.com/en-EN/auto/612-scaglietti,dimensions_and_weight,front_track,66.5in
https://www.ferrari.com/en-EN/auto/612-scaglietti,dimensions_and_weight,rear_track,64.6in
https://www.ferrari.com/en-EN/auto/612-scaglietti,dimensions_and_weight,dry_weight,3880 lb*
https://www.ferrari.com/en-EN/auto/612-scaglietti,dimensions_and_weight,kerb_weight,4134 lb*
https://www.ferrari.com/en-EN/auto/612-scaglietti,dimensions_and_weight,fuel_tank_capacity,24 UK gal (29 US gal)
https://www.ferrari.com/en-EN/auto/612-scaglietti,brakes,front,15 x 1.34in
https://www.ferrari.com/en-EN/auto/612-scaglietti,brakes,rear,14.2 x 1.26in
https://www.ferrari.com/en-EN/auto/612-scaglietti,engine,type,65° V12
https://www.ferrari.com/en-EN/auto/612-scaglietti,engine,bore_stroke,3.50 x 3.03in
https://www.ferrari.com/en-EN/auto/612-scaglietti,engine,unit_displacement,29.2 cuin
https://www.ferrari.com/en-EN/auto/612-scaglietti,engine,total_displacement,350.8 cuin
https://www.ferrari.com/en-EN/auto/612-scaglietti,engine,compression_ratio,11.2:1
https://www.ferrari.com/en-EN/auto/612-scaglietti,engine,maximum_power,397 kW (540 CV) at 7250 rpm
https://www.ferrari.com/en-EN/auto/612-scaglietti,engine,maximum_torque,588 Nm (434 lbft) at 5250 rpm
https://www.ferrari.com/en-EN/auto/612-scaglietti,gearbox,gearbox,F1A 6-gears+Reverse
https://www.ferrari.com/en-EN/auto/612-scaglietti,tyres,front_2,245/40 ZR 19”
https://www.ferrari.com/en-EN/auto/612-scaglietti,tyres,rear_2,285/40 ZR 19”
https://www.ferrari.com/en-EN/auto/612-scaglietti,performance,maximum_speed,199 mph
https://www.ferrari.com/en-EN/auto/612-scaglietti,performance,x0_100_km_h_0_62_mph,4s
https://www.ferrari.com/en-EN/auto/612-scaglietti,fuel_consumption,combined,20.5 l/100km
https://www.ferrari.com/en-EN/auto/612-scaglietti,co2_emissions,combined_2,470g/km
https://www.ferrari.com/en-EN/auto/612-scaglietti,note,x,European market version
https://www.ferrari.com/en-EN/auto/f430,dimensions_and_weight,overall_length,177.6in
https://www.ferrari.com/en-EN/auto/f430,dimensions_and_weight,overall_width,75.7in
https://www.ferrari.com/en-EN/auto/f430,dimensions_and_weight,height,47.8in
https://www.ferrari.com/en-EN/auto/f430,dimensions_and_weight,wheelbase,102.4in
https://www.ferrari.com/en-EN/auto/f430,dimensions_and_weight,front_track,65.7in
https://www.ferrari.com/en-EN/auto/f430,dimensions_and_weight,rear_track,63.6in
https://www.ferrari.com/en-EN/auto/f430,dimensions_and_weight,front_overhang,43.3in
https://www.ferrari.com/en-EN/auto/f430,dimensions_and_weight,rear_overhang,32.0in
https://www.ferrari.com/en-EN/auto/f430,dimensions_and_weight,dry_weight,2975 lb*
https://www.ferrari.com/en-EN/auto/f430,dimensions_and_weight,kerb_weight,3196 lb*
https://www.ferrari.com/en-EN/auto/f430,dimensions_and_weight,boot_trunk_capacity,9 cu ft
https://www.ferrari.com/en-EN/auto/f430,dimensions_and_weight,fuel_tank_capacity,21 UK gal (25 US gal)
https://www.ferrari.com/en-EN/auto/f430,dimensions_and_weight,weight_distribution,43%/57% front/rear
https://www.ferrari.com/en-EN/auto/f430,engine,type,90° V8
https://www.ferrari.com/en-EN/auto/f430,engine,bore_stroke,3.62 x 3.19in
https://www.ferrari.com/en-EN/auto/f430,engine,unit_displacement,32.9 cuin
https://www.ferrari.com/en-EN/auto/f430,engine,total_displacement,262.9 cuin
https://www.ferrari.com/en-EN/auto/f430,engine,compression_ratio,11.3:1
https://www.ferrari.com/en-EN/auto/f430,engine,maximum_power,360.3 kW (490 CV) at 8500 rpm
https://www.ferrari.com/en-EN/auto/f430,engine,maximum_torque,465 Nm (343 lbft) at 5250 rpm
https://www.ferrari.com/en-EN/auto/f430,engine,specific_power,114 CV/I
https://www.ferrari.com/en-EN/auto/f430,engine,dry_weight_power,6.1 lb/CV
https://www.ferrari.com/en-EN/auto/f430,transmission_and_gearbox,transmission_and_gearbox,Manual or F1
https://www.ferrari.com/en-EN/auto/f430,electronic_controls,electronic_controls,Electronic differential (E-DIFF)
https://www.ferrari.com/en-EN/auto/f430,electronic_controls,electronic_controls_2,Control for Stability and Traction (CST)
https://www.ferrari.com/en-EN/auto/f430,tyres,front,225/35 ZR 19”
https://www.ferrari.com/en-EN/auto/f430,tyres,rear,225/35 ZR 19”
https://www.ferrari.com/en-EN/auto/f430,performance,maximum_speed,over 196 mph
https://www.ferrari.com/en-EN/auto/f430,performance,x0_100_km_h_0_62_mph,4.00s
https://www.ferrari.com/en-EN/auto/f430,performance,manual_gearbox_0_400_m,12.00s
https://www.ferrari.com/en-EN/auto/f430,performance,manual_gearbox_0_1000_m,21.65s
https://www.ferrari.com/en-EN/auto/f430,performance,f1_gearbox_0_400_m,11.95s
https://www.ferrari.com/en-EN/auto/f430,performance,f1_gearbox_0_1000_m,21.60s
https://www.ferrari.com/en-EN/auto/f430,fuel_consumption,combined,15.2 l/100km
https://www.ferrari.com/en-EN/auto/f430,co2_emissions,combined_2,345g/km
https://www.ferrari.com/en-EN/auto/f430,note,x,European market version
https://www.ferrari.com/en-EN/auto/f430,note,x_2,"Note for all models’ technical specifications Engine power is expressed in kW, in accordance with the International System of Units (SI) and in CV for reasons of homogeneity. The horse power (hp) can be calculated as follows: 1 kW=1.34 hp"
https://www.ferrari.com/en-EN/auto/f430-spider,dimensions_and_weight,overall_length,177.6in
https://www.ferrari.com/en-EN/auto/f430-spider,dimensions_and_weight,overall_width,75.7in
https://www.ferrari.com/en-EN/auto/f430-spider,dimensions_and_weight,height,48.6in
https://www.ferrari.com/en-EN/auto/f430-spider,dimensions_and_weight,wheelbase,102.4in
https://www.ferrari.com/en-EN/auto/f430-spider,dimensions_and_weight,front_track,65.7in
https://www.ferrari.com/en-EN/auto/f430-spider,dimensions_and_weight,rear_track,63.6in
https://www.ferrari.com/en-EN/auto/f430-spider,dimensions_and_weight,dry_weight,3130 lb*
https://www.ferrari.com/en-EN/auto/f430-spider,dimensions_and_weight,kerb_weight,3351 lb*
https://www.ferrari.com/en-EN/auto/f430-spider,engine,type,90° V8
https://www.ferrari.com/en-EN/auto/f430-spider,engine,bore_stroke,3.62 x 3.19in
https://www.ferrari.com/en-EN/auto/f430-spider,engine,unit_displacement,32.9 cuin
https://www.ferrari.com/en-EN/auto/f430-spider,engine,total_displacement,262.9 cuin
https://www.ferrari.com/en-EN/auto/f430-spider,engine,compression_ratio,11.3:1
https://www.ferrari.com/en-EN/auto/f430-spider,engine,maximum_power,360.3 kW (490 CV) at 8500 rpm
https://www.ferrari.com/en-EN/auto/f430-spider,engine,maximum_torque,465 Nm (343 lbft) at 5250 rpm
https://www.ferrari.com/en-EN/auto/f430-spider,performance,maximum_speed,over 193 mph
https://www.ferrari.com/en-EN/auto/f430-spider,performance,x0_100_km_h_0_62_mph,4.1s
https://www.ferrari.com/en-EN/auto/f430-spider,fuel_consumption,combined,15.2 l/100km
https://www.ferrari.com/en-EN/auto/f430-spider,co2_emissions,combined_2,345g/km
https://www.ferrari.com/en-EN/auto/f430-spider,note,x,European market version
https://www.ferrari.com/en-EN/auto/fxx,engine,type,"rear, longitudinal 65° V12"
https://www.ferrari.com/en-EN/auto/fxx,engine,bore_stroke,94 x 75.2mm
https://www.ferrari.com/en-EN/auto/fxx,engine,unitary_displacement,521.87cc
https://www.ferrari.com/en-EN/auto/fxx,engine,total_displacement,6262.45cc
https://www.ferrari.com/en-EN/auto/fxx,engine,compression_ratio,"13,4:1"
https://www.ferrari.com/en-EN/auto/fxx,engine,maximum_power,588 kW (800 hp) at 8500 rpm
https://www.ferrari.com/en-EN/auto/fxx,engine,power_per_litre,128hp/l
https://www.ferrari.com/en-EN/auto/fxx,engine,maximum_torque,686 Nm (70 kgm) at 5750 rpm
https://www.ferrari.com/en-EN/auto/fxx,engine,valve_actuation,"twin overhead camshafts per bank, four valves per cylinder"
https://www.ferrari.com/en-EN/auto/fxx,engine,fuel_feed,Bosch electronic injection
https://www.ferrari.com/en-EN/auto/fxx,engine,ignition,"electronic, single spark plug per cylinder"
https://www.ferrari.com/en-EN/auto/fxx,engine,lubrication,dry sump
https://www.ferrari.com/en-EN/auto/fxx,engine,clutch,multi-plate
https://www.ferrari.com/en-EN/auto/fxx,chassis,frame,carbon-fibre and Nomex honeycomb with front and rear aluminium structures
https://www.ferrari.com/en-EN/auto/fxx,chassis,front_suspension,"independent, push-rod, unequal-length wishbones, coil springs over manually adjustable telescopic shock absorbers, anti-roll bar"
https://www.ferrari.com/en-EN/auto/fxx,chassis,rear_suspension,"independent, push-rod, unequal-length wishbones, coil springs over manually adjustable telescopic shock absorbers, anti-roll bar"
https://www.ferrari.com/en-EN/auto/fxx,chassis,brakes,carbon-ceramic discs
https://www.ferrari.com/en-EN/auto/fxx,chassis,transmission,electro-hydraulic F1 6-speed + reverse
https://www.ferrari.com/en-EN/auto/fxx,chassis,steering,rack-and-pinion
https://www.ferrari.com/en-EN/auto/fxx,chassis,fuel_tank,capacity 112litres
https://www.ferrari.com/en-EN/auto/fxx,chassis,front_tyres,245/35 ZR 19
https://www.ferrari.com/en-EN/auto/fxx,chassis,rear_tyres,345/35 ZR 19
https://www.ferrari.com/en-EN/auto/fxx,bodywork,type_2,two-seater berlinetta
https://www.ferrari.com/en-EN/auto/fxx,bodywork,length,4832mm
https://www.ferrari.com/en-EN/auto/fxx,bodywork,width,2040mm
https://www.ferrari.com/en-EN/auto/fxx,bodywork,height,1127mm
https://www.ferrari.com/en-EN/auto/fxx,bodywork,wheelbase,2650mm
https://www.ferrari.com/en-EN/auto/fxx,bodywork,front_track,1660mm
https://www.ferrari.com/en-EN/auto/fxx,bodywork,rear_track,1650mm
https://www.ferrari.com/en-EN/auto/fxx,bodywork,weight,1155kg (dry)
https://www.ferrari.com/en-EN/auto/fxx,performance,top_speed,345km/h
https://www.ferrari.com/en-EN/auto/superamerica,engine,type,"front, longitudinal 65° V12"
https://www.ferrari.com/en-EN/auto/superamerica,engine,bore_stroke,89 x 77mm
https://www.ferrari.com/en-EN/auto/superamerica,engine,unitary_displacement,479.03cc
https://www.ferrari.com/en-EN/auto/superamerica,engine,total_displacement,5748.36cc
https://www.ferrari.com/en-EN/auto/superamerica,engine,compression_ratio,11.2 : 1
https://www.ferrari.com/en-EN/auto/superamerica,engine,maximum_power,397 kW (540 hp) at 7250 rpm
https://www.ferrari.com/en-EN/auto/superamerica,engine,power_per_litre,94hp/l
https://www.ferrari.com/en-EN/auto/superamerica,engine,maximum_torque,588 Nm (60 kgm) at 5250 rpm
https://www.ferrari.com/en-EN/auto/superamerica,engine,valve_actuation,"twin overhead camshafts per bank, four valves per cylinder"
https://www.ferrari.com/en-EN/auto/superamerica,engine,fuel_feed,Bosch Motronic ME7 injection
https://www.ferrari.com/en-EN/auto/superamerica,engine,ignition,"Bosch Motronic ME7 electronic static, single spark plug per cylinder"
https://www.ferrari.com/en-EN/auto/superamerica,engine,lubrication,dry sump
https://www.ferrari.com/en-EN/auto/superamerica,engine,clutch,single-plate
https://www.ferrari.com/en-EN/auto/superamerica,chassis,frame,tubular steel
https://www.ferrari.com/en-EN/auto/superamerica,chassis,front_suspension,"independent, unequal-length wishbones, coil springs, telescopic shock absorbers with adaptive damping, anti-roll bar"
https://www.ferrari.com/en-EN/auto/superamerica,chassis,rear_suspension,"independent, unequal-length wishbones, coil springs, telescopic shock absorbers with adaptive damping, anti-roll bar"
https://www.ferrari.com/en-EN/auto/superamerica,chassis,brakes,discs
https://www.ferrari.com/en-EN/auto/superamerica,chassis,transmission,manual or electro-hydraulic F1 6-speed + reverse
https://www.ferrari.com/en-EN/auto/superamerica,chassis,steering,rack-and-pinion
https://www.ferrari.com/en-EN/auto/superamerica,chassis,fuel_tank,capacity 105litres
https://www.ferrari.com/en-EN/auto/superamerica,chassis,front_tyres,255/35 ZR 19
https://www.ferrari.com/en-EN/auto/superamerica,chassis,rear_tyres,305/30 ZR 19
https://www.ferrari.com/en-EN/auto/superamerica,bodywork,type_2,two-seater spider
https://www.ferrari.com/en-EN/auto/superamerica,bodywork,length,4550mm
https://www.ferrari.com/en-EN/auto/superamerica,bodywork,width,1935mm
https://www.ferrari.com/en-EN/auto/superamerica,bodywork,height,1277mm
https://www.ferrari.com/en-EN/auto/superamerica,bodywork,wheelbase,2500mm
https://www.ferrari.com/en-EN/auto/superamerica,bodywork,front_track,1632mm
https://www.ferrari.com/en-EN/auto/superamerica,bodywork,rear_track,1586mm
https://www.ferrari.com/en-EN/auto/superamerica,bodywork,weight,1790 kg (kerb)
https://www.ferrari.com/en-EN/auto/superamerica,performance,top_speed,320km/h
https://www.ferrari.com/en-EN/auto/superamerica,performance,acceleration_0_100_km_h,4.25 sec 4.20 sec F1 gearbox
https://www.ferrari.com/en-EN/auto/superamerica,performance,x0_400_m,12.30 sec 12.25 sec F1 gearbox
https://www.ferrari.com/en-EN/auto/superamerica,performance,x0_1000_m,22.00 sec 21.90 sec F1 gearbox
https://www.ferrari.com/en-EN/auto/superamerica,consumption_and_emission,urban_test_cycle_ece,"34,5 l/100km"
https://www.ferrari.com/en-EN/auto/superamerica,consumption_and_emission,extra_urban_test_cycle_eudc,"14,3 l/100km"
https://www.ferrari.com/en-EN/auto/superamerica,consumption_and_emission,consumption_ece_eudc,"21,8 l/100km"
https://www.ferrari.com/en-EN/auto/superamerica,consumption_and_emission,co2_emissions_combined,499 g/km
https://www.ferrari.com/en-EN/auto/599-gtb-fiorano,dimensions_and_weight,overall_length,183.7in
https://www.ferrari.com/en-EN/auto/599-gtb-fiorano,dimensions_and_weight,overall_width,77.2in
https://www.ferrari.com/en-EN/auto/599-gtb-fiorano,dimensions_and_weight,height,52.6in
https://www.ferrari.com/en-EN/auto/599-gtb-fiorano,dimensions_and_weight,wheelbase,108.3in
https://www.ferrari.com/en-EN/auto/599-gtb-fiorano,dimensions_and_weight,front_track,66.5in
https://www.ferrari.com/en-EN/auto/599-gtb-fiorano,dimensions_and_weight,rear_track,63.7in
https://www.ferrari.com/en-EN/auto/599-gtb-fiorano,dimensions_and_weight,dry_weight,3482 lb*
https://www.ferrari.com/en-EN/auto/599-gtb-fiorano,dimensions_and_weight,kerb_weight,3722 lb*
https://www.ferrari.com/en-EN/auto/599-gtb-fiorano,dimensions_and_weight,boot_trunk_capacity,11.3 cu ft
https://www.ferrari.com/en-EN/auto/599-gtb-fiorano,dimensions_and_weight,fuel_tank_capacity,27.7 US gal (23.1 UK gal)
https://www.ferrari.com/en-EN/auto/599-gtb-fiorano,dimensions_and_weight,weight_distribution,47%/53% front/rear
https://www.ferrari.com/en-EN/auto/599-gtb-fiorano,brakes,front,13.9 x 1.3in
https://www.ferrari.com/en-EN/auto/599-gtb-fiorano,brakes,rear,12.9 x 1.1in
https://www.ferrari.com/en-EN/auto/599-gtb-fiorano,engine,type,65° V12
https://www.ferrari.com/en-EN/auto/599-gtb-fiorano,engine,bore_stroke,3.62 x 2.96in
https://www.ferrari.com/en-EN/auto/599-gtb-fiorano,engine,unit_displacement,30.51 cuin
https://www.ferrari.com/en-EN/auto/599-gtb-fiorano,engine,total_displacement,366.08 cuin
https://www.ferrari.com/en-EN/auto/599-gtb-fiorano,engine,compression_ratio,11.2:1
https://www.ferrari.com/en-EN/auto/599-gtb-fiorano,engine,maximum_power,456 kW (620 CV) at 7600 rpm
https://www.ferrari.com/en-EN/auto/599-gtb-fiorano,engine,maximum_torque,608 Nm (448 lbft) at 5600 rpm
https://www.ferrari.com/en-EN/auto/599-gtb-fiorano,engine,maximum_revs_per_minute,8400 rpm (with limiter)
https://www.ferrari.com/en-EN/auto/599-gtb-fiorano,engine,specific_output,103 CV/I
https://www.ferrari.com/en-EN/auto/599-gtb-fiorano,transmission_and_gearbox,transmission_and_gearbox,Manual or F1; 6-gears+Reverse
https://www.ferrari.com/en-EN/auto/599-gtb-fiorano,electronic_controls,electronic_controls,Tyres pressure and Temperature
https://www.ferrari.com/en-EN/auto/599-gtb-fiorano,electronic_controls,electronic_controls_2,Monitoring System TPTMS
https://www.ferrari.com/en-EN/auto/599-gtb-fiorano,electronic_controls,electronic_controls_3,Control for Stability and Traction with F1-Trac
https://www.ferrari.com/en-EN/auto/599-gtb-fiorano,tyres,front_2,245/40 19”
https://www.ferrari.com/en-EN/auto/599-gtb-fiorano,tyres,rear_2,305/35 20”
https://www.ferrari.com/en-EN/auto/599-gtb-fiorano,suspensions,suspension,Magnetoreological
https://www.ferrari.com/en-EN/auto/599-gtb-fiorano,suspensions,suspension_2,damping control SCM
https://www.ferrari.com/en-EN/auto/599-gtb-fiorano,performance,maximum_speed,over 205 mph
https://www.ferrari.com/en-EN/auto/599-gtb-fiorano,performance,x0_100_km_h_0_62_mph,3.7s
https://www.ferrari.com/en-EN/auto/599-gtb-fiorano,performance,x0_200_km_h_0_124_mph,11s
https://www.ferrari.com/en-EN/auto/599-gtb-fiorano,fuel_consumption,combined,17.9 l/100km
https://www.ferrari.com/en-EN/auto/599-gtb-fiorano,co2_emissions,combined_2,401g/km
https://www.ferrari.com/en-EN/auto/599-gtb-fiorano,note,x,European market version manual gearbox
https://www.ferrari.com/en-EN/auto/f430-challenge,engine,type,90˚ V8
https://www.ferrari.com/en-EN/auto/f430-challenge,engine,bore_stroke,3.62 x 3.19in
https://www.ferrari.com/en-EN/auto/f430-challenge,engine,unitary_displacement,32.9 cuin
https://www.ferrari.com/en-EN/auto/f430-challenge,engine,total_displacement,262.9 cuin
https://www.ferrari.com/en-EN/auto/f430-challenge,engine,compression_ratio,"11,3 : 1"
https://www.ferrari.com/en-EN/auto/f430-challenge,engine,maximum_power,"360 kW (490 CV) at 8,500rpm"
https://www.ferrari.com/en-EN/auto/f430-challenge,engine,maximum_torque,"465 Nm (343 lb-ft) at 5,250 rpm"
https://www.ferrari.com/en-EN/auto/f430-challenge,chassis,brakes,Front 15.7 x 1.42 in; rear 13.8 x 1.32in
https://www.ferrari.com/en-EN/auto/f430-challenge,chassis,fuel_tank,22.0 UK gal (26.4 US gal)
https://www.ferrari.com/en-EN/auto/f430-challenge,chassis,front_tyres,235/645 19”
https://www.ferrari.com/en-EN/auto/f430-challenge,chassis,rear_tyres,295/680 19”
https://www.ferrari.com/en-EN/auto/f430-challenge,bodywork,length,177.64in
https://www.ferrari.com/en-EN/auto/f430-challenge,bodywork,width,75.7in
https://www.ferrari.com/en-EN/auto/f430-challenge,bodywork,height,46.6in
https://www.ferrari.com/en-EN/auto/f430-challenge,bodywork,wheelbase,102.4in
https://www.ferrari.com/en-EN/auto/f430-challenge,bodywork,front_track,65.7in
https://www.ferrari.com/en-EN/auto/f430-challenge,bodywork,rear_track,63.62in
https://www.ferrari.com/en-EN/auto/f430-challenge,bodywork,weight,2701 lb
https://www.ferrari.com/en-EN/auto/f430-challenge,note,x,"Note for all models’ technical specifications. Engine power is expressed in kW, in accordance with the International System of Units (SI) and in CV for reasons of homogeneity. The horsepower (hp) can be calculated as follows: 1kW=1.34 hp."
https://www.ferrari.com/en-EN/auto/f430-gtc,engine,type,90° V8
https://www.ferrari.com/en-EN/auto/f430-gtc,engine,bore_stroke,3.62 X 2.96in
https://www.ferrari.com/en-EN/auto/f430-gtc,engine,total_displacement,243.8 cuin
https://www.ferrari.com/en-EN/auto/f430-gtc,engine,compression_ratio,0:00
https://www.ferrari.com/en-EN/auto/f430-gtc,engine,engine_intake_with_twin_o,1.126 ” Restrictors in compliance with FIA-ACO regulations
https://www.ferrari.com/en-EN/auto/f430-gtc,engine,maximum_power,335 Kw (450 cv) at 7000 rpm.
https://www.ferrari.com/en-EN/auto/f430-gtc,engine,maximum_torque,490 Nm at 5500 rpm.
https://www.ferrari.com/en-EN/auto/f430-gtc,chassis,chassis,Aluminium alloy engine block
https://www.ferrari.com/en-EN/auto/f430-gtc,tyres,front,325/650 18” PIRELLI
https://www.ferrari.com/en-EN/auto/f430-gtc,tyres,front_2,30/65 18” MICHELIN
https://www.ferrari.com/en-EN/auto/f430-gtc,tyres,rear,325/705 18” PIRELLI
https://www.ferrari.com/en-EN/auto/f430-gtc,tyres,rear_2,31/71 18” MICHELIN
https://www.ferrari.com/en-EN/auto/f430-gtc,brakes,front_3,15.0 X 1.34in
https://www.ferrari.com/en-EN/auto/f430-gtc,brakes,rear_3,13.1 X 1.26in
https://www.ferrari.com/en-EN/auto/f430-gtc,dimensions_and_weight,overall_lenght,177.6in
https://www.ferrari.com/en-EN/auto/f430-gtc,dimensions_and_weight,overall_width,78.75in
https://www.ferrari.com/en-EN/auto/f430-gtc,dimensions_and_weight,height,46.26in
https://www.ferrari.com/en-EN/auto/f430-gtc,dimensions_and_weight,wheelbase,102.7in
https://www.ferrari.com/en-EN/auto/f430-gtc,dimensions_and_weight,front_track,"66,78in"
https://www.ferrari.com/en-EN/auto/f430-gtc,dimensions_and_weight,rear_track,"64,57in"
https://www.ferrari.com/en-EN/auto/f430-gtc,dimensions_and_weight,dry_weight,2745 lb
https://www.ferrari.com/en-EN/auto/430-scuderia,dimensions_and_weight,overall_length,177.6in
https://www.ferrari.com/en-EN/auto/430-scuderia,dimensions_and_weight,overall_width,75.7in
https://www.ferrari.com/en-EN/auto/430-scuderia,dimensions_and_weight,height_4,47.2in
https://www.ferrari.com/en-EN/auto/430-scuderia,dimensions_and_weight,wheelbase,102.4in
https://www.ferrari.com/en-EN/auto/430-scuderia,dimensions_and_weight,front_track,65.7in
https://www.ferrari.com/en-EN/auto/430-scuderia,dimensions_and_weight,rear_track,63.6in
https://www.ferrari.com/en-EN/auto/430-scuderia,dimensions_and_weight,dry_weight,2775 lb*
https://www.ferrari.com/en-EN/auto/430-scuderia,dimensions_and_weight,kerb_weight,2975 lb*
https://www.ferrari.com/en-EN/auto/430-scuderia,dimensions_and_weight,boot_trunk_capacity,8.83 cu ft
https://www.ferrari.com/en-EN/auto/430-scuderia,dimensions_and_weight,fuel_tank_capacity,25.1 US gal (20.9 UK gal)
https://www.ferrari.com/en-EN/auto/430-scuderia,dimensions_and_weight,weight_distribution,43%/57% front/rear
https://www.ferrari.com/en-EN/auto/430-scuderia,dimensions_and_weight,ful_tank_capacity,front 15.6x1.4 in/rear 13.7x1.3in
https://www.ferrari.com/en-EN/auto/430-scuderia,tyres,front,235/35 19”
https://www.ferrari.com/en-EN/auto/430-scuderia,tyres,rear,285/35 19”
https://www.ferrari.com/en-EN/auto/430-scuderia,engine,type,90° V8
https://www.ferrari.com/en-EN/auto/430-scuderia,engine,bore_stroke,3.26x3.19in
https://www.ferrari.com/en-EN/auto/430-scuderia,engine,total_displacement,263 cuin
https://www.ferrari.com/en-EN/auto/430-scuderia,engine,compression_ratio,11.88.1
https://www.ferrari.com/en-EN/auto/430-scuderia,engine,maximum_power,"375,4 kW (510 CV) at 8500 rpm"
https://www.ferrari.com/en-EN/auto/430-scuderia,engine,maximum_torque,470 Nm (346.67 lbft) at 5250 rpm
https://www.ferrari.com/en-EN/auto/430-scuderia,engine,maximum_revs_per_minute,8640 rpm (with limiter)
https://www.ferrari.com/en-EN/auto/430-scuderia,engine,specific_power,"118,4CV/l"
https://www.ferrari.com/en-EN/auto/430-scuderia,electronic_controls,electronic_controls,CST: Stability and Traction Control with new traction control logic F1-Trac integrated with thenelectronic differential (E-Diff)
https://www.ferrari.com/en-EN/auto/430-scuderia,transmission_and_gearbox,transmission_and_gearbox,Electronic differential E-Diff2
https://www.ferrari.com/en-EN/auto/430-scuderia,transmission_and_gearbox,transmission_and_gearbox_2,(E-Diff+F1-Trac)
https://www.ferrari.com/en-EN/auto/430-scuderia,transmission_and_gearbox,transmission_and_gearbox_3,"F1, 6-gears + Reverse"
https://www.ferrari.com/en-EN/auto/430-scuderia,performance,maximum_speed,198 mph
https://www.ferrari.com/en-EN/auto/430-scuderia,performance,x0_100_km_h_0_62_mph,in less than 3.6s
https://www.ferrari.com/en-EN/auto/430-scuderia,performance,x0_200_km_h_0_124_mph,in less than 11.6s
https://www.ferrari.com/en-EN/auto/430-scuderia,performance,x0_1000_m,20.9s
https://www.ferrari.com/en-EN/auto/430-scuderia,performance,weight_power_ratio,5.4 lb/CV
https://www.ferrari.com/en-EN/auto/430-scuderia,fuel_consumption,combined,15.7 l/100 km*
https://www.ferrari.com/en-EN/auto/430-scuderia,co2_emissions,combined_2,360 g/km*
https://www.ferrari.com/en-EN/auto/430-scuderia,note,x,European market version
https://www.ferrari.com/en-EN/auto/ferrari-california,dimensions_and_weight,overall_length,4563mm
https://www.ferrari.com/en-EN/auto/ferrari-california,dimensions_and_weight,overall_width,1902mm
https://www.ferrari.com/en-EN/auto/ferrari-california,dimensions_and_weight,height,1308mm
https://www.ferrari.com/en-EN/auto/ferrari-california,dimensions_and_weight,wheelbase,2670mm
https://www.ferrari.com/en-EN/auto/ferrari-california,dimensions_and_weight,front_track,1630mm
https://www.ferrari.com/en-EN/auto/ferrari-california,dimensions_and_weight,rear_track,1605mm
https://www.ferrari.com/en-EN/auto/ferrari-california,dimensions_and_weight,dry_weight,1630kg
https://www.ferrari.com/en-EN/auto/ferrari-california,dimensions_and_weight,kerb_weight,1735kg
https://www.ferrari.com/en-EN/auto/ferrari-california,dimensions_and_weight,weight_distribution,47% Front - 53% Rear
https://www.ferrari.com/en-EN/auto/ferrari-california,dimensions_and_weight,fuel_tank_capacity,78 l
https://www.ferrari.com/en-EN/auto/ferrari-california,dimensions_and_weight,boot_trunk_capacity,340 l - 240 roof closed
https://www.ferrari.com/en-EN/auto/ferrari-california,engine,type,90° V8 with direct fuel injection
https://www.ferrari.com/en-EN/auto/ferrari-california,engine,bore_stroke,"94 x 77,4cc"
https://www.ferrari.com/en-EN/auto/ferrari-california,engine,overall_displacement,4297cc
https://www.ferrari.com/en-EN/auto/ferrari-california,engine,compression_ratio,"12,2:1"
https://www.ferrari.com/en-EN/auto/ferrari-california,engine,maximum_power,338 kW (460 CV) at 7750 rpm **
https://www.ferrari.com/en-EN/auto/ferrari-california,engine,maximum_torque,485 Nm (49 kgm) at 5000 rpm **
https://www.ferrari.com/en-EN/auto/ferrari-california,performance,maximum_speed,310km/h
https://www.ferrari.com/en-EN/auto/ferrari-california,performance,x0_100_km_h,4.0s
https://www.ferrari.com/en-EN/auto/ferrari-california,performance,x0_400_m,12.2s
https://www.ferrari.com/en-EN/auto/ferrari-california,performance,x0_1_000_m,22.1s
https://www.ferrari.com/en-EN/auto/ferrari-california,ccm_brakes,front,390 x 34mm
https://www.ferrari.com/en-EN/auto/ferrari-california,ccm_brakes,rear,360 x 32mm
https://www.ferrari.com/en-EN/auto/ferrari-california,electronic_control_systems,cst_with_f1_trac_system,Control for stability and traction
https://www.ferrari.com/en-EN/auto/ferrari-california,electronic_control_systems,tptms,Tyres Pressure and Temperature Monitoring System
https://www.ferrari.com/en-EN/auto/ferrari-california,suspensions,front_2,Double wishbone
https://www.ferrari.com/en-EN/auto/ferrari-california,suspensions,rear_2,Multilink
https://www.ferrari.com/en-EN/auto/ferrari-california,fuel_consumption,combined_ece_eudc,13.1 l/100km
https://www.ferrari.com/en-EN/auto/ferrari-california,co2_emissions,combined_ece_eudc_2,305.6g/km
https://www.ferrari.com/en-EN/auto/ferrari-california,note,x,Europe version
https://www.ferrari.com/en-EN/auto/ferrari-california,tyres,front_3,"245/40 ZR19"""
https://www.ferrari.com/en-EN/auto/ferrari-california,tyres,rear_3,"285/40 ZR19"""
https://www.ferrari.com/en-EN/auto/ferrari-california,tyres,front_option,"245/35 ZR20"""
https://www.ferrari.com/en-EN/auto/ferrari-california,tyres,rear_option,"285/35 ZR20"""
https://www.ferrari.com/en-EN/auto/scuderia-spider-16m,dimensions_and_weight,overall_lenght_in,177.6
https://www.ferrari.com/en-EN/auto/scuderia-spider-16m,dimensions_and_weight,overall_width_in,75.7
https://www.ferrari.com/en-EN/auto/scuderia-spider-16m,dimensions_and_weight,height_in,47.9
https://www.ferrari.com/en-EN/auto/scuderia-spider-16m,dimensions_and_weight,wheelbase_in,102.4
https://www.ferrari.com/en-EN/auto/scuderia-spider-16m,dimensions_and_weight,front_track_in,65.7
https://www.ferrari.com/en-EN/auto/scuderia-spider-16m,dimensions_and_weight,rear_track_in,63.6
https://www.ferrari.com/en-EN/auto/scuderia-spider-16m,dimensions_and_weight,dry_wheight_lb,"2,954"
https://www.ferrari.com/en-EN/auto/scuderia-spider-16m,dimensions_and_weight,kerb_weight_lb,"3,175"
https://www.ferrari.com/en-EN/auto/scuderia-spider-16m,dimensions_and_weight,weight_distribution,43% F - 57% R
https://www.ferrari.com/en-EN/auto/scuderia-spider-16m,dimensions_and_weight,fuel_tank_capacity_gal,25.1 US/gal (20.9 UK/gal)
https://www.ferrari.com/en-EN/auto/scuderia-spider-16m,dimensions_and_weight,boot_trunk_capacity_cu_ft,8.83
https://www.ferrari.com/en-EN/auto/scuderia-spider-16m,tyres,front,"235/35 ZR19"""
https://www.ferrari.com/en-EN/auto/scuderia-spider-16m,tyres,rear,"285/35 ZR19"""
https://www.ferrari.com/en-EN/auto/scuderia-spider-16m,ccm_brakes,front_in,15.6 x 1.4 - 6 pistons
https://www.ferrari.com/en-EN/auto/scuderia-spider-16m,ccm_brakes,rear_in,13.7 x 1.3 - 4 pistons
https://www.ferrari.com/en-EN/auto/scuderia-spider-16m,electronics,cst_with_f1_trac,Control for stability and traction
https://www.ferrari.com/en-EN/auto/scuderia-spider-16m,engine,type,90° V8
https://www.ferrari.com/en-EN/auto/scuderia-spider-16m,engine,bore_and_stroke_in,"3,26 x 3,19"
https://www.ferrari.com/en-EN/auto/scuderia-spider-16m,engine,unit_displacement_cu_in,32.84
https://www.ferrari.com/en-EN/auto/scuderia-spider-16m,engine,total_displacement_cu_in,263
https://www.ferrari.com/en-EN/auto/scuderia-spider-16m,engine,compression_ratio,"11,9:1"
https://www.ferrari.com/en-EN/auto/scuderia-spider-16m,engine,maximum_power,"375,4 kW (510 CV) at 8.500 rpm"
https://www.ferrari.com/en-EN/auto/scuderia-spider-16m,engine,maximum_torque,"470 Nm (346,7 lbft) at 5.250 rpm"
https://www.ferrari.com/en-EN/auto/scuderia-spider-16m,performance,maximum_speed_mph,196
https://www.ferrari.com/en-EN/auto/scuderia-spider-16m,performance,x0_62_mph_s,3.7
https://www.ferrari.com/en-EN/auto/scuderia-spider-16m,performance,x0_1_000_m_s,21.1
https://www.ferrari.com/en-EN/auto/scuderia-spider-16m,performance,weight_power_ratio_lb_cv,"5,8"
https://www.ferrari.com/en-EN/auto/scuderia-spider-16m,gearbox,gearbox,F1 Superfast - 6 gears + Reverse
https://www.ferrari.com/en-EN/auto/scuderia-spider-16m,suspensions,front_2,double wishbone
https://www.ferrari.com/en-EN/auto/scuderia-spider-16m,suspensions,rear_2,double wishbone
https://www.ferrari.com/en-EN/auto/scuderia-spider-16m,fuel_consumption,combined_ece_eudc_l_100_km,15.7
https://www.ferrari.com/en-EN/auto/scuderia-spider-16m,co2_emissions,combined_ece_eudc_g_km,360
https://www.ferrari.com/en-EN/auto/scuderia-spider-16m,note,x,European Market version
https://www.ferrari.com/en-EN/auto/458-italia,engine,type,V8 – 90°
https://www.ferrari.com/en-EN/auto/458-italia,engine,total_displacement,274.4 cu in (4497 cc)
https://www.ferrari.com/en-EN/auto/458-italia,engine,maximum_power,419 kW (570 CV)** @ 9000 rpm
https://www.ferrari.com/en-EN/auto/458-italia,engine,maximum_torque,398 lbs/ft (540 Nm) @ 6000 rpm
https://www.ferrari.com/en-EN/auto/458-italia,engine,specific_power_output,127CV/l
https://www.ferrari.com/en-EN/auto/458-italia,engine,compression_ratio,12.5:1
https://www.ferrari.com/en-EN/auto/458-italia,tyres,front,235/35 ZR20 8.5”
https://www.ferrari.com/en-EN/auto/458-italia,tyres,rear,295/35 ZR20 10.5”
https://www.ferrari.com/en-EN/auto/458-italia,dimensions_and_weight,overall_length,178.2 in (4527 mm)
https://www.ferrari.com/en-EN/auto/458-italia,dimensions_and_weight,overall_width,76.3 in (1937 mm)
https://www.ferrari.com/en-EN/auto/458-italia,dimensions_and_weight,height,47.8 in (1213 mm)
https://www.ferrari.com/en-EN/auto/458-italia,dimensions_and_weight,wheelbase,104.3 in (2650 mm)
https://www.ferrari.com/en-EN/auto/458-italia,dimensions_and_weight,dry_weight,3042 lbs (1380 kg)*
https://www.ferrari.com/en-EN/auto/458-italia,dimensions_and_weight,weight_power_ratio,"7.16 lbs/kW (2,42 kg/CV)"
https://www.ferrari.com/en-EN/auto/458-italia,dimensions_and_weight,weight_distribution_fr_r,42%/58%
https://www.ferrari.com/en-EN/auto/458-italia,performance,maximum_speed,>202 mph (>325 km/h)
https://www.ferrari.com/en-EN/auto/458-italia,performance,x0_100_km_h,<3.4s
https://www.ferrari.com/en-EN/auto/458-italia,fuel_consumption_emissions,fuel_consumption,13.3/100km
https://www.ferrari.com/en-EN/auto/458-italia,fuel_consumption_emissions,emissions,307 g CO2/km
https://www.ferrari.com/en-EN/auto/458-italia,gearbox,gearbox,"Dual-clutch, 7-speed F1"
https://www.ferrari.com/en-EN/auto/458-italia,electronics,electronics,"E-Diff3, F1-Trac, high-performance ABS"
https://www.ferrari.com/en-EN/auto/458-italia,note,x,With forged wheels and Racing seats
https://www.ferrari.com/en-EN/auto/458-italia,note,x_2,Including 5 CV of ram effect
https://www.ferrari.com/en-EN/auto/458-italia,note,x_3,Combined cycle (ECE+EUDC)
https://www.ferrari.com/en-EN/auto/458-challenge,dimensions_and_weight,overall_length,178.2in
https://www.ferrari.com/en-EN/auto/458-challenge,dimensions_and_weight,overall_width,76.3in
https://www.ferrari.com/en-EN/auto/458-challenge,dimensions_and_weight,height,45.8in
https://www.ferrari.com/en-EN/auto/458-challenge,dimensions_and_weight,wheelbase,104.3in
https://www.ferrari.com/en-EN/auto/458-challenge,dimensions_and_weight,front_track,66.6in
https://www.ferrari.com/en-EN/auto/458-challenge,dimensions_and_weight,rear_track,63.6in
https://www.ferrari.com/en-EN/auto/458-challenge,dimensions_and_weight,dry_weight,2689.6 lb*
https://www.ferrari.com/en-EN/auto/458-challenge,dimensions_and_weight,fuel_tank_capacity,24.8 lmp gal / 29.8 US gal
https://www.ferrari.com/en-EN/auto/458-challenge,tyres,front,"255/650 19""x9"""
https://www.ferrari.com/en-EN/auto/458-challenge,tyres,rear,"305/690 19""x11"""
https://www.ferrari.com/en-EN/auto/458-challenge,brakes,front_2,15.7 x 1.5in
https://www.ferrari.com/en-EN/auto/458-challenge,brakes,rear_2,15 x 1.34in
https://www.ferrari.com/en-EN/auto/458-challenge,engine,type,V8 - 90°
https://www.ferrari.com/en-EN/auto/458-challenge,engine,bore_stroke,3.7 x 3.2in
https://www.ferrari.com/en-EN/auto/458-challenge,engine,total_displacement,274.5 cuin
https://www.ferrari.com/en-EN/auto/458-challenge,engine,compression_ratio,12.5:1
https://www.ferrari.com/en-EN/auto/458-challenge,engine,maximum_power,570 CV** at 9000 rpm
https://www.ferrari.com/en-EN/auto/458-challenge,engine,maximum_torque,540 Nm at 6000 rpm
https://www.ferrari.com/en-EN/auto/458-challenge,note,x,With drivers’ side Racing seat and asymmetric roll cage
https://www.ferrari.com/en-EN/auto/458-challenge,note,x_2,Includes 5 CV from ram-effect
https://www.ferrari.com/en-EN/auto/599-gto,dimensions_and_weight,overall_length,"185,4in"
https://www.ferrari.com/en-EN/auto/599-gto,dimensions_and_weight,overall_width,77.2in
https://www.ferrari.com/en-EN/auto/599-gto,dimensions_and_weight,height,"52,2in"
https://www.ferrari.com/en-EN/auto/599-gto,dimensions_and_weight,wheelbase,"108,3in"
https://www.ferrari.com/en-EN/auto/599-gto,dimensions_and_weight,front_track,"67,0in"
https://www.ferrari.com/en-EN/auto/599-gto,dimensions_and_weight,rear_track,"63,7in"
https://www.ferrari.com/en-EN/auto/599-gto,dimensions_and_weight,dry_weight,"3295,9 lb"
https://www.ferrari.com/en-EN/auto/599-gto,dimensions_and_weight,kerb_weight,"3538,4 lb"
https://www.ferrari.com/en-EN/auto/599-gto,dimensions_and_weight,weight_distribution,47% Front - 53% Rear
https://www.ferrari.com/en-EN/auto/599-gto,dimensions_and_weight,fuel_tank_capacity,27.7 US gal (23.1 UK/gal)
https://www.ferrari.com/en-EN/auto/599-gto,dimensions_and_weight,boot_trunk_capacity,"11,3 cu ft"
https://www.ferrari.com/en-EN/auto/599-gto,tyres,front,"285/30 ZR20"""
https://www.ferrari.com/en-EN/auto/599-gto,tyres,rear,"315/35 ZR20"""
https://www.ferrari.com/en-EN/auto/599-gto,tyres,front_winter,"255/35 R20"""
https://www.ferrari.com/en-EN/auto/599-gto,tyres,rear_winter_can_be_used_w_chain,"305/35 ZR20"""
https://www.ferrari.com/en-EN/auto/599-gto,ccm_2_brakes,front_2,15.7 x 1.5in
https://www.ferrari.com/en-EN/auto/599-gto,ccm_2_brakes,rear_2,14.2 x 1.3in
https://www.ferrari.com/en-EN/auto/599-gto,electronics,cst_with_f1_trac_system,Control for stability and traction
https://www.ferrari.com/en-EN/auto/599-gto,electronics,tptms,Tyres Pressure and Temperature Monitoring System
https://www.ferrari.com/en-EN/auto/599-gto,engine,type,65° V12
https://www.ferrari.com/en-EN/auto/599-gto,engine,bore_and_stroke,3.62 x 2.96in
https://www.ferrari.com/en-EN/auto/599-gto,engine,unit_displacement,30.51 cuin
https://www.ferrari.com/en-EN/auto/599-gto,engine,total_displacement,366.08 cuin
https://www.ferrari.com/en-EN/auto/599-gto,engine,compression_ratio,11.9:1
https://www.ferrari.com/en-EN/auto/599-gto,engine,maximum_power,493 kW (670 CV) at 8250 giri/min
https://www.ferrari.com/en-EN/auto/599-gto,engine,maximum_torque,620 Nm (457 lbft) at 6500 rpm
https://www.ferrari.com/en-EN/auto/599-gto,performance,maximum_speed,over 208 mph
https://www.ferrari.com/en-EN/auto/599-gto,performance,x0_62_mph,3.35sec
https://www.ferrari.com/en-EN/auto/599-gto,performance,x0_124_mph,9.8sec
https://www.ferrari.com/en-EN/auto/599-gto,gearbox,gearbox,F1; 6 gears + Reverse
https://www.ferrari.com/en-EN/auto/599-gto,suspensions,suspensions,SCM 2 Magnetoreological damping Control
https://www.ferrari.com/en-EN/auto/599-gto,fuel_consumption,combined_ece,"17,5 l/100km"
https://www.ferrari.com/en-EN/auto/599-gto,co2_emissions,combined_ece_2,411g/km
https://www.ferrari.com/en-EN/auto/599-gto,note,x,European market version
https://www.ferrari.com/en-EN/auto/599-gto,note,x_2,"Engine power is expressed in kW, in accordance with the International System of Units (SI) and in CV for reasons of homogeneity. The horse power (hp) can be calculated as follows: 1 kW = 1.34 hp"
https://www.ferrari.com/en-EN/auto/599xx,dimensions_and_weight,overall_length,4787mm
https://www.ferrari.com/en-EN/auto/599xx,dimensions_and_weight,overall_width,1972mm
https://www.ferrari.com/en-EN/auto/599xx,dimensions_and_weight,height,1283mm
https://www.ferrari.com/en-EN/auto/599xx,dimensions_and_weight,wheelbase,2750mm
https://www.ferrari.com/en-EN/auto/599xx,dimensions_and_weight,dry_wheight,1345kg
https://www.ferrari.com/en-EN/auto/599xx,dimensions_and_weight,weight_distribution,7% Front - 53% Rear
https://www.ferrari.com/en-EN/auto/599xx,dimensions_and_weight,fuel_tank_capacity,90 l
https://www.ferrari.com/en-EN/auto/599xx,tyres,front,29/67 R19
https://www.ferrari.com/en-EN/auto/599xx,tyres,rear,31/71 R19
https://www.ferrari.com/en-EN/auto/599xx,wheel,front_2,19 x 11J
https://www.ferrari.com/en-EN/auto/599xx,wheel,rear_2,19 x 12J
https://www.ferrari.com/en-EN/auto/599xx,brakes,brakes,2° Generation Racing Carbon-Ceramic Materials
https://www.ferrari.com/en-EN/auto/599xx,engine,type,V12 - 65°
https://www.ferrari.com/en-EN/auto/599xx,engine,bore_and_stroke,"92 x 75,2mm"
https://www.ferrari.com/en-EN/auto/599xx,engine,unit_displacement,"499,9cm3"
https://www.ferrari.com/en-EN/auto/599xx,engine,total_displacement,5999cm3
https://www.ferrari.com/en-EN/auto/599xx,engine,maximum_power,537 kW (730 CV)
https://www.ferrari.com/en-EN/auto/599xx,engine,maximum_torque,686 Nm (70 kgm)
https://www.ferrari.com/en-EN/auto/599xx,engine,maximum_engine_speed,9000 Rpm
https://www.ferrari.com/en-EN/auto/599xx,performance,fiorano_lap_time,1 min 16sec
https://www.ferrari.com/en-EN/auto/599xx,gearbox,gearbox,F1; 6 gears + Reverse
https://www.ferrari.com/en-EN/auto/599xx,suspensions,suspensions,SCM Magnetoreological damping Control 2° Generation
https://www.ferrari.com/en-EN/auto/sa-aperta,dimensions_and_weight,overall_length,4700 mm (185.0 in)
https://www.ferrari.com/en-EN/auto/sa-aperta,dimensions_and_weight,overall_width,1962 mm (77.2 in)
https://www.ferrari.com/en-EN/auto/sa-aperta,dimensions_and_weight,height,1300 mm (51.2 in)
https://www.ferrari.com/en-EN/auto/sa-aperta,dimensions_and_weight,wheelbase,2750 mm (108.3 in)
https://www.ferrari.com/en-EN/auto/sa-aperta,dimensions_and_weight,front_track,1680 mm (66.1 in)
https://www.ferrari.com/en-EN/auto/sa-aperta,dimensions_and_weight,rear_track,1640 mm (64.6 in)
https://www.ferrari.com/en-EN/auto/sa-aperta,dimensions_and_weight,dry_weight,1595 kg (3516.4 lb)
https://www.ferrari.com/en-EN/auto/sa-aperta,dimensions_and_weight,kerb_weight,1705 kg (3758.9 lb)
https://www.ferrari.com/en-EN/auto/sa-aperta,dimensions_and_weight,weight_distribution,47% fr – 53% r
https://www.ferrari.com/en-EN/auto/sa-aperta,dimensions_and_weight,fuel_tank_capacity,105 l (27.7 US gal – 23.1 UK gal)
https://www.ferrari.com/en-EN/auto/sa-aperta,dimensions_and_weight,boot_capacity,350 l (12.4 cu ft)
https://www.ferrari.com/en-EN/auto/sa-aperta,tyres,front,245/35 ZR20’’
https://www.ferrari.com/en-EN/auto/sa-aperta,tyres,rear,305/35 ZR20’’
https://www.ferrari.com/en-EN/auto/sa-aperta,ccm_brakes,front_2,398 x 36 mm (15.7 x 1.4 in)
https://www.ferrari.com/en-EN/auto/sa-aperta,ccm_brakes,rear_2,360 x 32 mm (14.2 x 1.3 in)
https://www.ferrari.com/en-EN/auto/sa-aperta,electronics,cst_with_f1_trac_system,Control for stability and traction
https://www.ferrari.com/en-EN/auto/sa-aperta,electronics,tptms,Tyres Pressure and Temperature Monitoring System
https://www.ferrari.com/en-EN/auto/sa-aperta,engine,type,65° V12
https://www.ferrari.com/en-EN/auto/sa-aperta,engine,bore_and_stroke,92.0 x 75.2 mm (3.62 x 2.96 in)
https://www.ferrari.com/en-EN/auto/sa-aperta,engine,unit_displacement,499.9 cm3 (30.51 cu in)
https://www.ferrari.com/en-EN/auto/sa-aperta,engine,total_displacement,5999 cm3 (366.08 cu in)
https://www.ferrari.com/en-EN/auto/sa-aperta,engine,compression_ratio,"11,9:1"
https://www.ferrari.com/en-EN/auto/sa-aperta,engine,maximum_power,493 kW (670 CV) at 8250 rpm
https://www.ferrari.com/en-EN/auto/sa-aperta,engine,maximum_torque,620 Nm (63 kgm – 457 lbft) at 6500 rpm
https://www.ferrari.com/en-EN/auto/sa-aperta,performance,top_speed,325 km/h (202 mph)
https://www.ferrari.com/en-EN/auto/sa-aperta,performance,x0_100_km_h_0_62_mph,3.6sec
https://www.ferrari.com/en-EN/auto/sa-aperta,gearbox,f1,6-speed + reverse
https://www.ferrari.com/en-EN/auto/sa-aperta,suspensions,scm,Magnetorheological damping control
https://www.ferrari.com/en-EN/auto/sa-aperta,fuel_consumption,combined_ece,17.5 l/100km
https://www.ferrari.com/en-EN/auto/sa-aperta,co2_emissions,combined_ece_2,411g/km
https://www.ferrari.com/en-EN/auto/sa-aperta,note,x,European market version
https://www.ferrari.com/en-EN/auto/sa-aperta,note,x_2,"Engine power is quoted in kW, in accordance with the International System of Units (SI) and in CV for reasons of homogeneity."
https://www.ferrari.com/en-EN/auto/458-spider,dimensions_and_weight,overall_length,178.2 in (4527 mm)
https://www.ferrari.com/en-EN/auto/458-spider,dimensions_and_weight,overall_width,76.3 in (1937 mm)
https://www.ferrari.com/en-EN/auto/458-spider,dimensions_and_weight,height,47.7 in (1211 mm)
https://www.ferrari.com/en-EN/auto/458-spider,dimensions_and_weight,wheelbase,104.3 in (2650 mm)
https://www.ferrari.com/en-EN/auto/458-spider,dimensions_and_weight,front_track,65.8 in (1672 mm)
https://www.ferrari.com/en-EN/auto/458-spider,dimensions_and_weight,rear_track,63.2 in (1606 mm)
https://www.ferrari.com/en-EN/auto/458-spider,dimensions_and_weight,kerb_weight,3384 lbf (1535 kgf)
https://www.ferrari.com/en-EN/auto/458-spider,dimensions_and_weight,dry_weight,3153 lbf (1430 kgf)
https://www.ferrari.com/en-EN/auto/458-spider,dimensions_and_weight,weight_distribution,42% front - 58% rear
https://www.ferrari.com/en-EN/auto/458-spider,dimensions_and_weight,boot_capacity,8.12 cu ft (230 l)
https://www.ferrari.com/en-EN/auto/458-spider,dimensions_and_weight,rear_bench_capacity,2.05 cu ft (58 l)
https://www.ferrari.com/en-EN/auto/458-spider,dimensions_and_weight,fuel_tank_capacity,22.7 US gallon - 4.2 US gallon reserve (86 l - 16 l riserve)
https://www.ferrari.com/en-EN/auto/458-spider,tyres,front,"235/35 20"" x 8.5"""
https://www.ferrari.com/en-EN/auto/458-spider,tyres,rear,"295/35 20"" x 10.5"""
https://www.ferrari.com/en-EN/auto/458-spider,brakes,front_2,15.7 x 8.8 x 1.4 in - isoF142 (398 x 223 x 36 mm - isoF142)
https://www.ferrari.com/en-EN/auto/458-spider,brakes,rear_2,14.2 x 9.2 x 1.3 in - isoF142 (360 x 233 x 32 mm - isoF142)
https://www.ferrari.com/en-EN/auto/458-spider,engine,type,V8 - 90° - Direct Injection - Dry Sump
https://www.ferrari.com/en-EN/auto/458-spider,engine,bore_and_stroke,3.7 x 3.2 in (94 x 81 mm)
https://www.ferrari.com/en-EN/auto/458-spider,engine,total_displacement,274.4 cu in (4497 cm³)
https://www.ferrari.com/en-EN/auto/458-spider,engine,compression_ratio,12.5:1
https://www.ferrari.com/en-EN/auto/458-spider,engine,maximum_power,419 kW (570 CV)** @ 9000 rpm
https://www.ferrari.com/en-EN/auto/458-spider,engine,maximum_torque,398 lbf ft (540Nm) @ 6000 rpm
https://www.ferrari.com/en-EN/auto/458-spider,engine,specific_output,1.53 kW/cu in (127 CV/l)
https://www.ferrari.com/en-EN/auto/458-spider,engine,maximum_revs_per_minute,9000 rpm
https://www.ferrari.com/en-EN/auto/458-spider,performances,maximum_speed,199 mph (320 km/h)
https://www.ferrari.com/en-EN/auto/458-spider,performances,x0_62_mph_0_100_km_h,< 3.4s
https://www.ferrari.com/en-EN/auto/458-spider,performances,x0_124_mph_0_200_km_h,< 10.8s
https://www.ferrari.com/en-EN/auto/458-spider,performances,x0_437_yd_0_400_m,11.4s
https://www.ferrari.com/en-EN/auto/458-spider,performances,x0_1093_yd_0_1000_m,20.5s
https://www.ferrari.com/en-EN/auto/458-spider,performances,x62_0_mph_100_0_km_h,107.6 ft (32.8 m)
https://www.ferrari.com/en-EN/auto/458-spider,performances,x124_0_mph_200_0_km_h,421.6 ft (128.5 m)
https://www.ferrari.com/en-EN/auto/458-spider,performances,dry_weight_power_ratio,7.53 lbf/kW (2.51 kgf/CV)
https://www.ferrari.com/en-EN/auto/458-spider,performances,fiorano_lap_time,85.5s
https://www.ferrari.com/en-EN/auto/458-spider,fuel_consumption_and_emissions,fuel_consumption,19.9 mpg (11.8 l/100 km)
https://www.ferrari.com/en-EN/auto/458-spider,fuel_consumption_and_emissions,co2_emissions,0.442 kgCO2/mile (275 g CO2/km)
https://www.ferrari.com/en-EN/auto/458-spider,note,x,With Forged Rims and Racing Seat
https://www.ferrari.com/en-EN/auto/458-spider,note,x_2,Included 3.7 kW by dinamic over pressure
https://www.ferrari.com/en-EN/auto/458-spider,note,x_3,Combined cycle with HELE system (ECE+EUDC)
https://www.ferrari.com/en-EN/auto/ff,dimensions_and_weight,length,193.2 in (4907 mm)
https://www.ferrari.com/en-EN/auto/ff,dimensions_and_weight,width,76.9 in (1953 mm)
https://www.ferrari.com/en-EN/auto/ff,dimensions_and_weight,height,54.3 in (1379 mm)
https://www.ferrari.com/en-EN/auto/ff,dimensions_and_weight,wheelbase,117.7 in (2990 mm)
https://www.ferrari.com/en-EN/auto/ff,dimensions_and_weight,front_track,66.0 in (1676 mm)
https://www.ferrari.com/en-EN/auto/ff,dimensions_and_weight,rear_track,65.4 in (1660 mm)
https://www.ferrari.com/en-EN/auto/ff,dimensions_and_weight,kerb_weight,4145 lb (1880 kg)
https://www.ferrari.com/en-EN/auto/ff,dimensions_and_weight,dry_weight,3946 lb (1790 kg)
https://www.ferrari.com/en-EN/auto/ff,dimensions_and_weight,weight_distribution,47% front - 53% rear
https://www.ferrari.com/en-EN/auto/ff,dimensions_and_weight,boot_capacity,15.9 cu ft (450 l)
https://www.ferrari.com/en-EN/auto/ff,dimensions_and_weight,fuel_tank_capacity,24 US gal - 20 UK gal (91 litri)
https://www.ferrari.com/en-EN/auto/ff,tyres_and_rims,front,"245/35 ZR 20 8.5 J x 20"""
https://www.ferrari.com/en-EN/auto/ff,tyres_and_rims,rear,"295/35 ZR 20 10.5 J x 20"""
https://www.ferrari.com/en-EN/auto/ff,tyres_and_rims,rear_winter,"285/35 ZR20 10.5 J x 20"""
https://www.ferrari.com/en-EN/auto/ff,brakes,front_2,15.7 x 1.5 in (398 mm x 38 mm)
https://www.ferrari.com/en-EN/auto/ff,brakes,rear_2,14.2 x 1.26 in (360 mm x 32 mm)
https://www.ferrari.com/en-EN/auto/ff,engine,type,V12 - 65°
https://www.ferrari.com/en-EN/auto/ff,engine,total_displacement,382.13 cu in (6262 cc)
https://www.ferrari.com/en-EN/auto/ff,engine,bore_and_stroke,"3.70 x 2.96 in (94 mm x 75,2 mm)"
https://www.ferrari.com/en-EN/auto/ff,engine,maximum_power,486 kW - 660 CV at 8.000 rpm
https://www.ferrari.com/en-EN/auto/ff,engine,maximum_torque,683 Nm - 504 lbft( 70 kg)m at 6.000 rpm
https://www.ferrari.com/en-EN/auto/ff,engine,maximum_revs_per_minute,8000 rpm
https://www.ferrari.com/en-EN/auto/ff,engine,specific_output,77 kW/litre - 105 CV/litre
https://www.ferrari.com/en-EN/auto/ff,engine,compression_ratio,12.3:1
https://www.ferrari.com/en-EN/auto/ff,performances,maximum_speed,208 mph (335 km/h)
https://www.ferrari.com/en-EN/auto/ff,performances,x0_62_mph_0_100_km_h,3.7sec
https://www.ferrari.com/en-EN/auto/ff,performances,x0_124_mph_0_200_km_h,11sec
https://www.ferrari.com/en-EN/auto/ff,performances,x0_62_mph_0_100_km_h_2,114.8 ft (35 m)
https://www.ferrari.com/en-EN/auto/ff,performances,dry_weight_power_ratio,2.7kg/CV
https://www.ferrari.com/en-EN/auto/ff,note,x,European market version
https://www.ferrari.com/en-EN/auto/ff,note,x_2,"Engine power is expressed in kW, in accordance with the International System of Units (SI) and in CV for reasons of homogeneity. The horse power (hp) can be calculated as follows: 1"
https://www.ferrari.com/en-EN/auto/ff,note,x_3,Combined cycle with HELE system (ECE+EUDC)
https://www.ferrari.com/en-EN/auto/ff,fuel_consumption_co2_emissions_ece_eudc,fuel_consumption_european_market_version,15.4l/100km
https://www.ferrari.com/en-EN/auto/ff,fuel_consumption_co2_emissions_ece_eudc,co2_emission_european_market_version,360g/km
https://www.ferrari.com/en-EN/auto/f12-berlinetta,dimensions_and_weight,length,"181,8 in (4618 mm)"
https://www.ferrari.com/en-EN/auto/f12-berlinetta,dimensions_and_weight,width,"76,5 in (1942 mm)"
https://www.ferrari.com/en-EN/auto/f12-berlinetta,dimensions_and_weight,height,"50,1 in (1273 mm)"
https://www.ferrari.com/en-EN/auto/f12-berlinetta,dimensions_and_weight,wheelbase,"107,1 in (2720 mm)"
https://www.ferrari.com/en-EN/auto/f12-berlinetta,dimensions_and_weight,front_track,"65,6 in (1665 mm)"
https://www.ferrari.com/en-EN/auto/f12-berlinetta,dimensions_and_weight,rear_track,"63,7 in (1618 mm)"
https://www.ferrari.com/en-EN/auto/f12-berlinetta,dimensions_and_weight,dry_weight,"3362,0 lb (1525 kg)"
https://www.ferrari.com/en-EN/auto/f12-berlinetta,dimensions_and_weight,kerb_weight,"3593,5 lb (1630 Kg)"
https://www.ferrari.com/en-EN/auto/f12-berlinetta,dimensions_and_weight,weight_distribution,"46% front, 54% rear"
https://www.ferrari.com/en-EN/auto/f12-berlinetta,dimensions_and_weight,fuel_tank,24.3 US gal - 20.2 UK/gal (92 l)
https://www.ferrari.com/en-EN/auto/f12-berlinetta,tyres_and_rims,front,255/35 ZR 20 9.5J
https://www.ferrari.com/en-EN/auto/f12-berlinetta,tyres_and_rims,rear,315/35 ZR 20 11.5J
https://www.ferrari.com/en-EN/auto/f12-berlinetta,tyres_and_rims,front_winter,255/35 ZR 20 9.5J
https://www.ferrari.com/en-EN/auto/f12-berlinetta,tyres_and_rims,rear_winter_can_be_used_with_chains,305/35 ZR 20 11.5J
https://www.ferrari.com/en-EN/auto/f12-berlinetta,engine,type,65° V12
https://www.ferrari.com/en-EN/auto/f12-berlinetta,engine,bore_stroke,"3.7 x 2.96 in (94 x 75,2 mm)"
https://www.ferrari.com/en-EN/auto/f12-berlinetta,engine,total_capacity,382.13 cu in (6262 cc)
https://www.ferrari.com/en-EN/auto/f12-berlinetta,engine,compression_ratio,13.5:1
https://www.ferrari.com/en-EN/auto/f12-berlinetta,engine,maximum_power,545 kW (740 CV) at 8250 rpm
https://www.ferrari.com/en-EN/auto/f12-berlinetta,engine,specific_power_output,88 KW/ cu in (118 CV/l)
https://www.ferrari.com/en-EN/auto/f12-berlinetta,engine,maximum_torque,690 Nm at 6000 rpm
https://www.ferrari.com/en-EN/auto/f12-berlinetta,engine,maximum_revs,8700 rpm
https://www.ferrari.com/en-EN/auto/f12-berlinetta,ccm_3_brakes,front_2,"15,7 x 8,8 x 1,5 inch (398 x 223 x 38 mm)"
https://www.ferrari.com/en-EN/auto/f12-berlinetta,ccm_3_brakes,rear_2,"14,2 x 9,2 x 1,3 inch (360 x 233 x 32 mm)"
https://www.ferrari.com/en-EN/auto/f12-berlinetta,electronics,esc,Electronic Stability Control
https://www.ferrari.com/en-EN/auto/f12-berlinetta,electronics,high_performance_abs_ebd,High performance Antilock Braking System/Electronic Brakeforce Distribution
https://www.ferrari.com/en-EN/auto/f12-berlinetta,electronics,f1_trac,F1 traction control
https://www.ferrari.com/en-EN/auto/f12-berlinetta,electronics,e_diff_3,Third Generation of Electronic differential
https://www.ferrari.com/en-EN/auto/f12-berlinetta,electronics,scm_e_with_dual_coil,(magnetorheological suspension control with dual coil system)
https://www.ferrari.com/en-EN/auto/f12-berlinetta,performance,maximum_speed,over 211 mph (340 km/h)
https://www.ferrari.com/en-EN/auto/f12-berlinetta,performance,x0_100_km_h,3.1sec
https://www.ferrari.com/en-EN/auto/f12-berlinetta,performance,x0_200_km_h,8.5sec
https://www.ferrari.com/en-EN/auto/f12-berlinetta,fuel_consumption,combined,15l/100km
https://www.ferrari.com/en-EN/auto/f12-berlinetta,co2_emissions,combined_2,350g/km
https://www.ferrari.com/en-EN/auto/f12-berlinetta,note,engine_power_is_expressed_in_k_w_in_accordance_with,the International System of Units (SI) and in CV (1KW= 1.3596216 CV). With dynamic overboost
https://www.ferrari.com/en-EN/auto/ferrari-california-30,dimensions_and_weight,overall_length,179.6 in (4562 mm)
https://www.ferrari.com/en-EN/auto/ferrari-california-30,dimensions_and_weight,overall_width,75.1 in (1909 mm)
https://www.ferrari.com/en-EN/auto/ferrari-california-30,dimensions_and_weight,height,52.0 in (1322 mm)
https://www.ferrari.com/en-EN/auto/ferrari-california-30,dimensions_and_weight,wheelbase,105.1 in (2670 mm)
https://www.ferrari.com/en-EN/auto/ferrari-california-30,dimensions_and_weight,front_track,64.2 in (1630 mm)
https://www.ferrari.com/en-EN/auto/ferrari-california-30,dimensions_and_weight,rear_track,63.2 in (1605 mm)
https://www.ferrari.com/en-EN/auto/ferrari-california-30,dimensions_and_weight,dry_weight,3593 lb (1630 kg)
https://www.ferrari.com/en-EN/auto/ferrari-california-30,dimensions_and_weight,kerb_weight,3825 lb (1735 kg)
https://www.ferrari.com/en-EN/auto/ferrari-california-30,dimensions_and_weight,weight_distribution,47% Front - 53% Rear
https://www.ferrari.com/en-EN/auto/ferrari-california-30,dimensions_and_weight,fuel_tank_capacity,20.6 US gal - 17.3 UK/gal (78 l)
https://www.ferrari.com/en-EN/auto/ferrari-california-30,dimensions_and_weight,boot_trunk_capacity,"12 cu ft, 8.5 cu ft - roof closed (340 l - 240 roof closed)"
https://www.ferrari.com/en-EN/auto/ferrari-california-30,engine,type,90° V8 with direct fuel injection
https://www.ferrari.com/en-EN/auto/ferrari-california-30,engine,bore_stroke,"3.70 x 3.05 in (94 x 77,4 mm)"
https://www.ferrari.com/en-EN/auto/ferrari-california-30,engine,unit_displacement,32.75 cu in (537 cm3)
https://www.ferrari.com/en-EN/auto/ferrari-california-30,engine,total_displacement,262.22 cu in (4297 cm3)
https://www.ferrari.com/en-EN/auto/ferrari-california-30,engine,compression_ratio,"12,2:1"
https://www.ferrari.com/en-EN/auto/ferrari-california-30,engine,maximum_power,360 kW (490 CV) at 7750 rpm **
https://www.ferrari.com/en-EN/auto/ferrari-california-30,engine,maximum_torque,505 Nm (372 lbft) at 5000 rpm **
https://www.ferrari.com/en-EN/auto/ferrari-california-30,performance,maximum_speed,194 mph (312 km/h))
https://www.ferrari.com/en-EN/auto/ferrari-california-30,performance,x0_62_mph_0_100_km_h,3.8s
https://www.ferrari.com/en-EN/auto/ferrari-california-30,performance,x0_400_m,12s
https://www.ferrari.com/en-EN/auto/ferrari-california-30,performance,x0_1_000_m,21.8s
https://www.ferrari.com/en-EN/auto/ferrari-california-30,performance,x0_62_mph_0_100_km_h_2,under 4s
https://www.ferrari.com/en-EN/auto/ferrari-california-30,ccm_brakes,front,15.4 x 1.34 in (390 x 34 mm)
https://www.ferrari.com/en-EN/auto/ferrari-california-30,ccm_brakes,rear,14.2 x 1.26 in (360 x 32 mm)
https://www.ferrari.com/en-EN/auto/ferrari-california-30,suspensions,front_2,Double wishbone
https://www.ferrari.com/en-EN/auto/ferrari-california-30,suspensions,rear_2,Multilink
https://www.ferrari.com/en-EN/auto/ferrari-california-30,fuel_consumption,combined_ece_eudc,13.1 l/100km
https://www.ferrari.com/en-EN/auto/ferrari-california-30,co2_emissions,combined_ece_eudc_2,299g/km
https://www.ferrari.com/en-EN/auto/ferrari-california-30,note,x,Europe version
https://www.ferrari.com/en-EN/auto/ferrari-california-30,note,x_2,With 98 octane-rated petrol
https://www.ferrari.com/en-EN/auto/ferrari-california-30,tyres,front_3,"245/40 ZR19"""
https://www.ferrari.com/en-EN/auto/ferrari-california-30,tyres,rear_3,"285/40 ZR19"""
https://www.ferrari.com/en-EN/auto/ferrari-california-30,tyres,front_option,"245/35 ZR20"""
https://www.ferrari.com/en-EN/auto/ferrari-california-30,tyres,rear_option,"285/35 ZR20"""
https://www.ferrari.com/en-EN/auto/458-speciale,engine,type,V8 - 90°
https://www.ferrari.com/en-EN/auto/458-speciale,engine,bore_and_stroke,94 x 81 mm (3.7 x 3.2 in)
https://www.ferrari.com/en-EN/auto/458-speciale,engine,overall_displacement,4497 cc
https://www.ferrari.com/en-EN/auto/458-speciale,engine,compression_ratio,14:1
https://www.ferrari.com/en-EN/auto/458-speciale,engine,maximum_power,445 kW (605 cv) at 9000 rpm
https://www.ferrari.com/en-EN/auto/458-speciale,engine,specific_power_output,135 cv/l
https://www.ferrari.com/en-EN/auto/458-speciale,engine,maximum_torque,540 Nm at 6000 rpm
https://www.ferrari.com/en-EN/auto/458-speciale,engine,maximum_revs_limiter,9000 rpm
https://www.ferrari.com/en-EN/auto/458-speciale,dimensions_and_weight,length,4571 mm
https://www.ferrari.com/en-EN/auto/458-speciale,dimensions_and_weight,width,1951 mm
https://www.ferrari.com/en-EN/auto/458-speciale,dimensions_and_weight,height,1203 mm
https://www.ferrari.com/en-EN/auto/458-speciale,dimensions_and_weight,wheelbase,2650 mm
https://www.ferrari.com/en-EN/auto/458-speciale,dimensions_and_weight,front_track,1679 mm
https://www.ferrari.com/en-EN/auto/458-speciale,dimensions_and_weight,rear_track,1632 mm
https://www.ferrari.com/en-EN/auto/458-speciale,dimensions_and_weight,dry_weight,1290 kg
https://www.ferrari.com/en-EN/auto/458-speciale,dimensions_and_weight,kerb_weight,1395 kg
https://www.ferrari.com/en-EN/auto/458-speciale,dimensions_and_weight,weight_distribution,"42% front, 58% rear"
https://www.ferrari.com/en-EN/auto/458-speciale,dimensions_and_weight,weight_power_ratio,2.13 kg/cv
https://www.ferrari.com/en-EN/auto/458-speciale,dimensions_and_weight,fuel_tank_capacity,86 l
https://www.ferrari.com/en-EN/auto/458-speciale,tyres_and_wheels,front,245/35 ZR20 J9.0
https://www.ferrari.com/en-EN/auto/458-speciale,tyres_and_wheels,rear,305/30 ZR 20 J11.0
https://www.ferrari.com/en-EN/auto/458-speciale,carbon_ceramic_braking_system,front_2,398x223x36 mm
https://www.ferrari.com/en-EN/auto/458-speciale,carbon_ceramic_braking_system,rear_2,360x233x32 mm
https://www.ferrari.com/en-EN/auto/458-speciale,performance,maximum_speed,>325 km/h
https://www.ferrari.com/en-EN/auto/458-speciale,performance,x0_100_km_h,3.0 sec
https://www.ferrari.com/en-EN/auto/458-speciale,performance,x0_200_km_h,9.1 sec
https://www.ferrari.com/en-EN/auto/458-speciale,performance,x0_400_m,10.7 sec
https://www.ferrari.com/en-EN/auto/458-speciale,performance,x0_1000_m,19.4 sec
https://www.ferrari.com/en-EN/auto/458-speciale,performance,weight_power_ratio_2,2.13 kg/cv
https://www.ferrari.com/en-EN/auto/458-speciale,performance,fiorano_lap_time,1'23''5
https://www.ferrari.com/en-EN/auto/458-speciale,fuel_consumption_and_emissions_ece_eudc_combined_cycle_with_hele_system,fuel_consumption,11.8 l/100 km
https://www.ferrari.com/en-EN/auto/458-speciale,fuel_consumption_and_emissions_ece_eudc_combined_cycle_with_hele_system,co2_emissions,275 gr/km
https://www.ferrari.com/en-EN/auto/458-speciale,notes,x,With optional equipment
https://www.ferrari.com/en-EN/auto/458-speciale,notes,x_2,Including 3.7 kW by ram effect
https://www.ferrari.com/en-EN/auto/laferrari,hy_kers_system,total_maximum_power,963CV
https://www.ferrari.com/en-EN/auto/laferrari,hy_kers_system,total_maximum_torque,>900Nm
https://www.ferrari.com/en-EN/auto/laferrari,hy_kers_system,v12_maximum_power,800CV @9000 rpm
https://www.ferrari.com/en-EN/auto/laferrari,hy_kers_system,maximum_revs,9250 rpm
https://www.ferrari.com/en-EN/auto/laferrari,hy_kers_system,v12_maximum_torque,700Nm @6750 rpm
https://www.ferrari.com/en-EN/auto/laferrari,hy_kers_system,electric_motor_output,120 Kw (163 CV)
https://www.ferrari.com/en-EN/auto/laferrari,hy_kers_system,co2_emissions,340g/km
https://www.ferrari.com/en-EN/auto/laferrari,performance,maximum_speed,> 350km/h
https://www.ferrari.com/en-EN/auto/laferrari,performance,x0_100_km_h,<3sec
https://www.ferrari.com/en-EN/auto/laferrari,performance,x0_200_km_h,<7sec
https://www.ferrari.com/en-EN/auto/laferrari,performance,x0_300_km_h,15sec
https://www.ferrari.com/en-EN/auto/laferrari,ice,type,65-deg. V12
https://www.ferrari.com/en-EN/auto/laferrari,ice,bore_and_stroke,94 x 75.2mm
https://www.ferrari.com/en-EN/auto/laferrari,ice,total_displacement,6262cc
https://www.ferrari.com/en-EN/auto/laferrari,ice,compression_ratio,13.5:1
https://www.ferrari.com/en-EN/auto/laferrari,ice,specific_power,128CV/l
https://www.ferrari.com/en-EN/auto/laferrari,dimensions,length,4702mm
https://www.ferrari.com/en-EN/auto/laferrari,dimensions,width,1992mm
https://www.ferrari.com/en-EN/auto/laferrari,dimensions,height,1116mm
https://www.ferrari.com/en-EN/auto/laferrari,dimensions,wheelbase,2650mm
https://www.ferrari.com/en-EN/auto/laferrari,dimensions,weight_distribution,41% front 59% rear
https://www.ferrari.com/en-EN/auto/laferrari,suspension,front,double wishbones
https://www.ferrari.com/en-EN/auto/laferrari,suspension,rear,Multilink
https://www.ferrari.com/en-EN/auto/laferrari,tyres,front_2,265/30 - 19
https://www.ferrari.com/en-EN/auto/laferrari,tyres,rear_2,345/30 - 20
https://www.ferrari.com/en-EN/auto/laferrari,brakes,front_3,398 x 223 x 36mm
https://www.ferrari.com/en-EN/auto/laferrari,brakes,rear_3,380 x 253 x 34mm
https://www.ferrari.com/en-EN/auto/laferrari,electronic_controls,esc,stability control
https://www.ferrari.com/en-EN/auto/laferrari,electronic_controls,high_perf_abs_ebd,Performance anti blockage system/electronic brake balance
https://www.ferrari.com/en-EN/auto/laferrari,electronic_controls,ef1_trac,F1 electronic traction control integrated with the hybrid system
https://www.ferrari.com/en-EN/auto/laferrari,electronic_controls,e_diff_3,third generation electronic differential
https://www.ferrari.com/en-EN/auto/laferrari,electronic_controls,scm_e_frs,magnetorheological damping with twin solenoids (Al-Ni tube)
https://www.ferrari.com/en-EN/auto/laferrari,electronic_controls,aerodynamics,Active
https://www.ferrari.com/en-EN/auto/laferrari,notes,x,with dynamic ram effect
https://www.ferrari.com/en-EN/auto/458-challenge-evo,dimensions_and_weight,overall_length,178.2in
https://www.ferrari.com/en-EN/auto/458-challenge-evo,dimensions_and_weight,overall_width,76.3in
https://www.ferrari.com/en-EN/auto/458-challenge-evo,dimensions_and_weight,height,45.8in
https://www.ferrari.com/en-EN/auto/458-challenge-evo,dimensions_and_weight,wheelbase,104.3in
https://www.ferrari.com/en-EN/auto/458-challenge-evo,dimensions_and_weight,front_track,66.6in
https://www.ferrari.com/en-EN/auto/458-challenge-evo,dimensions_and_weight,rear_track,63.6in
https://www.ferrari.com/en-EN/auto/458-challenge-evo,dimensions_and_weight,dry_weight,2689.6 lb*
https://www.ferrari.com/en-EN/auto/458-challenge-evo,dimensions_and_weight,fuel_tank_capacity,24.8 lmp gal / 29.8 US gal
https://www.ferrari.com/en-EN/auto/458-challenge-evo,tyres,front,"255/650 19""x9"""
https://www.ferrari.com/en-EN/auto/458-challenge-evo,tyres,rear,"305/690 19""x11"""
https://www.ferrari.com/en-EN/auto/458-challenge-evo,brakes,front_2,15.7 x 1.5in
https://www.ferrari.com/en-EN/auto/458-challenge-evo,brakes,rear_2,15 x 1.34in
https://www.ferrari.com/en-EN/auto/458-challenge-evo,engine,type,V8 - 90°
https://www.ferrari.com/en-EN/auto/458-challenge-evo,engine,bore_stroke,3.7 x 3.2in
https://www.ferrari.com/en-EN/auto/458-challenge-evo,engine,total_displacement,274.5 cuin
https://www.ferrari.com/en-EN/auto/458-challenge-evo,engine,compression_ratio,12.5:1
https://www.ferrari.com/en-EN/auto/458-challenge-evo,engine,maximum_power,570 CV** at 9000 rpm
https://www.ferrari.com/en-EN/auto/458-challenge-evo,engine,maximum_torque,540 Nm at 6000 rpm
https://www.ferrari.com/en-EN/auto/458-challenge-evo,note,x,With drivers’ side Racing seat and asymmetric roll cage
https://www.ferrari.com/en-EN/auto/458-challenge-evo,note,x_2,Includes 5 CV from ram-effect
https://www.ferrari.com/en-EN/auto/458-speciale-a,engine,type,"V8, 90° - Direct Injection - Dry Sump"
https://www.ferrari.com/en-EN/auto/458-speciale-a,engine,bore_and_stroke,94 x 81 mm (3.7 x 3.2 in)
https://www.ferrari.com/en-EN/auto/458-speciale-a,engine,overall_displacement,4497 cm3 (274.4 cu in)
https://www.ferrari.com/en-EN/auto/458-speciale-a,engine,compression_ratio,14.0:1
https://www.ferrari.com/en-EN/auto/458-speciale-a,engine,maximum_power,445 kW (605 cv) at 9000 rpm
https://www.ferrari.com/en-EN/auto/458-speciale-a,engine,specific_power_output,135 cv/l (1.62 kW/cu in)
https://www.ferrari.com/en-EN/auto/458-speciale-a,engine,maximum_torque,540 Nm (398 lb ft) at 6000 rpm
https://www.ferrari.com/en-EN/auto/458-speciale-a,engine,maximum_revs_limiter,9000 rpm
https://www.ferrari.com/en-EN/auto/458-speciale-a,dimensions_and_weight,length,4571 mm (180.0 in)
https://www.ferrari.com/en-EN/auto/458-speciale-a,dimensions_and_weight,width,1951 mm (76.8 in)
https://www.ferrari.com/en-EN/auto/458-speciale-a,dimensions_and_weight,height,1204 mm (47.4 in)
https://www.ferrari.com/en-EN/auto/458-speciale-a,dimensions_and_weight,wheelbase,2650 mm (104.3 in)
https://www.ferrari.com/en-EN/auto/458-speciale-a,dimensions_and_weight,front_track,1679 mm (66.1 in)
https://www.ferrari.com/en-EN/auto/458-speciale-a,dimensions_and_weight,rear_track,1632 mm (64.3 in)
https://www.ferrari.com/en-EN/auto/458-speciale-a,dimensions_and_weight,dry_weight,1340 kg (2954 lbf)
https://www.ferrari.com/en-EN/auto/458-speciale-a,dimensions_and_weight,kerb_weight,1445 kg (3185 lbf)
https://www.ferrari.com/en-EN/auto/458-speciale-a,dimensions_and_weight,weight_distribution,"42% front, 58% rear"
https://www.ferrari.com/en-EN/auto/458-speciale-a,dimensions_and_weight,weight_power_ratio,"2.21 kg/cv (4,46 lb/kW)"
https://www.ferrari.com/en-EN/auto/458-speciale-a,dimensions_and_weight,fuel_tank_capacity,86 l (22 US gallon 18 UK gallon)
https://www.ferrari.com/en-EN/auto/458-speciale-a,tyres_and_wheel,front,245/35 ZR20 J9.0''
https://www.ferrari.com/en-EN/auto/458-speciale-a,tyres_and_wheel,rear,305/30 ZR 20 J11.0''
https://www.ferrari.com/en-EN/auto/458-speciale-a,carbon_ceramic_braking_system,front_2,398x223x36 mm (15.7 x 8.8 x 1.4 in)
https://www.ferrari.com/en-EN/auto/458-speciale-a,carbon_ceramic_braking_system,rear_2,360x233x32 mm (14.2 x 9.2 x 1.3 in)
https://www.ferrari.com/en-EN/auto/458-speciale-a,electronic_control_system,esc,Stability control
https://www.ferrari.com/en-EN/auto/458-speciale-a,electronic_control_system,high_performance_abs_ebd_distribution,High performance anti-lock braking system/electronic brake force
https://www.ferrari.com/en-EN/auto/458-speciale-a,electronic_control_system,f1_trac,F1 traction control
https://www.ferrari.com/en-EN/auto/458-speciale-a,electronic_control_system,e_diff_3,Third generation electronic differential
https://www.ferrari.com/en-EN/auto/458-speciale-a,electronic_control_system,ssc,Side slip angle control
https://www.ferrari.com/en-EN/auto/458-speciale-a,electronic_control_system,frs_scm_e,Magnetorheological suspension control with frequency analysis system and twin solenoids
https://www.ferrari.com/en-EN/auto/458-speciale-a,gearbox,type_2,7-speed F1 dual-clutch transmission
https://www.ferrari.com/en-EN/auto/458-speciale-a,performance,maximum_speed,320 km/h (199 mph)
https://www.ferrari.com/en-EN/auto/458-speciale-a,performance,x0_100_km_h_0_62_mph,3.0 sec
https://www.ferrari.com/en-EN/auto/458-speciale-a,performance,x0_200_km_h_0_124_mph,9.5 sec
https://www.ferrari.com/en-EN/auto/458-speciale-a,performance,x0_400m_0_437_yd,10.8 sec
https://www.ferrari.com/en-EN/auto/458-speciale-a,performance,x0_1000m_0_1093_yd,19.6 sec
https://www.ferrari.com/en-EN/auto/458-speciale-a,performance,x100_0_km_h_62_0_mph,31 m (101.7 ft)
https://www.ferrari.com/en-EN/auto/458-speciale-a,performance,x200_0_km_h_124_0_kph,122 m (400.3)
https://www.ferrari.com/en-EN/auto/458-speciale-a,performance,fiorano_lap_time,1’23’’5
https://www.ferrari.com/en-EN/auto/458-speciale-a,fuel_consumption_and_emissions_ece_eudc_combined_cycle,fuel_consumption,11.8 l/100 km
https://www.ferrari.com/en-EN/auto/458-speciale-a,fuel_consumption_and_emissions_ece_eudc_combined_cycle,co2_emissions,275 gr/km
https://www.ferrari.com/en-EN/auto/458-speciale-a,notes,x,With optional equipment
https://www.ferrari.com/en-EN/auto/458-speciale-a,notes,x_2,Including 3.7 kW by ram effect
https://www.ferrari.com/en-EN/auto/458-speciale-a,notes,x_3,Combined cycle with HELE system (ECE+EUDC)
https://www.ferrari.com/en-EN/auto/california-t,engine,type,90° V8 with fuel direct injection
https://www.ferrari.com/en-EN/auto/california-t,engine,bore_and_stroke,3.41 in x 3.23 in
https://www.ferrari.com/en-EN/auto/california-t,engine,unit_displacement,29.4 cu in
https://www.ferrari.com/en-EN/auto/california-t,engine,total_displacement,235.25 cu in
https://www.ferrari.com/en-EN/auto/california-t,engine,compression_ratio,9.4:1
https://www.ferrari.com/en-EN/auto/california-t,engine,maximum_power,412 kW (560 cv) @ 7500 rpm
https://www.ferrari.com/en-EN/auto/california-t,engine,maximum_torque,755 Nm (557 lbft) @ 4750 rpm in VII gear
https://www.ferrari.com/en-EN/auto/california-t,dimensions_and_weight,length,179.9 in
https://www.ferrari.com/en-EN/auto/california-t,dimensions_and_weight,width,75.2 in
https://www.ferrari.com/en-EN/auto/california-t,dimensions_and_weight,height,52.0 in
https://www.ferrari.com/en-EN/auto/california-t,dimensions_and_weight,wheelbase,105.1 in
https://www.ferrari.com/en-EN/auto/california-t,dimensions_and_weight,front_track,64.2 in
https://www.ferrari.com/en-EN/auto/california-t,dimensions_and_weight,rear_track,63.2 in
https://www.ferrari.com/en-EN/auto/california-t,dimensions_and_weight,dry_weight,3582 lb
https://www.ferrari.com/en-EN/auto/california-t,dimensions_and_weight,kerb_weight,3813 lb
https://www.ferrari.com/en-EN/auto/california-t,dimensions_and_weight,weight_distribution,47% front - 53% rear
https://www.ferrari.com/en-EN/auto/california-t,dimensions_and_weight,fuel_tank_capacity,20.6 US gal / 17.3 UK gal
https://www.ferrari.com/en-EN/auto/california-t,dimensions_and_weight,boot_trunk_capacity,"12 cu ft, 8.5 cu ft (roof closed)"
https://www.ferrari.com/en-EN/auto/california-t,performance,maximum_speed,196 mph
https://www.ferrari.com/en-EN/auto/california-t,performance,x0_100_km_h_0_62_mph,3.6 s
https://www.ferrari.com/en-EN/auto/california-t,performance,x0_200_km_h_0_124_mph,11.2 s
https://www.ferrari.com/en-EN/auto/california-t,performance,weight_power_ratio,8.69 lb/kw
https://www.ferrari.com/en-EN/auto/california-t,tyres_and_wheels,front,"245/40 ZR 19"""
https://www.ferrari.com/en-EN/auto/california-t,tyres_and_wheels,rear,"285/40 ZR 19"""
https://www.ferrari.com/en-EN/auto/california-t,tyres_and_wheels,front_opt,"245/35 ZR 20"""
https://www.ferrari.com/en-EN/auto/california-t,tyres_and_wheels,rear_opt,"285/35 ZR 20"""
https://www.ferrari.com/en-EN/auto/california-t,carbon_ceramic_braking_system,front_2,390 x 34 mm
https://www.ferrari.com/en-EN/auto/california-t,carbon_ceramic_braking_system,rear_2,360 x 32 mm
https://www.ferrari.com/en-EN/auto/california-t,gearbox,type_2,"F1, dual clutch 7 gears + Reverse"
https://www.ferrari.com/en-EN/auto/california-t,suspensions,front_3,Double wishbone
https://www.ferrari.com/en-EN/auto/california-t,suspensions,rear_3,Multilink
https://www.ferrari.com/en-EN/auto/california-t,fuel_consumption_and_co2_emissions,fuel_consumption,10.5 l/100 km
https://www.ferrari.com/en-EN/auto/california-t,fuel_consumption_and_co2_emissions,co2_emissions,250 g/km
https://www.ferrari.com/en-EN/auto/california-t,notes,x,With 98 octane fuel
https://www.ferrari.com/en-EN/auto/california-t,notes,x_2,With lightweight optional equipment
https://www.ferrari.com/en-EN/auto/california-t,notes,x_3,Combined cycle (ECE+EUDC) with HELE system
https://www.ferrari.com/en-EN/auto/fxx-k,kers_system,total_maximum_power,1050 cv
https://www.ferrari.com/en-EN/auto/fxx-k,kers_system,total_maximum_torque,>900 Nm (664 ft lb)
https://www.ferrari.com/en-EN/auto/fxx-k,kers_system,v12_maximum_power,860 hp @9200 rpm
https://www.ferrari.com/en-EN/auto/fxx-k,kers_system,maximum_revs,9250 rpm
https://www.ferrari.com/en-EN/auto/fxx-k,kers_system,v12_maximum_torque,750 Nm @ 6500 rpm (553 ft lb)
https://www.ferrari.com/en-EN/auto/fxx-k,kers_system,electric_motor_output,140 Kw (190 cv)
https://www.ferrari.com/en-EN/auto/fxx-k,ice,type,65-deg. V12
https://www.ferrari.com/en-EN/auto/fxx-k,ice,bore_and_stroke,94 x 75.2 mm (3.7 x 2.9 inches)
https://www.ferrari.com/en-EN/auto/fxx-k,ice,total_displacement,6262 cm3 (382 cu in)
https://www.ferrari.com/en-EN/auto/fxx-k,ice,specific_power,137 cv/l
https://www.ferrari.com/en-EN/auto/fxx-k,dimensions,length,4896 mm
https://www.ferrari.com/en-EN/auto/fxx-k,dimensions,width,2051 mm
https://www.ferrari.com/en-EN/auto/fxx-k,dimensions,height,1116 mm
https://www.ferrari.com/en-EN/auto/fxx-k,dimensions,wheelbase,2650 mm
https://www.ferrari.com/en-EN/auto/fxx-k,suspension,front,double wishbones
https://www.ferrari.com/en-EN/auto/fxx-k,suspension,rear,multi-link
https://www.ferrari.com/en-EN/auto/fxx-k,tyres,front_2,285/650 - R19 x10½
https://www.ferrari.com/en-EN/auto/fxx-k,tyres,rear_2,345/725 - R20x13
https://www.ferrari.com/en-EN/auto/fxx-k,carbon_ceramic_brakes_brembo,front_3,398 x 223 x 36 mm
https://www.ferrari.com/en-EN/auto/fxx-k,carbon_ceramic_brakes_brembo,rear_3,380 x 253 x 34 mm
https://www.ferrari.com/en-EN/auto/fxx-k,electronic_controls,esc,stability control
https://www.ferrari.com/en-EN/auto/fxx-k,electronic_controls,high_perf_abs_ebd,Performance anti blockage system/electronic brake balance
https://www.ferrari.com/en-EN/auto/fxx-k,electronic_controls,ef1_trac,F1 electronic traction control integrated with the hybrid system
https://www.ferrari.com/en-EN/auto/fxx-k,electronic_controls,e_diff_3,third generation electronic differential
https://www.ferrari.com/en-EN/auto/fxx-k,electronic_controls,scm_e_frs,magnetorheological damping with twin solenoids (Al-Ni tube)
https://www.ferrari.com/en-EN/auto/fxx-k,electronic_controls,aerodynamics,active
https://www.ferrari.com/en-EN/auto/fxx-k,note,x,with dynamic ram effect
https://www.ferrari.com/en-EN/auto/f12tdf,dimensions_and_weight,overall_length,4656mm
https://www.ferrari.com/en-EN/auto/f12tdf,dimensions_and_weight,overall_width,1961mm
https://www.ferrari.com/en-EN/auto/f12tdf,dimensions_and_weight,height,1273mm
https://www.ferrari.com/en-EN/auto/f12tdf,dimensions_and_weight,wheelbase,2720mm
https://www.ferrari.com/en-EN/auto/f12tdf,dimensions_and_weight,front_track,1673mm
https://www.ferrari.com/en-EN/auto/f12tdf,dimensions_and_weight,rear_track,1648mm
https://www.ferrari.com/en-EN/auto/f12tdf,dimensions_and_weight,dry_weight,1415kg
https://www.ferrari.com/en-EN/auto/f12tdf,dimensions_and_weight,kerb_weight,1520kg
https://www.ferrari.com/en-EN/auto/f12tdf,dimensions_and_weight,weight_distribution,46% Front - 54% Rear
https://www.ferrari.com/en-EN/auto/f12tdf,dimensions_and_weight,fuel_tank_capacity,92l
https://www.ferrari.com/en-EN/auto/f12tdf,engine,type,65° V12
https://www.ferrari.com/en-EN/auto/f12tdf,engine,bore_and_stroke,"94 x 75,2mm"
https://www.ferrari.com/en-EN/auto/f12tdf,engine,total_displacement,6262cc
https://www.ferrari.com/en-EN/auto/f12tdf,engine,compression_ratio,"13,5:1"
https://www.ferrari.com/en-EN/auto/f12tdf,engine,maximum_power,780CV at 8500 rpm
https://www.ferrari.com/en-EN/auto/f12tdf,engine,specific_output,125CV/l
https://www.ferrari.com/en-EN/auto/f12tdf,engine,maximum_torque,705Nm at 6250 rpm
https://www.ferrari.com/en-EN/auto/f12tdf,engine,maximum_revs_per_minute_limiter,8900rpm
https://www.ferrari.com/en-EN/auto/f12tdf,tyres_and_rims,front,275/35 ZR 20 10 J
https://www.ferrari.com/en-EN/auto/f12tdf,tyres_and_rims,rear,315/35 ZR 20 11.5J
https://www.ferrari.com/en-EN/auto/f12tdf,tyres_and_rims,front_winter,255/35 ZR 20 9.5 J
https://www.ferrari.com/en-EN/auto/f12tdf,tyres_and_rims,rear_winter_can_be_used_with_chain,305/35 ZR 20 11.5J
https://www.ferrari.com/en-EN/auto/f12tdf,performance,maximum_speed,>340km/h
https://www.ferrari.com/en-EN/auto/f12tdf,performance,x0_100_km_h,"2,9sec"
https://www.ferrari.com/en-EN/auto/f12tdf,performance,x0_200_km_h,"7,9sec"
https://www.ferrari.com/en-EN/auto/f12tdf,performance,x62_0_mph,"30,5m"
https://www.ferrari.com/en-EN/auto/f12tdf,performance,x124_0_mph,121m
https://www.ferrari.com/en-EN/auto/f12tdf,ccm_3_brakes,front_2,398 x 223 x 38 mm
https://www.ferrari.com/en-EN/auto/f12tdf,ccm_3_brakes,rear_2,360 x 233 x 32mm
https://www.ferrari.com/en-EN/auto/f12tdf,electronics,esc,Electronic Stability Control
https://www.ferrari.com/en-EN/auto/f12tdf,electronics,high_performance_abs_ebd,High performance Antilock Braking System/Electronic Brakeforce Distribution
https://www.ferrari.com/en-EN/auto/f12tdf,electronics,f1_trac,F1 Traction Control
https://www.ferrari.com/en-EN/auto/f12tdf,electronics,e_diff_3,Third Generation of Electronic differential
https://www.ferrari.com/en-EN/auto/f12tdf,electronics,scm_e_with_dual_coil,Magnetorheological suspension control with dual coil system
https://www.ferrari.com/en-EN/auto/f12tdf,fuel_consumption,combined,"15,4l/100 km"
https://www.ferrari.com/en-EN/auto/f12tdf,co2_emissions,combined_2,360 g/kmg/km
https://www.ferrari.com/en-EN/auto/f12tdf,notes,x,With optional weight-saving content
https://www.ferrari.com/en-EN/auto/f12tdf,notes,x_2,"Engine power is expressed in kW, in accordance with the International System of Units (SI) and in CV (1KW= 1.3596216 CV). With dynamic overboost"
https://www.ferrari.com/en-EN/auto/f12tdf,notes,x_3,With HELE system
https://www.ferrari.com/en-EN/auto/ferrari-488-gtb,engine,type,V8 - 90° - Turbo – Dry Sump
https://www.ferrari.com/en-EN/auto/ferrari-488-gtb,engine,total_displacement,3.902 cm3
https://www.ferrari.com/en-EN/auto/ferrari-488-gtb,engine,bore_and_stroke,"86,5 x 83 mm"
https://www.ferrari.com/en-EN/auto/ferrari-488-gtb,engine,maximum_power,670 CV (492 kW) at 8000 rpm
https://www.ferrari.com/en-EN/auto/ferrari-488-gtb,engine,maximum_torque,760 Nm at 3000 rpm in VII gear
https://www.ferrari.com/en-EN/auto/ferrari-488-gtb,engine,specific_output,172cv/l
https://www.ferrari.com/en-EN/auto/ferrari-488-gtb,engine,compression_ratio,9.4:1
https://www.ferrari.com/en-EN/auto/ferrari-488-gtb,dimension_and_weight,length,4568mm
https://www.ferrari.com/en-EN/auto/ferrari-488-gtb,dimension_and_weight,width,1952mm
https://www.ferrari.com/en-EN/auto/ferrari-488-gtb,dimension_and_weight,height,1213mm
https://www.ferrari.com/en-EN/auto/ferrari-488-gtb,dimension_and_weight,wheelbase,2650mm
https://www.ferrari.com/en-EN/auto/ferrari-488-gtb,dimension_and_weight,front_track,1679mm
https://www.ferrari.com/en-EN/auto/ferrari-488-gtb,dimension_and_weight,rear_track,1647mm
https://www.ferrari.com/en-EN/auto/ferrari-488-gtb,dimension_and_weight,kerb_weight,1475kg
https://www.ferrari.com/en-EN/auto/ferrari-488-gtb,dimension_and_weight,dry_weight,1370kg
https://www.ferrari.com/en-EN/auto/ferrari-488-gtb,dimension_and_weight,weight_distribution,"41,5% front – 58,5% rear"
https://www.ferrari.com/en-EN/auto/ferrari-488-gtb,dimension_and_weight,boot_capacity,230l
https://www.ferrari.com/en-EN/auto/ferrari-488-gtb,dimension_and_weight,fuel_tank_capacity,78l
https://www.ferrari.com/en-EN/auto/ferrari-488-gtb,tyres,front,245/35 ZR20 J9.0
https://www.ferrari.com/en-EN/auto/ferrari-488-gtb,tyres,rear,305/30 ZR 20 J11.0
https://www.ferrari.com/en-EN/auto/ferrari-488-gtb,brakes,front_2,15.7 x 8.8 x 1.4 in
https://www.ferrari.com/en-EN/auto/ferrari-488-gtb,brakes,rear_2,14.2 x 9.2 x 1.3 in
https://www.ferrari.com/en-EN/auto/ferrari-488-gtb,performance,maximum_speed,330km/h
https://www.ferrari.com/en-EN/auto/ferrari-488-gtb,performance,x0_100_km_h,3.0sec
https://www.ferrari.com/en-EN/auto/ferrari-488-gtb,performance,x0_200_km_h,8.3sec
https://www.ferrari.com/en-EN/auto/ferrari-488-gtb,performance,x0_400m,10.45sec
https://www.ferrari.com/en-EN/auto/ferrari-488-gtb,performance,x0_1000m,18.7sec
https://www.ferrari.com/en-EN/auto/ferrari-488-gtb,performance,weight_power_ratio,"2,04kg/cv"
https://www.ferrari.com/en-EN/auto/ferrari-488-gtb,fuel_consumption,low,21l/100km
https://www.ferrari.com/en-EN/auto/ferrari-488-gtb,fuel_consumption,mid,11.7l/100km
https://www.ferrari.com/en-EN/auto/ferrari-488-gtb,fuel_consumption,high,10.9l/100km
https://www.ferrari.com/en-EN/auto/ferrari-488-gtb,fuel_consumption,extra_high,12.4l/100km
https://www.ferrari.com/en-EN/auto/ferrari-488-gtb,fuel_consumption,combined,12.9l/100km
https://www.ferrari.com/en-EN/auto/ferrari-488-gtb,fuel_consumption,note,The values of fuel consumptions and CO2 emissions shown were determined according to the European Regulation (EC) 715/2007 in the version applicable at the time of type approval. The fuel consumption and CO2 emission figures refer to the WLTP cycle.
https://www.ferrari.com/en-EN/auto/ferrari-488-gtb,co2_emissions,low_2,478g/km
https://www.ferrari.com/en-EN/auto/ferrari-488-gtb,co2_emissions,mid_2,266g/km
https://www.ferrari.com/en-EN/auto/ferrari-488-gtb,co2_emissions,high_2,247g/km
https://www.ferrari.com/en-EN/auto/ferrari-488-gtb,co2_emissions,extra_high_2,282g/km
https://www.ferrari.com/en-EN/auto/ferrari-488-gtb,co2_emissions,combined_2,294g/km
https://www.ferrari.com/en-EN/auto/ferrari-488-gtb,co2_emissions,note_2,The values of fuel consumptions and CO2 emissions shown were determined according to the European Regulation (EC) 715/2007 in the version applicable at the time of type approval. The fuel consumption and CO2 emission figures refer to the WLTP cycle.
https://www.ferrari.com/en-EN/auto/488-challenge,dimensions_and_weight,overall_lenght,4587 mm
https://www.ferrari.com/en-EN/auto/488-challenge,dimensions_and_weight,overall_width,1945 mm
https://www.ferrari.com/en-EN/auto/488-challenge,dimensions_and_weight,height,1203 mm
https://www.ferrari.com/en-EN/auto/488-challenge,dimensions_and_weight,front_track,1739 mm
https://www.ferrari.com/en-EN/auto/488-challenge,dimensions_and_weight,rear_track,1653 mm
https://www.ferrari.com/en-EN/auto/488-challenge,dimensions_and_weight,dry_weight,1340 Kg
https://www.ferrari.com/en-EN/auto/488-challenge,dimensions_and_weight,fuel_tank_capacity,126 L
https://www.ferrari.com/en-EN/auto/488-challenge,tyres,front,"275/675 19""X9,5"""
https://www.ferrari.com/en-EN/auto/488-challenge,tyres,rear,"315/705 19""X12"""
https://www.ferrari.com/en-EN/auto/488-challenge,brakes,front_2,398 mm X 38 mm
https://www.ferrari.com/en-EN/auto/488-challenge,brakes,rear_2,380 mm X 34 mm
https://www.ferrari.com/en-EN/auto/488-challenge,engine,type,V8 - 90° - Turbo
https://www.ferrari.com/en-EN/auto/488-challenge,engine,bore_stroke,"86,5 mm X 83 mm"
https://www.ferrari.com/en-EN/auto/488-challenge,engine,total_displacement,3902 cm3
https://www.ferrari.com/en-EN/auto/488-challenge,engine,compression_ratio,9.4:1
https://www.ferrari.com/en-EN/auto/488-challenge,engine,maximum_power,670 CV @ 8000 giri/min
https://www.ferrari.com/en-EN/auto/488-challenge,engine,maximum_torque,760 NM @ 3000 giri/min
https://www.ferrari.com/en-EN/auto/488-gt3,engine,type,BI-TURBO V8 90°
https://www.ferrari.com/en-EN/auto/488-gt3,engine,total_displacement,3996cc
https://www.ferrari.com/en-EN/auto/488-gt3,engine,bore_and_stroke,"94 x 75,2mm"
https://www.ferrari.com/en-EN/auto/488-gt3,engine,maximum_power,AROUND 600 HP AT 7000 RPM
https://www.ferrari.com/en-EN/auto/488-gt3,engine,maximum_torque,AROUND 600 HP AT 7000 RPM
https://www.ferrari.com/en-EN/auto/488-gt3,dimension_and_weight,length,4614mm
https://www.ferrari.com/en-EN/auto/488-gt3,dimension_and_weight,width,2050mm
https://www.ferrari.com/en-EN/auto/488-gt3,dimension_and_weight,height,1090mm
https://www.ferrari.com/en-EN/auto/488-gt3,dimension_and_weight,wheelbase,2710mm
https://www.ferrari.com/en-EN/auto/488-gt3,dimension_and_weight,weight,1260 kg- BOP LIMITED
https://www.ferrari.com/en-EN/auto/488-gt3,tyres,front,30/68/18
https://www.ferrari.com/en-EN/auto/488-gt3,tyres,rear,31/71/18
https://www.ferrari.com/en-EN/auto/488-gt3,brakes,front_2,390X35 MM
https://www.ferrari.com/en-EN/auto/488-gt3,brakes,rear_2,332X32 MM
https://www.ferrari.com/en-EN/auto/488-gte,engine,type,BI-TURBO V8 90°
https://www.ferrari.com/en-EN/auto/488-gte,engine,total_displacement,3996cc
https://www.ferrari.com/en-EN/auto/488-gte,engine,maximum_power,AROUND 600 HP AT 7000 RPM
https://www.ferrari.com/en-EN/auto/488-gte,engine,maximum_torque,AROUND 700 NM AT 6000 RPM
https://www.ferrari.com/en-EN/auto/488-gte,dimension_and_weight,length,4614mm
https://www.ferrari.com/en-EN/auto/488-gte,dimension_and_weight,width,2050mm
https://www.ferrari.com/en-EN/auto/488-gte,dimension_and_weight,height,1090mm
https://www.ferrari.com/en-EN/auto/488-gte,dimension_and_weight,wheelbase,2710mm
https://www.ferrari.com/en-EN/auto/488-gte,dimension_and_weight,weight,1245 kg- BOP LIMITED
https://www.ferrari.com/en-EN/auto/488-gte,tyres,front,30/68/18
https://www.ferrari.com/en-EN/auto/488-gte,tyres,rear,31/71/18
https://www.ferrari.com/en-EN/auto/488-gte,brakes,front_2,390X35 MM
https://www.ferrari.com/en-EN/auto/488-gte,brakes,rear_2,332X32 MM
https://www.ferrari.com/en-EN/auto/488-spider,engine,type,"V8, turbo-charged, dry sump"
https://www.ferrari.com/en-EN/auto/488-spider,engine,total_displacement,3902 cc (238.1 cu. in)
https://www.ferrari.com/en-EN/auto/488-spider,engine,bore_and_stroke,86.5 x 83 mm (3.4 x 3.3 in)
https://www.ferrari.com/en-EN/auto/488-spider,engine,maximum_power,492 kW (670 cv) at 8000 rpm
https://www.ferrari.com/en-EN/auto/488-spider,engine,maximum_torque,760 Nm at 6750 rpm in VII gear
https://www.ferrari.com/en-EN/auto/488-spider,engine,specific_output,172 cv/l (2.07 kW/cu. in)
https://www.ferrari.com/en-EN/auto/488-spider,engine,compression_ratio,9.4:1
https://www.ferrari.com/en-EN/auto/488-spider,dimension_and_weight,length,4568 mm (179.8 in)
https://www.ferrari.com/en-EN/auto/488-spider,dimension_and_weight,width,1952 mm (76.9 in)
https://www.ferrari.com/en-EN/auto/488-spider,dimension_and_weight,height,1211 mm (47.7 in)
https://www.ferrari.com/en-EN/auto/488-spider,dimension_and_weight,wheelbase,2650 mm (104.3 in)
https://www.ferrari.com/en-EN/auto/488-spider,dimension_and_weight,front_track,1679 mm (66.1 in)
https://www.ferrari.com/en-EN/auto/488-spider,dimension_and_weight,rear_track,1647 mm (64.8 in)
https://www.ferrari.com/en-EN/auto/488-spider,dimension_and_weight,kerb_weight,1525 kg (3362 lb)
https://www.ferrari.com/en-EN/auto/488-spider,dimension_and_weight,dry_weight,1420 kg (3131 lb)
https://www.ferrari.com/en-EN/auto/488-spider,dimension_and_weight,weight_distribution,41.5% front – 58.5% rear
https://www.ferrari.com/en-EN/auto/488-spider,dimension_and_weight,boot_capacity,230 l (8.12 cu. ft)
https://www.ferrari.com/en-EN/auto/488-spider,dimension_and_weight,fuel_tank_capacity,78 l (22.7 US gallons)
https://www.ferrari.com/en-EN/auto/488-spider,tyres,front,245/35 ZR20 J9.0
https://www.ferrari.com/en-EN/auto/488-spider,tyres,rear,305/30 ZR 20 J11.0
https://www.ferrari.com/en-EN/auto/488-spider,brakes,front_2,398x223x36 mm (15.7 x 8.8 x 1.4 in)
https://www.ferrari.com/en-EN/auto/488-spider,brakes,rear_2,360x233x32 mm (14.2 x 9.2 x 1.3 in)
https://www.ferrari.com/en-EN/auto/488-spider,performance,maximum_speed,> 325 km/h (203 mph)
https://www.ferrari.com/en-EN/auto/488-spider,performance,x0_100_km_h,(0 – 62 mph) 3.0 s
https://www.ferrari.com/en-EN/auto/488-spider,performance,x0_200_km_h,(0 – 124 mph) 8.7 s
https://www.ferrari.com/en-EN/auto/488-spider,performance,x0_400_m,(0 – 437 yd) 10.55 s
https://www.ferrari.com/en-EN/auto/488-spider,performance,x0_1000_m,(0 – 1093 yd) 18.9 s
https://www.ferrari.com/en-EN/auto/488-spider,performance,dry_weight_power_ratio,2.12 kg/cv (6.35 lb/kW)
https://www.ferrari.com/en-EN/auto/488-spider,consumption,low,21l/100km
https://www.ferrari.com/en-EN/auto/488-spider,consumption,mid,"11,7l/100km"
https://www.ferrari.com/en-EN/auto/488-spider,consumption,high,"10,9l/100km"
https://www.ferrari.com/en-EN/auto/488-spider,consumption,extra_high,"12,4l/100km"
https://www.ferrari.com/en-EN/auto/488-spider,consumption,combined,"12,9l/100km"
https://www.ferrari.com/en-EN/auto/488-spider,consumption,note_the_values_of_fuel_consumptions_and_co2_emissions_shown_were_determined_according_to_the_european_regulation_ec_715_2007_in_the_version_applicable_at_the_time_of_type_approval,The fuel consumption and CO2 emission figures refer to the WLTP cycle.
https://www.ferrari.com/en-EN/auto/488-spider,co2_emissions,low_2,478g/km
https://www.ferrari.com/en-EN/auto/488-spider,co2_emissions,mid_2,266g/km
https://www.ferrari.com/en-EN/auto/488-spider,co2_emissions,high_2,247g/km
https://www.ferrari.com/en-EN/auto/488-spider,co2_emissions,extra_high_2,282g/km
https://www.ferrari.com/en-EN/auto/488-spider,co2_emissions,combined_2,294g/km
https://www.ferrari.com/en-EN/auto/488-spider,co2_emissions,note_the_values_of_fuel_consumptions_and_co2_emissions_shown_were_determined_according_to_the_european_regulation_ec_715_2007_in_the_version_applicable_at_the_time_of_type_approval_2,The fuel consumption and CO2 emission figures refer to the WLTP cycle.
https://www.ferrari.com/en-EN/auto/488-spider,notes,x,with 98 octane fuel
https://www.ferrari.com/en-EN/auto/488-spider,notes,x_2,With optional equipment
https://www.ferrari.com/en-EN/auto/gtc4lusso,engine,type,V12 - 65°
https://www.ferrari.com/en-EN/auto/gtc4lusso,engine,total_displacement,6262cc
https://www.ferrari.com/en-EN/auto/gtc4lusso,engine,bore_and_stroke,"94 x 75,2mm"
https://www.ferrari.com/en-EN/auto/gtc4lusso,engine,maximum_power,"507 kW (690 CV) at 8,000 rpm"
https://www.ferrari.com/en-EN/auto/gtc4lusso,engine,maximum_torque,697 Nm a 5.750 rpm
https://www.ferrari.com/en-EN/auto/gtc4lusso,engine,maximum_engine_speed,"8,250 rpm"
https://www.ferrari.com/en-EN/auto/gtc4lusso,engine,compression_ratio,"13,5:1"
https://www.ferrari.com/en-EN/auto/gtc4lusso,dimension_and_weight,length,4922mm
https://www.ferrari.com/en-EN/auto/gtc4lusso,dimension_and_weight,width,1980mm
https://www.ferrari.com/en-EN/auto/gtc4lusso,dimension_and_weight,height,1383mm
https://www.ferrari.com/en-EN/auto/gtc4lusso,dimension_and_weight,wheelbase,2990mm
https://www.ferrari.com/en-EN/auto/gtc4lusso,dimension_and_weight,front_track,1674mm
https://www.ferrari.com/en-EN/auto/gtc4lusso,dimension_and_weight,rear_track,1668mm
https://www.ferrari.com/en-EN/auto/gtc4lusso,dimension_and_weight,kerb_weight,1920kg
https://www.ferrari.com/en-EN/auto/gtc4lusso,dimension_and_weight,dry_weight,1790kg
https://www.ferrari.com/en-EN/auto/gtc4lusso,dimension_and_weight,weight_distribution,47% front - 53% rear
https://www.ferrari.com/en-EN/auto/gtc4lusso,dimension_and_weight,boot_capacity,800/450l
https://www.ferrari.com/en-EN/auto/gtc4lusso,dimension_and_weight,fuel_tank_capacity,91l
https://www.ferrari.com/en-EN/auto/gtc4lusso,tyres,front,245/35 ZR20; 8.5” J x 20”
https://www.ferrari.com/en-EN/auto/gtc4lusso,tyres,rear,295/35 ZR20”; 10.5” J x 20”
https://www.ferrari.com/en-EN/auto/gtc4lusso,brakes,front_2,398 x 38mm
https://www.ferrari.com/en-EN/auto/gtc4lusso,brakes,rear_2,360 x 32mm
https://www.ferrari.com/en-EN/auto/gtc4lusso,performance,maximum_speed,335km/h
https://www.ferrari.com/en-EN/auto/gtc4lusso,performance,x0_100_km_h,"3,4sec"
https://www.ferrari.com/en-EN/auto/gtc4lusso,performance,x0_200_km_h,"10,5sec"
https://www.ferrari.com/en-EN/auto/gtc4lusso,performance,x100_0_km_h,34m
https://www.ferrari.com/en-EN/auto/gtc4lusso,performance,x200_0_km_h,138m
https://www.ferrari.com/en-EN/auto/gtc4lusso,performance,dry_weight_power_ratio,"2,6kg/cv"
https://www.ferrari.com/en-EN/auto/gtc4lusso,consumption,low,"28,5l/100km"
https://www.ferrari.com/en-EN/auto/gtc4lusso,consumption,mid,"15,8l/100km"
https://www.ferrari.com/en-EN/auto/gtc4lusso,consumption,high,"13,6l/100km"
https://www.ferrari.com/en-EN/auto/gtc4lusso,consumption,extra_high,"13,9l/100km"
https://www.ferrari.com/en-EN/auto/gtc4lusso,consumption,combined,"16,1l/100km"
https://www.ferrari.com/en-EN/auto/gtc4lusso,consumption,note_the_values_of_fuel_consumptions_and_co2_emissions_shown_were_determined_according_to_the_european_regulation_ec_715_2007_in_the_version_applicable_at_the_time_of_type_approval,The fuel consumption and CO2 emission figures refer to the WLTP cycle.
https://www.ferrari.com/en-EN/auto/gtc4lusso,co2_emissions,low_2,648g/km
https://www.ferrari.com/en-EN/auto/gtc4lusso,co2_emissions,mid_2,258g/km
https://www.ferrari.com/en-EN/auto/gtc4lusso,co2_emissions,high_2,308g/km
https://www.ferrari.com/en-EN/auto/gtc4lusso,co2_emissions,extra_high_2,315g/km
https://www.ferrari.com/en-EN/auto/gtc4lusso,co2_emissions,combined_2,366g/km
https://www.ferrari.com/en-EN/auto/gtc4lusso,co2_emissions,note_the_values_of_fuel_consumptions_and_co2_emissions_shown_were_determined_according_to_the_european_regulation_ec_715_2007_in_the_version_applicable_at_the_time_of_type_approval_2,The fuel consumption and CO2 emission figures refer to the WLTP cycle.
https://www.ferrari.com/en-EN/auto/gtc4lusso,notes,x,"Engine power is expressed in kW, in accordance with the International System of Units (SI) and in CV for reasons of homogeneity. With 98 octane-rated petrol"
https://www.ferrari.com/en-EN/auto/gtc4lusso,notes,x_2,With optional equipment
https://www.ferrari.com/en-EN/auto/gtc4lussot,engine,type,V8 - 90° turbo
https://www.ferrari.com/en-EN/auto/gtc4lussot,engine,overall_displacement,3855cc
https://www.ferrari.com/en-EN/auto/gtc4lussot,engine,bore_and_stroke,"86,4 x 82mm"
https://www.ferrari.com/en-EN/auto/gtc4lussot,engine,maximum_power_output,"449 kW (610 cv) at 7,500 rpm"
https://www.ferrari.com/en-EN/auto/gtc4lussot,engine,maximum_torque,"760 Nm at 3,000 – 5,250 rpm"
https://www.ferrari.com/en-EN/auto/gtc4lussot,engine,max_revs,"7,500rpm"
https://www.ferrari.com/en-EN/auto/gtc4lussot,engine,compression_ratio,"9,4:1"
https://www.ferrari.com/en-EN/auto/gtc4lussot,weight_and_dimensions,length,4922mm
https://www.ferrari.com/en-EN/auto/gtc4lussot,weight_and_dimensions,width,1980mm
https://www.ferrari.com/en-EN/auto/gtc4lussot,weight_and_dimensions,height,1383mm
https://www.ferrari.com/en-EN/auto/gtc4lussot,weight_and_dimensions,wheelbase,2990mm
https://www.ferrari.com/en-EN/auto/gtc4lussot,weight_and_dimensions,front_track,1674mm
https://www.ferrari.com/en-EN/auto/gtc4lussot,weight_and_dimensions,kerb_weight,1865kg
https://www.ferrari.com/en-EN/auto/gtc4lussot,weight_and_dimensions,dry_weight,1740kg
https://www.ferrari.com/en-EN/auto/gtc4lussot,weight_and_dimensions,weight_distribution,46% front - 54% rear
https://www.ferrari.com/en-EN/auto/gtc4lussot,weight_and_dimensions,boot_capacity,450l
https://www.ferrari.com/en-EN/auto/gtc4lussot,weight_and_dimensions,fuel_tank_capacity,91l
https://www.ferrari.com/en-EN/auto/gtc4lussot,tyres,front,245/35 ZR20”; 8.5” J x 20”
https://www.ferrari.com/en-EN/auto/gtc4lussot,tyres,rear,295/35 ZR20”; 10.5” J x 20”
https://www.ferrari.com/en-EN/auto/gtc4lussot,brakes,front_2,398 x 38mm
https://www.ferrari.com/en-EN/auto/gtc4lussot,brakes,rear_2,360 x 32mm
https://www.ferrari.com/en-EN/auto/gtc4lussot,performance,maximum_speed,>320km/h
https://www.ferrari.com/en-EN/auto/gtc4lussot,performance,x0_100_km_h,3.5sec
https://www.ferrari.com/en-EN/auto/gtc4lussot,fuel_consumption,low,21l/100km
https://www.ferrari.com/en-EN/auto/gtc4lussot,fuel_consumption,mid,"12,7l/100km"
https://www.ferrari.com/en-EN/auto/gtc4lussot,fuel_consumption,high,"11,1l/100km"
https://www.ferrari.com/en-EN/auto/gtc4lussot,fuel_consumption,extra_high,"11,6l/100km"
https://www.ferrari.com/en-EN/auto/gtc4lussot,fuel_consumption,combined,"12,9l/100km"
https://www.ferrari.com/en-EN/auto/gtc4lussot,fuel_consumption,note_the_values_of_fuel_consumptions_and_co2_emissions_shown_were_determined_according_to_the_european_regulation_ec_715_2007_in_the_version_applicable_at_the_time_of_type_approval,The fuel consumption and CO2 emission figures refer to the WLTP cycle.
https://www.ferrari.com/en-EN/auto/gtc4lussot,co2_emissions,low_2,477g/km
https://www.ferrari.com/en-EN/auto/gtc4lussot,co2_emissions,mid_2,289g/km
https://www.ferrari.com/en-EN/auto/gtc4lussot,co2_emissions,high_2,253g/km
https://www.ferrari.com/en-EN/auto/gtc4lussot,co2_emissions,extra_high_2,264g/km
https://www.ferrari.com/en-EN/auto/gtc4lussot,co2_emissions,combined_2,294g/km
https://www.ferrari.com/en-EN/auto/gtc4lussot,co2_emissions,note_the_values_of_fuel_consumptions_and_co2_emissions_shown_were_determined_according_to_the_european_regulation_ec_715_2007_in_the_version_applicable_at_the_time_of_type_approval_2,The fuel consumption and CO2 emission figures refer to the WLTP cycle.
https://www.ferrari.com/en-EN/auto/gtc4lussot,notes,x,Power expressed in kW and cv for reasons of homogeneity. With 98 octane fuel
https://www.ferrari.com/en-EN/auto/gtc4lussot,notes,x_2,Equipped with specific optional extras
https://www.ferrari.com/en-EN/auto/laferrari-aperta,hy_kers_system,total_maximum_power,963CV
https://www.ferrari.com/en-EN/auto/laferrari-aperta,hy_kers_system,total_maximum_torque,>900Nm
https://www.ferrari.com/en-EN/auto/laferrari-aperta,hy_kers_system,v12_maximum_power,800 CV @9000 rpm
https://www.ferrari.com/en-EN/auto/laferrari-aperta,hy_kers_system,maximum_revs,9250 rpm
https://www.ferrari.com/en-EN/auto/laferrari-aperta,hy_kers_system,v12_maximum_torque,700 Nm @6750 rpm
https://www.ferrari.com/en-EN/auto/laferrari-aperta,hy_kers_system,electric_motor_output,120 Kw (163 CV)
https://www.ferrari.com/en-EN/auto/laferrari-aperta,hy_kers_system,potenza_motore_elettrico,120Kw
https://www.ferrari.com/en-EN/auto/laferrari-aperta,performance,maximum_speed,> 350km/h
https://www.ferrari.com/en-EN/auto/laferrari-aperta,performance,x0_100_km_h,<3sec
https://www.ferrari.com/en-EN/auto/laferrari-aperta,performance,x0_200_km_h,<7sec
https://www.ferrari.com/en-EN/auto/laferrari-aperta,performance,x0_300_km_h,15sec
https://www.ferrari.com/en-EN/auto/laferrari-aperta,ice,type,65-deg. V12
https://www.ferrari.com/en-EN/auto/laferrari-aperta,ice,bore_and_stroke,94 x 75.2mm
https://www.ferrari.com/en-EN/auto/laferrari-aperta,ice,total_displacement,6262cc
https://www.ferrari.com/en-EN/auto/laferrari-aperta,ice,compression_ratio,13.5:1
https://www.ferrari.com/en-EN/auto/laferrari-aperta,ice,specific_power,128CV/l
https://www.ferrari.com/en-EN/auto/laferrari-aperta,dimensions,length,4702mm
https://www.ferrari.com/en-EN/auto/laferrari-aperta,dimensions,width,1992mm
https://www.ferrari.com/en-EN/auto/laferrari-aperta,dimensions,height,1116mm
https://www.ferrari.com/en-EN/auto/laferrari-aperta,dimensions,wheelbase,2650mm
https://www.ferrari.com/en-EN/auto/laferrari-aperta,dimensions,weight_distribution,41% front 59% rear
https://www.ferrari.com/en-EN/auto/laferrari-aperta,suspension,front,double wishbones
https://www.ferrari.com/en-EN/auto/laferrari-aperta,suspension,rear,Multilink
https://www.ferrari.com/en-EN/auto/laferrari-aperta,tyres_pirelli_p_zero,front_2,265/30 - 19
https://www.ferrari.com/en-EN/auto/laferrari-aperta,tyres_pirelli_p_zero,rear_2,345/30 - 20
https://www.ferrari.com/en-EN/auto/laferrari-aperta,carbon_ceramic_brakes_brembo,front_3,398 x 223 x 36mm
https://www.ferrari.com/en-EN/auto/laferrari-aperta,carbon_ceramic_brakes_brembo,rear_3,380 x 253 x 34mm
https://www.ferrari.com/en-EN/auto/laferrari-aperta,electronic_controls,esc,stability control
https://www.ferrari.com/en-EN/auto/laferrari-aperta,electronic_controls,high_perf_abs_ebd,Performance anti blockage system/electronic brake balance
https://www.ferrari.com/en-EN/auto/laferrari-aperta,electronic_controls,ef1_trac,F1 electronic traction control integrated with the hybrid system
https://www.ferrari.com/en-EN/auto/laferrari-aperta,electronic_controls,e_diff_3,third generation electronic differential
https://www.ferrari.com/en-EN/auto/laferrari-aperta,electronic_controls,scm_e_frs,magnetorheological damping with twin solenoids (Al-Ni tube)
https://www.ferrari.com/en-EN/auto/laferrari-aperta,electronic_controls,aerodynamics,Active
https://www.ferrari.com/en-EN/auto/laferrari-aperta,notes,x,With dynamic overboost
https://www.ferrari.com/en-EN/auto/812-superfast,engine,type,V12 - 65°
https://www.ferrari.com/en-EN/auto/812-superfast,engine,overall_displacement,6496cc
https://www.ferrari.com/en-EN/auto/812-superfast,engine,bore_and_stroke,94x78mm
https://www.ferrari.com/en-EN/auto/812-superfast,engine,max_power_output,"588 kW (800 cv) at 8,500 rpm"
https://www.ferrari.com/en-EN/auto/812-superfast,engine,max_torque,"718 Nm at 7,000 rpm"
https://www.ferrari.com/en-EN/auto/812-superfast,engine,max_engine_speed,8900rpm
https://www.ferrari.com/en-EN/auto/812-superfast,engine,compression_ratio,"13,6:1"
https://www.ferrari.com/en-EN/auto/812-superfast,dimension_and_weight,length,"4,657mm"
https://www.ferrari.com/en-EN/auto/812-superfast,dimension_and_weight,width,"1,971mm"
https://www.ferrari.com/en-EN/auto/812-superfast,dimension_and_weight,height,"1,276mm"
https://www.ferrari.com/en-EN/auto/812-superfast,dimension_and_weight,wheelbase,"2,720mm"
https://www.ferrari.com/en-EN/auto/812-superfast,dimension_and_weight,front_track,"1,672mm"
https://www.ferrari.com/en-EN/auto/812-superfast,dimension_and_weight,rear_track,"1,645mm"
https://www.ferrari.com/en-EN/auto/812-superfast,dimension_and_weight,kerb_weight,"1,630kg"
https://www.ferrari.com/en-EN/auto/812-superfast,dimension_and_weight,dry_weight,"1,525kg"
https://www.ferrari.com/en-EN/auto/812-superfast,dimension_and_weight,weight_distribution,47% front - 53% rear
https://www.ferrari.com/en-EN/auto/812-superfast,dimension_and_weight,fuel_tank_capacity,92l
https://www.ferrari.com/en-EN/auto/812-superfast,wheels_tyres,front,275/35 ZR20; 10” J x 20”
https://www.ferrari.com/en-EN/auto/812-superfast,wheels_tyres,rear,315/35 ZR20; 11.5” J x 20”
https://www.ferrari.com/en-EN/auto/812-superfast,brakes,front_2,398x38mm
https://www.ferrari.com/en-EN/auto/812-superfast,brakes,rear_2,360x32mm
https://www.ferrari.com/en-EN/auto/812-superfast,performance,max_speed,340km/h
https://www.ferrari.com/en-EN/auto/812-superfast,performance,x0_100_km_h,2.9sec
https://www.ferrari.com/en-EN/auto/812-superfast,performance,x0_200_km_h,7.9sec
https://www.ferrari.com/en-EN/auto/812-superfast,performance,x100_0_km_h,32
https://www.ferrari.com/en-EN/auto/812-superfast,performance,dry_weight_power,1.9 kg
https://www.ferrari.com/en-EN/auto/812-superfast,fuel_consumption,low,"25,2l/100 km"
https://www.ferrari.com/en-EN/auto/812-superfast,fuel_consumption,mid,"15,2l/100 km"
https://www.ferrari.com/en-EN/auto/812-superfast,fuel_consumption,high,"14,1l/100 km"
https://www.ferrari.com/en-EN/auto/812-superfast,fuel_consumption,extra_high,15l/100 km
https://www.ferrari.com/en-EN/auto/812-superfast,fuel_consumption,combined,"16,1l/100 km"
https://www.ferrari.com/en-EN/auto/812-superfast,fuel_consumption,note_the_values_of_fuel_consumptions_and_co2_emissions_shown_were_determined_according_to_the_european_regulation_ec_715_2007_in_the_version_applicable_at_the_time_of_type_approval,The fuel consumption and CO2 emission figures refer to the WLTP cycle.
https://www.ferrari.com/en-EN/auto/812-superfast,c02_emissions,low_2,573g/km
https://www.ferrari.com/en-EN/auto/812-superfast,c02_emissions,mid_2,345g/km
https://www.ferrari.com/en-EN/auto/812-superfast,c02_emissions,high_2,320g/km
https://www.ferrari.com/en-EN/auto/812-superfast,c02_emissions,extra_high_2,340g/km
https://www.ferrari.com/en-EN/auto/812-superfast,c02_emissions,combined_2,366g/km
https://www.ferrari.com/en-EN/auto/812-superfast,c02_emissions,note_the_values_of_fuel_consumptions_and_co2_emissions_shown_were_determined_according_to_the_european_regulation_ec_715_2007_in_the_version_applicable_at_the_time_of_type_approval_2,The fuel consumption and CO2 emission figures refer to the WLTP cycle.
https://www.ferrari.com/en-EN/auto/812-superfast,notes,x,"Engine power is expressed in kW, in accordance with the International System of Units (SI) and in CV for reasons of homogeneity. With 98 octane-rated petrol"
https://www.ferrari.com/en-EN/auto/812-superfast,notes,x_2,With optional equipment
https://www.ferrari.com/en-EN/auto/ferrari-portofino,engine,type,V8 - 90°
https://www.ferrari.com/en-EN/auto/ferrari-portofino,engine,overall_displacement,3855 cc
https://www.ferrari.com/en-EN/auto/ferrari-portofino,engine,bore_and_stroke,86.5 mm x 82 mm
https://www.ferrari.com/en-EN/auto/ferrari-portofino,engine,max_power_output,441 kW (600 cv) at 7500 rpm
https://www.ferrari.com/en-EN/auto/ferrari-portofino,engine,maximum_torque,760 Nm from 3000 to 5250 rpm
https://www.ferrari.com/en-EN/auto/ferrari-portofino,engine,max_engine_speed,7500 rpm
https://www.ferrari.com/en-EN/auto/ferrari-portofino,engine,compression_ratio,9.45:1
https://www.ferrari.com/en-EN/auto/ferrari-portofino,dimensions_and_weight,length,4586 mm
https://www.ferrari.com/en-EN/auto/ferrari-portofino,dimensions_and_weight,width,1938 mm
https://www.ferrari.com/en-EN/auto/ferrari-portofino,dimensions_and_weight,height,1318 mm
https://www.ferrari.com/en-EN/auto/ferrari-portofino,dimensions_and_weight,wheelbase,2670 mm
https://www.ferrari.com/en-EN/auto/ferrari-portofino,dimensions_and_weight,front_track,1633 mm
https://www.ferrari.com/en-EN/auto/ferrari-portofino,dimensions_and_weight,rear_track,1635 mm
https://www.ferrari.com/en-EN/auto/ferrari-portofino,dimensions_and_weight,kerb_weight,1664 kg
https://www.ferrari.com/en-EN/auto/ferrari-portofino,dimensions_and_weight,dry_weight,1545 kg
https://www.ferrari.com/en-EN/auto/ferrari-portofino,dimensions_and_weight,dry_weight_power_ratio,1.78kg/cv
https://www.ferrari.com/en-EN/auto/ferrari-portofino,dimensions_and_weight,weight_distribution,46-54% front/rear
https://www.ferrari.com/en-EN/auto/ferrari-portofino,dimensions_and_weight,boot_capacity,292 l
https://www.ferrari.com/en-EN/auto/ferrari-portofino,dimensions_and_weight,fuel_tank_capacity,80 l
https://www.ferrari.com/en-EN/auto/ferrari-portofino,tyres,front,245/35 ZR20; 8J x 20”
https://www.ferrari.com/en-EN/auto/ferrari-portofino,tyres,rear,285/35 ZR20; 10J x 20”
https://www.ferrari.com/en-EN/auto/ferrari-portofino,brakes,front_2,390 mm x 34 mm
https://www.ferrari.com/en-EN/auto/ferrari-portofino,brakes,rear_2,360 mm x 32 mm
https://www.ferrari.com/en-EN/auto/ferrari-portofino,performance,maximum_speed,>320 km/h
https://www.ferrari.com/en-EN/auto/ferrari-portofino,performance,x0_100_km_h,3.5 sec
https://www.ferrari.com/en-EN/auto/ferrari-portofino,performance,x0_200_km_h,10.8 sec
https://www.ferrari.com/en-EN/auto/ferrari-portofino,performance,x100_0_km_h,34 m
https://www.ferrari.com/en-EN/auto/ferrari-portofino,fuel_consumption,low,"19,2l/100km"
https://www.ferrari.com/en-EN/auto/ferrari-portofino,fuel_consumption,mid,"11,3l/100km"
https://www.ferrari.com/en-EN/auto/ferrari-portofino,fuel_consumption,high,"10,1l/100km"
https://www.ferrari.com/en-EN/auto/ferrari-portofino,fuel_consumption,extra_high,"10,6l/100km"
https://www.ferrari.com/en-EN/auto/ferrari-portofino,fuel_consumption,combined,"11,7l/100km"
https://www.ferrari.com/en-EN/auto/ferrari-portofino,fuel_consumption,note_the_values_of_fuel_consumptions_and_co2_emissions_shown_were_determined_according_to_the_european_regulation_ec_715_2007_in_the_version_applicable_at_the_time_of_type_approval,The fuel consumption and CO2 emission figures refer to the WLTP cycle.
https://www.ferrari.com/en-EN/auto/ferrari-portofino,co2_emissions,low_2,436g/km
https://www.ferrari.com/en-EN/auto/ferrari-portofino,co2_emissions,mid_2,258g/km
https://www.ferrari.com/en-EN/auto/ferrari-portofino,co2_emissions,high_2,230g/km
https://www.ferrari.com/en-EN/auto/ferrari-portofino,co2_emissions,extra_high_2,241g/km
https://www.ferrari.com/en-EN/auto/ferrari-portofino,co2_emissions,combined_2,267g/km
https://www.ferrari.com/en-EN/auto/ferrari-portofino,co2_emissions,note_the_values_of_fuel_consumptions_and_co2_emissions_shown_were_determined_according_to_the_european_regulation_ec_715_2007_in_the_version_applicable_at_the_time_of_type_approval_2,The fuel consumption and CO2 emission figures refer to the WLTP cycle.
https://www.ferrari.com/en-EN/auto/ferrari-portofino,notes,x,* In 7th gear
https://www.ferrari.com/en-EN/auto/ferrari-portofino,notes,x_2,With specific optional extras
https://www.ferrari.com/en-EN/auto/ferrari-488-pista,engine,type,V8 - 90°twin-turbo – Dry sump
https://www.ferrari.com/en-EN/auto/ferrari-488-pista,engine,overall_displacement,3902cc
https://www.ferrari.com/en-EN/auto/ferrari-488-pista,engine,max_power_output,530 kW (720 cv) at 8000 rpm
https://www.ferrari.com/en-EN/auto/ferrari-488-pista,engine,max_torque,770 Nm at 3000 rpm 7th gear
https://www.ferrari.com/en-EN/auto/ferrari-488-pista,engine,specific_power_output,185cv/l
https://www.ferrari.com/en-EN/auto/ferrari-488-pista,engine,max_engine_speed,8000rpm
https://www.ferrari.com/en-EN/auto/ferrari-488-pista,engine,compression_ratio,9.6:1
https://www.ferrari.com/en-EN/auto/ferrari-488-pista,dimensions_and_weight,length,4605mm
https://www.ferrari.com/en-EN/auto/ferrari-488-pista,dimensions_and_weight,width,1975mm
https://www.ferrari.com/en-EN/auto/ferrari-488-pista,dimensions_and_weight,height,1206mm
https://www.ferrari.com/en-EN/auto/ferrari-488-pista,dimensions_and_weight,wheelbase,2650mm
https://www.ferrari.com/en-EN/auto/ferrari-488-pista,dimensions_and_weight,front_track,1679mm
https://www.ferrari.com/en-EN/auto/ferrari-488-pista,dimensions_and_weight,rear_track,1649mm
https://www.ferrari.com/en-EN/auto/ferrari-488-pista,dimensions_and_weight,kerb_weight,1385kg
https://www.ferrari.com/en-EN/auto/ferrari-488-pista,dimensions_and_weight,dry_weight,1280kg
https://www.ferrari.com/en-EN/auto/ferrari-488-pista,dimensions_and_weight,dry_weight_power_ratio,1.78kg/cv
https://www.ferrari.com/en-EN/auto/ferrari-488-pista,dimensions_and_weight,weight_distribution,41.5% front – 58.5 rear
https://www.ferrari.com/en-EN/auto/ferrari-488-pista,dimensions_and_weight,boot_capacity,170l
https://www.ferrari.com/en-EN/auto/ferrari-488-pista,dimensions_and_weight,fuel_tank_capacity,78l
https://www.ferrari.com/en-EN/auto/ferrari-488-pista,tyres,front,"245/35 ZR 20 J9,0"
https://www.ferrari.com/en-EN/auto/ferrari-488-pista,tyres,rear,305/30 ZR 20 J11.0
https://www.ferrari.com/en-EN/auto/ferrari-488-pista,brakes,front_2,398 x 223 x 38mm
https://www.ferrari.com/en-EN/auto/ferrari-488-pista,brakes,rear_2,360 x 233 x 32mm
https://www.ferrari.com/en-EN/auto/ferrari-488-pista,performance,x0_100_km_h,2.85sec
https://www.ferrari.com/en-EN/auto/ferrari-488-pista,performance,x0_200_km_h,7.6sec
https://www.ferrari.com/en-EN/auto/ferrari-488-pista,performance,x100_0_km_h,"29,5m"
https://www.ferrari.com/en-EN/auto/ferrari-488-pista,performance,max_speed,> 340km/h
https://www.ferrari.com/en-EN/auto/ferrari-488-pista,performance,fiorano_lap_time,"1’21,5”"
https://www.ferrari.com/en-EN/auto/ferrari-488-pista,fuel_consumption,low,"19,4l/100km"
https://www.ferrari.com/en-EN/auto/ferrari-488-pista,fuel_consumption,mid,"11,8l/100km"
https://www.ferrari.com/en-EN/auto/ferrari-488-pista,fuel_consumption,high,11l/100km
https://www.ferrari.com/en-EN/auto/ferrari-488-pista,fuel_consumption,extra_high,"12,4l/100km"
https://www.ferrari.com/en-EN/auto/ferrari-488-pista,fuel_consumption,combined,"12,8l/100km"
https://www.ferrari.com/en-EN/auto/ferrari-488-pista,fuel_consumption,note_the_values_of_fuel_consumptions_and_co2_emissions_shown_were_determined_according_to_the_european_regulation_ec_715_2007_in_the_version_applicable_at_the_time_of_type_approval,The fuel consumption and CO2 emission figures refer to the WLTP cycle.
https://www.ferrari.com/en-EN/auto/ferrari-488-pista,co2_emissions,low_2,439g/km
https://www.ferrari.com/en-EN/auto/ferrari-488-pista,co2_emissions,mid_2,267g/km
https://www.ferrari.com/en-EN/auto/ferrari-488-pista,co2_emissions,high_2,248g/km
https://www.ferrari.com/en-EN/auto/ferrari-488-pista,co2_emissions,extra_high_2,281g/km
https://www.ferrari.com/en-EN/auto/ferrari-488-pista,co2_emissions,combined_2,289g/km
https://www.ferrari.com/en-EN/auto/ferrari-488-pista,co2_emissions,note_the_values_of_fuel_consumptions_and_co2_emissions_shown_were_determined_according_to_the_european_regulation_ec_715_2007_in_the_version_applicable_at_the_time_of_type_approval_2,The fuel consumption and CO2 emission figures refer to the WLTP cycle.
https://www.ferrari.com/en-EN/auto/ferrari-488-pista,notes,x,With 98 RON petrol
https://www.ferrari.com/en-EN/auto/ferrari-488-pista,notes,x_2,With optional lightweight content
https://www.ferrari.com/en-EN/auto/ferrari-488-pista-spider,engine,type,V8 - 90°twin-turbo – Dry sump
https://www.ferrari.com/en-EN/auto/ferrari-488-pista-spider,engine,overall_displacement,3902cc
https://www.ferrari.com/en-EN/auto/ferrari-488-pista-spider,engine,max_power_output,530 kW (720 cv) at 8000 rpm
https://www.ferrari.com/en-EN/auto/ferrari-488-pista-spider,engine,max_torque,770 Nm at 3000 rpm 7th gear
https://www.ferrari.com/en-EN/auto/ferrari-488-pista-spider,engine,specific_power_output,185cv/l
https://www.ferrari.com/en-EN/auto/ferrari-488-pista-spider,engine,max_engine_speed,8000rpm
https://www.ferrari.com/en-EN/auto/ferrari-488-pista-spider,engine,compression_ratio,"9,6:1"
https://www.ferrari.com/en-EN/auto/ferrari-488-pista-spider,dimension_and_weight,length,4605mm
https://www.ferrari.com/en-EN/auto/ferrari-488-pista-spider,dimension_and_weight,width,1975mm
https://www.ferrari.com/en-EN/auto/ferrari-488-pista-spider,dimension_and_weight,height,1206mm
https://www.ferrari.com/en-EN/auto/ferrari-488-pista-spider,dimension_and_weight,wheelbase,2650mm
https://www.ferrari.com/en-EN/auto/ferrari-488-pista-spider,dimension_and_weight,front_track,1679mm
https://www.ferrari.com/en-EN/auto/ferrari-488-pista-spider,dimension_and_weight,rear_track,1649mm
https://www.ferrari.com/en-EN/auto/ferrari-488-pista-spider,dimension_and_weight,kerb_weight,1485kg
https://www.ferrari.com/en-EN/auto/ferrari-488-pista-spider,dimension_and_weight,dry_weight,1380kg
https://www.ferrari.com/en-EN/auto/ferrari-488-pista-spider,dimension_and_weight,dry_weight_power_ratio,"1,92kg/cv"
https://www.ferrari.com/en-EN/auto/ferrari-488-pista-spider,dimension_and_weight,weight_distribution,41.5% front – 58.5% rear
https://www.ferrari.com/en-EN/auto/ferrari-488-pista-spider,dimension_and_weight,boot_capacity,170l
https://www.ferrari.com/en-EN/auto/ferrari-488-pista-spider,dimension_and_weight,fuel_tank_capacity,78l
https://www.ferrari.com/en-EN/auto/ferrari-488-pista-spider,tyres,front,"245/35 ZR 20 J9,0"
https://www.ferrari.com/en-EN/auto/ferrari-488-pista-spider,tyres,rear,305/30 ZR 20 J11.0
https://www.ferrari.com/en-EN/auto/ferrari-488-pista-spider,brakes,front_2,398 x 223 x 38mm
https://www.ferrari.com/en-EN/auto/ferrari-488-pista-spider,brakes,rear_2,360 x 233 x 32mm
https://www.ferrari.com/en-EN/auto/ferrari-488-pista-spider,performance,x0_100_km_h,"2,85sec"
https://www.ferrari.com/en-EN/auto/ferrari-488-pista-spider,performance,x0_200_km_h,8sec
https://www.ferrari.com/en-EN/auto/ferrari-488-pista-spider,performance,x100_0_km_h,"29,5m"
https://www.ferrari.com/en-EN/auto/ferrari-488-pista-spider,performance,x200_0_km_h,116m
https://www.ferrari.com/en-EN/auto/ferrari-488-pista-spider,performance,max_speed,340km/h
https://www.ferrari.com/en-EN/auto/ferrari-488-pista-spider,performance,fiorano_lap_time,"1’21,5”"
https://www.ferrari.com/en-EN/auto/ferrari-488-pista-spider,fuel_consumption,low,"19,4l/100km"
https://www.ferrari.com/en-EN/auto/ferrari-488-pista-spider,fuel_consumption,mid,"11,8l/100km"
https://www.ferrari.com/en-EN/auto/ferrari-488-pista-spider,fuel_consumption,high,11l/100km
https://www.ferrari.com/en-EN/auto/ferrari-488-pista-spider,fuel_consumption,extra_high,"12,4l/100km"
https://www.ferrari.com/en-EN/auto/ferrari-488-pista-spider,fuel_consumption,combined,"12,8"
https://www.ferrari.com/en-EN/auto/ferrari-488-pista-spider,fuel_consumption,note_the_values_of_fuel_consumptions_and_co2_emissions_shown_were_determined_according_to_the_european_regulation_ec_715_2007_in_the_version_applicable_at_the_time_of_type_approval,The fuel consumption and CO2 emission figures refer to the WLTP cycle.
https://www.ferrari.com/en-EN/auto/ferrari-488-pista-spider,co2_emissions,low_2,439g/km
https://www.ferrari.com/en-EN/auto/ferrari-488-pista-spider,co2_emissions,mid_2,267g/km
https://www.ferrari.com/en-EN/auto/ferrari-488-pista-spider,co2_emissions,high_2,248g/km
https://www.ferrari.com/en-EN/auto/ferrari-488-pista-spider,co2_emissions,extra_high_2,281g/km
https://www.ferrari.com/en-EN/auto/ferrari-488-pista-spider,co2_emissions,combined_2,289g/km
https://www.ferrari.com/en-EN/auto/ferrari-488-pista-spider,co2_emissions,note_the_values_of_fuel_consumptions_and_co2_emissions_shown_were_determined_according_to_the_european_regulation_ec_715_2007_in_the_version_applicable_at_the_time_of_type_approval_2,The fuel consumption and CO2 emission figures refer to the WLTP cycle.
https://www.ferrari.com/en-EN/auto/ferrari-488-pista-spider,notes,x,With 98 RON petrol
https://www.ferrari.com/en-EN/auto/ferrari-488-pista-spider,notes,x_2,With optional lightweight content
