url,table_id,field,value
https://www.stuttcars.com/porsche-911-gt3-90-f-a-porsche-992-2-2026/,1,specification,Value
https://www.stuttcars.com/porsche-911-gt3-90-f-a-porsche-992-2-2026/,1,engine,4.0L Naturally Aspirated Boxer
https://www.stuttcars.com/porsche-911-gt3-90-f-a-porsche-992-2-2026/,1,output,502 HP / 331 lb-ft Torque
https://www.stuttcars.com/porsche-911-gt3-90-f-a-porsche-992-2-2026/,1,transmission,6-Speed Manual or 7-Speed PDK
https://www.stuttcars.com/porsche-911-gt3-90-f-a-porsche-992-2-2026/,1,0–60 mph,3.2s (PDK) / 3.7s (Manual)
https://www.stuttcars.com/porsche-911-gt3-90-f-a-porsche-992-2-2026/,1,top speed,193 MPH
https://www.stuttcars.com/porsche-911-club-coupe-992-2-2026/,1,feature,Specification
https://www.stuttcars.com/porsche-911-club-coupe-992-2-2026/,1,engine,3.0L Twin-Turbo Flat-Six
https://www.stuttcars.com/porsche-911-club-coupe-992-2-2026/,1,transmission,6-Speed Manual (Exclusive)
https://www.stuttcars.com/porsche-911-club-coupe-992-2-2026/,1,0–60 mph,~4.3 Seconds
https://www.stuttcars.com/porsche-911-club-coupe-992-2-2026/,1,top speed,182 MPH
https://www.stuttcars.com/porsche-911-club-coupe-992-2-2026/,1,drivetrain,Rear-Wheel Drive (RWD)
https://www.stuttcars.com/porsche-911-club-coupe-992-2-2026/,1,suspension,PASM Sport (-10mm ride height)
https://www.stuttcars.com/porsche-911-carrera-4s-coupe-9922/,1,feature,911 Carrera 4S Coupe (992.2) Specs
https://www.stuttcars.com/porsche-911-carrera-4s-coupe-9922/,1,engine,3.0L Twin-Turbo Flat-Six (Boxer)
https://www.stuttcars.com/porsche-911-carrera-4s-coupe-9922/,1,max power (hp),473 hp @ 6500 rpm (A significant boost over the 992.1’s 443 hp
https://www.stuttcars.com/porsche-911-carrera-4s-coupe-9922/,1,max torque (lb-ft),390 lb-ft @ 2000-5000 rpm
https://www.stuttcars.com/porsche-911-carrera-4s-coupe-9922/,1,transmission,8-speed Porsche Doppelkupplung (PDK) (Standard)
https://www.stuttcars.com/porsche-911-carrera-4s-coupe-9922/,1,drivetrain,Porsche Traction Management (PTM) All-Wheel Drive
https://www.stuttcars.com/porsche-911-carrera-4s-coupe-9922/,1,0-60 mph (with sport chrono),3.1 seconds (Manufacturer estimates)
https://www.stuttcars.com/porsche-911-carrera-4s-coupe-9922/,1,top speed,191 mph
https://www.stuttcars.com/porsche-911-turbo-s-9922/,1,feature,992.1 Turbo S (Pre-Facelift)
https://www.stuttcars.com/porsche-911-turbo-s-9922/,1,powertrain,3.7L Twin-Turbo Flat-Six (Pure ICE)
https://www.stuttcars.com/porsche-911-turbo-s-9922/,1,system horsepower,640 hp (650 PS)
https://www.stuttcars.com/porsche-911-turbo-s-9922/,1,system torque,590 lb-ft (800 Nm)
https://www.stuttcars.com/porsche-911-turbo-s-9922/,1,0–60 mph (0–100 km/h),2.6 seconds (2.7s for 0-100 km/h)
https://www.stuttcars.com/porsche-911-turbo-s-9922/,1,weight (curb),"Approx. 3,649 lbs (1,655 kg)"
https://www.stuttcars.com/porsche-911-turbo-s-9922/,1,brakes (rear),390 mm Ceramic Composite
https://www.stuttcars.com/porsche-911-turbo-s-9922/,1,rear tire width,315 mm
https://www.stuttcars.com/porsche-911-turbo-s-9922/,1,tachometer,Analog with Digital Sides
https://www.stuttcars.com/porsche-911-carrera-4s-cabriolet-9922/,1,feature,911 Carrera 4S Cabriolet (992.2) Specs
https://www.stuttcars.com/porsche-911-carrera-4s-cabriolet-9922/,1,engine,3.0L Twin-Turbo Flat-Six (Boxer)
https://www.stuttcars.com/porsche-911-carrera-4s-cabriolet-9922/,1,max power (hp),473 bhp @ 6500 rpm (A 30hp increase over 992.1)
https://www.stuttcars.com/porsche-911-carrera-4s-cabriolet-9922/,1,max torque (lb-ft),390 lb-ft @ 2000-5000 rpm
https://www.stuttcars.com/porsche-911-carrera-4s-cabriolet-9922/,1,transmission,8-speed Porsche Doppelkupplung (PDK) (Standard)
https://www.stuttcars.com/porsche-911-carrera-4s-cabriolet-9922/,1,drivetrain,Porsche Traction Management (PTM) All-Wheel Drive
https://www.stuttcars.com/porsche-911-carrera-4s-cabriolet-9922/,1,0-60 mph (with sport chrono),3.3 seconds
https://www.stuttcars.com/porsche-911-carrera-4s-cabriolet-9922/,1,top speed,191 mph
https://www.stuttcars.com/porsche-911-targa-4s-9922/,1,feature,911 Targa 4S (992.2) Specs (Approx.)
https://www.stuttcars.com/porsche-911-targa-4s-9922/,1,engine,3.0L Twin-Turbo Flat-Six (Boxer)
https://www.stuttcars.com/porsche-911-targa-4s-9922/,1,max power (hp),~473 hp @ 6500 rpm
https://www.stuttcars.com/porsche-911-targa-4s-9922/,1,max torque (lb-ft),~390 lb-ft @ 2000-5000 rpm
https://www.stuttcars.com/porsche-911-targa-4s-9922/,1,transmission,8-speed Porsche Doppelkupplung (PDK) (Standard) or 7-speed Manual (Optional)
https://www.stuttcars.com/porsche-911-targa-4s-9922/,1,drivetrain,Porsche Traction Management (PTM) All-Wheel Drive
https://www.stuttcars.com/porsche-911-targa-4s-9922/,1,0-60 mph (with sport chrono),3.3 seconds
https://www.stuttcars.com/porsche-911-targa-4s-9922/,1,top speed,191 mph
https://www.stuttcars.com/porsche-718-982-spyder-rs-2024-present/,1,make,Porsche
https://www.stuttcars.com/porsche-718-982-spyder-rs-2024-present/,1,model,718 Boster Spyder RS
https://www.stuttcars.com/porsche-718-982-spyder-rs-2024-present/,1,generation,982
https://www.stuttcars.com/porsche-718-982-spyder-rs-2024-present/,1,car type,Convertible
https://www.stuttcars.com/porsche-718-982-spyder-rs-2024-present/,1,category,Limited Series Production Car
https://www.stuttcars.com/porsche-718-982-spyder-rs-2024-present/,1,built at,"Stuttgart, Zuffenhausen, Germany"
https://www.stuttcars.com/porsche-718-982-spyder-rs-2024-present/,1,introduced,2024
https://www.stuttcars.com/porsche-718-982-spyder-rs-2024-present/,1,base price (usd),"$160,700"
https://www.stuttcars.com/porsche-718-982-spyder-rs-2024-present/,2,dry weight,"3,108 lbs"
https://www.stuttcars.com/porsche-718-982-spyder-rs-2024-present/,2,layout,"Mid-engine, Rear-wheel Drive, 2-door Roadster Convertible"
https://www.stuttcars.com/porsche-718-982-spyder-rs-2024-present/,2,body / frame,Unitary Steel & Aluminum Monocoque w/ CFRP Hood
https://www.stuttcars.com/porsche-718-982-spyder-rs-2024-present/,2,suspension (f),"MacPherson Struts w/ Gas-Pressure Dampers, Anti-Roll Bar"
https://www.stuttcars.com/porsche-718-982-spyder-rs-2024-present/,2,suspension (r),"Transverse Control Arms w/ Coil Springs over Gas-Pressure Dampers, Anti-Roll Bar"
https://www.stuttcars.com/porsche-718-982-spyder-rs-2024-present/,2,brakes,"380 mm Brake Rotors w/ 6-piston calipers (front), 4-piston calipers (rear), Optional PCCB"
https://www.stuttcars.com/porsche-718-982-spyder-rs-2024-present/,2,tires,"Unknown, expected: Michelin Pilot Sport Cup 2 tires"
https://www.stuttcars.com/porsche-718-982-spyder-rs-2024-present/,2,transmission,7-Speed PDK Dual-Clutch Semi-Automatic
https://www.stuttcars.com/porsche-718-982-spyder-rs-2024-present/,3,engine,"DOHC 24-valve flat-6, aluminum block & heads, direct fuel injection"
https://www.stuttcars.com/porsche-718-982-spyder-rs-2024-present/,3,displacement (liters),4.0L
https://www.stuttcars.com/porsche-718-982-spyder-rs-2024-present/,3,position,"Mid-engined, Longitudinal"
https://www.stuttcars.com/porsche-718-982-spyder-rs-2024-present/,3,aspiration,Naturally Aspirated
https://www.stuttcars.com/porsche-718-982-spyder-rs-2024-present/,3,power (hp),493 HP
https://www.stuttcars.com/porsche-718-982-spyder-rs-2024-present/,3,power (hp) / liter,123.25 hp / liter
https://www.stuttcars.com/porsche-718-982-spyder-rs-2024-present/,3,power (hp) / weight,0.35 hp / kg
https://www.stuttcars.com/porsche-718-982-spyder-rs-2024-present/,3,torque,331 lb-ft
https://www.stuttcars.com/porsche-718-982-spyder-rs-2024-present/,3,0-60 mph time,3.2 seconds
https://www.stuttcars.com/porsche-718-982-spyder-rs-2024-present/,3,0-124 mph time,10.9 seconds
https://www.stuttcars.com/porsche-718-982-spyder-rs-2024-present/,3,top speed,191 MPH
https://www.stuttcars.com/porsche-718-982-spyder-rs-2024-present/,3,fuel economy (combined / city / highway),Unknown / Unknown / 18.3 MPG
https://www.stuttcars.com/porsche-718-cayman-gt4/,1,modification,2019 718 982 GT4
https://www.stuttcars.com/porsche-718-cayman-gt4/,1,engine,4.0B6
https://www.stuttcars.com/porsche-718-cayman-gt4/,1,kw,309
https://www.stuttcars.com/porsche-718-cayman-gt4/,1,lb-ft,309
https://www.stuttcars.com/porsche-718-cayman-gt4/,1,nm,420
https://www.stuttcars.com/porsche-718-cayman-gt4/,1,gearbox,manual 6-speed
https://www.stuttcars.com/porsche-718-cayman-gt4/,1,60 mph,4.2 sec.
https://www.stuttcars.com/porsche-718-cayman-gt4/,1,100 km/h,4.4 sec.
https://www.stuttcars.com/porsche-718-cayman-gt4/,1,160 km/h,9.0 sec.
https://www.stuttcars.com/porsche-718-cayman-gt4/,1,200 km/h,13.8 sec.
https://www.stuttcars.com/porsche-718-cayman-gt4/,1,mph,189
https://www.stuttcars.com/porsche-718-cayman-gt4/,1,km/h,304
https://www.stuttcars.com/porsche-718-cayman-gt4/,1,weight,1420 kg 3131 lb
https://www.stuttcars.com/porsche-718-cayman-gt4/,1,w/lb,98.7
https://www.stuttcars.com/porsche-718-cayman-gt4/,1,w/kg,218
https://www.stuttcars.com/porsche-718-cayman-gt4/,1,nordschleife,Around 7:30
https://www.stuttcars.com/porsche-911-turbo-3-0-930/,1,model year,Series
https://www.stuttcars.com/porsche-911-turbo-3-0-930/,1,1975,H-series
https://www.stuttcars.com/porsche-911-turbo-3-0-930/,1,1976,I-series
https://www.stuttcars.com/porsche-911-turbo-3-0-930/,1,1976,I-series USA version
https://www.stuttcars.com/porsche-911-turbo-3-0-930/,1,1977,J-series
https://www.stuttcars.com/porsche-911-turbo-3-0-930/,1,1977,J-series USA version
https://www.stuttcars.com/porsche-911-carrera-3-2-1984-1989/,1,model year,Series
https://www.stuttcars.com/porsche-911-carrera-3-2-1984-1989/,1,1984,E-series
https://www.stuttcars.com/porsche-911-carrera-3-2-1984-1989/,1,1985,F-series
https://www.stuttcars.com/porsche-911-carrera-3-2-1984-1989/,1,1986,G-series
https://www.stuttcars.com/porsche-911-carrera-3-2-1984-1989/,1,1987,H-series
https://www.stuttcars.com/porsche-911-carrera-3-2-1984-1989/,1,1988,I-series
https://www.stuttcars.com/porsche-911-carrera-3-2-1984-1989/,1,1989,J-series
https://www.stuttcars.com/porsche-911-sc-g-series-1978-1983/,1,model year,Series
https://www.stuttcars.com/porsche-911-sc-g-series-1978-1983/,1,1978,K-series
https://www.stuttcars.com/porsche-911-sc-g-series-1978-1983/,1,1979,L-series
https://www.stuttcars.com/porsche-911-sc-g-series-1978-1983/,1,1980,A-series
https://www.stuttcars.com/porsche-911-sc-g-series-1978-1983/,1,1981,B-series
https://www.stuttcars.com/porsche-911-sc-g-series-1978-1983/,1,1982,C-series
https://www.stuttcars.com/porsche-911-sc-g-series-1978-1983/,1,1983,D-series
https://www.stuttcars.com/porsche-935-tribute/,1,modification,Engine
https://www.stuttcars.com/porsche-935-tribute/,1,2018 935 tribute,3.8T
https://www.stuttcars.com/porsche-935-tribute/,1,2017 911 991 gt2 rs clubsport,3.8T
https://www.stuttcars.com/porsche-911-gt3-r-991-2-2019-2020/,1,car,911 991.2 GT3 R
https://www.stuttcars.com/porsche-911-gt3-r-991-2-2019-2020/,1,engine,"4000 cc, bore 102.0 mm, stroke 81.5 mm"
https://www.stuttcars.com/porsche-911-gt3-r-991-2-2019-2020/,1,power,404 kW without restrictor
https://www.stuttcars.com/porsche-911-gt3-r-991-2-2019-2020/,1,gearbox,Sequential 6-speed
https://www.stuttcars.com/porsche-911-gt3-r-991-2-2019-2020/,1,front brakes,"390 mm steel disc, 6-piston caliper"
https://www.stuttcars.com/porsche-911-gt3-r-991-2-2019-2020/,1,rear brakes,"370 mm steel disc, 4-piston caliper"
https://www.stuttcars.com/porsche-911-gt3-r-991-2-2019-2020/,1,front tyres/wheels,"30/68-18, 12.5×18"
https://www.stuttcars.com/porsche-911-gt3-r-991-2-2019-2020/,1,rear tyres/wheels,"31/71-18, 13.0×18"
https://www.stuttcars.com/porsche-911-gt3-r-991-2-2019-2020/,1,tank l,120
https://www.stuttcars.com/porsche-911-gt3-r-991-2-2019-2020/,1,dimensions,4629 x 2002
https://www.stuttcars.com/porsche-911-gt2-rs-991-2018-2019/,1,curb weight,"1,470 kg (3,241 lbs)"
https://www.stuttcars.com/porsche-911-gt2-rs-991-2018-2019/,1,layout,"Rear-engine, rear-wheel drive"
https://www.stuttcars.com/porsche-911-gt2-rs-991-2018-2019/,1,body / frame,"Aluminum-steel composite monocoque, carbon fiber elements"
https://www.stuttcars.com/porsche-911-gt2-rs-991-2018-2019/,1,suspension (f),MacPherson strut suspension with helper springs
https://www.stuttcars.com/porsche-911-gt2-rs-991-2018-2019/,1,suspension (r),Multi-link axle with helper springs and subframe
https://www.stuttcars.com/porsche-911-gt2-rs-991-2018-2019/,1,engine,Flat-6
https://www.stuttcars.com/porsche-911-gt2-rs-991-2018-2019/,1,position,"Boxer, 90°"
https://www.stuttcars.com/porsche-911-gt2-rs-991-2018-2019/,1,aspiration,"Twin-turbocharged, intercooled"
https://www.stuttcars.com/porsche-911-gt2-rs-991-2018-2019/,1,block material,Aluminum block and heads
https://www.stuttcars.com/porsche-911-gt2-rs-991-2018-2019/,1,valvetrain,"DOHC, 24-Valve (4 Valves per Cylinder) with VVT & VarioCam Plus"
https://www.stuttcars.com/porsche-911-gt2-rs-991-2018-2019/,1,fuel feed,Direct Fuel Injection
https://www.stuttcars.com/porsche-911-gt2-rs-991-2018-2019/,1,displacement (litres),3.8L
https://www.stuttcars.com/porsche-911-gt2-rs-991-2018-2019/,1,displacement (in³),"232 in³, 3800 cc"
https://www.stuttcars.com/porsche-911-gt2-rs-991-2018-2019/,1,transmission,7-speed DCT with automatic and manual shifting mode (PDK)
https://www.stuttcars.com/porsche-911-gt2-rs-991-2018-2019/,2,power (hp),"700 hp @ 7,000 rpm"
https://www.stuttcars.com/porsche-911-gt2-rs-991-2018-2019/,2,power (hp) / litre,184.2 hp / litre
https://www.stuttcars.com/porsche-911-gt2-rs-991-2018-2019/,2,power (hp) / weight,0.48 hp / kg
https://www.stuttcars.com/porsche-911-gt2-rs-991-2018-2019/,2,torque,"553 lb-ft @ 2,250-4000 rpm"
https://www.stuttcars.com/porsche-911-gt2-rs-991-2018-2019/,2,efficiency,59 hp per l/100 km
https://www.stuttcars.com/porsche-911-gt2-rs-991-2018-2019/,2,average fuel consumption,11.8 l/100 km (combined)
https://www.stuttcars.com/porsche-911-gt2-rs-991-2018-2019/,3,top speed,340 km/h
https://www.stuttcars.com/porsche-911-gt2-rs-991-2018-2019/,3,0 – 40 km/h,1.1 s
https://www.stuttcars.com/porsche-911-gt2-rs-991-2018-2019/,3,0 – 50 km/h,1.2 s
https://www.stuttcars.com/porsche-911-gt2-rs-991-2018-2019/,3,0 – 100 km/h,2.8 s
https://www.stuttcars.com/porsche-911-gt2-rs-991-2018-2019/,3,0 – 150 km/h,5.2 s
https://www.stuttcars.com/porsche-911-gt2-rs-991-2018-2019/,3,0 – 160 km/h,5.5 s
https://www.stuttcars.com/porsche-911-gt2-rs-991-2018-2019/,3,0 – 200 km/h,8.1 s
https://www.stuttcars.com/porsche-911-gt2-rs-991-2018-2019/,3,0 – 250 km/h,13.0 s
https://www.stuttcars.com/porsche-911-gt2-rs-991-2018-2019/,3,0 – 300 km/h,22.1 s
https://www.stuttcars.com/porsche-911-gt2-rs-991-2018-2019/,3,0 – 60 mph,2.7 s
https://www.stuttcars.com/porsche-911-gt2-rs-991-2018-2019/,3,0 – 100 mph,5.8 s
https://www.stuttcars.com/porsche-911-gt2-rs-991-2018-2019/,3,1/8 mile (est.),6.9 s @ 111.2 mph
https://www.stuttcars.com/porsche-911-gt2-rs-991-2018-2019/,3,1/4 mile,10.3 s @ 139.2 mph
https://www.stuttcars.com/porsche-911-gt2-rs-991-2018-2019/,3,1/2 mile (est.),16.4 s @ 164.0 mph
https://www.stuttcars.com/porsche-911-gt2-rs-991-2018-2019/,3,1000 m,18.7 s @ 281.2 km/h
https://www.stuttcars.com/porsche-911-gt2-rs-991-2018-2019/,3,100 – 200 km/h,5.5 s
https://www.stuttcars.com/porsche-911-gt2-rs-991-2018-2019/,3,200 – 300 km/h,13.8 s
https://www.stuttcars.com/porsche-911-gt2-rs-991-2018-2019/,3,100 – 0 km/h,29 m (96 ft)
https://www.stuttcars.com/porsche-911-gt2-rs-991-2018-2019/,3,200 – 0 km/h,115 m (376 ft)
https://www.stuttcars.com/porsche-911-gt2-rs-991-2018-2019/,3,300 – 0 km/h,243 m (796 ft)
https://www.stuttcars.com/porsche-911-gt2-rs-991-2018-2019/,3,18 m slalom,76.5 km/h
https://www.stuttcars.com/porsche-911-gt2-rs-991-2018-2019/,3,nürburgring lap time,6:47.30 (Driver: Lars Kern)
https://www.stuttcars.com/porsche-911-turbo-s-exclusive-series-991/,1,make,Porsche
https://www.stuttcars.com/porsche-911-turbo-s-exclusive-series-991/,1,model,911 Turbo
https://www.stuttcars.com/porsche-911-turbo-s-exclusive-series-991/,1,generation,2018 – Present
https://www.stuttcars.com/porsche-911-turbo-s-exclusive-series-991/,1,sub-model,Exclusive Series
https://www.stuttcars.com/porsche-911-turbo-s-exclusive-series-991/,1,car type,Coupe
https://www.stuttcars.com/porsche-911-turbo-s-exclusive-series-991/,1,category,Series Production Car
https://www.stuttcars.com/porsche-911-turbo-s-exclusive-series-991/,1,built at,"Stuttgart, Germany"
https://www.stuttcars.com/porsche-911-turbo-s-exclusive-series-991/,1,introduced,2018
https://www.stuttcars.com/porsche-911-turbo-s-exclusive-series-991/,1,base price (us),"$257,500"
https://www.stuttcars.com/porsche-911-turbo-s-exclusive-series-991/,2,curb weight,"3,528 lbs"
https://www.stuttcars.com/porsche-911-turbo-s-exclusive-series-991/,2,layout,Rear-engine
https://www.stuttcars.com/porsche-911-turbo-s-exclusive-series-991/,2,driven wheels,All-wheel drive
https://www.stuttcars.com/porsche-911-turbo-s-exclusive-series-991/,2,suspension,"MacPherson strut suspension with anti-roll bar (front), LSA multi-link suspension with anti-roll bar (rear)"
https://www.stuttcars.com/porsche-911-turbo-s-exclusive-series-991/,2,brakes,"410mm brake rotors with 6-piston calipers (front), 390mm brake rotors with 4-piston calipers (rear)"
https://www.stuttcars.com/porsche-911-turbo-s-exclusive-series-991/,2,engine,Flat 6 Boxer
https://www.stuttcars.com/porsche-911-turbo-s-exclusive-series-991/,2,aspiration,Twin-turbocharged
https://www.stuttcars.com/porsche-911-turbo-s-exclusive-series-991/,2,valves,2 Intake / 2 Exhaust
https://www.stuttcars.com/porsche-911-turbo-s-exclusive-series-991/,2,lubrication,Integrated dry-sump
https://www.stuttcars.com/porsche-911-turbo-s-exclusive-series-991/,2,cooling,Water-cooled
https://www.stuttcars.com/porsche-911-turbo-s-exclusive-series-991/,2,displacement,3.8 Litres
https://www.stuttcars.com/porsche-911-turbo-s-exclusive-series-991/,2,transmission,7-speed PDK
https://www.stuttcars.com/porsche-911-turbo-s-exclusive-series-991/,3,power,607 bhp @ 6750 rpm
https://www.stuttcars.com/porsche-911-turbo-s-exclusive-series-991/,3,power / litre,159.7 hp / litre
https://www.stuttcars.com/porsche-911-turbo-s-exclusive-series-991/,3,power-to-weight ratio,5.8 lb / hp
https://www.stuttcars.com/porsche-911-turbo-s-exclusive-series-991/,3,torque,"553 lb-ft @ 2,250-4,000 rpm"
https://www.stuttcars.com/porsche-911-turbo-s-exclusive-series-991/,3,compression ratio,9.8: 1
https://www.stuttcars.com/porsche-911-turbo-s-exclusive-series-991/,4,0-60 mph,2.8 seconds
https://www.stuttcars.com/porsche-911-turbo-s-exclusive-series-991/,4,¼ mile,10.7 seconds
https://www.stuttcars.com/porsche-911-turbo-s-exclusive-series-991/,4,max speed,205mph (330km/h)
https://www.stuttcars.com/porsche-911-turbo-cabriolet-991-2-2017-2019/,1,modification,2016 911 991.2 Turbo S 3.8 Cabriolet
https://www.stuttcars.com/porsche-911-turbo-cabriolet-991-2-2017-2019/,1,gearbox,PDK 7-speed
https://www.stuttcars.com/porsche-911-turbo-cabriolet-991-2-2017-2019/,1,kw,426
https://www.stuttcars.com/porsche-911-turbo-cabriolet-991-2-2017-2019/,1,lb-ft,551
https://www.stuttcars.com/porsche-911-turbo-cabriolet-991-2-2017-2019/,1,nm,750
https://www.stuttcars.com/porsche-911-turbo-cabriolet-991-2-2017-2019/,1,0-60 mph,2.9 sec.
https://www.stuttcars.com/porsche-911-turbo-cabriolet-991-2-2017-2019/,1,0-100 km/h,3.0 sec.
https://www.stuttcars.com/porsche-911-turbo-cabriolet-991-2-2017-2019/,1,100 mph 160 km/h,6.8 sec.
https://www.stuttcars.com/porsche-911-turbo-cabriolet-991-2-2017-2019/,1,200 km/h,10.4 sec.
https://www.stuttcars.com/porsche-911-turbo-cabriolet-991-2-2017-2019/,1,mph,205
https://www.stuttcars.com/porsche-911-turbo-cabriolet-991-2-2017-2019/,1,km/h,330
https://www.stuttcars.com/porsche-911-turbo-cabriolet-991-2-2017-2019/,1,kg,1670
https://www.stuttcars.com/porsche-911-turbo-cabriolet-991-2-2017-2019/,1,lbs,3682
https://www.stuttcars.com/porsche-911-turbo-cabriolet-991-2-2017-2019/,1,w/lbs,116
https://www.stuttcars.com/porsche-911-turbo-cabriolet-991-2-2017-2019/,1,w/kg,256
https://www.stuttcars.com/porsche-911-turbo-coupe-991-2-2017-2019/,1,modification,2017 911 991.2 Turbo S 3.8 Exclusive Series Coupé
https://www.stuttcars.com/porsche-911-turbo-coupe-991-2-2017-2019/,1,gearbox,PDK 7-speed
https://www.stuttcars.com/porsche-911-turbo-coupe-991-2-2017-2019/,1,kw,446
https://www.stuttcars.com/porsche-911-turbo-coupe-991-2-2017-2019/,1,lb-ft,551
https://www.stuttcars.com/porsche-911-turbo-coupe-991-2-2017-2019/,1,nm,750
https://www.stuttcars.com/porsche-911-turbo-coupe-991-2-2017-2019/,1,0-60 mph,2.8 sec.
https://www.stuttcars.com/porsche-911-turbo-coupe-991-2-2017-2019/,1,0-100 km/h,2.9 sec.
https://www.stuttcars.com/porsche-911-turbo-coupe-991-2-2017-2019/,1,100 mph 160 km/h,6.3 sec.
https://www.stuttcars.com/porsche-911-turbo-coupe-991-2-2017-2019/,1,200 km/h,9.6 sec.
https://www.stuttcars.com/porsche-911-turbo-coupe-991-2-2017-2019/,1,mph,205
https://www.stuttcars.com/porsche-911-turbo-coupe-991-2-2017-2019/,1,km/h,330
https://www.stuttcars.com/porsche-911-turbo-coupe-991-2-2017-2019/,1,kg,1600
https://www.stuttcars.com/porsche-911-turbo-coupe-991-2-2017-2019/,1,lbs,3527
https://www.stuttcars.com/porsche-911-turbo-coupe-991-2-2017-2019/,1,w/lbs,126
https://www.stuttcars.com/porsche-911-turbo-coupe-991-2-2017-2019/,1,w/kg,279
https://www.stuttcars.com/porsche-911-991-gt2-rs-racing-991-2-2018-2019/,1,modification,2019 911 991 GT2 RS Clubsport racing version
https://www.stuttcars.com/porsche-911-991-gt2-rs-racing-991-2-2018-2019/,1,engine,3.8T
https://www.stuttcars.com/porsche-911-991-gt2-rs-racing-991-2-2018-2019/,1,kw,515
https://www.stuttcars.com/porsche-911-991-gt2-rs-racing-991-2-2018-2019/,1,lb-ft,551
https://www.stuttcars.com/porsche-911-991-gt2-rs-racing-991-2-2018-2019/,1,nm,750
https://www.stuttcars.com/porsche-911-991-gt2-rs-racing-991-2-2018-2019/,1,gearbox,PDK 7-speed
https://www.stuttcars.com/porsche-911-991-gt2-rs-racing-991-2-2018-2019/,1,kg,1390
https://www.stuttcars.com/porsche-911-991-gt2-rs-racing-991-2-2018-2019/,1,lb,3064
https://www.stuttcars.com/porsche-911-991-gt2-rs-racing-991-2-2018-2019/,1,w/lb,168
https://www.stuttcars.com/porsche-911-991-gt2-rs-racing-991-2-2018-2019/,1,w/kg,370
https://www.stuttcars.com/porsche-911-rsr-991-2-2017-2019/,1,date,Championship
https://www.stuttcars.com/porsche-911-rsr-991-2-2017-2019/,1,2017 jan 29,IMSA Championship + NA Endur’ Cup
https://www.stuttcars.com/porsche-911-rsr-991-2-2017-2019/,1,2017 mar 18,IMSA Championship + NA Endur’ Cup
https://www.stuttcars.com/porsche-911-rsr-991-2-2017-2019/,1,2017 apr 08,IMSA Championship
https://www.stuttcars.com/porsche-911-rsr-991-2-2017-2019/,1,2017 apr 16,FIA World Endurance Championship
https://www.stuttcars.com/porsche-911-rsr-991-2-2017-2019/,1,2017 may 06,IMSA Sportscar Championship
https://www.stuttcars.com/porsche-911-rsr-991-2-2017-2019/,1,2017 may 06,FIA World Endurance Championship
https://www.stuttcars.com/porsche-911-rsr-991-2-2017-2019/,1,2017 jun 17,FIA World Endurance Championship
https://www.stuttcars.com/porsche-911-rsr-991-2-2017-2019/,1,2017 jul 02,IMSA Championship + NA Endur’ Cup
https://www.stuttcars.com/porsche-911-rsr-991-2-2017-2019/,1,2017 jul 09,IMSA Sportscar Championship
https://www.stuttcars.com/porsche-911-rsr-991-2-2017-2019/,1,2017 jul 16,FIA World Endurance Championship
https://www.stuttcars.com/porsche-911-rsr-991-2-2017-2019/,1,2017 jul 22,IMSA Sportscar Championship
https://www.stuttcars.com/porsche-911-rsr-991-2-2017-2019/,1,2017 aug 06,IMSA Sportscar Championship
https://www.stuttcars.com/porsche-911-rsr-991-2-2017-2019/,1,2017 aug 27,IMSA Sportscar Championship
https://www.stuttcars.com/porsche-911-rsr-991-2-2017-2019/,1,2017 sep 03,FIA World Endurance Championship
https://www.stuttcars.com/porsche-911-rsr-991-2-2017-2019/,1,2017 sep 16,FIA World Endurance Championship
https://www.stuttcars.com/porsche-911-rsr-991-2-2017-2019/,1,2017 sep 24,IMSA Sportscar Championship
https://www.stuttcars.com/porsche-911-rsr-991-2-2017-2019/,1,2017 oct 07,IMSA Championship + NA Endur’ Cup
https://www.stuttcars.com/porsche-911-rsr-991-2-2017-2019/,1,2017 oct 15,FIA World Endurance Championship
https://www.stuttcars.com/porsche-911-rsr-991-2-2017-2019/,1,2017 nov 5,FIA World Endurance Championship
https://www.stuttcars.com/porsche-911-rsr-991-2-2017-2019/,1,2017 nov 18,FIA World Endurance Championship
https://www.stuttcars.com/porsche-911-targa-4-gts-991-2-2017-2019/,1,911 carrera gts,"$ 119,000"
https://www.stuttcars.com/porsche-911-targa-4-gts-991-2-2017-2019/,1,911 carrera 4 gts,"$ 125,900"
https://www.stuttcars.com/porsche-911-targa-4-gts-991-2-2017-2019/,1,911 carrera gts cabriolet,"$ 131,300"
https://www.stuttcars.com/porsche-911-targa-4-gts-991-2-2017-2019/,1,911 carrera 4 gts cabriolet,"$ 138,200"
https://www.stuttcars.com/porsche-911-targa-4-gts-991-2-2017-2019/,1,911 targa 4 gts,"$ 138,200"
https://www.stuttcars.com/porsche-911-carrera-4-gts-cabriolet-991-2-2017-2019/,1,911 carrera gts,"$ 119,000"
https://www.stuttcars.com/porsche-911-carrera-4-gts-cabriolet-991-2-2017-2019/,1,911 carrera 4 gts,"$ 125,900"
https://www.stuttcars.com/porsche-911-carrera-4-gts-cabriolet-991-2-2017-2019/,1,911 carrera gts cabriolet,"$ 131,300"
https://www.stuttcars.com/porsche-911-carrera-4-gts-cabriolet-991-2-2017-2019/,1,911 carrera 4 gts cabriolet,"$ 138,200"
https://www.stuttcars.com/porsche-911-carrera-4-gts-cabriolet-991-2-2017-2019/,1,911 targa 4 gts,"$ 138,200"
https://www.stuttcars.com/porsche-911-carrera-4-gts-coupe-991-2-2017-2019/,1,911 carrera gts,"$ 119,000"
https://www.stuttcars.com/porsche-911-carrera-4-gts-coupe-991-2-2017-2019/,1,911 carrera 4 gts,"$ 125,900"
https://www.stuttcars.com/porsche-911-carrera-4-gts-coupe-991-2-2017-2019/,1,911 carrera gts cabriolet,"$ 131,300"
https://www.stuttcars.com/porsche-911-carrera-4-gts-coupe-991-2-2017-2019/,1,911 carrera 4 gts cabriolet,"$ 138,200"
https://www.stuttcars.com/porsche-911-carrera-4-gts-coupe-991-2-2017-2019/,1,911 targa 4 gts,"$ 138,200"
https://www.stuttcars.com/porsche-911-carrera-gts-cabriolet-991-2-2017-2019/,1,911 carrera gts,"$ 119,000"
https://www.stuttcars.com/porsche-911-carrera-gts-cabriolet-991-2-2017-2019/,1,911 carrera 4 gts,"$ 125,900"
https://www.stuttcars.com/porsche-911-carrera-gts-cabriolet-991-2-2017-2019/,1,911 carrera gts cabriolet,"$ 131,300"
https://www.stuttcars.com/porsche-911-carrera-gts-cabriolet-991-2-2017-2019/,1,911 carrera 4 gts cabriolet,"$ 138,200"
https://www.stuttcars.com/porsche-911-carrera-gts-cabriolet-991-2-2017-2019/,1,911 targa 4 gts,"$ 138,200"
https://www.stuttcars.com/porsche-911-carrera-gts-991-2-2017-2019/,1,911 carrera gts,"$ 119,000"
https://www.stuttcars.com/porsche-911-carrera-gts-991-2-2017-2019/,1,911 carrera 4 gts,"$ 125,900"
https://www.stuttcars.com/porsche-911-carrera-gts-991-2-2017-2019/,1,911 carrera gts cabriolet,"$ 131,300"
https://www.stuttcars.com/porsche-911-carrera-gts-991-2-2017-2019/,1,911 carrera 4 gts cabriolet,"$ 138,200"
https://www.stuttcars.com/porsche-911-carrera-gts-991-2-2017-2019/,1,911 targa 4 gts,"$ 138,200"
https://www.stuttcars.com/porsche-991-gt3-cup-991-2-2016-2020/,1,modification,MY2017 911 991.2 GT3 Cup 4.0
https://www.stuttcars.com/porsche-991-gt3-cup-991-2-2016-2020/,1,power,357 kW @7500 rpm
https://www.stuttcars.com/porsche-991-gt3-cup-991-2-2016-2020/,1,gearbox,"Sequential, 6-speed"
https://www.stuttcars.com/porsche-991-gt3-cup-991-2-2016-2020/,1,wheels,10.5+12×18″
https://www.stuttcars.com/porsche-991-gt3-cup-991-2-2016-2020/,1,tyres,27/65 + 31/71
https://www.stuttcars.com/porsche-991-gt3-cup-991-2-2016-2020/,1,brakes,380 mm
https://www.stuttcars.com/porsche-991-gt3-cup-991-2-2016-2020/,1,weight,1200 kg / 2646 lb
https://www.stuttcars.com/porsche-991-gt3-cup-991-2-2016-2020/,1,power-to-weight,135 W/lb / 298 W/kg
https://www.stuttcars.com/1970-porsche-911-s-2-2-coupe/,1,tags,911s
https://www.stuttcars.com/1970-porsche-911-s-2-2-coupe/,1,submitted by,Richard Owen
https://www.stuttcars.com/1970-porsche-911-s-2-2-coupe/,1,type,Series Production Car
https://www.stuttcars.com/1970-porsche-911-s-2-2-coupe/,1,built at,"Stuttgart, Germany"
https://www.stuttcars.com/1970-porsche-911-s-2-2-coupe/,1,price $,"$ 8,750"
https://www.stuttcars.com/1970-porsche-911-s-2-2-coupe/,1,price â£/td>,"Â£3,990"
https://www.stuttcars.com/1970-porsche-911-s-2-2-coupe/,1,engine,Flat-6 w/Dry Sump Lubrication
https://www.stuttcars.com/1970-porsche-911-s-2-2-coupe/,1,position,Rear Longitudinal
https://www.stuttcars.com/1970-porsche-911-s-2-2-coupe/,1,aspiration,Natural
https://www.stuttcars.com/1970-porsche-911-s-2-2-coupe/,1,valvetrain,Chain-Driven SOHC
https://www.stuttcars.com/1970-porsche-911-s-2-2-coupe/,1,fuel feed,Mechincal Injection
https://www.stuttcars.com/1970-porsche-911-s-2-2-coupe/,1,displacement,2195 cc / 133.9 in³
https://www.stuttcars.com/1970-porsche-911-s-2-2-coupe/,1,bore,84.0 mm / 3.31 in
https://www.stuttcars.com/1970-porsche-911-s-2-2-coupe/,1,stroke,66.0 mm / 2.6 in
https://www.stuttcars.com/1970-porsche-911-s-2-2-coupe/,1,compression,9.8:1
https://www.stuttcars.com/1970-porsche-911-s-2-2-coupe/,1,power,134.2 kw / 180 bhp @ 6500 rpm
https://www.stuttcars.com/1970-porsche-911-s-2-2-coupe/,1,specific output,82.0 bhp per litre
https://www.stuttcars.com/1970-porsche-911-s-2-2-coupe/,1,bhp/weight,166.05 bhp per tonne
https://www.stuttcars.com/1970-porsche-911-s-2-2-coupe/,1,torque,172.2 nm / 127 ft lbs @ 5200 rpm
https://www.stuttcars.com/1970-porsche-911-s-2-2-coupe/,1,redline,7400
https://www.stuttcars.com/1970-porsche-911-s-2-2-coupe/,1,body / frame,Unit Steel
https://www.stuttcars.com/1970-porsche-911-s-2-2-coupe/,1,driven wheels,Rear Engine / RWD
https://www.stuttcars.com/1970-porsche-911-s-2-2-coupe/,1,wheel type,Aluminum Alloy
https://www.stuttcars.com/1970-porsche-911-s-2-2-coupe/,1,front tires,185/70-15 Michelin
https://www.stuttcars.com/1970-porsche-911-s-2-2-coupe/,1,rear tires,185/70-15 Michelin
https://www.stuttcars.com/1970-porsche-911-s-2-2-coupe/,1,front brakes,Vented Discs w/ Vacuum Assist
https://www.stuttcars.com/1970-porsche-911-s-2-2-coupe/,1,rear brakes,Vented Discs w/ Vacuum Assist
https://www.stuttcars.com/1970-porsche-911-s-2-2-coupe/,1,front wheels,F 38.1 x 15.2 cm / 15.0 x 6.0 in
https://www.stuttcars.com/1970-porsche-911-s-2-2-coupe/,1,rear wheels,R 38.1 x 15.2 cm / 15.0 x 6.0 in
https://www.stuttcars.com/1970-porsche-911-s-2-2-coupe/,1,steering,Rack & Pinion
https://www.stuttcars.com/1970-porsche-911-s-2-2-coupe/,1,curb weight,1084 kg / 2390 lbs
https://www.stuttcars.com/1970-porsche-911-s-2-2-coupe/,1,wheelbase,2268 mm / 89.3 in
https://www.stuttcars.com/1970-porsche-911-s-2-2-coupe/,1,front track,1374 mm / 54.1 in
https://www.stuttcars.com/1970-porsche-911-s-2-2-coupe/,1,rear track,1355 mm / 53.3 in
https://www.stuttcars.com/1970-porsche-911-s-2-2-coupe/,1,length,4163 mm / 163.9 in
https://www.stuttcars.com/1970-porsche-911-s-2-2-coupe/,1,width,1610 mm / 63.4 in
https://www.stuttcars.com/1970-porsche-911-s-2-2-coupe/,1,height,1321 mm / 52.0 in
https://www.stuttcars.com/1970-porsche-911-s-2-2-coupe/,1,transmission,5-Speed Manual
https://www.stuttcars.com/1970-porsche-911-s-2-2-coupe/,1,gear ratios,"3.091:1, 1.778:1, 1.217:1, 0.926:1, 0.759:1"
https://www.stuttcars.com/1970-porsche-911-s-2-2-coupe/,1,final drive,4.428:1
https://www.stuttcars.com/1970-porsche-911-s-2-2-coupe/,1,top speed,~231.7 kph / 144.0 mph
https://www.stuttcars.com/1970-porsche-911-s-2-2-coupe/,1,0 – 60 mph,~7.8 seconds
https://www.stuttcars.com/1970-porsche-911-s-2-2-coupe/,1,0 – 100 mph,~19.7 seconds
https://www.stuttcars.com/1970-porsche-911-s-2-2-coupe/,1,0 – 1/4 mile,~15.5 seconds
https://www.stuttcars.com/porsche-935-strasenversion/,1,type,Series Production Car
https://www.stuttcars.com/porsche-935-strasenversion/,1,built at,"Stuttgart, Germany"
https://www.stuttcars.com/porsche-935-strasenversion/,1,production,1 unit
https://www.stuttcars.com/porsche-935-strasenversion/,1,engine,Turbocharged Flat-6
https://www.stuttcars.com/porsche-935-strasenversion/,1,position,Rear Longitudinal
https://www.stuttcars.com/porsche-935-strasenversion/,1,aspiration,KKK Turbocharger
https://www.stuttcars.com/porsche-935-strasenversion/,1,valvetrain,"SOHC, 2 Valves per Cyl"
https://www.stuttcars.com/porsche-935-strasenversion/,1,fuel feed,Bosch K-Jetronic Injection
https://www.stuttcars.com/porsche-935-strasenversion/,1,displacement,3299 cc / 201.3 in³
https://www.stuttcars.com/porsche-935-strasenversion/,1,bore,97.0 mm / 3.82 in
https://www.stuttcars.com/porsche-935-strasenversion/,1,stroke,74.4 mm / 2.93 in
https://www.stuttcars.com/porsche-935-strasenversion/,1,compression,7.0:1
https://www.stuttcars.com/porsche-935-strasenversion/,1,power,283.4 kw / 380 bhp @ 5500 rpm
https://www.stuttcars.com/porsche-935-strasenversion/,1,specific output,115.19 bhp per litre
https://www.stuttcars.com/porsche-935-strasenversion/,1,bhp/weight,267.79 bhp per tonne
https://www.stuttcars.com/porsche-935-strasenversion/,1,body / frame,Unitary Steel Monocoque
https://www.stuttcars.com/porsche-935-strasenversion/,1,driven wheels,RWD
https://www.stuttcars.com/porsche-935-strasenversion/,1,wheel type,BBS Center-Lock
https://www.stuttcars.com/porsche-935-strasenversion/,1,front brakes,Vented & Cross-Drilled Discs w/ Vacuum Assist
https://www.stuttcars.com/porsche-935-strasenversion/,1,steering,Rack & Pinion
https://www.stuttcars.com/porsche-935-strasenversion/,1,curb weight,1419 kg / 3126 lbs
https://www.stuttcars.com/porsche-935-strasenversion/,1,wheelbase,2272 mm / 89.4 in
https://www.stuttcars.com/porsche-935-strasenversion/,1,front track,1433 mm / 56.4 in
https://www.stuttcars.com/porsche-935-strasenversion/,1,rear track,1501 mm / 59.1 in
https://www.stuttcars.com/porsche-935-strasenversion/,1,length,4290 mm / 168.9 in
https://www.stuttcars.com/porsche-935-strasenversion/,1,width,1775 mm / 69.9 in
https://www.stuttcars.com/porsche-935-strasenversion/,1,height,1311 mm / 51.6 in
https://www.stuttcars.com/porsche-935-strasenversion/,1,transmission,4-Speed Manual
https://www.stuttcars.com/porsche-935-strasenversion/,1,gear ratios,"2.25:1, 1.30:1, 0.89:1, 0.625:1"
https://www.stuttcars.com/porsche-935-strasenversion/,1,final drive,4.22:1
https://www.stuttcars.com/porsche-935-strasenversion/,1,top speed,~300 kph / 186.30 mph
https://www.stuttcars.com/porsche-935-strasenversion/,1,0 – 60 mph,~5.0 seconds
https://www.stuttcars.com/porsche-935-strasenversion/,1,0 – 100 mph,~11.2 seconds
https://www.stuttcars.com/porsche-911-turbo-s-cabriolet-996-2004-2005/,1,type,Series Production Car
https://www.stuttcars.com/porsche-911-turbo-s-cabriolet-996-2004-2005/,1,production years,2004 – 2005
https://www.stuttcars.com/porsche-911-turbo-s-cabriolet-996-2004-2005/,1,built at,Germany
https://www.stuttcars.com/porsche-911-turbo-s-cabriolet-996-2004-2005/,1,production,963
https://www.stuttcars.com/porsche-911-turbo-s-cabriolet-996-2004-2005/,1,price â‚¬/td>,"â‚¬131,100"
https://www.stuttcars.com/porsche-911-turbo-s-cabriolet-996-2004-2005/,1,engine,Twin Turbo Opposed 6-Cylinder
https://www.stuttcars.com/porsche-911-turbo-s-cabriolet-996-2004-2005/,1,valvetrain,DOHC 4 valves / cyl
https://www.stuttcars.com/porsche-911-turbo-s-cabriolet-996-2004-2005/,1,displacement,3600 cc / 219.7 in³
https://www.stuttcars.com/porsche-911-turbo-s-cabriolet-996-2004-2005/,1,bore,100 mm / 3.94 in
https://www.stuttcars.com/porsche-911-turbo-s-cabriolet-996-2004-2005/,1,stroke,76.4 mm / 3.01 in
https://www.stuttcars.com/porsche-911-turbo-s-cabriolet-996-2004-2005/,1,compression,9.4:1
https://www.stuttcars.com/porsche-911-turbo-s-cabriolet-996-2004-2005/,1,power,335.6 kw / 450 bhp @ 5700 rpm
https://www.stuttcars.com/porsche-911-turbo-s-cabriolet-996-2004-2005/,1,specific output,125.0 bhp per litre
https://www.stuttcars.com/porsche-911-turbo-s-cabriolet-996-2004-2005/,1,bhp/weight,284.99 bhp per tonne
https://www.stuttcars.com/porsche-911-turbo-s-cabriolet-996-2004-2005/,1,torque,620 nm / 457.3 ft lbs @ 3500 to 4500 rpm
https://www.stuttcars.com/porsche-911-turbo-s-cabriolet-996-2004-2005/,1,redline,6600
https://www.stuttcars.com/porsche-911-turbo-s-cabriolet-996-2004-2005/,1,body / frame,Unit Steel
https://www.stuttcars.com/porsche-911-turbo-s-cabriolet-996-2004-2005/,1,driven wheels,Rear Engine / 4WD
https://www.stuttcars.com/porsche-911-turbo-s-cabriolet-996-2004-2005/,1,front tires,225/40ZR18
https://www.stuttcars.com/porsche-911-turbo-s-cabriolet-996-2004-2005/,1,rear tires,295/30ZR18
https://www.stuttcars.com/porsche-911-turbo-s-cabriolet-996-2004-2005/,1,front brakes,PCCB Composite Brakes w/6-Piston Calipers
https://www.stuttcars.com/porsche-911-turbo-s-cabriolet-996-2004-2005/,1,rear brakes,PCCB Composite Brakes w/6-Piston Calipers
https://www.stuttcars.com/porsche-911-turbo-s-cabriolet-996-2004-2005/,1,front wheels,F 45.7 x 20.3 cm / 18.0 x 8.0 in
https://www.stuttcars.com/porsche-911-turbo-s-cabriolet-996-2004-2005/,1,rear wheels,R 45.7 x 27.9 cm / 18.0 x 11.0 in
https://www.stuttcars.com/porsche-911-turbo-s-cabriolet-996-2004-2005/,1,steering,Rack & Pinion w/Power Assist
https://www.stuttcars.com/porsche-911-turbo-s-cabriolet-996-2004-2005/,1,curb weight,1579 kg / 3480 lbs
https://www.stuttcars.com/porsche-911-turbo-s-cabriolet-996-2004-2005/,1,wheelbase,2350 mm / 92.5 in
https://www.stuttcars.com/porsche-911-turbo-s-cabriolet-996-2004-2005/,1,front track,1465 mm / 57.7 in
https://www.stuttcars.com/porsche-911-turbo-s-cabriolet-996-2004-2005/,1,rear track,1522 mm / 59.9 in
https://www.stuttcars.com/porsche-911-turbo-s-cabriolet-996-2004-2005/,1,length,4435 mm / 174.6 in
https://www.stuttcars.com/porsche-911-turbo-s-cabriolet-996-2004-2005/,1,width,1830 mm / 72.0 in
https://www.stuttcars.com/porsche-911-turbo-s-cabriolet-996-2004-2005/,1,height,1295 mm / 51.0 in
https://www.stuttcars.com/porsche-911-turbo-s-cabriolet-996-2004-2005/,1,transmission,6-Speed Manual
https://www.stuttcars.com/porsche-911-turbo-s-cabriolet-996-2004-2005/,1,gear ratios,"3.82:1, 2.05:1, 1.41:1, 1.12:1, 0.92:1, 0.75:1"
https://www.stuttcars.com/porsche-911-turbo-s-cabriolet-996-2004-2005/,1,final drive,3.44:1
https://www.stuttcars.com/porsche-911-turbo-s-cabriolet-996-2004-2005/,1,top speed,~307 kph / 190.65 mph
https://www.stuttcars.com/porsche-911-turbo-s-cabriolet-996-2004-2005/,1,0 – 200 kph,~13.6 seconds
https://www.stuttcars.com/porsche-911-gt3-r-991-2016-2018/,1,car,911 991.1 GT3 R
https://www.stuttcars.com/porsche-911-gt3-r-991-2016-2018/,1,purpose,2016-2018 FIA GT
https://www.stuttcars.com/porsche-911-gt3-r-991-2016-2018/,1,engine,"4000 cc, bore 102.0 mm, stroke 81.5 mm"
https://www.stuttcars.com/porsche-911-gt3-r-991-2016-2018/,1,power,368 kW without restrictor
https://www.stuttcars.com/porsche-911-gt3-r-991-2016-2018/,1,gearbox,Sequential 6-speed
https://www.stuttcars.com/porsche-911-gt3-r-991-2016-2018/,1,front brakes,"380 mm steel disc, 6-piston caliper"
https://www.stuttcars.com/porsche-911-gt3-r-991-2016-2018/,1,rear brakes,"372 mm steel disc, 4-piston caliper"
https://www.stuttcars.com/porsche-911-gt3-r-991-2016-2018/,1,front tyres wheels,"30/65-18, 12.0×18 ET17"
https://www.stuttcars.com/porsche-911-gt3-r-991-2016-2018/,1,rear tyres wheels,"31/71-18, 13.0×18 ET37.5"
https://www.stuttcars.com/porsche-911-gt3-r-991-2016-2018/,1,tank l,120
https://www.stuttcars.com/porsche-911-gt3-r-991-2016-2018/,1,dimensions,4604 x 2002
https://www.stuttcars.com/porsche-911-gt3-r-991-2016-2018/,1,weight,*1220 kg / 2689 lb
https://www.stuttcars.com/porsche-911-gt3-2000-2001/,1,engine,"Aluminum, Water Cooled, Flat-6"
https://www.stuttcars.com/porsche-911-gt3-2000-2001/,1,position,Rear Longitudinal
https://www.stuttcars.com/porsche-911-gt3-2000-2001/,1,aspiration,Natural
https://www.stuttcars.com/porsche-911-gt3-2000-2001/,1,valvetrain,4 Valves per Cyl w/VV& Variable Intake
https://www.stuttcars.com/porsche-911-gt3-2000-2001/,1,displacement,3600 cc / 219.7 in³
https://www.stuttcars.com/porsche-911-gt3-2000-2001/,1,bore,100 mm / 3.94 in
https://www.stuttcars.com/porsche-911-gt3-2000-2001/,1,stroke,76.4 mm / 3.01 in
https://www.stuttcars.com/porsche-911-gt3-2000-2001/,1,compression,11.7:1
https://www.stuttcars.com/porsche-911-gt3-2000-2001/,1,power,268.5 kw / 360.1 bhp @ 7200 rpm
https://www.stuttcars.com/porsche-911-gt3-2000-2001/,1,specific output,100.03 bhp per litre
https://www.stuttcars.com/porsche-911-gt3-2000-2001/,1,bhp/weight,266.74 bhp per tonne
https://www.stuttcars.com/porsche-911-gt3-2000-2001/,1,torque,370 nm / 272.9 ft lbs @ 5000 rpm
https://www.stuttcars.com/porsche-911-gt3-2000-2001/,1,redline,7800
https://www.stuttcars.com/porsche-911-gt3-2000-2001/,1,body / frame,Unit Steel
https://www.stuttcars.com/porsche-911-gt3-2000-2001/,1,driven wheels,RWD
https://www.stuttcars.com/porsche-911-gt3-2000-2001/,1,front tires,225/40ZR-18
https://www.stuttcars.com/porsche-911-gt3-2000-2001/,1,rear tires,285/30ZR-18
https://www.stuttcars.com/porsche-911-gt3-2000-2001/,1,front brakes,"Cross Drilled & Inner Vented Discs w/4-Pot Calipers, ABS, Vacuum"
https://www.stuttcars.com/porsche-911-gt3-2000-2001/,1,front wheels,F 45.7 x 20.3 cm / 18.0 x 8.0 in
https://www.stuttcars.com/porsche-911-gt3-2000-2001/,1,rear wheels,R 45.7 x 25.4 cm / 18.0 x 10.0 in
https://www.stuttcars.com/porsche-911-gt3-2000-2001/,1,f suspension,"McPherson Sruts w/Cylindrical Springs, Shock Absorbers"
https://www.stuttcars.com/porsche-911-gt3-2000-2001/,1,r suspension,"Multi-Link w/Coil Springs, Coaxial Shock Absorbers"
https://www.stuttcars.com/porsche-911-gt3-2000-2001/,1,curb weight,1350 kg / 2976 lbs
https://www.stuttcars.com/porsche-911-gt3-2000-2001/,1,wheelbase,2350 mm / 92.5 in
https://www.stuttcars.com/porsche-911-gt3-2000-2001/,1,front track,1475 mm / 58.1 in
https://www.stuttcars.com/porsche-911-gt3-2000-2001/,1,rear track,1495 mm / 58.9 in
https://www.stuttcars.com/porsche-911-gt3-2000-2001/,1,length,4430 mm / 174.4 in
https://www.stuttcars.com/porsche-911-gt3-2000-2001/,1,width,1765 mm / 69.5 in
https://www.stuttcars.com/porsche-911-gt3-2000-2001/,1,height,1270 mm / 50.0 in
https://www.stuttcars.com/porsche-911-gt3-2000-2001/,1,transmission,6-Speed Manual
https://www.stuttcars.com/porsche-911-gt3-2000-2001/,1,gear ratios,"3.82:1, 2.15:1, 1.56:1, 1.21:1, 0.97:1, 0.82:1"
https://www.stuttcars.com/porsche-911-gt3-2000-2001/,1,final drive,3.44:1
https://www.stuttcars.com/porsche-911-gt3-2000-2001/,1,top speed,~302 kph / 187.7 mph
https://www.stuttcars.com/porsche-911-gt3-2000-2001/,1,0 – 60 mph,~4.7 seconds
https://www.stuttcars.com/porsche-911-gt3-2000-2001/,1,0 – 100 mph,~10.1 seconds
https://www.stuttcars.com/porsche-911-gt3-2000-2001/,1,drag,0.30 Cd
https://www.stuttcars.com/1979-joest-935j/,1,type,Racing Car
https://www.stuttcars.com/1979-joest-935j/,1,built at,Germany
https://www.stuttcars.com/1979-joest-935j/,1,engine,Type 930/80 Boxer-6
https://www.stuttcars.com/1979-joest-935j/,1,position,"Rear, Longitudinal"
https://www.stuttcars.com/1979-joest-935j/,1,aspiration,Twin KKK Turbochargers
https://www.stuttcars.com/1979-joest-935j/,1,block material,Aluminum
https://www.stuttcars.com/1979-joest-935j/,1,valvetrain,"SOHC, 2 Valves perCyl"
https://www.stuttcars.com/1979-joest-935j/,1,fuel feed,Bosch-Kugelfisher Mechanical Fuel Injection
https://www.stuttcars.com/1979-joest-935j/,1,displacement,3163 cc / 193.02 in³
https://www.stuttcars.com/1979-joest-935j/,1,bore,95 mm / 3.7 in
https://www.stuttcars.com/1979-joest-935j/,1,stroke,74.4 mm / 2.9 in
https://www.stuttcars.com/1979-joest-935j/,1,compression,7.2:1
https://www.stuttcars.com/1979-joest-935j/,1,power,596.6 kw / 800 bhp @ 8000 rpm
https://www.stuttcars.com/1979-joest-935j/,1,specific output,252.92 bhp per litre
https://www.stuttcars.com/1979-joest-935j/,1,bhp/weight,780.49 bhp per tonne
https://www.stuttcars.com/1979-joest-935j/,1,body / frame,Unitary Steel Monocoque w/Carbon-Kevlar Panels
https://www.stuttcars.com/1979-joest-935j/,1,driven wheels,RWD
https://www.stuttcars.com/1979-joest-935j/,1,front brakes,Ventilated Discs w/4-Piston Calipers
https://www.stuttcars.com/1979-joest-935j/,1,rear brakes,Ventilated Discs w/4-Piston Calipers
https://www.stuttcars.com/1979-joest-935j/,1,front wheels,F 40.6 x 26.7 cm / 16 x 10.5 in
https://www.stuttcars.com/1979-joest-935j/,1,rear wheels,R 48.3 x 38.1 cm / 19 x 15 in
https://www.stuttcars.com/1979-joest-935j/,1,steering,Rack & Pinion
https://www.stuttcars.com/1979-joest-935j/,1,f suspension,"MacPherson Struts w/Bilstein Dampers, Adjustable Anti-Roll Bar"
https://www.stuttcars.com/1979-joest-935j/,1,r suspension,"Double Wishbones w/Bilstein Dampers, Adjustable Anti-Roll Bar"
https://www.stuttcars.com/1979-joest-935j/,1,curb weight,1025 kg / 2260 lbs
https://www.stuttcars.com/1979-joest-935j/,1,weight distro,40 % / 60 %
https://www.stuttcars.com/1979-joest-935j/,1,wheelbase,2271 mm / 89.4 in
https://www.stuttcars.com/1979-joest-935j/,1,front track,1501 mm / 59.1 in
https://www.stuttcars.com/1979-joest-935j/,1,rear track,1557 mm / 61.3 in
https://www.stuttcars.com/1979-joest-935j/,1,length,4681 mm / 184.3 in
https://www.stuttcars.com/1979-joest-935j/,1,width,1971 mm / 77.6 in
https://www.stuttcars.com/1979-joest-935j/,1,transmission,4-Speed Manual
https://www.stuttcars.com/1979-joest-935j/,1,0 – 60 mph,~3.0 seconds
https://www.stuttcars.com/1979-joest-935j/,1,0 – 100 mph,~5.8 seconds
https://www.stuttcars.com/1982-gaaco-935l/,1,type,Racing Car
https://www.stuttcars.com/1982-gaaco-935l/,1,built at,Germany
https://www.stuttcars.com/1982-gaaco-935l/,1,body stylist,Gaaco
https://www.stuttcars.com/1982-gaaco-935l/,1,coachbuilder,Gaaco
https://www.stuttcars.com/1982-gaaco-935l/,1,production,1
https://www.stuttcars.com/1982-gaaco-935l/,1,engine,Type 930/80 Boxer-6
https://www.stuttcars.com/1982-gaaco-935l/,1,position,"Rear, Longitudinal"
https://www.stuttcars.com/1982-gaaco-935l/,1,aspiration,KKK Turbocharger
https://www.stuttcars.com/1982-gaaco-935l/,1,block material,Aluminum
https://www.stuttcars.com/1982-gaaco-935l/,1,valvetrain,"SOHC, 2 Valves perCyl"
https://www.stuttcars.com/1982-gaaco-935l/,1,fuel feed,Bosch Mechanical Fuel Injection
https://www.stuttcars.com/1982-gaaco-935l/,1,displacement,3163 cc / 193.02 in³
https://www.stuttcars.com/1982-gaaco-935l/,1,bore,95 mm / 3.7 in
https://www.stuttcars.com/1982-gaaco-935l/,1,stroke,74.4 mm / 2.9 in
https://www.stuttcars.com/1982-gaaco-935l/,1,compression,7.2:1
https://www.stuttcars.com/1982-gaaco-935l/,1,power,559.3 kw / 750 bhp
https://www.stuttcars.com/1982-gaaco-935l/,1,specific output,237.12 bhp per litre
https://www.stuttcars.com/1982-gaaco-935l/,1,bhp/weight,833.33 bhp per tonne
https://www.stuttcars.com/1982-gaaco-935l/,1,body / frame,Gaaco Bonded Aluminum Chassis
https://www.stuttcars.com/1982-gaaco-935l/,1,driven wheels,RWD
https://www.stuttcars.com/1982-gaaco-935l/,1,front brakes,Ventilated Discs w/4-Piston Calipers
https://www.stuttcars.com/1982-gaaco-935l/,1,rear brakes,Ventilated Discs w/4-Piston Calipers
https://www.stuttcars.com/1982-gaaco-935l/,1,front wheels,F 40.6 x 26.7 cm / 16 x 10.5 in
https://www.stuttcars.com/1982-gaaco-935l/,1,rear wheels,R 48.3 x 38.1 cm / 19 x 15 in
https://www.stuttcars.com/1982-gaaco-935l/,1,steering,Rack & Pinion
https://www.stuttcars.com/1982-gaaco-935l/,1,f suspension,"MacPherson Struts w/Bilstein Dampers, Adjustable Anti-Roll Bar"
https://www.stuttcars.com/1982-gaaco-935l/,1,r suspension,"Double Wishbones w/Bilstein Dampers, Adjustable Anti-Roll Bar"
https://www.stuttcars.com/1982-gaaco-935l/,1,curb weight,900 kg / 1985 lbs
https://www.stuttcars.com/1982-gaaco-935l/,1,weight distro,40 % / 60 %
https://www.stuttcars.com/1982-gaaco-935l/,1,wheelbase,2271 mm / 89.4 in
https://www.stuttcars.com/1982-gaaco-935l/,1,front track,1501 mm / 59.1 in
https://www.stuttcars.com/1982-gaaco-935l/,1,rear track,1557 mm / 61.3 in
https://www.stuttcars.com/1982-gaaco-935l/,1,length,4681 mm / 184.3 in
https://www.stuttcars.com/1982-gaaco-935l/,1,width,1971 mm / 77.6 in
https://www.stuttcars.com/1982-gaaco-935l/,1,transmission,4-Speed Manual
https://www.stuttcars.com/1982-gaaco-935l/,1,key drivers,"Jackie Ickx, Jochen Mass"
https://www.stuttcars.com/1981-kremer-k4/,1,type,Racing Car
https://www.stuttcars.com/1981-kremer-k4/,1,built at,"Cologne, Germany"
https://www.stuttcars.com/1981-kremer-k4/,1,engine,Type 930/80 Boxer-6
https://www.stuttcars.com/1981-kremer-k4/,1,position,"Rear, Longitudinal"
https://www.stuttcars.com/1981-kremer-k4/,1,aspiration,Twin KKK Turbochargers
https://www.stuttcars.com/1981-kremer-k4/,1,block material,Aluminum
https://www.stuttcars.com/1981-kremer-k4/,1,valvetrain,"SOHC, 2 Valves perCyl"
https://www.stuttcars.com/1981-kremer-k4/,1,fuel feed,Bosch-Kugelfisher Mechanical Fuel Injection
https://www.stuttcars.com/1981-kremer-k4/,1,displacement,2994 cc / 182.71 in³
https://www.stuttcars.com/1981-kremer-k4/,1,compression,7.2:1
https://www.stuttcars.com/1981-kremer-k4/,1,power,671.1 kw / 900 bhp @ 8000 rpm
https://www.stuttcars.com/1981-kremer-k4/,1,specific output,300.6 bhp per litre
https://www.stuttcars.com/1981-kremer-k4/,1,bhp/weight,878.05 bhp per tonne
https://www.stuttcars.com/1981-kremer-k4/,1,body / frame,Unitary Steel Monocoque w/Carbon-Kevlar Panels
https://www.stuttcars.com/1981-kremer-k4/,1,driven wheels,RWD
https://www.stuttcars.com/1981-kremer-k4/,1,front brakes,Ventilated Discs w/4-Piston Calipers
https://www.stuttcars.com/1981-kremer-k4/,1,rear brakes,Ventilated Discs w/4-Piston Calipers
https://www.stuttcars.com/1981-kremer-k4/,1,front wheels,F 40.6 x 26.7 cm / 16 x 10.5 in
https://www.stuttcars.com/1981-kremer-k4/,1,rear wheels,R 48.3 x 38.1 cm / 19 x 15 in
https://www.stuttcars.com/1981-kremer-k4/,1,steering,Rack & Pinion
https://www.stuttcars.com/1981-kremer-k4/,1,f suspension,"MacPherson Struts w/Bilstein Dampers, Anti-Roll Bar"
https://www.stuttcars.com/1981-kremer-k4/,1,r suspension,"Double Wishbones w/Bilstein Dampers, Anti-Roll Bar"
https://www.stuttcars.com/1981-kremer-k4/,1,curb weight,1025 kg / 2260 lbs
https://www.stuttcars.com/1981-kremer-k4/,1,weight distro,40 % / 60 %
https://www.stuttcars.com/1981-kremer-k4/,1,wheelbase,2271 mm / 89.4 in
https://www.stuttcars.com/1981-kremer-k4/,1,front track,1501 mm / 59.1 in
https://www.stuttcars.com/1981-kremer-k4/,1,rear track,1557 mm / 61.3 in
https://www.stuttcars.com/1981-kremer-k4/,1,length,4681 mm / 184.3 in
https://www.stuttcars.com/1981-kremer-k4/,1,width,1971 mm / 77.6 in
https://www.stuttcars.com/1981-kremer-k4/,1,transmission,4-Speed Manual
https://www.stuttcars.com/1981-kremer-k4/,1,0 – 60 mph,~3.0 seconds
https://www.stuttcars.com/1981-kremer-k4/,1,0 – 100 mph,~5.8 seconds
https://www.stuttcars.com/1977-kremer-k3/,1,type,Racing Car
https://www.stuttcars.com/1977-kremer-k3/,1,built at,"Cologne, Germany"
https://www.stuttcars.com/1977-kremer-k3/,1,engine,Type 930/80 Boxer-6
https://www.stuttcars.com/1977-kremer-k3/,1,position,"Rear, Longitudinal"
https://www.stuttcars.com/1977-kremer-k3/,1,aspiration,Twin KKK Turbochargers
https://www.stuttcars.com/1977-kremer-k3/,1,block material,Aluminum
https://www.stuttcars.com/1977-kremer-k3/,1,valvetrain,"SOHC, 2 Valves perCyl"
https://www.stuttcars.com/1977-kremer-k3/,1,fuel feed,Bosch-Kugelfisher Mechanical Fuel Injection
https://www.stuttcars.com/1977-kremer-k3/,1,displacement,3163 cc / 193.02 in³
https://www.stuttcars.com/1977-kremer-k3/,1,bore,95 mm / 3.7 in
https://www.stuttcars.com/1977-kremer-k3/,1,stroke,74.4 mm / 2.9 in
https://www.stuttcars.com/1977-kremer-k3/,1,compression,7.2:1
https://www.stuttcars.com/1977-kremer-k3/,1,power,596.6 kw / 800 bhp @ 8000 rpm
https://www.stuttcars.com/1977-kremer-k3/,1,specific output,252.92 bhp per litre
https://www.stuttcars.com/1977-kremer-k3/,1,bhp/weight,780.49 bhp per tonne
https://www.stuttcars.com/1977-kremer-k3/,1,body / frame,Unitary Steel Monocoque w/Carbon-Kevlar Panels
https://www.stuttcars.com/1977-kremer-k3/,1,driven wheels,RWD
https://www.stuttcars.com/1977-kremer-k3/,1,front brakes,Ventilated Discs w/4-Piston Calipers
https://www.stuttcars.com/1977-kremer-k3/,1,rear brakes,Ventilated Discs w/4-Piston Calipers
https://www.stuttcars.com/1977-kremer-k3/,1,front wheels,F 40.6 x 26.7 cm / 16 x 10.5 in
https://www.stuttcars.com/1977-kremer-k3/,1,rear wheels,R 48.3 x 38.1 cm / 19 x 15 in
https://www.stuttcars.com/1977-kremer-k3/,1,steering,Rack & Pinion
https://www.stuttcars.com/1977-kremer-k3/,1,f suspension,"MacPherson Struts w/Bilstein Dampers, Anti-Roll Bar"
https://www.stuttcars.com/1977-kremer-k3/,1,r suspension,"Double Wishbones w/Bilstein Dampers, Anti-Roll Bar"
https://www.stuttcars.com/1977-kremer-k3/,1,curb weight,1025 kg / 2260 lbs
https://www.stuttcars.com/1977-kremer-k3/,1,weight distro,40 % / 60 %
https://www.stuttcars.com/1977-kremer-k3/,1,wheelbase,2271 mm / 89.4 in
https://www.stuttcars.com/1977-kremer-k3/,1,front track,1501 mm / 59.1 in
https://www.stuttcars.com/1977-kremer-k3/,1,rear track,1557 mm / 61.3 in
https://www.stuttcars.com/1977-kremer-k3/,1,length,4681 mm / 184.3 in
https://www.stuttcars.com/1977-kremer-k3/,1,width,1971 mm / 77.6 in
https://www.stuttcars.com/1977-kremer-k3/,1,transmission,4-Speed Manual
https://www.stuttcars.com/1977-kremer-k3/,1,0 – 60 mph,~3.0 seconds
https://www.stuttcars.com/1977-kremer-k3/,1,0 – 100 mph,~5.8 seconds
https://www.stuttcars.com/1977-kremer-k2/,1,type,Racing Car
https://www.stuttcars.com/1977-kremer-k2/,1,built at,Germany
https://www.stuttcars.com/1977-kremer-k2/,1,production,1 unit
https://www.stuttcars.com/1977-kremer-k2/,1,engine,Type 930/72 Boxer-6
https://www.stuttcars.com/1977-kremer-k2/,1,position,"Rear, Longitudinal"
https://www.stuttcars.com/1977-kremer-k2/,1,aspiration,KKK Turbocharger
https://www.stuttcars.com/1977-kremer-k2/,1,block material,Aluminum
https://www.stuttcars.com/1977-kremer-k2/,1,valvetrain,"SOHC, 2 Valves perCyl"
https://www.stuttcars.com/1977-kremer-k2/,1,fuel feed,Bosch Mechanical Fuel Injection
https://www.stuttcars.com/1977-kremer-k2/,1,displacement,2856 cc / 174.28 in³
https://www.stuttcars.com/1977-kremer-k2/,1,bore,92.8 mm / 3.7 in
https://www.stuttcars.com/1977-kremer-k2/,1,stroke,70.4 mm / 2.8 in
https://www.stuttcars.com/1977-kremer-k2/,1,compression,6.5:1
https://www.stuttcars.com/1977-kremer-k2/,1,power,417.6 kw / 560 bhp @ 8000 rpm
https://www.stuttcars.com/1977-kremer-k2/,1,specific output,196.08 bhp per litre
https://www.stuttcars.com/1977-kremer-k2/,1,bhp/weight,622.22 bhp per tonne
https://www.stuttcars.com/1977-kremer-k2/,1,torque,587.1 nm / 433 ft lbs @ 5400 rpm
https://www.stuttcars.com/1977-kremer-k2/,1,body / frame,Unitary Steel Monocoque w/Fiberglas Panels
https://www.stuttcars.com/1977-kremer-k2/,1,driven wheels,RWD
https://www.stuttcars.com/1977-kremer-k2/,1,front brakes,Ventilated Discs w/4-Piston Calipers
https://www.stuttcars.com/1977-kremer-k2/,1,rear brakes,Ventilated Discs w/4-Piston Calipers
https://www.stuttcars.com/1977-kremer-k2/,1,front wheels,F 40.6 x 26.7 cm / 16 x 10.5 in
https://www.stuttcars.com/1977-kremer-k2/,1,rear wheels,R 48.3 x 38.1 cm / 19 x 15 in
https://www.stuttcars.com/1977-kremer-k2/,1,steering,Rack & Pinion
https://www.stuttcars.com/1977-kremer-k2/,1,f suspension,"MacPherson Struts w/Bilstein Dampers, Adjustable Anti-Roll Bar"
https://www.stuttcars.com/1977-kremer-k2/,1,r suspension,"Double Wishbones w/Bilstein Dampers, Adjustable Anti-Roll Bar"
https://www.stuttcars.com/1977-kremer-k2/,1,curb weight,900 kg / 1985 lbs
https://www.stuttcars.com/1977-kremer-k2/,1,weight distro,40 % / 60 %
https://www.stuttcars.com/1977-kremer-k2/,1,wheelbase,2271 mm / 89.4 in
https://www.stuttcars.com/1977-kremer-k2/,1,front track,1501 mm / 59.1 in
https://www.stuttcars.com/1977-kremer-k2/,1,rear track,1557 mm / 61.3 in
https://www.stuttcars.com/1977-kremer-k2/,1,length,4681 mm / 184.3 in
https://www.stuttcars.com/1977-kremer-k2/,1,width,1971 mm / 77.6 in
https://www.stuttcars.com/1977-kremer-k2/,1,transmission,4-Speed Manual
https://www.stuttcars.com/1977-kremer-k2/,2,type,Racing Car
https://www.stuttcars.com/1977-kremer-k2/,2,built at,Germany
https://www.stuttcars.com/1977-kremer-k2/,2,production,1
https://www.stuttcars.com/1977-kremer-k2/,2,engine,Type 930/72 Boxer-6
https://www.stuttcars.com/1977-kremer-k2/,2,position,"Rear, Longitudinal"
https://www.stuttcars.com/1977-kremer-k2/,2,aspiration,KKK Turbocharger
https://www.stuttcars.com/1977-kremer-k2/,2,block material,Aluminum
https://www.stuttcars.com/1977-kremer-k2/,2,valvetrain,"SOHC, 2 Valves perCyl"
https://www.stuttcars.com/1977-kremer-k2/,2,fuel feed,Bosch Mechanical Fuel Injection
https://www.stuttcars.com/1977-kremer-k2/,2,displacement,2856 cc / 174.28 in³
https://www.stuttcars.com/1977-kremer-k2/,2,bore,92.8 mm / 3.7 in
https://www.stuttcars.com/1977-kremer-k2/,2,stroke,70.4 mm / 2.8 in
https://www.stuttcars.com/1977-kremer-k2/,2,compression,6.5:1
https://www.stuttcars.com/1977-kremer-k2/,2,power,417.6 kw / 560 bhp @ 8000 rpm
https://www.stuttcars.com/1977-kremer-k2/,2,specific output,196.08 bhp per litre
https://www.stuttcars.com/1977-kremer-k2/,2,bhp/weight,622.22 bhp per tonne
https://www.stuttcars.com/1977-kremer-k2/,2,torque,587.1 nm / 433 ft lbs @ 5400 rpm
https://www.stuttcars.com/1977-kremer-k2/,2,body / frame,Unitary Steel Monocoque w/Fiberglas Panels
https://www.stuttcars.com/1977-kremer-k2/,2,driven wheels,RWD
https://www.stuttcars.com/1977-kremer-k2/,2,front brakes,Ventilated Discs w/4-Piston Calipers
https://www.stuttcars.com/1977-kremer-k2/,2,rear brakes,Ventilated Discs w/4-Piston Calipers
https://www.stuttcars.com/1977-kremer-k2/,2,front wheels,F 40.6 x 26.7 cm / 16 x 10.5 in
https://www.stuttcars.com/1977-kremer-k2/,2,rear wheels,R 48.3 x 38.1 cm / 19 x 15 in
https://www.stuttcars.com/1977-kremer-k2/,2,steering,Rack & Pinion
https://www.stuttcars.com/1977-kremer-k2/,2,f suspension,"MacPherson Struts w/Bilstein Dampers, Adjustable Anti-Roll Bar"
https://www.stuttcars.com/1977-kremer-k2/,2,r suspension,"Double Wishbones w/Bilstein Dampers, Adjustable Anti-Roll Bar"
https://www.stuttcars.com/1977-kremer-k2/,2,curb weight,900 kg / 1985 lbs
https://www.stuttcars.com/1977-kremer-k2/,2,weight distro,40 % / 60 %
https://www.stuttcars.com/1977-kremer-k2/,2,wheelbase,2271 mm / 89.4 in
https://www.stuttcars.com/1977-kremer-k2/,2,front track,1501 mm / 59.1 in
https://www.stuttcars.com/1977-kremer-k2/,2,rear track,1557 mm / 61.3 in
https://www.stuttcars.com/1977-kremer-k2/,2,length,4681 mm / 184.3 in
https://www.stuttcars.com/1977-kremer-k2/,2,width,1971 mm / 77.6 in
https://www.stuttcars.com/1977-kremer-k2/,2,transmission,4-Speed Manual
https://www.stuttcars.com/porsche-912-1965-1969/,1,model year,Year Constructed
https://www.stuttcars.com/porsche-912-1965-1969/,1,1965,1965 (April – August)
https://www.stuttcars.com/porsche-912-1965-1969/,1,1966,1965
https://www.stuttcars.com/porsche-912-1965-1969/,1,1967,1966
https://www.stuttcars.com/porsche-912-1965-1969/,1,1968,1967
https://www.stuttcars.com/porsche-912-1965-1969/,1,1969,1968
https://www.stuttcars.com/porsche-912-1965-1969/,1,1976,1975
https://www.stuttcars.com/porsche-911-black-edition-coupe-cabriolet-991-2016/,1,boxster black edition:,"$59,100"
https://www.stuttcars.com/porsche-911-black-edition-coupe-cabriolet-991-2016/,1,911 carrera black edition:,"$88,800"
https://www.stuttcars.com/porsche-911-black-edition-coupe-cabriolet-991-2016/,1,911 carrera 4 black edition:,"$94,800"
https://www.stuttcars.com/porsche-911-black-edition-coupe-cabriolet-991-2016/,1,911 carrera cabriolet black edition:,"$98,500"
https://www.stuttcars.com/porsche-911-black-edition-coupe-cabriolet-991-2016/,1,911 carrera 4 cabriolet black edition:,"$104,600"
https://www.stuttcars.com/porsche-911-r-991-2016/,1,modification,2016 911 991 R
https://www.stuttcars.com/porsche-911-r-991-2016/,1,engine,4.0B6
https://www.stuttcars.com/porsche-911-r-991-2016/,1,kw,368
https://www.stuttcars.com/porsche-911-r-991-2016/,1,lb-ft,338
https://www.stuttcars.com/porsche-911-r-991-2016/,1,nm,460
https://www.stuttcars.com/porsche-911-r-991-2016/,1,gearbox,manual 6-speed
https://www.stuttcars.com/porsche-911-r-991-2016/,1,60 mph,3.7 sec.
https://www.stuttcars.com/porsche-911-r-991-2016/,1,100 km/h,3.8 sec.
https://www.stuttcars.com/porsche-911-r-991-2016/,1,mph,201
https://www.stuttcars.com/porsche-911-r-991-2016/,1,km/h,323
https://www.stuttcars.com/porsche-911-r-991-2016/,1,kg,1370
https://www.stuttcars.com/porsche-911-r-991-2016/,1,lb,3020
https://www.stuttcars.com/porsche-911-r-991-2016/,1,w/lb,122
https://www.stuttcars.com/porsche-911-r-991-2016/,1,w/kg,269
https://www.stuttcars.com/porsche-911-carrera-991-2-2016-2019/,1,911 carrera,"$89,400"
https://www.stuttcars.com/porsche-911-carrera-991-2-2016-2019/,1,911 carrera s,"$103,400"
https://www.stuttcars.com/porsche-911-carrera-991-2-2016-2019/,1,911 carrera cabriolet,"$101,700"
https://www.stuttcars.com/porsche-911-carrera-991-2-2016-2019/,1,911 carrera s cabriolet,"$115,700"
https://www.stuttcars.com/porsche-911-gt3-rs-991-2015-2016/,1,modification,2018 911 991.2 GT3 RS 4.0
https://www.stuttcars.com/porsche-911-gt3-rs-991-2015-2016/,1,kw,383
https://www.stuttcars.com/porsche-911-gt3-rs-991-2015-2016/,1,lb-ft,346
https://www.stuttcars.com/porsche-911-gt3-rs-991-2015-2016/,1,nm,470
https://www.stuttcars.com/porsche-911-gt3-rs-991-2015-2016/,1,gearbox,PDK 7-speed
https://www.stuttcars.com/porsche-911-gt3-rs-991-2015-2016/,1,60 mph,3.1 sec.
https://www.stuttcars.com/porsche-911-gt3-rs-991-2015-2016/,1,100 km/h,3.2 sec.
https://www.stuttcars.com/porsche-911-gt3-rs-991-2015-2016/,1,100 mph,6.9 sec.
https://www.stuttcars.com/porsche-911-gt3-rs-991-2015-2016/,1,mph,194
https://www.stuttcars.com/porsche-911-gt3-rs-991-2015-2016/,1,km/h,312
https://www.stuttcars.com/porsche-911-gt3-rs-991-2015-2016/,1,kg,1430
https://www.stuttcars.com/porsche-911-gt3-rs-991-2015-2016/,1,lb,3153
https://www.stuttcars.com/porsche-911-gt3-rs-991-2015-2016/,1,w/lb,121
https://www.stuttcars.com/porsche-911-gt3-rs-991-2015-2016/,1,w/kg,268
https://www.stuttcars.com/porsche-911-gt3-rs-991-2015-2016/,1,nordschleife,"6:56,4 (Michelin Cup 2 R)"
https://www.stuttcars.com/porsche-911-gt3-rs-991-2015-2016/,2,gearbox,6-speed sequential
https://www.stuttcars.com/porsche-911-gt3-rs-991-2015-2016/,2,brake discs front / rear,380 mm / 380 mm
https://www.stuttcars.com/porsche-911-gt3-rs-991-2015-2016/,2,"wheels, front",10.5×18
https://www.stuttcars.com/porsche-911-gt3-rs-991-2015-2016/,2,"wheels, rear",12.0×18
https://www.stuttcars.com/porsche-911-gt3-rs-991-2015-2016/,2,rear-wheel-steering,No
https://www.stuttcars.com/porsche-911-gt3-rs-991-2015-2016/,2,porsche torque vectoring,No
https://www.stuttcars.com/porsche-911-gt3-rs-991-2015-2016/,2,pasm electronic damping control,No
https://www.stuttcars.com/porsche-911-gt3-rs-991-2015-2016/,2,fuel tank,100 L
https://www.stuttcars.com/porsche-911-gt3-rs-991-2015-2016/,2,weight,1175 kg / 2590 lb
https://www.stuttcars.com/porsche-911-gt3-991-2014-2016/,1,modification,2013 911 991 GT3 3.8
https://www.stuttcars.com/porsche-911-gt3-991-2014-2016/,1,no. of seats,2
https://www.stuttcars.com/porsche-911-gt3-991-2014-2016/,1,gearbox,PDK 7-speed
https://www.stuttcars.com/porsche-911-gt3-991-2014-2016/,1,kw,350
https://www.stuttcars.com/porsche-911-gt3-991-2014-2016/,1,lb-ft,324
https://www.stuttcars.com/porsche-911-gt3-991-2014-2016/,1,nm,440
https://www.stuttcars.com/porsche-911-gt3-991-2014-2016/,1,60 mph,3.3 sec.
https://www.stuttcars.com/porsche-911-gt3-991-2014-2016/,1,100 km/h,3.5 sec.
https://www.stuttcars.com/porsche-911-gt3-991-2014-2016/,1,100 mph,7.5 sec.
https://www.stuttcars.com/porsche-911-gt3-991-2014-2016/,1,200 km/h,11.4 sec.
https://www.stuttcars.com/porsche-911-gt3-991-2014-2016/,1,mph,196
https://www.stuttcars.com/porsche-911-gt3-991-2014-2016/,1,km/h,315
https://www.stuttcars.com/porsche-911-gt3-991-2014-2016/,1,kg,1430
https://www.stuttcars.com/porsche-911-gt3-991-2014-2016/,1,lb,3153
https://www.stuttcars.com/porsche-911-gt3-991-2014-2016/,1,w/lb,111
https://www.stuttcars.com/porsche-911-gt3-991-2014-2016/,1,w/kg,245
https://www.stuttcars.com/porsche-911-gt3-991-2014-2016/,1,nordschleife,7:25
https://www.stuttcars.com/porsche-911-sc-safari/,1,model year:,1978
https://www.stuttcars.com/porsche-911-sc-safari/,1,engine:,6-cyl. flat
https://www.stuttcars.com/porsche-911-sc-safari/,1,displacement:,"2,993 cc"
https://www.stuttcars.com/porsche-911-sc-safari/,1,power output:,184 kW (250 hp)
https://www.stuttcars.com/porsche-911-sc-safari/,1,weight:,"1,250 kg"
https://www.stuttcars.com/porsche-911-sc-safari/,1,top speed:,230 km/h
https://www.stuttcars.com/porsche-935-baby/,1,engine,Boxer-6
https://www.stuttcars.com/porsche-935-baby/,1,fuel feed,Mechanical Bosch Injection
https://www.stuttcars.com/porsche-935-baby/,1,displacement,1425 cc / 87.0 in³
https://www.stuttcars.com/porsche-935-baby/,1,power,275.9 kw / 370 bhp @ 8000 rpm
https://www.stuttcars.com/porsche-935-baby/,1,specific output,259.65 bhp per litre
https://www.stuttcars.com/porsche-935-baby/,1,bhp/weight,493.33 bhp per tonne
https://www.stuttcars.com/porsche-935-baby/,1,body / frame,Steel & Plastic Body over Tubular Space Frame
https://www.stuttcars.com/porsche-935-baby/,1,f brake size,mm / in
https://www.stuttcars.com/porsche-935-baby/,1,r brake size,mm / in
https://www.stuttcars.com/porsche-935-baby/,1,curb weight,750 kg / 1653 lbs
https://www.stuttcars.com/porsche-935-baby/,1,wheelbase,2271 mm / 89.4 in
https://www.stuttcars.com/porsche-935-baby/,1,length,4680 mm / 184.3 in
https://www.stuttcars.com/porsche-935-baby/,1,transmission,5-Speed Gearbox
https://www.stuttcars.com/porsche-935-baby/,1,gear ratios,:1
https://www.stuttcars.com/porsche-935-baby/,1,top speed,~270.4 kph / 168 mph
https://www.stuttcars.com/porsche-cayman-gt4-clubsport-2015-2016/,1,modification,Cayman 981 GT4 Racing
https://www.stuttcars.com/porsche-cayman-gt4-clubsport-2015-2016/,1,engine,3.8B6
https://www.stuttcars.com/porsche-cayman-gt4-clubsport-2015-2016/,1,kw,283
https://www.stuttcars.com/porsche-cayman-gt4-clubsport-2015-2016/,1,lb-ft,309
https://www.stuttcars.com/porsche-cayman-gt4-clubsport-2015-2016/,1,nm,420
https://www.stuttcars.com/porsche-cayman-gt4-clubsport-2015-2016/,1,gearbox,PDK 6-speed
https://www.stuttcars.com/porsche-cayman-gt4-clubsport-2015-2016/,1,din kg,1300
https://www.stuttcars.com/porsche-cayman-gt4-clubsport-2015-2016/,1,din lb,2866
https://www.stuttcars.com/porsche-cayman-gt4-clubsport-2015-2016/,1,w/lb,98.7
https://www.stuttcars.com/porsche-cayman-gt4-clubsport-2015-2016/,1,w/kg,218
https://www.stuttcars.com/porsche-cayman-s-black-edition-2012/,1,base price:,61500
https://www.stuttcars.com/porsche-cayman-s-black-edition-2012/,1,engine,"3.4 Liter Direct Fuel Injection 320 bhp at 7,200 RPM, 273 lb.-ft."
https://www.stuttcars.com/porsche-cayman-s-black-edition-2012/,1,wheels – tires (f): (r):,8.0″ x 18″ – 235/40 ZR18 9.0″ x 18″ – 265/40 ZR18
https://www.stuttcars.com/porsche-cayman-s-black-edition-2012/,1,spoiler:,Automatically Extending / Retracting spoiler in body color
https://www.stuttcars.com/porsche-cayman-s-black-edition-2012/,1,suspension:,Standard fixed rate or 10mm lower PASM
https://www.stuttcars.com/porsche-cayman-s-black-edition-2012/,1,instrument dials:,Flip/Flop Black on backlit Light Grey
https://www.stuttcars.com/porsche-cayman-s-black-edition-2012/,1,sound system:,"Sound Package Plus, 180 Watts, 9 speakers"
https://www.stuttcars.com/porsche-cayman-s-black-edition-2012/,1,exhaust & exhaust tip:,2 into 1 with Dual Opening
https://www.stuttcars.com/porsche-cayman-s-black-edition-2012/,1,curb weight (manual / pdk):,"2,976 lbs. / 3,031 lbs."
https://www.stuttcars.com/porsche-cayman-s-black-edition-2012/,1,coefficient of aerodynamic drag:,0.29 6 Speed / 0.30 PDK
https://www.stuttcars.com/porsche-cayman-s-black-edition-2012/,1,top speed (6 speed / pdk):,172 MPH / 171 MPH
https://www.stuttcars.com/porsche-cayman-s-black-edition-2012/,1,claimed 0-60 time: (6spd./pdk/pdk+sc):,4.9 / 4.8 / 4.6 seconds
https://www.stuttcars.com/porsche-cayman-s-black-edition-2012/,1,fuel consumption (6 speed manual):,19 City / 26 Highway
https://www.stuttcars.com/porsche-cayman-s-black-edition-2012/,1,fuel consumption (7 speed pdk):,20 City / 29 Highway
https://www.stuttcars.com/porsche-cayman-s-black-edition-2012/,1,fuel capacity:,16.9 Gallons
https://www.stuttcars.com/porsche-cayman-r-2012/,1,options & price,2011 Cayman S
https://www.stuttcars.com/porsche-cayman-r-2012/,1,vehicle base price,"$61,500"
https://www.stuttcars.com/porsche-cayman-r-2012/,1,p45 design sport package,"$6,200"
https://www.stuttcars.com/porsche-cayman-r-2012/,1,19″ forged lightweight wheels,in P45
https://www.stuttcars.com/porsche-cayman-r-2012/,1,"mirrors, side vents, wheels, model designation in contrasting color",in P45
https://www.stuttcars.com/porsche-cayman-r-2012/,1,front and rear porsche aerokit,in P45
https://www.stuttcars.com/porsche-cayman-r-2012/,1,sport bucket seats,"$2,990"
https://www.stuttcars.com/porsche-cayman-r-2012/,1,limited slip differential,$950
https://www.stuttcars.com/porsche-cayman-r-2012/,1,side stripe with model designation,$775
https://www.stuttcars.com/porsche-cayman-r-2012/,1,aluminum doors,N/A
https://www.stuttcars.com/porsche-cayman-r-2012/,1,20mm lower suspension with stiffer springs/bars,N/A
https://www.stuttcars.com/porsche-cayman-r-2012/,1,330 bhp without modifying the car,N/A
https://www.stuttcars.com/porsche-cayman-r-2012/,1,dash trim strip painted in exterior color,$520
https://www.stuttcars.com/porsche-cayman-r-2012/,1,seat belts in guards red,$340
https://www.stuttcars.com/porsche-cayman-r-2012/,1,air vents painted sporty black,$905
https://www.stuttcars.com/porsche-cayman-r-2012/,1,rear center console painted in exterior color,$730
https://www.stuttcars.com/porsche-cayman-r-2012/,1,air conditioning with auto climate control,$650
https://www.stuttcars.com/porsche-cayman-r-2012/,1,sound package plus,-S-
https://www.stuttcars.com/porsche-cayman-r-2012/,1,grand total:,"$75,560"
https://www.stuttcars.com/porsche-cayman-r-2012/,2,savings area,Weight Loss
https://www.stuttcars.com/porsche-cayman-r-2012/,2,aluminum doors and light weight door panels,33 lbs.
https://www.stuttcars.com/porsche-cayman-r-2012/,2,composite sport bucket seats,26 lbs.
https://www.stuttcars.com/porsche-cayman-r-2012/,2,air conditioning,26 lbs.
https://www.stuttcars.com/porsche-cayman-r-2012/,2,other,16 lbs.
https://www.stuttcars.com/porsche-cayman-r-2012/,2,light weight drop forged wheels,11 lbs.
https://www.stuttcars.com/porsche-cayman-r-2012/,2,radio and speakers,7 lbs.
https://www.stuttcars.com/porsche-cayman-r-2012/,2,removal of storage compartments,2 lbs.
https://www.stuttcars.com/porsche-cayman-r-2012/,2,total weight savings:,121 lbs.
https://www.stuttcars.com/porsche-cayman-r-2012/,3,body color,Contrast Color
https://www.stuttcars.com/porsche-cayman-r-2012/,3,peridot metallic,X
https://www.stuttcars.com/porsche-cayman-r-2012/,3,guards red,X
https://www.stuttcars.com/porsche-cayman-r-2012/,3,speed yellow,X
https://www.stuttcars.com/porsche-cayman-r-2012/,3,carrara white,X
https://www.stuttcars.com/porsche-cayman-r-2012/,3,platinum silver metallic,X
https://www.stuttcars.com/porsche-cayman-r-2012/,3,cream white,X
https://www.stuttcars.com/porsche-cayman-r-2012/,3,gt silver metallic,X
https://www.stuttcars.com/porsche-cayman-r-2012/,4,base price:,"$61,500"
https://www.stuttcars.com/porsche-cayman-r-2012/,4,engine,"3.4 Liter Direct Fuel Injection 320 bhp at 7,200 RPM, 273 lb.-ft."
https://www.stuttcars.com/porsche-cayman-r-2012/,4,wheels – tires (f): wheels – tires (r):,8.0″ x 18″ – 235/40 ZR18 9.0″ x 18″ – 265/40 ZR18
https://www.stuttcars.com/porsche-cayman-r-2012/,4,spoiler:,Automatically Extending / Retracting spoiler in body color
https://www.stuttcars.com/porsche-cayman-r-2012/,4,suspension:,Standard fixed rate or 10mm lower PASM
https://www.stuttcars.com/porsche-cayman-r-2012/,4,instrument dials:,Flip/Flop Black on backlit Light Grey
https://www.stuttcars.com/porsche-cayman-r-2012/,4,sound system:,"Sound Package Plus, 180 Watts, 9 speakers"
https://www.stuttcars.com/porsche-cayman-r-2012/,4,exhaust & exhaust tip:,2 into 1 with Dual Opening
https://www.stuttcars.com/porsche-cayman-r-2012/,4,curb weight (manual / pdk):,"2,976 lbs. / 3,031 lbs."
https://www.stuttcars.com/porsche-cayman-r-2012/,4,coefficient of aerodynamic drag:,0.29 6 Speed / 0.30 PDK
https://www.stuttcars.com/porsche-cayman-r-2012/,4,top speed (6 speed / pdk):,172 MPH / 171 MPH
https://www.stuttcars.com/porsche-cayman-r-2012/,4,claimed 0-60 time: (6spd./pdk/pdk+sc):,4.9 / 4.8 / 4.6 seconds
https://www.stuttcars.com/porsche-cayman-r-2012/,4,fuel consumption (6 speed manual):,19 City / 26 Highway
https://www.stuttcars.com/porsche-cayman-r-2012/,4,fuel consumption (7 speed pdk):,20 City / 29 Highway
https://www.stuttcars.com/porsche-cayman-r-2012/,4,fuel capacity:,16.9 Gallons
https://www.stuttcars.com/porsche-cayman-s-sport-2009/,1,option,Value (2008)
https://www.stuttcars.com/porsche-cayman-s-sport-2009/,1,porsche adaptive suspension management (pasm – 20mm),"$1,990"
https://www.stuttcars.com/porsche-cayman-s-sport-2009/,1,sport chrono package,$960
https://www.stuttcars.com/porsche-cayman-s-sport-2009/,1,porsche sport exhaust w/dual sport tailpipes,"$2,100"
https://www.stuttcars.com/porsche-cayman-s-sport-2009/,1,twin chamber exhaust tailpipe,$570*
https://www.stuttcars.com/porsche-cayman-s-sport-2009/,1,"8″x19″ f, 9.5″x19″ r wheels","$1,550"
https://www.stuttcars.com/porsche-cayman-s-sport-2009/,1,wheels painted in deviated color (gloss black),"$2,160"
https://www.stuttcars.com/porsche-cayman-s-sport-2009/,1,side mirrors and side vents in gloss black,N/A
https://www.stuttcars.com/porsche-cayman-s-sport-2009/,1,model designation on rear lid painted gloss black,$165
https://www.stuttcars.com/porsche-cayman-s-sport-2009/,1,5mm wheel spacers,$490
https://www.stuttcars.com/porsche-cayman-s-sport-2009/,1,bixenon headlamps with washers,"$1,090"
https://www.stuttcars.com/porsche-cayman-s-sport-2009/,1,black side strip with model designation,N/A
https://www.stuttcars.com/porsche-cayman-s-sport-2009/,1,stainless steel door entry guards with cayman s sport logo,$725
https://www.stuttcars.com/porsche-cayman-s-sport-2009/,1,sport seats,$440
https://www.stuttcars.com/porsche-cayman-s-sport-2009/,1,3 spoke sport steering wheel in alcantara,"$1,015"
https://www.stuttcars.com/porsche-cayman-s-sport-2009/,1,gear shift and hand brake in alcantara,"$1,880"
https://www.stuttcars.com/porsche-cayman-s-sport-2009/,1,instrument cluster in gt silver metallic,$690**
https://www.stuttcars.com/porsche-cayman-s-sport-2009/,1,aluminum look dashboard trim,"$1,230"
https://www.stuttcars.com/porsche-cayman-s-sport-2009/,1,interior trim pieces in gloss black,N/A
https://www.stuttcars.com/porsche-cayman-s-sport-2009/,1,sport look foot rest,N/A
https://www.stuttcars.com/porsche-cayman-s-sport-2009/,1,floor mats with matching trim and porsche logo,$405
https://www.stuttcars.com/porsche-cayman-s-sport-2009/,1,limited edition serial number plate on glove box,N/A
https://www.stuttcars.com/porsche-cayman-s-sport-2009/,1,package value:,"$17,460"
https://www.stuttcars.com/porsche-cayman-s-design-edition-1-2008/,1,option,Value (2008)
https://www.stuttcars.com/porsche-cayman-s-design-edition-1-2008/,1,porsche active suspension management (pasm),"$1,990"
https://www.stuttcars.com/porsche-cayman-s-design-edition-1-2008/,1,"19″ turbo wheels, 8″f/9.5″r","$2,440"
https://www.stuttcars.com/porsche-cayman-s-design-edition-1-2008/,1,5mm wheel spacers,$490
https://www.stuttcars.com/porsche-cayman-s-design-edition-1-2008/,1,chrome sport tailpipe,$570
https://www.stuttcars.com/porsche-cayman-s-design-edition-1-2008/,1,red taillights,$600*
https://www.stuttcars.com/porsche-cayman-s-design-edition-1-2008/,1,3 spoke sport steering wheel in alcantara,"$1,105"
https://www.stuttcars.com/porsche-cayman-s-design-edition-1-2008/,1,gear shift and handbrake lever in alcantara,"$1,880"
https://www.stuttcars.com/porsche-cayman-s-design-edition-1-2008/,1,porsche crest embossed into head rests,$270
https://www.stuttcars.com/porsche-cayman-s-design-edition-1-2008/,1,roof liner in alcantara,"$1,180"
https://www.stuttcars.com/porsche-cayman-s-design-edition-1-2008/,1,rear center console painted black,$730
https://www.stuttcars.com/porsche-cayman-s-design-edition-1-2008/,1,stainless steel door guards,$415
https://www.stuttcars.com/porsche-cayman-s-design-edition-1-2008/,1,options value:,"$11,670"
https://www.stuttcars.com/porsche-boxster-black-edition-2016/,1,boxster black edition:,"$59,100"
https://www.stuttcars.com/porsche-boxster-black-edition-2016/,1,911 carrera black edition:,"$88,800"
https://www.stuttcars.com/porsche-boxster-black-edition-2016/,1,911 carrera 4 black edition:,"$94,800"
https://www.stuttcars.com/porsche-boxster-black-edition-2016/,1,911 carrera cabriolet black edition:,"$98,500"
https://www.stuttcars.com/porsche-boxster-black-edition-2016/,1,911 carrera 4 cabriolet black edition:,"$104,600"
https://www.stuttcars.com/porsche-718-boxster-spyder-2019-present/,1,make,Porsche
https://www.stuttcars.com/porsche-718-boxster-spyder-2019-present/,1,model,718 Cayman GT4 / 718 Spyder Boxster
https://www.stuttcars.com/porsche-718-boxster-spyder-2019-present/,1,generation,982
https://www.stuttcars.com/porsche-718-boxster-spyder-2019-present/,1,car type,Coupe / Convertible
https://www.stuttcars.com/porsche-718-boxster-spyder-2019-present/,1,category,Limited Series Production Car
https://www.stuttcars.com/porsche-718-boxster-spyder-2019-present/,1,built at,"Stuttgart, Zuffenhausen, Germany"
https://www.stuttcars.com/porsche-718-boxster-spyder-2019-present/,1,introduced,2019
https://www.stuttcars.com/porsche-718-boxster-spyder-2019-present/,1,base price (usd),"$100,550 / $97,650"
https://www.stuttcars.com/porsche-718-boxster-spyder-2019-present/,2,curb weight,"3,199 lbs (GT4) / 3,206 lbs (Spyder)"
https://www.stuttcars.com/porsche-718-boxster-spyder-2019-present/,2,layout,"Mid-engine, Rear-wheel Drive, 2-door Coupe or Convertible"
https://www.stuttcars.com/porsche-718-boxster-spyder-2019-present/,2,body / frame,Unitary Steel & Aluminum Monocoque w/ Aluminum Hood
https://www.stuttcars.com/porsche-718-boxster-spyder-2019-present/,2,suspension (f),"MacPherson Struts w/ Gas-Pressure Dampers, Anti-Roll Bar"
https://www.stuttcars.com/porsche-718-boxster-spyder-2019-present/,2,suspension (r),"Transverse Control Arms w/ Coil Springs over Gas-Pressure Dampers, Anti-Roll Bar"
https://www.stuttcars.com/porsche-718-boxster-spyder-2019-present/,2,brakes,"380 mm Brake Rotors w/ 6-piston calipers (front, 4-piston calipers (rear), Optional PCCB"
https://www.stuttcars.com/porsche-718-boxster-spyder-2019-present/,2,tires,"Michelin Pilot Sport Cup 2 tires (245/35/20 front, 295/30/20 rear)"
https://www.stuttcars.com/porsche-718-boxster-spyder-2019-present/,2,transmission,6-Speed Manual
https://www.stuttcars.com/porsche-718-boxster-spyder-2019-present/,3,engine,"DOHC 24-valve flat-6, aluminum block & heads, direct fuel injection"
https://www.stuttcars.com/porsche-718-boxster-spyder-2019-present/,3,displacement (liters),4.0L
https://www.stuttcars.com/porsche-718-boxster-spyder-2019-present/,3,position,"Mid-engined, Longitudinal"
https://www.stuttcars.com/porsche-718-boxster-spyder-2019-present/,3,aspiration,Naturally Aspirated
https://www.stuttcars.com/porsche-718-boxster-spyder-2019-present/,3,power (hp),"414 hp @ 7,600 rpm"
https://www.stuttcars.com/porsche-718-boxster-spyder-2019-present/,3,power (hp) / liter,103.5 hp / liter
https://www.stuttcars.com/porsche-718-boxster-spyder-2019-present/,3,power (hp) / weight,0.29 hp / kg
https://www.stuttcars.com/porsche-718-boxster-spyder-2019-present/,3,torque,"309 lb-ft @ 5,000 – 6,800 rpm"
https://www.stuttcars.com/porsche-718-boxster-spyder-2019-present/,3,0-60 mph time,4.2 seconds
https://www.stuttcars.com/porsche-718-boxster-spyder-2019-present/,3,0-124 mph time,13.8 seconds
https://www.stuttcars.com/porsche-718-boxster-spyder-2019-present/,3,top speed,187 mph – 188 mph
https://www.stuttcars.com/porsche-718-boxster-spyder-2019-present/,3,fuel economy (combined / city / highway),17 / 14 / 21 mpg
https://www.stuttcars.com/porsche-cayman-gt4-2015-2016/,1,modification,Cayman 981 GT4
https://www.stuttcars.com/porsche-cayman-gt4-2015-2016/,1,engine,3.8B6
https://www.stuttcars.com/porsche-cayman-gt4-2015-2016/,1,kw,283
https://www.stuttcars.com/porsche-cayman-gt4-2015-2016/,1,lb-ft,309
https://www.stuttcars.com/porsche-cayman-gt4-2015-2016/,1,nm,420
https://www.stuttcars.com/porsche-cayman-gt4-2015-2016/,1,gearbox,manual 6-speed
https://www.stuttcars.com/porsche-cayman-gt4-2015-2016/,1,60 mph,4.2 sec.
https://www.stuttcars.com/porsche-cayman-gt4-2015-2016/,1,100 km/h,4.4 sec.
https://www.stuttcars.com/porsche-cayman-gt4-2015-2016/,1,160 km/h,9.3 sec.
https://www.stuttcars.com/porsche-cayman-gt4-2015-2016/,1,200 km/h,14.5 sec.
https://www.stuttcars.com/porsche-cayman-gt4-2015-2016/,1,mph,183
https://www.stuttcars.com/porsche-cayman-gt4-2015-2016/,1,km/h,295
https://www.stuttcars.com/porsche-cayman-gt4-2015-2016/,1,din kg,1340
https://www.stuttcars.com/porsche-cayman-gt4-2015-2016/,1,din lb,2954
https://www.stuttcars.com/porsche-cayman-gt4-2015-2016/,1,w/lb,96
https://www.stuttcars.com/porsche-cayman-gt4-2015-2016/,1,w/kg,211
https://www.stuttcars.com/porsche-cayman-gt4-2015-2016/,1,nordschleife,7:42
https://www.stuttcars.com/porsche-carrera-gt-concept/,1,type,Concept / Prototype Car
https://www.stuttcars.com/porsche-carrera-gt-concept/,1,released at,2000 Paris Motor Show
https://www.stuttcars.com/porsche-carrera-gt-concept/,1,built at,Germany
https://www.stuttcars.com/porsche-carrera-gt-concept/,1,production,2
https://www.stuttcars.com/porsche-carrera-gt-concept/,1,engine,5.5 L V10
https://www.stuttcars.com/porsche-carrera-gt-concept/,1,position,Mid Longitudinal
https://www.stuttcars.com/porsche-carrera-gt-concept/,1,aspiration,Natural
https://www.stuttcars.com/porsche-carrera-gt-concept/,1,valvetrain,DOHC 4 Valves / Cyl
https://www.stuttcars.com/porsche-carrera-gt-concept/,1,displacement,5500 cc
https://www.stuttcars.com/porsche-carrera-gt-concept/,1,power,416.1 kw / 558.0 bhp
https://www.stuttcars.com/porsche-carrera-gt-concept/,1,specific output,50.73 bhp per litre
https://www.stuttcars.com/porsche-carrera-gt-concept/,1,bhp/weight,223.2 bhp per tonne
https://www.stuttcars.com/porsche-carrera-gt-concept/,1,torque,600 nm / 442.5 ft lbs
https://www.stuttcars.com/porsche-carrera-gt-concept/,1,redline,8200
https://www.stuttcars.com/porsche-carrera-gt-concept/,1,body / frame,Carbon Fibre
https://www.stuttcars.com/porsche-carrera-gt-concept/,1,driven wheels,RWD
https://www.stuttcars.com/porsche-carrera-gt-concept/,1,front tires,265/30R19
https://www.stuttcars.com/porsche-carrera-gt-concept/,1,rear tires,335/30R20
https://www.stuttcars.com/porsche-carrera-gt-concept/,1,front brakes,Ceramic Vented Discs w/ABS & 8-Pot Callipers
https://www.stuttcars.com/porsche-carrera-gt-concept/,1,rear brakes,Ceramic Vented Discs w/ABS & 4-Pot Callipers
https://www.stuttcars.com/porsche-carrera-gt-concept/,1,steering,Rack & Pinion w/Power Assist
https://www.stuttcars.com/porsche-carrera-gt-concept/,1,f suspension,"Double Wishbones w/Push-Rod Actuated Inboard Springs & Dampers,"
https://www.stuttcars.com/porsche-carrera-gt-concept/,1,r suspension,"Double Wishbones w/Push-Rod Actuated Inboard Springs & Dampers,"
https://www.stuttcars.com/porsche-carrera-gt-concept/,1,curb weight,2500 kg / 5512.50 lbs
https://www.stuttcars.com/porsche-carrera-gt-concept/,1,wheelbase,2700 mm / 106.3 in
https://www.stuttcars.com/porsche-carrera-gt-concept/,1,front track,1620 mm / 63.8 in
https://www.stuttcars.com/porsche-carrera-gt-concept/,1,rear track,1570 mm / 61.8 in
https://www.stuttcars.com/porsche-carrera-gt-concept/,1,length,4556 mm / 179.4 in
https://www.stuttcars.com/porsche-carrera-gt-concept/,1,width,1915 mm / 75.4 in
https://www.stuttcars.com/porsche-carrera-gt-concept/,1,height,1192 mm / 46.9 in
https://www.stuttcars.com/porsche-carrera-gt-concept/,1,transmission,6-Speed Manual w/Triple Plate Carbon Clutch
https://www.stuttcars.com/porsche-carrera-gt-concept/,1,top speed,~330 kph / 205.1 mph
https://www.stuttcars.com/porsche-carrera-gt-concept/,1,0 – 60 mph,~4.0 seconds
https://www.stuttcars.com/porsche-carrera-gt-concept/,1,drag,1.0 Cd
https://www.stuttcars.com/1956-porsche-1600-beutler-coupe/,1,price $,$3 790 USD
https://www.stuttcars.com/1956-porsche-1600-beutler-coupe/,1,engine,Flat 4
https://www.stuttcars.com/1956-porsche-1600-beutler-coupe/,1,valvetrain,OHV
https://www.stuttcars.com/1956-porsche-1600-beutler-coupe/,1,displacement,1582 cc / 96.5 in³
https://www.stuttcars.com/1956-porsche-1600-beutler-coupe/,1,bore,82.55 mm / 3.25 in
https://www.stuttcars.com/1956-porsche-1600-beutler-coupe/,1,stroke,73.9 mm / 2.91 in
https://www.stuttcars.com/1956-porsche-1600-beutler-coupe/,1,power,67.1 kw / 90 bhp
https://www.stuttcars.com/1956-porsche-1600-beutler-coupe/,1,specific output,56.89 bhp per litre
https://www.stuttcars.com/1956-porsche-1600-beutler-coupe/,1,bhp/weight,bhp per tonne
https://www.stuttcars.com/1956-porsche-1600-beutler-coupe/,1,f brake size,mm / in
https://www.stuttcars.com/1956-porsche-1600-beutler-coupe/,1,r brake size,mm / in
https://www.stuttcars.com/1956-porsche-1600-beutler-coupe/,1,transmission,4-Speed Manual
https://www.stuttcars.com/1956-porsche-1600-beutler-coupe/,1,gear ratios,:1
https://www.stuttcars.com/1956-porsche-1600-beutler-coupe/,1,top speed,~150 kph / 93.2 mph
https://www.stuttcars.com/1952-porsche-356-america-roadster/,1,type,Series Production Car
https://www.stuttcars.com/1952-porsche-356-america-roadster/,1,built at,Germany
https://www.stuttcars.com/1952-porsche-356-america-roadster/,1,coachbuilder,Heuer/Gläser
https://www.stuttcars.com/1952-porsche-356-america-roadster/,1,production,21
https://www.stuttcars.com/1952-porsche-356-america-roadster/,1,engine,Air Cooled Flat-4
https://www.stuttcars.com/1952-porsche-356-america-roadster/,1,displacement,1488 cc / 90.8 in³
https://www.stuttcars.com/1952-porsche-356-america-roadster/,1,compression,8.2:1
https://www.stuttcars.com/1952-porsche-356-america-roadster/,1,power,52.2 kw / 70 bhp @ 5000 rpm
https://www.stuttcars.com/1952-porsche-356-america-roadster/,1,specific output,47.04 bhp per litre
https://www.stuttcars.com/1952-porsche-356-america-roadster/,1,bhp/weight,115.7 bhp per tonne
https://www.stuttcars.com/1952-porsche-356-america-roadster/,1,driven wheels,Rear Engine / RWD
https://www.stuttcars.com/1952-porsche-356-america-roadster/,1,curb weight,605 kg / 1334 lbs
https://www.stuttcars.com/1952-porsche-356-america-roadster/,1,length,3850 mm / 151.6 in
https://www.stuttcars.com/1952-porsche-356-america-roadster/,1,top speed,~180 kph / 111.8 mph
https://www.stuttcars.com/porsche-356a-1500-gs-carrera-gt/,1,type,Racing Car
https://www.stuttcars.com/porsche-356a-1500-gs-carrera-gt/,1,body stylist,Reutter Karosserie
https://www.stuttcars.com/porsche-356a-1500-gs-carrera-gt/,1,engine,Type 547/1 Flat-4 w/Dry Sump Lubrication
https://www.stuttcars.com/porsche-356a-1500-gs-carrera-gt/,1,position,"Rear, Longitudinal"
https://www.stuttcars.com/porsche-356a-1500-gs-carrera-gt/,1,aspiration,Natural
https://www.stuttcars.com/porsche-356a-1500-gs-carrera-gt/,1,valvetrain,"DOHC, 4 Valves per Cyl"
https://www.stuttcars.com/porsche-356a-1500-gs-carrera-gt/,1,fuel feed,2 Type 40PII Solex Carburetors or Optional Webers
https://www.stuttcars.com/porsche-356a-1500-gs-carrera-gt/,1,displacement,1498 cc / 91.41 in³
https://www.stuttcars.com/porsche-356a-1500-gs-carrera-gt/,1,bore,85 mm / 3.3 in
https://www.stuttcars.com/porsche-356a-1500-gs-carrera-gt/,1,stroke,66 mm / 2.6 in
https://www.stuttcars.com/porsche-356a-1500-gs-carrera-gt/,1,compression,9:1
https://www.stuttcars.com/porsche-356a-1500-gs-carrera-gt/,1,power,82 kw / 110 bhp @ 6400 rpm
https://www.stuttcars.com/porsche-356a-1500-gs-carrera-gt/,1,specific output,73.43 bhp per litre
https://www.stuttcars.com/porsche-356a-1500-gs-carrera-gt/,1,bhp/weight,127.32 bhp per tonne
https://www.stuttcars.com/porsche-356a-1500-gs-carrera-gt/,1,torque,118.6 nm / 87.5 ft lbs @ 5200 rpm
https://www.stuttcars.com/porsche-356a-1500-gs-carrera-gt/,1,body / frame,Unit Steel
https://www.stuttcars.com/porsche-356a-1500-gs-carrera-gt/,1,driven wheels,RWD
https://www.stuttcars.com/porsche-356a-1500-gs-carrera-gt/,1,front brakes,550RS Discs w/Cooling Scoops
https://www.stuttcars.com/porsche-356a-1500-gs-carrera-gt/,1,curb weight,863.96 kg / 1903 lbs
https://www.stuttcars.com/porsche-356a-1500-gs-carrera-gt/,1,fuel capacity,79.48 litres or 21 gal
https://www.stuttcars.com/porsche-356a1600gs-carrera-gt-1958-1959/,1,type,Racing Car
https://www.stuttcars.com/porsche-356a1600gs-carrera-gt-1958-1959/,1,production years,1958 – 1959
https://www.stuttcars.com/porsche-356a1600gs-carrera-gt-1958-1959/,1,coachbuilder,Reutter Karosserie
https://www.stuttcars.com/porsche-356a1600gs-carrera-gt-1958-1959/,1,engineers,Klaus von Rücker
https://www.stuttcars.com/porsche-356a1600gs-carrera-gt-1958-1959/,1,engine,Type 692/3 Boxer-4 w/Dry Sump Lubrication
https://www.stuttcars.com/porsche-356a1600gs-carrera-gt-1958-1959/,1,position,"Rear, Longutidinal"
https://www.stuttcars.com/porsche-356a1600gs-carrera-gt-1958-1959/,1,aspiration,Natural
https://www.stuttcars.com/porsche-356a1600gs-carrera-gt-1958-1959/,1,block material,Aluminum
https://www.stuttcars.com/porsche-356a1600gs-carrera-gt-1958-1959/,1,valvetrain,"DOHC, 2 Valves / Cyl"
https://www.stuttcars.com/porsche-356a1600gs-carrera-gt-1958-1959/,1,fuel feed,40 DCM2 Weber Carburetors
https://www.stuttcars.com/porsche-356a1600gs-carrera-gt-1958-1959/,1,displacement,1587 cc / 96.84 in³
https://www.stuttcars.com/porsche-356a1600gs-carrera-gt-1958-1959/,1,bore,87.5 mm / 3.4 in
https://www.stuttcars.com/porsche-356a1600gs-carrera-gt-1958-1959/,1,stroke,66 mm / 2.6 in
https://www.stuttcars.com/porsche-356a1600gs-carrera-gt-1958-1959/,1,compression,9.8:1
https://www.stuttcars.com/porsche-356a1600gs-carrera-gt-1958-1959/,1,power,105.1 kw / 141 bhp @ 6500 rpm
https://www.stuttcars.com/porsche-356a1600gs-carrera-gt-1958-1959/,1,specific output,88.85 bhp per litre
https://www.stuttcars.com/porsche-356a1600gs-carrera-gt-1958-1959/,1,bhp/weight,163.01 bhp per tonne
https://www.stuttcars.com/porsche-356a1600gs-carrera-gt-1958-1959/,1,torque,135.6 nm / 100 ft lbs @ 5200 rpm
https://www.stuttcars.com/porsche-356a1600gs-carrera-gt-1958-1959/,1,body / frame,"Unit Steel w/Aluminum Doors, hood"
https://www.stuttcars.com/porsche-356a1600gs-carrera-gt-1958-1959/,1,driven wheels,RWD
https://www.stuttcars.com/porsche-356a1600gs-carrera-gt-1958-1959/,1,front tires,5.90 – 15 Supersport
https://www.stuttcars.com/porsche-356a1600gs-carrera-gt-1958-1959/,1,rear tires,5.90 – 15 Supersport
https://www.stuttcars.com/porsche-356a1600gs-carrera-gt-1958-1959/,1,curb weight,865 kg / 1907 lbs
https://www.stuttcars.com/porsche-356a1600gs-carrera-gt-1958-1959/,1,wheelbase,2100 mm / 82.7 in
https://www.stuttcars.com/porsche-356a1600gs-carrera-gt-1958-1959/,1,front track,1306 mm / 51.4 in
https://www.stuttcars.com/porsche-356a1600gs-carrera-gt-1958-1959/,1,rear track,1272 mm / 50.1 in
https://www.stuttcars.com/porsche-356a1600gs-carrera-gt-1958-1959/,1,length,3950 mm / 155.5 in
https://www.stuttcars.com/porsche-356a1600gs-carrera-gt-1958-1959/,1,width,1670 mm / 65.7 in
https://www.stuttcars.com/porsche-356a1600gs-carrera-gt-1958-1959/,1,height,1310 mm / 51.6 in
https://www.stuttcars.com/porsche-356a1600gs-carrera-gt-1958-1959/,1,transmission,Type 716 Transaxle
https://www.stuttcars.com/porsche-356a1600gs-carrera-gt-1958-1959/,1,tran clutch,Haussermann Diaphragm-Spring Clutch
https://www.stuttcars.com/porsche-356a1600gs-carrera-gt-1958-1959/,1,top speed,~200 kph / 124.20 mph
https://www.stuttcars.com/porsche-356b1600gs-carrera-gt-coupe/,1,type,Racing Car
https://www.stuttcars.com/porsche-356b1600gs-carrera-gt-coupe/,1,production years,1960 – 1961
https://www.stuttcars.com/porsche-356b1600gs-carrera-gt-coupe/,1,production,49
https://www.stuttcars.com/porsche-356b1600gs-carrera-gt-coupe/,1,price $,"$5,550"
https://www.stuttcars.com/porsche-356b1600gs-carrera-gt-coupe/,1,engine,Air-Cooled Boxer-4
https://www.stuttcars.com/porsche-356b1600gs-carrera-gt-coupe/,1,position,"Rear, Longitudinal"
https://www.stuttcars.com/porsche-356b1600gs-carrera-gt-coupe/,1,aspiration,Natural
https://www.stuttcars.com/porsche-356b1600gs-carrera-gt-coupe/,1,power,85.8 kw / 115 bhp
https://www.stuttcars.com/porsche-356b1600gs-carrera-gt-coupe/,1,bhp/weight,127.78 bhp per tonne
https://www.stuttcars.com/porsche-356b1600gs-carrera-gt-coupe/,1,curb weight,900 kg / 1985 lbs
https://www.stuttcars.com/porsche-356b2000gs-carrera-gt/,1,type,Series Production Car
https://www.stuttcars.com/porsche-356b2000gs-carrera-gt/,1,price $,"$7,595 USD"
https://www.stuttcars.com/porsche-356b2000gs-carrera-gt/,1,engine,Type 587/2 Flat-4
https://www.stuttcars.com/porsche-356b2000gs-carrera-gt/,1,position,Rear
https://www.stuttcars.com/porsche-356b2000gs-carrera-gt/,1,aspiration,Natural
https://www.stuttcars.com/porsche-356b2000gs-carrera-gt/,1,valvetrain,OHV
https://www.stuttcars.com/porsche-356b2000gs-carrera-gt/,1,fuel feed,Weber 46 IDM-2 Carburetors
https://www.stuttcars.com/porsche-356b2000gs-carrera-gt/,1,displacement,1966 cc / 120.0 in³
https://www.stuttcars.com/porsche-356b2000gs-carrera-gt/,1,bore,91.95 mm / 3.62 in
https://www.stuttcars.com/porsche-356b2000gs-carrera-gt/,1,stroke,73.9 mm / 2.91 in
https://www.stuttcars.com/porsche-356b2000gs-carrera-gt/,1,compression,9.8:1
https://www.stuttcars.com/porsche-356b2000gs-carrera-gt/,1,power,126.8 kw / 170 bhp @ 6600 rpm
https://www.stuttcars.com/porsche-356b2000gs-carrera-gt/,1,specific output,86.47 bhp per litre
https://www.stuttcars.com/porsche-356b2000gs-carrera-gt/,1,bhp/weight,187.22 bhp per tonne
https://www.stuttcars.com/porsche-356b2000gs-carrera-gt/,1,redline,7000
https://www.stuttcars.com/porsche-356b2000gs-carrera-gt/,1,body / frame,Unit Steel
https://www.stuttcars.com/porsche-356b2000gs-carrera-gt/,1,driven wheels,RWD
https://www.stuttcars.com/porsche-356b2000gs-carrera-gt/,1,front tires,165-15
https://www.stuttcars.com/porsche-356b2000gs-carrera-gt/,1,rear tires,165-15
https://www.stuttcars.com/porsche-356b2000gs-carrera-gt/,1,front brakes,Porsche ATE Discs
https://www.stuttcars.com/porsche-356b2000gs-carrera-gt/,1,rear brakes,Porsche ATE Discs
https://www.stuttcars.com/porsche-356b2000gs-carrera-gt/,1,curb weight,908 kg / 2000 lbs
https://www.stuttcars.com/porsche-356b2000gs-carrera-gt/,1,wheelbase,2101 mm / 82.7 in
https://www.stuttcars.com/porsche-356b2000gs-carrera-gt/,1,front track,1306 mm / 51.4 in
https://www.stuttcars.com/porsche-356b2000gs-carrera-gt/,1,rear track,1273 mm / 50.1 in
https://www.stuttcars.com/porsche-356b2000gs-carrera-gt/,1,length,4013 mm / 158.0 in
https://www.stuttcars.com/porsche-356b2000gs-carrera-gt/,1,width,1671 mm / 65.8 in
https://www.stuttcars.com/porsche-356b2000gs-carrera-gt/,1,height,1328 mm / 52.3 in
https://www.stuttcars.com/porsche-356b2000gs-carrera-gt/,1,transmission,4-Speed Manual
https://www.stuttcars.com/porsche-356b2000gs-carrera-gt/,1,gear ratios,"3.09:1, 1.77:1, 1.13:1, 0.85:1"
https://www.stuttcars.com/porsche-356b2000gs-carrera-gt/,1,top speed,~209.17 kph / 130 mph
https://www.stuttcars.com/1951-porsche-356-sl-gmund-coupe/,1,submitted by,Richard Owen
https://www.stuttcars.com/1951-porsche-356-sl-gmund-coupe/,1,type,Racing Car
https://www.stuttcars.com/1951-porsche-356-sl-gmund-coupe/,1,built at,"Gmund, Austria"
https://www.stuttcars.com/1951-porsche-356-sl-gmund-coupe/,1,production,9
https://www.stuttcars.com/1951-porsche-356-sl-gmund-coupe/,1,engine,Air-Cooled Boxer-4
https://www.stuttcars.com/1951-porsche-356-sl-gmund-coupe/,1,fuel feed,Twin Solex carburetors
https://www.stuttcars.com/1951-porsche-356-sl-gmund-coupe/,1,displacement,1086 cc / 66.27 in³
https://www.stuttcars.com/1951-porsche-356-sl-gmund-coupe/,1,power,34.3 kw / 46 bhp
https://www.stuttcars.com/1951-porsche-356-sl-gmund-coupe/,1,specific output,42.36 bhp per litre
https://www.stuttcars.com/1951-porsche-356-sl-gmund-coupe/,1,bhp/weight,71.88 bhp per tonne
https://www.stuttcars.com/1951-porsche-356-sl-gmund-coupe/,1,curb weight,640 kg / 1411 lbs
https://www.stuttcars.com/porsche-356a1600-super-gt-speedster/,1,type,Racing Car
https://www.stuttcars.com/porsche-356a1600-super-gt-speedster/,1,production years,1958 – 1959
https://www.stuttcars.com/porsche-356a1600-super-gt-speedster/,1,coachbuilder,Reutter Karosserie
https://www.stuttcars.com/porsche-356a1600-super-gt-speedster/,1,engineers,Klaus von Rücker
https://www.stuttcars.com/porsche-356a1600-super-gt-speedster/,1,production,7
https://www.stuttcars.com/porsche-356a1600-super-gt-speedster/,1,engine,Boxer-4
https://www.stuttcars.com/porsche-356a1600-super-gt-speedster/,1,position,"Rear, Longitudinal"
https://www.stuttcars.com/porsche-356a1600-super-gt-speedster/,1,aspiration,Natural
https://www.stuttcars.com/porsche-356a1600-super-gt-speedster/,1,displacement,1582 cc / 96.54 in³
https://www.stuttcars.com/porsche-356a1600-super-gt-speedster/,1,bore,82.5 mm / 3.2 in
https://www.stuttcars.com/porsche-356a1600-super-gt-speedster/,1,stroke,74 mm / 2.9 in
https://www.stuttcars.com/porsche-356a1600-super-gt-speedster/,1,power,87.2 kw / 117 bhp @ 3700 rpm
https://www.stuttcars.com/porsche-356a1600-super-gt-speedster/,1,specific output,73.96 bhp per litre
https://www.stuttcars.com/porsche-356a1600-super-gt-speedster/,1,bhp/weight,135.26 bhp per tonne
https://www.stuttcars.com/porsche-356a1600-super-gt-speedster/,1,body / frame,"Unit Steel w/Aluminum Doors, hood"
https://www.stuttcars.com/porsche-356a1600-super-gt-speedster/,1,driven wheels,RWD
https://www.stuttcars.com/porsche-356a1600-super-gt-speedster/,1,front tires,5.90 – 15 Supersport
https://www.stuttcars.com/porsche-356a1600-super-gt-speedster/,1,rear tires,5.90 – 15 Supersport
https://www.stuttcars.com/porsche-356a1600-super-gt-speedster/,1,curb weight,865 kg / 1907 lbs
https://www.stuttcars.com/porsche-356a1600-super-gt-speedster/,1,wheelbase,2100 mm / 82.7 in
https://www.stuttcars.com/porsche-356a1600-super-gt-speedster/,1,front track,1306 mm / 51.4 in
https://www.stuttcars.com/porsche-356a1600-super-gt-speedster/,1,rear track,1272 mm / 50.1 in
https://www.stuttcars.com/porsche-356a1600-super-gt-speedster/,1,length,3950 mm / 155.5 in
https://www.stuttcars.com/porsche-356a1600-super-gt-speedster/,1,width,1670 mm / 65.7 in
https://www.stuttcars.com/porsche-356a1600-super-gt-speedster/,1,height,1310 mm / 51.6 in
https://www.stuttcars.com/porsche-356a1600-super-gt-speedster/,1,transmission,Type 716 Transaxle
https://www.stuttcars.com/porsche-356a1600-super-gt-speedster/,1,tran clutch,Haussermann Diaphragm-Spring Clutch
https://www.stuttcars.com/porsche-356a1600-super-gt-speedster/,1,top speed,~200 kph / 124.20 mph
https://www.stuttcars.com/porsche-356b1600-super-90-gt-coupe/,1,type,Series Production Car
https://www.stuttcars.com/porsche-356b1600-super-90-gt-coupe/,1,built at,Stuttgart
https://www.stuttcars.com/porsche-356b1600-super-90-gt-coupe/,1,production,20
https://www.stuttcars.com/porsche-356b1600-super-90-gt-coupe/,1,engine,Super 90 616/7 Flat-4
https://www.stuttcars.com/porsche-356b1600-super-90-gt-coupe/,1,power,64.1 kw / 86 bhp @ 5500 rpm
https://www.stuttcars.com/porsche-356b1600-super-90-gt-coupe/,1,bhp/weight,94.71 bhp per tonne
https://www.stuttcars.com/porsche-356b1600-super-90-gt-coupe/,1,torque,120.7 nm / 89 ft lbs @ 4300 rpm
https://www.stuttcars.com/porsche-356b1600-super-90-gt-coupe/,1,redline,6000
https://www.stuttcars.com/porsche-356b1600-super-90-gt-coupe/,1,curb weight,908 kg / 2000 lbs
https://www.stuttcars.com/porsche-356b1600-super-90-gt-coupe/,1,top speed,~176.99 kph / 110 mph
https://www.stuttcars.com/porsche-356b1600-super-90-gt-coupe/,1,0 – 60 mph,~11.5 seconds
https://www.stuttcars.com/porsche-356b1600-super-90-gt-coupe/,1,0 – 1/4 mile,~18.0 seconds
https://www.stuttcars.com/porsche-356b1600-super-90-gt-coupe/,1,fuel capacity,50 litres or 13.20 gal.
https://www.stuttcars.com/porsche-abarth-356b-carrera-gtl/,1,type,Racing Car
https://www.stuttcars.com/porsche-abarth-356b-carrera-gtl/,1,body stylist,Franco Scaglione
https://www.stuttcars.com/porsche-abarth-356b-carrera-gtl/,1,coachbuilder,Abarth
https://www.stuttcars.com/porsche-abarth-356b-carrera-gtl/,1,engine,Type 692/3a Air Cooled Flat-4 w/Dry Sump Lubrication
https://www.stuttcars.com/porsche-abarth-356b-carrera-gtl/,1,position,"Rear, Longitudinal"
https://www.stuttcars.com/porsche-abarth-356b-carrera-gtl/,1,aspiration,Natural
https://www.stuttcars.com/porsche-abarth-356b-carrera-gtl/,1,block material,Aluminum
https://www.stuttcars.com/porsche-abarth-356b-carrera-gtl/,1,valvetrain,"DOHC, 2 Valves per Cyl"
https://www.stuttcars.com/porsche-abarth-356b-carrera-gtl/,1,fuel feed,Solex 44 PII-4 Carburetors
https://www.stuttcars.com/porsche-abarth-356b-carrera-gtl/,1,displacement,1582 cc / 96.5 in³
https://www.stuttcars.com/porsche-abarth-356b-carrera-gtl/,1,bore,87.5 mm / 3.4 in
https://www.stuttcars.com/porsche-abarth-356b-carrera-gtl/,1,stroke,66 mm / 2.6 in
https://www.stuttcars.com/porsche-abarth-356b-carrera-gtl/,1,compression,7.5:1
https://www.stuttcars.com/porsche-abarth-356b-carrera-gtl/,1,power,123.0 kw / 165 bhp @ 7400 rpm
https://www.stuttcars.com/porsche-abarth-356b-carrera-gtl/,1,specific output,104.3 bhp per litre
https://www.stuttcars.com/porsche-abarth-356b-carrera-gtl/,1,body / frame,Aluminum Body over Steel Frame
https://www.stuttcars.com/porsche-abarth-356b-carrera-gtl/,1,driven wheels,RWD
https://www.stuttcars.com/porsche-abarth-356b-carrera-gtl/,1,wheel type,Aluminum with Steel Hub
https://www.stuttcars.com/porsche-abarth-356b-carrera-gtl/,1,top speed,~231.70 kph / 144 mph
https://www.stuttcars.com/porsche-abarth-356b-carrera-gtl/,1,0 – 60 mph,~8.9 seconds
https://www.stuttcars.com/porsche-panamera-sport-turismo-2012/,1,submitted by,admin
https://www.stuttcars.com/porsche-panamera-sport-turismo-2012/,1,type,Concept / Prototype Car
https://www.stuttcars.com/porsche-panamera-sport-turismo-2012/,1,released at,2012 Paris Motor Show
https://www.stuttcars.com/porsche-panamera-sport-turismo-2012/,1,production,1
https://www.stuttcars.com/porsche-panamera-sport-turismo-2012/,1,engine,Parallel full hybrid w/V6
https://www.stuttcars.com/porsche-panamera-sport-turismo-2012/,1,power,306 kw / 410.3 bhp
https://www.stuttcars.com/porsche-panamera-sport-turismo-2012/,1,f suspension,Double Wishbones
https://www.stuttcars.com/porsche-panamera-sport-turismo-2012/,1,r suspension,Multi-Link
https://www.stuttcars.com/porsche-panamera-sport-turismo-2012/,1,length,4950 mm / 194.9 in
https://www.stuttcars.com/porsche-panamera-sport-turismo-2012/,1,width,1990 mm / 78.3 in
https://www.stuttcars.com/porsche-panamera-sport-turismo-2012/,1,height,1401 mm / 55.2 in
https://www.stuttcars.com/porsche-panamera-sport-turismo-2012/,1,0 – 100 kph,~6.0 seconds
https://www.stuttcars.com/porsche-panamera-sport-turismo-2012/,1,emission,82 g/km
https://www.stuttcars.com/porsche-taycan-turbo-2020/,1,make,Porsche
https://www.stuttcars.com/porsche-taycan-turbo-2020/,1,model,Taycan
https://www.stuttcars.com/porsche-taycan-turbo-2020/,1,sub-model,Turbo and Turbo S
https://www.stuttcars.com/porsche-taycan-turbo-2020/,1,car type,Four-door
https://www.stuttcars.com/porsche-taycan-turbo-2020/,1,category,Production Car
https://www.stuttcars.com/porsche-taycan-turbo-2020/,1,built at,"Stuttgart, Germany"
https://www.stuttcars.com/porsche-taycan-turbo-2020/,1,introduced,2020
https://www.stuttcars.com/porsche-taycan-turbo-2020/,1,base price (usd),"$150,900"
https://www.stuttcars.com/porsche-taycan-turbo-2020/,2,curb weight,2322.8 kg (5121 lbs)
https://www.stuttcars.com/porsche-taycan-turbo-2020/,2,layout,"Electric, All-wheel Drive, 4-door Estate"
https://www.stuttcars.com/porsche-taycan-turbo-2020/,2,body / frame,Unitary Steel & Aluminum Monocoque w/ Aluminum Hood
https://www.stuttcars.com/porsche-taycan-turbo-2020/,2,suspension (f),"Aluminum double-wishbone front axle, Anti-Roll Bar, Adaptive air suspension incl. PASM"
https://www.stuttcars.com/porsche-taycan-turbo-2020/,2,suspension (r),"Aluminum multi-link rear axle, Anti-Roll Bar, Adaptive air suspension incl. PASM"
https://www.stuttcars.com/porsche-taycan-turbo-2020/,2,brakes,"Ten-piston, aluminum monobloc fixed caliper brakes at the front with 415-millimeter rotors at the front and four-piston aluminum calipers with 365-millimeter rotors at the rear."
https://www.stuttcars.com/porsche-taycan-turbo-2020/,2,tires,F: 245/45 R 20 R: 285/40 R 20
https://www.stuttcars.com/porsche-taycan-turbo-2020/,2,transmission,2-speed automatic
https://www.stuttcars.com/porsche-taycan-turbo-2020/,3,motor,2 AC synchronous electric motors (front and rear axle)
https://www.stuttcars.com/porsche-taycan-turbo-2020/,3,battery,93.4 kWh liquid-cooled lithium-ion
https://www.stuttcars.com/porsche-taycan-turbo-2020/,3,range,463 km or 287 mi (max)
https://www.stuttcars.com/porsche-taycan-turbo-2020/,3,power (hp),hp
https://www.stuttcars.com/porsche-taycan-turbo-2020/,3,torque,lb-ft
https://www.stuttcars.com/porsche-taycan-turbo-2020/,3,0-60 mph time,2.6 seconds (Turbo S)
https://www.stuttcars.com/porsche-taycan-turbo-2020/,3,0-100 km/h time,2.8 seconds (Tubro S)
https://www.stuttcars.com/porsche-taycan-turbo-2020/,3,¼ mile time,10.8 seconds
https://www.stuttcars.com/porsche-taycan-turbo-2020/,3,top speed,160 mph
https://www.stuttcars.com/porsche-taycan-turbo-s-2020/,1,make,Porsche
https://www.stuttcars.com/porsche-taycan-turbo-s-2020/,1,model,Taycan
https://www.stuttcars.com/porsche-taycan-turbo-s-2020/,1,sub-model,Turbo and Turbo S
https://www.stuttcars.com/porsche-taycan-turbo-s-2020/,1,car type,Four-door
https://www.stuttcars.com/porsche-taycan-turbo-s-2020/,1,category,Production Car
https://www.stuttcars.com/porsche-taycan-turbo-s-2020/,1,built at,"Stuttgart, Germany"
https://www.stuttcars.com/porsche-taycan-turbo-s-2020/,1,introduced,2020
https://www.stuttcars.com/porsche-taycan-turbo-s-2020/,1,base price (usd),"$150,900"
https://www.stuttcars.com/porsche-taycan-turbo-s-2020/,2,curb weight,2322.8 kg (5121 lbs)
https://www.stuttcars.com/porsche-taycan-turbo-s-2020/,2,layout,"Electric, All-wheel Drive, 4-door Estate"
https://www.stuttcars.com/porsche-taycan-turbo-s-2020/,2,body / frame,Unitary Steel & Aluminum Monocoque w/ Aluminum Hood
https://www.stuttcars.com/porsche-taycan-turbo-s-2020/,2,suspension (f),"Aluminum double-wishbone front axle, Anti-Roll Bar, Adaptive air suspension incl. PASM"
https://www.stuttcars.com/porsche-taycan-turbo-s-2020/,2,suspension (r),"Aluminum multi-link rear axle, Anti-Roll Bar, Adaptive air suspension incl. PASM"
https://www.stuttcars.com/porsche-taycan-turbo-s-2020/,2,brakes,"Ten-piston, aluminum monobloc fixed caliper brakes at the front with 415-millimeter rotors at the front and four-piston aluminum calipers with 365-millimeter rotors at the rear."
https://www.stuttcars.com/porsche-taycan-turbo-s-2020/,2,tires,F: 245/45 R 20 R: 285/40 R 20
https://www.stuttcars.com/porsche-taycan-turbo-s-2020/,2,transmission,2-speed automatic
https://www.stuttcars.com/porsche-taycan-turbo-s-2020/,3,motor,2 AC synchronous electric motors (front and rear axle)
https://www.stuttcars.com/porsche-taycan-turbo-s-2020/,3,battery,93.4 kWh liquid-cooled lithium-ion
https://www.stuttcars.com/porsche-taycan-turbo-s-2020/,3,range,463 km or 287 mi (max)
https://www.stuttcars.com/porsche-taycan-turbo-s-2020/,3,power (hp),hp
https://www.stuttcars.com/porsche-taycan-turbo-s-2020/,3,torque,lb-ft
https://www.stuttcars.com/porsche-taycan-turbo-s-2020/,3,0-60 mph time,2.6 seconds (Turbo S)
https://www.stuttcars.com/porsche-taycan-turbo-s-2020/,3,0-100 km/h time,2.8 seconds (Tubro S)
https://www.stuttcars.com/porsche-taycan-turbo-s-2020/,3,¼ mile time,10.8 seconds
https://www.stuttcars.com/porsche-taycan-turbo-s-2020/,3,top speed,160 mph
https://www.stuttcars.com/1952-porsche-glockler-356-roadster/,1,submitted by,Richard Owen
https://www.stuttcars.com/1952-porsche-glockler-356-roadster/,1,type,Racing Car
https://www.stuttcars.com/1952-porsche-glockler-356-roadster/,1,built at,"Frankfurt, Germany"
https://www.stuttcars.com/1952-porsche-glockler-356-roadster/,1,coachbuilder,Weidenhausen
https://www.stuttcars.com/1952-porsche-glockler-356-roadster/,1,engineers,Hermann Ramelow
https://www.stuttcars.com/1952-porsche-glockler-356-roadster/,1,production,1
https://www.stuttcars.com/1952-porsche-glockler-356-roadster/,1,engine,Air Cooled Flat-4
https://www.stuttcars.com/1952-porsche-glockler-356-roadster/,1,displacement,1488 cc / 90.80 in³
https://www.stuttcars.com/1952-porsche-glockler-356-roadster/,1,power,64.1 kw / 86 bhp
https://www.stuttcars.com/1952-porsche-glockler-356-roadster/,1,specific output,57.8 bhp per litre
https://www.stuttcars.com/1952-porsche-glockler-356-roadster/,1,bhp/weight,167.32 bhp per tonne
https://www.stuttcars.com/1952-porsche-glockler-356-roadster/,1,body / frame,Aluminum body over 356 Unitary Steel Monocoque
https://www.stuttcars.com/1952-porsche-glockler-356-roadster/,1,driven wheels,RWD
https://www.stuttcars.com/1952-porsche-glockler-356-roadster/,1,r suspension,Trailing Arms
https://www.stuttcars.com/1952-porsche-glockler-356-roadster/,1,curb weight,514 kg / 1133 lbs
https://www.stuttcars.com/1952-porsche-glockler-356-roadster/,1,transmission,4-Speed Manual
https://www.stuttcars.com/porsche-mission-e-cross-turismo-concept/,1,porsche mission e cross turismo technical information,Porsche Mission E Cross Turismo Technical Information
https://www.stuttcars.com/porsche-mission-e-cross-turismo-concept/,1,propulsion,Two permanently excited synchronous motors
https://www.stuttcars.com/porsche-mission-e-cross-turismo-concept/,1,electric motor output,600 hp / 440 kW
https://www.stuttcars.com/porsche-mission-e-cross-turismo-concept/,1,drive type,Demand-Controlled All-Wheel Drive
https://www.stuttcars.com/porsche-mission-e-cross-turismo-concept/,1,acceleration (0-100 kmh),3.5 seconds
https://www.stuttcars.com/porsche-mission-e-cross-turismo-concept/,1,acceleration (0-200 kmh),< 12 seconds
https://www.stuttcars.com/porsche-mission-e-cross-turismo-concept/,1,length,194.8 inches
https://www.stuttcars.com/porsche-mission-e-cross-turismo-concept/,1,width,78.3 inches
https://www.stuttcars.com/porsche-mission-e-cross-turismo-concept/,1,vehicle height,55.9 inches
https://www.stuttcars.com/porsche-mission-e-cross-turismo-concept/,1,wheel size,20 inch
https://www.stuttcars.com/porsche-mission-e-cross-turismo-concept/,1,tire size,274/40 R20
https://www.stuttcars.com/1987-porsche-928-h50/,1,submitted by,Richard Owen
https://www.stuttcars.com/1987-porsche-928-h50/,1,type,Series Production Car
https://www.stuttcars.com/1987-porsche-928-h50/,1,built at,Germany
https://www.stuttcars.com/1987-porsche-928-h50/,1,production,2
https://www.stuttcars.com/1987-porsche-928-h50/,1,engine,V8
https://www.stuttcars.com/1987-porsche-928-h50/,1,valvetrain,DOHC 4 valves / cyl
https://www.stuttcars.com/1987-porsche-928-h50/,1,displacement,4957 cc / 302.5 in³
https://www.stuttcars.com/1987-porsche-928-h50/,1,bore,100.0 mm / 3.94 in
https://www.stuttcars.com/1987-porsche-928-h50/,1,stroke,78.9 mm / 3.11 in
https://www.stuttcars.com/1987-porsche-928-h50/,1,compression,10.0:1
https://www.stuttcars.com/1987-porsche-928-h50/,1,power,235.6 kw / 315.9 bhp @ 6000 rpm
https://www.stuttcars.com/1987-porsche-928-h50/,1,specific output,63.73 bhp per litre
https://www.stuttcars.com/1987-porsche-928-h50/,1,bhp/weight,190.3 bhp per tonne
https://www.stuttcars.com/1987-porsche-928-h50/,1,torque,429.8 nm / 317.0 ft lbs @ 3000 rpm
https://www.stuttcars.com/1987-porsche-928-h50/,1,body / frame,Unit Steel
https://www.stuttcars.com/1987-porsche-928-h50/,1,driven wheels,Front Engine / RWD
https://www.stuttcars.com/1987-porsche-928-h50/,1,front tires,225/50VR-16
https://www.stuttcars.com/1987-porsche-928-h50/,1,rear tires,245/45VR-16
https://www.stuttcars.com/1987-porsche-928-h50/,1,front brakes,Vented Discs w/ Vacuum Assist
https://www.stuttcars.com/1987-porsche-928-h50/,1,front wheels,F 40.6 x 17.8 cm / 16.0 x 7.0 in
https://www.stuttcars.com/1987-porsche-928-h50/,1,rear wheels,R 40.6 x 20.3 cm / 16.0 x 8.0 in
https://www.stuttcars.com/1987-porsche-928-h50/,1,steering,Rack & Pinion w/ Power Assist
https://www.stuttcars.com/1987-porsche-928-h50/,1,curb weight,1660 kg / 3660 lbs
https://www.stuttcars.com/1987-porsche-928-h50/,1,wheelbase,2499 mm / 98.4 in
https://www.stuttcars.com/1987-porsche-928-h50/,1,front track,1552 mm / 61.1 in
https://www.stuttcars.com/1987-porsche-928-h50/,1,rear track,1547 mm / 60.9 in
https://www.stuttcars.com/1987-porsche-928-h50/,1,length,4524 mm / 178.1 in
https://www.stuttcars.com/1987-porsche-928-h50/,1,width,1836 mm / 72.3 in
https://www.stuttcars.com/1987-porsche-928-h50/,1,height,1283 mm / 50.5 in
https://www.stuttcars.com/1987-porsche-928-h50/,1,transmission,4-Speed Auto
https://www.stuttcars.com/1987-porsche-928-h50/,1,gear ratios,"4.07:1, 2.71:1, 1.93:1, 1.46:1, 1.00:1"
https://www.stuttcars.com/1987-porsche-928-h50/,1,final drive,2.20:1
https://www.stuttcars.com/porsche-959-gruppe-b/,1,type,Concept / Prototype Car
https://www.stuttcars.com/porsche-959-gruppe-b/,1,released at,1983 Frankfurt Motor Show
https://www.stuttcars.com/porsche-959-gruppe-b/,1,built at,"Stuttgart, Germany"
https://www.stuttcars.com/porsche-959-gruppe-b/,1,production,1
https://www.stuttcars.com/porsche-959-gruppe-b/,1,engine,V6
https://www.stuttcars.com/porsche-959-gruppe-b/,1,position,Rear
https://www.stuttcars.com/porsche-959-gruppe-b/,1,aspiration,Turbocharger
https://www.stuttcars.com/porsche-959-gruppe-b/,1,block material,Cast iron
https://www.stuttcars.com/porsche-959-gruppe-b/,1,valvetrain,4 valves per cylinder
https://www.stuttcars.com/porsche-959-gruppe-b/,1,fuel feed,Injection
https://www.stuttcars.com/porsche-959-gruppe-b/,1,displacement,2850 cc / 173.92 in³
https://www.stuttcars.com/porsche-959-gruppe-b/,1,power,335.6 kw / 450 bhp @ 6500 rpm
https://www.stuttcars.com/porsche-959-gruppe-b/,1,specific output,157.89 bhp per litre
https://www.stuttcars.com/porsche-959-gruppe-b/,1,body / frame,Aluminium/Plastic Composites
https://www.stuttcars.com/porsche-959-gruppe-b/,1,driven wheels,4WD
https://www.stuttcars.com/porsche-959-gruppe-b/,1,front brakes,Discs
https://www.stuttcars.com/porsche-959-gruppe-b/,1,rear brakes,Discs
https://www.stuttcars.com/porsche-959-gruppe-b/,1,transmission,6-Speed Manual
https://www.stuttcars.com/porsche-959-gruppe-b/,1,top speed,~316.97 kph / 197 mph
https://www.stuttcars.com/porsche-959-gruppe-b/,1,0 – 60 mph,~3.6 seconds
https://www.stuttcars.com/porsche-959-gruppe-b/,1,0 – 100 mph,~8.5 seconds
https://www.stuttcars.com/1973-porsche-911-turbo-prototype/,1,submitted by,anonymous
https://www.stuttcars.com/1973-porsche-911-turbo-prototype/,1,type,Concept / Prototype Car
https://www.stuttcars.com/1973-porsche-911-turbo-prototype/,1,released at,1973 Paris Motor Show
https://www.stuttcars.com/1973-porsche-911-turbo-prototype/,1,built at,Germany
https://www.stuttcars.com/1973-porsche-911-turbo-prototype/,1,production,1
https://www.stuttcars.com/1973-porsche-911-turbo-prototype/,1,engine,Flat-6
https://www.stuttcars.com/1973-porsche-911-turbo-prototype/,1,position,"Rear, Longitudinal"
https://www.stuttcars.com/1973-porsche-911-turbo-prototype/,1,aspiration,Turbocharged
https://www.stuttcars.com/1973-porsche-911-turbo-prototype/,1,valvetrain,"SOHC, 2 Valves per Cyl"
https://www.stuttcars.com/1973-porsche-911-turbo-prototype/,1,fuel feed,Bosch Mechanical Fuel Injection
https://www.stuttcars.com/1973-porsche-911-turbo-prototype/,1,displacement,2993 cc / 182.64 in³
https://www.stuttcars.com/1973-porsche-911-turbo-prototype/,1,bore,95 mm / 3.7 in
https://www.stuttcars.com/1973-porsche-911-turbo-prototype/,1,stroke,70.4 mm / 2.8 in
https://www.stuttcars.com/1973-porsche-911-turbo-prototype/,1,compression,10.5:1
https://www.stuttcars.com/1973-porsche-911-turbo-prototype/,1,body / frame,Unitary Steel Monocoque
https://www.stuttcars.com/1973-porsche-911-turbo-prototype/,1,driven wheels,RWD
https://www.stuttcars.com/1973-porsche-911-turbo-prototype/,1,front brakes,Ventilated Discs
https://www.stuttcars.com/1973-porsche-911-turbo-prototype/,1,rear brakes,Ventilated Discs
https://www.stuttcars.com/1973-porsche-911-turbo-prototype/,1,steering,Rack & Pinion
https://www.stuttcars.com/1973-porsche-911-turbo-prototype/,1,f suspension,"McPherson Struts w/Torsion bars, Bilstein Shock Absorbers"
https://www.stuttcars.com/1973-porsche-911-turbo-prototype/,1,r suspension,"Trailing arms w/Transverse torsion bars, Bilstein Shock Absorbers"
https://www.stuttcars.com/1973-porsche-911-turbo-prototype/,1,curb weight,900 kg / 1985 lbs
https://www.stuttcars.com/1973-porsche-911-turbo-prototype/,1,transmission,5-Speed Manual
https://www.stuttcars.com/porsche-917-16-cylinder-prototype/,1,engine,Prototype Flat-16
https://www.stuttcars.com/porsche-917-16-cylinder-prototype/,1,position,Mid Longitudinal
https://www.stuttcars.com/porsche-917-16-cylinder-prototype/,1,aspiration,Natural
https://www.stuttcars.com/porsche-917-16-cylinder-prototype/,1,valvetrain,DOHC 2 Valves per Cyl
https://www.stuttcars.com/porsche-917-16-cylinder-prototype/,1,fuel feed,Bosch Fuel injection
https://www.stuttcars.com/porsche-917-16-cylinder-prototype/,1,displacement,6700 cc / 408.9 in³
https://www.stuttcars.com/porsche-917-16-cylinder-prototype/,1,bore,86.8 mm / 3.42 in
https://www.stuttcars.com/porsche-917-16-cylinder-prototype/,1,stroke,70.4 mm / 2.77 in
https://www.stuttcars.com/porsche-917-16-cylinder-prototype/,1,compression,10.5:1
https://www.stuttcars.com/porsche-917-16-cylinder-prototype/,1,power,626.4 kw / 840 bhp @ 8300 rpm
https://www.stuttcars.com/porsche-917-16-cylinder-prototype/,1,specific output,125.37 bhp per litre
https://www.stuttcars.com/porsche-917-16-cylinder-prototype/,1,redline,8500
https://www.stuttcars.com/porsche-917-16-cylinder-prototype/,1,body / frame,Body over Tubular Frame
https://www.stuttcars.com/porsche-917-16-cylinder-prototype/,1,front brakes,Vented Discs
https://www.stuttcars.com/porsche-917-16-cylinder-prototype/,1,rear brakes,Vented Discs
https://www.stuttcars.com/porsche-917-16-cylinder-prototype/,1,steering,Rack & Pinion
https://www.stuttcars.com/porsche-917-16-cylinder-prototype/,1,f suspension,Wishbones
https://www.stuttcars.com/porsche-917-16-cylinder-prototype/,1,r suspension,Wishbones
https://www.stuttcars.com/porsche-916-concept/,1,submitted by,Richard Owen
https://www.stuttcars.com/porsche-916-concept/,1,price $,Prototype
https://www.stuttcars.com/porsche-916-concept/,1,engine,Flat 6
https://www.stuttcars.com/porsche-916-concept/,1,valvetrain,SOHC
https://www.stuttcars.com/porsche-916-concept/,1,displacement,2341 cc / 142.9 in³
https://www.stuttcars.com/porsche-916-concept/,1,bore,84.0 mm / 3.31 in
https://www.stuttcars.com/porsche-916-concept/,1,stroke,70.4 mm / 2.77 in
https://www.stuttcars.com/porsche-916-concept/,1,compression,8.5:1
https://www.stuttcars.com/porsche-916-concept/,1,power,141.7 kw / 190.0 bhp @ 6500 rpm
https://www.stuttcars.com/porsche-916-concept/,1,specific output,81.16 bhp per litre
https://www.stuttcars.com/porsche-916-concept/,1,bhp/weight,bhp per tonne
https://www.stuttcars.com/porsche-916-concept/,1,torque,215.6 nm / 159.0 ft lbs @ 5200 rpm
https://www.stuttcars.com/porsche-916-concept/,1,body / frame,Unit Steel
https://www.stuttcars.com/porsche-916-concept/,1,front tires,185/70-15
https://www.stuttcars.com/porsche-916-concept/,1,rear tires,185/70-15
https://www.stuttcars.com/porsche-916-concept/,1,front brakes,Vented Discs w/ Vacuum Assist
https://www.stuttcars.com/porsche-916-concept/,1,f brake size,x 282 mm / x 11.1 in
https://www.stuttcars.com/porsche-916-concept/,1,r brake size,x 290 mm / x 11.4 in
https://www.stuttcars.com/porsche-916-concept/,1,front wheels,F 38.1 x 17.8 cm / 15.0 x 7.0 in
https://www.stuttcars.com/porsche-916-concept/,1,rear wheels,R 38.1 x 17.8 cm / 15.0 x 7.0 in
https://www.stuttcars.com/porsche-916-concept/,1,steering,Rack & Pinion
https://www.stuttcars.com/porsche-916-concept/,1,curb weight,907 kg / 2000 lbs
https://www.stuttcars.com/porsche-916-concept/,1,wheelbase,2449 mm / 96.4 in
https://www.stuttcars.com/porsche-916-concept/,1,front track,1387 mm / 54.6 in
https://www.stuttcars.com/porsche-916-concept/,1,rear track,1481 mm / 58.3 in
https://www.stuttcars.com/porsche-916-concept/,1,length,3985 mm / 156.9 in
https://www.stuttcars.com/porsche-916-concept/,1,width,1735 mm / 68.3 in
https://www.stuttcars.com/porsche-916-concept/,1,height,1219 mm / 48.0 in
https://www.stuttcars.com/porsche-916-concept/,1,transmission,5-Speed Manual
https://www.stuttcars.com/porsche-916-concept/,1,gear ratios,"3.18:1, 1.83:1, 1.26:1, 0.962:1, 0.759:1, :1"
https://www.stuttcars.com/porsche-916-concept/,1,final drive,4.43:1
https://www.stuttcars.com/porsche-tapiro-concept/,1,submitted by,Richard Owen
https://www.stuttcars.com/porsche-tapiro-concept/,1,engine,Flat-6
https://www.stuttcars.com/porsche-tapiro-concept/,1,displacement,2400 cc / 146.5 in³
https://www.stuttcars.com/porsche-tapiro-concept/,1,power,164.1 kw / 220.1 bhp @ 7800 rpm
https://www.stuttcars.com/porsche-tapiro-concept/,1,specific output,91.71 bhp per litre
https://www.stuttcars.com/porsche-tapiro-concept/,1,bhp/weight,bhp per tonne
https://www.stuttcars.com/porsche-tapiro-concept/,1,driven wheels,Mid Engine / RWD
https://www.stuttcars.com/porsche-tapiro-concept/,1,f brake size,mm / in
https://www.stuttcars.com/porsche-tapiro-concept/,1,r brake size,mm / in
https://www.stuttcars.com/porsche-tapiro-concept/,1,wheelbase,2450 mm / 96.5 in
https://www.stuttcars.com/porsche-tapiro-concept/,1,front track,1380 mm / 54.3 in
https://www.stuttcars.com/porsche-tapiro-concept/,1,rear track,1460 mm / 57.5 in
https://www.stuttcars.com/porsche-tapiro-concept/,1,length,4060 mm / 159.8 in
https://www.stuttcars.com/porsche-tapiro-concept/,1,width,1760 mm / 69.3 in
https://www.stuttcars.com/porsche-tapiro-concept/,1,height,1110 mm / 43.7 in
https://www.stuttcars.com/porsche-tapiro-concept/,1,gear ratios,:1
https://www.stuttcars.com/porsche-919-hybrid-2016/,2,2015 manufacturers,Championship
https://www.stuttcars.com/porsche-919-hybrid-2016/,2,1. porsche,324 points (344 points in 2015)
https://www.stuttcars.com/porsche-919-hybrid-2016/,2,2. audi,266 points (264 points in 2015)
https://www.stuttcars.com/porsche-919-hybrid-2016/,2,3. toyota,229 points (164 points in 2015)
https://www.stuttcars.com/porsche-919-hybrid-2016/,3,"1. marc lieb, neel jani, romain dumas (porsche)",160.0 points
https://www.stuttcars.com/porsche-919-hybrid-2016/,3,"2. loic duval, lucas di grassi, oliver jarvis (audi)",147.5 points
https://www.stuttcars.com/porsche-919-hybrid-2016/,3,"3. stéphane sarrazin, mike conway, kamui kobayashi (toyota)",145.0 points
https://www.stuttcars.com/porsche-919-hybrid-2015/,2,919 #17 (wrapped red for le mans),919 #18 (wrapped black for Le Mans)
https://www.stuttcars.com/porsche-919-hybrid-2015/,2,timo bernhard / brendon hartley / mark webber,Romain Dumas / Neel Jani / Marc Lieb
https://www.stuttcars.com/porsche-919-hybrid-2015/,3,april 12,Silverstone
https://www.stuttcars.com/porsche-919-hybrid-2015/,3,may 2,Spa-Francorchamps
https://www.stuttcars.com/porsche-919-hybrid-2015/,3,june 13-14,Le Mans
https://www.stuttcars.com/porsche-919-hybrid-2015/,3,august 30,Nürburgring
https://www.stuttcars.com/porsche-919-hybrid-2015/,3,september 19,Circuit of the Americas
https://www.stuttcars.com/porsche-919-hybrid-2015/,3,october 11,Fuji
https://www.stuttcars.com/porsche-919-hybrid-2015/,3,november 1,Shanghai
https://www.stuttcars.com/porsche-919-hybrid-2015/,3,november 21,Bahrain
https://www.stuttcars.com/porsche-919-hybrid-2015/,5,2015 manufacturers,Championship
https://www.stuttcars.com/porsche-919-hybrid-2015/,5,1. porsche,344 points
https://www.stuttcars.com/porsche-919-hybrid-2015/,5,2. audi,264 points
https://www.stuttcars.com/porsche-919-hybrid-2015/,5,3. toyota,164 points
https://www.stuttcars.com/porsche-919-hybrid-2015/,6,"1. timo bernhard, mark webber, brendon hartley (porsche)",166.0 points
https://www.stuttcars.com/porsche-919-hybrid-2015/,6,"2. andré lotterer, marcel fässler, benoît tréluyer (audi)",161.0 points
https://www.stuttcars.com/porsche-919-hybrid-2015/,6,"3. marc lieb, romain dumas, neel jani (porsche)",138.5 points
https://www.stuttcars.com/porsche-919-hybrid-2014/,2,1,#7 Toyota TS040 Hybrid
https://www.stuttcars.com/porsche-919-hybrid-2014/,2,2,#1 Audi R18 e-tron quattro
https://www.stuttcars.com/porsche-919-hybrid-2014/,2,3,#14 Porsche 919 Hybrid
https://www.stuttcars.com/porsche-919-hybrid-2014/,3,"june 14, 15:03",Toyota TS040 hybrid #7
https://www.stuttcars.com/porsche-919-hybrid-2014/,3,"june 14, 17:50",Porsche 919 hybrid #20
https://www.stuttcars.com/porsche-919-hybrid-2014/,3,"june 14, 18:17",Toyota TS040 hybrid #7
https://www.stuttcars.com/porsche-919-hybrid-2014/,3,"june 14, 18:30",Porsche 919 hybrid #20
https://www.stuttcars.com/porsche-919-hybrid-2014/,3,"june 14, 19:01",Toyota TS040 hybrid #7
https://www.stuttcars.com/porsche-919-hybrid-2014/,3,"june 15, 04:59",Audi R18 e-tron #2
https://www.stuttcars.com/porsche-919-hybrid-2014/,3,"june 15, 07:07",Audi R18 e-tron #1
https://www.stuttcars.com/porsche-919-hybrid-2014/,3,"june 15, 11:20",Porsche 919 hybrid #20
https://www.stuttcars.com/porsche-919-hybrid-2014/,3,"june 15, 12:36",Audi R18 e-tron #2
https://www.stuttcars.com/porsche-919-hybrid-2014/,4,toyota ts040 hybrid #7,"3:21,789 (1.)"
https://www.stuttcars.com/porsche-919-hybrid-2014/,4,porsche 919 hybrid #14,"3:22,146 (2.)"
https://www.stuttcars.com/porsche-919-hybrid-2014/,4,toyota ts040 hybrid #8,"3:22,523 (3.)"
https://www.stuttcars.com/porsche-919-hybrid-2014/,4,porsche 919 hybrid #20,"3:22,908 (4.)"
https://www.stuttcars.com/porsche-919-hybrid-2014/,4,audi r18 e-tron #3,"3:23,271 (5.)"
https://www.stuttcars.com/porsche-919-hybrid-2014/,4,audi r18 e-tron #2,"3:24,276 (6.)"
https://www.stuttcars.com/porsche-919-hybrid-2014/,4,audi r18 e-tron #1,"3:25,814 (7.)"
https://www.stuttcars.com/porsche-919-hybrid-2014/,5,1. dumas/jani/lieb,Porsche 919 Hybrid
https://www.stuttcars.com/porsche-919-hybrid-2014/,5,2. davidson/buemi,Toyota TS040 Hybrid
https://www.stuttcars.com/porsche-919-hybrid-2014/,5,3. di grassi/duval/kristensen,Audi R18 e-tron quattro
https://www.stuttcars.com/porsche-919-hybrid-2014/,5,4. wurz/sarrazin/conway,Toyota TS040 Hybrid
https://www.stuttcars.com/porsche-919-hybrid-2014/,5,5. fässler/lotterer/tréluyer,Audi R18 e-tron quattro
https://www.stuttcars.com/porsche-919-hybrid-2014/,6,1. toyota,289 points
https://www.stuttcars.com/porsche-919-hybrid-2014/,6,2. audi,244 points
https://www.stuttcars.com/porsche-919-hybrid-2014/,6,3. porsche,193 points
https://www.stuttcars.com/1991-koenig-specials-c62/,1,type,Series Production Car
https://www.stuttcars.com/1991-koenig-specials-c62/,1,built at,"Munich, Germany"
https://www.stuttcars.com/1991-koenig-specials-c62/,1,price $,"$ 1,029,000"
https://www.stuttcars.com/1991-koenig-specials-c62/,1,engine,Flat-6
https://www.stuttcars.com/1991-koenig-specials-c62/,1,position,Mid Longitudinal
https://www.stuttcars.com/1991-koenig-specials-c62/,1,aspiration,Twin Turbocharged
https://www.stuttcars.com/1991-koenig-specials-c62/,1,valvetrain,DOHC
https://www.stuttcars.com/1991-koenig-specials-c62/,1,displacement,3368 cc / 205.5 in³
https://www.stuttcars.com/1991-koenig-specials-c62/,1,power,596.6 kw / 800 bhp @ 6300 rpm
https://www.stuttcars.com/1991-koenig-specials-c62/,1,specific output,237.53 bhp per litre
https://www.stuttcars.com/1991-koenig-specials-c62/,1,bhp/weight,727.27 bhp per tonne
https://www.stuttcars.com/1991-koenig-specials-c62/,1,torque,722.7 nm / 533 ft lbs @ 4500 rpm
https://www.stuttcars.com/1991-koenig-specials-c62/,1,body / frame,Carbon Fibre Body over Sheet Aluminum Chassis
https://www.stuttcars.com/1991-koenig-specials-c62/,1,driven wheels,RWD
https://www.stuttcars.com/1991-koenig-specials-c62/,1,front tires,255/40ZR-17
https://www.stuttcars.com/1991-koenig-specials-c62/,1,rear tires,335/35ZR-17
https://www.stuttcars.com/1991-koenig-specials-c62/,1,front brakes,Vented Discs
https://www.stuttcars.com/1991-koenig-specials-c62/,1,rear brakes,Vented Discs
https://www.stuttcars.com/1991-koenig-specials-c62/,1,front wheels,F 43.2 x 22.9 cm / 17.0 x 9 in
https://www.stuttcars.com/1991-koenig-specials-c62/,1,rear wheels,R 43.2 x 33.0 cm / 17 x 13 in
https://www.stuttcars.com/1991-koenig-specials-c62/,1,steering,Rack & Pinion
https://www.stuttcars.com/1991-koenig-specials-c62/,1,f suspension,"Unequal A-Arms w/Coil Springs, Tube Shocks, Anti-Roll Bar"
https://www.stuttcars.com/1991-koenig-specials-c62/,1,r suspension,"Twin Upper Links w/Lower A-Arms, Coil Springs, Tube Shocks, Anti-Roll Bar"
https://www.stuttcars.com/1991-koenig-specials-c62/,1,curb weight,1100 kg / 2425 lbs
https://www.stuttcars.com/1991-koenig-specials-c62/,1,length,4958 mm / 195.2 in
https://www.stuttcars.com/1991-koenig-specials-c62/,1,width,2052 mm / 80.8 in
https://www.stuttcars.com/1991-koenig-specials-c62/,1,height,1118 mm / 44.0 in
https://www.stuttcars.com/1991-koenig-specials-c62/,1,transmission,5-Speed Manual
https://www.stuttcars.com/1991-koenig-specials-c62/,1,top speed,~378.2 kph / 235.0 mph
https://www.stuttcars.com/1991-koenig-specials-c62/,1,0 – 60 mph,~3.3 second
https://www.stuttcars.com/porsche-962/,1,complete cars (by porsche),Approx. 19 units
https://www.stuttcars.com/porsche-962/,1,complete cars (by others),Approx. 16 units
https://www.stuttcars.com/porsche-956b/,1,engine,"2.65 L F6 twin-turbo, 4 valves per cylinder, water-cooled cylinder heads, air-cooled cylinders"
https://www.stuttcars.com/porsche-956b/,1,weight,820-855 kg / 1800-1900 lb
https://www.stuttcars.com/porsche-956b/,1,fuel tank,99 L (allowed size 100 L)
https://www.stuttcars.com/porsche-956b/,1,dimensions,"length 4800 mm, wheelbase 2650 mm (allowed length tied to wheelbase), width 2000 mm (allowed maximum)"
https://www.stuttcars.com/porsche-956b/,1,top speed,218+ mph/350+ km/h
https://www.stuttcars.com/porsche-956b/,1,production,"25 (28 numbered chassis built, but some used to rebuild crashed cars). Includes 956 and 956B."
https://www.stuttcars.com/porsche-956b/,2,displacement,"2.65-litre (subsequently 2869 cc, 2994 cc and 3164 cc)"
https://www.stuttcars.com/porsche-956b/,2,horsepower,620 bhp @ 8200 rpm; 1.2 bar boost (2.649-litre)
https://www.stuttcars.com/porsche-956b/,2,torque,465 ft lbs
https://www.stuttcars.com/porsche-956b/,2,turbochargers,Twin turbo KKK K26
https://www.stuttcars.com/porsche-956b/,2,cooling,"Water-cooled cylinder heads, air-cooled cylinders with fan"
https://www.stuttcars.com/porsche-956b/,2,ecu,Bosch 1.2 Motronic engine management
https://www.stuttcars.com/porsche-956/,1,engine,"2.65 L F6 twin-turbo, 4 valves per cylinder, water-cooled cylinder heads, air-cooled cylinders"
https://www.stuttcars.com/porsche-956/,1,weight,820-855 kg / 1800-1900 lb
https://www.stuttcars.com/porsche-956/,1,fuel tank,99 L (allowed size 100 L)
https://www.stuttcars.com/porsche-956/,1,dimensions,"length 4800 mm, wheelbase 2650 mm (allowed length tied to wheelbase), width 2000 mm (allowed maximum)"
https://www.stuttcars.com/porsche-956/,1,top speed,218+ mph/350+ km/h
https://www.stuttcars.com/porsche-956/,1,production,"25 (28 numbered chassis built, but some used to rebuild crashed cars). Includes 956 and 956B."
https://www.stuttcars.com/porsche-956/,2,displacement,2.65 litre (2649 cc)
https://www.stuttcars.com/porsche-956/,2,horsepower,620 bhp @ 8200 rpm; 1.2 bar boost (standard boost)
https://www.stuttcars.com/porsche-956/,2,torque,465 ft lbs
https://www.stuttcars.com/porsche-956/,2,turbochargers,Twin turbo KKK K26
https://www.stuttcars.com/porsche-956/,2,cooling,"Water-cooled cylinder heads, air-cooled cylinders with fan"
https://www.stuttcars.com/porsche-956/,2,fuel feed,Kugelfischer mechanical injection
https://www.stuttcars.com/porsche-917-20-turbo/,1,interserie 1973,5.0 L Flat 12 twin-turbo
https://www.stuttcars.com/porsche-917-20-turbo/,1,interserie 1974,4.5 L Flat 12 twin-turbo
https://www.stuttcars.com/1973-porsche-917-30-spyder/,1,year,Type
https://www.stuttcars.com/1973-porsche-917-30-spyder/,1,1973,Racing Engine
https://www.stuttcars.com/1973-porsche-917-30-spyder/,1,1975,Top Speed Engine
https://www.stuttcars.com/1972-porsche-917-10-turbo/,1,4.5 l flat 12 twin-turbo,625 kW
https://www.stuttcars.com/1972-porsche-917-10-turbo/,1,5.0 l flat 12 twin-turbo,735 kW
https://www.stuttcars.com/1972-porsche-917-10-turbo/,1,5.4 l flat 12 twin-turbo,820 kW
https://www.stuttcars.com/1970-porsche-917-k/,1,engine,Power (bhp)
https://www.stuttcars.com/1970-porsche-917-k/,1,4.5 l flat 12,574 bhp
https://www.stuttcars.com/1970-porsche-917-k/,1,4.9 l flat 12,591 bhp
https://www.stuttcars.com/1970-porsche-917-k/,1,5.0 l flat 12,614 bhp
https://www.stuttcars.com/1970-porsche-917-lh/,1,engine,Power (bhp)
https://www.stuttcars.com/1970-porsche-917-lh/,1,4.5 l flat 12,572 bhp
https://www.stuttcars.com/1970-porsche-917-lh/,1,4.9 l flat 12,591 bhp
https://www.stuttcars.com/porsche-907-k/,1,specs,2.0-litre flat-8
https://www.stuttcars.com/porsche-907-k/,1,type,771/0
https://www.stuttcars.com/porsche-907-k/,1,power,260 PS (191 kW / 256 SAE hp)
https://www.stuttcars.com/porsche-907-k/,1,torque,21 mkp (152 lb-ft / 206 Nm)
https://www.stuttcars.com/porsche-910-bergspyder/,1,date,Race
https://www.stuttcars.com/porsche-910-bergspyder/,1,8/27/1967,Hill Climb Ollon-Villars
https://www.stuttcars.com/porsche-910-bergspyder/,1,8/27/1967,Hill Climb Ollon-Villars
https://www.stuttcars.com/porsche-910-bergspyder/,1,8/27/1967,Hill Climb Ollon-Villars
https://www.stuttcars.com/porsche-910-bergspyder/,1,8/27/1967,Hill Climb Ollon-Villars
https://www.stuttcars.com/porsche-910-bergspyder/,1,10/1967,DARM Hockenheim [SP]
https://www.stuttcars.com/porsche-910-bergspyder/,1,5/5/1968,USRRC Laguna Seca
https://www.stuttcars.com/porsche-910-bergspyder/,1,6/2/1968,SCCA National Willow Springs [ASR+BSR+CSR]
https://www.stuttcars.com/porsche-910-bergspyder/,1,7/7/1968,SCCA National Riverside [ASR+BSR+CSR]
https://www.stuttcars.com/porsche-910-bergspyder/,1,8/21/1968,SCCA National San Diego
https://www.stuttcars.com/porsche-910-bergspyder/,1,10/13/1968,SCCA National Phoenix [ASR+BSR+CSR]
https://www.stuttcars.com/porsche-910-bergspyder/,1,11/24/1968,US Champions Riverside [ASR+BSR]
https://www.stuttcars.com/porsche-904-bergspyder/,1,date,Race
https://www.stuttcars.com/porsche-904-bergspyder/,1,09-may-1965,Targa Florio
https://www.stuttcars.com/porsche-904-bergspyder/,1,23-may-1965,1000 km Nürburgring
https://www.stuttcars.com/porsche-904-bergspyder/,1,13-jun-1965,Hill Climb Rossfeld
https://www.stuttcars.com/porsche-904-bergspyder/,1,13-jun-1965,Hill Climb Rossfeld
https://www.stuttcars.com/porsche-904-bergspyder/,1,04-jul-1965,Norisring [P2.0]
https://www.stuttcars.com/porsche-904-bergspyder/,1,18-jul-1965,Solitude [P2.0]
https://www.stuttcars.com/porsche-904-bergspyder/,1,25-jul-1965,Hill Climb Cesana-Sestrières
https://www.stuttcars.com/porsche-904-bergspyder/,1,08-aug-1965,Hill Climb Freiburg
https://www.stuttcars.com/porsche-904-bergspyder/,1,08-aug-1965,Hill Climb Freiburg
https://www.stuttcars.com/porsche-904-bergspyder/,1,29-aug-1965,Hill Climb Ollon-Villars
https://www.stuttcars.com/porsche-904-bergspyder/,1,29-aug-1965,Hill Climb Ollon-Villars
https://www.stuttcars.com/porsche-904-bergspyder/,1,03-dec-1965,Governor’s Trophy
https://www.stuttcars.com/porsche-904-bergspyder/,1,05-dec-1965,Nassau Trophy
https://www.stuttcars.com/porsche-904-bergspyder/,1,06-feb-1966,24 h Daytona
https://www.stuttcars.com/porsche-904-bergspyder/,1,27-feb-1966,SCCA National West Palm Beach
https://www.stuttcars.com/porsche-904-bergspyder/,1,06-mar-1966,SCCA Regional Sebastian [Main]
https://www.stuttcars.com/porsche-904-bergspyder/,1,26-mar-1966,12 h Sebring
https://www.stuttcars.com/porsche-904-bergspyder/,1,04-dec-1966,Bahamas Cup
https://www.stuttcars.com/porsche-804-f1/,1,engine:,Flat-eight boxer (4-stroke) Type 753
https://www.stuttcars.com/porsche-804-f1/,1,displacement:,"1,494 cc (91.2 cu in)"
https://www.stuttcars.com/porsche-804-f1/,1,bore × stroke:,66.0 mm × 54.6 mm (2.6 in × 2.1 in)
https://www.stuttcars.com/porsche-804-f1/,1,maximum power:,132 kW (179.5 PS; 177.0 hp) at 9200 rpm
https://www.stuttcars.com/porsche-804-f1/,1,maximum torque:,153 N⋅m (112.8 ft⋅lb) at 7200 rpm
https://www.stuttcars.com/porsche-804-f1/,1,compression ratio:,10.0:1
https://www.stuttcars.com/porsche-804-f1/,1,valvetrain:,Lower countershaft and two layshafts driving exhaust camshafts. Upper countershaft and two layshafts driving intake camshafts. Two overhead camshafts per cylinder head. Two valves per cylinder.
https://www.stuttcars.com/porsche-804-f1/,1,cooling:,Air-cooled (fan)
https://www.stuttcars.com/porsche-804-f1/,1,transmission:,"6-speed gearbox with limited-slip differential, rear-wheel drive"
https://www.stuttcars.com/porsche-804-f1/,1,brakes:,Porsche annular ring disc brakes
https://www.stuttcars.com/porsche-804-f1/,1,suspension front:,"Upper and lower unequal-length A-arms, torsion bars, inboard shock absorbers"
https://www.stuttcars.com/porsche-804-f1/,1,suspension rear:,"Upper and lower unequal-length A-arms, torsion bars, inboard shock absorbers"
https://www.stuttcars.com/porsche-804-f1/,1,body/chassis:,Space frame of mild steel tube with aluminum bodywork
https://www.stuttcars.com/porsche-804-f1/,1,track f/r:,"1,295 / 1,285 mm (51.0 / 50.6 in)"
https://www.stuttcars.com/porsche-804-f1/,1,wheelbase:,"2,300 mm (90.6 in)"
https://www.stuttcars.com/porsche-804-f1/,1,wheels and tires:,"5.00-15 R on ?J × 15 front, 6.50-15 R on ?J × 15 rear"
https://www.stuttcars.com/porsche-804-f1/,1,length × width × height:,"3,600 mm × 1,615 mm × 820 mm (141.7 in × 63.6 in × 32.3 in)"
https://www.stuttcars.com/porsche-804-f1/,1,weight:,"455 kg (1,003.1 lb)"
https://www.stuttcars.com/porsche-804-f1/,1,maximum speed:,270 km/h (167.8 mph)
https://www.stuttcars.com/porsche-804-f1/,2,year,Grand Prix
https://www.stuttcars.com/porsche-804-f1/,2,1962,Netherlands
https://www.stuttcars.com/porsche-804-f1/,2,1962,Monaco
https://www.stuttcars.com/porsche-804-f1/,2,1962,Belgium
https://www.stuttcars.com/porsche-804-f1/,2,1962,France
https://www.stuttcars.com/porsche-804-f1/,2,1962,Britain
https://www.stuttcars.com/porsche-804-f1/,2,1962,Germany
https://www.stuttcars.com/porsche-804-f1/,2,1962,Italy
https://www.stuttcars.com/porsche-804-f1/,2,1962,USA
https://www.stuttcars.com/porsche-718-rs-61-lm-coupe/,1,#32,718-045
https://www.stuttcars.com/porsche-718-rs-61-lm-coupe/,1,#30,718-046
https://www.stuttcars.com/porsche-787-f1/,1,engine:,Flat four-cylinder four-stroke boxer Type 547/3
https://www.stuttcars.com/porsche-787-f1/,1,displacement:,"1,498 cc (91.4 cu in)"
https://www.stuttcars.com/porsche-787-f1/,1,bore × stroke:,85.0 mm × 66.0 mm (3.3 in × 2.6 in)
https://www.stuttcars.com/porsche-787-f1/,1,maximum power:,139 kW (189.0 PS; 186.4 hp) at 8000 rpm
https://www.stuttcars.com/porsche-787-f1/,1,maximum torque:,147 N⋅m (108.4 ft⋅lb) at 6500 rpm
https://www.stuttcars.com/porsche-787-f1/,1,compression ratio:,10.3:1
https://www.stuttcars.com/porsche-787-f1/,1,valvetrain:,One bevel-gear driveshaft and two overhead camshafts per cylinder bank (four in total). Two valves per cylinder.
https://www.stuttcars.com/porsche-787-f1/,1,cooling:,Air-cooled (fan)
https://www.stuttcars.com/porsche-787-f1/,1,transmission:,"6-speed gearbox with limited-slip differential, rear-wheel drive"
https://www.stuttcars.com/porsche-787-f1/,1,brakes:,Drum
https://www.stuttcars.com/porsche-787-f1/,1,suspension front:,Upper and lower A-arms with coil springs over tubular shock absorbers.
https://www.stuttcars.com/porsche-787-f1/,1,suspension rear:,"Upper A-arm, lower reversed A-arm and radius rods, coil springs over tubular shock absorbers."
https://www.stuttcars.com/porsche-787-f1/,1,body/chassis:,Space frame of mild steel tubing with aluminum bodywork
https://www.stuttcars.com/porsche-787-f1/,1,track f/r:,"1,300 / 1,330 mm (51.2 / 52.4 in)"
https://www.stuttcars.com/porsche-787-f1/,1,wheelbase:,"2,300 mm (90.6 in)"
https://www.stuttcars.com/porsche-787-f1/,1,wheels and tires:,5.50-15 R on J × 15 front 6.00-15 R on J × 15 rear
https://www.stuttcars.com/porsche-787-f1/,1,length × width × height:,"3,600 mm × 1,520 mm × 900 mm (141.7 in × 59.8 in × 35.4 in)"
https://www.stuttcars.com/porsche-787-f1/,1,weight:,450 kg (992.1 lb)
https://www.stuttcars.com/porsche-787-f1/,1,maximum speed:,250 km/h (155.3 mph)
https://www.stuttcars.com/porsche-787-f1/,2,year,Grand Prix
https://www.stuttcars.com/porsche-787-f1/,2,1961,Monaco
https://www.stuttcars.com/porsche-787-f1/,2,1961,Netherlands
https://www.stuttcars.com/porsche-787-f1/,2,1961,Netherlands
https://www.stuttcars.com/porsche-787-f1/,2,1961,Germany
https://www.stuttcars.com/porsche-787-f1/,2,1962,Netherlands
https://www.stuttcars.com/porsche-type-360/,1,weight,650 kg
https://www.stuttcars.com/porsche-type-360/,1,standing start 1 kilometre with road friction coefficient of 0.9,174.8 km/h
https://www.stuttcars.com/porsche-type-360/,1,standing start 1 kilometre with road friction coefficient of 1.0,181.1 km/h
https://www.stuttcars.com/porsche-type-360/,2,front,"Rear, standard"
https://www.stuttcars.com/porsche-type-360/,2,5.5×17″,5.5×17″
https://www.stuttcars.com/porsche-type-360/,3,gear,Top speed
https://www.stuttcars.com/porsche-type-360/,3,1,80 mph / 128 km/h
https://www.stuttcars.com/porsche-type-360/,3,2,102 mph / 164 km/h
https://www.stuttcars.com/porsche-type-360/,3,3,128 mph / 206 km/h
https://www.stuttcars.com/porsche-type-360/,3,4,158 mph / 255 km/h
https://www.stuttcars.com/porsche-type-360/,3,5,209 mph / 337 km/h
https://www.stuttcars.com/porsche-type-360/,3,"5, with optional top speed gearset",228 mph / 367 km/h
https://www.stuttcars.com/porsche-type-64/,1,data,No.1 (1939)
https://www.stuttcars.com/porsche-type-64/,1,chassis number,38/41
https://www.stuttcars.com/porsche-type-64/,1,engine number,38/41
https://www.stuttcars.com/porsche-type-64/,1,distinctive features,flat windscreens and short semaphores
https://www.stuttcars.com/porsche-type-64/,1,colour,gray metallic
https://www.stuttcars.com/porsche-type-64/,1,known license plates,IIIA 0703
https://www.stuttcars.com/porsche-type-64/,1,front grilles,2 grilles
https://www.stuttcars.com/porsche-type-64/,1,wipers,1 wiper fixed above the windscreen
https://www.stuttcars.com/porsche-type-64/,1,rear lamps,above rear fenders
https://www.stuttcars.com/porsche-type-64/,1,rear brake lamps (on the sides of the license plate),protruding
https://www.stuttcars.com/porsche-type-64/,1,wheel color,silver
https://www.stuttcars.com/porsche-type-64/,1,known window trim – windscreens,shiny metal in rubber
https://www.stuttcars.com/porsche-type-64/,1,known window trim – door window,no trim
https://www.stuttcars.com/porsche-type-64/,1,known window trim – side window,shiny metal in rubber
https://www.stuttcars.com/porsche-type-64/,1,known window trim – rear window,shiny metal in rubber
https://www.stuttcars.com/porsche-type-64/,1,antenna,no antenna
https://www.stuttcars.com/porsche-type-64/,1,history,"1939: totalled and dismantled, chassis probably used for car no.3"
