year,number,car_title,result,group,entrant,bodywork,engine,drivers,sponsor,colour,tyre,updated,contributor,make,model,suffix,chassis,result_raw,result_txt,result_status,grid,grid_time,finish_gap,dnf_reason,thumb_url,photo_url,make_url,model_url,suffix_url,chassis_url
1999,53,Chrysler Viper GTS-R #C15 - Chrysler V10/90° 2v OHV 7986 cc N/A,1,A6,Zakspeed Racing (D),Closed bodywork,Front-engined,Hans-Jürgen Tiemann (D)/Peter Zakowski (D)/Klaus Ludwig (D)/Marc Duez (B),hasseróder,yellow (+black),Michelin,NA,NA,Chrysler,Viper,GTS-R,#C15,Result: winner - margin: 3 lapsGrid:,winner - margin: 3 lapsGrid:,finished,NA,NA,NA,NA,https://www.racingsportscars.com/images/car_no_photo.png,https://www.racingsportscars.com/about.html#contrib,https://www.racingsportscars.com/make/photo/Chrysler.html,https://www.racingsportscars.com/type/photo/Chrysler/Viper.html,https://www.racingsportscars.com/suffix/photo/Chrysler/Viper/GTS-R.html,https://www.racingsportscars.com/chassis/photo/GTSR-C15.html
1999,31,Porsche 993 - Porsche,2,A6,,Closed bodywork,Rear-engined,Jürgen Alzen (D)/Ulli Richter (D)/Markus Oestreich (D)/Jürgen von Gartzen (D),NA,NA,NA,NA,NA,Porsche,993,NA,NA,Result: 2nd (3 laps behind the winner)Grid:,2nd (3 laps behind the winner)Grid:,finished,NA,NA,3 laps behind the winner,NA,https://www.racingsportscars.com/images/car_no_photo.png,https://www.racingsportscars.com/about.html#contrib,https://www.racingsportscars.com/make/photo/Porsche.html,https://www.racingsportscars.com/type/photo/Porsche/993.html,NA,NA
1999,41,Porsche 993 Cup - Porsche,3,A6,Grohs Motorsport,Closed bodywork,Rear-engined,Harald Becker (D)/Harald Grohs (D)/Patrick Simon (D)/Nicolas Raeder,NA,NA,NA,NA,NA,Porsche,993,Cup,NA,Result: 3rd (6 laps behind the winner)Grid:,3rd (6 laps behind the winner)Grid:,finished,NA,NA,6 laps behind the winner,NA,https://www.racingsportscars.com/images/car_no_photo.png,https://www.racingsportscars.com/about.html#contrib,https://www.racingsportscars.com/make/photo/Porsche.html,https://www.racingsportscars.com/type/photo/Porsche/993.html,https://www.racingsportscars.com/suffix/photo/Porsche/993/Cup.html,NA
1999,39,BMW M3 - BMW,4,A6,,Closed bodywork,Front-engined,Michael Bäder/Tobias Hagenmeyer (D)/Reinhard Schall (D)/Franz Brenauer,NA,NA,NA,NA,NA,BMW,M3,NA,NA,Result: 4th (6 laps behind the winner)Grid:,4th (6 laps behind the winner)Grid:,finished,NA,NA,6 laps behind the winner,NA,https://www.racingsportscars.com/images/car_no_photo.png,https://www.racingsportscars.com/about.html#contrib,https://www.racingsportscars.com/make/photo/BMW.html,https://www.racingsportscars.com/type/photo/BMW/M3.html,NA,NA
1999,42,Porsche 911 Cup 3.8 - Porsche,5,A6,,-,Rear-engined,Ulrich Gallade (D)/Marc Gindorf (D)/Uwe Schirrmeister/Karl-Heinz Wlazik (D),NA,NA,NA,NA,NA,Porsche,911,Cup 3.8,NA,Result: 5th (7 laps behind the winner)Grid:,5th (7 laps behind the winner)Grid:,finished,NA,NA,7 laps behind the winner,NA,https://www.racingsportscars.com/images/car_no_photo.png,https://www.racingsportscars.com/about.html#contrib,https://www.racingsportscars.com/make/photo/Porsche.html,https://www.racingsportscars.com/type/photo/Porsche/911.html,https://www.racingsportscars.com/suffix/photo/Porsche/911/Cup%203.8.html,NA
1999,44,NIssan Skyline GT-R (RE33),6,A6,Falken Motorsports,-,-,Hironori Takeuchi (J)/Dirk Schoysman (B)/Tetsuya Tanaka (J)/Takayuki Kinoshita (J),NA,NA,NA,NA,NA,NIssan,Skyline GT-R,(RE33),NA,Result: 6th (10 laps behind the winner)Grid:,6th (10 laps behind the winner)Grid:,finished,NA,NA,10 laps behind the winner,NA,https://www.racingsportscars.com/images/car_no_photo.png,https://www.racingsportscars.com/about.html#contrib,https://www.racingsportscars.com/make/photo/NIssan.html,https://www.racingsportscars.com/type/photo/NIssan/Skyline%20GT-R.html,https://www.racingsportscars.com/suffix/photo/NIssan/Skyline%20GT-R/(RE33).html,NA
1999,307,Mercedes-Benz SLK - Mercedes-Benz,7,Si2,Carlsson Racing,-,-,Jutta Kleinschmidt (D)/Claudia Hürtgen (D)/Florence Duez (CH)/Ellen Lohr (D),NA,NA,NA,NA,NA,Mercedes-Benz,SLK,NA,NA,Result: 7th 1st in Si2 (12 laps behind the winner)Grid:,7th 1st in Si2 (12 laps behind the winner)Grid:,finished,NA,NA,12 laps behind the winner,NA,https://www.racingsportscars.com/images/car_no_photo.png,https://www.racingsportscars.com/about.html#contrib,https://www.racingsportscars.com/make/photo/Mercedes-Benz.html,https://www.racingsportscars.com/type/photo/Mercedes-Benz/SLK.html,NA,NA
1999,68,Renault Clio V6 - Renault V6,8,A5,Zakspeed Racing,-,-,Andre Duve/Markus Großmann (D)/Timo Kluck (D)/Franz Fabian,NA,NA,NA,NA,NA,Renault,Clio,V6,NA,Result: 8th 1st in A5 (14 laps behind the winner)Grid:,8th 1st in A5 (14 laps behind the winner)Grid:,finished,NA,NA,14 laps behind the winner,NA,https://www.racingsportscars.com/images/car_no_photo.png,https://www.racingsportscars.com/about.html#contrib,https://www.racingsportscars.com/make/photo/Renault.html,https://www.racingsportscars.com/type/photo/Renault/Clio.html,https://www.racingsportscars.com/suffix/photo/Renault/Clio/V6.html,NA
1999,49,BMW M3 - BMW,9,A6,,Closed bodywork,Front-engined,Romain Wolff (L)/Frédéric Schmit (F)/Marc Schramer/Nico Demuth (L),NA,NA,NA,NA,NA,BMW,M3,NA,NA,Result: 9th (14 laps behind the winner)Grid:,9th (14 laps behind the winner)Grid:,finished,NA,NA,14 laps behind the winner,NA,https://www.racingsportscars.com/images/car_no_photo.png,https://www.racingsportscars.com/about.html#contrib,https://www.racingsportscars.com/make/photo/BMW.html,https://www.racingsportscars.com/type/photo/BMW/M3.html,NA,NA
1999,145,BMW 325i Coupe - BMW,10,N4,,-,-,Klaus Müller (D)/Helmut Abels/René Gassen/Fritz Wegerer (A),NA,NA,NA,NA,NA,BMW,325i,Coupe,NA,Result: 10th 1st in N4 (15 laps behind the winner)Grid:,10th 1st in N4 (15 laps behind the winner)Grid:,finished,NA,NA,15 laps behind the winner,NA,https://www.racingsportscars.com/images/car_no_photo.png,https://www.racingsportscars.com/about.html#contrib,https://www.racingsportscars.com/make/photo/BMW.html,https://www.racingsportscars.com/type/photo/BMW/325i.html,https://www.racingsportscars.com/suffix/photo/BMW/325i/Coupe.html,NA
1999,30,Audi 200 quattro - Audi,11,A6,,-,-,Dirk Riebensahm (D)/Christian Kohlhaas (D)/Franz-Rudolf Wilbert,NA,NA,NA,NA,NA,Audi,200,quattro,NA,Result: 11th (16 laps behind the winner)Grid:,11th (16 laps behind the winner)Grid:,finished,NA,NA,16 laps behind the winner,NA,https://www.racingsportscars.com/images/car_no_photo.png,https://www.racingsportscars.com/about.html#contrib,https://www.racingsportscars.com/make/photo/Audi.html,https://www.racingsportscars.com/type/photo/Audi/200.html,https://www.racingsportscars.com/suffix/photo/Audi/200/quattro.html,NA
1999,328,BMW M3 - BMW,12,Si3,,Closed bodywork,Front-engined,Robert Brooks (GB)/Rob Wilson (NZ)/Tony Dron (GB),NA,NA,NA,NA,NA,BMW,M3,NA,NA,Result: 12th 1st in Si3 (16 laps behind the winner)Grid:,12th 1st in Si3 (16 laps behind the winner)Grid:,finished,NA,NA,16 laps behind the winner,NA,https://www.racingsportscars.com/images/car_no_photo.png,https://www.racingsportscars.com/about.html#contrib,https://www.racingsportscars.com/make/photo/BMW.html,https://www.racingsportscars.com/type/photo/BMW/M3.html,NA,NA
1999,147,BMW 325i Coupe - BMW,13,N4,,-,-,Andreas Motte/Thomas Stoltz/Stefan Schlesack (D),NA,NA,NA,NA,NA,BMW,325i,Coupe,NA,Result: 13th (16 laps behind the winner)Grid:,13th (16 laps behind the winner)Grid:,finished,NA,NA,16 laps behind the winner,NA,https://www.racingsportscars.com/images/car_no_photo.png,https://www.racingsportscars.com/about.html#contrib,https://www.racingsportscars.com/make/photo/BMW.html,https://www.racingsportscars.com/type/photo/BMW/325i.html,https://www.racingsportscars.com/suffix/photo/BMW/325i/Coupe.html,NA
1999,48,Porsche 911 Carrera Cup - Porsche,14,A6,,Closed bodywork,Rear-engined,Peter Schmidt (D)/Oliver Hermansky/Wolfgang Destree (D)/Kersten Jodexnis (D),NA,NA,NA,NA,NA,Porsche,911 Carrera,Cup,NA,Result: 14th (16 laps behind the winner)Grid:,14th (16 laps behind the winner)Grid:,finished,NA,NA,16 laps behind the winner,NA,https://www.racingsportscars.com/images/car_no_photo.png,https://www.racingsportscars.com/about.html#contrib,https://www.racingsportscars.com/make/photo/Porsche.html,https://www.racingsportscars.com/type/photo/Porsche/911%20Carrera.html,https://www.racingsportscars.com/suffix/photo/Porsche/911%20Carrera/Cup.html,NA
1999,101,Honda Integra - Honda,15,A3,,-,-,Frank Totz/Jörg Totz/Andreas Teichmann (D)/Werner Blum,NA,NA,NA,NA,NA,Honda,Integra,NA,NA,Result: 15th 1st in A3 (16 laps behind the winner)Grid:,15th 1st in A3 (16 laps behind the winner)Grid:,finished,NA,NA,16 laps behind the winner,NA,https://www.racingsportscars.com/images/car_no_photo.png,https://www.racingsportscars.com/about.html#contrib,https://www.racingsportscars.com/make/photo/Honda.html,https://www.racingsportscars.com/type/photo/Honda/Integra.html,NA,NA
1999,115,Opel Astra G - Opel,16,A3,Kissling Motorsport,-,-,Stefan Kissling (D)/Alexander Burgstaller (D)/Volker Strycek (D)/Steffen Schulz,NA,NA,NA,NA,NA,Opel,Astra,G,NA,Result: 16th (17 laps behind the winner)Grid:,16th (17 laps behind the winner)Grid:,finished,NA,NA,17 laps behind the winner,NA,https://www.racingsportscars.com/images/car_no_photo.png,https://www.racingsportscars.com/about.html#contrib,https://www.racingsportscars.com/make/photo/Opel.html,https://www.racingsportscars.com/type/photo/Opel/Astra.html,https://www.racingsportscars.com/suffix/photo/Opel/Astra/G.html,NA
1999,329,BMW M3 - BMW,17,Si3,,Closed bodywork,Front-engined,Joe Macari (GB)/Ian Khan (GB)/Mark Peters (GB)/Adrian Willmott (GB),NA,NA,NA,NA,NA,BMW,M3,NA,NA,Result: 17th (17 laps behind the winner)Grid:,17th (17 laps behind the winner)Grid:,finished,NA,NA,17 laps behind the winner,NA,https://www.racingsportscars.com/images/car_no_photo.png,https://www.racingsportscars.com/about.html#contrib,https://www.racingsportscars.com/make/photo/BMW.html,https://www.racingsportscars.com/type/photo/BMW/M3.html,NA,NA
1999,134,Ford Puma Cup - Ford,18,A4,,-,-,Jürgen Rother/Ralf Martin (D)/Oliver Eichele/Michael Gerhardt,NA,NA,NA,NA,NA,Ford,Puma,Cup,NA,Result: 18th 1st in A4 (17 laps behind the winner)Grid:,18th 1st in A4 (17 laps behind the winner)Grid:,finished,NA,NA,17 laps behind the winner,NA,https://www.racingsportscars.com/images/car_no_photo.png,https://www.racingsportscars.com/about.html#contrib,https://www.racingsportscars.com/make/photo/Ford.html,https://www.racingsportscars.com/type/photo/Ford/Puma.html,https://www.racingsportscars.com/suffix/photo/Ford/Puma/Cup.html,NA
1999,350,BMW M3 - BMW,19,Si4,Duller Motorsport,Closed bodywork,Front-engined,Luca Cappellari (I)/Angelo Zadra (I)/Filippo Salvarini (I),NA,NA,NA,NA,NA,BMW,M3,NA,NA,Result: 19th 1st in Si4 (17 laps behind the winner)Grid:,19th 1st in Si4 (17 laps behind the winner)Grid:,finished,NA,NA,17 laps behind the winner,NA,https://www.racingsportscars.com/images/car_no_photo.png,https://www.racingsportscars.com/about.html#contrib,https://www.racingsportscars.com/make/photo/BMW.html,https://www.racingsportscars.com/type/photo/BMW/M3.html,NA,NA
1999,210,Honda Civic (EG6) - Honda,20,A2,MSC Ruhrblitz Bochum e. V. im ADAC,-,-,Dino Drössiger (D)/Andreas Mäder/Heinz-Josef Bermes (D)/Markus Krauskopf (D),NA,NA,NA,NA,NA,Honda,Civic,(EG6),NA,Result: 20th 1st in A2 (18 laps behind the winner)Grid:,20th 1st in A2 (18 laps behind the winner)Grid:,finished,NA,NA,18 laps behind the winner,NA,https://www.racingsportscars.com/images/car_no_photo.png,https://www.racingsportscars.com/about.html#contrib,https://www.racingsportscars.com/make/photo/Honda.html,https://www.racingsportscars.com/type/photo/Honda/Civic.html,https://www.racingsportscars.com/suffix/photo/Honda/Civic/(EG6).html,NA
1999,320,BMW M3 - BMW,21,Si3,,Closed bodywork,Front-engined,Willi Obermann (D)/Jörg Obermann (D)/Peter Obermann (D)/Kai Lutterbach,NA,NA,NA,NA,NA,BMW,M3,NA,NA,Result: 21st (18 laps behind the winner)Grid:,21st (18 laps behind the winner)Grid:,finished,NA,NA,18 laps behind the winner,NA,https://www.racingsportscars.com/images/car_no_photo.png,https://www.racingsportscars.com/about.html#contrib,https://www.racingsportscars.com/make/photo/BMW.html,https://www.racingsportscars.com/type/photo/BMW/M3.html,NA,NA
1999,63,BMW M3 - BMW,22,A5,,Closed bodywork,Front-engined,Uwe Springer/Manfred Anspann (D)/Dennis Rostek (D),NA,NA,NA,NA,NA,BMW,M3,NA,NA,Result: 22nd (18 laps behind the winner)Grid:,22nd (18 laps behind the winner)Grid:,finished,NA,NA,18 laps behind the winner,NA,https://www.racingsportscars.com/images/car_no_photo.png,https://www.racingsportscars.com/about.html#contrib,https://www.racingsportscars.com/make/photo/BMW.html,https://www.racingsportscars.com/type/photo/BMW/M3.html,NA,NA
1999,120,VW Golf III GTI - VW,23,A3,ADAC Niedersachsen/Sachsen-Anhalt e. V.,-,-,Armin Holz (D)/Martin Zondler/Kai Jordan (D)/Zoran Radulovic (D),NA,NA,NA,NA,NA,VW,Golf,III GTI,NA,Result: 23rd (18 laps behind the winner)Grid:,23rd (18 laps behind the winner)Grid:,finished,NA,NA,18 laps behind the winner,NA,https://www.racingsportscars.com/images/car_no_photo.png,https://www.racingsportscars.com/about.html#contrib,https://www.racingsportscars.com/make/photo/VW.html,https://www.racingsportscars.com/type/photo/VW/Golf.html,https://www.racingsportscars.com/suffix/photo/VW/Golf/III%20GTI.html,NA
1999,202,BMW 318 ti - BMW,24,V2,Wagenstetter Motorsport,-,-,Jörg Viebahn (D)/Auro Straffi/Hans Widmann (D)/Klaus Wagenstetter,NA,NA,NA,NA,NA,BMW,318,ti,NA,Result: 24th 1st in V2 (19 laps behind the winner)Grid:,24th 1st in V2 (19 laps behind the winner)Grid:,finished,NA,NA,19 laps behind the winner,NA,https://www.racingsportscars.com/images/car_no_photo.png,https://www.racingsportscars.com/about.html#contrib,https://www.racingsportscars.com/make/photo/BMW.html,https://www.racingsportscars.com/type/photo/BMW/318.html,https://www.racingsportscars.com/suffix/photo/BMW/318/ti.html,NA
1999,196,BMW 318 is Coupe - BMW,25,V2,MSC Rhön e. V. im AvD,-,-,Herbert Lingmann (D)/Michael Hess (D)/Ivano Giuliani (I)/Stefan Lindenmaier,NA,NA,NA,NA,NA,BMW,318,is Coupe,NA,Result: 25th (20 laps behind the winner)Grid:,25th (20 laps behind the winner)Grid:,finished,NA,NA,20 laps behind the winner,NA,https://www.racingsportscars.com/images/car_no_photo.png,https://www.racingsportscars.com/about.html#contrib,https://www.racingsportscars.com/make/photo/BMW.html,https://www.racingsportscars.com/type/photo/BMW/318.html,https://www.racingsportscars.com/suffix/photo/BMW/318/is%20Coupe.html,NA
1999,131,Ford Puma Cup - Ford,26,A3,Team Lauderbach Motorsport,-,-,"Franz-Josef Bröhling (D)/Franz-Josef Bröhling, Jr. (D)/""Rainman""/Bert Flossbach",NA,NA,NA,NA,NA,Ford,Puma,Cup,NA,Result: 26th (20 laps behind the winner)Grid:,26th (20 laps behind the winner)Grid:,finished,NA,NA,20 laps behind the winner,NA,https://www.racingsportscars.com/images/car_no_photo.png,https://www.racingsportscars.com/about.html#contrib,https://www.racingsportscars.com/make/photo/Ford.html,https://www.racingsportscars.com/type/photo/Ford/Puma.html,https://www.racingsportscars.com/suffix/photo/Ford/Puma/Cup.html,NA
1999,213,Honda Civic - Honda,27,A2,,-,-,Thomas Wagenstetter (D)/Klaus Wagenstetter/Jeff Wyatt (GB)/Peter Schmidt (D),NA,NA,NA,NA,NA,Honda,Civic,NA,NA,Result: 27th (20 laps behind the winner)Grid:,27th (20 laps behind the winner)Grid:,finished,NA,NA,20 laps behind the winner,NA,https://www.racingsportscars.com/images/car_no_photo.png,https://www.racingsportscars.com/about.html#contrib,https://www.racingsportscars.com/make/photo/Honda.html,https://www.racingsportscars.com/type/photo/Honda/Civic.html,NA,NA
1999,326,BMW M3 - BMW,28,Si3,,Closed bodywork,Front-engined,Francesco Ciani (I)/Silvio Sabba/Giovanni Matteini/Marco Polani (I),NA,NA,NA,NA,NA,BMW,M3,NA,NA,Result: 28th (20 laps behind the winner)Grid:,28th (20 laps behind the winner)Grid:,finished,NA,NA,20 laps behind the winner,NA,https://www.racingsportscars.com/images/car_no_photo.png,https://www.racingsportscars.com/about.html#contrib,https://www.racingsportscars.com/make/photo/BMW.html,https://www.racingsportscars.com/type/photo/BMW/M3.html,NA,NA
1999,194,BMW 318 ti - BMW,29,V2,,-,-,Marc Krankenberg/Thomas Braumüller/Jörg Bergmeister (D)/Tim Bergmeister (D),NA,NA,NA,NA,NA,BMW,318,ti,NA,Result: 29th (20 laps behind the winner)Grid:,29th (20 laps behind the winner)Grid:,finished,NA,NA,20 laps behind the winner,NA,https://www.racingsportscars.com/images/car_no_photo.png,https://www.racingsportscars.com/about.html#contrib,https://www.racingsportscars.com/make/photo/BMW.html,https://www.racingsportscars.com/type/photo/BMW/318.html,https://www.racingsportscars.com/suffix/photo/BMW/318/ti.html,NA
1999,167,Opel Astra GSi 16V - Opel,30,N3,,-,-,Michael Korbion/Rolf Schütz/Thomas Mühlenz (D)/Harald Weckbecker,NA,NA,NA,NA,NA,Opel,Astra,GSi 16V,NA,Result: 30th 1st in N3 (20 laps behind the winner)Grid:,30th 1st in N3 (20 laps behind the winner)Grid:,finished,NA,NA,20 laps behind the winner,NA,https://www.racingsportscars.com/images/car_no_photo.png,https://www.racingsportscars.com/about.html#contrib,https://www.racingsportscars.com/make/photo/Opel.html,https://www.racingsportscars.com/type/photo/Opel/Astra.html,https://www.racingsportscars.com/suffix/photo/Opel/Astra/GSi%2016V.html,NA
1999,164,Opel Astra - Opel,31,N3,MSC Ruhrblitz Bochum e. V. im ADAC,-,-,Carsten Bube/Peter Hoffmeister/Walter aus der Au (CH)/Dirk Büsgen,NA,NA,NA,NA,NA,Opel,Astra,NA,NA,Result: 31st (21 laps behind the winner)Grid:,31st (21 laps behind the winner)Grid:,finished,NA,NA,21 laps behind the winner,NA,https://www.racingsportscars.com/images/car_no_photo.png,https://www.racingsportscars.com/about.html#contrib,https://www.racingsportscars.com/make/photo/Opel.html,https://www.racingsportscars.com/type/photo/Opel/Astra.html,NA,NA
1999,212,Honda Civic (EK4) - Honda,32,A2,(N),-,-,Haakon Schjärin (N)/Roger Sandberg (N)/John Skala-Lund/Dino Drössiger (D),NA,NA,NA,NA,NA,Honda,Civic,(EK4),NA,Result: 32nd (21 laps behind the winner)Grid:,32nd (21 laps behind the winner)Grid:,finished,NA,NA,21 laps behind the winner,NA,https://www.racingsportscars.com/images/car_no_photo.png,https://www.racingsportscars.com/about.html#contrib,https://www.racingsportscars.com/make/photo/Honda.html,https://www.racingsportscars.com/type/photo/Honda/Civic.html,https://www.racingsportscars.com/suffix/photo/Honda/Civic/(EK4).html,NA
1999,323,BMW M3 - BMW,33,Si3,Steinlein Motorsport,Closed bodywork,Front-engined,Rod Hicks (NZ)/Kevin Bell (NZ)/John D. Trimbole,NA,NA,NA,NA,NA,BMW,M3,NA,NA,Result: 33rd (21 laps behind the winner)Grid:,33rd (21 laps behind the winner)Grid:,finished,NA,NA,21 laps behind the winner,NA,https://www.racingsportscars.com/images/car_no_photo.png,https://www.racingsportscars.com/about.html#contrib,https://www.racingsportscars.com/make/photo/BMW.html,https://www.racingsportscars.com/type/photo/BMW/M3.html,NA,NA
1999,56,BMW 328i E36 Touring - BMW,34,A5,,-,-,Jürgen Borss/Bernhard Nethe/Andre Stehle/Wilhelm Stollbrink,NA,NA,NA,NA,NA,BMW,328i,E36 Touring,NA,Result: 34th (21 laps behind the winner)Grid:,34th (21 laps behind the winner)Grid:,finished,NA,NA,21 laps behind the winner,NA,https://www.racingsportscars.com/images/car_no_photo.png,https://www.racingsportscars.com/about.html#contrib,https://www.racingsportscars.com/make/photo/BMW.html,https://www.racingsportscars.com/type/photo/BMW/328i.html,https://www.racingsportscars.com/suffix/photo/BMW/328i/E36%20Touring.html,NA
1999,159,Alfa Romeo 145 - Alfa Romeo,35,A3,Alfa Romeo Scuola Sportiva,-,-,Hermann Reil/Jochen Kruse/Holger Eckhardt (D)/Wolfgang Mache,NA,NA,NA,NA,NA,Alfa Romeo,145,NA,NA,Result: 35th (22 laps behind the winner)Grid:,35th (22 laps behind the winner)Grid:,finished,NA,NA,22 laps behind the winner,NA,https://www.racingsportscars.com/images/car_no_photo.png,https://www.racingsportscars.com/about.html#contrib,https://www.racingsportscars.com/make/photo/Alfa%20Romeo.html,https://www.racingsportscars.com/type/photo/Alfa%20Romeo/145.html,NA,NA
1999,70,Mercedes-Benz 190 E 2.3-16 - Mercedes-Benz L4 4v 2323 cc N/A,36,A4,ADAC Ostwestfalen-Lippe,Closed bodywork,Front-engined,Hans Jürgen Wetter/Ekkehard Sieg (D)/Claudia Stockmeyer/Dominiek An Der Heiden (B),NA,NA,NA,NA,NA,Mercedes-Benz,190 E,2.3-16,NA,Result: 36th (22 laps behind the winner)Grid:,36th (22 laps behind the winner)Grid:,finished,NA,NA,22 laps behind the winner,NA,https://www.racingsportscars.com/images/car_no_photo.png,https://www.racingsportscars.com/about.html#contrib,https://www.racingsportscars.com/make/photo/Mercedes-Benz.html,https://www.racingsportscars.com/type/photo/Mercedes-Benz/190%20E.html,https://www.racingsportscars.com/suffix/photo/Mercedes-Benz/190%20E/2.3-16.html,NA
1999,20,BMW 320d E46 - BMW,37,S2,,Closed bodywork,Front-engined,Giuliano Bottazzi/Mario Sakamoto/Gianpiero Pindari (I)/Maurizio Lusuardi (I),NA,NA,NA,NA,NA,BMW,320d,E46,NA,Result: 37th 1st in S2 (22 laps behind the winner)Grid:,37th 1st in S2 (22 laps behind the winner)Grid:,finished,NA,NA,22 laps behind the winner,NA,https://www.racingsportscars.com/images/car_no_photo.png,https://www.racingsportscars.com/about.html#contrib,https://www.racingsportscars.com/make/photo/BMW.html,https://www.racingsportscars.com/type/photo/BMW/320d.html,https://www.racingsportscars.com/suffix/photo/BMW/320d/E46.html,NA
1999,231,Suzuki Swift GTi - Suzuki,38,A1,Fleper Motorsport,-,-,Jens Lührsen/Uwe Unteroberdörster/Andreas Radtke/Andre Klein,NA,NA,NA,NA,NA,Suzuki,Swift,GTi,NA,Result: 38th 1st in A1 (23 laps behind the winner)Grid:,38th 1st in A1 (23 laps behind the winner)Grid:,finished,NA,NA,23 laps behind the winner,NA,https://www.racingsportscars.com/images/car_no_photo.png,https://www.racingsportscars.com/about.html#contrib,https://www.racingsportscars.com/make/photo/Suzuki.html,https://www.racingsportscars.com/type/photo/Suzuki/Swift.html,https://www.racingsportscars.com/suffix/photo/Suzuki/Swift/GTi.html,NA
1999,119,BMW 320 - BMW,39,A3,ADAC Sachsen e. V.,Closed bodywork,Front-engined,Ruben Zeltner (D)/Uwe Wächtler (D)/Markus Gedlich (D)/Wolfgang Weber (D),NA,NA,NA,NA,NA,BMW,320,NA,NA,Result: 39th (23 laps behind the winner)Grid:,39th (23 laps behind the winner)Grid:,finished,NA,NA,23 laps behind the winner,NA,https://www.racingsportscars.com/images/car_no_photo.png,https://www.racingsportscars.com/about.html#contrib,https://www.racingsportscars.com/make/photo/BMW.html,https://www.racingsportscars.com/type/photo/BMW/320.html,NA,NA
1999,137,BMW M3 E30 - BMW,40,V4,Motorsportclub Lauf e. V. im ADAC,Closed bodywork,Front-engined,Jörg Weidinger (D)/Sascha Hancke (D)/Michael Pingel/Jürgen Peter (D),NA,NA,NA,NA,NA,BMW,M3,E30,NA,Result: 40th 1st in V4 (23 laps behind the winner)Grid:,40th 1st in V4 (23 laps behind the winner)Grid:,finished,NA,NA,23 laps behind the winner,NA,https://www.racingsportscars.com/images/car_no_photo.png,https://www.racingsportscars.com/about.html#contrib,https://www.racingsportscars.com/make/photo/BMW.html,https://www.racingsportscars.com/type/photo/BMW/M3.html,https://www.racingsportscars.com/suffix/photo/BMW/M3/E30.html,NA
1999,15,VW Golf IV TDi - VW,41,S2,Porsche Zentrum Rhein Oberberg / Jürgen Alzen Motorsport,-,-,Alexander Trojan/Dieter Lindenbaum (D)/Rolf Blum/Karl-Christian Lück (D),NA,NA,NA,NA,NA,VW,Golf,IV TDi,NA,Result: 41st (23 laps behind the winner)Grid:,41st (23 laps behind the winner)Grid:,finished,NA,NA,23 laps behind the winner,NA,https://www.racingsportscars.com/images/car_no_photo.png,https://www.racingsportscars.com/about.html#contrib,https://www.racingsportscars.com/make/photo/VW.html,https://www.racingsportscars.com/type/photo/VW/Golf.html,https://www.racingsportscars.com/suffix/photo/VW/Golf/IV%20TDi.html,NA
1999,50,Porsche 911 Carrera Cup - Porsche,42,A6,,Closed bodywork,Rear-engined,Peter Becker (D)/Manfred Deiser/Johannes Paczynski (D)/Kersten Jodexnis (D),NA,NA,NA,NA,NA,Porsche,911 Carrera,Cup,NA,Result: 42nd (23 laps behind the winner)Grid:,42nd (23 laps behind the winner)Grid:,finished,NA,NA,23 laps behind the winner,NA,https://www.racingsportscars.com/images/car_no_photo.png,https://www.racingsportscars.com/about.html#contrib,https://www.racingsportscars.com/make/photo/Porsche.html,https://www.racingsportscars.com/type/photo/Porsche/911%20Carrera.html,https://www.racingsportscars.com/suffix/photo/Porsche/911%20Carrera/Cup.html,NA
1999,197,BMW 318 ti Compact - BMW,43,V2,DSK Ja zum Motorsport,-,-,Ulli Packeisen (D)/Georg Berlandy (D)/Eric Paterson (GB),NA,NA,NA,NA,NA,BMW,318,ti Compact,NA,Result: 43rd (24 laps behind the winner)Grid:,43rd (24 laps behind the winner)Grid:,finished,NA,NA,24 laps behind the winner,NA,https://www.racingsportscars.com/images/car_no_photo.png,https://www.racingsportscars.com/about.html#contrib,https://www.racingsportscars.com/make/photo/BMW.html,https://www.racingsportscars.com/type/photo/BMW/318.html,https://www.racingsportscars.com/suffix/photo/BMW/318/ti%20Compact.html,NA
1999,324,BMW M3 - BMW,44,Si3,Steinlein Motorsport,Closed bodywork,Front-engined,Josef Robl (D)/Alfred Hilger (D)/Dieter Steinlein (D)/Jo Albig,NA,NA,NA,NA,NA,BMW,M3,NA,NA,Result: 44th (24 laps behind the winner)Grid:,44th (24 laps behind the winner)Grid:,finished,NA,NA,24 laps behind the winner,NA,https://www.racingsportscars.com/images/car_no_photo.png,https://www.racingsportscars.com/about.html#contrib,https://www.racingsportscars.com/make/photo/BMW.html,https://www.racingsportscars.com/type/photo/BMW/M3.html,NA,NA
1999,232,Suzuki Swift GTi - Suzuki,45,A1,MSC Wahlscheid e. V. im ADAC,-,-,Uwe Unteroberdörster/Marcel Hoppe (D)/Thorsten Schwarz/Volker Jansen,NA,NA,NA,NA,NA,Suzuki,Swift,GTi,NA,Result: 45th (24 laps behind the winner)Grid:,45th (24 laps behind the winner)Grid:,finished,NA,NA,24 laps behind the winner,NA,https://www.racingsportscars.com/images/car_no_photo.png,https://www.racingsportscars.com/about.html#contrib,https://www.racingsportscars.com/make/photo/Suzuki.html,https://www.racingsportscars.com/type/photo/Suzuki/Swift.html,https://www.racingsportscars.com/suffix/photo/Suzuki/Swift/GTi.html,NA
1999,302,Alfa Romeo 156 TS - Alfa Romeo,46,Si2,Scuderia del Portello,-,-,Marco Cajani (I)/Franco Marci/Tony Ring (S)/Johannes Offergeld,NA,NA,NA,NA,NA,Alfa Romeo,156,TS,NA,Result: 46th (24 laps behind the winner)Grid:,46th (24 laps behind the winner)Grid:,finished,NA,NA,24 laps behind the winner,NA,https://www.racingsportscars.com/images/car_no_photo.png,https://www.racingsportscars.com/about.html#contrib,https://www.racingsportscars.com/make/photo/Alfa%20Romeo.html,https://www.racingsportscars.com/type/photo/Alfa%20Romeo/156.html,https://www.racingsportscars.com/suffix/photo/Alfa%20Romeo/156/TS.html,NA
1999,140,Mercedes-Benz 190 E 2.3-16 - Mercedes-Benz L4 4v 2323 cc N/A,47,V4,,Closed bodywork,Front-engined,Peter Eidam/Dirk Roth (D)/Andreas Schettler (D),NA,NA,NA,NA,NA,Mercedes-Benz,190 E,2.3-16,NA,Result: 47th (24 laps behind the winner)Grid:,47th (24 laps behind the winner)Grid:,finished,NA,NA,24 laps behind the winner,NA,https://www.racingsportscars.com/images/car_no_photo.png,https://www.racingsportscars.com/about.html#contrib,https://www.racingsportscars.com/make/photo/Mercedes-Benz.html,https://www.racingsportscars.com/type/photo/Mercedes-Benz/190%20E.html,https://www.racingsportscars.com/suffix/photo/Mercedes-Benz/190%20E/2.3-16.html,NA
1999,228,Peugeot 106 XSI - Peugeot,48,A1,DSK Ja zum Motorsport,-,-,David Rinössl/Bernd Knott/Kurt Hommes,NA,NA,NA,NA,NA,Peugeot,106,XSI,NA,Result: 48th (25 laps behind the winner)Grid:,48th (25 laps behind the winner)Grid:,finished,NA,NA,25 laps behind the winner,NA,https://www.racingsportscars.com/images/car_no_photo.png,https://www.racingsportscars.com/about.html#contrib,https://www.racingsportscars.com/make/photo/Peugeot.html,https://www.racingsportscars.com/type/photo/Peugeot/106.html,https://www.racingsportscars.com/suffix/photo/Peugeot/106/XSI.html,NA
1999,300,BMW Z3 - BMW,49,Si2,Steinlein Motorsport,-,-,Dieter Steinlein (D)/Guido Keller/Mitch Herman/Jo Albig,NA,NA,NA,NA,NA,BMW,Z3,NA,NA,Result: 49th (25 laps behind the winner)Grid:,49th (25 laps behind the winner)Grid:,finished,NA,NA,25 laps behind the winner,NA,https://www.racingsportscars.com/images/car_no_photo.png,https://www.racingsportscars.com/about.html#contrib,https://www.racingsportscars.com/make/photo/BMW.html,https://www.racingsportscars.com/type/photo/BMW/Z3.html,NA,NA
1999,181,Opel Calibra - Opel,50,V3,Taunus Racing Team e. V. im ADAC,Closed bodywork,Front-engined,Ludger Henrich/Heinz Kilp (D)/Stefan Sengl/Andreas Stöhr,NA,NA,NA,NA,NA,Opel,Calibra,NA,NA,Result: 50th 1st in V3 (25 laps behind the winner)Grid:,50th 1st in V3 (25 laps behind the winner)Grid:,finished,NA,NA,25 laps behind the winner,NA,https://www.racingsportscars.com/images/car_no_photo.png,https://www.racingsportscars.com/about.html#contrib,https://www.racingsportscars.com/make/photo/Opel.html,https://www.racingsportscars.com/type/photo/Opel/Calibra.html,NA,NA
1999,172,Honda Civic (EK4) - Honda,51,A2,Scuderia Offenbach e. V. im AvD,-,-,Andreas Rottstedt/Reimund Patrizio/Michael Weis/Denis Cribbin,NA,NA,NA,NA,NA,Honda,Civic,(EK4),NA,Result: 51st (25 laps behind the winner)Grid:,51st (25 laps behind the winner)Grid:,finished,NA,NA,25 laps behind the winner,NA,https://www.racingsportscars.com/images/car_no_photo.png,https://www.racingsportscars.com/about.html#contrib,https://www.racingsportscars.com/make/photo/Honda.html,https://www.racingsportscars.com/type/photo/Honda/Civic.html,https://www.racingsportscars.com/suffix/photo/Honda/Civic/(EK4).html,NA
1999,25,"Audi A4 quattro ""Gas"" - Audi",52,S2,Abt Sportsline,-,-,Christian Abt (D)/Christian Menzel (D)/Jürgen Hohenester (D),NA,NA,NA,NA,NA,Audi,A4,"quattro ""Gas""",NA,Result: 52nd (25 laps behind the winner)Grid:,52nd (25 laps behind the winner)Grid:,finished,NA,NA,25 laps behind the winner,NA,https://www.racingsportscars.com/images/car_no_photo.png,https://www.racingsportscars.com/about.html#contrib,https://www.racingsportscars.com/make/photo/Audi.html,https://www.racingsportscars.com/type/photo/Audi/A4.html,https://www.racingsportscars.com/suffix/photo/Audi/A4/quattro%20%22Gas%22.html,NA
1999,156,Seat Ibiza Cupra - Seat,53,N3,,-,-,Hans-Dieter Engel/André Engel/Christian Heigl,NA,NA,NA,NA,NA,Seat,Ibiza,Cupra,NA,Result: 53rd (26 laps behind the winner)Grid:,53rd (26 laps behind the winner)Grid:,finished,NA,NA,26 laps behind the winner,NA,https://www.racingsportscars.com/images/car_no_photo.png,https://www.racingsportscars.com/about.html#contrib,https://www.racingsportscars.com/make/photo/Seat.html,https://www.racingsportscars.com/type/photo/Seat/Ibiza.html,https://www.racingsportscars.com/suffix/photo/Seat/Ibiza/Cupra.html,NA
1999,87,Caterham 7 2000,54,A3,,-,-,Paul Harvey/Lol Pilfold/Doug Newman (GB)/Alan Maynard,NA,NA,NA,NA,NA,Caterham,7,2000,NA,Result: 54th (26 laps behind the winner)Grid:,54th (26 laps behind the winner)Grid:,finished,NA,NA,26 laps behind the winner,NA,https://www.racingsportscars.com/images/car_no_photo.png,https://www.racingsportscars.com/about.html#contrib,https://www.racingsportscars.com/make/photo/Caterham.html,https://www.racingsportscars.com/type/photo/Caterham/7.html,https://www.racingsportscars.com/suffix/photo/Caterham/7/2000.html,NA
1999,116,Renault Spider Sport - Renault,55,A3,MSC Pellenz-Plaidt e. V.,-,-,Dennis Rönz/Wolfgang Mayr/Christopher Peters (D)/Jörg Backhaus,NA,NA,NA,NA,NA,Renault,Spider,Sport,NA,Result: 55th (26 laps behind the winner)Grid:,55th (26 laps behind the winner)Grid:,finished,NA,NA,26 laps behind the winner,NA,https://www.racingsportscars.com/images/car_no_photo.png,https://www.racingsportscars.com/about.html#contrib,https://www.racingsportscars.com/make/photo/Renault.html,https://www.racingsportscars.com/type/photo/Renault/Spider.html,https://www.racingsportscars.com/suffix/photo/Renault/Spider/Sport.html,NA
1999,104,VW Golf GTI 16V - VW L4 4v N/A,56,A3,,Closed bodywork,Front-engined,Thomas Reissert/Thomas Müller (D)/Bernd Degner (D)/Wilfried Schmitz (D),NA,NA,NA,NA,NA,VW,Golf,GTI 16V,NA,Result: 56th (26 laps behind the winner)Grid:,56th (26 laps behind the winner)Grid:,finished,NA,NA,26 laps behind the winner,NA,https://www.racingsportscars.com/images/car_no_photo.png,https://www.racingsportscars.com/about.html#contrib,https://www.racingsportscars.com/make/photo/VW.html,https://www.racingsportscars.com/type/photo/VW/Golf.html,https://www.racingsportscars.com/suffix/photo/VW/Golf/GTI%2016V.html,NA
1999,180,Opel Astra - Opel,57,V3,Taunus Racing Team e. V. im ADAC,-,-,Ludger Henrich/Heinz Klip/Jürgen Schulten (D)/Rudi Adams (D),NA,NA,NA,NA,NA,Opel,Astra,NA,NA,Result: 57th (27 laps behind the winner)Grid:,57th (27 laps behind the winner)Grid:,finished,NA,NA,27 laps behind the winner,NA,https://www.racingsportscars.com/images/car_no_photo.png,https://www.racingsportscars.com/about.html#contrib,https://www.racingsportscars.com/make/photo/Opel.html,https://www.racingsportscars.com/type/photo/Opel/Astra.html,NA,NA
1999,108,Renault Clio 16V - Renault,58,N3,,-,-,Thomas Rosenbach/Klaus Stenzhorn/Hans Albert Schäfer/Markus Leger,NA,NA,NA,NA,NA,Renault,Clio,16V,NA,Result: 58th (27 laps behind the winner)Grid:,58th (27 laps behind the winner)Grid:,finished,NA,NA,27 laps behind the winner,NA,https://www.racingsportscars.com/images/car_no_photo.png,https://www.racingsportscars.com/about.html#contrib,https://www.racingsportscars.com/make/photo/Renault.html,https://www.racingsportscars.com/type/photo/Renault/Clio.html,https://www.racingsportscars.com/suffix/photo/Renault/Clio/16V.html,NA
1999,121,VW Golf - VW,59,A3,Team Oettinger Sport,-,-,Thomas Klenke (D)/Florian Fricke (D)/Klaus-Dieter Häckel/Klaus Osterhaus,NA,NA,NA,NA,NA,VW,Golf,NA,NA,Result: 59th (27 laps behind the winner)Grid:,59th (27 laps behind the winner)Grid:,finished,NA,NA,27 laps behind the winner,NA,https://www.racingsportscars.com/images/car_no_photo.png,https://www.racingsportscars.com/about.html#contrib,https://www.racingsportscars.com/make/photo/VW.html,https://www.racingsportscars.com/type/photo/VW/Golf.html,NA,NA
1999,301,Alfa Romeo 156 TS - Alfa Romeo,60,Si2,Scuderia del Portello (I),-,-,"""Blu Max""/Enzo de Vito (I)/Luca Scieghi (I)/Severio Castellaneta (I)",NA,NA,NA,NA,NA,Alfa Romeo,156,TS,NA,Result: 60th (27 laps behind the winner)Grid:,60th (27 laps behind the winner)Grid:,finished,NA,NA,27 laps behind the winner,NA,https://www.racingsportscars.com/images/car_no_photo.png,https://www.racingsportscars.com/about.html#contrib,https://www.racingsportscars.com/make/photo/Alfa%20Romeo.html,https://www.racingsportscars.com/type/photo/Alfa%20Romeo/156.html,https://www.racingsportscars.com/suffix/photo/Alfa%20Romeo/156/TS.html,NA
1999,224,Suzuki Swift GTi 16V - Suzuki,61,A1,Rothschmidt Racing Team,-,-,Kornelius Hoffmann (D)/Iris Hoffmann/Marcel Luhr/Torsten Adler,NA,NA,NA,NA,NA,Suzuki,Swift,GTi 16V,NA,Result: 61st (27 laps behind the winner)Grid:,61st (27 laps behind the winner)Grid:,finished,NA,NA,27 laps behind the winner,NA,https://www.racingsportscars.com/images/car_no_photo.png,https://www.racingsportscars.com/about.html#contrib,https://www.racingsportscars.com/make/photo/Suzuki.html,https://www.racingsportscars.com/type/photo/Suzuki/Swift.html,https://www.racingsportscars.com/suffix/photo/Suzuki/Swift/GTi%2016V.html,NA
1999,135,Mercedes-Benz 190 E 2.3-16 - Mercedes-Benz L4 4v 2323 cc N/A,62,V4,Continental Tuning Team,Closed bodywork,Front-engined,Rainer Brückner/Klaus Götzmann/Norbert Brenner (D)/Heinz-Willi Delzepich,NA,NA,NA,NA,NA,Mercedes-Benz,190 E,2.3-16,NA,Result: 62nd (27 laps behind the winner)Grid:,62nd (27 laps behind the winner)Grid:,finished,NA,NA,27 laps behind the winner,NA,https://www.racingsportscars.com/images/car_no_photo.png,https://www.racingsportscars.com/about.html#contrib,https://www.racingsportscars.com/make/photo/Mercedes-Benz.html,https://www.racingsportscars.com/type/photo/Mercedes-Benz/190%20E.html,https://www.racingsportscars.com/suffix/photo/Mercedes-Benz/190%20E/2.3-16.html,NA
1999,184,Opel Astra - Opel,63,V3,MSC Adenau e. V. im ADAC,-,-,Timo Frings/Mario Moranelli/Stephan Herter (D),NA,NA,NA,NA,NA,Opel,Astra,NA,NA,Result: 63rd (27 laps behind the winner)Grid:,63rd (27 laps behind the winner)Grid:,finished,NA,NA,27 laps behind the winner,NA,https://www.racingsportscars.com/images/car_no_photo.png,https://www.racingsportscars.com/about.html#contrib,https://www.racingsportscars.com/make/photo/Opel.html,https://www.racingsportscars.com/type/photo/Opel/Astra.html,NA,NA
1999,171,Peugeot 306 S16 - Peugeot,64,V4,,-,-,Dominque Geraudel/Bernard Dubois/Thierry Chkondali (F)/Alain Majerus (L),NA,NA,NA,NA,NA,Peugeot,306,S16,NA,Result: 64th (28 laps behind the winner)Grid:,64th (28 laps behind the winner)Grid:,finished,NA,NA,28 laps behind the winner,NA,https://www.racingsportscars.com/images/car_no_photo.png,https://www.racingsportscars.com/about.html#contrib,https://www.racingsportscars.com/make/photo/Peugeot.html,https://www.racingsportscars.com/type/photo/Peugeot/306.html,https://www.racingsportscars.com/suffix/photo/Peugeot/306/S16.html,NA
1999,179,Opel Kadett - Opel,65,V3,,Closed bodywork,Front-engined,Hans-Helmut Gail (D)/Bernd Küpper (D)/Lutz Bölter,NA,NA,NA,NA,NA,Opel,Kadett,NA,NA,Result: 65th (28 laps behind the winner)Grid:,65th (28 laps behind the winner)Grid:,finished,NA,NA,28 laps behind the winner,NA,https://www.racingsportscars.com/images/car_no_photo.png,https://www.racingsportscars.com/about.html#contrib,https://www.racingsportscars.com/make/photo/Opel.html,https://www.racingsportscars.com/type/photo/Opel/Kadett.html,NA,NA
1999,230,Caterham 1400 - Rover,66,A1,Bridgestone-TCS-Motorsport,-,-,Jörg van Ommen (D)/Dierk Möller-Sonntag (D)/Albert Königshausen/Karl Groetzner,NA,NA,NA,NA,NA,Caterham,1400,NA,NA,Result: 66th (29 laps behind the winner)Grid:,66th (29 laps behind the winner)Grid:,finished,NA,NA,29 laps behind the winner,NA,https://www.racingsportscars.com/images/car_no_photo.png,https://www.racingsportscars.com/about.html#contrib,https://www.racingsportscars.com/make/photo/Caterham.html,https://www.racingsportscars.com/type/photo/Caterham/1400.html,NA,NA
1999,239,Citroën AX GTi - Citroën,67,A1,Scuderia Avus e. V. im ADAC,-,-,Michael Neumann (D)/Hardy Wroblewicz/Manfred Werker/Walter Storm,NA,NA,NA,NA,NA,Citroën,AX,GTi,NA,Result: 67th (29 laps behind the winner)Grid:,67th (29 laps behind the winner)Grid:,finished,NA,NA,29 laps behind the winner,NA,https://www.racingsportscars.com/images/car_no_photo.png,https://www.racingsportscars.com/about.html#contrib,https://www.racingsportscars.com/make/photo/Citro%c3%abn.html,https://www.racingsportscars.com/type/photo/Citro%c3%abn/AX.html,https://www.racingsportscars.com/suffix/photo/Citro%c3%abn/AX/GTi.html,NA
1999,82,Opel Astra G - Opel,68,A3,Mühlner Motorsport SPRL,-,-,Rainer Braun (D)/Frank Klaas/Guido Stalmann/Peter Wyss (CH),NA,NA,NA,NA,NA,Opel,Astra,G,NA,Result: 68th (29 laps behind the winner)Grid:,68th (29 laps behind the winner)Grid:,finished,NA,NA,29 laps behind the winner,NA,https://www.racingsportscars.com/images/car_no_photo.png,https://www.racingsportscars.com/about.html#contrib,https://www.racingsportscars.com/make/photo/Opel.html,https://www.racingsportscars.com/type/photo/Opel/Astra.html,https://www.racingsportscars.com/suffix/photo/Opel/Astra/G.html,NA
1999,38,BMW M3 E36 - BMW,69,A6,,Closed bodywork,Front-engined,Michael Tischner (D)/Wilfried Thal/Matthias Tischner (D),NA,NA,NA,NA,NA,BMW,M3,E36,NA,Result: 69th (29 laps behind the winner)Grid:,69th (29 laps behind the winner)Grid:,finished,NA,NA,29 laps behind the winner,NA,https://www.racingsportscars.com/images/car_no_photo.png,https://www.racingsportscars.com/about.html#contrib,https://www.racingsportscars.com/make/photo/BMW.html,https://www.racingsportscars.com/type/photo/BMW/M3.html,https://www.racingsportscars.com/suffix/photo/BMW/M3/E36.html,NA
1999,173,Honda Civic SiR (EG6) - Honda,70,A2,,-,-,Chris Atkinson/Kelvin May/Peter Venn (D)/Adam Wiseberg (GB),NA,NA,NA,NA,NA,Honda,Civic,SiR (EG6),NA,Result: 70th (30 laps behind the winner)Grid:,70th (30 laps behind the winner)Grid:,finished,NA,NA,30 laps behind the winner,NA,https://www.racingsportscars.com/images/car_no_photo.png,https://www.racingsportscars.com/about.html#contrib,https://www.racingsportscars.com/make/photo/Honda.html,https://www.racingsportscars.com/type/photo/Honda/Civic.html,https://www.racingsportscars.com/suffix/photo/Honda/Civic/SiR%20(EG6).html,NA
1999,157,Opel Astra GSi - Opel,71,N3,,-,-,Rene Rudelt/Eberhard Katz/Heinrich Kaltwasser,NA,NA,NA,NA,NA,Opel,Astra,GSi,NA,Result: 71st (30 laps behind the winner)Grid:,71st (30 laps behind the winner)Grid:,finished,NA,NA,30 laps behind the winner,NA,https://www.racingsportscars.com/images/car_no_photo.png,https://www.racingsportscars.com/about.html#contrib,https://www.racingsportscars.com/make/photo/Opel.html,https://www.racingsportscars.com/type/photo/Opel/Astra.html,https://www.racingsportscars.com/suffix/photo/Opel/Astra/GSi.html,NA
1999,322,BMW M3 E36 - BMW,72,Si3,Moore International Motorsport,Closed bodywork,Front-engined,Alec Arho/Teemu Saläne/Heikki Salmenautio (FIN)/Mikael Santavirta,NA,NA,NA,NA,NA,BMW,M3,E36,NA,Result: 72nd (31 laps behind the winner)Grid:,72nd (31 laps behind the winner)Grid:,finished,NA,NA,31 laps behind the winner,NA,https://www.racingsportscars.com/images/car_no_photo.png,https://www.racingsportscars.com/about.html#contrib,https://www.racingsportscars.com/make/photo/BMW.html,https://www.racingsportscars.com/type/photo/BMW/M3.html,https://www.racingsportscars.com/suffix/photo/BMW/M3/E36.html,NA
1999,225,Suzuki Swift GTi 16V - Suzuki,73,A1,Rothschmidt Racing Team,-,-,Sven Kehl/Werner Kehl/Theo Schorn/Heiko Schorn,NA,NA,NA,NA,NA,Suzuki,Swift,GTi 16V,NA,Result: 73rd (31 laps behind the winner)Grid:,73rd (31 laps behind the winner)Grid:,finished,NA,NA,31 laps behind the winner,NA,https://www.racingsportscars.com/images/car_no_photo.png,https://www.racingsportscars.com/about.html#contrib,https://www.racingsportscars.com/make/photo/Suzuki.html,https://www.racingsportscars.com/type/photo/Suzuki/Swift.html,https://www.racingsportscars.com/suffix/photo/Suzuki/Swift/GTi%2016V.html,NA
1999,160,Alfa Romeo 156 - Alfa Romeo,74,N3,,-,-,Daniele Griotti/Franco Mondino (I)/Peter Müller/Enrico Comana,NA,NA,NA,NA,NA,Alfa Romeo,156,NA,NA,Result: 74th (31 laps behind the winner)Grid:,74th (31 laps behind the winner)Grid:,finished,NA,NA,31 laps behind the winner,NA,https://www.racingsportscars.com/images/car_no_photo.png,https://www.racingsportscars.com/about.html#contrib,https://www.racingsportscars.com/make/photo/Alfa%20Romeo.html,https://www.racingsportscars.com/type/photo/Alfa%20Romeo/156.html,NA,NA
1999,10,VW Bora R-TDi - VW TDI,75,S2,Volkswagen Motorsport,Closed bodywork,Front-engined,Kris Nissen (DK)/Jean-François Hemroulle (B)/Jörg Seidel (D)/Raimund Baumschlager (A),NA,NA,NA,NA,NA,VW,Bora,R-TDi,NA,Result: 75th (31 laps behind the winner)Grid:,75th (31 laps behind the winner)Grid:,finished,NA,NA,31 laps behind the winner,NA,https://www.racingsportscars.com/images/car_no_photo.png,https://www.racingsportscars.com/about.html#contrib,https://www.racingsportscars.com/make/photo/VW.html,https://www.racingsportscars.com/type/photo/VW/Bora.html,https://www.racingsportscars.com/suffix/photo/VW/Bora/R-TDi.html,NA
1999,185,Seat Ibiza Cupra - Seat,76,V3,,-,-,Michael Marsani/Michael Jung/Axel Friedhoff (D),NA,NA,NA,NA,NA,Seat,Ibiza,Cupra,NA,Result: 76th (31 laps behind the winner)Grid:,76th (31 laps behind the winner)Grid:,finished,NA,NA,31 laps behind the winner,NA,https://www.racingsportscars.com/images/car_no_photo.png,https://www.racingsportscars.com/about.html#contrib,https://www.racingsportscars.com/make/photo/Seat.html,https://www.racingsportscars.com/type/photo/Seat/Ibiza.html,https://www.racingsportscars.com/suffix/photo/Seat/Ibiza/Cupra.html,NA
1999,36,Subaru Impreza WRX - Subaru,77,A5,,-,-,Graham Coomes (GB)/Ian Mitchell (GB),NA,NA,NA,NA,NA,Subaru,Impreza,WRX,NA,Result: 77th (31 laps behind the winner)Grid:,77th (31 laps behind the winner)Grid:,finished,NA,NA,31 laps behind the winner,NA,https://www.racingsportscars.com/images/car_no_photo.png,https://www.racingsportscars.com/about.html#contrib,https://www.racingsportscars.com/make/photo/Subaru.html,https://www.racingsportscars.com/type/photo/Subaru/Impreza.html,https://www.racingsportscars.com/suffix/photo/Subaru/Impreza/WRX.html,NA
1999,163,Nissan Sunny GTi - Nissan,78,V4,Guthmann Motorsport,-,-,Jörg Guthmann/Gerd Flentje/Roger Dowe (GB)/Waldemar Karkoschka,NA,NA,NA,NA,NA,Nissan,Sunny,GTi,NA,Result: 78th (32 laps behind the winner)Grid:,78th (32 laps behind the winner)Grid:,finished,NA,NA,32 laps behind the winner,NA,https://www.racingsportscars.com/images/car_no_photo.png,https://www.racingsportscars.com/about.html#contrib,https://www.racingsportscars.com/make/photo/Nissan.html,https://www.racingsportscars.com/type/photo/Nissan/Sunny.html,https://www.racingsportscars.com/suffix/photo/Nissan/Sunny/GTi.html,NA
1999,86,Caterham 7 2000,79,A3,,-,-,Mike Jones/Pat Jennings/Alan Maynard/Paul Harvey,NA,NA,NA,NA,NA,Caterham,7,2000,NA,Result: 79th (32 laps behind the winner)Grid:,79th (32 laps behind the winner)Grid:,finished,NA,NA,32 laps behind the winner,NA,https://www.racingsportscars.com/images/car_no_photo.png,https://www.racingsportscars.com/about.html#contrib,https://www.racingsportscars.com/make/photo/Caterham.html,https://www.racingsportscars.com/type/photo/Caterham/7.html,https://www.racingsportscars.com/suffix/photo/Caterham/7/2000.html,NA
1999,83,Opel Astra G - Opel,80,A3,Mühlner Motorsport SPRL,-,-,Burkhard Bechtel/Volker Dressel/Gunda Niemann-Stirnemann/Jan Stecker,NA,NA,NA,NA,NA,Opel,Astra,G,NA,Result: 80th (32 laps behind the winner)Grid:,80th (32 laps behind the winner)Grid:,finished,NA,NA,32 laps behind the winner,NA,https://www.racingsportscars.com/images/car_no_photo.png,https://www.racingsportscars.com/about.html#contrib,https://www.racingsportscars.com/make/photo/Opel.html,https://www.racingsportscars.com/type/photo/Opel/Astra.html,https://www.racingsportscars.com/suffix/photo/Opel/Astra/G.html,NA
1999,158,Alfa Romeo 145 - Alfa Romeo,81,A3,Alfa Romeo Scuola Sportiva,-,-,Dirk Vincken/Herbert Schürg (D)/Hartwig Petersen/Jörg Walz,NA,NA,NA,NA,NA,Alfa Romeo,145,NA,NA,Result: 81st (32 laps behind the winner)Grid:,81st (32 laps behind the winner)Grid:,finished,NA,NA,32 laps behind the winner,NA,https://www.racingsportscars.com/images/car_no_photo.png,https://www.racingsportscars.com/about.html#contrib,https://www.racingsportscars.com/make/photo/Alfa%20Romeo.html,https://www.racingsportscars.com/type/photo/Alfa%20Romeo/145.html,NA,NA
1999,192,Mitsubishi Carisma Gdi - Mitsubishi,82,V2,MSC Ruhrblitz Bochum e. V. im ADAC,-,-,Hans-Jürgen Harms/Boris Brunnacker/Olaf Schnetger/Marcel Schettler,NA,NA,NA,NA,NA,Mitsubishi,Carisma,Gdi,NA,Result: 82nd (33 laps behind the winner)Grid:,82nd (33 laps behind the winner)Grid:,finished,NA,NA,33 laps behind the winner,NA,https://www.racingsportscars.com/images/car_no_photo.png,https://www.racingsportscars.com/about.html#contrib,https://www.racingsportscars.com/make/photo/Mitsubishi.html,https://www.racingsportscars.com/type/photo/Mitsubishi/Carisma.html,https://www.racingsportscars.com/suffix/photo/Mitsubishi/Carisma/Gdi.html,NA
1999,208,Honda Civic CRX - Honda,83,A2,HMC Öhringen e. V.,-,-,Christian Saur/Fritz Köhler/Eckhard Bihlmaier/Günter Kühlewein (D),NA,NA,NA,NA,NA,Honda,Civic,CRX,NA,Result: 83rd (33 laps behind the winner)Grid:,83rd (33 laps behind the winner)Grid:,finished,NA,NA,33 laps behind the winner,NA,https://www.racingsportscars.com/images/car_no_photo.png,https://www.racingsportscars.com/about.html#contrib,https://www.racingsportscars.com/make/photo/Honda.html,https://www.racingsportscars.com/type/photo/Honda/Civic.html,https://www.racingsportscars.com/suffix/photo/Honda/Civic/CRX.html,NA
1999,175,Opel Vectra 16V - Opel,84,V3,,-,-,Stefan Hardtke/Roland Hardtke/Gerd Richard Flenje,NA,NA,NA,NA,NA,Opel,Vectra,16V,NA,Result: 84th (33 laps behind the winner)Grid:,84th (33 laps behind the winner)Grid:,finished,NA,NA,33 laps behind the winner,NA,https://www.racingsportscars.com/images/car_no_photo.png,https://www.racingsportscars.com/about.html#contrib,https://www.racingsportscars.com/make/photo/Opel.html,https://www.racingsportscars.com/type/photo/Opel/Vectra.html,https://www.racingsportscars.com/suffix/photo/Opel/Vectra/16V.html,NA
1999,223,Renault Alpine - Renault,85,A1,Schäfer Tuning e. V.,-,-,Jens Schäfer/Andreas Bernardy/Jürgen Ernzer,NA,NA,NA,NA,NA,Renault,Alpine,NA,NA,Result: 85th (33 laps behind the winner)Grid:,85th (33 laps behind the winner)Grid:,finished,NA,NA,33 laps behind the winner,NA,https://www.racingsportscars.com/images/car_no_photo.png,https://www.racingsportscars.com/about.html#contrib,https://www.racingsportscars.com/make/photo/Renault.html,https://www.racingsportscars.com/type/photo/Renault/Alpine.html,NA,NA
1999,227,Suzuki Swift GTi - Suzuki,86,A1,Renngemeinschaft Bergisch-Gladbach e. V. im ADAC,-,-,Thomas Bölling/Salvatore Erba/Wilfried Faßbender/Erwin Lukas (D),NA,NA,NA,NA,NA,Suzuki,Swift,GTi,NA,Result: 86th (33 laps behind the winner)Grid:,86th (33 laps behind the winner)Grid:,finished,NA,NA,33 laps behind the winner,NA,https://www.racingsportscars.com/images/car_no_photo.png,https://www.racingsportscars.com/about.html#contrib,https://www.racingsportscars.com/make/photo/Suzuki.html,https://www.racingsportscars.com/type/photo/Suzuki/Swift.html,https://www.racingsportscars.com/suffix/photo/Suzuki/Swift/GTi.html,NA
1999,234,Citroën AX GTi - Citroën,87,A1,,-,-,Udo Bonin/Jörg Bonin/Michael Freisberg/Jörg Weber,NA,NA,NA,NA,NA,Citroën,AX,GTi,NA,Result: 87th (33 laps behind the winner)Grid:,87th (33 laps behind the winner)Grid:,finished,NA,NA,33 laps behind the winner,NA,https://www.racingsportscars.com/images/car_no_photo.png,https://www.racingsportscars.com/about.html#contrib,https://www.racingsportscars.com/make/photo/Citro%c3%abn.html,https://www.racingsportscars.com/type/photo/Citro%c3%abn/AX.html,https://www.racingsportscars.com/suffix/photo/Citro%c3%abn/AX/GTi.html,NA
1999,57,Fiat Coupé 16V Turbo - Fiat L4 4v Turbo,88,A5,Ecurie La Meute (F),Closed bodywork,Front-engined,Michel Dunand/Christian Grosjean/John Salmona (F)/Regis Laplana (F),NA,NA,NA,NA,NA,Fiat,Coupé,16V Turbo,NA,Result: 88th (33 laps behind the winner)Grid:,88th (33 laps behind the winner)Grid:,finished,NA,NA,33 laps behind the winner,NA,https://www.racingsportscars.com/images/car_no_photo.png,https://www.racingsportscars.com/about.html#contrib,https://www.racingsportscars.com/make/photo/Fiat.html,https://www.racingsportscars.com/type/photo/Fiat/Coup%c3%a9.html,https://www.racingsportscars.com/suffix/photo/Fiat/Coup%c3%a9/16V%20Turbo.html,NA
1999,136,BMW M3 E30 - BMW,89,V4,,Closed bodywork,Front-engined,Michael Luther/Michael Krohn/Andreas Duve/Vincenzo Mancino,NA,NA,NA,NA,NA,BMW,M3,E30,NA,Result: 89th (34 laps behind the winner)Grid:,89th (34 laps behind the winner)Grid:,finished,NA,NA,34 laps behind the winner,NA,https://www.racingsportscars.com/images/car_no_photo.png,https://www.racingsportscars.com/about.html#contrib,https://www.racingsportscars.com/make/photo/BMW.html,https://www.racingsportscars.com/type/photo/BMW/M3.html,https://www.racingsportscars.com/suffix/photo/BMW/M3/E30.html,NA
1999,332,BMW M3 - BMW,90,Si3,,Closed bodywork,Front-engined,David Leslie (GB)/Thomas Jakobitsch (A)/Harry Handkammer (GB)/Valentine Lindsay (GB),NA,NA,NA,NA,NA,BMW,M3,NA,NA,Result: 90th (34 laps behind the winner)Grid:,90th (34 laps behind the winner)Grid:,finished,NA,NA,34 laps behind the winner,NA,https://www.racingsportscars.com/images/car_no_photo.png,https://www.racingsportscars.com/about.html#contrib,https://www.racingsportscars.com/make/photo/BMW.html,https://www.racingsportscars.com/type/photo/BMW/M3.html,NA,NA
1999,102,Opel Astra GSi - Opel,91,A3,MSC Wahlscheid e. V. im ADAC,-,-,Roland Senge/Günter Werner/Heinz Jansen/Wolfgang Haugg (D),NA,NA,NA,NA,NA,Opel,Astra,GSi,NA,Result: 91st (34 laps behind the winner)Grid:,91st (34 laps behind the winner)Grid:,finished,NA,NA,34 laps behind the winner,NA,https://www.racingsportscars.com/images/car_no_photo.png,https://www.racingsportscars.com/about.html#contrib,https://www.racingsportscars.com/make/photo/Opel.html,https://www.racingsportscars.com/type/photo/Opel/Astra.html,https://www.racingsportscars.com/suffix/photo/Opel/Astra/GSi.html,NA
1999,200,Renault 19 16V - Renault,92,V2,MSC Ruhrblitz Bochum e. V. im ADAC,-,-,Dietmar Lorken-Korte/Martin Burhenne/Thorsten Gränert,NA,NA,NA,NA,NA,Renault,19,16V,NA,Result: 92nd (34 laps behind the winner)Grid:,92nd (34 laps behind the winner)Grid:,finished,NA,NA,34 laps behind the winner,NA,https://www.racingsportscars.com/images/car_no_photo.png,https://www.racingsportscars.com/about.html#contrib,https://www.racingsportscars.com/make/photo/Renault.html,https://www.racingsportscars.com/type/photo/Renault/19.html,https://www.racingsportscars.com/suffix/photo/Renault/19/16V.html,NA
1999,305,Renault Clio I Williams - Renault N/A,93,Si2,East Belgian Racing Team,Closed bodywork,Front-engined,Jacky Delvaux (B)/Robert Matot (B)/Bernard Crouquet (B)/Jonathan Price (GB),NA,NA,NA,NA,NA,Renault,Clio,I Williams,NA,Result: 93rd (35 laps behind the winner)Grid:,93rd (35 laps behind the winner)Grid:,finished,NA,NA,35 laps behind the winner,NA,https://www.racingsportscars.com/images/car_no_photo.png,https://www.racingsportscars.com/about.html#contrib,https://www.racingsportscars.com/make/photo/Renault.html,https://www.racingsportscars.com/type/photo/Renault/Clio.html,https://www.racingsportscars.com/suffix/photo/Renault/Clio/I%20Williams.html,NA
1999,238,Suzuki Swift GTi - Suzuki,94,A1,ADAC Niedersachsen/Sachsen-Anhalt e. V.,-,-,Stefan Ellendt/Lars Döhmann/Joachim Dumke/Andreas Leue,NA,NA,NA,NA,NA,Suzuki,Swift,GTi,NA,Result: 94th (35 laps behind the winner)Grid:,94th (35 laps behind the winner)Grid:,finished,NA,NA,35 laps behind the winner,NA,https://www.racingsportscars.com/images/car_no_photo.png,https://www.racingsportscars.com/about.html#contrib,https://www.racingsportscars.com/make/photo/Suzuki.html,https://www.racingsportscars.com/type/photo/Suzuki/Swift.html,https://www.racingsportscars.com/suffix/photo/Suzuki/Swift/GTi.html,NA
1999,211,Honda Civic SiR - Honda,95,A2,,Closed bodywork,-,Christoph Karger/Cyril Kalbassi (D)/Kotaro Yamamoto (J)/Norman Starke,NA,NA,NA,NA,NA,Honda,Civic,SiR,NA,Result: 95th (35 laps behind the winner)Grid:,95th (35 laps behind the winner)Grid:,finished,NA,NA,35 laps behind the winner,NA,https://www.racingsportscars.com/images/car_no_photo.png,https://www.racingsportscars.com/about.html#contrib,https://www.racingsportscars.com/make/photo/Honda.html,https://www.racingsportscars.com/type/photo/Honda/Civic.html,https://www.racingsportscars.com/suffix/photo/Honda/Civic/SiR.html,NA
1999,245,Peugeot 106 Rallye - Peugeot,96,A1,,-,-,Denis Gaessler/Jean Caillet/Stephane Decourneau/Christophe Valet,NA,NA,NA,NA,NA,Peugeot,106,Rallye,NA,Result: 96th (35 laps behind the winner)Grid:,96th (35 laps behind the winner)Grid:,finished,NA,NA,35 laps behind the winner,NA,https://www.racingsportscars.com/images/car_no_photo.png,https://www.racingsportscars.com/about.html#contrib,https://www.racingsportscars.com/make/photo/Peugeot.html,https://www.racingsportscars.com/type/photo/Peugeot/106.html,https://www.racingsportscars.com/suffix/photo/Peugeot/106/Rallye.html,NA
1999,32,Porsche 911 - Porsche,97,A6,,-,Rear-engined,Kai Kruse/Arno Klasen (D)/Karl Maasen/Michael Irmgartz,NA,NA,NA,NA,NA,Porsche,911,NA,NA,Result: 97th (35 laps behind the winner)Grid:,97th (35 laps behind the winner)Grid:,finished,NA,NA,35 laps behind the winner,NA,https://www.racingsportscars.com/images/car_no_photo.png,https://www.racingsportscars.com/about.html#contrib,https://www.racingsportscars.com/make/photo/Porsche.html,https://www.racingsportscars.com/type/photo/Porsche/911.html,NA,NA
1999,7,Audi TT quattro - Audi,98,A4,Continental Tuning Team,-,-,Jochen Mass (D)/Josef Müller/Michael Ruess (D),NA,NA,NA,NA,NA,Audi,TT,quattro,NA,Result: 98th (36 laps behind the winner)Grid:,98th (36 laps behind the winner)Grid:,finished,NA,NA,36 laps behind the winner,NA,https://www.racingsportscars.com/images/car_no_photo.png,https://www.racingsportscars.com/about.html#contrib,https://www.racingsportscars.com/make/photo/Audi.html,https://www.racingsportscars.com/type/photo/Audi/TT.html,https://www.racingsportscars.com/suffix/photo/Audi/TT/quattro.html,NA
1999,6,BMW 320d - BMW,99,S1,Cibiemme,Closed bodywork,Front-engined,Gianmarino Zenere (I)/Beppe Gabbiani (I)/Fredrik Ekblom (S)/Andy Bovensiepen (D),NA,NA,NA,NA,NA,BMW,320d,NA,NA,Result: 99th 1st in S1 (36 laps behind the winner)Grid:,99th 1st in S1 (36 laps behind the winner)Grid:,finished,NA,NA,36 laps behind the winner,NA,https://www.racingsportscars.com/images/car_no_photo.png,https://www.racingsportscars.com/about.html#contrib,https://www.racingsportscars.com/make/photo/BMW.html,https://www.racingsportscars.com/type/photo/BMW/320d.html,NA,NA
1999,195,BMW 318 ti Compact - BMW,100,V2,,-,-,Peter Buschmans/Marco Keller (D)/Norbert Müller/Peter Schüller,NA,NA,NA,NA,NA,BMW,318,ti Compact,NA,Result: 100th (36 laps behind the winner)Grid:,100th (36 laps behind the winner)Grid:,finished,NA,NA,36 laps behind the winner,NA,https://www.racingsportscars.com/images/car_no_photo.png,https://www.racingsportscars.com/about.html#contrib,https://www.racingsportscars.com/make/photo/BMW.html,https://www.racingsportscars.com/type/photo/BMW/318.html,https://www.racingsportscars.com/suffix/photo/BMW/318/ti%20Compact.html,NA
1999,99,Audi TT Turbo - Audi,101,A4,,-,-,Carsten Struwe (D)/Jochen Übler (D)/Karl Jacobs (B),NA,NA,NA,NA,NA,Audi,TT,Turbo,NA,Result: 101st (36 laps behind the winner)Grid:,101st (36 laps behind the winner)Grid:,finished,NA,NA,36 laps behind the winner,NA,https://www.racingsportscars.com/images/car_no_photo.png,https://www.racingsportscars.com/about.html#contrib,https://www.racingsportscars.com/make/photo/Audi.html,https://www.racingsportscars.com/type/photo/Audi/TT.html,https://www.racingsportscars.com/suffix/photo/Audi/TT/Turbo.html,NA
1999,91,Opel Astra - Opel,102,A3,,-,-,Christoph Stoll/Dirk Esser/Marcus Breuer/Friedbert Döhler,NA,NA,NA,NA,NA,Opel,Astra,NA,NA,Result: 102nd (37 laps behind the winner)Grid:,102nd (37 laps behind the winner)Grid:,finished,NA,NA,37 laps behind the winner,NA,https://www.racingsportscars.com/images/car_no_photo.png,https://www.racingsportscars.com/about.html#contrib,https://www.racingsportscars.com/make/photo/Opel.html,https://www.racingsportscars.com/type/photo/Opel/Astra.html,NA,NA
1999,123,Renault Clio Cup - Renault,103,A3,,-,-,Nicole Dahlen/Thomas Krüger (D)/Lothar Dahlen (D)/Richard Höhfeld (D),NA,NA,NA,NA,NA,Renault,Clio,Cup,NA,Result: 103rd (37 laps behind the winner)Grid:,103rd (37 laps behind the winner)Grid:,finished,NA,NA,37 laps behind the winner,NA,https://www.racingsportscars.com/images/car_no_photo.png,https://www.racingsportscars.com/about.html#contrib,https://www.racingsportscars.com/make/photo/Renault.html,https://www.racingsportscars.com/type/photo/Renault/Clio.html,https://www.racingsportscars.com/suffix/photo/Renault/Clio/Cup.html,NA
1999,88,Morgan Plus 8 #,104,A6,Morgan Club Deutschland e. V.,-,Front-engined,Christian Bock (D)/Michael Bock (GB)/Matthias Te Neues,NA,NA,NA,NA,NA,Morgan,Plus 8,NA,#,Result: 104th (37 laps behind the winner)Grid:,104th (37 laps behind the winner)Grid:,finished,NA,NA,37 laps behind the winner,NA,https://www.racingsportscars.com/images/car_no_photo.png,https://www.racingsportscars.com/about.html#contrib,https://www.racingsportscars.com/make/photo/Morgan.html,https://www.racingsportscars.com/type/photo/Morgan/Plus%208.html,NA,https://www.racingsportscars.com/chassis/photo/Plus8-Bock%23.html
1999,169,Honda Integra Type R - Honda,105,N3,,-,-,Gerhard Molzberger/Jens Mattern/Norbert Bermes (D),NA,NA,NA,NA,NA,Honda,Integra,Type R,NA,Result: 105th (37 laps behind the winner)Grid:,105th (37 laps behind the winner)Grid:,finished,NA,NA,37 laps behind the winner,NA,https://www.racingsportscars.com/images/car_no_photo.png,https://www.racingsportscars.com/about.html#contrib,https://www.racingsportscars.com/make/photo/Honda.html,https://www.racingsportscars.com/type/photo/Honda/Integra.html,https://www.racingsportscars.com/suffix/photo/Honda/Integra/Type%20R.html,NA
1999,176,Opel Astra GSi - Opel,106,V3,,-,-,Andreas Kramer (CH)/Martin Tschornia (D)/Hubert Nacken (D)/Reik Kleinherbers,NA,NA,NA,NA,NA,Opel,Astra,GSi,NA,Result: 106th (38 laps behind the winner)Grid:,106th (38 laps behind the winner)Grid:,finished,NA,NA,38 laps behind the winner,NA,https://www.racingsportscars.com/images/car_no_photo.png,https://www.racingsportscars.com/about.html#contrib,https://www.racingsportscars.com/make/photo/Opel.html,https://www.racingsportscars.com/type/photo/Opel/Astra.html,https://www.racingsportscars.com/suffix/photo/Opel/Astra/GSi.html,NA
1999,190,BMW 318 ti Compact - BMW,107,V2,Team Reuter Motorsport,-,-,Karl-Willi Gödel/Rainer Dörr (D)/Christian Reiter (D),NA,NA,NA,NA,NA,BMW,318,ti Compact,NA,Result: 107th (38 laps behind the winner)Grid:,107th (38 laps behind the winner)Grid:,finished,NA,NA,38 laps behind the winner,NA,https://www.racingsportscars.com/images/car_no_photo.png,https://www.racingsportscars.com/about.html#contrib,https://www.racingsportscars.com/make/photo/BMW.html,https://www.racingsportscars.com/type/photo/BMW/318.html,https://www.racingsportscars.com/suffix/photo/BMW/318/ti%20Compact.html,NA
1999,132,Alfa Romeo 33 - Alfa Romeo,108,A3,Derichs Rennwagen,-,-,Marcus von Oeynhausen (D)/Christian von Wedel/Fabian v. Einsiedel/Jürgen Möhle (D),NA,NA,NA,NA,NA,Alfa Romeo,33,NA,NA,Result: 108th (38 laps behind the winner)Grid:,108th (38 laps behind the winner)Grid:,finished,NA,NA,38 laps behind the winner,NA,https://www.racingsportscars.com/images/car_no_photo.png,https://www.racingsportscars.com/about.html#contrib,https://www.racingsportscars.com/make/photo/Alfa%20Romeo.html,https://www.racingsportscars.com/type/photo/Alfa%20Romeo/33.html,NA,NA
1999,124,Renault Clio Cup - Renault,109,A3,AC Mayen e. V. im ADAC,-,-,Susanne Mintgen/Mario Köhler/Stefan Engelhardt/Ingo Patscheider,NA,NA,NA,NA,NA,Renault,Clio,Cup,NA,Result: 109th (38 laps behind the winner)Grid:,109th (38 laps behind the winner)Grid:,finished,NA,NA,38 laps behind the winner,NA,https://www.racingsportscars.com/images/car_no_photo.png,https://www.racingsportscars.com/about.html#contrib,https://www.racingsportscars.com/make/photo/Renault.html,https://www.racingsportscars.com/type/photo/Renault/Clio.html,https://www.racingsportscars.com/suffix/photo/Renault/Clio/Cup.html,NA
1999,207,Toyota Corolla (AE86) 16V - Toyota L4 4v N/A,110,A2,DSK Ja zum Motorsport,Closed bodywork,Front-engined,Eberhard Schreckert/Uwe Köthe/Joachim Rudolf,NA,NA,NA,NA,NA,Toyota,Corolla,(AE86) 16V,NA,Result: 110th (38 laps behind the winner)Grid:,110th (38 laps behind the winner)Grid:,finished,NA,NA,38 laps behind the winner,NA,https://www.racingsportscars.com/images/car_no_photo.png,https://www.racingsportscars.com/about.html#contrib,https://www.racingsportscars.com/make/photo/Toyota.html,https://www.racingsportscars.com/type/photo/Toyota/Corolla.html,https://www.racingsportscars.com/suffix/photo/Toyota/Corolla/(AE86)%2016V.html,NA
1999,182,Mitsubishi Space Star - Mitsubishi,111,V2,AAC Bad Neuenahr e. V. im ADAC,-,-,"Peter Valder (D)/Peter Valder, Jr. (D)/Denny Valder (D)",NA,NA,NA,NA,NA,Mitsubishi,Space Star,NA,NA,Result: 111th (39 laps behind the winner)Grid:,111th (39 laps behind the winner)Grid:,finished,NA,NA,39 laps behind the winner,NA,https://www.racingsportscars.com/images/car_no_photo.png,https://www.racingsportscars.com/about.html#contrib,https://www.racingsportscars.com/make/photo/Mitsubishi.html,https://www.racingsportscars.com/type/photo/Mitsubishi/Space%20Star.html,NA,NA
1999,133,VW Golf II GTI - VW,112,A3,AC Mülheim Ruhr e. V. im ADAC,-,-,Rolf Siebert/Berthold Bassfeld/Holger Roggenbuck/Marcus Schmitz,NA,NA,NA,NA,NA,VW,Golf,II GTI,NA,Result: 112th (39 laps behind the winner)Grid:,112th (39 laps behind the winner)Grid:,finished,NA,NA,39 laps behind the winner,NA,https://www.racingsportscars.com/images/car_no_photo.png,https://www.racingsportscars.com/about.html#contrib,https://www.racingsportscars.com/make/photo/VW.html,https://www.racingsportscars.com/type/photo/VW/Golf.html,https://www.racingsportscars.com/suffix/photo/VW/Golf/II%20GTI.html,NA
1999,330,BMW M3 - BMW,113,Si3,,Closed bodywork,Front-engined,Guy Povey (GB)/Ian Donaldson (GB)/Peter Rosemier,NA,NA,NA,NA,NA,BMW,M3,NA,NA,Result: 113th (39 laps behind the winner)Grid:,113th (39 laps behind the winner)Grid:,finished,NA,NA,39 laps behind the winner,NA,https://www.racingsportscars.com/images/car_no_photo.png,https://www.racingsportscars.com/about.html#contrib,https://www.racingsportscars.com/make/photo/BMW.html,https://www.racingsportscars.com/type/photo/BMW/M3.html,NA,NA
1999,35,BMW M3 E36 - BMW,114,A6,East Belgian Racing Team-Schröder Motorsport,Closed bodywork,Front-engined,Martin Henderson (GB)/Jonathan Baker (GB)/Stéphane van Dyck (NL),NA,NA,NA,NA,NA,BMW,M3,E36,NA,Result: 114th (42 laps behind the winner)Grid:,114th (42 laps behind the winner)Grid:,finished,NA,NA,42 laps behind the winner,NA,https://www.racingsportscars.com/images/car_no_photo.png,https://www.racingsportscars.com/about.html#contrib,https://www.racingsportscars.com/make/photo/BMW.html,https://www.racingsportscars.com/type/photo/BMW/M3.html,https://www.racingsportscars.com/suffix/photo/BMW/M3/E36.html,NA
1999,73,Audi TT - Audi,115,A4,,Closed bodywork,Mid-engined,Kurt Lotz/Karl Pohler/Carsten Struwe (D)/Jochen Übler (D),NA,NA,NA,NA,NA,Audi,TT,NA,NA,Result: 115th (42 laps behind the winner)Grid:,115th (42 laps behind the winner)Grid:,finished,NA,NA,42 laps behind the winner,NA,https://www.racingsportscars.com/images/car_no_photo.png,https://www.racingsportscars.com/about.html#contrib,https://www.racingsportscars.com/make/photo/Audi.html,https://www.racingsportscars.com/type/photo/Audi/TT.html,NA,NA
1999,92,Opel Kadett E - Opel,116,A3,AC Oberhausen e. V. im ADAC,Closed bodywork,Front-engined,Friedhelm Heidemann/Rainer Oesterbeck/Karlheinz Meurer/Andreas Telker,NA,NA,NA,NA,NA,Opel,Kadett,E,NA,Result: 116th (43 laps behind the winner)Grid:,116th (43 laps behind the winner)Grid:,finished,NA,NA,43 laps behind the winner,NA,https://www.racingsportscars.com/images/car_no_photo.png,https://www.racingsportscars.com/about.html#contrib,https://www.racingsportscars.com/make/photo/Opel.html,https://www.racingsportscars.com/type/photo/Opel/Kadett.html,https://www.racingsportscars.com/suffix/photo/Opel/Kadett/E.html,NA
1999,74,BMW M3 - BMW,117,A4,Superchallenge,Closed bodywork,Front-engined,Roberto Ragazzi (I)/Gianni Biava (I)/Luca Mulas (I)/Marcello Bertella (I),NA,NA,NA,NA,NA,BMW,M3,NA,NA,Result: 117th (45 laps behind the winner)Grid:,117th (45 laps behind the winner)Grid:,finished,NA,NA,45 laps behind the winner,NA,https://www.racingsportscars.com/images/car_no_photo.png,https://www.racingsportscars.com/about.html#contrib,https://www.racingsportscars.com/make/photo/BMW.html,https://www.racingsportscars.com/type/photo/BMW/M3.html,NA,NA
1999,237,VW Polo 16V - VW,118,A1,New Yorker Racing by RSG Wolfsburg,-,-,Eberhard Rattunde/Wayne Moore (NZ)/Norbert Rattunde/Bernd Schlee,NA,NA,NA,NA,NA,VW,Polo,16V,NA,Result: 118th (45 laps behind the winner)Grid:,118th (45 laps behind the winner)Grid:,finished,NA,NA,45 laps behind the winner,NA,https://www.racingsportscars.com/images/car_no_photo.png,https://www.racingsportscars.com/about.html#contrib,https://www.racingsportscars.com/make/photo/VW.html,https://www.racingsportscars.com/type/photo/VW/Polo.html,https://www.racingsportscars.com/suffix/photo/VW/Polo/16V.html,NA
1999,165,Honda Integra - Honda,119,N3,,-,-,Ove Midtsjö/Thor-Christian Ebbesvik (N)/Lars Sundling/Terje Sveinsvoll,NA,NA,NA,NA,NA,Honda,Integra,NA,NA,Result: 119th (46 laps behind the winner)Grid:,119th (46 laps behind the winner)Grid:,finished,NA,NA,46 laps behind the winner,NA,https://www.racingsportscars.com/images/car_no_photo.png,https://www.racingsportscars.com/about.html#contrib,https://www.racingsportscars.com/make/photo/Honda.html,https://www.racingsportscars.com/type/photo/Honda/Integra.html,NA,NA
1999,146,BMW 325i E36 - BMW,120,N4,,-,-,Günther Laib/Markus Laib/Luca Drudi (I),NA,NA,NA,NA,NA,BMW,325i,E36,NA,Result: 120th (46 laps behind the winner)Grid:,120th (46 laps behind the winner)Grid:,finished,NA,NA,46 laps behind the winner,NA,https://www.racingsportscars.com/images/car_no_photo.png,https://www.racingsportscars.com/about.html#contrib,https://www.racingsportscars.com/make/photo/BMW.html,https://www.racingsportscars.com/type/photo/BMW/325i.html,https://www.racingsportscars.com/suffix/photo/BMW/325i/E36.html,NA
1999,113,Caterham 2000,121,A3,Team Parker Racing-TPR,-,-,Arthur Atkinson (GB)/Tim Atkinson/Greg Atkinson (GB)/Howard Redhouse (GB),NA,NA,NA,NA,NA,Caterham,2000,NA,NA,Result: 121st (46 laps behind the winner)Grid:,121st (46 laps behind the winner)Grid:,finished,NA,NA,46 laps behind the winner,NA,https://www.racingsportscars.com/images/car_no_photo.png,https://www.racingsportscars.com/about.html#contrib,https://www.racingsportscars.com/make/photo/Caterham.html,https://www.racingsportscars.com/type/photo/Caterham/2000.html,NA,NA
1999,118,Audi 80 - Audi,122,A3,,-,-,Hans Kredler/Johannes Weinrich/Jörg Hellwig/H. J. Vogl,NA,NA,NA,NA,NA,Audi,80,NA,NA,Result: 122nd (47 laps behind the winner)Grid:,122nd (47 laps behind the winner)Grid:,finished,NA,NA,47 laps behind the winner,NA,https://www.racingsportscars.com/images/car_no_photo.png,https://www.racingsportscars.com/about.html#contrib,https://www.racingsportscars.com/make/photo/Audi.html,https://www.racingsportscars.com/type/photo/Audi/80.html,NA,NA
1999,193,BMW 318 ti - BMW,123,V2,,-,-,Michael Kok/Oliver Rüssel/Hans Schlunz,NA,NA,NA,NA,NA,BMW,318,ti,NA,Result: 123rd (48 laps behind the winner)Grid:,123rd (48 laps behind the winner)Grid:,finished,NA,NA,48 laps behind the winner,NA,https://www.racingsportscars.com/images/car_no_photo.png,https://www.racingsportscars.com/about.html#contrib,https://www.racingsportscars.com/make/photo/BMW.html,https://www.racingsportscars.com/type/photo/BMW/318.html,https://www.racingsportscars.com/suffix/photo/BMW/318/ti.html,NA
1999,178,Opel Calibra - Opel,124,V3,,Closed bodywork,Front-engined,Andreas Wacker/Rüdiger Klos/Rainer Diehl/Thomas Hellmich,NA,NA,NA,NA,NA,Opel,Calibra,NA,NA,Result: 124th (48 laps behind the winner)Grid:,124th (48 laps behind the winner)Grid:,finished,NA,NA,48 laps behind the winner,NA,https://www.racingsportscars.com/images/car_no_photo.png,https://www.racingsportscars.com/about.html#contrib,https://www.racingsportscars.com/make/photo/Opel.html,https://www.racingsportscars.com/type/photo/Opel/Calibra.html,NA,NA
1999,198,BMW 318 is - BMW,125,V2,,-,-,Nils Bartels (D)/Harald Jacksties (CH)/Nicole Lüttecke (D)/Thomas Winkelhock (D),NA,NA,NA,NA,NA,BMW,318,is,NA,Result: 125th (48 laps behind the winner)Grid:,125th (48 laps behind the winner)Grid:,finished,NA,NA,48 laps behind the winner,NA,https://www.racingsportscars.com/images/car_no_photo.png,https://www.racingsportscars.com/about.html#contrib,https://www.racingsportscars.com/make/photo/BMW.html,https://www.racingsportscars.com/type/photo/BMW/318.html,https://www.racingsportscars.com/suffix/photo/BMW/318/is.html,NA
1999,14,Seat Toledo TDi - Seat,126,S2,ntv Motor,-,-,Klaus Niedzwiedz (D)/Michael Podlogar/Marco Werner (D),NA,NA,NA,NA,NA,Seat,Toledo,TDi,NA,Result: 126th (50 laps behind the winner)Grid:,126th (50 laps behind the winner)Grid:,finished,NA,NA,50 laps behind the winner,NA,https://www.racingsportscars.com/images/car_no_photo.png,https://www.racingsportscars.com/about.html#contrib,https://www.racingsportscars.com/make/photo/Seat.html,https://www.racingsportscars.com/type/photo/Seat/Toledo.html,https://www.racingsportscars.com/suffix/photo/Seat/Toledo/TDi.html,NA
1999,107,Honda Civic VTi 5DR - Honda,127,A3,Syncro Motorsport Honda,Closed bodywork,-,Dave Allan (GB)/Kevin Hicks (GB)/Bill Stillwell (GB),NA,NA,NA,NA,NA,Honda,Civic,VTi 5DR,NA,Result: 127th (50 laps behind the winner)Grid:,127th (50 laps behind the winner)Grid:,finished,NA,NA,50 laps behind the winner,NA,https://www.racingsportscars.com/images/car_no_photo.png,https://www.racingsportscars.com/about.html#contrib,https://www.racingsportscars.com/make/photo/Honda.html,https://www.racingsportscars.com/type/photo/Honda/Civic.html,https://www.racingsportscars.com/suffix/photo/Honda/Civic/VTi%205DR.html,NA
1999,24,VW Beetle TDi - VW,128,S2,Kamps-Hopa-Racing,-,-,Bernd Niessen/Gerd Hoffmann (D)/Ralf Schall (D)/Rudi Seher (D),NA,NA,NA,NA,NA,VW,Beetle,TDi,NA,Result: 128th (50 laps behind the winner)Grid:,128th (50 laps behind the winner)Grid:,finished,NA,NA,50 laps behind the winner,NA,https://www.racingsportscars.com/images/car_no_photo.png,https://www.racingsportscars.com/about.html#contrib,https://www.racingsportscars.com/make/photo/VW.html,https://www.racingsportscars.com/type/photo/VW/Beetle.html,https://www.racingsportscars.com/suffix/photo/VW/Beetle/TDi.html,NA
1999,209,Honda Civic CRX - Honda,129,A2,,-,-,Günter Kühlewein (D)/Rolf Scheuring/Fritz Zentler/Christian Saur,NA,NA,NA,NA,NA,Honda,Civic,CRX,NA,Result: 129th (51 laps behind the winner)Grid:,129th (51 laps behind the winner)Grid:,finished,NA,NA,51 laps behind the winner,NA,https://www.racingsportscars.com/images/car_no_photo.png,https://www.racingsportscars.com/about.html#contrib,https://www.racingsportscars.com/make/photo/Honda.html,https://www.racingsportscars.com/type/photo/Honda/Civic.html,https://www.racingsportscars.com/suffix/photo/Honda/Civic/CRX.html,NA
1999,199,Renault Clio 16V - Renault,130,V2,,-,-,Rolf Wittke/Markus Meyer/Ernst Berg (NL),NA,NA,NA,NA,NA,Renault,Clio,16V,NA,Result: 130th (51 laps behind the winner)Grid:,130th (51 laps behind the winner)Grid:,finished,NA,NA,51 laps behind the winner,NA,https://www.racingsportscars.com/images/car_no_photo.png,https://www.racingsportscars.com/about.html#contrib,https://www.racingsportscars.com/make/photo/Renault.html,https://www.racingsportscars.com/type/photo/Renault/Clio.html,https://www.racingsportscars.com/suffix/photo/Renault/Clio/16V.html,NA
1999,235,Mini Cooper,131,A1,,Closed bodywork,Front-engined,Joachim Fuhrländer/Andreas Burger/Thomas Burger/Christian Stahl,NA,NA,NA,NA,NA,Mini,Cooper,NA,NA,Result: 131st (51 laps behind the winner)Grid:,131st (51 laps behind the winner)Grid:,finished,NA,NA,51 laps behind the winner,NA,https://www.racingsportscars.com/images/car_no_photo.png,https://www.racingsportscars.com/about.html#contrib,https://www.racingsportscars.com/make/photo/Mini.html,https://www.racingsportscars.com/type/photo/Mini/Cooper.html,NA,NA
1999,240,Peugeot 205 - Peugeot,132,A1,,-,-,Torsten Trenz/Armin Hilger/Michael Pfeiffer/Peter Poensgen,NA,NA,NA,NA,NA,Peugeot,205,NA,NA,Result: 132nd (52 laps behind the winner)Grid:,132nd (52 laps behind the winner)Grid:,finished,NA,NA,52 laps behind the winner,NA,https://www.racingsportscars.com/images/car_no_photo.png,https://www.racingsportscars.com/about.html#contrib,https://www.racingsportscars.com/make/photo/Peugeot.html,https://www.racingsportscars.com/type/photo/Peugeot/205.html,NA,NA
1999,59,BMW M3 - BMW,133,A5,,Closed bodywork,Front-engined,Alistair Davidson (GB)/Willie Beck (D)/Robert Nearn (GB)/Nils Baker (GB),NA,NA,NA,NA,NA,BMW,M3,NA,NA,Result: 133rd (53 laps behind the winner)Grid:,133rd (53 laps behind the winner)Grid:,finished,NA,NA,53 laps behind the winner,NA,https://www.racingsportscars.com/images/car_no_photo.png,https://www.racingsportscars.com/about.html#contrib,https://www.racingsportscars.com/make/photo/BMW.html,https://www.racingsportscars.com/type/photo/BMW/M3.html,NA,NA
1999,205,Honda Civic SiR 2 - Honda,134,A2,,-,-,Michael Ecker/Detlef Welsch/Dirk Brenner/Stefan Bacher,NA,NA,NA,NA,NA,Honda,Civic,SiR 2,NA,Result: 134th (55 laps behind the winner)Grid:,134th (55 laps behind the winner)Grid:,finished,NA,NA,55 laps behind the winner,NA,https://www.racingsportscars.com/images/car_no_photo.png,https://www.racingsportscars.com/about.html#contrib,https://www.racingsportscars.com/make/photo/Honda.html,https://www.racingsportscars.com/type/photo/Honda/Civic.html,https://www.racingsportscars.com/suffix/photo/Honda/Civic/SiR%202.html,NA
1999,22,Citroën XM 2.5 Turbodiesel - Citroën,135,S2,ADAC Niedersachsen/Sachsen-Anhalt e. V.,-,-,"""Schmidtchen Schleicher""/Niko Schneider/Dark Liebehenschel",NA,NA,NA,NA,NA,Citroën,XM,2.5 Turbodiesel,NA,Result: 135th (55 laps behind the winner)Grid:,135th (55 laps behind the winner)Grid:,finished,NA,NA,55 laps behind the winner,NA,https://www.racingsportscars.com/images/car_no_photo.png,https://www.racingsportscars.com/about.html#contrib,https://www.racingsportscars.com/make/photo/Citro%c3%abn.html,https://www.racingsportscars.com/type/photo/Citro%c3%abn/XM.html,https://www.racingsportscars.com/suffix/photo/Citro%c3%abn/XM/2.5%20Turbodiesel.html,NA
1999,177,Opel Astra F - Opel,136,V3,MSC Ruhrblitz Bochum e. V. im ADAC,-,-,Andre Duve/Franz Fabian/Timo Kluck (D)/Wolfgang Drabiniok (D),NA,NA,NA,NA,NA,Opel,Astra,F,NA,Result: 136th (57 laps behind the winner)Grid:,136th (57 laps behind the winner)Grid:,finished,NA,NA,57 laps behind the winner,NA,https://www.racingsportscars.com/images/car_no_photo.png,https://www.racingsportscars.com/about.html#contrib,https://www.racingsportscars.com/make/photo/Opel.html,https://www.racingsportscars.com/type/photo/Opel/Astra.html,https://www.racingsportscars.com/suffix/photo/Opel/Astra/F.html,NA
1999,18,Audi A3 TDi - Audi,137,S2,,-,-,Roger Schmitz/Dietmar Konopka (D)/Wolfgang Garbrock (D),NA,NA,NA,NA,NA,Audi,A3,TDi,NA,Result: 137th (57 laps behind the winner)Grid:,137th (57 laps behind the winner)Grid:,finished,NA,NA,57 laps behind the winner,NA,https://www.racingsportscars.com/images/car_no_photo.png,https://www.racingsportscars.com/about.html#contrib,https://www.racingsportscars.com/make/photo/Audi.html,https://www.racingsportscars.com/type/photo/Audi/A3.html,https://www.racingsportscars.com/suffix/photo/Audi/A3/TDi.html,NA
1999,244,Fiat Cinquecento - Fiat,138,A1,,-,-,Harald Müller (D)/Armin Eckl/Robert Sürth/Heinz Hoch,NA,NA,NA,NA,NA,Fiat,Cinquecento,NA,NA,Result: 138th (58 laps behind the winner)Grid:,138th (58 laps behind the winner)Grid:,finished,NA,NA,58 laps behind the winner,NA,https://www.racingsportscars.com/images/car_no_photo.png,https://www.racingsportscars.com/about.html#contrib,https://www.racingsportscars.com/make/photo/Fiat.html,https://www.racingsportscars.com/type/photo/Fiat/Cinquecento.html,NA,NA
1999,226,Rover Mini Cooper Mk II - Rover,139,A1,Aktion Sorgenkind Bonn,-,-,Dietrich Hueck (D)/Manfred Richarz/Richard Moesgen/Jürgen Zoch,NA,NA,NA,NA,NA,Rover,Mini Cooper,Mk II,NA,Result: 139th (58 laps behind the winner)Grid:,139th (58 laps behind the winner)Grid:,finished,NA,NA,58 laps behind the winner,NA,https://www.racingsportscars.com/images/car_no_photo.png,https://www.racingsportscars.com/about.html#contrib,https://www.racingsportscars.com/make/photo/Rover.html,https://www.racingsportscars.com/type/photo/Rover/Mini%20Cooper.html,https://www.racingsportscars.com/suffix/photo/Rover/Mini%20Cooper/Mk%20II.html,NA
1999,2,VW Golf IV GTI 16V Kit Car - VW L4 4v N/A,140,S1,New Yorker Racing by RSG Wolfsburg,Closed bodywork,Front-engined,Michael Dernedde/Edgar Dören (D)/Mario Merten (D)/Kurt Thiim (DK),NA,NA,NA,NA,NA,VW,Golf,IV GTI 16V Kit Car,NA,Result: 140th (66 laps behind the winner)Grid:,140th (66 laps behind the winner)Grid:,finished,NA,NA,66 laps behind the winner,NA,https://www.racingsportscars.com/images/car_no_photo.png,https://www.racingsportscars.com/about.html#contrib,https://www.racingsportscars.com/make/photo/VW.html,https://www.racingsportscars.com/type/photo/VW/Golf.html,https://www.racingsportscars.com/suffix/photo/VW/Golf/IV%20GTI%2016V%20Kit%20Car.html,NA
1999,34,Porsche 911 Carrera 3.8 - Porsche,NA,A6,,Closed bodywork,Rear-engined,Ralf Weiner/Helmut Hennes (D)/Andrew Bagnall (NZ)/Edgar Althoff (D),NA,NA,NA,NA,NA,Porsche,911 Carrera,3.8,NA,Result: did not finishGrid:,did not finishGrid:,not_finished,NA,NA,NA,NA,https://www.racingsportscars.com/images/car_no_photo.png,https://www.racingsportscars.com/about.html#contrib,https://www.racingsportscars.com/make/photo/Porsche.html,https://www.racingsportscars.com/type/photo/Porsche/911%20Carrera.html,https://www.racingsportscars.com/suffix/photo/Porsche/911%20Carrera/3.8.html,NA
1999,94,Opel Calibra - Opel,NA,A3,Deutscher Sportfahrerkreis e. V.,Closed bodywork,Front-engined,Ralf Zensen (D)/Ilka Schmitz/Holger Kischlat/Patrick Dubois (L),NA,NA,NA,NA,NA,Opel,Calibra,NA,NA,Result: did not finishGrid:,did not finishGrid:,not_finished,NA,NA,NA,NA,https://www.racingsportscars.com/images/car_no_photo.png,https://www.racingsportscars.com/about.html#contrib,https://www.racingsportscars.com/make/photo/Opel.html,https://www.racingsportscars.com/type/photo/Opel/Calibra.html,NA,NA
1999,60,Ford Sierra Cosworth - Ford,NA,A5,,-,-,Volker Schneider/Fred Schneider (D)/Michael Schneider (D)/Barbara Bätzel,NA,NA,NA,NA,NA,Ford,Sierra,Cosworth,NA,Result: did not finishGrid:,did not finishGrid:,not_finished,NA,NA,NA,NA,https://www.racingsportscars.com/images/car_no_photo.png,https://www.racingsportscars.com/about.html#contrib,https://www.racingsportscars.com/make/photo/Ford.html,https://www.racingsportscars.com/type/photo/Ford/Sierra.html,https://www.racingsportscars.com/suffix/photo/Ford/Sierra/Cosworth.html,NA
1999,64,Renault Clio Sport V6 - Renault,NA,A5,Moskovskaya race 4 fun,-,-,Kai Riemer (D)/Harald Hennes (D)/Fred van Haalen/Jürgen Gockel,NA,NA,NA,NA,NA,Renault,Clio,Sport V6,NA,Result: did not finishGrid:,did not finishGrid:,not_finished,NA,NA,NA,NA,https://www.racingsportscars.com/images/car_no_photo.png,https://www.racingsportscars.com/about.html#contrib,https://www.racingsportscars.com/make/photo/Renault.html,https://www.racingsportscars.com/type/photo/Renault/Clio.html,https://www.racingsportscars.com/suffix/photo/Renault/Clio/Sport%20V6.html,NA
1999,155,Opel Kadett E GSi - Opel,NA,A3,Avon Renndienst Crew Knüttel,Closed bodywork,Front-engined,Stephan Niecknig/Lars Günther/Christian Karkoschka/Mischa Hachenberg,NA,NA,NA,NA,NA,Opel,Kadett,E GSi,NA,Result: did not finishGrid:,did not finishGrid:,not_finished,NA,NA,NA,NA,https://www.racingsportscars.com/images/car_no_photo.png,https://www.racingsportscars.com/about.html#contrib,https://www.racingsportscars.com/make/photo/Opel.html,https://www.racingsportscars.com/type/photo/Opel/Kadett.html,https://www.racingsportscars.com/suffix/photo/Opel/Kadett/E%20GSi.html,NA
1999,98,Renault Clio 16V - Renault,NA,A3,,-,-,Ralf-Udo Blöding/Andrea Bauland/Achim Kreim,NA,NA,NA,NA,NA,Renault,Clio,16V,NA,Result: did not finishGrid:,did not finishGrid:,not_finished,NA,NA,NA,NA,https://www.racingsportscars.com/images/car_no_photo.png,https://www.racingsportscars.com/about.html#contrib,https://www.racingsportscars.com/make/photo/Renault.html,https://www.racingsportscars.com/type/photo/Renault/Clio.html,https://www.racingsportscars.com/suffix/photo/Renault/Clio/16V.html,NA
1999,103,Renault Clio - Renault,NA,A3,ADAC Weser-Ems e. V.,-,-,Gert Ingo Iserhart/Sebastian Averdung/René Wolff (D)/Wolfgang Grefe (D),NA,NA,NA,NA,NA,Renault,Clio,NA,NA,Result: did not finishGrid:,did not finishGrid:,not_finished,NA,NA,NA,NA,https://www.racingsportscars.com/images/car_no_photo.png,https://www.racingsportscars.com/about.html#contrib,https://www.racingsportscars.com/make/photo/Renault.html,https://www.racingsportscars.com/type/photo/Renault/Clio.html,NA,NA
1999,81,Opel Astra G - Opel,NA,A3,Mühlner Motorsport SPRL,-,-,Dirk Adorf (D)/Wolfgang Leufgen/Eric Neve (B)/Wolfgang Savelsbergh (D),NA,NA,NA,NA,NA,Opel,Astra,G,NA,Result: did not finishGrid:,did not finishGrid:,not_finished,NA,NA,NA,NA,https://www.racingsportscars.com/images/car_no_photo.png,https://www.racingsportscars.com/about.html#contrib,https://www.racingsportscars.com/make/photo/Opel.html,https://www.racingsportscars.com/type/photo/Opel/Astra.html,https://www.racingsportscars.com/suffix/photo/Opel/Astra/G.html,NA
1999,109,VW Mexico Käfer - VW,NA,A3,,-,-,Ingo Ernst/Joachim Ernst/Anthony Coxon/Hubertus Ernst,NA,NA,NA,NA,NA,VW,Mexico Käfer,NA,NA,Result: did not finishGrid:,did not finishGrid:,not_finished,NA,NA,NA,NA,https://www.racingsportscars.com/images/car_no_photo.png,https://www.racingsportscars.com/about.html#contrib,https://www.racingsportscars.com/make/photo/VW.html,https://www.racingsportscars.com/type/photo/VW/Mexico%20K%c3%a4fer.html,NA,NA
1999,69,Toyota MR-2 - Toyota,NA,A5,Gerhard Ludwig Motorsport,-,-,Gerhard Ludwig (D)/Ralf Eisenreich (D)/Franz Rohr (D)/Alfred Vahsen (D),NA,NA,NA,NA,NA,Toyota,MR-2,NA,NA,Result: did not finishGrid:,did not finishGrid:,not_finished,NA,NA,NA,NA,https://www.racingsportscars.com/images/car_no_photo.png,https://www.racingsportscars.com/about.html#contrib,https://www.racingsportscars.com/make/photo/Toyota.html,https://www.racingsportscars.com/type/photo/Toyota/MR-2.html,NA,NA
1999,46,BMW M3 E36 GTRS - BMW,NA,A6,Scuderia Augustusburg Brühl e. V. im ADAC / MSC Adenau e. V. im ADAC,Closed bodywork,Front-engined,Johannes Scheid (D)/Sabine Reck/Wilhelm-Dieter Kern,NA,NA,NA,NA,NA,BMW,M3,E36 GTRS,NA,Result: did not finishGrid:,did not finishGrid:,not_finished,NA,NA,NA,NA,https://www.racingsportscars.com/images/car_no_photo.png,https://www.racingsportscars.com/about.html#contrib,https://www.racingsportscars.com/make/photo/BMW.html,https://www.racingsportscars.com/type/photo/BMW/M3.html,https://www.racingsportscars.com/suffix/photo/BMW/M3/E36%20GTRS.html,NA
1999,105,Opel Manta B - Opel,NA,A3,,Closed bodywork,Front-engined,Michael Rank/Eric Rötzel/Rudolf Rank,NA,NA,NA,NA,NA,Opel,Manta,B,NA,Result: did not finishGrid:,did not finishGrid:,not_finished,NA,NA,NA,NA,https://www.racingsportscars.com/images/car_no_photo.png,https://www.racingsportscars.com/about.html#contrib,https://www.racingsportscars.com/make/photo/Opel.html,https://www.racingsportscars.com/type/photo/Opel/Manta.html,https://www.racingsportscars.com/suffix/photo/Opel/Manta/B.html,NA
1999,80,Opel Astra G - Opel,NA,A3,Mühlner Motorsport SPRL,-,-,Dirk Adorf (D)/Heinz-Josef Bermes (D)/Karl Mauer (D)/Wolfgang Savelsbergh (D),NA,NA,NA,NA,NA,Opel,Astra,G,NA,Result: did not finishGrid:,did not finishGrid:,not_finished,NA,NA,NA,NA,https://www.racingsportscars.com/images/car_no_photo.png,https://www.racingsportscars.com/about.html#contrib,https://www.racingsportscars.com/make/photo/Opel.html,https://www.racingsportscars.com/type/photo/Opel/Astra.html,https://www.racingsportscars.com/suffix/photo/Opel/Astra/G.html,NA
1999,427,CN Cobra Cup 427,NA,A6,,-,-,Christian Nowak/Frank-Torsten Köpke/Günter Linz/Christian Wolf,NA,NA,NA,NA,NA,CN,Cobra,Cup 427,NA,Result: did not finishGrid:,did not finishGrid:,not_finished,NA,NA,NA,NA,https://www.racingsportscars.com/images/car_no_photo.png,https://www.racingsportscars.com/about.html#contrib,https://www.racingsportscars.com/make/photo/CN.html,https://www.racingsportscars.com/type/photo/CN/Cobra.html,https://www.racingsportscars.com/suffix/photo/CN/Cobra/Cup%20427.html,NA
1999,66,Donkervoort D8 - Audi,NA,A5,(D),-,-,Peter Venn (D)/Michael Düchting/Marc Walz (D)/Michael Müller (D),NA,NA,NA,NA,NA,Donkervoort,D8,NA,NA,Result: did not finishGrid:,did not finishGrid:,not_finished,NA,NA,NA,NA,https://www.racingsportscars.com/images/car_no_photo.png,https://www.racingsportscars.com/about.html#contrib,https://www.racingsportscars.com/make/photo/Donkervoort.html,https://www.racingsportscars.com/type/photo/Donkervoort/D8.html,NA,NA
1999,111,Caterham 2000,NA,A3,Team 96,-,-,Jack Gratton (GB)/David Walton (GB)/Peter Matthews/Nick Starkey,NA,NA,NA,NA,NA,Caterham,2000,NA,NA,Result: did not finishGrid:,did not finishGrid:,not_finished,NA,NA,NA,NA,https://www.racingsportscars.com/images/car_no_photo.png,https://www.racingsportscars.com/about.html#contrib,https://www.racingsportscars.com/make/photo/Caterham.html,https://www.racingsportscars.com/type/photo/Caterham/2000.html,NA,NA
1999,166,Peugeot 306 - Peugeot,NA,N3,,-,-,Max Angelelli (I)/Andrea Peruchetti (I)/Alberto Radaelli (I),NA,NA,NA,NA,NA,Peugeot,306,NA,NA,Result: did not finishGrid:,did not finishGrid:,not_finished,NA,NA,NA,NA,https://www.racingsportscars.com/images/car_no_photo.png,https://www.racingsportscars.com/about.html#contrib,https://www.racingsportscars.com/make/photo/Peugeot.html,https://www.racingsportscars.com/type/photo/Peugeot/306.html,NA,NA
1999,65,Porsche 968 CS - Porsche,NA,A5,,-,-,Harald Strukkamp/Frank Kuhlmann (D)/Frank Stippler (D)/Norbert Krull,NA,NA,NA,NA,NA,Porsche,968,CS,NA,Result: did not finishGrid:,did not finishGrid:,not_finished,NA,NA,NA,NA,https://www.racingsportscars.com/images/car_no_photo.png,https://www.racingsportscars.com/about.html#contrib,https://www.racingsportscars.com/make/photo/Porsche.html,https://www.racingsportscars.com/type/photo/Porsche/968.html,https://www.racingsportscars.com/suffix/photo/Porsche/968/CS.html,NA
1999,4,Opel Astra Kit Car - Opel,NA,S1,OPC - Opel Performance Center,-,-,Volker Strycek (D)/Manuel Reuter (D)/Uwe Alzen (D)/Eric Hélary (F),NA,NA,NA,NA,NA,Opel,Astra,Kit Car,NA,Result: did not finishGrid:,did not finishGrid:,not_finished,NA,NA,NA,NA,https://www.racingsportscars.com/images/car_no_photo.png,https://www.racingsportscars.com/about.html#contrib,https://www.racingsportscars.com/make/photo/Opel.html,https://www.racingsportscars.com/type/photo/Opel/Astra.html,https://www.racingsportscars.com/suffix/photo/Opel/Astra/Kit%20Car.html,NA
1999,126,BMW 320i - BMW,NA,A3,MSC Ruhrblitz Bochum e. V. im ADAC,Closed bodywork,Front-engined,Friedrich Burgmann (D)/Frank Burgmann/Günter Schmidt/Jürgen Burghoff,NA,NA,NA,NA,NA,BMW,320i,NA,NA,Result: did not finishGrid:,did not finishGrid:,not_finished,NA,NA,NA,NA,https://www.racingsportscars.com/images/car_no_photo.png,https://www.racingsportscars.com/about.html#contrib,https://www.racingsportscars.com/make/photo/BMW.html,https://www.racingsportscars.com/type/photo/BMW/320i.html,NA,NA
1999,112,Caterham 2000,NA,A3,Team 96,-,-,Peter Matthews/David Walton (GB)/Jack Gratton (GB)/Nick Starkey,NA,NA,NA,NA,NA,Caterham,2000,NA,NA,Result: did not finishGrid:,did not finishGrid:,not_finished,NA,NA,NA,NA,https://www.racingsportscars.com/images/car_no_photo.png,https://www.racingsportscars.com/about.html#contrib,https://www.racingsportscars.com/make/photo/Caterham.html,https://www.racingsportscars.com/type/photo/Caterham/2000.html,NA,NA
1999,125,Renault Mégane Coach - Renault,NA,A3,,-,-,Axel Göbel/Holger Butterbach/Michael Abendroth/Achim Stegmüller,NA,NA,NA,NA,NA,Renault,Mégane,Coach,NA,Result: did not finishGrid:,did not finishGrid:,not_finished,NA,NA,NA,NA,https://www.racingsportscars.com/images/car_no_photo.png,https://www.racingsportscars.com/about.html#contrib,https://www.racingsportscars.com/make/photo/Renault.html,https://www.racingsportscars.com/type/photo/Renault/M%c3%a9gane.html,https://www.racingsportscars.com/suffix/photo/Renault/M%c3%a9gane/Coach.html,NA
1999,122,Renault Clio - Renault,NA,A3,,-,-,Uwe Reich (D)/Jürgen Wiesemann/Carsten Welschar (D)/Robert Lünsmann,NA,NA,NA,NA,NA,Renault,Clio,NA,NA,Result: did not finishGrid:,did not finishGrid:,not_finished,NA,NA,NA,NA,https://www.racingsportscars.com/images/car_no_photo.png,https://www.racingsportscars.com/about.html#contrib,https://www.racingsportscars.com/make/photo/Renault.html,https://www.racingsportscars.com/type/photo/Renault/Clio.html,NA,NA
1999,321,BMW M3 E36 - BMW,NA,Si2,Moore International Motorsport,Closed bodywork,Front-engined,Willie Moore (GB)/Dave Cox (GB)/Peter McLaren,NA,NA,NA,NA,NA,BMW,M3,E36,NA,Result: did not finishGrid:,did not finishGrid:,not_finished,NA,NA,NA,NA,https://www.racingsportscars.com/images/car_no_photo.png,https://www.racingsportscars.com/about.html#contrib,https://www.racingsportscars.com/make/photo/BMW.html,https://www.racingsportscars.com/type/photo/BMW/M3.html,https://www.racingsportscars.com/suffix/photo/BMW/M3/E36.html,NA
1999,3,VW Golf III GTI 16V Kit Car - VW L4 4v N/A,NA,S1,New Yorker Racing by RSG Wolfsburg,Closed bodywork,Front-engined,Florian Billen/Michael Dernedde/Ludwig Damminger/Otto Hofmayer,NA,NA,NA,NA,NA,VW,Golf,III GTI 16V Kit Car,NA,Result: did not finishGrid:,did not finishGrid:,not_finished,NA,NA,NA,NA,https://www.racingsportscars.com/images/car_no_photo.png,https://www.racingsportscars.com/about.html#contrib,https://www.racingsportscars.com/make/photo/VW.html,https://www.racingsportscars.com/type/photo/VW/Golf.html,https://www.racingsportscars.com/suffix/photo/VW/Golf/III%20GTI%2016V%20Kit%20Car.html,NA
1999,12,VW Bora R-TDi - VW TDI,NA,S2,Volkswagen Motorsport,Closed bodywork,Front-engined,Mauro Baldi (I)/Walter Santus/Raimund Baumschlager (A)/Denny Zardo (I),NA,NA,NA,NA,NA,VW,Bora,R-TDi,NA,Result: did not finishGrid:,did not finishGrid:,not_finished,NA,NA,NA,NA,https://www.racingsportscars.com/images/car_no_photo.png,https://www.racingsportscars.com/about.html#contrib,https://www.racingsportscars.com/make/photo/VW.html,https://www.racingsportscars.com/type/photo/VW/Bora.html,https://www.racingsportscars.com/suffix/photo/VW/Bora/R-TDi.html,NA
1999,54,Ford Shelby Mustang - Ford,NA,A6,Derichs Rennwagen,-,-,Erwin Derichs (D)/Ingo Franz/Frank Grooz/Ulli Rossaro,NA,NA,NA,NA,NA,Ford,Shelby Mustang,NA,NA,Result: did not finishGrid:,did not finishGrid:,not_finished,NA,NA,NA,NA,https://www.racingsportscars.com/images/car_no_photo.png,https://www.racingsportscars.com/about.html#contrib,https://www.racingsportscars.com/make/photo/Ford.html,https://www.racingsportscars.com/type/photo/Ford/Shelby%20Mustang.html,NA,NA
1999,161,Alfa Romeo 156 - Alfa Romeo,NA,N3,,-,-,Stefano Zonca (I)/Fabio Montani (I)/Gabrio Rosa (I)/Fabio Rosa (I),NA,NA,NA,NA,NA,Alfa Romeo,156,NA,NA,Result: did not finishGrid:,did not finishGrid:,not_finished,NA,NA,NA,NA,https://www.racingsportscars.com/images/car_no_photo.png,https://www.racingsportscars.com/about.html#contrib,https://www.racingsportscars.com/make/photo/Alfa%20Romeo.html,https://www.racingsportscars.com/type/photo/Alfa%20Romeo/156.html,NA,NA
1999,327,BMW M3 - BMW,NA,Si3,MK Motorsport,Closed bodywork,Front-engined,Michael Krankenberg (D)/Frank Schmickler (A)/Peter Oberndorfer (D)/Michael Prym (A),NA,NA,NA,NA,NA,BMW,M3,NA,NA,Result: did not finishGrid:,did not finishGrid:,not_finished,NA,NA,NA,NA,https://www.racingsportscars.com/images/car_no_photo.png,https://www.racingsportscars.com/about.html#contrib,https://www.racingsportscars.com/make/photo/BMW.html,https://www.racingsportscars.com/type/photo/BMW/M3.html,NA,NA
1999,17,VW Golf IV TDi - VW,NA,S2,,-,-,Paul-Martin Dose (D)/Friedrich Ney/Stephan Linder/Jens Riemer (D),NA,NA,NA,NA,NA,VW,Golf,IV TDi,NA,Result: did not finishGrid:,did not finishGrid:,not_finished,NA,NA,NA,NA,https://www.racingsportscars.com/images/car_no_photo.png,https://www.racingsportscars.com/about.html#contrib,https://www.racingsportscars.com/make/photo/VW.html,https://www.racingsportscars.com/type/photo/VW/Golf.html,https://www.racingsportscars.com/suffix/photo/VW/Golf/IV%20TDi.html,NA
1999,110,Opel Calibra - Opel,NA,A3,,Closed bodywork,Front-engined,Patrick Gengler/Jean-Yves Close/Stephane Clepkens,NA,NA,NA,NA,NA,Opel,Calibra,NA,NA,Result: did not finishGrid:,did not finishGrid:,not_finished,NA,NA,NA,NA,https://www.racingsportscars.com/images/car_no_photo.png,https://www.racingsportscars.com/about.html#contrib,https://www.racingsportscars.com/make/photo/Opel.html,https://www.racingsportscars.com/type/photo/Opel/Calibra.html,NA,NA
1999,229,Rover Mini Cooper Mk II - Rover,NA,A1,,-,-,Thomas Gaspers/Ulrich Tweer/Hans Müller-Deck/Detlef Webers,NA,NA,NA,NA,NA,Rover,Mini Cooper,Mk II,NA,Result: did not finishGrid:,did not finishGrid:,not_finished,NA,NA,NA,NA,https://www.racingsportscars.com/images/car_no_photo.png,https://www.racingsportscars.com/about.html#contrib,https://www.racingsportscars.com/make/photo/Rover.html,https://www.racingsportscars.com/type/photo/Rover/Mini%20Cooper.html,https://www.racingsportscars.com/suffix/photo/Rover/Mini%20Cooper/Mk%20II.html,NA
1999,16,Renault Mégane Classic DTi - Renault,NA,S2,,-,-,Franck Grossetéte/Philippe Géhin/Meik Utsch (D),NA,NA,NA,NA,NA,Renault,Mégane,Classic DTi,NA,Result: did not finishGrid:,did not finishGrid:,not_finished,NA,NA,NA,NA,https://www.racingsportscars.com/images/car_no_photo.png,https://www.racingsportscars.com/about.html#contrib,https://www.racingsportscars.com/make/photo/Renault.html,https://www.racingsportscars.com/type/photo/Renault/M%c3%a9gane.html,https://www.racingsportscars.com/suffix/photo/Renault/M%c3%a9gane/Classic%20DTi.html,NA
1999,23,Nissan Skyline GT-R (BNR34) - Nissan,NA,A6,Nissan Racing,-,-,/Andy Middlehurst (GB)/Armin Hahne (D)/Matt Neal (GB)/Tim Harvey (GB),NA,NA,NA,NA,NA,Nissan,Skyline GT-R,(BNR34),NA,Result: did not finishGrid:,did not finishGrid:,not_finished,NA,NA,NA,NA,https://www.racingsportscars.com/images/car_no_photo.png,https://www.racingsportscars.com/about.html#contrib,https://www.racingsportscars.com/make/photo/Nissan.html,https://www.racingsportscars.com/type/photo/Nissan/Skyline%20GT-R.html,https://www.racingsportscars.com/suffix/photo/Nissan/Skyline%20GT-R/(BNR34).html,NA
1999,243,Peugeot 106 Rallye - Peugeot,NA,A1,AC Rübenach e. V. im ADAC,-,-,Hubert Nacken (D)/Frank Gittke/Thomas Reuter/Jürgen Eckel,NA,NA,NA,NA,NA,Peugeot,106,Rallye,NA,Result: did not finishGrid:,did not finishGrid:,not_finished,NA,NA,NA,NA,https://www.racingsportscars.com/images/car_no_photo.png,https://www.racingsportscars.com/about.html#contrib,https://www.racingsportscars.com/make/photo/Peugeot.html,https://www.racingsportscars.com/type/photo/Peugeot/106.html,https://www.racingsportscars.com/suffix/photo/Peugeot/106/Rallye.html,NA
1999,206,Honda Civic (EG6) - Honda,NA,A2,(GB),-,-,Nick Barrow (GB)/Kelvin May/Ally McKever (GB)/Mike Newton (GB),NA,NA,NA,NA,NA,Honda,Civic,(EG6),NA,Result: did not finishGrid:,did not finishGrid:,not_finished,NA,NA,NA,NA,https://www.racingsportscars.com/images/car_no_photo.png,https://www.racingsportscars.com/about.html#contrib,https://www.racingsportscars.com/make/photo/Honda.html,https://www.racingsportscars.com/type/photo/Honda/Civic.html,https://www.racingsportscars.com/suffix/photo/Honda/Civic/(EG6).html,NA
1999,127,Renault Mégane Coupe - Renault,NA,A3,Arkenau Motorsport,-,-,Jörg Chmiela (D)/Jörg Backhaus/Dennis Bollin,NA,NA,NA,NA,NA,Renault,Mégane,Coupe,NA,Result: did not finishGrid:,did not finishGrid:,not_finished,NA,NA,NA,NA,https://www.racingsportscars.com/images/car_no_photo.png,https://www.racingsportscars.com/about.html#contrib,https://www.racingsportscars.com/make/photo/Renault.html,https://www.racingsportscars.com/type/photo/Renault/M%c3%a9gane.html,https://www.racingsportscars.com/suffix/photo/Renault/M%c3%a9gane/Coupe.html,NA
1999,236,Ford Fiesta Fun - Ford,NA,A1,Scuderia Colonia e. V. im ADAC,-,-,Joachim Scheefeldt (D)/Jens Scheefeldt/Dietmar Prümmer,NA,NA,NA,NA,NA,Ford,Fiesta,Fun,NA,Result: did not finishGrid:,did not finishGrid:,not_finished,NA,NA,NA,NA,https://www.racingsportscars.com/images/car_no_photo.png,https://www.racingsportscars.com/about.html#contrib,https://www.racingsportscars.com/make/photo/Ford.html,https://www.racingsportscars.com/type/photo/Ford/Fiesta.html,https://www.racingsportscars.com/suffix/photo/Ford/Fiesta/Fun.html,NA
1999,162,Ford Escort RS 2000 - Ford,NA,N4,Aktion Sorgenkind Bonn,Closed bodywork,Front-engined,Joachim Steidel (D)/Dale Crawford/Pierre Kaffer (D)/Knuth Schneider,NA,NA,NA,NA,NA,Ford,Escort,RS 2000,NA,Result: did not finishGrid:,did not finishGrid:,not_finished,NA,NA,NA,NA,https://www.racingsportscars.com/images/car_no_photo.png,https://www.racingsportscars.com/about.html#contrib,https://www.racingsportscars.com/make/photo/Ford.html,https://www.racingsportscars.com/type/photo/Ford/Escort.html,https://www.racingsportscars.com/suffix/photo/Ford/Escort/RS%202000.html,NA
1999,201,Mitsubishi Carisma Gdi - Mitsubishi,NA,V2,,-,-,Jürgen Stiebritz/Dominique Stiebritz/Jutta Kleinschmidt (D)/Mauricio Gaudino,NA,NA,NA,NA,NA,Mitsubishi,Carisma,Gdi,NA,Result: did not finishGrid:,did not finishGrid:,not_finished,NA,NA,NA,NA,https://www.racingsportscars.com/images/car_no_photo.png,https://www.racingsportscars.com/about.html#contrib,https://www.racingsportscars.com/make/photo/Mitsubishi.html,https://www.racingsportscars.com/type/photo/Mitsubishi/Carisma.html,https://www.racingsportscars.com/suffix/photo/Mitsubishi/Carisma/Gdi.html,NA
1999,47,Ford Falcon XR-6 - Ford,NA,A6,,-,-,Llynden Riethmüller (AUS)/Michael Glynn/Ian Green,NA,NA,NA,NA,NA,Ford,Falcon,XR-6,NA,Result: did not finishGrid:,did not finishGrid:,not_finished,NA,NA,NA,NA,https://www.racingsportscars.com/images/car_no_photo.png,https://www.racingsportscars.com/about.html#contrib,https://www.racingsportscars.com/make/photo/Ford.html,https://www.racingsportscars.com/type/photo/Ford/Falcon.html,https://www.racingsportscars.com/suffix/photo/Ford/Falcon/XR-6.html,NA
1999,106,Ford Focus - Ford,NA,A3,Ford Wolf Racing,-,-,Michael Funke (D)/Michael Funke/Alexander Schula (D)/Roland Asch (D),NA,NA,NA,NA,NA,Ford,Focus,NA,NA,Result: did not finishGrid:,did not finishGrid:,not_finished,NA,NA,NA,NA,https://www.racingsportscars.com/images/car_no_photo.png,https://www.racingsportscars.com/about.html#contrib,https://www.racingsportscars.com/make/photo/Ford.html,https://www.racingsportscars.com/type/photo/Ford/Focus.html,NA,NA
1999,55,BMW M3 E36 - BMW,NA,A5,,Closed bodywork,Front-engined,Alfred Wolfsgruber/Michael Gehring/Joachim Kiesch (D)/Daniel Pfrommer,NA,NA,NA,NA,NA,BMW,M3,E36,NA,Result: did not finishGrid:,did not finishGrid:,not_finished,NA,NA,NA,NA,https://www.racingsportscars.com/images/car_no_photo.png,https://www.racingsportscars.com/about.html#contrib,https://www.racingsportscars.com/make/photo/BMW.html,https://www.racingsportscars.com/type/photo/BMW/M3.html,https://www.racingsportscars.com/suffix/photo/BMW/M3/E36.html,NA
1999,306,Honda Integra Type R - Honda,NA,Si2,,-,-,Paul Michael (B)/Peter Morss (GB)/Del Delaronde (GB),NA,NA,NA,NA,NA,Honda,Integra,Type R,NA,Result: did not finishGrid:,did not finishGrid:,not_finished,NA,NA,NA,NA,https://www.racingsportscars.com/images/car_no_photo.png,https://www.racingsportscars.com/about.html#contrib,https://www.racingsportscars.com/make/photo/Honda.html,https://www.racingsportscars.com/type/photo/Honda/Integra.html,https://www.racingsportscars.com/suffix/photo/Honda/Integra/Type%20R.html,NA
1999,58,BMW M3 - BMW,NA,A5,,Closed bodywork,Front-engined,Michael Bonk (D)/Peter Bonk (D)/Reinhold Renger (D),NA,NA,NA,NA,NA,BMW,M3,NA,NA,Result: did not finishGrid:,did not finishGrid:,not_finished,NA,NA,NA,NA,https://www.racingsportscars.com/images/car_no_photo.png,https://www.racingsportscars.com/about.html#contrib,https://www.racingsportscars.com/make/photo/BMW.html,https://www.racingsportscars.com/type/photo/BMW/M3.html,NA,NA
1999,67,BMW M3 - BMW,NA,A5,Renngemeinschaft Bergisch-Gladbach e. V. im ADAC,Closed bodywork,Front-engined,Werner Felder (D)/Fritz Möller (D)/Ernst Furtmayr (D)/Artur Deutgen (D),NA,NA,NA,NA,NA,BMW,M3,NA,NA,Result: did not finishGrid:,did not finishGrid:,not_finished,NA,NA,NA,NA,https://www.racingsportscars.com/images/car_no_photo.png,https://www.racingsportscars.com/about.html#contrib,https://www.racingsportscars.com/make/photo/BMW.html,https://www.racingsportscars.com/type/photo/BMW/M3.html,NA,NA
1999,233,Nissan March Turbo - Nissan,NA,A1,Scuderia Offenbach e. V. im AvD,-,-,Thomas Emmerling/Roland Tögel/Mehmet Burcakoglu/Karl-Jussi Schneider,NA,NA,NA,NA,NA,Nissan,March Turbo,NA,NA,Result: did not finishGrid:,did not finishGrid:,not_finished,NA,NA,NA,NA,https://www.racingsportscars.com/images/car_no_photo.png,https://www.racingsportscars.com/about.html#contrib,https://www.racingsportscars.com/make/photo/Nissan.html,https://www.racingsportscars.com/type/photo/Nissan/March%20Turbo.html,NA,NA
1999,303,Alfa Romeo 156 TS - Alfa Romeo,NA,Si2,Scuderia del Portello,-,-,Thomas Laudage/Achim Holz/Rüdiger Förster/Uwe Degner,NA,NA,NA,NA,NA,Alfa Romeo,156,TS,NA,Result: did not finishGrid:,did not finishGrid:,not_finished,NA,NA,NA,NA,https://www.racingsportscars.com/images/car_no_photo.png,https://www.racingsportscars.com/about.html#contrib,https://www.racingsportscars.com/make/photo/Alfa%20Romeo.html,https://www.racingsportscars.com/type/photo/Alfa%20Romeo/156.html,https://www.racingsportscars.com/suffix/photo/Alfa%20Romeo/156/TS.html,NA
1999,72,Mercedes-Benz SLK - Mercedes-Benz,NA,A4,Carlsson Autotechnik GmbH,-,-,Jörg van Ommen (D)Ingvar Carlsson (S)/Horst von Saurma-Jeltsch (D)/Ralf Goral (D),NA,NA,NA,NA,NA,Mercedes-Benz,SLK,NA,NA,Result: did not finishGrid:,did not finishGrid:,not_finished,NA,NA,NA,NA,https://www.racingsportscars.com/images/car_no_photo.png,https://www.racingsportscars.com/about.html#contrib,https://www.racingsportscars.com/make/photo/Mercedes-Benz.html,https://www.racingsportscars.com/type/photo/Mercedes-Benz/SLK.html,NA,NA
1999,71,Mercedes-Benz 190 E 2.3-16 - Mercedes-Benz L4 4v 2323 cc N/A,NA,A4,AC Mülheim Ruhr e. V. im ADAC,Closed bodywork,Front-engined,Dieter Oehler/Peter Brings/Michael Manthei/Berthold Bassfeld,NA,NA,NA,NA,NA,Mercedes-Benz,190 E,2.3-16,NA,Result: did not finishGrid:,did not finishGrid:,not_finished,NA,NA,NA,NA,https://www.racingsportscars.com/images/car_no_photo.png,https://www.racingsportscars.com/about.html#contrib,https://www.racingsportscars.com/make/photo/Mercedes-Benz.html,https://www.racingsportscars.com/type/photo/Mercedes-Benz/190%20E.html,https://www.racingsportscars.com/suffix/photo/Mercedes-Benz/190%20E/2.3-16.html,NA
1999,191,BMW 318 is - BMW,NA,V2,,-,-,Oswald Burgstaller/Wilfried Thomas/Helmut Bolz (D)/Uwe Krumscheid (D),NA,NA,NA,NA,NA,BMW,318,is,NA,Result: did not finishGrid:,did not finishGrid:,not_finished,NA,NA,NA,NA,https://www.racingsportscars.com/images/car_no_photo.png,https://www.racingsportscars.com/about.html#contrib,https://www.racingsportscars.com/make/photo/BMW.html,https://www.racingsportscars.com/type/photo/BMW/318.html,https://www.racingsportscars.com/suffix/photo/BMW/318/is.html,NA
1999,222,Peugeot 106 Rallye - Peugeot,NA,A1,,-,-,Ulf Giljohann/Michael Krämer/Werner Schlehecker (D)/Martin Tschornia (D),NA,NA,NA,NA,NA,Peugeot,106,Rallye,NA,Result: did not finishGrid:,did not finishGrid:,not_finished,NA,NA,NA,NA,https://www.racingsportscars.com/images/car_no_photo.png,https://www.racingsportscars.com/about.html#contrib,https://www.racingsportscars.com/make/photo/Peugeot.html,https://www.racingsportscars.com/type/photo/Peugeot/106.html,https://www.racingsportscars.com/suffix/photo/Peugeot/106/Rallye.html,NA
1999,334,BMW M3 - BMW,NA,Si3,,Closed bodywork,Front-engined,Gérard Tremblay (F)/Jean Vignon (F)/Jean-Luc Baudet (F)/Dave Karaskas (GB),NA,NA,NA,NA,NA,BMW,M3,NA,NA,Result: did not finishGrid:,did not finishGrid:,not_finished,NA,NA,NA,NA,https://www.racingsportscars.com/images/car_no_photo.png,https://www.racingsportscars.com/about.html#contrib,https://www.racingsportscars.com/make/photo/BMW.html,https://www.racingsportscars.com/type/photo/BMW/M3.html,NA,NA
1999,93,Opel Manta B # - Opel,NA,A3,Kissling Motorsport (D),Closed bodywork,Front-engined,Olaf Beckmann (D)/Bernhard Schmittner/Peter Hass (D)/Frank Beyerlein,NA,NA,NA,NA,NA,Opel,Manta,B,#,Result: did not finishGrid:,did not finishGrid:,not_finished,NA,NA,NA,NA,https://www.racingsportscars.com/images/car_no_photo.png,https://www.racingsportscars.com/about.html#contrib,https://www.racingsportscars.com/make/photo/Opel.html,https://www.racingsportscars.com/type/photo/Opel/Manta.html,https://www.racingsportscars.com/suffix/photo/Opel/Manta/B.html,https://www.racingsportscars.com/chassis/photo/WOL000058G6124929.html
1999,100,Opel Calibra V6 - Opel V6,NA,A4,Opel Team Holzer,Closed bodywork,Front-engined,Volker Strycek (D)/Manuel Reuter (D),NA,NA,NA,NA,NA,Opel,Calibra,V6,NA,Result: did not finishGrid:,did not finishGrid:,not_finished,NA,NA,NA,NA,https://www.racingsportscars.com/images/car_no_photo.png,https://www.racingsportscars.com/about.html#contrib,https://www.racingsportscars.com/make/photo/Opel.html,https://www.racingsportscars.com/type/photo/Opel/Calibra.html,https://www.racingsportscars.com/suffix/photo/Opel/Calibra/V6.html,NA
1999,43,Ultima GTR,NA,A6,,-,-,Andres Tangen/Stuart Anderson (GB)/Malcom Sergant,NA,NA,NA,NA,NA,Ultima,GTR,NA,NA,Result: did not finishGrid:,did not finishGrid:,not_finished,NA,NA,NA,NA,https://www.racingsportscars.com/images/car_no_photo.png,https://www.racingsportscars.com/about.html#contrib,https://www.racingsportscars.com/make/photo/Ultima.html,https://www.racingsportscars.com/type/photo/Ultima/GTR.html,NA,NA
1999,325,BMW M3 - BMW,NA,Si3,Luigi Taverna Racing & Classic,Closed bodywork,Front-engined,Ferruccio Leone (I)/Valerio Leone (I)/Ettore Bonaldi (I)/Raffaele Sangiuolo (I),NA,NA,NA,NA,NA,BMW,M3,NA,NA,Result: did not finishGrid:,did not finishGrid:,not_finished,NA,NA,NA,NA,https://www.racingsportscars.com/images/car_no_photo.png,https://www.racingsportscars.com/about.html#contrib,https://www.racingsportscars.com/make/photo/BMW.html,https://www.racingsportscars.com/type/photo/BMW/M3.html,NA,NA
1999,117,Lotus Elise Sport,NA,A3,Wenko-Schirra Motoring (D),-,Mid-engined,Joachim Schirra (D)/Peter Scharmach (D)/Michael Harter (D)/Gero Schwing,NA,NA,NA,NA,NA,Lotus,Elise,Sport,NA,Result: did not finishGrid:,did not finishGrid:,not_finished,NA,NA,NA,NA,https://www.racingsportscars.com/images/car_no_photo.png,https://www.racingsportscars.com/about.html#contrib,https://www.racingsportscars.com/make/photo/Lotus.html,https://www.racingsportscars.com/type/photo/Lotus/Elise.html,https://www.racingsportscars.com/suffix/photo/Lotus/Elise/Sport.html,NA
1999,129,Volvo S40 - Volvo,NA,A3,Heico Sportiv,-,-,Wolfgang Kaufmann (D)/Andy Middendorf (D)/Manfred Wollgarten (D)/Guido Thierfelder,NA,NA,NA,NA,NA,Volvo,S40,NA,NA,Result: did not finishGrid:,did not finishGrid:,not_finished,NA,NA,NA,NA,https://www.racingsportscars.com/images/car_no_photo.png,https://www.racingsportscars.com/about.html#contrib,https://www.racingsportscars.com/make/photo/Volvo.html,https://www.racingsportscars.com/type/photo/Volvo/S40.html,NA,NA
1999,168,Peugeot 306 S16 - Peugeot,NA,N3,Schirra Motoring,-,-,Joachim Schirra (D)/Peter Scharmach (D)/Michael Harter (D)/Jürgen Delkus,NA,NA,NA,NA,NA,Peugeot,306,S16,NA,Result: did not finishGrid:,did not finishGrid:,not_finished,NA,NA,NA,NA,https://www.racingsportscars.com/images/car_no_photo.png,https://www.racingsportscars.com/about.html#contrib,https://www.racingsportscars.com/make/photo/Peugeot.html,https://www.racingsportscars.com/type/photo/Peugeot/306.html,https://www.racingsportscars.com/suffix/photo/Peugeot/306/S16.html,NA
1999,61,Ford Sierra Cosworth - Ford,NA,A5,AC Mayen e. V. im ADAC,-,-,Werner Langshausen/Frank Lohmann (D)/Luca Drudi (I),NA,NA,NA,NA,NA,Ford,Sierra,Cosworth,NA,Result: did not finishGrid:,did not finishGrid:,not_finished,NA,NA,NA,NA,https://www.racingsportscars.com/images/car_no_photo.png,https://www.racingsportscars.com/about.html#contrib,https://www.racingsportscars.com/make/photo/Ford.html,https://www.racingsportscars.com/type/photo/Ford/Sierra.html,https://www.racingsportscars.com/suffix/photo/Ford/Sierra/Cosworth.html,NA
