year,number,car_title,result,group,entrant,bodywork,engine,drivers,sponsor,colour,tyre,updated,contributor,make,model,chassis,suffix,result_raw,result_txt,result_status,grid,grid_time,finish_gap,dnf_reason,thumb_url,photo_url,make_url,model_url,chassis_url,suffix_url
2006,28,Porsche 996 GT3 #WP0ZZZ99Z3S692071 - Porsche F6 4v DOHC N/A,1,SP7,Manthey Racing GmbH,Closed bodywork,Rear-engined,Lucas Luhr (D)/Timo Bernhard (D)/Mike Rockenfeller (D)/Marcel Tiemann (D),NA,NA,NA,29/03/2022,Fabrice Bergenhuizen,Porsche,996 GT3,#WP0ZZZ99Z3S692071,NA,Result: winner - (159.731 kph) - margin: 5m59s968Grid:,winner - (159.731 kph) - margin: 5m59s968Grid:,finished,NA,NA,159.731 kph,NA,https://www.racingsportscars.com/tn/photo/2006/TN_Nurburgring-2006-06-18-028.jpg,https://www.racingsportscars.com/photo/2006/Nurburgring-2006-06-18-028.jpg,https://www.racingsportscars.com/make/photo/Porsche.html,https://www.racingsportscars.com/type/photo/Porsche/996%20GT3.html,https://www.racingsportscars.com/chassis/photo/WP0ZZZ99Z3S692071.html,NA
2006,2,Porsche 997 GT3 - Porsche,2,SP7,H & R Spezialfedern GmbH & Co KG,Closed bodywork,Rear-engined,Jürgen Alzen (D)/Klaus Ludwig (D)/Uwe Alzen (D)/Christian Abt (D),NA,NA,NA,29/03/2022,Fabrice Bergenhuizen,Porsche,997 GT3,NA,NA,Result: 2nd (5m59s968 behind the winner)Grid:,2nd (5m59s968 behind the winner)Grid:,finished,NA,NA,5m59s968 behind the winner,NA,https://www.racingsportscars.com/tn/photo/2006/TN_Nurburgring-2006-06-18-002.jpg,https://www.racingsportscars.com/NA,https://www.racingsportscars.com/make/photo/Porsche.html,https://www.racingsportscars.com/type/photo/Porsche/997%20GT3.html,NA,NA
2006,33,Dodge Viper GTS-R #C15 - Dodge /Caldwell Development V8/90° 2v OHV 6200 cc N/A,3,SP8,Zakspeed Racing GmbH & Co. KG (D),Closed bodywork,Front-engined,Hans-Peter Huppert-Nieder/Christopher Gerhard/Dirk Riebensahm (D)/Werner Mohr,NA,NA,NA,29/03/2022,Fabrice Bergenhuizen,Dodge,Viper,#C15,GTS-R,Result: 3rd 1st in SP8 (9 laps behind the winner)Grid:,3rd 1st in SP8 (9 laps behind the winner)Grid:,finished,NA,NA,9 laps behind the winner,NA,https://www.racingsportscars.com/tn/photo/2006/TN_Nurburgring-2006-06-18-033.jpg,https://www.racingsportscars.com/NA,https://www.racingsportscars.com/make/photo/Dodge.html,https://www.racingsportscars.com/type/photo/Dodge/Viper.html,https://www.racingsportscars.com/chassis/photo/GTSR-C15.html,https://www.racingsportscars.com/suffix/photo/Dodge/Viper/GTS-R.html
2006,30,Porsche 911 GT3 - Porsche,4,SP7,Manthey Racing GmbH,-,Rear-engined,Bert Lambrecht (B)/Jean-François Hemroulle (B)/Dirk Schoysman (B),NA,NA,NA,29/03/2022,Fabrice Bergenhuizen,Porsche,911 GT3,NA,NA,Result: 4th (11 laps behind the winner)Grid:,4th (11 laps behind the winner)Grid:,finished,NA,NA,11 laps behind the winner,NA,https://www.racingsportscars.com/tn/photo/2006/TN_Nurburgring-2006-06-18-030.jpg,https://www.racingsportscars.com/photo/2006/Nurburgring-2006-06-18-030.jpg,https://www.racingsportscars.com/make/photo/Porsche.html,https://www.racingsportscars.com/type/photo/Porsche/911%20GT3.html,NA,NA
2006,263,BMW 120d - BMW,5,S1,Motorsport-Arena Oschersleben,-,-,Claudia Hürtgen (D)/Marc Hennerici (D)/Johannes Stuck (A)/Torsten Schubert (D),NA,NA,NA,NA,NA,BMW,120d,NA,NA,Result: 5th 1st in S1 (13 laps behind the winner)Grid:,5th 1st in S1 (13 laps behind the winner)Grid:,finished,NA,NA,13 laps behind the winner,NA,https://www.racingsportscars.com/images/car_no_photo.png,https://www.racingsportscars.com/NA,https://www.racingsportscars.com/make/photo/BMW.html,https://www.racingsportscars.com/type/photo/BMW/120d.html,NA,NA
2006,42,Porsche 996 GT3-RS - Porsche,6,SP7,steam-racing GmbH,Closed bodywork,Rear-engined,Michael Schratz (D)/Johannes Siegler (D)/Arno Klasen (D)/Jörg Viebahn (D),NA,NA,NA,NA,NA,Porsche,996 GT3-RS,NA,NA,Result: 6th (13 laps behind the winner)Grid:,6th (13 laps behind the winner)Grid:,finished,NA,NA,13 laps behind the winner,NA,https://www.racingsportscars.com/images/car_no_photo.png,https://www.racingsportscars.com/NA,https://www.racingsportscars.com/make/photo/Porsche.html,https://www.racingsportscars.com/type/photo/Porsche/996%20GT3-RS.html,NA,NA
2006,69,BMW M3 CSL - BMW,7,SP6,,Closed bodywork,Front-engined,Rudi Adams (D)/Rainer Dörr (D)/Marc Hennerici (D)/Gregor Vogler,NA,NA,NA,NA,NA,BMW,M3,NA,CSL,Result: 7th 1st in SP6 (14 laps behind the winner)Grid:,7th 1st in SP6 (14 laps behind the winner)Grid:,finished,NA,NA,14 laps behind the winner,NA,https://www.racingsportscars.com/images/car_no_photo.png,https://www.racingsportscars.com/NA,https://www.racingsportscars.com/make/photo/BMW.html,https://www.racingsportscars.com/type/photo/BMW/M3.html,NA,https://www.racingsportscars.com/suffix/photo/BMW/M3/CSL.html
2006,29,Porsche 911 GT3 - Porsche,8,SP7,Manthey Racing GmbH,-,Rear-engined,Gary Williams/Julian Perry (GB)/Daniel Cooke (D)/Trevor Reeves,NA,NA,NA,29/03/2022,Fabrice Bergenhuizen,Porsche,911 GT3,NA,NA,Result: 8th (14 laps behind the winner)Grid:,8th (14 laps behind the winner)Grid:,finished,NA,NA,14 laps behind the winner,NA,https://www.racingsportscars.com/tn/photo/2006/TN_Nurburgring-2006-06-18-029.jpg,https://www.racingsportscars.com/NA,https://www.racingsportscars.com/make/photo/Porsche.html,https://www.racingsportscars.com/type/photo/Porsche/911%20GT3.html,NA,NA
2006,24,Porsche 996 GT3 - Porsche F6 4v DOHC N/A,9,SP7,VIP Petfoods,Closed bodywork,Rear-engined,Tony Quinn (GB)/Klark Quinn (AUS)/Craig Baird (NZ)/Kevin Bell (NZ),NA,NA,NA,29/03/2022,Fabrice Bergenhuizen,Porsche,996 GT3,NA,NA,Result: 9th (14 laps behind the winner)Grid:,9th (14 laps behind the winner)Grid:,finished,NA,NA,14 laps behind the winner,NA,https://www.racingsportscars.com/tn/photo/2006/TN_Nurburgring-2006-06-18-024.jpg,https://www.racingsportscars.com/NA,https://www.racingsportscars.com/make/photo/Porsche.html,https://www.racingsportscars.com/type/photo/Porsche/996%20GT3.html,NA,NA
2006,61,Porsche 996 GT3 - Porsche F6 4v DOHC N/A,10,SP6,,Closed bodywork,Rear-engined,Wolf Silvester (D)/Thomas Dill/Matthew Marsh (GB)/Michael Bonk (D),NA,NA,NA,NA,NA,Porsche,996 GT3,NA,NA,Result: 10th (15 laps behind the winner)Grid:,10th (15 laps behind the winner)Grid:,finished,NA,NA,15 laps behind the winner,NA,https://www.racingsportscars.com/images/car_no_photo.png,https://www.racingsportscars.com/NA,https://www.racingsportscars.com/make/photo/Porsche.html,https://www.racingsportscars.com/type/photo/Porsche/996%20GT3.html,NA,NA
2006,32,Porsche GT3 - Porsche,11,SP7,,-,-,Shane Fox/Wolfgang Weber (D)/Lothar Diederich,NA,NA,NA,NA,NA,Porsche,GT3,NA,NA,Result: 11th (15 laps behind the winner)Grid:,11th (15 laps behind the winner)Grid:,finished,NA,NA,15 laps behind the winner,NA,https://www.racingsportscars.com/images/car_no_photo.png,https://www.racingsportscars.com/NA,https://www.racingsportscars.com/make/photo/Porsche.html,https://www.racingsportscars.com/type/photo/Porsche/GT3.html,NA,NA
2006,72,BMW M3 - BMW,12,SP5,,Closed bodywork,Front-engined,Willi Obermann (D)/Ivano Giuliani (I)/Ulrich Gallade (D)/Roberto Ragazzi (I),NA,NA,NA,29/03/2022,Fabrice Bergenhuizen,BMW,M3,NA,NA,Result: 12th 1st in SP5 (16 laps behind the winner)Grid:,12th 1st in SP5 (16 laps behind the winner)Grid:,finished,NA,NA,16 laps behind the winner,NA,https://www.racingsportscars.com/tn/photo/2006/TN_Nurburgring-2006-06-18-072.jpg,https://www.racingsportscars.com/NA,https://www.racingsportscars.com/make/photo/BMW.html,https://www.racingsportscars.com/type/photo/BMW/M3.html,NA,NA
2006,189,Opel Astra GTC - Opel,13,SP3,Kissling Motorsport,-,-,Stefan Kissling (D)/Siegfried Sträwe (D)/Rainer Bastuck/Volker Strycek (D),NA,NA,NA,29/03/2022,Fabrice Bergenhuizen,Opel,Astra,NA,GTC,Result: 13th 1st in SP3 (18 laps behind the winner)Grid:,13th 1st in SP3 (18 laps behind the winner)Grid:,finished,NA,NA,18 laps behind the winner,NA,https://www.racingsportscars.com/tn/photo/2006/TN_Nurburgring-2006-06-18-189.jpg,https://www.racingsportscars.com/NA,https://www.racingsportscars.com/make/photo/Opel.html,https://www.racingsportscars.com/type/photo/Opel/Astra.html,NA,https://www.racingsportscars.com/suffix/photo/Opel/Astra/GTC.html
2006,137,Opel Astra Coupé - Opel,14,SP3,Kissling Motorsport,-,-,Stefan Kissling (D)/Hannu Luostarinen (FIN)/Rauno Nuoramo/Wolfgang Haugg (D),NA,NA,NA,29/03/2022,Fabrice Bergenhuizen,Opel,Astra,NA,Coupé,Result: 14th (18 laps behind the winner)Grid:,14th (18 laps behind the winner)Grid:,finished,NA,NA,18 laps behind the winner,NA,https://www.racingsportscars.com/tn/photo/2006/TN_Nurburgring-2006-06-18-137.jpg,https://www.racingsportscars.com/photo/2006/Nurburgring-2006-06-18-137.jpg,https://www.racingsportscars.com/make/photo/Opel.html,https://www.racingsportscars.com/type/photo/Opel/Astra.html,NA,https://www.racingsportscars.com/suffix/photo/Opel/Astra/Coup%c3%a9.html
2006,146,Honda Civic Type R - Honda,15,SP3,,-,-,Kai Riemer (D)/Jörg Chmiela (D)/Franz Fabian/Peter Venn (D),NA,NA,NA,NA,NA,Honda,Civic,NA,Type R,Result: 15th (26 laps behind the winner)Grid:,15th (26 laps behind the winner)Grid:,finished,NA,NA,26 laps behind the winner,NA,https://www.racingsportscars.com/images/car_no_photo.png,https://www.racingsportscars.com/NA,https://www.racingsportscars.com/make/photo/Honda.html,https://www.racingsportscars.com/type/photo/Honda/Civic.html,NA,https://www.racingsportscars.com/suffix/photo/Honda/Civic/Type%20R.html
2006,11,Porsche GT3 - Porsche,16,SP7,,-,-,Jörg Otto (D)/Georg Weiss (D)/Peter-Paul Pietsch (D)/Michael Jacobs (USA),NA,NA,NA,NA,NA,Porsche,GT3,NA,NA,Result: 16th (18 laps behind the winner)Grid:,16th (18 laps behind the winner)Grid:,finished,NA,NA,18 laps behind the winner,NA,https://www.racingsportscars.com/images/car_no_photo.png,https://www.racingsportscars.com/NA,https://www.racingsportscars.com/make/photo/Porsche.html,https://www.racingsportscars.com/type/photo/Porsche/GT3.html,NA,NA
2006,65,BMW M3 CSL - BMW,17,SP6,Team Ehrl Sport,Closed bodywork,Front-engined,Marco Schelp (D)/Marcel Blomer (CH)/Martin Baumgartner/Paul Waser,NA,NA,NA,NA,NA,BMW,M3,NA,CSL,Result: 17th (19 laps behind the winner)Grid:,17th (19 laps behind the winner)Grid:,finished,NA,NA,19 laps behind the winner,NA,https://www.racingsportscars.com/images/car_no_photo.png,https://www.racingsportscars.com/NA,https://www.racingsportscars.com/make/photo/BMW.html,https://www.racingsportscars.com/type/photo/BMW/M3.html,NA,https://www.racingsportscars.com/suffix/photo/BMW/M3/CSL.html
2006,94,Hyundai Coupé GK - Hyundai,18,SP4,Team DMV,-,-,Jürgen Schumann (D)/Peter Schumann (D)/Christian Hohenadel (D),NA,NA,NA,NA,NA,Hyundai,Coupé,NA,GK,Result: 18th 1st in SP4 (19 laps behind the winner)Grid:,18th 1st in SP4 (19 laps behind the winner)Grid:,finished,NA,NA,19 laps behind the winner,NA,https://www.racingsportscars.com/images/car_no_photo.png,https://www.racingsportscars.com/NA,https://www.racingsportscars.com/make/photo/Hyundai.html,https://www.racingsportscars.com/type/photo/Hyundai/Coup%c3%a9.html,NA,https://www.racingsportscars.com/suffix/photo/Hyundai/Coup%c3%a9/GK.html
2006,27,Porsche GT3 - Porsche,19,SP7,,-,-,Bill Cameron (GB)/Barry Horne (GB)/Marino Franchitti (GB),NA,NA,NA,29/03/2022,Fabrice Bergenhuizen,Porsche,GT3,NA,NA,Result: 19th (20 laps behind the winner)Grid:,19th (20 laps behind the winner)Grid:,finished,NA,NA,20 laps behind the winner,NA,https://www.racingsportscars.com/tn/photo/2006/TN_Nurburgring-2006-06-18-027.jpg,https://www.racingsportscars.com/NA,https://www.racingsportscars.com/make/photo/Porsche.html,https://www.racingsportscars.com/type/photo/Porsche/GT3.html,NA,NA
2006,12,Lamborghini Gallardo - Lamborghini,20,SP8,Lambo-Racing GmbH,Closed bodywork,Mid-engined,Stephan Rösler (D)/Andreas Kitzerow/Georg Silbermayr (D)/Florian Scholze (D),NA,NA,NA,29/03/2022,Fabrice Bergenhuizen,Lamborghini,Gallardo,NA,NA,Result: 20th (20 laps behind the winner)Grid:,20th (20 laps behind the winner)Grid:,finished,NA,NA,20 laps behind the winner,NA,https://www.racingsportscars.com/tn/photo/2006/TN_Nurburgring-2006-06-18-012.jpg,https://www.racingsportscars.com/photo/2006/Nurburgring-2006-06-18-012.jpg,https://www.racingsportscars.com/make/photo/Lamborghini.html,https://www.racingsportscars.com/type/photo/Lamborghini/Gallardo.html,NA,NA
2006,214,BMW M3 - BMW,21,V5,Bonnfinanz Motorsport,Closed bodywork,Front-engined,Oliver Rövenich (D)/Thomas Brügmann/Thomas Ambiel (D)/René Wolff (D),NA,NA,NA,NA,NA,BMW,M3,NA,NA,Result: 21st 1st in V5 (21 laps behind the winner)Grid:,21st 1st in V5 (21 laps behind the winner)Grid:,finished,NA,NA,21 laps behind the winner,NA,https://www.racingsportscars.com/images/car_no_photo.png,https://www.racingsportscars.com/NA,https://www.racingsportscars.com/make/photo/BMW.html,https://www.racingsportscars.com/type/photo/BMW/M3.html,NA,NA
2006,62,BMW M3 - BMW,22,SP6,MSC Rhön e.V. im AvD,Closed bodywork,Front-engined,Pierre de Thoisy (F)/Philippe Haezebrouck (F)/Thierry Depoix (F),NA,NA,NA,29/03/2022,Fabrice Bergenhuizen,BMW,M3,NA,NA,Result: 22nd (21 laps behind the winner)Grid:,22nd (21 laps behind the winner)Grid:,finished,NA,NA,21 laps behind the winner,NA,https://www.racingsportscars.com/tn/photo/2006/TN_Nurburgring-2006-06-18-062.jpg,https://www.racingsportscars.com/NA,https://www.racingsportscars.com/make/photo/BMW.html,https://www.racingsportscars.com/type/photo/BMW/M3.html,NA,NA
2006,5,Audi RS4 - Audi,23,SP8,,-,-,Uwe Bleck/Timo Schupp (D)/Christian Kohlhaas (D)/Giampaolo Tenchini (I),NA,NA,NA,29/03/2022,Fabrice Bergenhuizen,Audi,RS4,NA,NA,Result: 23rd (21 laps behind the winner)Grid:,23rd (21 laps behind the winner)Grid:,finished,NA,NA,21 laps behind the winner,NA,https://www.racingsportscars.com/tn/photo/2006/TN_Nurburgring-2006-06-18-005.jpg,https://www.racingsportscars.com/NA,https://www.racingsportscars.com/make/photo/Audi.html,https://www.racingsportscars.com/type/photo/Audi/RS4.html,NA,NA
2006,8,Aston Martin V8 Vantage - Aston Martin,24,SP8,(D),-,-,Wolfgang Schuhbauer (D)/Horst von Saurma-Jeltsch (D)/Ulrich Bez (D)/Chris Porritt (GB),NA,NA,NA,NA,NA,Aston Martin,V8 Vantage,NA,NA,Result: 24th (21 laps behind the winner)Grid:,24th (21 laps behind the winner)Grid:,finished,NA,NA,21 laps behind the winner,NA,https://www.racingsportscars.com/images/car_no_photo.png,https://www.racingsportscars.com/NA,https://www.racingsportscars.com/make/photo/Aston%20Martin.html,https://www.racingsportscars.com/type/photo/Aston%20Martin/V8%20Vantage.html,NA,NA
2006,22,BMW M3 - BMW,25,SP8,,Closed bodywork,Front-engined,Michael Tischner (D)/Ulf Karlsson (S)/Joachim Kiesch (D)/Klaus Engelbrecht-Schnür,NA,NA,NA,29/03/2022,Fabrice Bergenhuizen,BMW,M3,NA,NA,Result: 25th (22 laps behind the winner)Grid:,25th (22 laps behind the winner)Grid:,finished,NA,NA,22 laps behind the winner,NA,https://www.racingsportscars.com/tn/photo/2006/TN_Nurburgring-2006-06-18-022.jpg,https://www.racingsportscars.com/NA,https://www.racingsportscars.com/make/photo/BMW.html,https://www.racingsportscars.com/type/photo/BMW/M3.html,NA,NA
2006,59,Mitsubishi Lancer Evo VIII - Mitsubishi,26,SP6,Raeder Motorsport GmbH,-,-,Elmar Deegener (D)/Sven Fisch/Jürgen Wohlfahrt (D)/Bernd Schneider (D),NA,NA,NA,29/03/2022,Fabrice Bergenhuizen,Mitsubishi,Lancer,NA,Evo VIII,Result: 26th (22 laps behind the winner)Grid:,26th (22 laps behind the winner)Grid:,finished,NA,NA,22 laps behind the winner,NA,https://www.racingsportscars.com/tn/photo/2006/TN_Nurburgring-2006-06-18-059.jpg,https://www.racingsportscars.com/photo/2006/Nurburgring-2006-06-18-059.jpg,https://www.racingsportscars.com/make/photo/Mitsubishi.html,https://www.racingsportscars.com/type/photo/Mitsubishi/Lancer.html,NA,https://www.racingsportscars.com/suffix/photo/Mitsubishi/Lancer/Evo%20VIII.html
2006,52,Honda NSX - Honda,27,SP6,,-,-,Klaus Niedzwiedz (D)Peter Wyss (CH)/Meinhard Rittmeier/Stefan Schlesack (D),NA,NA,NA,NA,NA,Honda,NSX,NA,NA,Result: 27th (23 laps behind the winner)Grid:,27th (23 laps behind the winner)Grid:,finished,NA,NA,23 laps behind the winner,NA,https://www.racingsportscars.com/images/car_no_photo.png,https://www.racingsportscars.com/NA,https://www.racingsportscars.com/make/photo/Honda.html,https://www.racingsportscars.com/type/photo/Honda/NSX.html,NA,NA
2006,46,Porsche GT3 - Porsche,28,SP7,,-,-,Francesco Ciani (I)/Marco Polani (I)/Giorgio Piodi (I)/Giuliano Bottazzi,NA,NA,NA,NA,NA,Porsche,GT3,NA,NA,Result: 28th (23 laps behind the winner)Grid:,28th (23 laps behind the winner)Grid:,finished,NA,NA,23 laps behind the winner,NA,https://www.racingsportscars.com/images/car_no_photo.png,https://www.racingsportscars.com/NA,https://www.racingsportscars.com/make/photo/Porsche.html,https://www.racingsportscars.com/type/photo/Porsche/GT3.html,NA,NA
2006,245,VW Golf TDi - VW,29,S1,,Closed bodywork,Front-engined,Kai Jordan (D)/Ralph Bohnhorst/Sven Koch/Andreas Waldherr,NA,NA,NA,NA,NA,VW,Golf,NA,TDi,Result: 29th (23 laps behind the winner)Grid:,29th (23 laps behind the winner)Grid:,finished,NA,NA,23 laps behind the winner,NA,https://www.racingsportscars.com/images/car_no_photo.png,https://www.racingsportscars.com/NA,https://www.racingsportscars.com/make/photo/VW.html,https://www.racingsportscars.com/type/photo/VW/Golf.html,NA,https://www.racingsportscars.com/suffix/photo/VW/Golf/TDi.html
2006,80,BMW Compact - BMW,30,SP5,,-,-,Rudi Seher (D)/Ronny Mai/Frank Jelinski (D)/Werner Fischer,NA,NA,NA,NA,NA,BMW,Compact,NA,NA,Result: 30th (23 laps behind the winner)Grid:,30th (23 laps behind the winner)Grid:,finished,NA,NA,23 laps behind the winner,NA,https://www.racingsportscars.com/images/car_no_photo.png,https://www.racingsportscars.com/NA,https://www.racingsportscars.com/make/photo/BMW.html,https://www.racingsportscars.com/type/photo/BMW/Compact.html,NA,NA
2006,25,Porsche GT3 - Porsche,31,SP7,Agon Motorsport GbR,-,-,Jörn Staade-Schmidt/Stefan Peters/Thomas Koll (D)/Klaus Hahn,NA,NA,NA,29/03/2022,Fabrice Bergenhuizen,Porsche,GT3,NA,NA,Result: 31st (24 laps behind the winner)Grid:,31st (24 laps behind the winner)Grid:,finished,NA,NA,24 laps behind the winner,NA,https://www.racingsportscars.com/tn/photo/2006/TN_Nurburgring-2006-06-18-025.jpg,https://www.racingsportscars.com/NA,https://www.racingsportscars.com/make/photo/Porsche.html,https://www.racingsportscars.com/type/photo/Porsche/GT3.html,NA,NA
2006,200,Mercedes-Benz 190 E Evo 1 - Mercedes-Benz N/A,32,V4,Der Stern von Willich Motorsport,Closed bodywork,Front-engined,Thomas Schmid/Lars Hieronymus/Carsten Welschar (D)/Andreas Hoff,NA,NA,NA,NA,NA,Mercedes-Benz,190 E,NA,Evo 1,Result: 32nd 1st in V4 (25 laps behind the winner)Grid:,32nd 1st in V4 (25 laps behind the winner)Grid:,finished,NA,NA,25 laps behind the winner,NA,https://www.racingsportscars.com/images/car_no_photo.png,https://www.racingsportscars.com/NA,https://www.racingsportscars.com/make/photo/Mercedes-Benz.html,https://www.racingsportscars.com/type/photo/Mercedes-Benz/190%20E.html,NA,https://www.racingsportscars.com/suffix/photo/Mercedes-Benz/190%20E/Evo%201.html
2006,232,Honda Civic Type R - Honda,33,SPC1,VLN-Honda Junior Team-FH Köln Motorsport,-,-,Christoph Breuer (D)/Benjamin Koske (D)/Demian Schaffert,NA,NA,NA,NA,NA,Honda,Civic,NA,Type R,Result: 33rd 1st in SPC1 (25 laps behind the winner)Grid:,33rd 1st in SPC1 (25 laps behind the winner)Grid:,finished,NA,NA,25 laps behind the winner,NA,https://www.racingsportscars.com/images/car_no_photo.png,https://www.racingsportscars.com/NA,https://www.racingsportscars.com/make/photo/Honda.html,https://www.racingsportscars.com/type/photo/Honda/Civic.html,NA,https://www.racingsportscars.com/suffix/photo/Honda/Civic/Type%20R.html
2006,106,Seat León Supercopa - Seat,34,SP3T,Motorsportzentrum Rhein-Ruhr,-,-,Jarkko Venäläinen/Andre Picker/Matthias Pahlke/Markus Mauer,NA,NA,NA,NA,NA,Seat,León,NA,Supercopa,Result: 34th 1st in SP3T (25 laps behind the winner)Grid:,34th 1st in SP3T (25 laps behind the winner)Grid:,finished,NA,NA,25 laps behind the winner,NA,https://www.racingsportscars.com/images/car_no_photo.png,https://www.racingsportscars.com/NA,https://www.racingsportscars.com/make/photo/Seat.html,https://www.racingsportscars.com/type/photo/Seat/Le%c3%b3n.html,NA,https://www.racingsportscars.com/suffix/photo/Seat/Le%c3%b3n/Supercopa.html
2006,66,Porsche GT3 - Porsche,35,SP7,Kruse Motorsport,-,-,Christopher Brück (D)/Leonhard Schiller/Nicole Lüttecke (D)/Günter Lüttecke (D),NA,NA,NA,NA,NA,Porsche,GT3,NA,NA,Result: 35th (25 laps behind the winner)Grid:,35th (25 laps behind the winner)Grid:,finished,NA,NA,25 laps behind the winner,NA,https://www.racingsportscars.com/images/car_no_photo.png,https://www.racingsportscars.com/NA,https://www.racingsportscars.com/make/photo/Porsche.html,https://www.racingsportscars.com/type/photo/Porsche/GT3.html,NA,NA
2006,9,Maserati Gransport Light T - Maserati,36,SP8,,-,-,Jacques Laffite (F)/Richard Meaden (GB)/Patrick Hong/Gianni Giudici (I),NA,NA,NA,29/03/2022,Fabrice Bergenhuizen,Maserati,Gransport Light,NA,T,Result: 36th (25 laps behind the winner)Grid:,36th (25 laps behind the winner)Grid:,finished,NA,NA,25 laps behind the winner,NA,https://www.racingsportscars.com/tn/photo/2006/TN_Nurburgring-2006-06-18-009.jpg,https://www.racingsportscars.com/photo/2006/Nurburgring-2006-06-18-009.jpg,https://www.racingsportscars.com/make/photo/Maserati.html,https://www.racingsportscars.com/type/photo/Maserati/Gransport%20Light.html,NA,https://www.racingsportscars.com/suffix/photo/Maserati/Gransport%20Light/T.html
2006,196,BMW 325i - BMW,37,V4,Team-Black-Falcon.com,-,-,Thomas Mundorf/Dirk Baur/Christian Senz/Michael Rebhan (D),NA,NA,NA,NA,NA,BMW,325i,NA,NA,Result: 37th (26 laps behind the winner)Grid:,37th (26 laps behind the winner)Grid:,finished,NA,NA,26 laps behind the winner,NA,https://www.racingsportscars.com/images/car_no_photo.png,https://www.racingsportscars.com/NA,https://www.racingsportscars.com/make/photo/BMW.html,https://www.racingsportscars.com/type/photo/BMW/325i.html,NA,NA
2006,211,BMW M3 - BMW,38,V5,Dürener Motorsport Club e.V. im ADAC,Closed bodywork,Front-engined,Bernd Küpper (D)/Klaus Koch (D)/Benjamin Weidner (D),NA,NA,NA,NA,NA,BMW,M3,NA,NA,Result: 38th (26 laps behind the winner)Grid:,38th (26 laps behind the winner)Grid:,finished,NA,NA,26 laps behind the winner,NA,https://www.racingsportscars.com/images/car_no_photo.png,https://www.racingsportscars.com/NA,https://www.racingsportscars.com/make/photo/BMW.html,https://www.racingsportscars.com/type/photo/BMW/M3.html,NA,NA
2006,112,Honda Accord Euro R - Honda,39,SP3,,-,-,Kotaro Yamamoto (J)/Cyril Kalbassi (D)/Oluf Bendixen,NA,NA,NA,NA,NA,Honda,Accord,NA,Euro R,Result: 39th (29 laps behind the winner)Grid:,39th (29 laps behind the winner)Grid:,finished,NA,NA,29 laps behind the winner,NA,https://www.racingsportscars.com/images/car_no_photo.png,https://www.racingsportscars.com/NA,https://www.racingsportscars.com/make/photo/Honda.html,https://www.racingsportscars.com/type/photo/Honda/Accord.html,NA,https://www.racingsportscars.com/suffix/photo/Honda/Accord/Euro%20R.html
2006,201,BMW M3 - BMW,40,V4,Pistenclub e.V.,Closed bodywork,Front-engined,Sascha Hancke (D)/Jürgen Peter (D)/Jörg Klinkhammer/Achim Berg (D),NA,NA,NA,NA,NA,BMW,M3,NA,NA,Result: 40th (26 laps behind the winner)Grid:,40th (26 laps behind the winner)Grid:,finished,NA,NA,26 laps behind the winner,NA,https://www.racingsportscars.com/images/car_no_photo.png,https://www.racingsportscars.com/NA,https://www.racingsportscars.com/make/photo/BMW.html,https://www.racingsportscars.com/type/photo/BMW/M3.html,NA,NA
2006,207,BMW 325i - BMW,41,V4,,-,-,Johannes Reuter/Philipp Wlazik (D)/Erich Trinkl (A)/Karl-Heinz Wlazik (D),NA,NA,NA,NA,NA,BMW,325i,NA,NA,Result: 41st (26 laps behind the winner)Grid:,41st (26 laps behind the winner)Grid:,finished,NA,NA,26 laps behind the winner,NA,https://www.racingsportscars.com/images/car_no_photo.png,https://www.racingsportscars.com/NA,https://www.racingsportscars.com/make/photo/BMW.html,https://www.racingsportscars.com/type/photo/BMW/325i.html,NA,NA
2006,197,BMW 325i - BMW,42,V4,Team-Black-Falcon.com,-,-,Matthias Unger (D)/Winfried Bär/Dieter Lehner (CH)/Heiko Hedemann (D),NA,NA,NA,NA,NA,BMW,325i,NA,NA,Result: 42nd (27 laps behind the winner)Grid:,42nd (27 laps behind the winner)Grid:,finished,NA,NA,27 laps behind the winner,NA,https://www.racingsportscars.com/images/car_no_photo.png,https://www.racingsportscars.com/NA,https://www.racingsportscars.com/make/photo/BMW.html,https://www.racingsportscars.com/type/photo/BMW/325i.html,NA,NA
2006,209,BMW M3 GT - BMW,43,V5,Team-Black-Falcon.com,Closed bodywork,Front-engined,Michael Luther/Daniel Zils (D)/Alexander Böhm (D)/Franz Brenauer,NA,NA,NA,NA,NA,BMW,M3,NA,GT,Result: 43rd (28 laps behind the winner)Grid:,43rd (28 laps behind the winner)Grid:,finished,NA,NA,28 laps behind the winner,NA,https://www.racingsportscars.com/images/car_no_photo.png,https://www.racingsportscars.com/NA,https://www.racingsportscars.com/make/photo/BMW.html,https://www.racingsportscars.com/type/photo/BMW/M3.html,NA,https://www.racingsportscars.com/suffix/photo/BMW/M3/GT.html
2006,111,Opel Corsa - Opel,44,V2,,-,-,Jürgen Glath/Axel Nolde/Bojan Ferk,NA,NA,NA,NA,NA,Opel,Corsa,NA,NA,Result: 44th 1st in V2 (28 laps behind the winner)Grid:,44th 1st in V2 (28 laps behind the winner)Grid:,finished,NA,NA,28 laps behind the winner,NA,https://www.racingsportscars.com/images/car_no_photo.png,https://www.racingsportscars.com/NA,https://www.racingsportscars.com/make/photo/Opel.html,https://www.racingsportscars.com/type/photo/Opel/Corsa.html,NA,NA
2006,103,Audi A3 2.0T FSI - Audi,45,SP3T,Jörg van Ommen Autosport,-,-,Dierk Möller-Sonntag (D)/Otto Hofmayer/Thorsten Unger/Hans-Martin Gass (D),NA,NA,NA,NA,NA,Audi,A3,NA,2.0T FSI,Result: 45th (28 laps behind the winner)Grid:,45th (28 laps behind the winner)Grid:,finished,NA,NA,28 laps behind the winner,NA,https://www.racingsportscars.com/images/car_no_photo.png,https://www.racingsportscars.com/NA,https://www.racingsportscars.com/make/photo/Audi.html,https://www.racingsportscars.com/type/photo/Audi/A3.html,NA,https://www.racingsportscars.com/suffix/photo/Audi/A3/2.0T%20FSI.html
2006,49,BMW M3 - BMW,46,SP6,,Closed bodywork,Front-engined,Antoine Feidt (L)/Michael Klein (D)/Gérard Tremblay (F)/Eric van de Vyver (F),NA,NA,NA,NA,NA,BMW,M3,NA,NA,Result: 46th (28 laps behind the winner)Grid:,46th (28 laps behind the winner)Grid:,finished,NA,NA,28 laps behind the winner,NA,https://www.racingsportscars.com/images/car_no_photo.png,https://www.racingsportscars.com/NA,https://www.racingsportscars.com/make/photo/BMW.html,https://www.racingsportscars.com/type/photo/BMW/M3.html,NA,NA
2006,174,BMW 318 ti - BMW,47,V2,,-,-,Frank Möller/Alexander Schula (D)/Jens Schäfer,NA,NA,NA,NA,NA,BMW,318,NA,ti,Result: 47th (28 laps behind the winner)Grid:,47th (28 laps behind the winner)Grid:,finished,NA,NA,28 laps behind the winner,NA,https://www.racingsportscars.com/images/car_no_photo.png,https://www.racingsportscars.com/NA,https://www.racingsportscars.com/make/photo/BMW.html,https://www.racingsportscars.com/type/photo/BMW/318.html,NA,https://www.racingsportscars.com/suffix/photo/BMW/318/ti.html
2006,249,Seat León 1.9 TDi - Seat,48,S1,,-,-,Giuseppe Arlotti (I)/Simone Stanguellini/Bruno Barbaro (I),NA,NA,NA,NA,NA,Seat,León,NA,1.9 TDi,Result: 48th (28 laps behind the winner)Grid:,48th (28 laps behind the winner)Grid:,finished,NA,NA,28 laps behind the winner,NA,https://www.racingsportscars.com/images/car_no_photo.png,https://www.racingsportscars.com/NA,https://www.racingsportscars.com/make/photo/Seat.html,https://www.racingsportscars.com/type/photo/Seat/Le%c3%b3n.html,NA,https://www.racingsportscars.com/suffix/photo/Seat/Le%c3%b3n/1.9%20TDi.html
2006,128,BMW 320i - BMW,49,SP3,MSC Ruhr-Blitz Bochum e.V. im ADAC,Closed bodywork,Front-engined,Gianni Biava (I)/Emilio Melloni (I)/Luca Zoppini (I)/Giovanni Bottazzi,NA,NA,NA,NA,NA,BMW,320i,NA,NA,Result: 49th (29 laps behind the winner)Grid:,49th (29 laps behind the winner)Grid:,finished,NA,NA,29 laps behind the winner,NA,https://www.racingsportscars.com/images/car_no_photo.png,https://www.racingsportscars.com/NA,https://www.racingsportscars.com/make/photo/BMW.html,https://www.racingsportscars.com/type/photo/BMW/320i.html,NA,NA
2006,134,Renault Clio RS - Renault,50,SP3,,-,-,Michael Wellmann/Markus Leger/Uwe Reich (D)/Patrick Hinte,NA,NA,NA,NA,NA,Renault,Clio,NA,RS,Result: 50th (29 laps behind the winner)Grid:,50th (29 laps behind the winner)Grid:,finished,NA,NA,29 laps behind the winner,NA,https://www.racingsportscars.com/images/car_no_photo.png,https://www.racingsportscars.com/NA,https://www.racingsportscars.com/make/photo/Renault.html,https://www.racingsportscars.com/type/photo/Renault/Clio.html,NA,https://www.racingsportscars.com/suffix/photo/Renault/Clio/RS.html
2006,257,Renault Mégane - Renault,51,S1,,-,-,Franck Grossetéte/Philippe Géhin/Christophe Porcher,NA,NA,NA,NA,NA,Renault,Mégane,NA,NA,Result: 51st (29 laps behind the winner)Grid:,51st (29 laps behind the winner)Grid:,finished,NA,NA,29 laps behind the winner,NA,https://www.racingsportscars.com/images/car_no_photo.png,https://www.racingsportscars.com/NA,https://www.racingsportscars.com/make/photo/Renault.html,https://www.racingsportscars.com/type/photo/Renault/M%c3%a9gane.html,NA,NA
2006,253,Alfa Romeo 147 JTD - Alfa Romeo,52,S1,,-,-,Paul Hunsperger/Hubert Nacken (D)/Terry Britschford/Roland Mühlbauer,NA,NA,NA,NA,NA,Alfa Romeo,147,NA,JTD,Result: 52nd (29 laps behind the winner)Grid:,52nd (29 laps behind the winner)Grid:,finished,NA,NA,29 laps behind the winner,NA,https://www.racingsportscars.com/images/car_no_photo.png,https://www.racingsportscars.com/NA,https://www.racingsportscars.com/make/photo/Alfa%20Romeo.html,https://www.racingsportscars.com/type/photo/Alfa%20Romeo/147.html,NA,https://www.racingsportscars.com/suffix/photo/Alfa%20Romeo/147/JTD.html
2006,213,BMW M3 GT - BMW,53,V5,MSC Rhön e.V. im AvD,Closed bodywork,Front-engined,Christian Leitheuser (D)/Ulli Rossaro/Torsten Krey (D)/Florian Scholze (D),NA,NA,NA,NA,NA,BMW,M3,NA,GT,Result: 53rd (30 laps behind the winner)Grid:,53rd (30 laps behind the winner)Grid:,finished,NA,NA,30 laps behind the winner,NA,https://www.racingsportscars.com/images/car_no_photo.png,https://www.racingsportscars.com/NA,https://www.racingsportscars.com/make/photo/BMW.html,https://www.racingsportscars.com/type/photo/BMW/M3.html,NA,https://www.racingsportscars.com/suffix/photo/BMW/M3/GT.html
2006,110,Renault Clio RS - Renault,54,SP3,,-,-,Christian Benz/Stefan Benz,NA,NA,NA,NA,NA,Renault,Clio,NA,RS,Result: 54th (30 laps behind the winner)Grid:,54th (30 laps behind the winner)Grid:,finished,NA,NA,30 laps behind the winner,NA,https://www.racingsportscars.com/images/car_no_photo.png,https://www.racingsportscars.com/NA,https://www.racingsportscars.com/make/photo/Renault.html,https://www.racingsportscars.com/type/photo/Renault/Clio.html,NA,https://www.racingsportscars.com/suffix/photo/Renault/Clio/RS.html
2006,233,Honda Civic Type R - Honda,55,SPC1,,-,-,Michael Ecker/Uwe Unteroberdörster/Marcel Engels (B)/Wilfried Schmitz (D),NA,NA,NA,NA,NA,Honda,Civic,NA,Type R,Result: 55th (31 laps behind the winner)Grid:,55th (31 laps behind the winner)Grid:,finished,NA,NA,31 laps behind the winner,NA,https://www.racingsportscars.com/images/car_no_photo.png,https://www.racingsportscars.com/NA,https://www.racingsportscars.com/make/photo/Honda.html,https://www.racingsportscars.com/type/photo/Honda/Civic.html,NA,https://www.racingsportscars.com/suffix/photo/Honda/Civic/Type%20R.html
2006,64,Porsche GT3 - Porsche,56,SP6,,-,-,Anders Levin (S)/Martin Morin/Peter Thelin/Carl Rydquist (S),NA,NA,NA,NA,NA,Porsche,GT3,NA,NA,Result: 56th (31 laps behind the winner)Grid:,56th (31 laps behind the winner)Grid:,finished,NA,NA,31 laps behind the winner,NA,https://www.racingsportscars.com/images/car_no_photo.png,https://www.racingsportscars.com/NA,https://www.racingsportscars.com/make/photo/Porsche.html,https://www.racingsportscars.com/type/photo/Porsche/GT3.html,NA,NA
2006,202,BMW 325i - BMW,57,V4,"""",-,-,Heinz-Willi Delzepich/Uwe Krumscheid (D)/Mathias Ritgen/Andreas Krause,NA,NA,NA,NA,NA,BMW,325i,NA,NA,Result: 57th (32 laps behind the winner)Grid:,57th (32 laps behind the winner)Grid:,finished,NA,NA,32 laps behind the winner,NA,https://www.racingsportscars.com/images/car_no_photo.png,https://www.racingsportscars.com/NA,https://www.racingsportscars.com/make/photo/BMW.html,https://www.racingsportscars.com/type/photo/BMW/325i.html,NA,NA
2006,238,Honda Civic Type R - Honda,58,SPC1,Fleper Motorsport,-,-,Norbert Bermes (D)/Harald Thönnes/Daniel Ortmann/Meik Utsch (D),NA,NA,NA,NA,NA,Honda,Civic,NA,Type R,Result: 58th (32 laps behind the winner)Grid:,58th (32 laps behind the winner)Grid:,finished,NA,NA,32 laps behind the winner,NA,https://www.racingsportscars.com/images/car_no_photo.png,https://www.racingsportscars.com/NA,https://www.racingsportscars.com/make/photo/Honda.html,https://www.racingsportscars.com/type/photo/Honda/Civic.html,NA,https://www.racingsportscars.com/suffix/photo/Honda/Civic/Type%20R.html
2006,199,BMW M3 - BMW,59,V4,Harosa-Motorsport,Closed bodywork,Front-engined,Hans-Rolf Salzer/Sascha Salzer,NA,NA,NA,NA,NA,BMW,M3,NA,NA,Result: 59th (32 laps behind the winner)Grid:,59th (32 laps behind the winner)Grid:,finished,NA,NA,32 laps behind the winner,NA,https://www.racingsportscars.com/images/car_no_photo.png,https://www.racingsportscars.com/NA,https://www.racingsportscars.com/make/photo/BMW.html,https://www.racingsportscars.com/type/photo/BMW/M3.html,NA,NA
2006,183,BMW 318 is - BMW,60,V2,,-,-,Markus Giese/Rolf Scheibner (D)/Guido Majewski (D)/Thilo Winkler,NA,NA,NA,NA,NA,BMW,318,NA,is,Result: 60th (32 laps behind the winner)Grid:,60th (32 laps behind the winner)Grid:,finished,NA,NA,32 laps behind the winner,NA,https://www.racingsportscars.com/images/car_no_photo.png,https://www.racingsportscars.com/NA,https://www.racingsportscars.com/make/photo/BMW.html,https://www.racingsportscars.com/type/photo/BMW/318.html,NA,https://www.racingsportscars.com/suffix/photo/BMW/318/is.html
2006,176,BMW 318 ti - BMW,61,V2,,-,-,Stefan Abegg/Benedikt Frei (D)/Michael Jestädt (D)/Hendrik Strauch,NA,NA,NA,NA,NA,BMW,318,NA,ti,Result: 61st (32 laps behind the winner)Grid:,61st (32 laps behind the winner)Grid:,finished,NA,NA,32 laps behind the winner,NA,https://www.racingsportscars.com/images/car_no_photo.png,https://www.racingsportscars.com/NA,https://www.racingsportscars.com/make/photo/BMW.html,https://www.racingsportscars.com/type/photo/BMW/318.html,NA,https://www.racingsportscars.com/suffix/photo/BMW/318/ti.html
2006,105,Seat León Supercopa - Seat,62,SP3T,Motorsportzentrum Rhein-Ruhr,-,-,Kathrin Droste/Katharina König/Catharina Felser (D)/Christina Surer,NA,NA,NA,NA,NA,Seat,León,NA,Supercopa,Result: 62nd (32 laps behind the winner)Grid:,62nd (32 laps behind the winner)Grid:,finished,NA,NA,32 laps behind the winner,NA,https://www.racingsportscars.com/images/car_no_photo.png,https://www.racingsportscars.com/NA,https://www.racingsportscars.com/make/photo/Seat.html,https://www.racingsportscars.com/type/photo/Seat/Le%c3%b3n.html,NA,https://www.racingsportscars.com/suffix/photo/Seat/Le%c3%b3n/Supercopa.html
2006,165,Suzuki Swift - Suzuki,63,SP1,,-,-,Christian Tschornia/Sebastian Tschornia/Guido Janzen/Martin Becker,NA,NA,NA,NA,NA,Suzuki,Swift,NA,NA,Result: 63rd 1st in SP1 (33 laps behind the winner)Grid:,63rd 1st in SP1 (33 laps behind the winner)Grid:,finished,NA,NA,33 laps behind the winner,NA,https://www.racingsportscars.com/images/car_no_photo.png,https://www.racingsportscars.com/NA,https://www.racingsportscars.com/make/photo/Suzuki.html,https://www.racingsportscars.com/type/photo/Suzuki/Swift.html,NA,NA
2006,151,Ford Fiesta - Ford N/A,64,SP2,Pistenclub e.V.,Closed bodywork,Front-engined,Frank Aust/Rudolf Rank/Robert Thiele/Guy Hoffeld,NA,NA,NA,NA,NA,Ford,Fiesta,NA,NA,Result: 64th 1st in SP2 (33 laps behind the winner)Grid:,64th 1st in SP2 (33 laps behind the winner)Grid:,finished,NA,NA,33 laps behind the winner,NA,https://www.racingsportscars.com/images/car_no_photo.png,https://www.racingsportscars.com/NA,https://www.racingsportscars.com/make/photo/Ford.html,https://www.racingsportscars.com/type/photo/Ford/Fiesta.html,NA,NA
2006,130,Opel Manta B2 #WOL000058G6124929 - Opel,65,SP3,Kissling Motorsport (D),Closed bodywork,Front-engined,Olaf Beckmann (D)/Volker Strycek (D)/Bernhard Schmittner/Peter Hass (D),NA,white/red,NA,29/03/2022,Fabrice Bergenhuizen,Opel,Manta,#WOL000058G6124929,B2,Result: 65th (34 laps behind the winner)Grid:,65th (34 laps behind the winner)Grid:,finished,NA,NA,34 laps behind the winner,NA,https://www.racingsportscars.com/tn/photo/2006/TN_Nurburgring-2006-06-18-130.jpg,https://www.racingsportscars.com/NA,https://www.racingsportscars.com/make/photo/Opel.html,https://www.racingsportscars.com/type/photo/Opel/Manta.html,https://www.racingsportscars.com/chassis/photo/WOL000058G6124929.html,https://www.racingsportscars.com/suffix/photo/Opel/Manta/B2.html
2006,251,BMW 120d - BMW,66,S1,(D),-,-,Heiko Hahn (D)/Tom Robson (D)/Kristian Vetter (D)/Gregor Vogler,NA,NA,NA,NA,NA,BMW,120d,NA,NA,Result: 66th (34 laps behind the winner)Grid:,66th (34 laps behind the winner)Grid:,finished,NA,NA,34 laps behind the winner,NA,https://www.racingsportscars.com/images/car_no_photo.png,https://www.racingsportscars.com/NA,https://www.racingsportscars.com/make/photo/BMW.html,https://www.racingsportscars.com/type/photo/BMW/120d.html,NA,NA
2006,182,BMW 318 is - BMW,67,V2,,-,-,Ralf Grass/Torsten Kratz (D)/Ulrich Ehret/Peter Heckmann,NA,NA,NA,NA,NA,BMW,318,NA,is,Result: 67th (35 laps behind the winner)Grid:,67th (35 laps behind the winner)Grid:,finished,NA,NA,35 laps behind the winner,NA,https://www.racingsportscars.com/images/car_no_photo.png,https://www.racingsportscars.com/NA,https://www.racingsportscars.com/make/photo/BMW.html,https://www.racingsportscars.com/type/photo/BMW/318.html,NA,https://www.racingsportscars.com/suffix/photo/BMW/318/is.html
2006,78,BMW M3 GT - BMW,68,SP5,,Closed bodywork,Front-engined,"Sebastian Stahl (D)/Marcel Lasée (D)/""Pedro Passyutu""/Thomas Wirtz",NA,NA,NA,29/03/2022,Fabrice Bergenhuizen,BMW,M3,NA,GT,Result: 68th (35 laps behind the winner)Grid:,68th (35 laps behind the winner)Grid:,finished,NA,NA,35 laps behind the winner,NA,https://www.racingsportscars.com/tn/photo/2006/TN_Nurburgring-2006-06-18-078.jpg,https://www.racingsportscars.com/NA,https://www.racingsportscars.com/make/photo/BMW.html,https://www.racingsportscars.com/type/photo/BMW/M3.html,NA,https://www.racingsportscars.com/suffix/photo/BMW/M3/GT.html
2006,222,Honda Civic Type R - Honda,69,N2,,-,-,John McIntyre (NZ)/Timothy Martin/Mike Eady (NZ)/Gregory Taylor,NA,NA,NA,NA,NA,Honda,Civic,NA,Type R,Result: 69th 1st in N2 (35 laps behind the winner)Grid:,69th 1st in N2 (35 laps behind the winner)Grid:,finished,NA,NA,35 laps behind the winner,NA,https://www.racingsportscars.com/images/car_no_photo.png,https://www.racingsportscars.com/NA,https://www.racingsportscars.com/make/photo/Honda.html,https://www.racingsportscars.com/type/photo/Honda/Civic.html,NA,https://www.racingsportscars.com/suffix/photo/Honda/Civic/Type%20R.html
2006,122,VW Golf GTI - VW,70,SP3,,Closed bodywork,Front-engined,Andreas Dingert (D)/Andreas Konrath/Fritz Köhler/Reiner Zimmermann,NA,NA,NA,NA,NA,VW,Golf,NA,GTI,Result: 70th (35 laps behind the winner)Grid:,70th (35 laps behind the winner)Grid:,finished,NA,NA,35 laps behind the winner,NA,https://www.racingsportscars.com/images/car_no_photo.png,https://www.racingsportscars.com/NA,https://www.racingsportscars.com/make/photo/VW.html,https://www.racingsportscars.com/type/photo/VW/Golf.html,NA,https://www.racingsportscars.com/suffix/photo/VW/Golf/GTI.html
2006,180,BMW 318 is - BMW,71,V2,,-,-,Sebastian Krell (D)/Johann-Georg Riecker/Hanjo Hillmann/Stefan Viehmann,NA,NA,NA,NA,NA,BMW,318,NA,is,Result: 71st (35 laps behind the winner)Grid:,71st (35 laps behind the winner)Grid:,finished,NA,NA,35 laps behind the winner,NA,https://www.racingsportscars.com/images/car_no_photo.png,https://www.racingsportscars.com/NA,https://www.racingsportscars.com/make/photo/BMW.html,https://www.racingsportscars.com/type/photo/BMW/318.html,NA,https://www.racingsportscars.com/suffix/photo/BMW/318/is.html
2006,240,Honda Civic Type R - Honda,72,SPC1,,-,-,Mark Giesbrecht (D)/Dino Drössiger (D)/Rolf Scheuring/Spencer Trenery (USA),NA,NA,NA,NA,NA,Honda,Civic,NA,Type R,Result: 72nd (35 laps behind the winner)Grid:,72nd (35 laps behind the winner)Grid:,finished,NA,NA,35 laps behind the winner,NA,https://www.racingsportscars.com/images/car_no_photo.png,https://www.racingsportscars.com/NA,https://www.racingsportscars.com/make/photo/Honda.html,https://www.racingsportscars.com/type/photo/Honda/Civic.html,NA,https://www.racingsportscars.com/suffix/photo/Honda/Civic/Type%20R.html
2006,127,BMW 320i - BMW,73,SP3,,Closed bodywork,Front-engined,Dirk Lehn/Christoph Eicker/Carsten Rooch/Matthias Teich (D),NA,NA,NA,NA,NA,BMW,320i,NA,NA,Result: 73rd (35 laps behind the winner)Grid:,73rd (35 laps behind the winner)Grid:,finished,NA,NA,35 laps behind the winner,NA,https://www.racingsportscars.com/images/car_no_photo.png,https://www.racingsportscars.com/NA,https://www.racingsportscars.com/make/photo/BMW.html,https://www.racingsportscars.com/type/photo/BMW/320i.html,NA,NA
2006,47,BMW Z3 M Coupé - BMW,74,SP6,,-,-,Patrick Prieur/Daniel Oger (F)/Dominique Piel/Thierry Guitton (F),NA,NA,NA,NA,NA,BMW,Z3,NA,M Coupé,Result: 74th (35 laps behind the winner)Grid:,74th (35 laps behind the winner)Grid:,finished,NA,NA,35 laps behind the winner,NA,https://www.racingsportscars.com/images/car_no_photo.png,https://www.racingsportscars.com/NA,https://www.racingsportscars.com/make/photo/BMW.html,https://www.racingsportscars.com/type/photo/BMW/Z3.html,NA,https://www.racingsportscars.com/suffix/photo/BMW/Z3/M%20Coup%c3%a9.html
2006,256,Alfa Romeo 147 JTD - Alfa Romeo,75,S1,Classic Driver,-,-,"""Fred""/""Barney""/Tillmann Gante/Stephen Archer",NA,NA,NA,NA,NA,Alfa Romeo,147,NA,JTD,Result: 75th (35 laps behind the winner)Grid:,75th (35 laps behind the winner)Grid:,finished,NA,NA,35 laps behind the winner,NA,https://www.racingsportscars.com/images/car_no_photo.png,https://www.racingsportscars.com/NA,https://www.racingsportscars.com/make/photo/Alfa%20Romeo.html,https://www.racingsportscars.com/type/photo/Alfa%20Romeo/147.html,NA,https://www.racingsportscars.com/suffix/photo/Alfa%20Romeo/147/JTD.html
2006,120,Honda S2000 - Honda,76,SP4,,-,-,Andreas Mäder/Ralf Schmid (CH)/Marius Offermanns/Reiner Schönauer,NA,NA,NA,NA,NA,Honda,S2000,NA,NA,Result: 76th (35 laps behind the winner)Grid:,76th (35 laps behind the winner)Grid:,finished,NA,NA,35 laps behind the winner,NA,https://www.racingsportscars.com/images/car_no_photo.png,https://www.racingsportscars.com/NA,https://www.racingsportscars.com/make/photo/Honda.html,https://www.racingsportscars.com/type/photo/Honda/S2000.html,NA,NA
2006,13,Toyota Corolla - Toyota,77,SP3,,-,-,Colin Osborne/Trevor Keene/John Teulan (AUS),NA,NA,NA,NA,NA,Toyota,Corolla,NA,NA,Result: 77th (36 laps behind the winner)Grid:,77th (36 laps behind the winner)Grid:,finished,NA,NA,36 laps behind the winner,NA,https://www.racingsportscars.com/images/car_no_photo.png,https://www.racingsportscars.com/NA,https://www.racingsportscars.com/make/photo/Toyota.html,https://www.racingsportscars.com/type/photo/Toyota/Corolla.html,NA,NA
2006,17,BMW M3 - BMW,78,V5,,Closed bodywork,Front-engined,Franjo Kovac (HR)/Kurt Thiim (DK)/Martin Tschornia (D)/Ulf Giljohann,NA,NA,NA,NA,NA,BMW,M3,NA,NA,Result: 78th (36 laps behind the winner)Grid:,78th (36 laps behind the winner)Grid:,finished,NA,NA,36 laps behind the winner,NA,https://www.racingsportscars.com/images/car_no_photo.png,https://www.racingsportscars.com/NA,https://www.racingsportscars.com/make/photo/BMW.html,https://www.racingsportscars.com/type/photo/BMW/M3.html,NA,NA
2006,71,BMW M3 - BMW,79,SP5,,Closed bodywork,Front-engined,Frank Nöhring (D)/Ulrich Becker (D)/Colin White (GB),NA,NA,NA,NA,NA,BMW,M3,NA,NA,Result: 79th (36 laps behind the winner)Grid:,79th (36 laps behind the winner)Grid:,finished,NA,NA,36 laps behind the winner,NA,https://www.racingsportscars.com/images/car_no_photo.png,https://www.racingsportscars.com/NA,https://www.racingsportscars.com/make/photo/BMW.html,https://www.racingsportscars.com/type/photo/BMW/M3.html,NA,NA
2006,177,Honda Civic 1.8 Sport - Honda,80,V2,,-,-,Nicole Müllenmeister/Petra Beyrer/Jutta Beisiegel/Carola Feyen-Esser,NA,NA,NA,NA,NA,Honda,Civic,NA,1.8 Sport,Result: 80th (37 laps behind the winner)Grid:,80th (37 laps behind the winner)Grid:,finished,NA,NA,37 laps behind the winner,NA,https://www.racingsportscars.com/images/car_no_photo.png,https://www.racingsportscars.com/NA,https://www.racingsportscars.com/make/photo/Honda.html,https://www.racingsportscars.com/type/photo/Honda/Civic.html,NA,https://www.racingsportscars.com/suffix/photo/Honda/Civic/1.8%20Sport.html
2006,40,Porsche GT3 - Porsche,81,SP7,,-,-,Peter Schmidt (D)/Jan-Erik Slooten (D)/Rupert Douglas-Pennant/Nick Jacobs,NA,NA,NA,29/03/2022,Fabrice Bergenhuizen,Porsche,GT3,NA,NA,Result: 81st (37 laps behind the winner)Grid:,81st (37 laps behind the winner)Grid:,finished,NA,NA,37 laps behind the winner,NA,https://www.racingsportscars.com/tn/photo/2006/TN_Nurburgring-2006-06-18-040.jpg,https://www.racingsportscars.com/NA,https://www.racingsportscars.com/make/photo/Porsche.html,https://www.racingsportscars.com/type/photo/Porsche/GT3.html,NA,NA
2006,153,Mitsubishi Mirage - Mitsubishi,82,SP2,,-,-,Robert Rubis (AUS)/Stephen Borness (AUS)/Mal Rose (AUS)/Dane Rudolph,NA,NA,NA,NA,NA,Mitsubishi,Mirage,NA,NA,Result: 82nd (38 laps behind the winner)Grid:,82nd (38 laps behind the winner)Grid:,finished,NA,NA,38 laps behind the winner,NA,https://www.racingsportscars.com/images/car_no_photo.png,https://www.racingsportscars.com/NA,https://www.racingsportscars.com/make/photo/Mitsubishi.html,https://www.racingsportscars.com/type/photo/Mitsubishi/Mirage.html,NA,NA
2006,58,Mercedes-Benz SLK 350 - Mercedes-Benz,83,SP6,Carlsson Racing,-,-,Rainer Brückner/Ingvar Carlsson (S)/Wolfgang Kaufmann (D)/Frank Diefenbacher (D),NA,NA,NA,NA,NA,Mercedes-Benz,SLK 350,NA,NA,Result: 83rd (38 laps behind the winner)Grid:,83rd (38 laps behind the winner)Grid:,finished,NA,NA,38 laps behind the winner,NA,https://www.racingsportscars.com/images/car_no_photo.png,https://www.racingsportscars.com/NA,https://www.racingsportscars.com/make/photo/Mercedes-Benz.html,https://www.racingsportscars.com/type/photo/Mercedes-Benz/SLK%20350.html,NA,NA
2006,155,Honda Civic Type R - Honda,84,SP2,MSC Konz e.V.,-,-,Eric Freichels (D)/Michael Klotz/Uwe Meuren/Arndt Hallmanns (D),NA,NA,NA,NA,NA,Honda,Civic,NA,Type R,Result: 84th (39 laps behind the winner)Grid:,84th (39 laps behind the winner)Grid:,finished,NA,NA,39 laps behind the winner,NA,https://www.racingsportscars.com/images/car_no_photo.png,https://www.racingsportscars.com/NA,https://www.racingsportscars.com/make/photo/Honda.html,https://www.racingsportscars.com/type/photo/Honda/Civic.html,NA,https://www.racingsportscars.com/suffix/photo/Honda/Civic/Type%20R.html
2006,68,BMW Z3 M Coupé - BMW,85,SP6,Motorsport Arena Oschersleben,-,-,Peter Posavac (D)/Jürgen Steiner/Christian Feineis/Thomas Neumann (D),NA,NA,NA,NA,NA,BMW,Z3,NA,M Coupé,Result: 85th (39 laps behind the winner)Grid:,85th (39 laps behind the winner)Grid:,finished,NA,NA,39 laps behind the winner,NA,https://www.racingsportscars.com/images/car_no_photo.png,https://www.racingsportscars.com/NA,https://www.racingsportscars.com/make/photo/BMW.html,https://www.racingsportscars.com/type/photo/BMW/Z3.html,NA,https://www.racingsportscars.com/suffix/photo/BMW/Z3/M%20Coup%c3%a9.html
2006,158,Suzuki Ignis Sport - Suzuki,86,SP2,,-,-,Maike Suhr/Udo Schütt/Lars Döhmann/Philippe Godet,NA,NA,NA,NA,NA,Suzuki,Ignis,NA,Sport,Result: 86th (39 laps behind the winner)Grid:,86th (39 laps behind the winner)Grid:,finished,NA,NA,39 laps behind the winner,NA,https://www.racingsportscars.com/images/car_no_photo.png,https://www.racingsportscars.com/NA,https://www.racingsportscars.com/make/photo/Suzuki.html,https://www.racingsportscars.com/type/photo/Suzuki/Ignis.html,NA,https://www.racingsportscars.com/suffix/photo/Suzuki/Ignis/Sport.html
2006,188,Ford Fiesta - Ford N/A,87,V4,,Closed bodywork,Front-engined,Ralph Caba (D)/Volker Lange (D)/Olaf Hansen/Karlheinz Hostenbach,NA,NA,NA,NA,NA,Ford,Fiesta,NA,NA,Result: 87th (39 laps behind the winner)Grid:,87th (39 laps behind the winner)Grid:,finished,NA,NA,39 laps behind the winner,NA,https://www.racingsportscars.com/images/car_no_photo.png,https://www.racingsportscars.com/NA,https://www.racingsportscars.com/make/photo/Ford.html,https://www.racingsportscars.com/type/photo/Ford/Fiesta.html,NA,NA
2006,220,Honda Civic Type R - Honda,88,SPC1,Pistenclub e.V.,-,-,Andre Krumbach (D)/Andreas Teichmann (D)/Ikuma Takahashi/Niko Nurminen (FIN),NA,NA,NA,NA,NA,Honda,Civic,NA,Type R,Result: 88th (39 laps behind the winner)Grid:,88th (39 laps behind the winner)Grid:,finished,NA,NA,39 laps behind the winner,NA,https://www.racingsportscars.com/images/car_no_photo.png,https://www.racingsportscars.com/NA,https://www.racingsportscars.com/make/photo/Honda.html,https://www.racingsportscars.com/type/photo/Honda/Civic.html,NA,https://www.racingsportscars.com/suffix/photo/Honda/Civic/Type%20R.html
2006,252,VW Golf TDi - VW,89,S1,,Closed bodywork,Front-engined,Traudl Klink/Elmar Jurek (D)/Jens Borghoff,NA,NA,NA,NA,NA,VW,Golf,NA,TDi,Result: 89th (39 laps behind the winner)Grid:,89th (39 laps behind the winner)Grid:,finished,NA,NA,39 laps behind the winner,NA,https://www.racingsportscars.com/images/car_no_photo.png,https://www.racingsportscars.com/NA,https://www.racingsportscars.com/make/photo/VW.html,https://www.racingsportscars.com/type/photo/VW/Golf.html,NA,https://www.racingsportscars.com/suffix/photo/VW/Golf/TDi.html
2006,39,Porsche 911 RS - Porsche,90,SP7,,-,Rear-engined,Dirk Gerhardy/Georges Kuhn/Peter Göhringer/Dietmar Schmid,NA,NA,NA,NA,NA,Porsche,911 RS,NA,NA,Result: 90th (39 laps behind the winner)Grid:,90th (39 laps behind the winner)Grid:,finished,NA,NA,39 laps behind the winner,NA,https://www.racingsportscars.com/images/car_no_photo.png,https://www.racingsportscars.com/NA,https://www.racingsportscars.com/make/photo/Porsche.html,https://www.racingsportscars.com/type/photo/Porsche/911%20RS.html,NA,NA
2006,131,Audi A4 # - Audi,91,SP3,MSC Ruhr-Blitz Bochum e.V. im ADAC,-,-,Haakon Schjärin (N)/Roger Sandberg (N)/Atle Gulbrandsen (N),NA,NA,NA,NA,NA,Audi,A4,#,NA,Result: 91st (40 laps behind the winner)Grid:,91st (40 laps behind the winner)Grid:,finished,NA,NA,40 laps behind the winner,NA,https://www.racingsportscars.com/images/car_no_photo.png,https://www.racingsportscars.com/NA,https://www.racingsportscars.com/make/photo/Audi.html,https://www.racingsportscars.com/type/photo/Audi/A4.html,https://www.racingsportscars.com/chassis/photo/A4-Schjering%23.html,NA
2006,270,Opel Astra Caravan # - Opel,92,S1,Pro Handicap e.V.,-,-,Wolfgang Müller (D)/Frank Breidenstein/Petra Diederich,NA,NA,NA,29/03/2022,Fabrice Bergenhuizen,Opel,Astra,#,Caravan,Result: 92nd (40 laps behind the winner)Grid:,92nd (40 laps behind the winner)Grid:,finished,NA,NA,40 laps behind the winner,NA,https://www.racingsportscars.com/tn/photo/2006/TN_Nurburgring-2006-06-18-270.jpg,https://www.racingsportscars.com/photo/2006/Nurburgring-2006-06-18-270.jpg,https://www.racingsportscars.com/make/photo/Opel.html,https://www.racingsportscars.com/type/photo/Opel/Astra.html,https://www.racingsportscars.com/chassis/photo/Astra-Caravan-Handicap%23.html,https://www.racingsportscars.com/suffix/photo/Opel/Astra/Caravan.html
2006,237,Honda Civic Type R - Honda,93,SPC1,Fleper Motorsport,-,-,Joachim Steidel (D)/Herbert von Danwitz (D)/Marcel Hoppe (D),NA,NA,NA,02/08/2025,Norman Starke,Honda,Civic,NA,Type R,Result: 93rd (41 laps behind the winner)Grid:,93rd (41 laps behind the winner)Grid:,finished,NA,NA,41 laps behind the winner,NA,https://www.racingsportscars.com/tn/photo/2006/TN_Nurburgring-2006-06-18-237.jpg,https://www.racingsportscars.com/NA,https://www.racingsportscars.com/make/photo/Honda.html,https://www.racingsportscars.com/type/photo/Honda/Civic.html,NA,https://www.racingsportscars.com/suffix/photo/Honda/Civic/Type%20R.html
2006,89,Volvo S4 - Volvo,94,SP4T,,-,-,Patrick Brenndörfer (D)/Martin Müller (D)/Frank Eickholt (D),NA,NA,NA,NA,NA,Volvo,S4,NA,NA,Result: 94th 1st in SP4T (41 laps behind the winner)Grid:,94th 1st in SP4T (41 laps behind the winner)Grid:,finished,NA,NA,41 laps behind the winner,NA,https://www.racingsportscars.com/images/car_no_photo.png,https://www.racingsportscars.com/NA,https://www.racingsportscars.com/make/photo/Volvo.html,https://www.racingsportscars.com/type/photo/Volvo/S4.html,NA,NA
2006,203,Honda Accord Type R - Honda,95,V4,,-,-,Gerhard Molzberger/Frank Lohmann (D)/André Mühlenbruch,NA,NA,NA,NA,NA,Honda,Accord,NA,Type R,Result: 95th (41 laps behind the winner)Grid:,95th (41 laps behind the winner)Grid:,finished,NA,NA,41 laps behind the winner,NA,https://www.racingsportscars.com/images/car_no_photo.png,https://www.racingsportscars.com/NA,https://www.racingsportscars.com/make/photo/Honda.html,https://www.racingsportscars.com/type/photo/Honda/Accord.html,NA,https://www.racingsportscars.com/suffix/photo/Honda/Accord/Type%20R.html
2006,179,BMW 318 ti - BMW,96,V2,,-,-,Martin Zybon/Michael Rank/Ernst Berg (NL)/Klaus Ebbing,NA,NA,NA,NA,NA,BMW,318,NA,ti,Result: 96th (41 laps behind the winner)Grid:,96th (41 laps behind the winner)Grid:,finished,NA,NA,41 laps behind the winner,NA,https://www.racingsportscars.com/images/car_no_photo.png,https://www.racingsportscars.com/NA,https://www.racingsportscars.com/make/photo/BMW.html,https://www.racingsportscars.com/type/photo/BMW/318.html,NA,https://www.racingsportscars.com/suffix/photo/BMW/318/ti.html
2006,163,VW Polo 16V - VW,97,SP1,,-,-,Dietrich Dimmler/Axel Potthast/Klaus Weigner (D)/Holger Münster,NA,NA,NA,NA,NA,VW,Polo,NA,16V,Result: 97th (41 laps behind the winner)Grid:,97th (41 laps behind the winner)Grid:,finished,NA,NA,41 laps behind the winner,NA,https://www.racingsportscars.com/images/car_no_photo.png,https://www.racingsportscars.com/NA,https://www.racingsportscars.com/make/photo/VW.html,https://www.racingsportscars.com/type/photo/VW/Polo.html,NA,https://www.racingsportscars.com/suffix/photo/VW/Polo/16V.html
2006,250,VW Golf TDi - VW,98,S1,MSC Rottenegg,Closed bodywork,Front-engined,Franz Berndorfer/Christoph Eglau/Helmut Walkolbinger/Christian Swoboda,NA,NA,NA,NA,NA,VW,Golf,NA,TDi,Result: 98th (41 laps behind the winner)Grid:,98th (41 laps behind the winner)Grid:,finished,NA,NA,41 laps behind the winner,NA,https://www.racingsportscars.com/images/car_no_photo.png,https://www.racingsportscars.com/NA,https://www.racingsportscars.com/make/photo/VW.html,https://www.racingsportscars.com/type/photo/VW/Golf.html,NA,https://www.racingsportscars.com/suffix/photo/VW/Golf/TDi.html
2006,147,VW Golf GTI - VW,99,SP3,,Closed bodywork,Front-engined,Armin Holz (D)/Philippe Godet/Lars Döhmann/Aaron Burkart,NA,NA,NA,NA,NA,VW,Golf,NA,GTI,Result: 99th (42 laps behind the winner)Grid:,99th (42 laps behind the winner)Grid:,finished,NA,NA,42 laps behind the winner,NA,https://www.racingsportscars.com/images/car_no_photo.png,https://www.racingsportscars.com/NA,https://www.racingsportscars.com/make/photo/VW.html,https://www.racingsportscars.com/type/photo/VW/Golf.html,NA,https://www.racingsportscars.com/suffix/photo/VW/Golf/GTI.html
2006,204,BMW M3 - BMW,100,V4,,Closed bodywork,Front-engined,Marco Keller (D)/Kurt Thiel (DK)/Holger Knudsen (DK)/Jeff Orford,NA,NA,NA,NA,NA,BMW,M3,NA,NA,Result: 100th (42 laps behind the winner)Grid:,100th (42 laps behind the winner)Grid:,finished,NA,NA,42 laps behind the winner,NA,https://www.racingsportscars.com/images/car_no_photo.png,https://www.racingsportscars.com/NA,https://www.racingsportscars.com/make/photo/BMW.html,https://www.racingsportscars.com/type/photo/BMW/M3.html,NA,NA
2006,254,Alfa Romeo 147 JTD - Alfa Romeo,101,S1,,-,-,Giles Groombridge (GB)/Dave Ashford (GB)/Steven Griffin (GB)/David Smith (GB),NA,NA,NA,NA,NA,Alfa Romeo,147,NA,JTD,Result: 101st (42 laps behind the winner)Grid:,101st (42 laps behind the winner)Grid:,finished,NA,NA,42 laps behind the winner,NA,https://www.racingsportscars.com/images/car_no_photo.png,https://www.racingsportscars.com/NA,https://www.racingsportscars.com/make/photo/Alfa%20Romeo.html,https://www.racingsportscars.com/type/photo/Alfa%20Romeo/147.html,NA,https://www.racingsportscars.com/suffix/photo/Alfa%20Romeo/147/JTD.html
2006,215,Honda Civic D - Honda,102,VD,,-,-,Andreas Mansfeld/Frank Herrmann/Werner Kather (D)/Andreas Leue,NA,NA,NA,NA,NA,Honda,Civic,NA,D,Result: 102nd 1st in VD (43 laps behind the winner)Grid:,102nd 1st in VD (43 laps behind the winner)Grid:,finished,NA,NA,43 laps behind the winner,NA,https://www.racingsportscars.com/images/car_no_photo.png,https://www.racingsportscars.com/NA,https://www.racingsportscars.com/make/photo/Honda.html,https://www.racingsportscars.com/type/photo/Honda/Civic.html,NA,https://www.racingsportscars.com/suffix/photo/Honda/Civic/D.html
2006,15,Audi V8 - Audi,103,SP8,Derichs Rennwagen e.V.,-,-,Erwin Derichs (D)/Manfred Kubik (A)/Markus Sedlmaier/Alfred Schweiger,NA,NA,NA,NA,NA,Audi,V8,NA,NA,Result: 103rd (43 laps behind the winner)Grid:,103rd (43 laps behind the winner)Grid:,finished,NA,NA,43 laps behind the winner,NA,https://www.racingsportscars.com/images/car_no_photo.png,https://www.racingsportscars.com/NA,https://www.racingsportscars.com/make/photo/Audi.html,https://www.racingsportscars.com/type/photo/Audi/V8.html,NA,NA
2006,119,Opel Kadett GSi - Opel,104,SP3,,Closed bodywork,Front-engined,Daniel Weber/Stephan Lenzen/Marian Winz,NA,NA,NA,NA,NA,Opel,Kadett,NA,GSi,Result: 104th (43 laps behind the winner)Grid:,104th (43 laps behind the winner)Grid:,finished,NA,NA,43 laps behind the winner,NA,https://www.racingsportscars.com/images/car_no_photo.png,https://www.racingsportscars.com/NA,https://www.racingsportscars.com/make/photo/Opel.html,https://www.racingsportscars.com/type/photo/Opel/Kadett.html,NA,https://www.racingsportscars.com/suffix/photo/Opel/Kadett/GSi.html
2006,108,Honda Civic Type R - Honda,105,SP3,,-,-,Mike Rimmer/Robin Ward (GB)/Llynden Riethmüller (AUS),NA,NA,NA,NA,NA,Honda,Civic,NA,Type R,Result: 105th (43 laps behind the winner)Grid:,105th (43 laps behind the winner)Grid:,finished,NA,NA,43 laps behind the winner,NA,https://www.racingsportscars.com/images/car_no_photo.png,https://www.racingsportscars.com/NA,https://www.racingsportscars.com/make/photo/Honda.html,https://www.racingsportscars.com/type/photo/Honda/Civic.html,NA,https://www.racingsportscars.com/suffix/photo/Honda/Civic/Type%20R.html
2006,144,Ford Puma - Ford,106,SP3,,-,-,Frank Allendorf/Robert Lommel/Gerd Sieves/Alexander Wetzlich,NA,NA,NA,NA,NA,Ford,Puma,NA,NA,Result: 106th (44 laps behind the winner)Grid:,106th (44 laps behind the winner)Grid:,finished,NA,NA,44 laps behind the winner,NA,https://www.racingsportscars.com/images/car_no_photo.png,https://www.racingsportscars.com/NA,https://www.racingsportscars.com/make/photo/Ford.html,https://www.racingsportscars.com/type/photo/Ford/Puma.html,NA,NA
2006,186,Opel Astra - Opel,107,V4,,-,-,Marc Kippschull/Falko L'Hounneux/Norbert Werner/Jana Meiswinkel (D),NA,NA,NA,NA,NA,Opel,Astra,NA,NA,Result: 107th (45 laps behind the winner)Grid:,107th (45 laps behind the winner)Grid:,finished,NA,NA,45 laps behind the winner,NA,https://www.racingsportscars.com/images/car_no_photo.png,https://www.racingsportscars.com/NA,https://www.racingsportscars.com/make/photo/Opel.html,https://www.racingsportscars.com/type/photo/Opel/Astra.html,NA,NA
2006,269,BMW 335d - BMW,108,S2,,Closed bodywork,-,Heribert Steiner (D)/Norman Starke/Jochen Lutz/Bernd Albrecht (D),NA,NA,NA,02/08/2025,Norman Starke,BMW,335d,NA,NA,Result: 108th 1st in S2 (45 laps behind the winner)Grid:,108th 1st in S2 (45 laps behind the winner)Grid:,finished,NA,NA,45 laps behind the winner,NA,https://www.racingsportscars.com/tn/photo/2006/TN_Nurburgring-2006-06-18-269.jpg,https://www.racingsportscars.com/NA,https://www.racingsportscars.com/make/photo/BMW.html,https://www.racingsportscars.com/type/photo/BMW/335d.html,NA,NA
2006,175,BMW 318 ti - BMW,109,V2,,-,-,Michael David/Reiner Bardenheuer (D)/Thomas Simon (D),NA,NA,NA,NA,NA,BMW,318,NA,ti,Result: 109th (45 laps behind the winner)Grid:,109th (45 laps behind the winner)Grid:,finished,NA,NA,45 laps behind the winner,NA,https://www.racingsportscars.com/images/car_no_photo.png,https://www.racingsportscars.com/NA,https://www.racingsportscars.com/make/photo/BMW.html,https://www.racingsportscars.com/type/photo/BMW/318.html,NA,https://www.racingsportscars.com/suffix/photo/BMW/318/ti.html
2006,124,Ford Focus - Ford,110,SP3,,-,-,Christian Schmidt/Marcus Mann/Yves Bucher/André Kunz,NA,NA,NA,NA,NA,Ford,Focus,NA,NA,Result: 110th (45 laps behind the winner)Grid:,110th (45 laps behind the winner)Grid:,finished,NA,NA,45 laps behind the winner,NA,https://www.racingsportscars.com/images/car_no_photo.png,https://www.racingsportscars.com/NA,https://www.racingsportscars.com/make/photo/Ford.html,https://www.racingsportscars.com/type/photo/Ford/Focus.html,NA,NA
2006,73,Porsche 968 - Porsche,111,SP5,,-,-,Daniel Dupont (F)/Alain Giavedoni/Jean Louis Juchault,NA,NA,NA,NA,NA,Porsche,968,NA,NA,Result: 111th (45 laps behind the winner)Grid:,111th (45 laps behind the winner)Grid:,finished,NA,NA,45 laps behind the winner,NA,https://www.racingsportscars.com/images/car_no_photo.png,https://www.racingsportscars.com/NA,https://www.racingsportscars.com/make/photo/Porsche.html,https://www.racingsportscars.com/type/photo/Porsche/968.html,NA,NA
2006,133,Honda Integra - Honda,112,SP3,Ecurie Biennoise,-,-,Christoph Lötscher/Jean-Francois Stoeckli/Steve Zacchia (CH)/Peter Rikli (CH),NA,NA,NA,NA,NA,Honda,Integra,NA,NA,Result: 112th (45 laps behind the winner)Grid:,112th (45 laps behind the winner)Grid:,finished,NA,NA,45 laps behind the winner,NA,https://www.racingsportscars.com/images/car_no_photo.png,https://www.racingsportscars.com/NA,https://www.racingsportscars.com/make/photo/Honda.html,https://www.racingsportscars.com/type/photo/Honda/Integra.html,NA,NA
2006,14,Mercedes-Benz 500 SEC - Mercedes-Benz,113,SP8,Derichs Rennwagen e.V.,-,-,Matthias Schenzle/Andrea Kammerl/Erwin Derichs (D)/Helmut Undorf (D),NA,NA,NA,NA,NA,Mercedes-Benz,500 SEC,NA,NA,Result: 113th (45 laps behind the winner)Grid:,113th (45 laps behind the winner)Grid:,finished,NA,NA,45 laps behind the winner,NA,https://www.racingsportscars.com/images/car_no_photo.png,https://www.racingsportscars.com/NA,https://www.racingsportscars.com/make/photo/Mercedes-Benz.html,https://www.racingsportscars.com/type/photo/Mercedes-Benz/500%20SEC.html,NA,NA
2006,88,Ford Focus ST - Ford,114,SP4T,,-,-,Stephan Wölflick (D)/Stefan Terkatz/Urs Bressan (D)/Sebastian Asch (D),NA,NA,NA,NA,NA,Ford,Focus,NA,ST,Result: 114th (45 laps behind the winner)Grid:,114th (45 laps behind the winner)Grid:,finished,NA,NA,45 laps behind the winner,NA,https://www.racingsportscars.com/images/car_no_photo.png,https://www.racingsportscars.com/NA,https://www.racingsportscars.com/make/photo/Ford.html,https://www.racingsportscars.com/type/photo/Ford/Focus.html,NA,https://www.racingsportscars.com/suffix/photo/Ford/Focus/ST.html
2006,212,BMW 130i - BMW N/A,115,V5,,-,Front-engined,Michael Bonk (D)/Peter Bonk (D)/Urs Schild/Stefan Aust (D),NA,NA,NA,NA,NA,BMW,130i,NA,NA,Result: 115th (46 laps behind the winner)Grid:,115th (46 laps behind the winner)Grid:,finished,NA,NA,46 laps behind the winner,NA,https://www.racingsportscars.com/images/car_no_photo.png,https://www.racingsportscars.com/NA,https://www.racingsportscars.com/make/photo/BMW.html,https://www.racingsportscars.com/type/photo/BMW/130i.html,NA,NA
2006,53,Subaru Impreza STi - Subaru,116,SP6,,-,-,Phillip Bennett (GB)/Alan van der Merwe (CH)/Jonathan Price (GB)/Chris Atkinson,NA,NA,NA,NA,NA,Subaru,Impreza,NA,STi,Result: 116th (46 laps behind the winner)Grid:,116th (46 laps behind the winner)Grid:,finished,NA,NA,46 laps behind the winner,NA,https://www.racingsportscars.com/images/car_no_photo.png,https://www.racingsportscars.com/NA,https://www.racingsportscars.com/make/photo/Subaru.html,https://www.racingsportscars.com/type/photo/Subaru/Impreza.html,NA,https://www.racingsportscars.com/suffix/photo/Subaru/Impreza/STi.html
2006,262,Fiat Grande Punto - Fiat,117,S1,,-,-,Piero Rissone/Mauro Demichelis/Alberto Vescovi (I)/Vinzenzo Panacci,NA,NA,NA,NA,NA,Fiat,Grande Punto,NA,NA,Result: 117th (46 laps behind the winner)Grid:,117th (46 laps behind the winner)Grid:,finished,NA,NA,46 laps behind the winner,NA,https://www.racingsportscars.com/images/car_no_photo.png,https://www.racingsportscars.com/NA,https://www.racingsportscars.com/make/photo/Fiat.html,https://www.racingsportscars.com/type/photo/Fiat/Grande%20Punto.html,NA,NA
2006,126,Opel Astra GSi - Opel,118,SP3,MSRT Freiamt,-,-,Sven Fisch/Axel Duffner (D)/Jochen Vollmer (D)/Michael Überall,NA,NA,NA,NA,NA,Opel,Astra,NA,GSi,Result: 118th (46 laps behind the winner)Grid:,118th (46 laps behind the winner)Grid:,finished,NA,NA,46 laps behind the winner,NA,https://www.racingsportscars.com/images/car_no_photo.png,https://www.racingsportscars.com/NA,https://www.racingsportscars.com/make/photo/Opel.html,https://www.racingsportscars.com/type/photo/Opel/Astra.html,NA,https://www.racingsportscars.com/suffix/photo/Opel/Astra/GSi.html
2006,271,VW Golf R32 - VW,119,SP8,,Closed bodywork,Front-engined,Ralf Kraus (D)/Bernd Schlee/Marc Christoffel,NA,NA,NA,NA,NA,VW,Golf,NA,R32,Result: 119th (47 laps behind the winner)Grid:,119th (47 laps behind the winner)Grid:,finished,NA,NA,47 laps behind the winner,NA,https://www.racingsportscars.com/images/car_no_photo.png,https://www.racingsportscars.com/NA,https://www.racingsportscars.com/make/photo/VW.html,https://www.racingsportscars.com/type/photo/VW/Golf.html,NA,https://www.racingsportscars.com/suffix/photo/VW/Golf/R32.html
2006,77,BMW M3 - BMW,120,SP5,,Closed bodywork,Front-engined,Holger Fuchs (D)/Andreas Bayer/Athanasios Karageorgos/Jochen Krumbach (D),NA,NA,NA,NA,NA,BMW,M3,NA,NA,Result: 120th (48 laps behind the winner)Grid:,120th (48 laps behind the winner)Grid:,finished,NA,NA,48 laps behind the winner,NA,https://www.racingsportscars.com/images/car_no_photo.png,https://www.racingsportscars.com/NA,https://www.racingsportscars.com/make/photo/BMW.html,https://www.racingsportscars.com/type/photo/BMW/M3.html,NA,NA
2006,187,Opel Astra OPC - Opel,121,V4,,-,-,Michael Auert (D)/Stefan Neuhorn (CH)/Heinrich Schneebeli,NA,NA,NA,NA,NA,Opel,Astra,NA,OPC,Result: 121st (49 laps behind the winner)Grid:,121st (49 laps behind the winner)Grid:,finished,NA,NA,49 laps behind the winner,NA,https://www.racingsportscars.com/images/car_no_photo.png,https://www.racingsportscars.com/NA,https://www.racingsportscars.com/make/photo/Opel.html,https://www.racingsportscars.com/type/photo/Opel/Astra.html,NA,https://www.racingsportscars.com/suffix/photo/Opel/Astra/OPC.html
2006,261,Fiat Grande Punto - Fiat,122,S1,,-,-,Giancarlo Coia/Andrea Vizzini/Alberto Richard/David Raseri,NA,NA,NA,NA,NA,Fiat,Grande Punto,NA,NA,Result: 122nd (49 laps behind the winner)Grid:,122nd (49 laps behind the winner)Grid:,finished,NA,NA,49 laps behind the winner,NA,https://www.racingsportscars.com/images/car_no_photo.png,https://www.racingsportscars.com/NA,https://www.racingsportscars.com/make/photo/Fiat.html,https://www.racingsportscars.com/type/photo/Fiat/Grande%20Punto.html,NA,NA
2006,117,BMW 320is - BMW,123,SP3,,Closed bodywork,Front-engined,Matthias Behr/Gerald Dietz/Jochen Werner,NA,NA,NA,29/03/2022,Fabrice Bergenhuizen,BMW,320is,NA,NA,Result: 123rd (50 laps behind the winner)Grid:,123rd (50 laps behind the winner)Grid:,finished,NA,NA,50 laps behind the winner,NA,https://www.racingsportscars.com/tn/photo/2006/TN_Nurburgring-2006-06-18-117.jpg,https://www.racingsportscars.com/NA,https://www.racingsportscars.com/make/photo/BMW.html,https://www.racingsportscars.com/type/photo/BMW/320is.html,NA,NA
2006,104,Audi A3 2.0T FSI - Audi,124,SP3T,Jörg van Ommen Autosport,-,-,Stefan Gies (D)/Holger Eckhardt (D)/Stefan Küster/Thomas Kroher,NA,NA,NA,NA,NA,Audi,A3,NA,2.0T FSI,Result: 124th (51 laps behind the winner)Grid:,124th (51 laps behind the winner)Grid:,finished,NA,NA,51 laps behind the winner,NA,https://www.racingsportscars.com/images/car_no_photo.png,https://www.racingsportscars.com/NA,https://www.racingsportscars.com/make/photo/Audi.html,https://www.racingsportscars.com/type/photo/Audi/A3.html,NA,https://www.racingsportscars.com/suffix/photo/Audi/A3/2.0T%20FSI.html
2006,273,BMW 330d - BMW TDi,125,S2,,Closed bodywork,Front-engined,Zoran Radulovic (D)/Gert Butenhoff/Markus Großmann (D),NA,NA,NA,NA,NA,BMW,330d,NA,NA,Result: 125th (53 laps behind the winner)Grid:,125th (53 laps behind the winner)Grid:,finished,NA,NA,53 laps behind the winner,NA,https://www.racingsportscars.com/images/car_no_photo.png,https://www.racingsportscars.com/NA,https://www.racingsportscars.com/make/photo/BMW.html,https://www.racingsportscars.com/type/photo/BMW/330d.html,NA,NA
2006,102,Audi A3 2.0T FSI - Audi,126,SP3T,Jörg van Ommen Autosport,-,-,Bernd Ostmann (D)/Ulrich Hackenberg/Gugielmo Fiocchi/Mark Warnecke,NA,NA,NA,NA,NA,Audi,A3,NA,2.0T FSI,Result: 126th (53 laps behind the winner)Grid:,126th (53 laps behind the winner)Grid:,finished,NA,NA,53 laps behind the winner,NA,https://www.racingsportscars.com/images/car_no_photo.png,https://www.racingsportscars.com/NA,https://www.racingsportscars.com/make/photo/Audi.html,https://www.racingsportscars.com/type/photo/Audi/A3.html,NA,https://www.racingsportscars.com/suffix/photo/Audi/A3/2.0T%20FSI.html
2006,140,Toyota MR-2 - Toyota,127,SP3,,-,-,Christer Folkesson/Thomas Sjöö/Bengt Bengtzon,NA,NA,NA,NA,NA,Toyota,MR-2,NA,NA,Result: 127th (55 laps behind the winner)Grid:,127th (55 laps behind the winner)Grid:,finished,NA,NA,55 laps behind the winner,NA,https://www.racingsportscars.com/images/car_no_photo.png,https://www.racingsportscars.com/NA,https://www.racingsportscars.com/make/photo/Toyota.html,https://www.racingsportscars.com/type/photo/Toyota/MR-2.html,NA,NA
2006,265,Alfa Romeo 147 JTD - Alfa Romeo,128,S1,MSC Wahlscheid e.V. im ADAC,-,-,Ralf Zensen (D)/Marcus Bierlein/Victor Smolski (D)/Christopher Peters (D),NA,NA,NA,NA,NA,Alfa Romeo,147,NA,JTD,Result: 128th (55 laps behind the winner)Grid:,128th (55 laps behind the winner)Grid:,finished,NA,NA,55 laps behind the winner,NA,https://www.racingsportscars.com/images/car_no_photo.png,https://www.racingsportscars.com/NA,https://www.racingsportscars.com/make/photo/Alfa%20Romeo.html,https://www.racingsportscars.com/type/photo/Alfa%20Romeo/147.html,NA,https://www.racingsportscars.com/suffix/photo/Alfa%20Romeo/147/JTD.html
2006,274,BMW 330d - BMW TDi,129,S2,Lanza Motorsport,Closed bodywork,Front-engined,Mauro Simoncini (I)/Luigi Scalini (I)/Riccardo Bachiorri (I)/Raffaele Blasi,NA,NA,NA,NA,NA,BMW,330d,NA,NA,Result: 129th (56 laps behind the winner)Grid:,129th (56 laps behind the winner)Grid:,finished,NA,NA,56 laps behind the winner,NA,https://www.racingsportscars.com/images/car_no_photo.png,https://www.racingsportscars.com/NA,https://www.racingsportscars.com/make/photo/BMW.html,https://www.racingsportscars.com/type/photo/BMW/330d.html,NA,NA
2006,143,BMW 318 is - BMW,130,V2,Team DMV,-,-,Manfred Beckers/Axel Duffner (D)/Ralf Glatzel/Deniz Islek,NA,NA,NA,NA,NA,BMW,318,NA,is,Result: 130th (59 laps behind the winner)Grid:,130th (59 laps behind the winner)Grid:,finished,NA,NA,59 laps behind the winner,NA,https://www.racingsportscars.com/images/car_no_photo.png,https://www.racingsportscars.com/NA,https://www.racingsportscars.com/make/photo/BMW.html,https://www.racingsportscars.com/type/photo/BMW/318.html,NA,https://www.racingsportscars.com/suffix/photo/BMW/318/is.html
2006,193,BMW 325i - BMW,131,V4,,-,-,Peter Meyer/Michael Pingel/Christian Flessa/Uwe Seuser,NA,NA,NA,NA,NA,BMW,325i,NA,NA,Result: 131st (60 laps behind the winner)Grid:,131st (60 laps behind the winner)Grid:,finished,NA,NA,60 laps behind the winner,NA,https://www.racingsportscars.com/images/car_no_photo.png,https://www.racingsportscars.com/NA,https://www.racingsportscars.com/make/photo/BMW.html,https://www.racingsportscars.com/type/photo/BMW/325i.html,NA,NA
2006,152,Mitsubishi Mirage - Mitsubishi,132,SP2,,-,-,Richard Gartner (AUS)/Ric Shaw (AUS)/Phil Alexander (AUS),NA,NA,NA,NA,NA,Mitsubishi,Mirage,NA,NA,Result: 132nd (61 laps behind the winner)Grid:,132nd (61 laps behind the winner)Grid:,finished,NA,NA,61 laps behind the winner,NA,https://www.racingsportscars.com/images/car_no_photo.png,https://www.racingsportscars.com/NA,https://www.racingsportscars.com/make/photo/Mitsubishi.html,https://www.racingsportscars.com/type/photo/Mitsubishi/Mirage.html,NA,NA
2006,166,Suzuki Swift - Suzuki,133,SP1,,-,-,Hiroyuki Kishimoto (J)/Akihiko Fujioka/Akigo Kurata/Jürgen Bussmann (D),NA,NA,NA,NA,NA,Suzuki,Swift,NA,NA,Result: 133rd (62 laps behind the winner)Grid:,133rd (62 laps behind the winner)Grid:,finished,NA,NA,62 laps behind the winner,NA,https://www.racingsportscars.com/images/car_no_photo.png,https://www.racingsportscars.com/NA,https://www.racingsportscars.com/make/photo/Suzuki.html,https://www.racingsportscars.com/type/photo/Suzuki/Swift.html,NA,NA
2006,195,Honda Accord Type R - Honda,134,V4,,-,-,Hans Keutmann (D)/Bruce Trenery (USA)/Steve Pfeifer (USA)/Frank Kuhlmann (D),NA,NA,NA,NA,NA,Honda,Accord,NA,Type R,Result: 134th (63 laps behind the winner)Grid:,134th (63 laps behind the winner)Grid:,finished,NA,NA,63 laps behind the winner,NA,https://www.racingsportscars.com/images/car_no_photo.png,https://www.racingsportscars.com/NA,https://www.racingsportscars.com/make/photo/Honda.html,https://www.racingsportscars.com/type/photo/Honda/Accord.html,NA,https://www.racingsportscars.com/suffix/photo/Honda/Accord/Type%20R.html
2006,107,Honda S2000 - Honda,135,SP3,,-,-,Walter Nawotka (D)/Gerd Grundmann,NA,NA,NA,NA,NA,Honda,S2000,NA,NA,Result: 135th (64 laps behind the winner)Grid:,135th (64 laps behind the winner)Grid:,finished,NA,NA,64 laps behind the winner,NA,https://www.racingsportscars.com/images/car_no_photo.png,https://www.racingsportscars.com/NA,https://www.racingsportscars.com/make/photo/Honda.html,https://www.racingsportscars.com/type/photo/Honda/S2000.html,NA,NA
2006,267,BMW 135 D - BMW,136,S2,Pistenclub e.V.,-,-,Giuseppe Timperanza (D)/Hans-Werner Wüst/Franz Groß (D)/Jim Briody (USA),NA,NA,NA,NA,NA,BMW,135,NA,D,Result: 136th (65 laps behind the winner)Grid:,136th (65 laps behind the winner)Grid:,finished,NA,NA,65 laps behind the winner,NA,https://www.racingsportscars.com/images/car_no_photo.png,https://www.racingsportscars.com/NA,https://www.racingsportscars.com/make/photo/BMW.html,https://www.racingsportscars.com/type/photo/BMW/135.html,NA,https://www.racingsportscars.com/suffix/photo/BMW/135/D.html
2006,125,Honda S2000 - Honda,137,SP3,,-,-,Markus Fugel (D)/Ruben Zeltner (D)/Uwe Wächtler (D)/Steve Kirsch (D),NA,NA,NA,NA,NA,Honda,S2000,NA,NA,Result: 137th (67 laps behind the winner)Grid:,137th (67 laps behind the winner)Grid:,finished,NA,NA,67 laps behind the winner,NA,https://www.racingsportscars.com/images/car_no_photo.png,https://www.racingsportscars.com/NA,https://www.racingsportscars.com/make/photo/Honda.html,https://www.racingsportscars.com/type/photo/Honda/S2000.html,NA,NA
2006,266,BMW 330d - BMW TDi,138,S2,,Closed bodywork,Front-engined,Thomas Haider (D)/Rainer Kutsch/Marc Hiltscher (D),NA,NA,NA,NA,NA,BMW,330d,NA,NA,Result: 138th (69 laps behind the winner)Grid:,138th (69 laps behind the winner)Grid:,finished,NA,NA,69 laps behind the winner,NA,https://www.racingsportscars.com/images/car_no_photo.png,https://www.racingsportscars.com/NA,https://www.racingsportscars.com/make/photo/BMW.html,https://www.racingsportscars.com/type/photo/BMW/330d.html,NA,NA
2006,259,Ford Fiesta ST - Ford N/A,139,S1,,Closed bodywork,Front-engined,Dirk Kremp/Karl Brinker (D)/Sven Böckmann/Marcel Leipert (D),NA,NA,NA,NA,NA,Ford,Fiesta,NA,ST,Result: 139th (69 laps behind the winner)Grid:,139th (69 laps behind the winner)Grid:,finished,NA,NA,69 laps behind the winner,NA,https://www.racingsportscars.com/images/car_no_photo.png,https://www.racingsportscars.com/NA,https://www.racingsportscars.com/make/photo/Ford.html,https://www.racingsportscars.com/type/photo/Ford/Fiesta.html,NA,https://www.racingsportscars.com/suffix/photo/Ford/Fiesta/ST.html
2006,142,Seat Ibiza - Seat,140,SP3,Team DMV,-,-,Deniz Islek/Michael Kallscheid/Gustav Edelhoff (D)/Christian Kosbu,NA,NA,NA,NA,NA,Seat,Ibiza,NA,NA,Result: 140th (76 laps behind the winner)Grid:,140th (76 laps behind the winner)Grid:,finished,NA,NA,76 laps behind the winner,NA,https://www.racingsportscars.com/images/car_no_photo.png,https://www.racingsportscars.com/NA,https://www.racingsportscars.com/make/photo/Seat.html,https://www.racingsportscars.com/type/photo/Seat/Ibiza.html,NA,NA
2006,115,Honda S2000 - Honda,141,SP3,,-,-,Kurt Lotz/Mayk Wienkötter/Patrick Dubois (L)/Michael Weykopf,NA,NA,NA,NA,NA,Honda,S2000,NA,NA,Result: 141st (76 laps behind the winner)Grid:,141st (76 laps behind the winner)Grid:,finished,NA,NA,76 laps behind the winner,NA,https://www.racingsportscars.com/images/car_no_photo.png,https://www.racingsportscars.com/NA,https://www.racingsportscars.com/make/photo/Honda.html,https://www.racingsportscars.com/type/photo/Honda/S2000.html,NA,NA
2006,141,Seat Ibiza - Seat,NA,SP3,Team DMV,-,-,Hans-Christoph Schäfer (D)/Dirk Leßmeister (D)/Burkhard Scheffler/Maik Pötzl,NA,NA,NA,NA,NA,Seat,Ibiza,NA,NA,Result: not classified (78 laps behind the winner)Grid:,not classified (78 laps behind the winner)Grid:,other,NA,NA,NA,78 laps behind the winner,https://www.racingsportscars.com/images/car_no_photo.png,https://www.racingsportscars.com/NA,https://www.racingsportscars.com/make/photo/Seat.html,https://www.racingsportscars.com/type/photo/Seat/Ibiza.html,NA,NA
2006,244,VW Golf - VW,NA,S2,,Closed bodywork,Front-engined,Christian Eigen/Julia Drewes/Marc Hoyer/Timo Frings,NA,NA,NA,NA,NA,VW,Golf,NA,NA,Result: not classified (81 laps behind the winner)Grid:,not classified (81 laps behind the winner)Grid:,other,NA,NA,NA,81 laps behind the winner,https://www.racingsportscars.com/images/car_no_photo.png,https://www.racingsportscars.com/NA,https://www.racingsportscars.com/make/photo/VW.html,https://www.racingsportscars.com/type/photo/VW/Golf.html,NA,NA
2006,81,BMW M3 - BMW,NA,SP5,,Closed bodywork,Front-engined,Adrian Watt (GB)/Peter Duke (GB)/Robert Bishop,NA,NA,NA,NA,NA,BMW,M3,NA,NA,Result: not classified (82 laps behind the winner)Grid:,not classified (82 laps behind the winner)Grid:,other,NA,NA,NA,82 laps behind the winner,https://www.racingsportscars.com/images/car_no_photo.png,https://www.racingsportscars.com/NA,https://www.racingsportscars.com/make/photo/BMW.html,https://www.racingsportscars.com/type/photo/BMW/M3.html,NA,NA
2006,206,BMW M3 - BMW,NA,V4,,Closed bodywork,Front-engined,Jörg Wiskirchen (D)/Rudi Wiskirchen/Oliver Schmidt/Martin Mechtersheimer,NA,NA,NA,NA,NA,BMW,M3,NA,NA,Result: not classified (87 laps behind the winner)Grid:,not classified (87 laps behind the winner)Grid:,other,NA,NA,NA,87 laps behind the winner,https://www.racingsportscars.com/images/car_no_photo.png,https://www.racingsportscars.com/NA,https://www.racingsportscars.com/make/photo/BMW.html,https://www.racingsportscars.com/type/photo/BMW/M3.html,NA,NA
2006,162,Rover Mini Cooper - Rover,NA,SP1,,-,-,Walter Kaufmann/Gregor Nick/Hans Söderholm (S),NA,NA,NA,NA,NA,Rover,Mini Cooper,NA,NA,Result: not classified (91 laps behind the winner)Grid:,not classified (91 laps behind the winner)Grid:,other,NA,NA,NA,91 laps behind the winner,https://www.racingsportscars.com/images/car_no_photo.png,https://www.racingsportscars.com/NA,https://www.racingsportscars.com/make/photo/Rover.html,https://www.racingsportscars.com/type/photo/Rover/Mini%20Cooper.html,NA,NA
2006,161,Toyota Yaris RS - Toyota,NA,SP1,,-,-,Eberhard Schreckert/Uwe Köthe/Marco Fragale/Andreas Steep,NA,NA,NA,NA,NA,Toyota,Yaris,NA,RS,Result: not classified (96 laps behind the winner)Grid:,not classified (96 laps behind the winner)Grid:,other,NA,NA,NA,96 laps behind the winner,https://www.racingsportscars.com/images/car_no_photo.png,https://www.racingsportscars.com/NA,https://www.racingsportscars.com/make/photo/Toyota.html,https://www.racingsportscars.com/type/photo/Toyota/Yaris.html,NA,https://www.racingsportscars.com/suffix/photo/Toyota/Yaris/RS.html
2006,116,Honda S2000 - Honda,NA,SP3,,-,-,Jörg Winterhagen/Horst Walter/André Somberg/Franz Schütte,NA,NA,NA,NA,NA,Honda,S2000,NA,NA,Result: not classified (98 laps behind the winner)Grid:,not classified (98 laps behind the winner)Grid:,other,NA,NA,NA,98 laps behind the winner,https://www.racingsportscars.com/images/car_no_photo.png,https://www.racingsportscars.com/NA,https://www.racingsportscars.com/make/photo/Honda.html,https://www.racingsportscars.com/type/photo/Honda/S2000.html,NA,NA
2006,98,Honda Prelude - Honda,NA,SP4,,-,-,Gary Lucas/Denis Cribbin/Paul Jenkins (USA)/Jamie McIntyre,NA,NA,NA,NA,NA,Honda,Prelude,NA,NA,Result: not classified (110 laps behind the winner)Grid:,not classified (110 laps behind the winner)Grid:,other,NA,NA,NA,110 laps behind the winner,https://www.racingsportscars.com/images/car_no_photo.png,https://www.racingsportscars.com/NA,https://www.racingsportscars.com/make/photo/Honda.html,https://www.racingsportscars.com/type/photo/Honda/Prelude.html,NA,NA
2006,86,Ford Focus - Ford,NA,SP4T,,-,-,Björn Herrmann/Mike Martin (D)/Michael Schumann (D)/Wolfgang Treml (A),NA,NA,NA,NA,NA,Ford,Focus,NA,NA,Result: not classified (134 laps behind the winner)Grid:,not classified (134 laps behind the winner)Grid:,other,NA,NA,NA,134 laps behind the winner,https://www.racingsportscars.com/images/car_no_photo.png,https://www.racingsportscars.com/NA,https://www.racingsportscars.com/make/photo/Ford.html,https://www.racingsportscars.com/type/photo/Ford/Focus.html,NA,NA
2006,36,Porsche GT3 - Porsche,NA,SP7,Land-Motorsport PZK,-,-,Marc Basseng (D)/Patrick Simon (D)/Timo Scheider (D)/Frank Stippler (D),NA,NA,NA,29/03/2022,Fabrice Bergenhuizen,Porsche,GT3,NA,NA,Result: did not finishGrid:,did not finishGrid:,not_finished,NA,NA,NA,NA,https://www.racingsportscars.com/tn/photo/2006/TN_Nurburgring-2006-06-18-036.jpg,https://www.racingsportscars.com/photo/2006/Nurburgring-2006-06-18-036.jpg,https://www.racingsportscars.com/make/photo/Porsche.html,https://www.racingsportscars.com/type/photo/Porsche/GT3.html,NA,NA
2006,67,BMW M3 GTR - BMW,NA,SP6,,Closed bodywork,Front-engined,Michael Funke (D)/Frank Schmickler (A)/Richard Meins (GB)/Henry Walkenhorst (D),NA,NA,NA,29/03/2022,Fabrice Bergenhuizen,BMW,M3,NA,GTR,Result: did not finishGrid:,did not finishGrid:,not_finished,NA,NA,NA,NA,https://www.racingsportscars.com/tn/photo/2006/TN_Nurburgring-2006-06-18-067.jpg,https://www.racingsportscars.com/NA,https://www.racingsportscars.com/make/photo/BMW.html,https://www.racingsportscars.com/type/photo/BMW/M3.html,NA,https://www.racingsportscars.com/suffix/photo/BMW/M3/GTR.html
2006,76,Porsche 944 S2 - Porsche,NA,SP5,,-,-,Hans Andreasson (S)/Mikael Redsäter/Inge Andersson/Christer Pernvall (S),NA,NA,NA,NA,NA,Porsche,944,NA,S2,Result: did not finishGrid:,did not finishGrid:,not_finished,NA,NA,NA,NA,https://www.racingsportscars.com/images/car_no_photo.png,https://www.racingsportscars.com/NA,https://www.racingsportscars.com/make/photo/Porsche.html,https://www.racingsportscars.com/type/photo/Porsche/944.html,NA,https://www.racingsportscars.com/suffix/photo/Porsche/944/S2.html
2006,93,BMW M3 - BMW,NA,SP4,,Closed bodywork,Front-engined,Werner Bauer/Philipp Brunn/Ulfried Baumert (D)/Florian Hildner,NA,NA,NA,NA,NA,BMW,M3,NA,NA,Result: did not finishGrid:,did not finishGrid:,not_finished,NA,NA,NA,NA,https://www.racingsportscars.com/images/car_no_photo.png,https://www.racingsportscars.com/NA,https://www.racingsportscars.com/make/photo/BMW.html,https://www.racingsportscars.com/type/photo/BMW/M3.html,NA,NA
2006,118,Opel Astra - Opel,NA,SP3,,-,-,Stefan Schmelter/Andreas Telker/Ralf Klein/Peter Wichmann,NA,NA,NA,NA,NA,Opel,Astra,NA,NA,Result: did not finishGrid:,did not finishGrid:,not_finished,NA,NA,NA,NA,https://www.racingsportscars.com/images/car_no_photo.png,https://www.racingsportscars.com/NA,https://www.racingsportscars.com/make/photo/Opel.html,https://www.racingsportscars.com/type/photo/Opel/Astra.html,NA,NA
2006,272,Alfa Romeo 147 JTD - Alfa Romeo,NA,S2,,-,-,Dietrich Hueck (D)/Werner Habermehl/Ellen Lohr (D)/Tom Schwister,NA,NA,NA,NA,NA,Alfa Romeo,147,NA,JTD,Result: did not finishGrid:,did not finishGrid:,not_finished,NA,NA,NA,NA,https://www.racingsportscars.com/images/car_no_photo.png,https://www.racingsportscars.com/NA,https://www.racingsportscars.com/make/photo/Alfa%20Romeo.html,https://www.racingsportscars.com/type/photo/Alfa%20Romeo/147.html,NA,https://www.racingsportscars.com/suffix/photo/Alfa%20Romeo/147/JTD.html
2006,97,Porsche GT3 - Porsche,NA,SP7,,-,-,Klaus Abbelen (D)/Sabine Schmitz (D)/Andy Bovensiepen (D)/Heinz Dieter Schornstein,NA,NA,NA,NA,NA,Porsche,GT3,NA,NA,Result: did not finishGrid:,did not finishGrid:,not_finished,NA,NA,NA,NA,https://www.racingsportscars.com/images/car_no_photo.png,https://www.racingsportscars.com/NA,https://www.racingsportscars.com/make/photo/Porsche.html,https://www.racingsportscars.com/type/photo/Porsche/GT3.html,NA,NA
2006,164,Suzuki Swift - Suzuki,NA,SP1,,-,-,Karl-Heinz Teichmann (D)/Michael Schneider (D)/Walter Schneider (D)/Peter Kreuer,NA,NA,NA,NA,NA,Suzuki,Swift,NA,NA,Result: did not finishGrid:,did not finishGrid:,not_finished,NA,NA,NA,NA,https://www.racingsportscars.com/images/car_no_photo.png,https://www.racingsportscars.com/NA,https://www.racingsportscars.com/make/photo/Suzuki.html,https://www.racingsportscars.com/type/photo/Suzuki/Swift.html,NA,NA
2006,101,Seat León Supercopa - Seat,NA,SP5,Motorsportzentrum Rhein-Ruhr,-,-,Kenneth Heyer (D)/Thomas Mühlenz (D)/Michael Schrey (D)/Luca Moro (I),NA,NA,NA,NA,NA,Seat,León,NA,Supercopa,Result: did not finishGrid:,did not finishGrid:,not_finished,NA,NA,NA,NA,https://www.racingsportscars.com/images/car_no_photo.png,https://www.racingsportscars.com/NA,https://www.racingsportscars.com/make/photo/Seat.html,https://www.racingsportscars.com/type/photo/Seat/Le%c3%b3n.html,NA,https://www.racingsportscars.com/suffix/photo/Seat/Le%c3%b3n/Supercopa.html
2006,217,BMW 130i - BMW N/A,NA,V5,,-,Front-engined,Alfred Backer/Marc Bronzel (D)/Michael Koch/Jörg Wilhelm (D),NA,NA,NA,NA,NA,BMW,130i,NA,NA,Result: did not finishGrid:,did not finishGrid:,not_finished,NA,NA,NA,NA,https://www.racingsportscars.com/images/car_no_photo.png,https://www.racingsportscars.com/NA,https://www.racingsportscars.com/make/photo/BMW.html,https://www.racingsportscars.com/type/photo/BMW/130i.html,NA,NA
2006,26,BMW M3 - BMW,NA,SP7,,Closed bodywork,Front-engined,Michael Bäder/Tobias Hagenmeyer (D)/Ralf Schall (D)/Markus Gedlich (D),NA,NA,NA,29/03/2022,Fabrice Bergenhuizen,BMW,M3,NA,NA,Result: did not finishGrid:,did not finishGrid:,not_finished,NA,NA,NA,NA,https://www.racingsportscars.com/tn/photo/2006/TN_Nurburgring-2006-06-18-026.jpg,https://www.racingsportscars.com/photo/2006/Nurburgring-2006-06-18-026.jpg,https://www.racingsportscars.com/make/photo/BMW.html,https://www.racingsportscars.com/type/photo/BMW/M3.html,NA,NA
2006,56,BMW M3 - BMW,NA,SP6,,Closed bodywork,Front-engined,Dave Cox (GB)/Nick Barrow (GB)/Willie Moore (GB),NA,NA,NA,NA,NA,BMW,M3,NA,NA,Result: did not finishGrid:,did not finishGrid:,not_finished,NA,NA,NA,NA,https://www.racingsportscars.com/images/car_no_photo.png,https://www.racingsportscars.com/NA,https://www.racingsportscars.com/make/photo/BMW.html,https://www.racingsportscars.com/type/photo/BMW/M3.html,NA,NA
2006,37,Porsche 911 - Porsche,NA,SP7,Cargraphic-Birkart-RDM-Racing,-,Rear-engined,Steffen Schlichenmeier (D)/Kurt Ecke (D)/Fred Scheunemann,NA,NA,NA,NA,NA,Porsche,911,NA,NA,Result: did not finishGrid:,did not finishGrid:,not_finished,NA,NA,NA,NA,https://www.racingsportscars.com/images/car_no_photo.png,https://www.racingsportscars.com/NA,https://www.racingsportscars.com/make/photo/Porsche.html,https://www.racingsportscars.com/type/photo/Porsche/911.html,NA,NA
2006,145,Honda Civic Type R - Honda,NA,SP3,,-,-,Peter Venn (D)/Dave Allan (GB)/Peter Cate (GB)/Kai Riemer (D),NA,NA,NA,NA,NA,Honda,Civic,NA,Type R,Result: did not finishGrid:,did not finishGrid:,not_finished,NA,NA,NA,NA,https://www.racingsportscars.com/images/car_no_photo.png,https://www.racingsportscars.com/NA,https://www.racingsportscars.com/make/photo/Honda.html,https://www.racingsportscars.com/type/photo/Honda/Civic.html,NA,https://www.racingsportscars.com/suffix/photo/Honda/Civic/Type%20R.html
2006,223,Peugeot 206 RC - Peugeot,NA,SPC1,Fuchs-Personal-Team-Nett,-,-,Jürgen Nett (D)/Rolf Schütz/Thomas Reuter,NA,NA,NA,NA,NA,Peugeot,206,NA,RC,Result: did not finishGrid:,did not finishGrid:,not_finished,NA,NA,NA,NA,https://www.racingsportscars.com/images/car_no_photo.png,https://www.racingsportscars.com/NA,https://www.racingsportscars.com/make/photo/Peugeot.html,https://www.racingsportscars.com/type/photo/Peugeot/206.html,NA,https://www.racingsportscars.com/suffix/photo/Peugeot/206/RC.html
2006,96,Volvo S60 - Volvo,NA,SP4,,-,-,Ullrich Andree (D)/Heinz-Josef Bermes (D)/Stephan Herter (D)/Andy Middendorf (D),NA,NA,NA,29/03/2022,Fabrice Bergenhuizen,Volvo,S60,NA,NA,Result: did not finishGrid:,did not finishGrid:,not_finished,NA,NA,NA,NA,https://www.racingsportscars.com/tn/photo/2006/TN_Nurburgring-2006-06-18-096.jpg,https://www.racingsportscars.com/NA,https://www.racingsportscars.com/make/photo/Volvo.html,https://www.racingsportscars.com/type/photo/Volvo/S60.html,NA,NA
2006,135,Renault Clio RS - Renault,NA,SP3,,-,-,Luigi Emiliani (I)/Francesco Ragozzino (I)/Umberto Nacamuli (I)/Stefano Bucci (I),NA,NA,NA,NA,NA,Renault,Clio,NA,RS,Result: did not finishGrid:,did not finishGrid:,not_finished,NA,NA,NA,NA,https://www.racingsportscars.com/images/car_no_photo.png,https://www.racingsportscars.com/NA,https://www.racingsportscars.com/make/photo/Renault.html,https://www.racingsportscars.com/type/photo/Renault/Clio.html,NA,https://www.racingsportscars.com/suffix/photo/Renault/Clio/RS.html
2006,239,Honda Civic Type R - Honda,NA,SPC1,MSC Mühlheim e.V. im ADAC,-,-,Michael Marsani/Olaf Neunkirchen/Roland Lotzmann/Kai von Schauroth,NA,NA,NA,NA,NA,Honda,Civic,NA,Type R,Result: did not finishGrid:,did not finishGrid:,not_finished,NA,NA,NA,NA,https://www.racingsportscars.com/images/car_no_photo.png,https://www.racingsportscars.com/NA,https://www.racingsportscars.com/make/photo/Honda.html,https://www.racingsportscars.com/type/photo/Honda/Civic.html,NA,https://www.racingsportscars.com/suffix/photo/Honda/Civic/Type%20R.html
2006,82,Audi A3 - Audi,NA,SP5,,-,-,Franz Rohr (D)/Tom Nack (D)/Michael Zehe (D)/Felix Kinzer,NA,NA,NA,NA,NA,Audi,A3,NA,NA,Result: did not finishGrid:,did not finishGrid:,not_finished,NA,NA,NA,NA,https://www.racingsportscars.com/images/car_no_photo.png,https://www.racingsportscars.com/NA,https://www.racingsportscars.com/make/photo/Audi.html,https://www.racingsportscars.com/type/photo/Audi/A3.html,NA,NA
2006,35,Porsche GT3 - Porsche,NA,SP7,,-,-,Wolfgang Destree (D)/Kersten Jodexnis (D)/Dietmar Binkowska (D)/Dieter Köll (D),NA,NA,NA,NA,NA,Porsche,GT3,NA,NA,Result: did not finishGrid:,did not finishGrid:,not_finished,NA,NA,NA,NA,https://www.racingsportscars.com/images/car_no_photo.png,https://www.racingsportscars.com/NA,https://www.racingsportscars.com/make/photo/Porsche.html,https://www.racingsportscars.com/type/photo/Porsche/GT3.html,NA,NA
2006,55,BMW Z3 M Coupé - BMW,NA,SP6,Gotcha Racing Team,-,-,Franz Graf zu Ortenburg/Christian Graf von Wedel/Charles Dean,NA,NA,NA,NA,NA,BMW,Z3,NA,M Coupé,Result: did not finishGrid:,did not finishGrid:,not_finished,NA,NA,NA,NA,https://www.racingsportscars.com/images/car_no_photo.png,https://www.racingsportscars.com/NA,https://www.racingsportscars.com/make/photo/BMW.html,https://www.racingsportscars.com/type/photo/BMW/Z3.html,NA,https://www.racingsportscars.com/suffix/photo/BMW/Z3/M%20Coup%c3%a9.html
2006,3,Dodge Viper GTS-R #C52 - Dodge /Caldwell Development V8/90° 2v OHV 6200 cc N/A,NA,SP8,Zakspeed Racing GmbH & Co. KG (D),Closed bodywork,Front-engined,Peter Zakowski (D)/Sascha Bert (D)/Patrick Huisman (NL)/Hans-Peter Huppert-Nieder,NA,NA,NA,NA,NA,Dodge,Viper,#C52,GTS-R,Result: did not finishGrid:,did not finishGrid:,not_finished,NA,NA,NA,NA,https://www.racingsportscars.com/images/car_no_photo.png,https://www.racingsportscars.com/NA,https://www.racingsportscars.com/make/photo/Dodge.html,https://www.racingsportscars.com/type/photo/Dodge/Viper.html,https://www.racingsportscars.com/chassis/photo/GTSR-C52.html,https://www.racingsportscars.com/suffix/photo/Dodge/Viper/GTS-R.html
2006,109,Alfa Romeo 156 - Alfa Romeo,NA,SP3,,-,-,Jürg Hügli (CH)/Kurt Vogel/Eric Christen/Alfredo Saligari (CH),NA,NA,NA,NA,NA,Alfa Romeo,156,NA,NA,Result: did not finishGrid:,did not finishGrid:,not_finished,NA,NA,NA,NA,https://www.racingsportscars.com/images/car_no_photo.png,https://www.racingsportscars.com/NA,https://www.racingsportscars.com/make/photo/Alfa%20Romeo.html,https://www.racingsportscars.com/type/photo/Alfa%20Romeo/156.html,NA,NA
2006,154,Peugeot 206 CC - Peugeot,NA,SP2,,-,-,"Denis Gaessler/Francis Fabbri/""Segolen"" (F)/Etienne Smulevici",NA,NA,NA,NA,NA,Peugeot,206,NA,CC,Result: did not finishGrid:,did not finishGrid:,not_finished,NA,NA,NA,NA,https://www.racingsportscars.com/images/car_no_photo.png,https://www.racingsportscars.com/NA,https://www.racingsportscars.com/make/photo/Peugeot.html,https://www.racingsportscars.com/type/photo/Peugeot/206.html,NA,https://www.racingsportscars.com/suffix/photo/Peugeot/206/CC.html
2006,70,BMW M3 - BMW,NA,SP6,,Closed bodywork,Front-engined,Willi Friedrichs (D)/Leo Löwenstein/Werner Riess/Josef Wenger,NA,NA,NA,NA,NA,BMW,M3,NA,NA,Result: did not finishGrid:,did not finishGrid:,not_finished,NA,NA,NA,NA,https://www.racingsportscars.com/images/car_no_photo.png,https://www.racingsportscars.com/NA,https://www.racingsportscars.com/make/photo/BMW.html,https://www.racingsportscars.com/type/photo/BMW/M3.html,NA,NA
2006,156,Citroën AX - Citroën,NA,SP2,,-,-,Michael Milz/Bernd Erdmann/Theo Milz,NA,NA,NA,NA,NA,Citroën,AX,NA,NA,Result: did not finishGrid:,did not finishGrid:,not_finished,NA,NA,NA,NA,https://www.racingsportscars.com/images/car_no_photo.png,https://www.racingsportscars.com/NA,https://www.racingsportscars.com/make/photo/Citro%c3%abn.html,https://www.racingsportscars.com/type/photo/Citro%c3%abn/AX.html,NA,NA
2006,235,Honda Civic Type R - Honda,NA,SPC1,,-,-,Gerd Schumacher/Bernd Schneider (D)/Heinz-Peter Schumacher/René Gassen,NA,NA,NA,NA,NA,Honda,Civic,NA,Type R,Result: did not finishGrid:,did not finishGrid:,not_finished,NA,NA,NA,NA,https://www.racingsportscars.com/images/car_no_photo.png,https://www.racingsportscars.com/NA,https://www.racingsportscars.com/make/photo/Honda.html,https://www.racingsportscars.com/type/photo/Honda/Civic.html,NA,https://www.racingsportscars.com/suffix/photo/Honda/Civic/Type%20R.html
2006,132,Ford Fiesta - Ford N/A,NA,SP2,TLM Team Lauderbach Motorsport,Closed bodywork,Front-engined,Ralf Martin (D)/Thomas Klenke (D)/Patrick Bernhardt (D)/Moritz Bahlsen,NA,NA,NA,NA,NA,Ford,Fiesta,NA,NA,Result: did not finishGrid:,did not finishGrid:,not_finished,NA,NA,NA,NA,https://www.racingsportscars.com/images/car_no_photo.png,https://www.racingsportscars.com/NA,https://www.racingsportscars.com/make/photo/Ford.html,https://www.racingsportscars.com/type/photo/Ford/Fiesta.html,NA,NA
2006,236,Honda Civic Type R - Honda,NA,SPC1,Fleper Motorsport,-,-,Alex Kikireshko/Alexgi Mochanov/Valeriy Gorban,NA,NA,NA,NA,NA,Honda,Civic,NA,Type R,Result: did not finishGrid:,did not finishGrid:,not_finished,NA,NA,NA,NA,https://www.racingsportscars.com/images/car_no_photo.png,https://www.racingsportscars.com/NA,https://www.racingsportscars.com/make/photo/Honda.html,https://www.racingsportscars.com/type/photo/Honda/Civic.html,NA,https://www.racingsportscars.com/suffix/photo/Honda/Civic/Type%20R.html
2006,260,Alfa Romeo 147 JTD - Alfa Romeo,NA,S1,MSC Ruhr-Blitz Bochum e.V. im ADAC,-,-,Martin De Groot/Rüdiger Förster/Uwe Degner/Uwe Göbel,NA,NA,NA,NA,NA,Alfa Romeo,147,NA,JTD,Result: did not finishGrid:,did not finishGrid:,not_finished,NA,NA,NA,NA,https://www.racingsportscars.com/images/car_no_photo.png,https://www.racingsportscars.com/NA,https://www.racingsportscars.com/make/photo/Alfa%20Romeo.html,https://www.racingsportscars.com/type/photo/Alfa%20Romeo/147.html,NA,https://www.racingsportscars.com/suffix/photo/Alfa%20Romeo/147/JTD.html
2006,60,BMW M3 - BMW,NA,SP6,Duller Motorsport,Closed bodywork,Front-engined,Hans-Joachim Stuck (D)/Dirk Werner (D)/Dieter Quester (A)/Artur Deutgen (D),NA,NA,NA,29/03/2022,Fabrice Bergenhuizen,BMW,M3,NA,NA,Result: did not finishGrid:,did not finishGrid:,not_finished,NA,NA,NA,NA,https://www.racingsportscars.com/tn/photo/2006/TN_Nurburgring-2006-06-18-060.jpg,https://www.racingsportscars.com/photo/2006/Nurburgring-2006-06-18-060.jpg,https://www.racingsportscars.com/make/photo/BMW.html,https://www.racingsportscars.com/type/photo/BMW/M3.html,NA,NA
2006,6,Audi RS4 - Audi,NA,SP8,,-,-,Hans Russwurm/Marcus Schurig/Simon Englerth (D)/Ralf Weiner,NA,NA,NA,NA,NA,Audi,RS4,NA,NA,Result: did not finishGrid:,did not finishGrid:,not_finished,NA,NA,NA,NA,https://www.racingsportscars.com/images/car_no_photo.png,https://www.racingsportscars.com/NA,https://www.racingsportscars.com/make/photo/Audi.html,https://www.racingsportscars.com/type/photo/Audi/RS4.html,NA,NA
2006,74,Audi A3 - Audi,NA,SP5,,-,-,Rudi Speich (D)/Roland Waschkau (D)/Klaus Hormes,NA,NA,NA,NA,NA,Audi,A3,NA,NA,Result: did not finishGrid:,did not finishGrid:,not_finished,NA,NA,NA,NA,https://www.racingsportscars.com/images/car_no_photo.png,https://www.racingsportscars.com/NA,https://www.racingsportscars.com/make/photo/Audi.html,https://www.racingsportscars.com/type/photo/Audi/A3.html,NA,NA
2006,121,Honda S2000 - Honda,NA,SP3,,-,-,Andreas Mäder/Harald Jacksties (CH)/Reinhold Renger (D)/Nils Bartels (D),NA,NA,NA,NA,NA,Honda,S2000,NA,NA,Result: did not finishGrid:,did not finishGrid:,not_finished,NA,NA,NA,NA,https://www.racingsportscars.com/images/car_no_photo.png,https://www.racingsportscars.com/NA,https://www.racingsportscars.com/make/photo/Honda.html,https://www.racingsportscars.com/type/photo/Honda/S2000.html,NA,NA
2006,234,Honda Civic Type R - Honda,NA,SPC1,,-,-,Thomas Frank (D)/Christer Hallgren/Meyrick Cox (GB)/Michael Ecker,NA,NA,NA,NA,NA,Honda,Civic,NA,Type R,Result: did not finishGrid:,did not finishGrid:,not_finished,NA,NA,NA,NA,https://www.racingsportscars.com/images/car_no_photo.png,https://www.racingsportscars.com/NA,https://www.racingsportscars.com/make/photo/Honda.html,https://www.racingsportscars.com/type/photo/Honda/Civic.html,NA,https://www.racingsportscars.com/suffix/photo/Honda/Civic/Type%20R.html
2006,258,Seat León 2.0 TDi - Seat,NA,S1,,-,-,Gerrie Willems/Ivo Breukers (NL)/Johan Jansen,NA,NA,NA,NA,NA,Seat,León,NA,2.0 TDi,Result: did not finishGrid:,did not finishGrid:,not_finished,NA,NA,NA,NA,https://www.racingsportscars.com/images/car_no_photo.png,https://www.racingsportscars.com/NA,https://www.racingsportscars.com/make/photo/Seat.html,https://www.racingsportscars.com/type/photo/Seat/Le%c3%b3n.html,NA,https://www.racingsportscars.com/suffix/photo/Seat/Le%c3%b3n/2.0%20TDi.html
2006,79,BMW M3 - BMW,NA,SP5,,Closed bodywork,Front-engined,Kornelius Hoffmann (D)/Iris Hoffmann/Peter Seher/Hans Schütt,NA,NA,NA,NA,NA,BMW,M3,NA,NA,Result: did not finishGrid:,did not finishGrid:,not_finished,NA,NA,NA,NA,https://www.racingsportscars.com/images/car_no_photo.png,https://www.racingsportscars.com/NA,https://www.racingsportscars.com/make/photo/BMW.html,https://www.racingsportscars.com/type/photo/BMW/M3.html,NA,NA
2006,210,Audi TT 2.0 - Audi,NA,SP3,,Closed bodywork,Mid-engined,Bora Bölck (D)/Christoph Esser (D)/Marc Viebahn,NA,NA,NA,NA,NA,Audi,TT,NA,2.0,Result: did not finishGrid:,did not finishGrid:,not_finished,NA,NA,NA,NA,https://www.racingsportscars.com/images/car_no_photo.png,https://www.racingsportscars.com/NA,https://www.racingsportscars.com/make/photo/Audi.html,https://www.racingsportscars.com/type/photo/Audi/TT.html,NA,https://www.racingsportscars.com/suffix/photo/Audi/TT/2.0.html
2006,20,BMW 840 CI - BMW N/A,NA,SP8,AC Radevormwald e.V. im ADAC,Closed bodywork,Front-engined,Martin Wagenstetter (D)/Florian Fricke (D)/Andreas Barthlomeyczik/Mathias Schläppi (CH),NA,NA,NA,NA,NA,BMW,840,NA,CI,Result: did not finishGrid:,did not finishGrid:,not_finished,NA,NA,NA,NA,https://www.racingsportscars.com/images/car_no_photo.png,https://www.racingsportscars.com/NA,https://www.racingsportscars.com/make/photo/BMW.html,https://www.racingsportscars.com/type/photo/BMW/840.html,NA,https://www.racingsportscars.com/suffix/photo/BMW/840/CI.html
2006,95,Honda S2000 - Honda,NA,SP4,,-,-,Carsten Spengemann/Frank Schmitz/Friederike Moritz/Anja Wassertheurer (D),NA,NA,NA,NA,NA,Honda,S2000,NA,NA,Result: did not finishGrid:,did not finishGrid:,not_finished,NA,NA,NA,NA,https://www.racingsportscars.com/images/car_no_photo.png,https://www.racingsportscars.com/NA,https://www.racingsportscars.com/make/photo/Honda.html,https://www.racingsportscars.com/type/photo/Honda/S2000.html,NA,NA
2006,21,Wiesmann R-GT,NA,SP8,Jörg van Ommen Autosport,-,-,Jörg van Ommen (D)/Tim Schrick (D)/Markus Lungstrass (D)/Thomas Mutsch (D),NA,NA,NA,NA,NA,Wiesmann,R-GT,NA,NA,Result: did not finishGrid:,did not finishGrid:,not_finished,NA,NA,NA,NA,https://www.racingsportscars.com/images/car_no_photo.png,https://www.racingsportscars.com/NA,https://www.racingsportscars.com/make/photo/Wiesmann.html,https://www.racingsportscars.com/type/photo/Wiesmann/R-GT.html,NA,NA
2006,205,BMW M3 - BMW,NA,V4,,Closed bodywork,Front-engined,Nikolaus Wegeler/Stephan Rössel/Hans-Robert Holzer (D),NA,NA,NA,NA,NA,BMW,M3,NA,NA,Result: did not finishGrid:,did not finishGrid:,not_finished,NA,NA,NA,NA,https://www.racingsportscars.com/images/car_no_photo.png,https://www.racingsportscars.com/NA,https://www.racingsportscars.com/make/photo/BMW.html,https://www.racingsportscars.com/type/photo/BMW/M3.html,NA,NA
2006,181,BMW 318 is - BMW,NA,V2,MSC Wahlscheid e.V. im ADAC,-,-,Rolf Derscheid/Michael Flehmer/Werner Schlehecker (D)/Ralph Moog (D),NA,NA,NA,NA,NA,BMW,318,NA,is,Result: did not finishGrid:,did not finishGrid:,not_finished,NA,NA,NA,NA,https://www.racingsportscars.com/images/car_no_photo.png,https://www.racingsportscars.com/NA,https://www.racingsportscars.com/make/photo/BMW.html,https://www.racingsportscars.com/type/photo/BMW/318.html,NA,https://www.racingsportscars.com/suffix/photo/BMW/318/is.html
2006,41,Chevrolet Corvette C5 - Chevrolet,NA,SP8,Motorsportzentrum Rhein-Ruhr,-,Front-engined,Gerd Niemeyer/Michael Prym (A)/Oliver Louisoder (D)/Andreas Gülden (D),NA,NA,NA,29/03/2022,Fabrice Bergenhuizen,Chevrolet,Corvette C5,NA,NA,Result: did not finishGrid:,did not finishGrid:,not_finished,NA,NA,NA,NA,https://www.racingsportscars.com/tn/photo/2006/TN_Nurburgring-2006-06-18-041.jpg,https://www.racingsportscars.com/NA,https://www.racingsportscars.com/make/photo/Chevrolet.html,https://www.racingsportscars.com/type/photo/Chevrolet/Corvette%20C5.html,NA,NA
2006,92,BMW M3 - BMW,NA,SP4,,Closed bodywork,Front-engined,"Hans-Hatto Karl/Udo Förster/Arnd Meyer/""Wolf Silvester""",NA,NA,NA,NA,NA,BMW,M3,NA,NA,Result: did not finishGrid:,did not finishGrid:,not_finished,NA,NA,NA,NA,https://www.racingsportscars.com/images/car_no_photo.png,https://www.racingsportscars.com/NA,https://www.racingsportscars.com/make/photo/BMW.html,https://www.racingsportscars.com/type/photo/BMW/M3.html,NA,NA
2006,57,Porsche Boxster - Porsche,NA,SP6,,-,-,Hannes Ressl/Harald Egger/Reinhard Wenger/Manfred Vallant,NA,NA,NA,NA,NA,Porsche,Boxster,NA,NA,Result: did not finishGrid:,did not finishGrid:,not_finished,NA,NA,NA,NA,https://www.racingsportscars.com/images/car_no_photo.png,https://www.racingsportscars.com/NA,https://www.racingsportscars.com/make/photo/Porsche.html,https://www.racingsportscars.com/type/photo/Porsche/Boxster.html,NA,NA
2006,231,Honda Civic Type R - Honda,NA,SPC1,,-,-,Andreas Weiland (D)/Martin Hütter/Stefan Gosch/Frank Brakel,NA,NA,NA,NA,NA,Honda,Civic,NA,Type R,Result: did not finishGrid:,did not finishGrid:,not_finished,NA,NA,NA,NA,https://www.racingsportscars.com/images/car_no_photo.png,https://www.racingsportscars.com/NA,https://www.racingsportscars.com/make/photo/Honda.html,https://www.racingsportscars.com/type/photo/Honda/Civic.html,NA,https://www.racingsportscars.com/suffix/photo/Honda/Civic/Type%20R.html
2006,268,BMW 335d - BMW,NA,S2,,-,-,"Henning Meyersrenken/Reik Kleinherbers/""Michael Langer""/Patrick Kentenich (D)",NA,NA,NA,02/08/2025,Fabrice Bergenhuizen and Norman Starke,BMW,335d,NA,NA,Result: did not finishGrid:,did not finishGrid:,not_finished,NA,NA,NA,NA,https://www.racingsportscars.com/tn/photo/2006/TN_Nurburgring-2006-06-18-268.jpg,https://www.racingsportscars.com/photo/2006/Nurburgring-2006-06-18-268.jpg,https://www.racingsportscars.com/make/photo/BMW.html,https://www.racingsportscars.com/type/photo/BMW/335d.html,NA,NA
2006,51,Honda NSX - Honda,NA,SP6,,-,-,Klaus Niedzwiedz (D)Stefan Schlesack (D)/Takayuki Kinoshita (J)/Werner Kather (D),NA,NA,NA,29/03/2022,Fabrice Bergenhuizen,Honda,NSX,NA,NA,Result: did not finishGrid:,did not finishGrid:,not_finished,NA,NA,NA,NA,https://www.racingsportscars.com/tn/photo/2006/TN_Nurburgring-2006-06-18-051.jpg,https://www.racingsportscars.com/NA,https://www.racingsportscars.com/make/photo/Honda.html,https://www.racingsportscars.com/type/photo/Honda/NSX.html,NA,NA
2006,7,Maserati Gransport Light GT3 - Maserati,NA,E1XP,Maserati SPA,-,-,Andrea Bertolini (I)/Michael Bartels (D)/Eric van de Poele (B)/Gianni Giudici (I),NA,NA,NA,29/03/2022,Fabrice Bergenhuizen,Maserati,Gransport Light,NA,GT3,Result: did not finishGrid:,did not finishGrid:,not_finished,NA,NA,NA,NA,https://www.racingsportscars.com/tn/photo/2006/TN_Nurburgring-2006-06-18-007.jpg,https://www.racingsportscars.com/NA,https://www.racingsportscars.com/make/photo/Maserati.html,https://www.racingsportscars.com/type/photo/Maserati/Gransport%20Light.html,NA,https://www.racingsportscars.com/suffix/photo/Maserati/Gransport%20Light/GT3.html
2006,264,BMW 120d - BMW,NA,S1,Motorsport Arena Oschersleben,-,-,Reinhard Huber (D)/Guido Thierfelder/Jochen Übler (D)/Claudia Hürtgen (D),NA,NA,NA,29/03/2022,Fabrice Bergenhuizen,BMW,120d,NA,NA,Result: did not finishGrid:,did not finishGrid:,not_finished,NA,NA,NA,NA,https://www.racingsportscars.com/tn/photo/2006/TN_Nurburgring-2006-06-18-264.jpg,https://www.racingsportscars.com/NA,https://www.racingsportscars.com/make/photo/BMW.html,https://www.racingsportscars.com/type/photo/BMW/120d.html,NA,NA
2006,255,VW Golf TDi - VW,NA,S1,,Closed bodywork,Front-engined,Eberhard Rattunde/Wayne Moore (NZ)/Maurice O'Reilly (NZ)/Heiner Immig (D),NA,NA,NA,29/03/2022,Fabrice Bergenhuizen,VW,Golf,NA,TDi,Result: did not finishGrid:,did not finishGrid:,not_finished,NA,NA,NA,NA,https://www.racingsportscars.com/tn/photo/2006/TN_Nurburgring-2006-06-18-255.jpg,https://www.racingsportscars.com/photo/2006/Nurburgring-2006-06-18-255.jpg,https://www.racingsportscars.com/make/photo/VW.html,https://www.racingsportscars.com/type/photo/VW/Golf.html,NA,https://www.racingsportscars.com/suffix/photo/VW/Golf/TDi.html
2006,48,BMW M3 - BMW,NA,SP6,,Closed bodywork,Front-engined,Klaus Müller (D)/Helmut Abels/Peter Friedrichs/Robert Šenkýř (CZ),NA,NA,NA,29/03/2022,Fabrice Bergenhuizen,BMW,M3,NA,NA,Result: did not finishGrid:,did not finishGrid:,not_finished,NA,NA,NA,NA,https://www.racingsportscars.com/tn/photo/2006/TN_Nurburgring-2006-06-18-048.jpg,https://www.racingsportscars.com/NA,https://www.racingsportscars.com/make/photo/BMW.html,https://www.racingsportscars.com/type/photo/BMW/M3.html,NA,NA
2006,63,BMW M3 - BMW,NA,SP6,Kelleners Motorsport,Closed bodywork,Front-engined,Ralf Kelleners (D)/Forest Barber (USA)/Sven Kehl,NA,NA,NA,29/03/2022,Fabrice Bergenhuizen,BMW,M3,NA,NA,Result: did not finishGrid:,did not finishGrid:,not_finished,NA,NA,NA,NA,https://www.racingsportscars.com/tn/photo/2006/TN_Nurburgring-2006-06-18-063.jpg,https://www.racingsportscars.com/NA,https://www.racingsportscars.com/make/photo/BMW.html,https://www.racingsportscars.com/type/photo/BMW/M3.html,NA,NA
2006,75,BMW M3 - BMW,NA,SP5,,Closed bodywork,Front-engined,Jean Baptiste Chretien/Fabrice Reicher (F)/Arnaud Peyroles (F),NA,NA,NA,NA,NA,BMW,M3,NA,NA,Result: did not finishGrid:,did not finishGrid:,not_finished,NA,NA,NA,NA,https://www.racingsportscars.com/images/car_no_photo.png,https://www.racingsportscars.com/NA,https://www.racingsportscars.com/make/photo/BMW.html,https://www.racingsportscars.com/type/photo/BMW/M3.html,NA,NA
2006,113,Honda S2000 - Honda,NA,SP3,,-,-,Matthias Holle/Uwe Nittel (D)/Wolfgang Weber (D)/Timo Kluck (D),NA,NA,NA,NA,NA,Honda,S2000,NA,NA,Result: did not finishGrid:,did not finishGrid:,not_finished,NA,NA,NA,NA,https://www.racingsportscars.com/images/car_no_photo.png,https://www.racingsportscars.com/NA,https://www.racingsportscars.com/make/photo/Honda.html,https://www.racingsportscars.com/type/photo/Honda/S2000.html,NA,NA
2006,50,BMW Z3 M Coupé - BMW,NA,SP6,Rheydter Club für Motorsport,-,-,"Walter Prüser (D)/Rolf Jansen/Walter Prüser, Jr. (D)/Sascha Kremers",NA,NA,NA,NA,NA,BMW,Z3,NA,M Coupé,Result: did not finishGrid:,did not finishGrid:,not_finished,NA,NA,NA,NA,https://www.racingsportscars.com/images/car_no_photo.png,https://www.racingsportscars.com/NA,https://www.racingsportscars.com/make/photo/BMW.html,https://www.racingsportscars.com/type/photo/BMW/Z3.html,NA,https://www.racingsportscars.com/suffix/photo/BMW/Z3/M%20Coup%c3%a9.html
2006,44,Porsche 911 GT3 - Porsche,NA,SP7,,-,Rear-engined,/Pius Tschümpelin/Stefan Beil/Dirk Müller (D)/Marko Hartung (D),NA,NA,NA,NA,NA,Porsche,911 GT3,NA,NA,Result: did not finishGrid:,did not finishGrid:,not_finished,NA,NA,NA,NA,https://www.racingsportscars.com/images/car_no_photo.png,https://www.racingsportscars.com/NA,https://www.racingsportscars.com/make/photo/Porsche.html,https://www.racingsportscars.com/type/photo/Porsche/911%20GT3.html,NA,NA
2006,87,Ford Focus - Ford,NA,SP4T,,-,-,Hans-Georg Ströter (D)/Erwin Kallies/Gregor Morawitz/Christoph Knour,NA,NA,NA,NA,NA,Ford,Focus,NA,NA,Result: did not finishGrid:,did not finishGrid:,not_finished,NA,NA,NA,NA,https://www.racingsportscars.com/images/car_no_photo.png,https://www.racingsportscars.com/NA,https://www.racingsportscars.com/make/photo/Ford.html,https://www.racingsportscars.com/type/photo/Ford/Focus.html,NA,NA
2006,10,BMW M3 - BMW,NA,SP7,Scuderia Augustusburg Brühl e.V. im ADAC,Closed bodywork,Front-engined,Johannes Scheid (D)/Oliver Kainz (D)/Dennis Rostek (D)/Christian Menzel (D),NA,NA,NA,NA,NA,BMW,M3,NA,NA,Result: did not finishGrid:,did not finishGrid:,not_finished,NA,NA,NA,NA,https://www.racingsportscars.com/images/car_no_photo.png,https://www.racingsportscars.com/NA,https://www.racingsportscars.com/make/photo/BMW.html,https://www.racingsportscars.com/type/photo/BMW/M3.html,NA,NA
2006,16,Holden Commodore - Holden,NA,SP8,,-,-,Mal Rose (AUS)/Adam Wallis (AUS)/Kevin Burton/Anthony Robson (AUS),NA,NA,NA,NA,NA,Holden,Commodore,NA,NA,Result: did not finishGrid:,did not finishGrid:,not_finished,NA,NA,NA,NA,https://www.racingsportscars.com/images/car_no_photo.png,https://www.racingsportscars.com/NA,https://www.racingsportscars.com/make/photo/Holden.html,https://www.racingsportscars.com/type/photo/Holden/Commodore.html,NA,NA
2006,216,BMW M3 - BMW,NA,V5,,Closed bodywork,Front-engined,Frank Schumm/Jaber Al Khalifa/Werner Gusenbauer (D)/Andreas Herwerth (D),NA,NA,NA,NA,NA,BMW,M3,NA,NA,Result: did not finishGrid:,did not finishGrid:,not_finished,NA,NA,NA,NA,https://www.racingsportscars.com/images/car_no_photo.png,https://www.racingsportscars.com/NA,https://www.racingsportscars.com/make/photo/BMW.html,https://www.racingsportscars.com/type/photo/BMW/M3.html,NA,NA
2006,157,Opel Corsa - Opel,NA,SP2,,-,-,Jörg Kosmalla/Uwe Karp/Michael Daum/Alfred Mertens,NA,NA,NA,NA,NA,Opel,Corsa,NA,NA,Result: did not finishGrid:,did not finishGrid:,not_finished,NA,NA,NA,NA,https://www.racingsportscars.com/images/car_no_photo.png,https://www.racingsportscars.com/NA,https://www.racingsportscars.com/make/photo/Opel.html,https://www.racingsportscars.com/type/photo/Opel/Corsa.html,NA,NA
2006,139,Ford Fiesta - Ford N/A,NA,SP3,paragon AG,Closed bodywork,Front-engined,Klaus Dieter Frers (D)/Armin Zumtobel (A)/Patrick Bernhardt (D),NA,NA,NA,NA,NA,Ford,Fiesta,NA,NA,Result: did not finishGrid:,did not finishGrid:,not_finished,NA,NA,NA,NA,https://www.racingsportscars.com/images/car_no_photo.png,https://www.racingsportscars.com/NA,https://www.racingsportscars.com/make/photo/Ford.html,https://www.racingsportscars.com/type/photo/Ford/Fiesta.html,NA,NA
2006,114,Honda S2000 - Honda,NA,SP3,,-,-,Markus Horn/Karl Pflanz (D)/Christian Steffens (D)/Michael Hofmann,NA,NA,NA,NA,NA,Honda,S2000,NA,NA,Result: did not finishGrid:,did not finishGrid:,not_finished,NA,NA,NA,NA,https://www.racingsportscars.com/images/car_no_photo.png,https://www.racingsportscars.com/NA,https://www.racingsportscars.com/make/photo/Honda.html,https://www.racingsportscars.com/type/photo/Honda/S2000.html,NA,NA
2006,248,Ford Mustang GT - Ford,NA,S1,PSP Racing Team,-,-,"""Smudo"" (D)/Thomas von Löwis of Menar (D)/Thorsten Stadler (D)/Lutz Wolzenburg",NA,NA,NA,NA,NA,Ford,Mustang,NA,GT,Result: did not finishGrid:,did not finishGrid:,not_finished,NA,NA,NA,NA,https://www.racingsportscars.com/images/car_no_photo.png,https://www.racingsportscars.com/NA,https://www.racingsportscars.com/make/photo/Ford.html,https://www.racingsportscars.com/type/photo/Ford/Mustang.html,NA,https://www.racingsportscars.com/suffix/photo/Ford/Mustang/GT.html
2006,178,BMW 318 is - BMW,NA,V2,,-,-,Lutz Kögel/Titus Dittmann (D)/Julius Dittmann (D)/Michael Schlüter,NA,NA,NA,NA,NA,BMW,318,NA,is,Result: did not finishGrid:,did not finishGrid:,not_finished,NA,NA,NA,NA,https://www.racingsportscars.com/images/car_no_photo.png,https://www.racingsportscars.com/NA,https://www.racingsportscars.com/make/photo/BMW.html,https://www.racingsportscars.com/type/photo/BMW/318.html,NA,https://www.racingsportscars.com/suffix/photo/BMW/318/is.html
2006,99,Porsche Cayman RS - Porsche,NA,SP7,,-,-,Stefan Beil/Norbert Fischer (D)/Edgar Althoff (D)/Paul Hulverscheid (D),NA,NA,NA,NA,NA,Porsche,Cayman,NA,RS,Result: did not finishGrid:,did not finishGrid:,not_finished,NA,NA,NA,NA,https://www.racingsportscars.com/images/car_no_photo.png,https://www.racingsportscars.com/NA,https://www.racingsportscars.com/make/photo/Porsche.html,https://www.racingsportscars.com/type/photo/Porsche/Cayman.html,NA,https://www.racingsportscars.com/suffix/photo/Porsche/Cayman/RS.html
2006,198,BMW 325i - BMW,NA,V4,,-,-,Wolfgang Wegner-Bscher/Stefan Müller/Heiner Weiss (D)/Nicolaus Hatzfeld,NA,NA,NA,NA,NA,BMW,325i,NA,NA,Result: did not finishGrid:,did not finishGrid:,not_finished,NA,NA,NA,NA,https://www.racingsportscars.com/images/car_no_photo.png,https://www.racingsportscars.com/NA,https://www.racingsportscars.com/make/photo/BMW.html,https://www.racingsportscars.com/type/photo/BMW/325i.html,NA,NA
2006,45,Porsche GT3 - Porsche,NA,SP7,Vertu-Racing,-,-,Harald Weiland (D)/Matthias Weiland (D)/Friedrich Ungnadner/Gerd Winter,NA,NA,NA,NA,NA,Porsche,GT3,NA,NA,Result: did not finishGrid:,did not finishGrid:,not_finished,NA,NA,NA,NA,https://www.racingsportscars.com/images/car_no_photo.png,https://www.racingsportscars.com/NA,https://www.racingsportscars.com/make/photo/Porsche.html,https://www.racingsportscars.com/type/photo/Porsche/GT3.html,NA,NA
2006,225,Peugeot 206 RC - Peugeot,NA,SPC1,Schirra Motoring,-,-,Philipp Stange/Marco Wolf/Michael Hess (D)/Bernhard Laber (D),NA,NA,NA,NA,NA,Peugeot,206,NA,RC,Result: did not finishGrid:,did not finishGrid:,not_finished,NA,NA,NA,NA,https://www.racingsportscars.com/images/car_no_photo.png,https://www.racingsportscars.com/NA,https://www.racingsportscars.com/make/photo/Peugeot.html,https://www.racingsportscars.com/type/photo/Peugeot/206.html,NA,https://www.racingsportscars.com/suffix/photo/Peugeot/206/RC.html
2006,4,Lamborghini Gallardo - Lamborghini,NA,SP8,Reader Motorsport GmbH,Closed bodywork,Mid-engined,Dirk Adorf (D)/Hermann Tilke (D)/Peter Oberndorfer (D),NA,NA,NA,29/03/2022,Fabrice Bergenhuizen,Lamborghini,Gallardo,NA,NA,Result: did not finishGrid:,did not finishGrid:,not_finished,NA,NA,NA,NA,https://www.racingsportscars.com/tn/photo/2006/TN_Nurburgring-2006-06-18-004.jpg,https://www.racingsportscars.com/NA,https://www.racingsportscars.com/make/photo/Lamborghini.html,https://www.racingsportscars.com/type/photo/Lamborghini/Gallardo.html,NA,NA
