year,number,car_title,result,group,entrant,bodywork,engine,drivers,sponsor,colour,tyre,updated,contributor,make,model,chassis,suffix,result_raw,result_txt,result_status,grid,grid_time,finish_gap,dnf_reason,thumb_url,photo_url,make_url,model_url,chassis_url,suffix_url
2007,1,Porsche 997 GT3 RSR #WP0ZZZ99Z7S799927 - Porsche F6 4v DOHC N/A,1,SP7,Manthey Racing,Closed bodywork,Rear-engined,Timo Bernhard (D)/Marc Lieb (D)/Romain Dumas (F)/Marcel Tiemann (D),ratioparts/Krauth,yellow/green,Michelin,27/10/2017,Fabrice Bergenhuizen,Porsche,997 GT3 RSR,#WP0ZZZ99Z7S799927,NA,Result: winner - (157.689 kph) - margin: 1 lapGrid: 1st (8:39.5600),winner - (157.689 kph) - margin: 1 lapGrid: 1st (8:39.5600),finished,1,8:39.5600,157.689 kph,NA,https://www.racingsportscars.com/tn/photo/2007/TN_Nurburgring-2007-06-10-001.jpg,https://www.racingsportscars.com/photo/2007/Nurburgring-2007-06-10-001.jpg,https://www.racingsportscars.com/make/photo/Porsche.html,https://www.racingsportscars.com/type/photo/Porsche/997%20GT3%20RSR.html,https://www.racingsportscars.com/chassis/photo/WP0ZZZ99Z7S799927.html,NA
2007,3,Dodge Viper GTS-R #C52 - Dodge /Caldwell Development V8/90° 2v OHV 6200 cc N/A,2,SP8,Zakspeed Racing GmbH & Co. KG (D),Closed bodywork,Front-engined,Duncan Huisman (NL)/Tom Coronel (NL)/Patrick Simon (D)/Christophe Bouchut (F),Dodge,red/white,Michelin,27/10/2017,Fabrice Bergenhuizen,Dodge,Viper,#C52,GTS-R,Result: 2nd 1st in SP8 (1 lap behind the winner)Grid: 2nd (8:40.9140),2nd 1st in SP8 (1 lap behind the winner)Grid: 2nd (8:40.9140),finished,2,8:40.9140,1 lap behind the winner,NA,https://www.racingsportscars.com/tn/photo/2007/TN_Nurburgring-2007-06-10-003.jpg,https://www.racingsportscars.com/photo/2007/Nurburgring-2007-06-10-003.jpg,https://www.racingsportscars.com/make/photo/Dodge.html,https://www.racingsportscars.com/type/photo/Dodge/Viper.html,https://www.racingsportscars.com/chassis/photo/GTSR-C52.html,https://www.racingsportscars.com/suffix/photo/Dodge/Viper/GTS-R.html
2007,25,Porsche 996 GT3-RSR - Porsche,3,SP7,Land-Motorsport PZ Aschaffenburg,Closed bodywork,Rear-engined,Frank Stippler (D)Marc Basseng (D)/Marc Hennerici (D)/Dirk Adorf (D),"Bilstein,AEZ",yellow/blue,Pirelli,27/10/2017,Fabrice Bergenhuizen,Porsche,996 GT3-RSR,NA,NA,Result: 3rd (1 lap behind the winner)Grid: 3rd (8:44.7820),3rd (1 lap behind the winner)Grid: 3rd (8:44.7820),finished,3,8:44.7820,1 lap behind the winner,NA,https://www.racingsportscars.com/tn/photo/2007/TN_Nurburgring-2007-06-10-025.jpg,https://www.racingsportscars.com/photo/2007/Nurburgring-2007-06-10-025.jpg,https://www.racingsportscars.com/make/photo/Porsche.html,https://www.racingsportscars.com/type/photo/Porsche/996%20GT3-RSR.html,NA,NA
2007,2,Porsche Cayman - Porsche,4,SP7,Hankook / H & R Spezialfedern,-,-,Jürgen Alzen (D)/Uwe Alzen (D)/Christian Menzel (D)/Chris Mamerow (D),Hankook/H&R,black/white/orange,Hankook,27/10/2017,Fabrice Bergenhuizen,Porsche,Cayman,NA,NA,Result: 4th (4 laps behind the winner)Grid: 6th (8:51.1310),4th (4 laps behind the winner)Grid: 6th (8:51.1310),finished,6,8:51.1310,4 laps behind the winner,NA,https://www.racingsportscars.com/tn/photo/2007/TN_Nurburgring-2007-06-10-002.jpg,https://www.racingsportscars.com/photo/2007/Nurburgring-2007-06-10-002.jpg,https://www.racingsportscars.com/make/photo/Porsche.html,https://www.racingsportscars.com/type/photo/Porsche/Cayman.html,NA,NA
2007,50,BMW Z4 M Coupe - BMW,5,SP6,Motorsport Arena Oschersleben,-,-,Hans-Joachim Stuck (D)Claudia Hürtgen (D)/Johannes Stuck (A)/Richard Göransson (S),NA,white,Dunlop,27/10/2017,Fabrice Bergenhuizen,BMW,Z4,NA,M Coupe,Result: 5th 1st in SP6 (6 laps behind the winner)Grid: 9th (8:53.8050),5th 1st in SP6 (6 laps behind the winner)Grid: 9th (8:53.8050),finished,9,8:53.8050,6 laps behind the winner,NA,https://www.racingsportscars.com/tn/photo/2007/TN_Nurburgring-2007-06-10-050.jpg,https://www.racingsportscars.com/photo/2007/Nurburgring-2007-06-10-050.jpg,https://www.racingsportscars.com/make/photo/BMW.html,https://www.racingsportscars.com/type/photo/BMW/Z4.html,NA,https://www.racingsportscars.com/suffix/photo/BMW/Z4/M%20Coupe.html
2007,29,Porsche 997 GT3 RSR - Porsche F6 4v DOHC N/A,6,SP7,paragon AG,Closed bodywork,Rear-engined,Pierre Kaffer (D)Klaus Dieter Frers (D)/Patrick Bernhardt (D)/Jörg Hardt (D),paragon,white,NA,27/10/2017,Fabrice Bergenhuizen,Porsche,997 GT3 RSR,NA,NA,Result: 6th (8 laps behind the winner)Grid: 7th (8:51.3220),6th (8 laps behind the winner)Grid: 7th (8:51.3220),finished,7,8:51.3220,8 laps behind the winner,NA,https://www.racingsportscars.com/tn/photo/2007/TN_Nurburgring-2007-06-10-029.jpg,https://www.racingsportscars.com/photo/2007/Nurburgring-2007-06-10-029.jpg,https://www.racingsportscars.com/make/photo/Porsche.html,https://www.racingsportscars.com/type/photo/Porsche/997%20GT3%20RSR.html,NA,NA
2007,15,Porsche 996 GT3-R - Porsche,7,SP7,,Closed bodywork,Rear-engined,Shane Fox/Wolfgang Weber (D)/Lothar Diederich/Uwe Nittel (D),NA,blue,NA,27/10/2017,Fabrice Bergenhuizen,Porsche,996 GT3-R,NA,NA,Result: 7th (9 laps behind the winner)Grid: 33rd (9:39.6830) - 35th fastest qualifier,7th (9 laps behind the winner)Grid: 33rd (9:39.6830) - 35th fastest qualifier,finished,33,9:39.6830,9 laps behind the winner,NA,https://www.racingsportscars.com/tn/photo/2007/TN_Nurburgring-2007-06-10-015.jpg,https://www.racingsportscars.com/photo/2007/Nurburgring-2007-06-10-015.jpg,https://www.racingsportscars.com/make/photo/Porsche.html,https://www.racingsportscars.com/type/photo/Porsche/996%20GT3-R.html,NA,NA
2007,111,VW Golf V - VW,8,SP3T,Volkswagen Motorsport,Closed bodywork,Front-engined,René Rast (D)/Jimmy Johansen/Gruber Florian,NA,silver,Michelin,27/10/2017,Fabrice Bergenhuizen,VW,Golf,NA,V,Result: 8th 1st in SP3T (11 laps behind the winner)Grid: 38th (9:46.0580) - 40th fastest qualifier,8th 1st in SP3T (11 laps behind the winner)Grid: 38th (9:46.0580) - 40th fastest qualifier,finished,38,9:46.0580,11 laps behind the winner,NA,https://www.racingsportscars.com/tn/photo/2007/TN_Nurburgring-2007-06-10-111.jpg,https://www.racingsportscars.com/photo/2007/Nurburgring-2007-06-10-111.jpg,https://www.racingsportscars.com/make/photo/VW.html,https://www.racingsportscars.com/type/photo/VW/Golf.html,NA,https://www.racingsportscars.com/suffix/photo/VW/Golf/V.html
2007,118,Opel Astra GTC - Opel,9,SP3,Kissling Motorsport,-,-,Heinz-Otto Fritzsche (D)/Jürgen Fritzsche (D)/Rainer Bastuck/Stefan Kissling (D),Bastuck,red/blue,NA,27/10/2017,Fabrice Bergenhuizen,Opel,Astra,NA,GTC,Result: 9th 1st in SP3 (11 laps behind the winner)Grid: 43rd (9:48.3150) - 45th fastest qualifier,9th 1st in SP3 (11 laps behind the winner)Grid: 43rd (9:48.3150) - 45th fastest qualifier,finished,43,9:48.3150,11 laps behind the winner,NA,https://www.racingsportscars.com/tn/photo/2007/TN_Nurburgring-2007-06-10-118.jpg,https://www.racingsportscars.com/photo/2007/Nurburgring-2007-06-10-118.jpg,https://www.racingsportscars.com/make/photo/Opel.html,https://www.racingsportscars.com/type/photo/Opel/Astra.html,NA,https://www.racingsportscars.com/suffix/photo/Opel/Astra/GTC.html
2007,69,BMW 130i - BMW N/A,10,SP4-5,,-,Front-engined,Rudi Adams (D)/Gregor Vogler/Arnd Meier (D)/Rainer Dörr (D),Pirelli,black,Pirelli,27/10/2017,Fabrice Bergenhuizen,BMW,130i,NA,NA,Result: 10th 1st in SP4-5 (11 laps behind the winner)Grid: 30th (9:36.2660) - 31st fastest qualifier,10th 1st in SP4-5 (11 laps behind the winner)Grid: 30th (9:36.2660) - 31st fastest qualifier,finished,30,9:36.2660,11 laps behind the winner,NA,https://www.racingsportscars.com/tn/photo/2007/TN_Nurburgring-2007-06-10-069.jpg,https://www.racingsportscars.com/photo/2007/Nurburgring-2007-06-10-069.jpg,https://www.racingsportscars.com/make/photo/BMW.html,https://www.racingsportscars.com/type/photo/BMW/130i.html,NA,NA
2007,59,Porsche 996 GT3 Cup - Porsche F6 4v DOHC N/A,11,SP6,Bonnfinanz Motorsport,Closed bodywork,Rear-engined,Oliver Rövenich (D)/Mario Merten (D)/Thomas Brügmann/Wolf Silvester (D),Bonnfinanz,white,NA,NA,NA,Porsche,996 GT3 Cup,NA,NA,Result: 11th (12 laps behind the winner)Grid: 25th (9:31.8000) - 26th fastest qualifier,11th (12 laps behind the winner)Grid: 25th (9:31.8000) - 26th fastest qualifier,finished,25,9:31.8000,12 laps behind the winner,NA,https://www.racingsportscars.com/images/car_no_photo.png,https://www.racingsportscars.com/about.html#contrib,https://www.racingsportscars.com/make/photo/Porsche.html,https://www.racingsportscars.com/type/photo/Porsche/996%20GT3%20Cup.html,NA,NA
2007,26,Porsche 997 GT3 RSR - Porsche F6 4v DOHC N/A,12,SP7,,Closed bodywork,Rear-engined,Tony Quinn (GB)/Klark Quinn (AUS)/Craig Baird (NZ)/Kevin Bell (NZ),V.I.P. Petfoods,black,Michelin,27/10/2017,Fabrice Bergenhuizen,Porsche,997 GT3 RSR,NA,NA,Result: 12th (12 laps behind the winner)Grid: 12th (9:08.8300) - 13th fastest qualifier,12th (12 laps behind the winner)Grid: 12th (9:08.8300) - 13th fastest qualifier,finished,12,9:08.8300,12 laps behind the winner,NA,https://www.racingsportscars.com/tn/photo/2007/TN_Nurburgring-2007-06-10-026.jpg,https://www.racingsportscars.com/photo/2007/Nurburgring-2007-06-10-026.jpg,https://www.racingsportscars.com/make/photo/Porsche.html,https://www.racingsportscars.com/type/photo/Porsche/997%20GT3%20RSR.html,NA,NA
2007,97,Hyundai Coupé V6 # - Hyundai,13,SP4-5,Team DMV e.V.,-,-,Jürgen Schumann (D)/Peter Schumann (D)/Christian Hohenadel (D)/Peter Cate (GB),NA,silver,NA,27/10/2017,Fabrice Bergenhuizen,Hyundai,Coupé,#,V6,Result: 13th (13 laps behind the winner)Grid: 37th (9:45.9080) - 39th fastest qualifier,13th (13 laps behind the winner)Grid: 37th (9:45.9080) - 39th fastest qualifier,finished,37,9:45.9080,13 laps behind the winner,NA,https://www.racingsportscars.com/tn/photo/2007/TN_Nurburgring-2007-06-10-097.jpg,https://www.racingsportscars.com/photo/2007/Nurburgring-2007-06-10-097.jpg,https://www.racingsportscars.com/make/photo/Hyundai.html,https://www.racingsportscars.com/type/photo/Hyundai/Coup%c3%a9.html,https://www.racingsportscars.com/chassis/photo/Hyundai-Coupe-DMV%23.html,https://www.racingsportscars.com/suffix/photo/Hyundai/Coup%c3%a9/V6.html
2007,10,BMW M3 E46 GTS - BMW,14,SP7,Scuderia Augustusburg,Closed bodywork,Front-engined,Johannes Scheid (D)/Oliver Kainz (D)/David Horn (D)/Matthias Teich (D),TechniSat,blue,Pirelli,27/10/2017,Fabrice Bergenhuizen,BMW,M3,NA,E46 GTS,Result: 14th (13 laps behind the winner)Grid: 10th (9:05.5610) - 11th fastest qualifier,14th (13 laps behind the winner)Grid: 10th (9:05.5610) - 11th fastest qualifier,finished,10,9:05.5610,13 laps behind the winner,NA,https://www.racingsportscars.com/tn/photo/2007/TN_Nurburgring-2007-06-10-010.jpg,https://www.racingsportscars.com/photo/2007/Nurburgring-2007-06-10-010.jpg,https://www.racingsportscars.com/make/photo/BMW.html,https://www.racingsportscars.com/type/photo/BMW/M3.html,NA,https://www.racingsportscars.com/suffix/photo/BMW/M3/E46%20GTS.html
2007,72,BMW M3 E46 - BMW,15,SP4-5,MSC Ruhr Blitz,Closed bodywork,Front-engined,Willi Obermann (D)/Ivano Giuliani (I)/Roberto Ragazzi (I),NA,blue/silver/yellow,NA,27/10/2017,Fabrice Bergenhuizen,BMW,M3,NA,E46,Result: 15th (13 laps behind the winner)Grid: 24th (9:31.2530) - 25th fastest qualifier,15th (13 laps behind the winner)Grid: 24th (9:31.2530) - 25th fastest qualifier,finished,24,9:31.2530,13 laps behind the winner,NA,https://www.racingsportscars.com/tn/photo/2007/TN_Nurburgring-2007-06-10-072.jpg,https://www.racingsportscars.com/photo/2007/Nurburgring-2007-06-10-072.jpg,https://www.racingsportscars.com/make/photo/BMW.html,https://www.racingsportscars.com/type/photo/BMW/M3.html,NA,https://www.racingsportscars.com/suffix/photo/BMW/M3/E46.html
2007,31,Porsche 997 GT3 Cup - Porsche F6 4v DOHC N/A,16,SP7,Mühlner Motorsport SPRL,Closed bodywork,Rear-engined,Jonathan Backer/Peter Boylan (AUS)/Geoffrey Morgan (AUS)/Ulf Karlsson (S),NA,white/blue/black,NA,NA,NA,Porsche,997 GT3 Cup,NA,NA,Result: 16th (13 laps behind the winner)Grid: 55th (9:59.0980) - 57th fastest qualifier,16th (13 laps behind the winner)Grid: 55th (9:59.0980) - 57th fastest qualifier,finished,55,9:59.0980,13 laps behind the winner,NA,https://www.racingsportscars.com/images/car_no_photo.png,https://www.racingsportscars.com/about.html#contrib,https://www.racingsportscars.com/make/photo/Porsche.html,https://www.racingsportscars.com/type/photo/Porsche/997%20GT3%20Cup.html,NA,NA
2007,108,Honda S2000 - Honda,17,SP3,,-,-,Andreas Mäder/Reinhold Renger (D)/Harald Jacksties (CH)/Reiner Schönauer,"Yokohama, Rial",black/red/blue,Yokohama,27/10/2017,Fabrice Bergenhuizen,Honda,S2000,NA,NA,Result: 17th (14 laps behind the winner)Grid: 48th (9:53.3310) - 50th fastest qualifier,17th (14 laps behind the winner)Grid: 48th (9:53.3310) - 50th fastest qualifier,finished,48,9:53.3310,14 laps behind the winner,NA,https://www.racingsportscars.com/tn/photo/2007/TN_Nurburgring-2007-06-10-108.jpg,https://www.racingsportscars.com/photo/2007/Nurburgring-2007-06-10-108.jpg,https://www.racingsportscars.com/make/photo/Honda.html,https://www.racingsportscars.com/type/photo/Honda/S2000.html,NA,NA
2007,49,BMW M3 E46 - BMW,18,SP6,Duller Motorsport,Closed bodywork,Front-engined,Luca Cappellari (I)/Fabrizio Gollin (I)/Andrea Belicchi (I)/Edi Orioli (I),Friul Intagli,white,NA,27/10/2017,Fabrice Bergenhuizen,BMW,M3,NA,E46,Result: 18th (14 laps behind the winner)Grid: 26th (9:31.9270) - 27th fastest qualifier,18th (14 laps behind the winner)Grid: 26th (9:31.9270) - 27th fastest qualifier,finished,26,9:31.9270,14 laps behind the winner,NA,https://www.racingsportscars.com/tn/photo/2007/TN_Nurburgring-2007-06-10-049.jpg,https://www.racingsportscars.com/photo/2007/Nurburgring-2007-06-10-049.jpg,https://www.racingsportscars.com/make/photo/BMW.html,https://www.racingsportscars.com/type/photo/BMW/M3.html,NA,https://www.racingsportscars.com/suffix/photo/BMW/M3/E46.html
2007,113,Audi A4 # - Audi,19,SP3,,-,-,Frank Stippler (D)Haakon Schjärin (N)/Roger Sandberg (N)/Atle Gulbrandsen (N),Olrud,red,Continental,NA,NA,Audi,A4,#,NA,Result: 19th (14 laps behind the winner)Grid: 64th (10:05.9240) - 66th fastest qualifier,19th (14 laps behind the winner)Grid: 64th (10:05.9240) - 66th fastest qualifier,finished,64,10:05.9240,14 laps behind the winner,NA,https://www.racingsportscars.com/images/car_no_photo.png,https://www.racingsportscars.com/about.html#contrib,https://www.racingsportscars.com/make/photo/Audi.html,https://www.racingsportscars.com/type/photo/Audi/A4.html,https://www.racingsportscars.com/chassis/photo/A4-Schjering%23.html,NA
2007,64,BMW M3 E46 # - BMW,20,SP6,MSC-Rhön e.V. i. AvD,Closed bodywork,Front-engined,Pierre de Thoisy (F)/Philippe Haezebrouck (F)/Thierry Depoix (F),Krafft Walzen,yellow/white,NA,27/10/2017,Fabrice Bergenhuizen,BMW,M3,#,E46,Result: 20th (14 laps behind the winner)Grid: 52nd (9:57.3040) - 54th fastest qualifier,20th (14 laps behind the winner)Grid: 52nd (9:57.3040) - 54th fastest qualifier,finished,52,9:57.3040,14 laps behind the winner,NA,https://www.racingsportscars.com/tn/photo/2007/TN_Nurburgring-2007-06-10-064.jpg,https://www.racingsportscars.com/photo/2007/Nurburgring-2007-06-10-064.jpg,https://www.racingsportscars.com/make/photo/BMW.html,https://www.racingsportscars.com/type/photo/BMW/M3.html,https://www.racingsportscars.com/chassis/photo/095428209.html,https://www.racingsportscars.com/suffix/photo/BMW/M3/E46.html
2007,94,BMW M3 E30 - BMW,21,SP4-5,,Closed bodywork,Front-engined,Hans-Hatto Karl/Udo Förster/Werner Bauer/Pedro Passyutu,NA,pink,NA,27/10/2017,Fabrice Bergenhuizen,BMW,M3,NA,E30,Result: 21st (14 laps behind the winner)Grid: 50th (9:56.4800) - 52nd fastest qualifier,21st (14 laps behind the winner)Grid: 50th (9:56.4800) - 52nd fastest qualifier,finished,50,9:56.4800,14 laps behind the winner,NA,https://www.racingsportscars.com/tn/photo/2007/TN_Nurburgring-2007-06-10-094.jpg,https://www.racingsportscars.com/photo/2007/Nurburgring-2007-06-10-094.jpg,https://www.racingsportscars.com/make/photo/BMW.html,https://www.racingsportscars.com/type/photo/BMW/M3.html,NA,https://www.racingsportscars.com/suffix/photo/BMW/M3/E30.html
2007,53,Porsche Cayman CSR - Porsche,22,SP6,,-,-,Dirk Lehn/Christoph Eicker/Nils Bartels (D)/Andreas Teichmann (D),Hankook,black/white/orange,Hankook,NA,NA,Porsche,Cayman,NA,CSR,Result: 22nd (15 laps behind the winner)Grid: 53rd (9:57.7490) - 55th fastest qualifier,22nd (15 laps behind the winner)Grid: 53rd (9:57.7490) - 55th fastest qualifier,finished,53,9:57.7490,15 laps behind the winner,NA,https://www.racingsportscars.com/images/car_no_photo.png,https://www.racingsportscars.com/about.html#contrib,https://www.racingsportscars.com/make/photo/Porsche.html,https://www.racingsportscars.com/type/photo/Porsche/Cayman.html,NA,https://www.racingsportscars.com/suffix/photo/Porsche/Cayman/CSR.html
2007,138,Seat León Supercopa - Seat,23,SP3T,,-,-,Bora Bölck (D)/Andre Picker/Bernd Schneider (D)/Gerd Schumacher,NA,Violett/yellow,NA,NA,NA,Seat,León,NA,Supercopa,Result: 23rd (15 laps behind the winner)Grid: 85th (10:19.4740) - 87th fastest qualifier,23rd (15 laps behind the winner)Grid: 85th (10:19.4740) - 87th fastest qualifier,finished,85,10:19.4740,15 laps behind the winner,NA,https://www.racingsportscars.com/images/car_no_photo.png,https://www.racingsportscars.com/about.html#contrib,https://www.racingsportscars.com/make/photo/Seat.html,https://www.racingsportscars.com/type/photo/Seat/Le%c3%b3n.html,NA,https://www.racingsportscars.com/suffix/photo/Seat/Le%c3%b3n/Supercopa.html
2007,86,Ford Focus STR - Ford,24,SP4T,,-,-,Sebastian Asch (D)/Urs Bressan (D)/Stephan Wölflick (D),NA,orange,NA,NA,NA,Ford,Focus,NA,STR,Result: 24th 1st in SP4T (15 laps behind the winner)Grid: 77th (10:17.0730) - 79th fastest qualifier,24th 1st in SP4T (15 laps behind the winner)Grid: 77th (10:17.0730) - 79th fastest qualifier,finished,77,10:17.0730,15 laps behind the winner,NA,https://www.racingsportscars.com/images/car_no_photo.png,https://www.racingsportscars.com/about.html#contrib,https://www.racingsportscars.com/make/photo/Ford.html,https://www.racingsportscars.com/type/photo/Ford/Focus.html,NA,https://www.racingsportscars.com/suffix/photo/Ford/Focus/STR.html
2007,215,BMW 392 C - BMW,25,V5,,-,-,Alexander Böhm (D)/Michael Rebhan (D)/Sean Paul Breslin (IRL)/Rolf Scheibner (D),NA,grey/yellow,NA,27/10/2017,Fabrice Bergenhuizen,BMW,392 C,NA,NA,Result: 25th 1st in V5 (16 laps behind the winner)Grid: 93rd (10:21.0410) - 95th fastest qualifier,25th 1st in V5 (16 laps behind the winner)Grid: 93rd (10:21.0410) - 95th fastest qualifier,finished,93,10:21.0410,16 laps behind the winner,NA,https://www.racingsportscars.com/tn/photo/2007/TN_Nurburgring-2007-06-10-215.jpg,https://www.racingsportscars.com/photo/2007/Nurburgring-2007-06-10-215.jpg,https://www.racingsportscars.com/make/photo/BMW.html,https://www.racingsportscars.com/type/photo/BMW/392%20C.html,NA,NA
2007,48,Honda NSX Type R - Honda,26,SP6,,-,-,Klaus Niedzwiedz (D)/Takayuki Kinoshita (J)/Peter Wyss (CH)/Werner Kather (D),n-tv,white,Michelin,27/10/2017,Fabrice Bergenhuizen,Honda,NSX,NA,Type R,Result: 26th (16 laps behind the winner)Grid: 61st (10:01.9050) - 63rd fastest qualifier,26th (16 laps behind the winner)Grid: 61st (10:01.9050) - 63rd fastest qualifier,finished,61,10:01.9050,16 laps behind the winner,NA,https://www.racingsportscars.com/tn/photo/2007/TN_Nurburgring-2007-06-10-048.jpg,https://www.racingsportscars.com/photo/2007/Nurburgring-2007-06-10-048.jpg,https://www.racingsportscars.com/make/photo/Honda.html,https://www.racingsportscars.com/type/photo/Honda/NSX.html,NA,https://www.racingsportscars.com/suffix/photo/Honda/NSX/Type%20R.html
2007,263,BMW 120d - BMW,27,S1,Motorsport Arena Oschersleben,-,-,Stian Sörlie (N)/Jörg Viebahn (D)/Kai Riemer (D)/Torsten Schubert (D),NA,white/yellow,Dunlop,27/10/2017,Fabrice Bergenhuizen,BMW,120d,NA,NA,Result: 27th 1st in S1 (16 laps behind the winner)Grid: 32nd (9:38.1040) - 34th fastest qualifier,27th 1st in S1 (16 laps behind the winner)Grid: 32nd (9:38.1040) - 34th fastest qualifier,finished,32,9:38.1040,16 laps behind the winner,NA,https://www.racingsportscars.com/tn/photo/2007/TN_Nurburgring-2007-06-10-263.jpg,https://www.racingsportscars.com/photo/2007/Nurburgring-2007-06-10-263.jpg,https://www.racingsportscars.com/make/photo/BMW.html,https://www.racingsportscars.com/type/photo/BMW/120d.html,NA,NA
2007,171,BMW M3 E36 - BMW,28,V5,,Closed bodywork,Front-engined,Werner Gusenbauer (D)/Jaber Ali Khalifa Alkhalifa (BRN)/Andreas Herwerth (D)/Timo Schupp (D),TNT,white/orange,NA,27/10/2017,Fabrice Bergenhuizen,BMW,M3,NA,E36,Result: 28th (16 laps behind the winner)Grid: 94th (10:21.4580) - 96th fastest qualifier,28th (16 laps behind the winner)Grid: 94th (10:21.4580) - 96th fastest qualifier,finished,94,10:21.4580,16 laps behind the winner,NA,https://www.racingsportscars.com/tn/photo/2007/TN_Nurburgring-2007-06-10-171.jpg,https://www.racingsportscars.com/photo/2007/Nurburgring-2007-06-10-171.jpg,https://www.racingsportscars.com/make/photo/BMW.html,https://www.racingsportscars.com/type/photo/BMW/M3.html,NA,https://www.racingsportscars.com/suffix/photo/BMW/M3/E36.html
2007,62,BMW Z4 - BMW,29,SP6,ORMS Racing-Wiemann,-,-,Marko Hartung (D)/Stefan Neuberger (D)/Franz Engstler (D),Schlagfix,blue/silver/yellow,NA,27/10/2017,Fabrice Bergenhuizen,BMW,Z4,NA,NA,Result: 29th (16 laps behind the winner)Grid: 13th (9:10.2580) - 14th fastest qualifier,29th (16 laps behind the winner)Grid: 13th (9:10.2580) - 14th fastest qualifier,finished,13,9:10.2580,16 laps behind the winner,NA,https://www.racingsportscars.com/tn/photo/2007/TN_Nurburgring-2007-06-10-062.jpg,https://www.racingsportscars.com/photo/2007/Nurburgring-2007-06-10-062.jpg,https://www.racingsportscars.com/make/photo/BMW.html,https://www.racingsportscars.com/type/photo/BMW/Z4.html,NA,NA
2007,12,Porsche 997 GT3 #WP0ZZZ99Z7S798081 - Porsche F6 4v DOHC N/A,30,SP7,Wochenspiegel Team Manthey,Closed bodywork,Rear-engined,"Georg Weiss (D)/Peter-Paul Pietsch (D)/Michael Jacobs (USA)/Dieter Schornstein, Jr. (D)",Weiss/Schüco,white/black/red,Michelin,27/10/2017,Fabrice Bergenhuizen,Porsche,997 GT3,#WP0ZZZ99Z7S798081,NA,Result: 30th (16 laps behind the winner)Grid: 15th (9:13.7980) - 16th fastest qualifier,30th (16 laps behind the winner)Grid: 15th (9:13.7980) - 16th fastest qualifier,finished,15,9:13.7980,16 laps behind the winner,NA,https://www.racingsportscars.com/tn/photo/2007/TN_Nurburgring-2007-06-10-012.jpg,https://www.racingsportscars.com/photo/2007/Nurburgring-2007-06-10-012.jpg,https://www.racingsportscars.com/make/photo/Porsche.html,https://www.racingsportscars.com/type/photo/Porsche/997%20GT3.html,https://www.racingsportscars.com/chassis/photo/WP0ZZZ99Z7S798081.html,NA
2007,37,Porsche 993 Cup - Porsche F6 N/A,31,SP7,Cargraphic-Birkart-RDM-Racing,Closed bodywork,Rear-engined,"Steffen Schlichenmeier (D)/Jacques Meyer (D)/""Peter König"" (D)/Kurt Ecke (D)",Birkart Globistics/cargraphic,red/white,Dunlop,27/10/2017,Fabrice Bergenhuizen,Porsche,993 Cup,NA,NA,Result: 31st (16 laps behind the winner)Grid: 67th (10:10.0710) - 69th fastest qualifier,31st (16 laps behind the winner)Grid: 67th (10:10.0710) - 69th fastest qualifier,finished,67,10:10.0710,16 laps behind the winner,NA,https://www.racingsportscars.com/tn/photo/2007/TN_Nurburgring-2007-06-10-037.jpg,https://www.racingsportscars.com/photo/2007/Nurburgring-2007-06-10-037.jpg,https://www.racingsportscars.com/make/photo/Porsche.html,https://www.racingsportscars.com/type/photo/Porsche/993%20Cup.html,NA,NA
2007,208,BMW Z4 M Coupe - BMW,32,V5,Schirra-Motoring / Krah & Enders,-,-,"Peter Enders/Henry Walkenhorst (D)/Markus Oestreich (D)/Peter Enders, Jr.",NA,white,NA,NA,NA,BMW,Z4,NA,M Coupe,Result: 32nd (17 laps behind the winner)Grid: 70th (10:12.2870) - 72nd fastest qualifier,32nd (17 laps behind the winner)Grid: 70th (10:12.2870) - 72nd fastest qualifier,finished,70,10:12.2870,17 laps behind the winner,NA,https://www.racingsportscars.com/images/car_no_photo.png,https://www.racingsportscars.com/about.html#contrib,https://www.racingsportscars.com/make/photo/BMW.html,https://www.racingsportscars.com/type/photo/BMW/Z4.html,NA,https://www.racingsportscars.com/suffix/photo/BMW/Z4/M%20Coupe.html
2007,33,Nissan 350Z Z33 # - Nissan,33,SP7,Falken Motorsports,Closed bodywork,Front-engined,Peter Dumbreck (GB)/Dirk Schoysman (B)/Tetsuya Tanaka (J)/Kazuki Hoshino (J),Falken,turquoise/blue,Falken,27/10/2017,Fabrice Bergenhuizen,Nissan,350Z,#,Z33,Result: 33rd (18 laps behind the winner)Grid: 16th (9:20.6460) - 17th fastest qualifier,33rd (18 laps behind the winner)Grid: 16th (9:20.6460) - 17th fastest qualifier,finished,16,9:20.6460,18 laps behind the winner,NA,https://www.racingsportscars.com/tn/photo/2007/TN_Nurburgring-2007-06-10-033.jpg,https://www.racingsportscars.com/photo/2007/Nurburgring-2007-06-10-033.jpg,https://www.racingsportscars.com/make/photo/Nissan.html,https://www.racingsportscars.com/type/photo/Nissan/350Z.html,https://www.racingsportscars.com/chassis/photo/Z33%20ST1-002.html,https://www.racingsportscars.com/suffix/photo/Nissan/350Z/Z33.html
2007,195,BMW E90 - BMW,34,V3-V4,Black Falcon/Performance Center Nürburg,-,-,Christian Senz/Dieter Lehner (CH)/Matthias Unger (D)/Ventura Bona,NA,grey/yellow,NA,NA,NA,BMW,E90,NA,NA,Result: 34th 1st in V3-V4 (18 laps behind the winner)Grid: 131st (10:41.8750) - 134th fastest qualifier,34th 1st in V3-V4 (18 laps behind the winner)Grid: 131st (10:41.8750) - 134th fastest qualifier,finished,131,10:41.8750,18 laps behind the winner,NA,https://www.racingsportscars.com/images/car_no_photo.png,https://www.racingsportscars.com/about.html#contrib,https://www.racingsportscars.com/make/photo/BMW.html,https://www.racingsportscars.com/type/photo/BMW/E90.html,NA,NA
2007,213,BMW M3 Coupe - BMW,35,V5,Dürener Motorsport Club e.V. i. ADAC,Closed bodywork,Front-engined,Bernd Küpper (D)/Klaus Koch (D)/Benjamin Weidner (D)/Michael Hess (D),Krafft Walzen,blue/green,NA,NA,NA,BMW,M3,NA,Coupe,Result: 35th (18 laps behind the winner)Grid: 120th (10:34.6180) - 122nd fastest qualifier,35th (18 laps behind the winner)Grid: 120th (10:34.6180) - 122nd fastest qualifier,finished,120,10:34.6180,18 laps behind the winner,NA,https://www.racingsportscars.com/images/car_no_photo.png,https://www.racingsportscars.com/about.html#contrib,https://www.racingsportscars.com/make/photo/BMW.html,https://www.racingsportscars.com/type/photo/BMW/M3.html,NA,https://www.racingsportscars.com/suffix/photo/BMW/M3/Coupe.html
2007,214,BMW M3 E36 GT - BMW,36,V5,,Closed bodywork,Front-engined,Sascha Hancke (D)/Jürgen Peter (D)/Jörg Klinkhammer/Jens Hawner (D),NA,black,Yokohama,NA,NA,BMW,M3,NA,E36 GT,Result: 36th (18 laps behind the winner)Grid: 95th (10:21.9530) - 97th fastest qualifier,36th (18 laps behind the winner)Grid: 95th (10:21.9530) - 97th fastest qualifier,finished,95,10:21.9530,18 laps behind the winner,NA,https://www.racingsportscars.com/images/car_no_photo.png,https://www.racingsportscars.com/about.html#contrib,https://www.racingsportscars.com/make/photo/BMW.html,https://www.racingsportscars.com/type/photo/BMW/M3.html,NA,https://www.racingsportscars.com/suffix/photo/BMW/M3/E36%20GT.html
2007,261,BMW 120d - BMW,37,S1,Motorsport Arena Oschersleben,-,-,Michael Auriemma (USA)/John Mayes (USA)/Jimmy Locke/Marc Bronzel (D),NA,white/red,Dunlop,27/10/2017,Fabrice Bergenhuizen,BMW,120d,NA,NA,Result: 37th (18 laps behind the winner)Grid: 51st (9:56.8710) - 53rd fastest qualifier,37th (18 laps behind the winner)Grid: 51st (9:56.8710) - 53rd fastest qualifier,finished,51,9:56.8710,18 laps behind the winner,NA,https://www.racingsportscars.com/tn/photo/2007/TN_Nurburgring-2007-06-10-261.jpg,https://www.racingsportscars.com/photo/2007/Nurburgring-2007-06-10-261.jpg,https://www.racingsportscars.com/make/photo/BMW.html,https://www.racingsportscars.com/type/photo/BMW/120d.html,NA,NA
2007,75,BMW M3 - BMW,38,SP4-5,,Closed bodywork,Front-engined,Kornelius Hoffmann (D)/Peter Seher/Iris Hoffmann/Hans Schütt,Bonnfinanz/GTÜ,black,NA,NA,NA,BMW,M3,NA,NA,Result: 38th (18 laps behind the winner)Grid: 78th (10:17.6620) - 80th fastest qualifier,38th (18 laps behind the winner)Grid: 78th (10:17.6620) - 80th fastest qualifier,finished,78,10:17.6620,18 laps behind the winner,NA,https://www.racingsportscars.com/images/car_no_photo.png,https://www.racingsportscars.com/about.html#contrib,https://www.racingsportscars.com/make/photo/BMW.html,https://www.racingsportscars.com/type/photo/BMW/M3.html,NA,NA
2007,120,Honda Civic Type R - Honda,39,Sp3,H & R Spezialfedern GmbH,-,-,Herbert von Danwitz (D)/Marcel Hoppe (D)/Peter Venn (D)/Norbert Bermes (D),NA,green,NA,NA,NA,Honda,Civic,NA,Type R,Result: 39th (19 laps behind the winner)Grid: 108th (10:29.7040) - 110th fastest qualifier,39th (19 laps behind the winner)Grid: 108th (10:29.7040) - 110th fastest qualifier,finished,108,10:29.7040,19 laps behind the winner,NA,https://www.racingsportscars.com/images/car_no_photo.png,https://www.racingsportscars.com/about.html#contrib,https://www.racingsportscars.com/make/photo/Honda.html,https://www.racingsportscars.com/type/photo/Honda/Civic.html,NA,https://www.racingsportscars.com/suffix/photo/Honda/Civic/Type%20R.html
2007,236,Honda Civic Type R - Honda,40,SP Cup,VLN Honda Junior Team-FH Köln Motorsport,-,-,Nicole Müllenmeister/Marc von Niesewand (D)/Daniel Ortmann/Benjamin Koske (D),NA,white/red/blue,BF Goodrich,NA,NA,Honda,Civic,NA,Type R,Result: 40th 1st in SP Cup (19 laps behind the winner)Grid: 136th (10:45.1730) - 139th fastest qualifier,40th 1st in SP Cup (19 laps behind the winner)Grid: 136th (10:45.1730) - 139th fastest qualifier,finished,136,10:45.1730,19 laps behind the winner,NA,https://www.racingsportscars.com/images/car_no_photo.png,https://www.racingsportscars.com/about.html#contrib,https://www.racingsportscars.com/make/photo/Honda.html,https://www.racingsportscars.com/type/photo/Honda/Civic.html,NA,https://www.racingsportscars.com/suffix/photo/Honda/Civic/Type%20R.html
2007,225,Honda Civic Type R - Honda,41,SP Cup,Team DMV,-,-,Mark Giesbrecht (D)/Hans Keutmann (D)/Dino Drössiger (D)/Spencer Trenery (USA),NA,red/white,BF Goodrich,NA,NA,Honda,Civic,NA,Type R,Result: 41st (19 laps behind the winner)Grid: 118th (10:34.1310) - 120th fastest qualifier,41st (19 laps behind the winner)Grid: 118th (10:34.1310) - 120th fastest qualifier,finished,118,10:34.1310,19 laps behind the winner,NA,https://www.racingsportscars.com/images/car_no_photo.png,https://www.racingsportscars.com/about.html#contrib,https://www.racingsportscars.com/make/photo/Honda.html,https://www.racingsportscars.com/type/photo/Honda/Civic.html,NA,https://www.racingsportscars.com/suffix/photo/Honda/Civic/Type%20R.html
2007,16,Lamborghini Gallardo GTR - Lamborghini,42,SP8,Lambo-Racing GmbH,Closed bodywork,Mid-engined,Stephan Rösler (D)/Andreas Kitzerow/Florian Scholze (D)/Georg Silbermayr (D),NA,orange,NA,27/10/2017,Fabrice Bergenhuizen,Lamborghini,Gallardo,NA,GTR,Result: 42nd (19 laps behind the winner)Grid: 35th (9:45.4250) - 37th fastest qualifier,42nd (19 laps behind the winner)Grid: 35th (9:45.4250) - 37th fastest qualifier,finished,35,9:45.4250,19 laps behind the winner,NA,https://www.racingsportscars.com/tn/photo/2007/TN_Nurburgring-2007-06-10-016.jpg,https://www.racingsportscars.com/photo/2007/Nurburgring-2007-06-10-016.jpg,https://www.racingsportscars.com/make/photo/Lamborghini.html,https://www.racingsportscars.com/type/photo/Lamborghini/Gallardo.html,NA,https://www.racingsportscars.com/suffix/photo/Lamborghini/Gallardo/GTR.html
2007,194,BMW E90 - BMW,43,V3-V4,Black Falcon/Performance Center Nürburg,-,-,Holger Zulauf/Dillon Koster (NL)/Marian Winz/Diego Romanini (I),NA,grey/yellow,NA,NA,NA,BMW,E90,NA,NA,Result: 43rd (19 laps behind the winner)Grid: 149th (10:50.9871) - 153rd fastest qualifier,43rd (19 laps behind the winner)Grid: 149th (10:50.9871) - 153rd fastest qualifier,finished,149,10:50.9871,19 laps behind the winner,NA,https://www.racingsportscars.com/images/car_no_photo.png,https://www.racingsportscars.com/about.html#contrib,https://www.racingsportscars.com/make/photo/BMW.html,https://www.racingsportscars.com/type/photo/BMW/E90.html,NA,NA
2007,170,BMW M3 Coupe - BMW,44,V5,Pistenclub e.V.,Closed bodywork,Front-engined,René Wolff (D)/Pascal Engel/Christer Joens (D)/Axel Nolde,NA,white/blue,Yokohama,NA,NA,BMW,M3,NA,Coupe,Result: 44th (20 laps behind the winner)Grid: 99th (10:23.3120) - 101st fastest qualifier,44th (20 laps behind the winner)Grid: 99th (10:23.3120) - 101st fastest qualifier,finished,99,10:23.3120,20 laps behind the winner,NA,https://www.racingsportscars.com/images/car_no_photo.png,https://www.racingsportscars.com/about.html#contrib,https://www.racingsportscars.com/make/photo/BMW.html,https://www.racingsportscars.com/type/photo/BMW/M3.html,NA,https://www.racingsportscars.com/suffix/photo/BMW/M3/Coupe.html
2007,119,Opel Manta B2 #WOL000058G6124929 - Opel,45,SP3,Kissling Motorsport (D),Closed bodywork,Front-engined,Olaf Beckmann (D)/Volker Strycek (D)/Peter Hass (D)/Bernhard Schmittner,NA,white/red/yellow,Yokohama,27/10/2017,Fabrice Bergenhuizen,Opel,Manta,#WOL000058G6124929,B2,Result: 45th (20 laps behind the winner)Grid: 65th (10:06.2450) - 67th fastest qualifier,45th (20 laps behind the winner)Grid: 65th (10:06.2450) - 67th fastest qualifier,finished,65,10:06.2450,20 laps behind the winner,NA,https://www.racingsportscars.com/tn/photo/2007/TN_Nurburgring-2007-06-10-119.jpg,https://www.racingsportscars.com/photo/2007/Nurburgring-2007-06-10-119.jpg,https://www.racingsportscars.com/make/photo/Opel.html,https://www.racingsportscars.com/type/photo/Opel/Manta.html,https://www.racingsportscars.com/chassis/photo/WOL000058G6124929.html,https://www.racingsportscars.com/suffix/photo/Opel/Manta/B2.html
2007,115,BMW 320is - BMW,46,SP3,,Closed bodywork,Front-engined,Matthias Behr/Theo Winkler/Walter Weber,NA,white/red/black,Dunlop,27/10/2017,Fabrice Bergenhuizen,BMW,320is,NA,NA,Result: 46th (21 laps behind the winner)Grid: 117th (10:33.8820) - 119th fastest qualifier,46th (21 laps behind the winner)Grid: 117th (10:33.8820) - 119th fastest qualifier,finished,117,10:33.8820,21 laps behind the winner,NA,https://www.racingsportscars.com/tn/photo/2007/TN_Nurburgring-2007-06-10-115.jpg,https://www.racingsportscars.com/photo/2007/Nurburgring-2007-06-10-115.jpg,https://www.racingsportscars.com/make/photo/BMW.html,https://www.racingsportscars.com/type/photo/BMW/320is.html,NA,NA
2007,23,VW Golf V R32 HGP - VW,47,SP8,,Closed bodywork,Front-engined,Bernd Schlee/Marc Christoffel/Peter Keltsch/Giampaolo Tenchini (I),Pirelli,Yellow/red,Pirelli,NA,NA,VW,Golf,NA,V R32 HGP,Result: 47th (21 laps behind the winner)Grid: 96th (10:22.0660) - 98th fastest qualifier,47th (21 laps behind the winner)Grid: 96th (10:22.0660) - 98th fastest qualifier,finished,96,10:22.0660,21 laps behind the winner,NA,https://www.racingsportscars.com/images/car_no_photo.png,https://www.racingsportscars.com/about.html#contrib,https://www.racingsportscars.com/make/photo/VW.html,https://www.racingsportscars.com/type/photo/VW/Golf.html,NA,https://www.racingsportscars.com/suffix/photo/VW/Golf/V%20R32%20HGP.html
2007,207,BMW M3 E30 - BMW,48,V3-V4,,Closed bodywork,Front-engined,Hans-Rolf Salzer/Sascha Salzer,NA,black,Dunlop,NA,NA,BMW,M3,NA,E30,Result: 48th (21 laps behind the winner)Grid: 130th (10:41.4680) - 133rd fastest qualifier,48th (21 laps behind the winner)Grid: 130th (10:41.4680) - 133rd fastest qualifier,finished,130,10:41.4680,21 laps behind the winner,NA,https://www.racingsportscars.com/images/car_no_photo.png,https://www.racingsportscars.com/about.html#contrib,https://www.racingsportscars.com/make/photo/BMW.html,https://www.racingsportscars.com/type/photo/BMW/M3.html,NA,https://www.racingsportscars.com/suffix/photo/BMW/M3/E30.html
2007,136,Renault Clio RS - Renault,49,SP3,,Closed bodywork,Front-engined,Uwe Reich (D)/Markus Leger/Michael Wellmann/Alexander Starke,NA,orange,NA,NA,NA,Renault,Clio,NA,RS,Result: 49th (21 laps behind the winner)Grid: 98th (10:22.7190) - 100th fastest qualifier,49th (21 laps behind the winner)Grid: 98th (10:22.7190) - 100th fastest qualifier,finished,98,10:22.7190,21 laps behind the winner,NA,https://www.racingsportscars.com/images/car_no_photo.png,https://www.racingsportscars.com/about.html#contrib,https://www.racingsportscars.com/make/photo/Renault.html,https://www.racingsportscars.com/type/photo/Renault/Clio.html,NA,https://www.racingsportscars.com/suffix/photo/Renault/Clio/RS.html
2007,76,BMW M3 - BMW,50,SP4-5,,Closed bodywork,Front-engined,Lutz Kögel/Peter Bonk (D)/Urs Schild/Stefan Aust (D),Linde,white,Yokohama,NA,NA,BMW,M3,NA,NA,Result: 50th (21 laps behind the winner)Grid: 63rd (10:02.6210) - 65th fastest qualifier,50th (21 laps behind the winner)Grid: 63rd (10:02.6210) - 65th fastest qualifier,finished,63,10:02.6210,21 laps behind the winner,NA,https://www.racingsportscars.com/images/car_no_photo.png,https://www.racingsportscars.com/about.html#contrib,https://www.racingsportscars.com/make/photo/BMW.html,https://www.racingsportscars.com/type/photo/BMW/M3.html,NA,NA
2007,60,Mazda RX-7 Turbo - Mazda,51,SP6,,-,-,Ric Shaw (AUS)/Stephen Borness (AUS)/Phil Alexander (AUS),Sennheiser,white,NA,27/10/2017,Fabrice Bergenhuizen,Mazda,RX-7,NA,Turbo,Result: 51st (21 laps behind the winner)Grid: 91st (10:20.7580) - 93rd fastest qualifier,51st (21 laps behind the winner)Grid: 91st (10:20.7580) - 93rd fastest qualifier,finished,91,10:20.7580,21 laps behind the winner,NA,https://www.racingsportscars.com/tn/photo/2007/TN_Nurburgring-2007-06-10-060.jpg,https://www.racingsportscars.com/photo/2007/Nurburgring-2007-06-10-060.jpg,https://www.racingsportscars.com/make/photo/Mazda.html,https://www.racingsportscars.com/type/photo/Mazda/RX-7.html,NA,https://www.racingsportscars.com/suffix/photo/Mazda/RX-7/Turbo.html
2007,100,Seat León - Seat,52,SP3T,AC Mayen e.V.,-,-,Ralph Kempen/Marcus Bierlein/Thomas Koll (D)/Timo Frings,NA,black/orange,NA,NA,NA,Seat,León,NA,NA,Result: 52nd (21 laps behind the winner)Grid: 113th (10:32.1200) - 115th fastest qualifier,52nd (21 laps behind the winner)Grid: 113th (10:32.1200) - 115th fastest qualifier,finished,113,10:32.1200,21 laps behind the winner,NA,https://www.racingsportscars.com/images/car_no_photo.png,https://www.racingsportscars.com/about.html#contrib,https://www.racingsportscars.com/make/photo/Seat.html,https://www.racingsportscars.com/type/photo/Seat/Le%c3%b3n.html,NA,NA
2007,206,Mercedes-Benz 190 E 2.5-16 - Mercedes-Benz L4 4v N/A,53,V3-V4,Berg-Cup e.V.,Closed bodywork,Front-engined,Andreas Schettler (D)/Dirk Roth (D)/Thomas Mautner,NA,yellow,Dunlop,NA,NA,Mercedes-Benz,190 E,NA,2.5-16,Result: 53rd (22 laps behind the winner)Grid: 133rd (10:43.9910) - 136th fastest qualifier,53rd (22 laps behind the winner)Grid: 133rd (10:43.9910) - 136th fastest qualifier,finished,133,10:43.9910,22 laps behind the winner,NA,https://www.racingsportscars.com/images/car_no_photo.png,https://www.racingsportscars.com/about.html#contrib,https://www.racingsportscars.com/make/photo/Mercedes-Benz.html,https://www.racingsportscars.com/type/photo/Mercedes-Benz/190%20E.html,NA,https://www.racingsportscars.com/suffix/photo/Mercedes-Benz/190%20E/2.5-16.html
2007,182,BMW 318 is - BMW,54,V2,,-,-,Colin Roloff/Georg Griesemann (D)/Björn Griesemann (D),NA,white/blue,Yokohama,NA,NA,BMW,318,NA,is,Result: 54th 1st in V2 (22 laps behind the winner)Grid: 166th (11:04.2590) - 172nd fastest qualifier,54th 1st in V2 (22 laps behind the winner)Grid: 166th (11:04.2590) - 172nd fastest qualifier,finished,166,11:04.2590,22 laps behind the winner,NA,https://www.racingsportscars.com/images/car_no_photo.png,https://www.racingsportscars.com/about.html#contrib,https://www.racingsportscars.com/make/photo/BMW.html,https://www.racingsportscars.com/type/photo/BMW/318.html,NA,https://www.racingsportscars.com/suffix/photo/BMW/318/is.html
2007,210,BMW 318 is - BMW,55,V2,,-,-,Winfried Meseke/Alexander Schula (D)/Frank Möller,Liqui Moly,white/blue/green,Michelin,NA,NA,BMW,318,NA,is,Result: 55th (22 laps behind the winner)Grid: 154th (10:55.3580) - 159th fastest qualifier,55th (22 laps behind the winner)Grid: 154th (10:55.3580) - 159th fastest qualifier,finished,154,10:55.3580,22 laps behind the winner,NA,https://www.racingsportscars.com/images/car_no_photo.png,https://www.racingsportscars.com/about.html#contrib,https://www.racingsportscars.com/make/photo/BMW.html,https://www.racingsportscars.com/type/photo/BMW/318.html,NA,https://www.racingsportscars.com/suffix/photo/BMW/318/is.html
2007,232,Honda Civic Type R - Honda,56,SP Cup,,-,-,Christoph Dupré (D)/Claus Dupré (D)/Manuel Lauck (D),NA,red/white,NA,27/10/2017,Fabrice Bergenhuizen,Honda,Civic,NA,Type R,Result: 56th (22 laps behind the winner)Grid: 110th (10:31.0430) - 112th fastest qualifier,56th (22 laps behind the winner)Grid: 110th (10:31.0430) - 112th fastest qualifier,finished,110,10:31.0430,22 laps behind the winner,NA,https://www.racingsportscars.com/tn/photo/2007/TN_Nurburgring-2007-06-10-232.jpg,https://www.racingsportscars.com/photo/2007/Nurburgring-2007-06-10-232.jpg,https://www.racingsportscars.com/make/photo/Honda.html,https://www.racingsportscars.com/type/photo/Honda/Civic.html,NA,https://www.racingsportscars.com/suffix/photo/Honda/Civic/Type%20R.html
2007,102,Mitsubishi Lancer Evo VIII - Mitsubishi,57,SP3T,,-,-,Helmut Dutz/Alex Winter/Yuderi Savas/Bruno Fechner,Yokohama,black/orange,Yokohama,27/10/2017,Fabrice Bergenhuizen,Mitsubishi,Lancer,NA,Evo VIII,Result: 57th (22 laps behind the winner)Grid: 86th (10:19.6540) - 88th fastest qualifier,57th (22 laps behind the winner)Grid: 86th (10:19.6540) - 88th fastest qualifier,finished,86,10:19.6540,22 laps behind the winner,NA,https://www.racingsportscars.com/tn/photo/2007/TN_Nurburgring-2007-06-10-102.jpg,https://www.racingsportscars.com/photo/2007/Nurburgring-2007-06-10-102.jpg,https://www.racingsportscars.com/make/photo/Mitsubishi.html,https://www.racingsportscars.com/type/photo/Mitsubishi/Lancer.html,NA,https://www.racingsportscars.com/suffix/photo/Mitsubishi/Lancer/Evo%20VIII.html
2007,117,Honda Civic Type R - Honda,58,SP3,,-,-,Arndt Hallmanns (D)/Thomas Frank (D)/Eric Freichels (D)/Michael Klotz,NA,silver,NA,NA,NA,Honda,Civic,NA,Type R,Result: 58th (22 laps behind the winner)Grid: 124th (10:35.8571) - 126th fastest qualifier,58th (22 laps behind the winner)Grid: 124th (10:35.8571) - 126th fastest qualifier,finished,124,10:35.8571,22 laps behind the winner,NA,https://www.racingsportscars.com/images/car_no_photo.png,https://www.racingsportscars.com/about.html#contrib,https://www.racingsportscars.com/make/photo/Honda.html,https://www.racingsportscars.com/type/photo/Honda/Civic.html,NA,https://www.racingsportscars.com/suffix/photo/Honda/Civic/Type%20R.html
2007,80,BMW M3 - BMW,59,SP6,Live-Strip.com Racing,Closed bodywork,Front-engined,Frank Jelinski (D)/Rudi Seher (D)/Karlheinz Grüner (D)/Werner Fischer,Live-Strip.com,black/orange,Kumho,27/10/2017,Fabrice Bergenhuizen,BMW,M3,NA,NA,Result: 59th (22 laps behind the winner)Grid: 54th (9:58.1060) - 56th fastest qualifier,59th (22 laps behind the winner)Grid: 54th (9:58.1060) - 56th fastest qualifier,finished,54,9:58.1060,22 laps behind the winner,NA,https://www.racingsportscars.com/tn/photo/2007/TN_Nurburgring-2007-06-10-080.jpg,https://www.racingsportscars.com/photo/2007/Nurburgring-2007-06-10-080.jpg,https://www.racingsportscars.com/make/photo/BMW.html,https://www.racingsportscars.com/type/photo/BMW/M3.html,NA,NA
2007,221,Honda Civic Type R - Honda,60,N1-N2,,-,-,Gene Rollinson/Stuart Owers (NZ)/Rhys McKay/Michael Eden (NZ),Advan,black/blue/white,Yokohama,NA,NA,Honda,Civic,NA,Type R,Result: 60th 1st in N1-N2 (23 laps behind the winner)Grid: 161st (11:01.6970) - 166th fastest qualifier,60th 1st in N1-N2 (23 laps behind the winner)Grid: 161st (11:01.6970) - 166th fastest qualifier,finished,161,11:01.6970,23 laps behind the winner,NA,https://www.racingsportscars.com/images/car_no_photo.png,https://www.racingsportscars.com/about.html#contrib,https://www.racingsportscars.com/make/photo/Honda.html,https://www.racingsportscars.com/type/photo/Honda/Civic.html,NA,https://www.racingsportscars.com/suffix/photo/Honda/Civic/Type%20R.html
2007,161,Ford Fiesta - Ford N/A,61,SP2,Team Lauderbach Motorsport,Closed bodywork,Front-engined,Andrii Kruglyk (UA)/Steffen Ramer/Ian Green/Michael Schulze (D),NA,white/blue,Yokohama,NA,NA,Ford,Fiesta,NA,NA,Result: 61st 1st in SP2 (23 laps behind the winner)Grid: 151st (10:52.3110) - 156th fastest qualifier,61st 1st in SP2 (23 laps behind the winner)Grid: 151st (10:52.3110) - 156th fastest qualifier,finished,151,10:52.3110,23 laps behind the winner,NA,https://www.racingsportscars.com/images/car_no_photo.png,https://www.racingsportscars.com/about.html#contrib,https://www.racingsportscars.com/make/photo/Ford.html,https://www.racingsportscars.com/type/photo/Ford/Fiesta.html,NA,NA
2007,6,Aston Martin V8 Vantage N24 - Aston Martin V8/90° 4v DOHC 4280 cc N/A,62,SP8,,Closed bodywork,Front-engined,Arnold Herreman (B)/Kurt Dujardyn (B)/Anton Gonnissen (B)/Jean-Paul Herreman (B),NA,green/yellow,NA,NA,NA,Aston Martin,V8 Vantage,NA,N24,Result: 62nd (23 laps behind the winner)Grid: 111th (10:31.2560) - 113th fastest qualifier,62nd (23 laps behind the winner)Grid: 111th (10:31.2560) - 113th fastest qualifier,finished,111,10:31.2560,23 laps behind the winner,NA,https://www.racingsportscars.com/images/car_no_photo.png,https://www.racingsportscars.com/about.html#contrib,https://www.racingsportscars.com/make/photo/Aston%20Martin.html,https://www.racingsportscars.com/type/photo/Aston%20Martin/V8%20Vantage.html,NA,https://www.racingsportscars.com/suffix/photo/Aston%20Martin/V8%20Vantage/N24.html
2007,77,BMW M3 E46 - BMW,63,SP4-5,,Closed bodywork,Front-engined,Frank Nöhring (D)/Colin White (GB)/Ingo Tepel (D),NA,green/red/black,NA,27/10/2017,Fabrice Bergenhuizen,BMW,M3,NA,E46,Result: 63rd (23 laps behind the winner)Grid: 68th (10:11.3740) - 70th fastest qualifier,63rd (23 laps behind the winner)Grid: 68th (10:11.3740) - 70th fastest qualifier,finished,68,10:11.3740,23 laps behind the winner,NA,https://www.racingsportscars.com/tn/photo/2007/TN_Nurburgring-2007-06-10-077.jpg,https://www.racingsportscars.com/photo/2007/Nurburgring-2007-06-10-077.jpg,https://www.racingsportscars.com/make/photo/BMW.html,https://www.racingsportscars.com/type/photo/BMW/M3.html,NA,https://www.racingsportscars.com/suffix/photo/BMW/M3/E46.html
2007,44,Holden Commodore - Holden,64,SP8,,-,-,Mal Rose (AUS)/Adam Wallis (AUS)/Anthony Robson (AUS)/Kevin Burton,NA,white,Toyo,27/10/2017,Fabrice Bergenhuizen,Holden,Commodore,NA,NA,Result: 64th (23 laps behind the winner)Grid: 49th (9:55.0380) - 51st fastest qualifier,64th (23 laps behind the winner)Grid: 49th (9:55.0380) - 51st fastest qualifier,finished,49,9:55.0380,23 laps behind the winner,NA,https://www.racingsportscars.com/tn/photo/2007/TN_Nurburgring-2007-06-10-044.jpg,https://www.racingsportscars.com/photo/2007/Nurburgring-2007-06-10-044.jpg,https://www.racingsportscars.com/make/photo/Holden.html,https://www.racingsportscars.com/type/photo/Holden/Commodore.html,NA,NA
2007,175,BMW 318 is E36 - BMW,65,V2,MSC Wahlscheid e.V. i. ADAC,-,-,Rolf Derscheid/Michael Flehmer/Werner Schlehecker (D)/Marco Wolf,NA,white,NA,NA,NA,BMW,318,NA,is E36,Result: 65th (24 laps behind the winner)Grid: 168th (11:04.5770) - 174th fastest qualifier,65th (24 laps behind the winner)Grid: 168th (11:04.5770) - 174th fastest qualifier,finished,168,11:04.5770,24 laps behind the winner,NA,https://www.racingsportscars.com/images/car_no_photo.png,https://www.racingsportscars.com/about.html#contrib,https://www.racingsportscars.com/make/photo/BMW.html,https://www.racingsportscars.com/type/photo/BMW/318.html,NA,https://www.racingsportscars.com/suffix/photo/BMW/318/is%20E36.html
2007,130,Renault Clio Cup - Renault,66,SP3,tolimit,Closed bodywork,Front-engined,Gavin Dawson/Andrew Higgins/Scott O'Donnell (NZ)/Jörg Chmiela (D),NA,blue,NA,NA,NA,Renault,Clio,NA,Cup,Result: 66th (24 laps behind the winner)Grid: 109th (10:30.6080) - 111th fastest qualifier,66th (24 laps behind the winner)Grid: 109th (10:30.6080) - 111th fastest qualifier,finished,109,10:30.6080,24 laps behind the winner,NA,https://www.racingsportscars.com/images/car_no_photo.png,https://www.racingsportscars.com/about.html#contrib,https://www.racingsportscars.com/make/photo/Renault.html,https://www.racingsportscars.com/type/photo/Renault/Clio.html,NA,https://www.racingsportscars.com/suffix/photo/Renault/Clio/Cup.html
2007,218,BMW M3 GT - BMW,67,V5,MSC-Rhön e.V. i. AvD,Closed bodywork,Front-engined,/Jean Charles Levy (F)/Eric van de Vyver (F)/Didier Caradec (F)/André-Alain Corbel (F),Kuttenkeuler Lubricants,white,Dunlop,27/10/2017,Fabrice Bergenhuizen,BMW,M3,NA,GT,Result: 67th (24 laps behind the winner)Grid: 145th (10:49.4500) - 148th fastest qualifier,67th (24 laps behind the winner)Grid: 145th (10:49.4500) - 148th fastest qualifier,finished,145,10:49.4500,24 laps behind the winner,NA,https://www.racingsportscars.com/tn/photo/2007/TN_Nurburgring-2007-06-10-218.jpg,https://www.racingsportscars.com/photo/2007/Nurburgring-2007-06-10-218.jpg,https://www.racingsportscars.com/make/photo/BMW.html,https://www.racingsportscars.com/type/photo/BMW/M3.html,NA,https://www.racingsportscars.com/suffix/photo/BMW/M3/GT.html
2007,220,Honda Civic Type R - Honda,68,N1-N2,,-,-,Brian McGovern (NZ)/John McIntyre (NZ)/Timothy Martin/Gregory Taylor,NA,black/blue/white,Yokohama,27/10/2017,Fabrice Bergenhuizen,Honda,Civic,NA,Type R,Result: 68th (24 laps behind the winner)Grid: 159th (10:58.4270) - 164th fastest qualifier,68th (24 laps behind the winner)Grid: 159th (10:58.4270) - 164th fastest qualifier,finished,159,10:58.4270,24 laps behind the winner,NA,https://www.racingsportscars.com/tn/photo/2007/TN_Nurburgring-2007-06-10-220.jpg,https://www.racingsportscars.com/photo/2007/Nurburgring-2007-06-10-220.jpg,https://www.racingsportscars.com/make/photo/Honda.html,https://www.racingsportscars.com/type/photo/Honda/Civic.html,NA,https://www.racingsportscars.com/suffix/photo/Honda/Civic/Type%20R.html
2007,152,Honda Civic (EK4) - Honda,69,Sp2,(D),-,-,Günter Kühlewein (D)/Jörg Dörre/Hannes Pfledderer (D),NA,green,NA,NA,NA,Honda,Civic,NA,(EK4),Result: 69th (24 laps behind the winner)Grid: 156th (10:56.6310) - 161st fastest qualifier,69th (24 laps behind the winner)Grid: 156th (10:56.6310) - 161st fastest qualifier,finished,156,10:56.6310,24 laps behind the winner,NA,https://www.racingsportscars.com/images/car_no_photo.png,https://www.racingsportscars.com/about.html#contrib,https://www.racingsportscars.com/make/photo/Honda.html,https://www.racingsportscars.com/type/photo/Honda/Civic.html,NA,https://www.racingsportscars.com/suffix/photo/Honda/Civic/(EK4).html
2007,58,BMW M3 E46 - BMW,70,SP6,,Closed bodywork,Front-engined,Sergey Matveev (RUS)/Oleksiy Kikireshko (UA)/Stanislav Gryazin/Valeriy Gorban,NA,grey,Yokohama,27/10/2017,Fabrice Bergenhuizen,BMW,M3,NA,E46,Result: 70th (24 laps behind the winner)Grid: 74th (10:16.4290) - 76th fastest qualifier,70th (24 laps behind the winner)Grid: 74th (10:16.4290) - 76th fastest qualifier,finished,74,10:16.4290,24 laps behind the winner,NA,https://www.racingsportscars.com/tn/photo/2007/TN_Nurburgring-2007-06-10-058.jpg,https://www.racingsportscars.com/photo/2007/Nurburgring-2007-06-10-058.jpg,https://www.racingsportscars.com/make/photo/BMW.html,https://www.racingsportscars.com/type/photo/BMW/M3.html,NA,https://www.racingsportscars.com/suffix/photo/BMW/M3/E46.html
2007,154,Ford Fiesta ST - Ford N/A,71,SP2,,Closed bodywork,Front-engined,Jana Meiswinkel (D)/Jutta Beisiegel/Stefanie Manns,NA,white/blue,NA,NA,NA,Ford,Fiesta,NA,ST,Result: 71st (25 laps behind the winner)Grid: 202nd (11:30.3280) - 209th fastest qualifier,71st (25 laps behind the winner)Grid: 202nd (11:30.3280) - 209th fastest qualifier,finished,202,11:30.3280,25 laps behind the winner,NA,https://www.racingsportscars.com/images/car_no_photo.png,https://www.racingsportscars.com/about.html#contrib,https://www.racingsportscars.com/make/photo/Ford.html,https://www.racingsportscars.com/type/photo/Ford/Fiesta.html,NA,https://www.racingsportscars.com/suffix/photo/Ford/Fiesta/ST.html
2007,200,BMW 325i E36 - BMW,72,V3-V4,,-,-,Florian Hildner/Roland Mühlbauer/Wilfried Selbach,NA,white,NA,NA,NA,BMW,325i,NA,E36,Result: 72nd (25 laps behind the winner)Grid: 155th (10:56.6281) - 160th fastest qualifier,72nd (25 laps behind the winner)Grid: 155th (10:56.6281) - 160th fastest qualifier,finished,155,10:56.6281,25 laps behind the winner,NA,https://www.racingsportscars.com/images/car_no_photo.png,https://www.racingsportscars.com/about.html#contrib,https://www.racingsportscars.com/make/photo/BMW.html,https://www.racingsportscars.com/type/photo/BMW/325i.html,NA,https://www.racingsportscars.com/suffix/photo/BMW/325i/E36.html
2007,157,Suzuki Swift - Suzuki,73,SP2,,-,-,Karl-Heinz Teichmann (D)/André Kleinschmidt/Hagen Schwarze/Markus Hupperich,NA,red,Yokohama,NA,NA,Suzuki,Swift,NA,NA,Result: 73rd (25 laps behind the winner)Grid: 192nd (11:24.5660) - 199th fastest qualifier,73rd (25 laps behind the winner)Grid: 192nd (11:24.5660) - 199th fastest qualifier,finished,192,11:24.5660,25 laps behind the winner,NA,https://www.racingsportscars.com/images/car_no_photo.png,https://www.racingsportscars.com/about.html#contrib,https://www.racingsportscars.com/make/photo/Suzuki.html,https://www.racingsportscars.com/type/photo/Suzuki/Swift.html,NA,NA
2007,217,BMW M3 GT - BMW,74,V5,MSC-Rhön e.V. i. AvD,Closed bodywork,Front-engined,Arturo Merzario (I)/Luigi Scalini (I)/Luca Zoppini (I)/Richard Purtscher (A),NA,yellow,Dunlop,27/10/2017,Fabrice Bergenhuizen,BMW,M3,NA,GT,Result: 74th (26 laps behind the winner)Grid: 135th (10:44.9280) - 138th fastest qualifier,74th (26 laps behind the winner)Grid: 135th (10:44.9280) - 138th fastest qualifier,finished,135,10:44.9280,26 laps behind the winner,NA,https://www.racingsportscars.com/tn/photo/2007/TN_Nurburgring-2007-06-10-217.jpg,https://www.racingsportscars.com/photo/2007/Nurburgring-2007-06-10-217.jpg,https://www.racingsportscars.com/make/photo/BMW.html,https://www.racingsportscars.com/type/photo/BMW/M3.html,NA,https://www.racingsportscars.com/suffix/photo/BMW/M3/GT.html
2007,128,Honda Civic Type R - Honda,75,SP3,MSC Mühlheim e.V. i. ADAC,-,-,Roland Lotzmann/Denis Cribbin/Paul Jenkins (USA),NA,silver/yellow,NA,NA,NA,Honda,Civic,NA,Type R,Result: 75th (26 laps behind the winner)Grid: 153rd (10:54.5959) - 158th fastest qualifier,75th (26 laps behind the winner)Grid: 153rd (10:54.5959) - 158th fastest qualifier,finished,153,10:54.5959,26 laps behind the winner,NA,https://www.racingsportscars.com/images/car_no_photo.png,https://www.racingsportscars.com/about.html#contrib,https://www.racingsportscars.com/make/photo/Honda.html,https://www.racingsportscars.com/type/photo/Honda/Civic.html,NA,https://www.racingsportscars.com/suffix/photo/Honda/Civic/Type%20R.html
2007,85,BMW M3 - BMW,76,SP4-5,,Closed bodywork,Front-engined,Holger Fuchs (D)/Athanasios Karageorgos/Andre Krumbach (D),NA,red/white,NA,NA,NA,BMW,M3,NA,NA,Result: 76th (26 laps behind the winner)Grid: 101st (10:24.6400) - 103rd fastest qualifier,76th (26 laps behind the winner)Grid: 101st (10:24.6400) - 103rd fastest qualifier,finished,101,10:24.6400,26 laps behind the winner,NA,https://www.racingsportscars.com/images/car_no_photo.png,https://www.racingsportscars.com/about.html#contrib,https://www.racingsportscars.com/make/photo/BMW.html,https://www.racingsportscars.com/type/photo/BMW/M3.html,NA,NA
2007,196,Honda Accord Type R # - Honda,77,V3-V4,Team DMV,-,-,Hans Keutmann (D)/Trenery/Steve Pfeifer (USA)/Frank Kuhlmann (D),Q8 Oils,white/blue,NA,NA,NA,Honda,Accord,#,Type R,Result: 77th (26 laps behind the winner)Grid: 173rd (11:05.6570) - 179th fastest qualifier,77th (26 laps behind the winner)Grid: 173rd (11:05.6570) - 179th fastest qualifier,finished,173,11:05.6570,26 laps behind the winner,NA,https://www.racingsportscars.com/images/car_no_photo.png,https://www.racingsportscars.com/about.html#contrib,https://www.racingsportscars.com/make/photo/Honda.html,https://www.racingsportscars.com/type/photo/Honda/Accord.html,https://www.racingsportscars.com/chassis/photo/Accord-DMV%23.html,https://www.racingsportscars.com/suffix/photo/Honda/Accord/Type%20R.html
2007,95,Honda S2000 - Honda,78,SP4-5,,-,-,Karl Pflanz (D)/Steffen Wethmar/Daniel Schwerfeld (D)/Charles Kauffman (L),NA,orange,NA,NA,NA,Honda,S2000,NA,NA,Result: 78th (26 laps behind the winner)Grid: 73rd (10:14.4900) - 75th fastest qualifier,78th (26 laps behind the winner)Grid: 73rd (10:14.4900) - 75th fastest qualifier,finished,73,10:14.4900,26 laps behind the winner,NA,https://www.racingsportscars.com/images/car_no_photo.png,https://www.racingsportscars.com/about.html#contrib,https://www.racingsportscars.com/make/photo/Honda.html,https://www.racingsportscars.com/type/photo/Honda/S2000.html,NA,NA
2007,184,BMW 318 is - BMW,79,V2,,-,-,Christian Seewaldt/Sven Rau/Marcus Kroll/Jaap Bartels,NA,black,NA,NA,NA,BMW,318,NA,is,Result: 79th (26 laps behind the winner)Grid: 188th (11:20.6320) - 195th fastest qualifier,79th (26 laps behind the winner)Grid: 188th (11:20.6320) - 195th fastest qualifier,finished,188,11:20.6320,26 laps behind the winner,NA,https://www.racingsportscars.com/images/car_no_photo.png,https://www.racingsportscars.com/about.html#contrib,https://www.racingsportscars.com/make/photo/BMW.html,https://www.racingsportscars.com/type/photo/BMW/318.html,NA,https://www.racingsportscars.com/suffix/photo/BMW/318/is.html
2007,151,Peugeot 206 CC - Peugeot,80,SP2,,-,-,Denis Gaessler/Francis Fabbri/Christian Lorang (F),NA,blue/red,NA,NA,NA,Peugeot,206,NA,CC,Result: 80th (26 laps behind the winner)Grid: 163rd (11:02.9091) - 168th fastest qualifier,80th (26 laps behind the winner)Grid: 163rd (11:02.9091) - 168th fastest qualifier,finished,163,11:02.9091,26 laps behind the winner,NA,https://www.racingsportscars.com/images/car_no_photo.png,https://www.racingsportscars.com/about.html#contrib,https://www.racingsportscars.com/make/photo/Peugeot.html,https://www.racingsportscars.com/type/photo/Peugeot/206.html,NA,https://www.racingsportscars.com/suffix/photo/Peugeot/206/CC.html
2007,278,Alfa Romeo 147 d - Alfa Romeo,81,S2,,-,-,Dietrich Hueck (D)/Frank Diefenbacher (D)/Hubert Nacken (D)/Ellen Lohr (D),Altenburger,red/black,NA,NA,NA,Alfa Romeo,147,NA,d,Result: 81st 1st in S2 (26 laps behind the winner)Grid: 89th (10:20.0680) - 91st fastest qualifier,81st 1st in S2 (26 laps behind the winner)Grid: 89th (10:20.0680) - 91st fastest qualifier,finished,89,10:20.0680,26 laps behind the winner,NA,https://www.racingsportscars.com/images/car_no_photo.png,https://www.racingsportscars.com/about.html#contrib,https://www.racingsportscars.com/make/photo/Alfa%20Romeo.html,https://www.racingsportscars.com/type/photo/Alfa%20Romeo/147.html,NA,https://www.racingsportscars.com/suffix/photo/Alfa%20Romeo/147/d.html
2007,90,Audi A3 2.0 - Audi,82,SP3T,,-,-,Dierk Möller-Sonntag (D)/Hans-Martin Gass (D)/Roland Waschkau (D)/René Rast (D),NA,white/green,Pirelli,NA,NA,Audi,A3,NA,2.0,Result: 82nd (27 laps behind the winner)Grid: 45th (9:50.6860) - 47th fastest qualifier,82nd (27 laps behind the winner)Grid: 45th (9:50.6860) - 47th fastest qualifier,finished,45,9:50.6860,27 laps behind the winner,NA,https://www.racingsportscars.com/images/car_no_photo.png,https://www.racingsportscars.com/about.html#contrib,https://www.racingsportscars.com/make/photo/Audi.html,https://www.racingsportscars.com/type/photo/Audi/A3.html,NA,https://www.racingsportscars.com/suffix/photo/Audi/A3/2.0.html
2007,234,Honda Civic Type R - Honda,83,SP Cup,AMC-Diepholz,-,-,Werner Uetrecht (D)/Florian Fricke (D)/Harald Thönnes/Frank Lohmann (D),NA,red/green,BF Goodrich,NA,NA,Honda,Civic,NA,Type R,Result: 83rd (27 laps behind the winner)Grid: 144th (10:48.6250) - 147th fastest qualifier,83rd (27 laps behind the winner)Grid: 144th (10:48.6250) - 147th fastest qualifier,finished,144,10:48.6250,27 laps behind the winner,NA,https://www.racingsportscars.com/images/car_no_photo.png,https://www.racingsportscars.com/about.html#contrib,https://www.racingsportscars.com/make/photo/Honda.html,https://www.racingsportscars.com/type/photo/Honda/Civic.html,NA,https://www.racingsportscars.com/suffix/photo/Honda/Civic/Type%20R.html
2007,159,Suzuki Swift Sport - Suzuki,84,SP2,,-,-,Udo Schütt/Klaus Derondeau/Rainer Kuhn/Gregor Messer,NA,red,Hankook,27/10/2017,Fabrice Bergenhuizen,Suzuki,Swift,NA,Sport,Result: 84th (27 laps behind the winner)Grid: 208th (11:36.8621) - 215th fastest qualifier,84th (27 laps behind the winner)Grid: 208th (11:36.8621) - 215th fastest qualifier,finished,208,11:36.8621,27 laps behind the winner,NA,https://www.racingsportscars.com/tn/photo/2007/TN_Nurburgring-2007-06-10-159.jpg,https://www.racingsportscars.com/photo/2007/Nurburgring-2007-06-10-159.jpg,https://www.racingsportscars.com/make/photo/Suzuki.html,https://www.racingsportscars.com/type/photo/Suzuki/Swift.html,NA,https://www.racingsportscars.com/suffix/photo/Suzuki/Swift/Sport.html
2007,87,Subaru Impreza MZR - Subaru,85,SP4T,,-,-,Mike Rimmer/Chris Rimmer/Llynden Riethmüller (AUS),Ocean,red,NA,27/10/2017,Fabrice Bergenhuizen,Subaru,Impreza,NA,MZR,Result: 85th (27 laps behind the winner)Grid: 76th (10:16.8520) - 78th fastest qualifier,85th (27 laps behind the winner)Grid: 76th (10:16.8520) - 78th fastest qualifier,finished,76,10:16.8520,27 laps behind the winner,NA,https://www.racingsportscars.com/tn/photo/2007/TN_Nurburgring-2007-06-10-087.jpg,https://www.racingsportscars.com/photo/2007/Nurburgring-2007-06-10-087.jpg,https://www.racingsportscars.com/make/photo/Subaru.html,https://www.racingsportscars.com/type/photo/Subaru/Impreza.html,NA,https://www.racingsportscars.com/suffix/photo/Subaru/Impreza/MZR.html
2007,276,BMW 335d # - BMW,86,S2,,Closed bodywork,-,Henning Meyersrenken/Bernd Albrecht (D)/Norman Starke/Reinhard Schall (D),NA,green/white,NA,02/08/2025,Norman Starke and Fabrice Bergenhuizen,BMW,335d,#,NA,Result: 86th (27 laps behind the winner)Grid: 72nd (10:12.9200) - 74th fastest qualifier,86th (27 laps behind the winner)Grid: 72nd (10:12.9200) - 74th fastest qualifier,finished,72,10:12.9200,27 laps behind the winner,NA,https://www.racingsportscars.com/tn/photo/2007/TN_Nurburgring-2007-06-10-276.jpg,https://www.racingsportscars.com/photo/2007/Nurburgring-2007-06-10-276.jpg,https://www.racingsportscars.com/make/photo/BMW.html,https://www.racingsportscars.com/type/photo/BMW/335d.html,https://www.racingsportscars.com/chassis/photo/335d-Meyersrenken%23.html,NA
2007,74,Porsche 968 GPE - Porsche,87,SP4-5,,-,-,Daniel Dupont (F)/Alain Giavedoni/Jean Louis Juchault,NA,blue/yellow,Michelin,NA,NA,Porsche,968,NA,GPE,Result: 87th (27 laps behind the winner)Grid: 103rd (10:25.8560) - 105th fastest qualifier,87th (27 laps behind the winner)Grid: 103rd (10:25.8560) - 105th fastest qualifier,finished,103,10:25.8560,27 laps behind the winner,NA,https://www.racingsportscars.com/images/car_no_photo.png,https://www.racingsportscars.com/about.html#contrib,https://www.racingsportscars.com/make/photo/Porsche.html,https://www.racingsportscars.com/type/photo/Porsche/968.html,NA,https://www.racingsportscars.com/suffix/photo/Porsche/968/GPE.html
2007,57,BMW M3 E46 - BMW,88,SP6,,Closed bodywork,Front-engined,Kevin Clarke (GB)/Ian Donaldson (GB)/Mark Donaldson (GB)/Stuart Wright (GB),NA,black,NA,27/10/2017,Fabrice Bergenhuizen,BMW,M3,NA,E46,Result: 88th (27 laps behind the winner)Grid: 102nd (10:25.1470) - 104th fastest qualifier,88th (27 laps behind the winner)Grid: 102nd (10:25.1470) - 104th fastest qualifier,finished,102,10:25.1470,27 laps behind the winner,NA,https://www.racingsportscars.com/tn/photo/2007/TN_Nurburgring-2007-06-10-057.jpg,https://www.racingsportscars.com/photo/2007/Nurburgring-2007-06-10-057.jpg,https://www.racingsportscars.com/make/photo/BMW.html,https://www.racingsportscars.com/type/photo/BMW/M3.html,NA,https://www.racingsportscars.com/suffix/photo/BMW/M3/E46.html
2007,197,BMW 325i - BMW,89,V3-V4,,-,-,Uwe Krumscheid (D)/Stefan Manheller (D)/Jürgen Lenarz/Terry Sayles,NA,white/green,NA,NA,NA,BMW,325i,NA,NA,Result: 89th (28 laps behind the winner)Grid: 180th (11:12.9240) - 186th fastest qualifier,89th (28 laps behind the winner)Grid: 180th (11:12.9240) - 186th fastest qualifier,finished,180,11:12.9240,28 laps behind the winner,NA,https://www.racingsportscars.com/images/car_no_photo.png,https://www.racingsportscars.com/about.html#contrib,https://www.racingsportscars.com/make/photo/BMW.html,https://www.racingsportscars.com/type/photo/BMW/325i.html,NA,NA
2007,88,Ford Focus - Ford,90,SP4T,,-,-,Björn Herrmann/Nikolaus Mayr-Melnhof (A)/Mike Martin (D)/Dirk Kremp,NA,white/blue/yellow,Yokohama,NA,NA,Ford,Focus,NA,NA,Result: 90th (28 laps behind the winner)Grid: 121st (10:35.1660) - 123rd fastest qualifier,90th (28 laps behind the winner)Grid: 121st (10:35.1660) - 123rd fastest qualifier,finished,121,10:35.1660,28 laps behind the winner,NA,https://www.racingsportscars.com/images/car_no_photo.png,https://www.racingsportscars.com/about.html#contrib,https://www.racingsportscars.com/make/photo/Ford.html,https://www.racingsportscars.com/type/photo/Ford/Focus.html,NA,NA
2007,21,Audi V8 D11 - Audi,91,SP8,Derichs Rennwagen e.V.,-,-,Keith Ahlers (GB)/Manfred Kubik (A)/Markus Sedlmaier/Helmut Undorf (D),NA,white/red/blue,NA,NA,NA,Audi,V8 D11,NA,NA,Result: 91st (28 laps behind the winner)Grid: 193rd (11:24.6840) - 200th fastest qualifier,91st (28 laps behind the winner)Grid: 193rd (11:24.6840) - 200th fastest qualifier,finished,193,11:24.6840,28 laps behind the winner,NA,https://www.racingsportscars.com/images/car_no_photo.png,https://www.racingsportscars.com/about.html#contrib,https://www.racingsportscars.com/make/photo/Audi.html,https://www.racingsportscars.com/type/photo/Audi/V8%20D11.html,NA,NA
2007,36,Porsche 996 GT3 - Porsche F6 4v DOHC N/A,92,SP7,,Closed bodywork,Rear-engined,Wolf Silvester (D)/Matthew Marsh (GB)/Arne Fittj/Michael Bonk (D),Burg Rabenstein,white,Yokohama,NA,NA,Porsche,996 GT3,NA,NA,Result: 92nd (28 laps behind the winner)Grid: 27th (9:33.1470) - 28th fastest qualifier,92nd (28 laps behind the winner)Grid: 27th (9:33.1470) - 28th fastest qualifier,finished,27,9:33.1470,28 laps behind the winner,NA,https://www.racingsportscars.com/images/car_no_photo.png,https://www.racingsportscars.com/about.html#contrib,https://www.racingsportscars.com/make/photo/Porsche.html,https://www.racingsportscars.com/type/photo/Porsche/996%20GT3.html,NA,NA
2007,9,Aston Martin V8 Vantage N24 - Aston Martin V8/90° 4v DOHC 4280 cc N/A,93,SP8,,Closed bodywork,Front-engined,Oliver Mathai (D)/Richard Meaden (GB)/Stéphane Lémeret (B)/Ulrich Schödel,Sport Auto,yellow/red/green,Yokohama,27/10/2017,Fabrice Bergenhuizen,Aston Martin,V8 Vantage,NA,N24,Result: 93rd (28 laps behind the winner)Grid: 39th (9:46.2510) - 41st fastest qualifier,93rd (28 laps behind the winner)Grid: 39th (9:46.2510) - 41st fastest qualifier,finished,39,9:46.2510,28 laps behind the winner,NA,https://www.racingsportscars.com/tn/photo/2007/TN_Nurburgring-2007-06-10-009.jpg,https://www.racingsportscars.com/photo/2007/Nurburgring-2007-06-10-009.jpg,https://www.racingsportscars.com/make/photo/Aston%20Martin.html,https://www.racingsportscars.com/type/photo/Aston%20Martin/V8%20Vantage.html,NA,https://www.racingsportscars.com/suffix/photo/Aston%20Martin/V8%20Vantage/N24.html
2007,180,BMW 318 is Coupé - BMW,94,V2,,-,-,Sebastian Krell (D)/Johann-Georg Riecker/Hanjo Hillmann/Mike Dohmen (D),NA,white/blue,Yokohama,NA,NA,BMW,318,NA,is Coupé,Result: 94th (29 laps behind the winner)Grid: 189th (11:22.6500) - 196th fastest qualifier,94th (29 laps behind the winner)Grid: 189th (11:22.6500) - 196th fastest qualifier,finished,189,11:22.6500,29 laps behind the winner,NA,https://www.racingsportscars.com/images/car_no_photo.png,https://www.racingsportscars.com/about.html#contrib,https://www.racingsportscars.com/make/photo/BMW.html,https://www.racingsportscars.com/type/photo/BMW/318.html,NA,https://www.racingsportscars.com/suffix/photo/BMW/318/is%20Coup%c3%a9.html
2007,107,Honda S2000 - Honda,95,SP3,,-,-,Markus Fugel (D)/Steve Kirsch (D)/Ruben Zeltner (D)/Uwe Wächtler (D),NA,white/red/black,Kumho,NA,NA,Honda,S2000,NA,NA,Result: 95th (29 laps behind the winner)Grid: 57th (10:01.0580) - 59th fastest qualifier,95th (29 laps behind the winner)Grid: 57th (10:01.0580) - 59th fastest qualifier,finished,57,10:01.0580,29 laps behind the winner,NA,https://www.racingsportscars.com/images/car_no_photo.png,https://www.racingsportscars.com/about.html#contrib,https://www.racingsportscars.com/make/photo/Honda.html,https://www.racingsportscars.com/type/photo/Honda/S2000.html,NA,NA
2007,176,BMW 318 is E30 - BMW,96,V2,Team DMV,-,-,Jörg Diekriede/Matthew McFadden (USA)/Jochen Senft/Manfred Anspann (D),NA,NA,NA,NA,NA,BMW,318,NA,is E30,Result: 96th (29 laps behind the winner)Grid: 190th (11:23.1140) - 197th fastest qualifier,96th (29 laps behind the winner)Grid: 190th (11:23.1140) - 197th fastest qualifier,finished,190,11:23.1140,29 laps behind the winner,NA,https://www.racingsportscars.com/images/car_no_photo.png,https://www.racingsportscars.com/about.html#contrib,https://www.racingsportscars.com/make/photo/BMW.html,https://www.racingsportscars.com/type/photo/BMW/318.html,NA,https://www.racingsportscars.com/suffix/photo/BMW/318/is%20E30.html
2007,166,VW Polo 16V - VW,97,SP1,,-,-,Dietrich Dimmler/Axel Potthast/Klaus Weigner (D)/Ulf Carsten Thieler,NA,yellow,NA,NA,NA,VW,Polo,NA,16V,Result: 97th 1st in SP1 (29 laps behind the winner)Grid: 215th (11:51.3101) - 222nd fastest qualifier,97th 1st in SP1 (29 laps behind the winner)Grid: 215th (11:51.3101) - 222nd fastest qualifier,finished,215,11:51.3101,29 laps behind the winner,NA,https://www.racingsportscars.com/images/car_no_photo.png,https://www.racingsportscars.com/about.html#contrib,https://www.racingsportscars.com/make/photo/VW.html,https://www.racingsportscars.com/type/photo/VW/Polo.html,NA,https://www.racingsportscars.com/suffix/photo/VW/Polo/16V.html
2007,54,Nissan 350Z - Nissan,98,SP6,Lanza Motorsport,Closed bodywork,Front-engined,Mauro Simoncini (I)/Alfredo Varini (I)/Riccardo Bachiorri (I)/Giovanni Carotenuto,NA,yellow,NA,NA,NA,Nissan,350Z,NA,NA,Result: 98th (29 laps behind the winner)Grid: 128th (10:39.4030) - 130th fastest qualifier,98th (29 laps behind the winner)Grid: 128th (10:39.4030) - 130th fastest qualifier,finished,128,10:39.4030,29 laps behind the winner,NA,https://www.racingsportscars.com/images/car_no_photo.png,https://www.racingsportscars.com/about.html#contrib,https://www.racingsportscars.com/make/photo/Nissan.html,https://www.racingsportscars.com/type/photo/Nissan/350Z.html,NA,NA
2007,249,VW Golf IV R-TDi Pfl.Öl - VW,99,S1,,Closed bodywork,Front-engined,Paul-Martin Dose (D)/Gustav Edelhoff (D)/Bernd Kleeschulte (D)/Max Kuypers,Taxofit,silver,Hankook,NA,NA,VW,Golf,NA,IV R-TDi Pfl.Öl,Result: 99th (30 laps behind the winner)Grid: 201st (11:29.8790) - 208th fastest qualifier,99th (30 laps behind the winner)Grid: 201st (11:29.8790) - 208th fastest qualifier,finished,201,11:29.8790,30 laps behind the winner,NA,https://www.racingsportscars.com/images/car_no_photo.png,https://www.racingsportscars.com/about.html#contrib,https://www.racingsportscars.com/make/photo/VW.html,https://www.racingsportscars.com/type/photo/VW/Golf.html,NA,https://www.racingsportscars.com/suffix/photo/VW/Golf/IV%20R-TDi%20Pfl.%c3%96l.html
2007,179,BMW 318 is - BMW,100,V2,,-,-,Michael David/Thomas Simon (D)/Reiner Bardenheuer (D)/Kornelius Hoffmann (D),NA,white,NA,NA,NA,BMW,318,NA,is,Result: 100th (30 laps behind the winner)Grid: 184th (11:16.3540) - 191st fastest qualifier,100th (30 laps behind the winner)Grid: 184th (11:16.3540) - 191st fastest qualifier,finished,184,11:16.3540,30 laps behind the winner,NA,https://www.racingsportscars.com/images/car_no_photo.png,https://www.racingsportscars.com/about.html#contrib,https://www.racingsportscars.com/make/photo/BMW.html,https://www.racingsportscars.com/type/photo/BMW/318.html,NA,https://www.racingsportscars.com/suffix/photo/BMW/318/is.html
2007,121,Honda Civic Type R - Honda,101,SP3,Mathol- Racing,-,-,Eberhard Schneider (D)/Carsten Dreses/David Carballeda Dominguez/Mike Juul (DK),NA,black/red/silver,NA,NA,NA,Honda,Civic,NA,Type R,Result: 101st (30 laps behind the winner)Grid: 175th (11:06.9010) - 181st fastest qualifier,101st (30 laps behind the winner)Grid: 175th (11:06.9010) - 181st fastest qualifier,finished,175,11:06.9010,30 laps behind the winner,NA,https://www.racingsportscars.com/images/car_no_photo.png,https://www.racingsportscars.com/about.html#contrib,https://www.racingsportscars.com/make/photo/Honda.html,https://www.racingsportscars.com/type/photo/Honda/Civic.html,NA,https://www.racingsportscars.com/suffix/photo/Honda/Civic/Type%20R.html
2007,129,Renault Clio RS - Renault N/A,102,SP3,East Belgian Racing Team,Closed bodywork,Front-engined,Jacky Delvaux (B)/René Marin (B)/Gerard Cotteret/Fabrice Reicher (F),NA,orange/silver,NA,27/10/2017,Fabrice Bergenhuizen,Renault,Clio,NA,RS,Result: 102nd (30 laps behind the winner)Grid: 178th (11:09.6290) - 184th fastest qualifier,102nd (30 laps behind the winner)Grid: 178th (11:09.6290) - 184th fastest qualifier,finished,178,11:09.6290,30 laps behind the winner,NA,https://www.racingsportscars.com/tn/photo/2007/TN_Nurburgring-2007-06-10-129.jpg,https://www.racingsportscars.com/photo/2007/Nurburgring-2007-06-10-129.jpg,https://www.racingsportscars.com/make/photo/Renault.html,https://www.racingsportscars.com/type/photo/Renault/Clio.html,NA,https://www.racingsportscars.com/suffix/photo/Renault/Clio/RS.html
2007,188,Ford Fiesta ST - Ford N/A,103,V3-V4,,Closed bodywork,Front-engined,Ralph Caba (D)/Volker Lange (D)/Karlheinz Hostenbach,NA,white/red,NA,NA,NA,Ford,Fiesta,NA,ST,Result: 103rd (30 laps behind the winner)Grid: 194th (11:25.7040) - 201st fastest qualifier,103rd (30 laps behind the winner)Grid: 194th (11:25.7040) - 201st fastest qualifier,finished,194,11:25.7040,30 laps behind the winner,NA,https://www.racingsportscars.com/images/car_no_photo.png,https://www.racingsportscars.com/about.html#contrib,https://www.racingsportscars.com/make/photo/Ford.html,https://www.racingsportscars.com/type/photo/Ford/Fiesta.html,NA,https://www.racingsportscars.com/suffix/photo/Ford/Fiesta/ST.html
2007,110,Toyota Altezza - Toyota,104,SP3,Team Gazoo,-,-,Hiromu Naruse (J)/Minoru Takagi (J)/Kanami Takeda (J)/Frank Janssen,NA,white,NA,27/10/2017,Fabrice Bergenhuizen,Toyota,Altezza,NA,NA,Result: 104th (30 laps behind the winner)Grid: 146th (10:50.0699) - 150th fastest qualifier,104th (30 laps behind the winner)Grid: 146th (10:50.0699) - 150th fastest qualifier,finished,146,10:50.0699,30 laps behind the winner,NA,https://www.racingsportscars.com/tn/photo/2007/TN_Nurburgring-2007-06-10-110.jpg,https://www.racingsportscars.com/photo/2007/Nurburgring-2007-06-10-110.jpg,https://www.racingsportscars.com/make/photo/Toyota.html,https://www.racingsportscars.com/type/photo/Toyota/Altezza.html,NA,NA
2007,84,BMW 130i - BMW N/A,105,SP4-5,,-,Front-engined,Willi Friedrichs (D)/Leo Löwenstein/Olaf Hoppelshäuser (D)/Simon Englerth (D),Pirelli,black,Pirelli,NA,NA,BMW,130i,NA,NA,Result: 105th (30 laps behind the winner)Grid: 116th (10:33.7910) - 118th fastest qualifier,105th (30 laps behind the winner)Grid: 116th (10:33.7910) - 118th fastest qualifier,finished,116,10:33.7910,30 laps behind the winner,NA,https://www.racingsportscars.com/images/car_no_photo.png,https://www.racingsportscars.com/about.html#contrib,https://www.racingsportscars.com/make/photo/BMW.html,https://www.racingsportscars.com/type/photo/BMW/130i.html,NA,NA
2007,233,VW Golf V R-TDi - VW,106,S1,,Closed bodywork,Front-engined,Eberhard Rattunde/Wayne Moore (NZ)/Maurice O'Reilly (NZ)/Heinrich Immig,NA,white/blue/red,NA,NA,NA,VW,Golf,NA,V R-TDi,Result: 106th (31 laps behind the winner)Grid: 112th (10:31.3770) - 114th fastest qualifier,106th (31 laps behind the winner)Grid: 112th (10:31.3770) - 114th fastest qualifier,finished,112,10:31.3770,31 laps behind the winner,NA,https://www.racingsportscars.com/images/car_no_photo.png,https://www.racingsportscars.com/about.html#contrib,https://www.racingsportscars.com/make/photo/VW.html,https://www.racingsportscars.com/type/photo/VW/Golf.html,NA,https://www.racingsportscars.com/suffix/photo/VW/Golf/V%20R-TDi.html
2007,260,Opel Astra Caravan # - Opel,107,S1,pro handicap e.V.,Closed bodywork,Front-engined,Wolfgang Müller (D)/Frank Breidenstein/Oliver Rudolph (F),NA,silver/green/yellow,NA,27/10/2017,Fabrice Bergenhuizen,Opel,Astra,#,Caravan,Result: 107th (31 laps behind the winner)Grid: 187th (11:20.2080) - 194th fastest qualifier,107th (31 laps behind the winner)Grid: 187th (11:20.2080) - 194th fastest qualifier,finished,187,11:20.2080,31 laps behind the winner,NA,https://www.racingsportscars.com/tn/photo/2007/TN_Nurburgring-2007-06-10-260.jpg,https://www.racingsportscars.com/photo/2007/Nurburgring-2007-06-10-260.jpg,https://www.racingsportscars.com/make/photo/Opel.html,https://www.racingsportscars.com/type/photo/Opel/Astra.html,https://www.racingsportscars.com/chassis/photo/Astra-Caravan-Handicap%23.html,https://www.racingsportscars.com/suffix/photo/Opel/Astra/Caravan.html
2007,250,Honda Civic Hybrid - Honda,108,S1,,-,-,Klaus Niedzwiedz (D)/Henning Klipp/Christian Schön/Martin Westerhoff,NA,blue,BF Goodrich,27/10/2017,Fabrice Bergenhuizen,Honda,Civic,NA,Hybrid,Result: 108th (31 laps behind the winner)Grid: 218th (11:55.8680) - 225th fastest qualifier,108th (31 laps behind the winner)Grid: 218th (11:55.8680) - 225th fastest qualifier,finished,218,11:55.8680,31 laps behind the winner,NA,https://www.racingsportscars.com/tn/photo/2007/TN_Nurburgring-2007-06-10-250.jpg,https://www.racingsportscars.com/photo/2007/Nurburgring-2007-06-10-250.jpg,https://www.racingsportscars.com/make/photo/Honda.html,https://www.racingsportscars.com/type/photo/Honda/Civic.html,NA,https://www.racingsportscars.com/suffix/photo/Honda/Civic/Hybrid.html
2007,13,Toyota Corolla - Toyota N/A,109,SP3,Osborne Motorsport,Closed bodywork,Front-engined,Colin Osborne/Paul Stubber (AUS)/William Sherwood,TRD,white/red,NA,27/10/2017,Fabrice Bergenhuizen,Toyota,Corolla,NA,NA,Result: 109th (31 laps behind the winner)Grid: 186th (11:19.6880) - 193rd fastest qualifier,109th (31 laps behind the winner)Grid: 186th (11:19.6880) - 193rd fastest qualifier,finished,186,11:19.6880,31 laps behind the winner,NA,https://www.racingsportscars.com/tn/photo/2007/TN_Nurburgring-2007-06-10-013.jpg,https://www.racingsportscars.com/photo/2007/Nurburgring-2007-06-10-013.jpg,https://www.racingsportscars.com/make/photo/Toyota.html,https://www.racingsportscars.com/type/photo/Toyota/Corolla.html,NA,NA
2007,109,Toyota Altezza - Toyota,110,SP3,Team Gazoo,-,-,Morizo/Masato Eto/Yasuo Hirata/Yoshinobu Katsumata (J),NA,white,NA,NA,NA,Toyota,Altezza,NA,NA,Result: 110th (32 laps behind the winner)Grid: 142nd (10:48.3101) - 145th fastest qualifier,110th (32 laps behind the winner)Grid: 142nd (10:48.3101) - 145th fastest qualifier,finished,142,10:48.3101,32 laps behind the winner,NA,https://www.racingsportscars.com/images/car_no_photo.png,https://www.racingsportscars.com/about.html#contrib,https://www.racingsportscars.com/make/photo/Toyota.html,https://www.racingsportscars.com/type/photo/Toyota/Altezza.html,NA,NA
2007,20,Mercedes-Benz 126 C - Mercedes-Benz,111,SP8,Derichs Rennwagen e.V.,Closed bodywork,Front-engined,Matthias Schenzle/Andrea Kammerl/Erwin Derichs (D)/Gunnar Turebrand,NA,silver,NA,27/10/2017,Fabrice Bergenhuizen,Mercedes-Benz,126 C,NA,NA,Result: 111th (32 laps behind the winner)Grid: 197th (11:26.6830) - 204th fastest qualifier,111th (32 laps behind the winner)Grid: 197th (11:26.6830) - 204th fastest qualifier,finished,197,11:26.6830,32 laps behind the winner,NA,https://www.racingsportscars.com/tn/photo/2007/TN_Nurburgring-2007-06-10-020.jpg,https://www.racingsportscars.com/photo/2007/Nurburgring-2007-06-10-020.jpg,https://www.racingsportscars.com/make/photo/Mercedes-Benz.html,https://www.racingsportscars.com/type/photo/Mercedes-Benz/126%20C.html,NA,NA
2007,73,BMW M3 E36 - BMW,112,SP4-5,,Closed bodywork,Front-engined,Oswald Burgstaller/Willi Herold (D)/Jürgen Gerlach/Frank Michel,NA,red,Dunlop,NA,NA,BMW,M3,NA,E36,Result: 112th (33 laps behind the winner)Grid: 106th (10:29.6150) - 108th fastest qualifier,112th (33 laps behind the winner)Grid: 106th (10:29.6150) - 108th fastest qualifier,finished,106,10:29.6150,33 laps behind the winner,NA,https://www.racingsportscars.com/images/car_no_photo.png,https://www.racingsportscars.com/about.html#contrib,https://www.racingsportscars.com/make/photo/BMW.html,https://www.racingsportscars.com/type/photo/BMW/M3.html,NA,https://www.racingsportscars.com/suffix/photo/BMW/M3/E36.html
2007,32,Porsche 996 GT3 Cup - Porsche F6 4v DOHC N/A,113,SP7,,Closed bodywork,Rear-engined,Daniel Lemm (D)/Jürgen Bach/Kersten Jodexnis (D)/Wolfgang Destree (D),NA,white,NA,27/10/2017,Fabrice Bergenhuizen,Porsche,996 GT3 Cup,NA,NA,Result: 113th (33 laps behind the winner)Grid: 20th (9:28.0380) - 21st fastest qualifier,113th (33 laps behind the winner)Grid: 20th (9:28.0380) - 21st fastest qualifier,finished,20,9:28.0380,33 laps behind the winner,NA,https://www.racingsportscars.com/tn/photo/2007/TN_Nurburgring-2007-06-10-032.jpg,https://www.racingsportscars.com/photo/2007/Nurburgring-2007-06-10-032.jpg,https://www.racingsportscars.com/make/photo/Porsche.html,https://www.racingsportscars.com/type/photo/Porsche/996%20GT3%20Cup.html,NA,NA
2007,82,BMW M3 E46 - BMW,114,SP4-5,VLN Honda Junior Team-FH Köln Motorsport,Closed bodywork,Front-engined,Christian Leitheuser (D)/Torsten Krey (D)/Christian Schmidt/Harald Schlotter (D),NA,yellow,Dunlop,NA,NA,BMW,M3,NA,E46,Result: 114th (33 laps behind the winner)Grid: 69th (10:12.0200) - 71st fastest qualifier,114th (33 laps behind the winner)Grid: 69th (10:12.0200) - 71st fastest qualifier,finished,69,10:12.0200,33 laps behind the winner,NA,https://www.racingsportscars.com/images/car_no_photo.png,https://www.racingsportscars.com/about.html#contrib,https://www.racingsportscars.com/make/photo/BMW.html,https://www.racingsportscars.com/type/photo/BMW/M3.html,NA,https://www.racingsportscars.com/suffix/photo/BMW/M3/E46.html
2007,257,VW Golf GT - VW,115,S1,,Closed bodywork,Front-engined,Marc Hoyer/Ralf Kraus (D)/Jim Briody (USA)/Uwe Schäffer,Pirelli,yellow/red,Pirelli,27/10/2017,Fabrice Bergenhuizen,VW,Golf,NA,GT,Result: 115th (34 laps behind the winner)Grid: 183rd (11:14.6510) - 190th fastest qualifier,115th (34 laps behind the winner)Grid: 183rd (11:14.6510) - 190th fastest qualifier,finished,183,11:14.6510,34 laps behind the winner,NA,https://www.racingsportscars.com/tn/photo/2007/TN_Nurburgring-2007-06-10-257.jpg,https://www.racingsportscars.com/photo/2007/Nurburgring-2007-06-10-257.jpg,https://www.racingsportscars.com/make/photo/VW.html,https://www.racingsportscars.com/type/photo/VW/Golf.html,NA,https://www.racingsportscars.com/suffix/photo/VW/Golf/GT.html
2007,187,Opel Astra F CC - Opel,116,V3-V4,,-,-,Marc Kippschull/Falko L'Hounneux/Norbert Werner/Karsten Schmitt,NA,white,NA,27/10/2017,Fabrice Bergenhuizen,Opel,Astra,NA,F CC,Result: 116th (34 laps behind the winner)Grid: 179th (11:11.6840) - 185th fastest qualifier,116th (34 laps behind the winner)Grid: 179th (11:11.6840) - 185th fastest qualifier,finished,179,11:11.6840,34 laps behind the winner,NA,https://www.racingsportscars.com/tn/photo/2007/TN_Nurburgring-2007-06-10-187.jpg,https://www.racingsportscars.com/photo/2007/Nurburgring-2007-06-10-187.jpg,https://www.racingsportscars.com/make/photo/Opel.html,https://www.racingsportscars.com/type/photo/Opel/Astra.html,NA,https://www.racingsportscars.com/suffix/photo/Opel/Astra/F%20CC.html
2007,99,Porsche Cayman RS - Porsche,117,SP7,,-,-,Stefan BeilPierre Kaffer (D)/Norbert Fischer (D)/Daniel Zils (D),M-Speed,white/blue/yellow,NA,27/10/2017,Fabrice Bergenhuizen,Porsche,Cayman,NA,RS,Result: 117th (34 laps behind the winner)Grid: 5th (8:50.3660),117th (34 laps behind the winner)Grid: 5th (8:50.3660),finished,5,8:50.3660,34 laps behind the winner,NA,https://www.racingsportscars.com/tn/photo/2007/TN_Nurburgring-2007-06-10-099.jpg,https://www.racingsportscars.com/photo/2007/Nurburgring-2007-06-10-099.jpg,https://www.racingsportscars.com/make/photo/Porsche.html,https://www.racingsportscars.com/type/photo/Porsche/Cayman.html,NA,https://www.racingsportscars.com/suffix/photo/Porsche/Cayman/RS.html
2007,231,Honda Civic Type R - Honda,118,SP Cup,Mathol- Racing,-,-,Oliver Lembeck/Nikolaus Hardt/Berthold Bermel (D)/Thomas Stoltz,NA,red,NA,NA,NA,Honda,Civic,NA,Type R,Result: 118th (34 laps behind the winner)Grid: 132nd (10:42.2960) - 135th fastest qualifier,118th (34 laps behind the winner)Grid: 132nd (10:42.2960) - 135th fastest qualifier,finished,132,10:42.2960,34 laps behind the winner,NA,https://www.racingsportscars.com/images/car_no_photo.png,https://www.racingsportscars.com/about.html#contrib,https://www.racingsportscars.com/make/photo/Honda.html,https://www.racingsportscars.com/type/photo/Honda/Civic.html,NA,https://www.racingsportscars.com/suffix/photo/Honda/Civic/Type%20R.html
2007,11,Porsche 997 GT3 - Porsche,119,SP7,,Closed bodywork,Rear-engined,Gary Williams/Daniel Cooke (D)/Julian Perry (GB)/Trevor Reeves,NA,blue/green,Michelin,27/10/2017,Fabrice Bergenhuizen,Porsche,997 GT3,NA,NA,Result: 119th (35 laps behind the winner)Grid: 21st (9:28.1490) - 22nd fastest qualifier,119th (35 laps behind the winner)Grid: 21st (9:28.1490) - 22nd fastest qualifier,finished,21,9:28.1490,35 laps behind the winner,NA,https://www.racingsportscars.com/tn/photo/2007/TN_Nurburgring-2007-06-10-011.jpg,https://www.racingsportscars.com/photo/2007/Nurburgring-2007-06-10-011.jpg,https://www.racingsportscars.com/make/photo/Porsche.html,https://www.racingsportscars.com/type/photo/Porsche/997%20GT3.html,NA,NA
2007,173,BMW 318 ti Compact - BMW,120,V2,Pistenclub e.V.,-,-,Frank Aust/Benedikt Fia/Stefan Abegg,NA,white,Yokohama,27/10/2017,Fabrice Bergenhuizen,BMW,318,NA,ti Compact,Result: 120th (35 laps behind the winner)Grid: 164th (11:03.2679) - 170th fastest qualifier,120th (35 laps behind the winner)Grid: 164th (11:03.2679) - 170th fastest qualifier,finished,164,11:03.2679,35 laps behind the winner,NA,https://www.racingsportscars.com/tn/photo/2007/TN_Nurburgring-2007-06-10-173.jpg,https://www.racingsportscars.com/photo/2007/Nurburgring-2007-06-10-173.jpg,https://www.racingsportscars.com/make/photo/BMW.html,https://www.racingsportscars.com/type/photo/BMW/318.html,NA,https://www.racingsportscars.com/suffix/photo/BMW/318/ti%20Compact.html
2007,230,Honda Civic Type R - Honda,121,SP Cup,Mathol- Racing,-,-,Matthias Holle/Jacob Thomsen (GB)/Stewart Lauersen/Jan Kalmar,NA,red,BF Goodrich,NA,NA,Honda,Civic,NA,Type R,Result: 121st (35 laps behind the winner)Grid: 152nd (10:52.5400) - 157th fastest qualifier,121st (35 laps behind the winner)Grid: 152nd (10:52.5400) - 157th fastest qualifier,finished,152,10:52.5400,35 laps behind the winner,NA,https://www.racingsportscars.com/images/car_no_photo.png,https://www.racingsportscars.com/about.html#contrib,https://www.racingsportscars.com/make/photo/Honda.html,https://www.racingsportscars.com/type/photo/Honda/Civic.html,NA,https://www.racingsportscars.com/suffix/photo/Honda/Civic/Type%20R.html
2007,258,VW Polo Erdgas - VW,122,S1,,-,-,Christian Görke/Theo Milz/Andreas Leue,NA,black/silver,NA,NA,NA,VW,Polo,NA,Erdgas,Result: 122nd (35 laps behind the winner)Grid: 217th (11:55.7830) - 224th fastest qualifier,122nd (35 laps behind the winner)Grid: 217th (11:55.7830) - 224th fastest qualifier,finished,217,11:55.7830,35 laps behind the winner,NA,https://www.racingsportscars.com/images/car_no_photo.png,https://www.racingsportscars.com/about.html#contrib,https://www.racingsportscars.com/make/photo/VW.html,https://www.racingsportscars.com/type/photo/VW/Polo.html,NA,https://www.racingsportscars.com/suffix/photo/VW/Polo/Erdgas.html
2007,189,Seat Ibiza - Seat,123,V3-V4,Team DMV,-,-,Hans-Christoph Schäfer (D)/Dirk Leßmeister (D)/Marc Holtschneider/Mike Pötzl,H&R,red/blue,NA,NA,NA,Seat,Ibiza,NA,NA,Result: 123rd (35 laps behind the winner)Grid: 213th (11:47.7020) - 220th fastest qualifier,123rd (35 laps behind the winner)Grid: 213th (11:47.7020) - 220th fastest qualifier,finished,213,11:47.7020,35 laps behind the winner,NA,https://www.racingsportscars.com/images/car_no_photo.png,https://www.racingsportscars.com/about.html#contrib,https://www.racingsportscars.com/make/photo/Seat.html,https://www.racingsportscars.com/type/photo/Seat/Ibiza.html,NA,NA
2007,164,Daihatsu Sirion,124,SP1,,-,-,Peter Teichmann/Michael Schneider (D)/Christian Tschornia/Jürgen Müller,NA,red,Yokohama,NA,NA,Daihatsu,Sirion,NA,NA,Result: 124th (35 laps behind the winner)Grid: 220th (12:11.8910) - 228th fastest qualifier,124th (35 laps behind the winner)Grid: 220th (12:11.8910) - 228th fastest qualifier,finished,220,12:11.8910,35 laps behind the winner,NA,https://www.racingsportscars.com/images/car_no_photo.png,https://www.racingsportscars.com/about.html#contrib,https://www.racingsportscars.com/make/photo/Daihatsu.html,https://www.racingsportscars.com/type/photo/Daihatsu/Sirion.html,NA,NA
2007,116,Ford Puma Cup - Ford,125,SP3,Pistenclub e.V.,-,-,Volker Sackreuther/Karsten Dempert/Rainer Hamacher/Willi Volz,NA,white/blue,NA,NA,NA,Ford,Puma,NA,Cup,Result: 125th (35 laps behind the winner)Grid: 185th (11:17.1040) - 192nd fastest qualifier,125th (35 laps behind the winner)Grid: 185th (11:17.1040) - 192nd fastest qualifier,finished,185,11:17.1040,35 laps behind the winner,NA,https://www.racingsportscars.com/images/car_no_photo.png,https://www.racingsportscars.com/about.html#contrib,https://www.racingsportscars.com/make/photo/Ford.html,https://www.racingsportscars.com/type/photo/Ford/Puma.html,NA,https://www.racingsportscars.com/suffix/photo/Ford/Puma/Cup.html
2007,8,Aston Martin V8 Vantage N24 - Aston Martin V8/90° 4v DOHC 4280 cc N/A,126,SP8,(D),Closed bodywork,Front-engined,Ulrich Bez (D)/Chris Porritt (GB)/Wolfgang Schuhbauer (D)/Horst von Saurma-Jeltsch (D),Sport Auto,green/red,Yokohama,NA,NA,Aston Martin,V8 Vantage,NA,N24,Result: 126th (35 laps behind the winner)Grid: 46th (9:52.5450) - 48th fastest qualifier,126th (35 laps behind the winner)Grid: 46th (9:52.5450) - 48th fastest qualifier,finished,46,9:52.5450,35 laps behind the winner,NA,https://www.racingsportscars.com/images/car_no_photo.png,https://www.racingsportscars.com/about.html#contrib,https://www.racingsportscars.com/make/photo/Aston%20Martin.html,https://www.racingsportscars.com/type/photo/Aston%20Martin/V8%20Vantage.html,NA,https://www.racingsportscars.com/suffix/photo/Aston%20Martin/V8%20Vantage/N24.html
2007,198,BMW 325i - BMW,127,V3-V4,,-,-,Jörg Etz/Markus Etz/Einar Thorsen (N)/Günter Memminger (D),NA,white,NA,NA,NA,BMW,325i,NA,NA,Result: 127th (37 laps behind the winner)Grid: 174th (11:06.8940) - 180th fastest qualifier,127th (37 laps behind the winner)Grid: 174th (11:06.8940) - 180th fastest qualifier,finished,174,11:06.8940,37 laps behind the winner,NA,https://www.racingsportscars.com/images/car_no_photo.png,https://www.racingsportscars.com/about.html#contrib,https://www.racingsportscars.com/make/photo/BMW.html,https://www.racingsportscars.com/type/photo/BMW/325i.html,NA,NA
2007,267,Renault Mégane RS - Renault,128,S1,,-,-,Franck Grossetéte/Philippe Géhin/Christophe Porcher,H&R,black/silver,Yokohama,NA,NA,Renault,Mégane,NA,RS,Result: 128th (38 laps behind the winner)Grid: 81st (10:18.6910) - 83rd fastest qualifier,128th (38 laps behind the winner)Grid: 81st (10:18.6910) - 83rd fastest qualifier,finished,81,10:18.6910,38 laps behind the winner,NA,https://www.racingsportscars.com/images/car_no_photo.png,https://www.racingsportscars.com/about.html#contrib,https://www.racingsportscars.com/make/photo/Renault.html,https://www.racingsportscars.com/type/photo/Renault/M%c3%a9gane.html,NA,https://www.racingsportscars.com/suffix/photo/Renault/M%c3%a9gane/RS.html
2007,162,Fiat Punto - Fiat,129,SP1,,-,-,Heinz-Jürgen Winz/Sandra Winz/Dirk Kisters (D),NA,grey/yellow,NA,NA,NA,Fiat,Punto,NA,NA,Result: 129th (38 laps behind the winner)Grid: 211th (11:44.1830) - 218th fastest qualifier,129th (38 laps behind the winner)Grid: 211th (11:44.1830) - 218th fastest qualifier,finished,211,11:44.1830,38 laps behind the winner,NA,https://www.racingsportscars.com/images/car_no_photo.png,https://www.racingsportscars.com/about.html#contrib,https://www.racingsportscars.com/make/photo/Fiat.html,https://www.racingsportscars.com/type/photo/Fiat/Punto.html,NA,NA
2007,256,VW Golf V Erdgas - VW,130,S1,Classic Driver,Closed bodywork,Front-engined,Christian Eigen/Julia Drewes/Timo Frings,NA,orange/green,Dunlop,NA,NA,VW,Golf,NA,V Erdgas,Result: 130th (38 laps behind the winner)Grid: 171st (11:05.1940) - 177th fastest qualifier,130th (38 laps behind the winner)Grid: 171st (11:05.1940) - 177th fastest qualifier,finished,171,11:05.1940,38 laps behind the winner,NA,https://www.racingsportscars.com/images/car_no_photo.png,https://www.racingsportscars.com/about.html#contrib,https://www.racingsportscars.com/make/photo/VW.html,https://www.racingsportscars.com/type/photo/VW/Golf.html,NA,https://www.racingsportscars.com/suffix/photo/VW/Golf/V%20Erdgas.html
2007,274,BMW 330d E46 - BMW TDi,131,S2,Lanza Motorsport,Closed bodywork,Front-engined,Giovanni Carotenuto/Mauro Simoncini (I)/Mario Oldani/Edo Varini (I),NA,white/yellow,NA,NA,NA,BMW,330d,NA,E46,Result: 131st (39 laps behind the winner)Grid: 158th (10:57.8680) - 163rd fastest qualifier,131st (39 laps behind the winner)Grid: 158th (10:57.8680) - 163rd fastest qualifier,finished,158,10:57.8680,39 laps behind the winner,NA,https://www.racingsportscars.com/images/car_no_photo.png,https://www.racingsportscars.com/about.html#contrib,https://www.racingsportscars.com/make/photo/BMW.html,https://www.racingsportscars.com/type/photo/BMW/330d.html,NA,https://www.racingsportscars.com/suffix/photo/BMW/330d/E46.html
2007,275,Ford Focus ST Bio-Ethanol - Ford,132,S2,Team DMV e.V.,-,-,Stefan Neuhorn (CH)/Elmar Brunsch/Ralf-Udo Blöding/Kurt Lotz,NA,white/red,Kumho,NA,NA,Ford,Focus,NA,ST Bio-Ethanol,Result: 132nd (39 laps behind the winner)Grid: 182nd (11:13.5450) - 188th fastest qualifier,132nd (39 laps behind the winner)Grid: 182nd (11:13.5450) - 188th fastest qualifier,finished,182,11:13.5450,39 laps behind the winner,NA,https://www.racingsportscars.com/images/car_no_photo.png,https://www.racingsportscars.com/about.html#contrib,https://www.racingsportscars.com/make/photo/Ford.html,https://www.racingsportscars.com/type/photo/Ford/Focus.html,NA,https://www.racingsportscars.com/suffix/photo/Ford/Focus/ST%20Bio-Ethanol.html
2007,158,Seat Ibiza 6K - Seat,133,SP2,,-,-,Mike Schedler/Martin Mechtersheimer/Tilman Spengler,NA,blue/yellow/red,NA,NA,NA,Seat,Ibiza,NA,6K,Result: 133rd (39 laps behind the winner)Grid: 191st (11:23.3170) - 198th fastest qualifier,133rd (39 laps behind the winner)Grid: 191st (11:23.3170) - 198th fastest qualifier,finished,191,11:23.3170,39 laps behind the winner,NA,https://www.racingsportscars.com/images/car_no_photo.png,https://www.racingsportscars.com/about.html#contrib,https://www.racingsportscars.com/make/photo/Seat.html,https://www.racingsportscars.com/type/photo/Seat/Ibiza.html,NA,https://www.racingsportscars.com/suffix/photo/Seat/Ibiza/6K.html
2007,153,Citroën Saxo - Citroën N/A,134,SP2,,Closed bodywork,-,Manfred Duske/Bernd Erdmann/Michael Milz/Reiner Habeth,Gulf,blue/orange,NA,NA,NA,Citroën,Saxo,NA,NA,Result: 134th (39 laps behind the winner)Grid: 204th (11:31.2190) - 211th fastest qualifier,134th (39 laps behind the winner)Grid: 204th (11:31.2190) - 211th fastest qualifier,finished,204,11:31.2190,39 laps behind the winner,NA,https://www.racingsportscars.com/images/car_no_photo.png,https://www.racingsportscars.com/about.html#contrib,https://www.racingsportscars.com/make/photo/Citro%c3%abn.html,https://www.racingsportscars.com/type/photo/Citro%c3%abn/Saxo.html,NA,NA
2007,70,Porsche 944 S2 - Porsche,135,SP4-5,,-,Front-engined,Hans Andreasson (S)/Mikael Redsäter/Inge Andersson/Christer Pernvall (S),NA,green,NA,NA,NA,Porsche,944,NA,S2,Result: 135th (39 laps behind the winner)Grid: 79th (10:17.7650) - 81st fastest qualifier,135th (39 laps behind the winner)Grid: 79th (10:17.7650) - 81st fastest qualifier,finished,79,10:17.7650,39 laps behind the winner,NA,https://www.racingsportscars.com/images/car_no_photo.png,https://www.racingsportscars.com/about.html#contrib,https://www.racingsportscars.com/make/photo/Porsche.html,https://www.racingsportscars.com/type/photo/Porsche/944.html,NA,https://www.racingsportscars.com/suffix/photo/Porsche/944/S2.html
2007,259,Alfa Romeo 147 1.9 JTD - Alfa Romeo,136,S1,MSC Ruhr Blitz Bochum e.V.,-,-,Martin De Groot/Rüdiger Förster/Uwe Göbel/Rolf Kienen (D),NA,red/yellow,NA,NA,NA,Alfa Romeo,147,NA,1.9 JTD,Result: 136th (40 laps behind the winner)Grid: 212th (11:46.1230) - 219th fastest qualifier,136th (40 laps behind the winner)Grid: 212th (11:46.1230) - 219th fastest qualifier,finished,212,11:46.1230,40 laps behind the winner,NA,https://www.racingsportscars.com/images/car_no_photo.png,https://www.racingsportscars.com/about.html#contrib,https://www.racingsportscars.com/make/photo/Alfa%20Romeo.html,https://www.racingsportscars.com/type/photo/Alfa%20Romeo/147.html,NA,https://www.racingsportscars.com/suffix/photo/Alfa%20Romeo/147/1.9%20JTD.html
2007,81,BMW Compact - BMW,137,SP4-5,Live-Strip.com Racing,-,-,Ferfried von Hohenzollern (D)/Ronny Melkus (D)/Ulrich Neuser/Ronny Mai,Live-Strip.com,black/orange,Kumho,NA,NA,BMW,Compact,NA,NA,Result: 137th (40 laps behind the winner)Grid: 82nd (10:18.9170) - 84th fastest qualifier,137th (40 laps behind the winner)Grid: 82nd (10:18.9170) - 84th fastest qualifier,finished,82,10:18.9170,40 laps behind the winner,NA,https://www.racingsportscars.com/images/car_no_photo.png,https://www.racingsportscars.com/about.html#contrib,https://www.racingsportscars.com/make/photo/BMW.html,https://www.racingsportscars.com/type/photo/BMW/Compact.html,NA,NA
2007,168,Suzuki Swift GTi - Suzuki,138,SP1,,-,-,Michael Brüggenkamp (D)/Mike Schmit (L)/Rhodri Hughes/Kenichi Maejima (J),NA,pink,NA,NA,NA,Suzuki,Swift,NA,GTi,Result: 138th (41 laps behind the winner)Grid: 210th (11:43.2939) - 217th fastest qualifier,138th (41 laps behind the winner)Grid: 210th (11:43.2939) - 217th fastest qualifier,finished,210,11:43.2939,41 laps behind the winner,NA,https://www.racingsportscars.com/images/car_no_photo.png,https://www.racingsportscars.com/about.html#contrib,https://www.racingsportscars.com/make/photo/Suzuki.html,https://www.racingsportscars.com/type/photo/Suzuki/Swift.html,NA,https://www.racingsportscars.com/suffix/photo/Suzuki/Swift/GTi.html
2007,222,Honda Civic Type R - Honda,139,N1-N2,,-,-,Ola Setsaas (N)/Jörgen Pettersen (N)/Mikjel Svae,NA,silver/black,NA,NA,NA,Honda,Civic,NA,Type R,Result: 139th (41 laps behind the winner)Grid: 140th (10:46.8210) - 143rd fastest qualifier,139th (41 laps behind the winner)Grid: 140th (10:46.8210) - 143rd fastest qualifier,finished,140,10:46.8210,41 laps behind the winner,NA,https://www.racingsportscars.com/images/car_no_photo.png,https://www.racingsportscars.com/about.html#contrib,https://www.racingsportscars.com/make/photo/Honda.html,https://www.racingsportscars.com/type/photo/Honda/Civic.html,NA,https://www.racingsportscars.com/suffix/photo/Honda/Civic/Type%20R.html
2007,253,Renault Clio RS Fl. Gas - Renault,140,S1,,Closed bodywork,Front-engined,Martin Bailey (AUS)/Greg Doyle/Allan Shephard (AUS)/Ross Lilley (AUS),NA,white,Yokohama,NA,NA,Renault,Clio,NA,RS Fl. Gas,Result: 140th (42 laps behind the winner)Grid: 216th (11:52.2260) - 223rd fastest qualifier,140th (42 laps behind the winner)Grid: 216th (11:52.2260) - 223rd fastest qualifier,finished,216,11:52.2260,42 laps behind the winner,NA,https://www.racingsportscars.com/images/car_no_photo.png,https://www.racingsportscars.com/about.html#contrib,https://www.racingsportscars.com/make/photo/Renault.html,https://www.racingsportscars.com/type/photo/Renault/Clio.html,NA,https://www.racingsportscars.com/suffix/photo/Renault/Clio/RS%20Fl.%20Gas.html
2007,92,Audi A3 2.0 - Audi,141,SP3T,,-,-,Otto Hofmayer/Francisco Mora (P)/Paul Singer/Thorsten Unger,NA,white/red,Pirelli,NA,NA,Audi,A3,NA,2.0,Result: 141st (43 laps behind the winner)Grid: 97th (10:22.1120) - 99th fastest qualifier,141st (43 laps behind the winner)Grid: 97th (10:22.1120) - 99th fastest qualifier,finished,97,10:22.1120,43 laps behind the winner,NA,https://www.racingsportscars.com/images/car_no_photo.png,https://www.racingsportscars.com/about.html#contrib,https://www.racingsportscars.com/make/photo/Audi.html,https://www.racingsportscars.com/type/photo/Audi/A3.html,NA,https://www.racingsportscars.com/suffix/photo/Audi/A3/2.0.html
2007,91,Audi A3 2.0 - Audi,142,SP3T,,-,-,Thomas Kroher/Thiemo Fleck/Christian Gebhardt (D)/Stefan Küster,Pirelli,white/yellow,Pirelli,NA,NA,Audi,A3,NA,2.0,Result: 142nd (43 laps behind the winner)Grid: 119th (10:34.4990) - 121st fastest qualifier,142nd (43 laps behind the winner)Grid: 119th (10:34.4990) - 121st fastest qualifier,finished,119,10:34.4990,43 laps behind the winner,NA,https://www.racingsportscars.com/images/car_no_photo.png,https://www.racingsportscars.com/about.html#contrib,https://www.racingsportscars.com/make/photo/Audi.html,https://www.racingsportscars.com/type/photo/Audi/A3.html,NA,https://www.racingsportscars.com/suffix/photo/Audi/A3/2.0.html
2007,271,BMW 135 D BioDiesel - BMW,143,S2,,-,-,Franz Groß (D)/Bugs Bunny/Christian Steffens (D)/Markus Horn,NA,white,Yokohama,27/10/2017,Fabrice Bergenhuizen,BMW,135,NA,D BioDiesel,Result: 143rd (45 laps behind the winner)Grid: 107th (10:29.6410) - 109th fastest qualifier,143rd (45 laps behind the winner)Grid: 107th (10:29.6410) - 109th fastest qualifier,finished,107,10:29.6410,45 laps behind the winner,NA,https://www.racingsportscars.com/tn/photo/2007/TN_Nurburgring-2007-06-10-271.jpg,https://www.racingsportscars.com/photo/2007/Nurburgring-2007-06-10-271.jpg,https://www.racingsportscars.com/make/photo/BMW.html,https://www.racingsportscars.com/type/photo/BMW/135.html,NA,https://www.racingsportscars.com/suffix/photo/BMW/135/D%20BioDiesel.html
2007,133,Lotus Elise,144,SP3,,-,Mid-engined,Ralf Zensen (D)/Lothar Wilms (D)/Christopher Peters (D),NA,white,NA,NA,NA,Lotus,Elise,NA,NA,Result: 144th (46 laps behind the winner)Grid: 177th (11:09.5590) - 183rd fastest qualifier,144th (46 laps behind the winner)Grid: 177th (11:09.5590) - 183rd fastest qualifier,finished,177,11:09.5590,46 laps behind the winner,NA,https://www.racingsportscars.com/images/car_no_photo.png,https://www.racingsportscars.com/about.html#contrib,https://www.racingsportscars.com/make/photo/Lotus.html,https://www.racingsportscars.com/type/photo/Lotus/Elise.html,NA,NA
2007,78,Audi A3 - Audi,145,SP4-5,,-,-,Roland Waschkau (D)/Rudi Speich (D)/Burkhard Scheffler/Klaus Hormes,Vito,yellow,Yokohama,27/10/2017,Fabrice Bergenhuizen,Audi,A3,NA,NA,Result: 145th (46 laps behind the winner)Grid: 62nd (10:02.5630) - 64th fastest qualifier,145th (46 laps behind the winner)Grid: 62nd (10:02.5630) - 64th fastest qualifier,finished,62,10:02.5630,46 laps behind the winner,NA,https://www.racingsportscars.com/tn/photo/2007/TN_Nurburgring-2007-06-10-078.jpg,https://www.racingsportscars.com/photo/2007/Nurburgring-2007-06-10-078.jpg,https://www.racingsportscars.com/make/photo/Audi.html,https://www.racingsportscars.com/type/photo/Audi/A3.html,NA,NA
2007,265,VW Golf IV TDi - VW,146,S1,ADAC Weser-Ems e.V. i. ADAC,Closed bodywork,Front-engined,Andreas von der Haar/Marcus Bulgrin (D)/Maik Kruse,NA,red/black,NA,NA,NA,VW,Golf,NA,IV TDi,Result: 146th (47 laps behind the winner)Grid: 214th (11:47.8879) - 221st fastest qualifier,146th (47 laps behind the winner)Grid: 214th (11:47.8879) - 221st fastest qualifier,finished,214,11:47.8879,47 laps behind the winner,NA,https://www.racingsportscars.com/images/car_no_photo.png,https://www.racingsportscars.com/about.html#contrib,https://www.racingsportscars.com/make/photo/VW.html,https://www.racingsportscars.com/type/photo/VW/Golf.html,NA,https://www.racingsportscars.com/suffix/photo/VW/Golf/IV%20TDi.html
2007,155,Mitsubishi Mirage - Mitsubishi,147,SP2,,-,-,Richard Gartner (AUS)/Giuseppe Arlotti (I)/Bruno Barbaro (I)/Gianni Giudici (I),NA,black/yellow,NA,NA,NA,Mitsubishi,Mirage,NA,NA,Result: 147th (47 laps behind the winner)Grid: 205th (11:32.5500) - 212th fastest qualifier,147th (47 laps behind the winner)Grid: 205th (11:32.5500) - 212th fastest qualifier,finished,205,11:32.5500,47 laps behind the winner,NA,https://www.racingsportscars.com/images/car_no_photo.png,https://www.racingsportscars.com/about.html#contrib,https://www.racingsportscars.com/make/photo/Mitsubishi.html,https://www.racingsportscars.com/type/photo/Mitsubishi/Mirage.html,NA,NA
2007,262,BMW 120d - BMW,148,S1,Motorsport Arena Oschersleben,-,-,Nils Tronrud (N)/Anders Burchardt (N)/Arne Berg (S),NA,white,Dunlop,NA,NA,BMW,120d,NA,NA,Result: 148th (49 laps behind the winner)Grid: 36th (9:45.5850) - 38th fastest qualifier,148th (49 laps behind the winner)Grid: 36th (9:45.5850) - 38th fastest qualifier,finished,36,9:45.5850,49 laps behind the winner,NA,https://www.racingsportscars.com/images/car_no_photo.png,https://www.racingsportscars.com/about.html#contrib,https://www.racingsportscars.com/make/photo/BMW.html,https://www.racingsportscars.com/type/photo/BMW/120d.html,NA,NA
2007,252,Alfa Romeo 147 JTD - Alfa Romeo,149,S1,ORMS Racing-Wiesmann,-,-,Hans Hahnel/Christian Feineis/Remo Friberg (CZ)/Herbert Schürg (D),NA,blue/yellow,NA,27/10/2017,Fabrice Bergenhuizen,Alfa Romeo,147,NA,JTD,Result: 149th (49 laps behind the winner)Grid: 83rd (10:19.1540) - 85th fastest qualifier,149th (49 laps behind the winner)Grid: 83rd (10:19.1540) - 85th fastest qualifier,finished,83,10:19.1540,49 laps behind the winner,NA,https://www.racingsportscars.com/tn/photo/2007/TN_Nurburgring-2007-06-10-252.jpg,https://www.racingsportscars.com/photo/2007/Nurburgring-2007-06-10-252.jpg,https://www.racingsportscars.com/make/photo/Alfa%20Romeo.html,https://www.racingsportscars.com/type/photo/Alfa%20Romeo/147.html,NA,https://www.racingsportscars.com/suffix/photo/Alfa%20Romeo/147/JTD.html
2007,202,BMW 325i E46 - BMW,150,V3-V4,,-,-,Heinz-Willi Delzepich/Jörg Kosmalla/Uwe Karp,NA,orange/green,NA,NA,NA,BMW,325i,NA,E46,Result: 150th (50 laps behind the winner)Grid: 176th (11:09.2070) - 182nd fastest qualifier,150th (50 laps behind the winner)Grid: 176th (11:09.2070) - 182nd fastest qualifier,finished,176,11:09.2070,50 laps behind the winner,NA,https://www.racingsportscars.com/images/car_no_photo.png,https://www.racingsportscars.com/about.html#contrib,https://www.racingsportscars.com/make/photo/BMW.html,https://www.racingsportscars.com/type/photo/BMW/325i.html,NA,https://www.racingsportscars.com/suffix/photo/BMW/325i/E46.html
2007,177,Opel Corsa Sport - Opel,151,V2,,-,-,Rudolf Rank/Michael Rank/Jochen Vollmer (D)/Jürgen Glath,NA,black/white,Dunlop,NA,NA,Opel,Corsa,NA,Sport,Result: 151st (53 laps behind the winner)Grid: 169th (11:04.8560) - 175th fastest qualifier,151st (53 laps behind the winner)Grid: 169th (11:04.8560) - 175th fastest qualifier,finished,169,11:04.8560,53 laps behind the winner,NA,https://www.racingsportscars.com/images/car_no_photo.png,https://www.racingsportscars.com/about.html#contrib,https://www.racingsportscars.com/make/photo/Opel.html,https://www.racingsportscars.com/type/photo/Opel/Corsa.html,NA,https://www.racingsportscars.com/suffix/photo/Opel/Corsa/Sport.html
2007,270,BMW 330d - BMW TDi,152,S2,Renngemeinschaft Berg. Gladbach e.V.,Closed bodywork,Front-engined,Thomas Haider (D)/Rainer Kutsch/Marc Hiltscher (D)/Jutta Kleinschmidt (D),NA,white,Michelin,NA,NA,BMW,330d,NA,NA,Result: 152nd (55 laps behind the winner)Grid: 87th (10:19.7690) - 89th fastest qualifier,152nd (55 laps behind the winner)Grid: 87th (10:19.7690) - 89th fastest qualifier,finished,87,10:19.7690,55 laps behind the winner,NA,https://www.racingsportscars.com/images/car_no_photo.png,https://www.racingsportscars.com/about.html#contrib,https://www.racingsportscars.com/make/photo/BMW.html,https://www.racingsportscars.com/type/photo/BMW/330d.html,NA,NA
2007,167,Suzuki Swift GTi R # - Suzuki,153,SP1,,-,-,Jürgen Bussmann (D)/Izumi Yoshida (J)/Akihiko Fujioka/Hiroyuki Kishimoto (J),NA,pink,NA,27/10/2017,Fabrice Bergenhuizen,Suzuki,Swift,#,GTi R,Result: 153rd (55 laps behind the winner)Grid: 207th (11:35.1270) - 214th fastest qualifier,153rd (55 laps behind the winner)Grid: 207th (11:35.1270) - 214th fastest qualifier,finished,207,11:35.1270,55 laps behind the winner,NA,https://www.racingsportscars.com/tn/photo/2007/TN_Nurburgring-2007-06-10-167.jpg,https://www.racingsportscars.com/photo/2007/Nurburgring-2007-06-10-167.jpg,https://www.racingsportscars.com/make/photo/Suzuki.html,https://www.racingsportscars.com/type/photo/Suzuki/Swift.html,https://www.racingsportscars.com/chassis/photo/Swift-Tschornia%23.html,https://www.racingsportscars.com/suffix/photo/Suzuki/Swift/GTi%20R.html
2007,106,Seat León Supercopa - Seat,154,SP3T,MS Racing,-,-,Martin Tschornia (D)/Nicki Thiim (DK)/Florian Stoll (D)/Paul Hunsperger,Taxofit,grey/white,Yokohama,NA,NA,Seat,León,NA,Supercopa,Result: 154th (56 laps behind the winner)Grid: 60th (10:01.8340) - 62nd fastest qualifier,154th (56 laps behind the winner)Grid: 60th (10:01.8340) - 62nd fastest qualifier,finished,60,10:01.8340,56 laps behind the winner,NA,https://www.racingsportscars.com/images/car_no_photo.png,https://www.racingsportscars.com/about.html#contrib,https://www.racingsportscars.com/make/photo/Seat.html,https://www.racingsportscars.com/type/photo/Seat/Le%c3%b3n.html,NA,https://www.racingsportscars.com/suffix/photo/Seat/Le%c3%b3n/Supercopa.html
2007,127,Honda S2000 - Honda,155,SP3,,-,-,Walter Nawotka (D)/Gerd Grundmann,NA,yellow/red,NA,NA,NA,Honda,S2000,NA,NA,Result: 155th (56 laps behind the winner)Grid: 137th (10:45.3540) - 140th fastest qualifier,155th (56 laps behind the winner)Grid: 137th (10:45.3540) - 140th fastest qualifier,finished,137,10:45.3540,56 laps behind the winner,NA,https://www.racingsportscars.com/images/car_no_photo.png,https://www.racingsportscars.com/about.html#contrib,https://www.racingsportscars.com/make/photo/Honda.html,https://www.racingsportscars.com/type/photo/Honda/S2000.html,NA,NA
2007,272,Volvo HS4 - Volvo,156,S2,,-,-,Patrick Brenndörfer (D)/Martin Müller (D)/Frank Eickholt (D),NA,blue,Toyo,NA,NA,Volvo,HS4,NA,NA,Result: 156th (56 laps behind the winner)Grid: 66th (10:09.1360) - 68th fastest qualifier,156th (56 laps behind the winner)Grid: 66th (10:09.1360) - 68th fastest qualifier,finished,66,10:09.1360,56 laps behind the winner,NA,https://www.racingsportscars.com/images/car_no_photo.png,https://www.racingsportscars.com/about.html#contrib,https://www.racingsportscars.com/make/photo/Volvo.html,https://www.racingsportscars.com/type/photo/Volvo/HS4.html,NA,NA
2007,101,VW Golf V - VW,NA,SP3T,Volkswagen Motorsport,Closed bodywork,Front-engined,Ulrich Hackenberg/Dieter Depping (D)/François Verbist (B)/Bernd Ostmann (D),NA,silver,Michelin,NA,NA,VW,Golf,NA,V,Result: did not finishGrid: 58th (10:01.1140) - 60th fastest qualifier,did not finishGrid: 58th (10:01.1140) - 60th fastest qualifier,not_finished,58,10:01.1140,NA,10:01.1140,https://www.racingsportscars.com/images/car_no_photo.png,https://www.racingsportscars.com/about.html#contrib,https://www.racingsportscars.com/make/photo/VW.html,https://www.racingsportscars.com/type/photo/VW/Golf.html,NA,https://www.racingsportscars.com/suffix/photo/VW/Golf/V.html
2007,83,Audi A3 Turbo - Audi,NA,SP4-5,,-,-,Franz Rohr (D)/Gunnar Dackevall/Gerhard Ludwig (D)/Michael Zehe (D),NA,blue/yellow,NA,NA,NA,Audi,A3,NA,Turbo,Result: did not finishGrid: 100th (10:23.8040) - 102nd fastest qualifier,did not finishGrid: 100th (10:23.8040) - 102nd fastest qualifier,not_finished,100,10:23.8040,NA,10:23.8040,https://www.racingsportscars.com/images/car_no_photo.png,https://www.racingsportscars.com/about.html#contrib,https://www.racingsportscars.com/make/photo/Audi.html,https://www.racingsportscars.com/type/photo/Audi/A3.html,NA,https://www.racingsportscars.com/suffix/photo/Audi/A3/Turbo.html
2007,229,Honda Civic Type R - Honda,NA,SP Cup,,-,-,Peter Rikli (CH)/Jean-Francois Stoeckli/Andreas Weiland (D)/Ralph-Peter Rink (D),NA,red,BF Goodrich,NA,NA,Honda,Civic,NA,Type R,Result: did not finishGrid: 138th (10:45.4150) - 141st fastest qualifier,did not finishGrid: 138th (10:45.4150) - 141st fastest qualifier,not_finished,138,10:45.4150,NA,10:45.4150,https://www.racingsportscars.com/images/car_no_photo.png,https://www.racingsportscars.com/about.html#contrib,https://www.racingsportscars.com/make/photo/Honda.html,https://www.racingsportscars.com/type/photo/Honda/Civic.html,NA,https://www.racingsportscars.com/suffix/photo/Honda/Civic/Type%20R.html
2007,104,Opel Astra GTC - Opel,NA,SP3T,Kissling Motorsport,-,-,Hannu Luostarinen (FIN)/Marcus Schurig/Jochen Übler (D)/Tom Nack (D),NA,orange/white,Dunlop,27/10/2017,Fabrice Bergenhuizen,Opel,Astra,NA,GTC,Result: did not finishGrid: 40th (9:46.9670) - 42nd fastest qualifier,did not finishGrid: 40th (9:46.9670) - 42nd fastest qualifier,not_finished,40,9:46.9670,NA,9:46.9670,https://www.racingsportscars.com/tn/photo/2007/TN_Nurburgring-2007-06-10-104.jpg,https://www.racingsportscars.com/photo/2007/Nurburgring-2007-06-10-104.jpg,https://www.racingsportscars.com/make/photo/Opel.html,https://www.racingsportscars.com/type/photo/Opel/Astra.html,NA,https://www.racingsportscars.com/suffix/photo/Opel/Astra/GTC.html
2007,228,Honda Civic Type R - Honda,NA,SP Cup,,-,-,Michael Ecker/Wilfried Schmitz (D)/Marcel Engels (B)/Kim Berwanger (D),NA,red/yellow,BF Goodrich,NA,NA,Honda,Civic,NA,Type R,Result: did not finishGrid: 122nd (10:35.6100) - 124th fastest qualifier,did not finishGrid: 122nd (10:35.6100) - 124th fastest qualifier,not_finished,122,10:35.6100,NA,10:35.6100,https://www.racingsportscars.com/images/car_no_photo.png,https://www.racingsportscars.com/about.html#contrib,https://www.racingsportscars.com/make/photo/Honda.html,https://www.racingsportscars.com/type/photo/Honda/Civic.html,NA,https://www.racingsportscars.com/suffix/photo/Honda/Civic/Type%20R.html
2007,266,VW Golf V TDi Kit Car - VW,NA,S1,H & R Spezialfedern,Closed bodywork,Front-engined,Kai Jordan (D)/Ralph Bohnhorst/Andreas Waldherr/Mario Merten (D),NA,silver,NA,NA,NA,VW,Golf,NA,V TDi Kit Car,Result: did not finishGrid: 80th (10:18.5140) - 82nd fastest qualifier,did not finishGrid: 80th (10:18.5140) - 82nd fastest qualifier,not_finished,80,10:18.5140,NA,10:18.5140,https://www.racingsportscars.com/images/car_no_photo.png,https://www.racingsportscars.com/about.html#contrib,https://www.racingsportscars.com/make/photo/VW.html,https://www.racingsportscars.com/type/photo/VW/Golf.html,NA,https://www.racingsportscars.com/suffix/photo/VW/Golf/V%20TDi%20Kit%20Car.html
2007,27,Porsche 996 - Porsche,NA,SP7,,Closed bodywork,Rear-engined,Shaun Juniper (AUS)/Max Twigg (AUS)/John Teulan (AUS)/Paul Kelly (NZ),V.I.P. Petfoods,black,Michelin,27/10/2017,Fabrice Bergenhuizen,Porsche,996,NA,NA,Result: did not finishGrid: 59th (10:01.4520) - 61st fastest qualifier,did not finishGrid: 59th (10:01.4520) - 61st fastest qualifier,not_finished,59,10:01.4520,NA,10:01.4520,https://www.racingsportscars.com/tn/photo/2007/TN_Nurburgring-2007-06-10-027.jpg,https://www.racingsportscars.com/photo/2007/Nurburgring-2007-06-10-027.jpg,https://www.racingsportscars.com/make/photo/Porsche.html,https://www.racingsportscars.com/type/photo/Porsche/996.html,NA,NA
2007,7,Aston Martin DBRS9 #8 - Aston Martin N/A,NA,SP8,Phoenix Racing / Aston Martin Austria,Closed bodywork,Front-engined,/Klaus Ludwig (D)/Marcel Fässler (CH)/Sascha Bert (D),NA,black/red,Michelin,27/10/2017,Fabrice Bergenhuizen,Aston Martin,DBRS9,#8,NA,Result: did not finishGrid: 4th (8:46.0520),did not finishGrid: 4th (8:46.0520),not_finished,4,8:46.0520,NA,8:46.0520,https://www.racingsportscars.com/tn/photo/2007/TN_Nurburgring-2007-06-10-00007.jpg,https://www.racingsportscars.com/photo/2007/Nurburgring-2007-06-10-00007.jpg,https://www.racingsportscars.com/make/photo/Aston%20Martin.html,https://www.racingsportscars.com/type/photo/Aston%20Martin/DBRS9.html,https://www.racingsportscars.com/chassis/photo/DBRS9__8.html,NA
2007,24,Porsche 997 GT3 RS - Porsche F6 4v DOHC N/A,NA,SP7,steam-racing GmbH,Closed bodywork,Rear-engined,Markus Lungstrass (D)/Johannes Siegler (D)/Stephan Dröger/Miro Konôpka (SK),T-Systems,white/blue,Michelin,NA,NA,Porsche,997 GT3 RS,NA,NA,Result: did not finishGrid: 22nd (9:28.7350) - 23rd fastest qualifier,did not finishGrid: 22nd (9:28.7350) - 23rd fastest qualifier,not_finished,22,9:28.7350,NA,9:28.7350,https://www.racingsportscars.com/images/car_no_photo.png,https://www.racingsportscars.com/about.html#contrib,https://www.racingsportscars.com/make/photo/Porsche.html,https://www.racingsportscars.com/type/photo/Porsche/997%20GT3%20RS.html,NA,NA
2007,132,VW Golf III Kit Car - VW,NA,SP3,,Closed bodywork,Front-engined,Andreas Dingert (D)/Rüdiger Bernhard/Reiner Zimmermann,NA,silver/yellow,NA,NA,NA,VW,Golf,NA,III Kit Car,Result: did not finishGrid: 150th (10:51.3300) - 154th fastest qualifier,did not finishGrid: 150th (10:51.3300) - 154th fastest qualifier,not_finished,150,10:51.3300,NA,10:51.3300,https://www.racingsportscars.com/images/car_no_photo.png,https://www.racingsportscars.com/about.html#contrib,https://www.racingsportscars.com/make/photo/VW.html,https://www.racingsportscars.com/type/photo/VW/Golf.html,NA,https://www.racingsportscars.com/suffix/photo/VW/Golf/III%20Kit%20Car.html
2007,160,Ford Fiesta - Ford N/A,NA,SP2,Team Lauderbach Motorsport,Closed bodywork,Front-engined,Ralf Martin (D)/Moritz Bahlsen/Christian Haarmann/Christian Kosbu,NA,black/white,Yokohama,27/10/2017,Fabrice Bergenhuizen,Ford,Fiesta,NA,NA,Result: did not finishGrid: 125th (10:37.2950) - 127th fastest qualifier,did not finishGrid: 125th (10:37.2950) - 127th fastest qualifier,not_finished,125,10:37.2950,NA,10:37.2950,https://www.racingsportscars.com/tn/photo/2007/TN_Nurburgring-2007-06-10-160.jpg,https://www.racingsportscars.com/photo/2007/Nurburgring-2007-06-10-160.jpg,https://www.racingsportscars.com/make/photo/Ford.html,https://www.racingsportscars.com/type/photo/Ford/Fiesta.html,NA,NA
2007,124,Renault Clio RS - Renault,NA,SP3,,Closed bodywork,Front-engined,Massimiliano Milli (I)/Umberto Nacamuli (I)/Luigi Emiliani (I),NA,black/red,NA,NA,NA,Renault,Clio,NA,RS,Result: did not finishGrid: 200th (11:28.7300) - 207th fastest qualifier,did not finishGrid: 200th (11:28.7300) - 207th fastest qualifier,not_finished,200,11:28.7300,NA,11:28.7300,https://www.racingsportscars.com/images/car_no_photo.png,https://www.racingsportscars.com/about.html#contrib,https://www.racingsportscars.com/make/photo/Renault.html,https://www.racingsportscars.com/type/photo/Renault/Clio.html,NA,https://www.racingsportscars.com/suffix/photo/Renault/Clio/RS.html
2007,65,Nissan 350Z - Nissan,NA,SP6,RJN Motorsport,Closed bodywork,Front-engined,Kurt Thiim (DK)/Nicole Lüttecke (D)/Holger Eckhardt (D)/Tim Schrick (D),Nissan,white,NA,NA,NA,Nissan,350Z,NA,NA,Result: did not finishGrid: 28th (9:34.7620) - 29th fastest qualifier,did not finishGrid: 28th (9:34.7620) - 29th fastest qualifier,not_finished,28,9:34.7620,NA,9:34.7620,https://www.racingsportscars.com/images/car_no_photo.png,https://www.racingsportscars.com/about.html#contrib,https://www.racingsportscars.com/make/photo/Nissan.html,https://www.racingsportscars.com/type/photo/Nissan/350Z.html,NA,NA
2007,112,Honda Accord Euro R - Honda,NA,SP3,,-,-,Cyril Kalbassi (D)/Oluf Bendixen/Fabian Ottmann/Patrik Ponec,Honda,white/red,NA,NA,NA,Honda,Accord,NA,Euro R,Result: did not finishGrid: 75th (10:16.5300) - 77th fastest qualifier,did not finishGrid: 75th (10:16.5300) - 77th fastest qualifier,not_finished,75,10:16.5300,NA,10:16.5300,https://www.racingsportscars.com/images/car_no_photo.png,https://www.racingsportscars.com/about.html#contrib,https://www.racingsportscars.com/make/photo/Honda.html,https://www.racingsportscars.com/type/photo/Honda/Accord.html,NA,https://www.racingsportscars.com/suffix/photo/Honda/Accord/Euro%20R.html
2007,38,Porsche 997 - Porsche,NA,SP7,,Closed bodywork,Rear-engined,Chris Copper (GB)/Guy Spurr (GB)/Chris Harris (GB),NA,red,NA,NA,NA,Porsche,997,NA,NA,Result: did not finishGrid: 23rd (9:30.7560) - 24th fastest qualifier,did not finishGrid: 23rd (9:30.7560) - 24th fastest qualifier,not_finished,23,9:30.7560,NA,9:30.7560,https://www.racingsportscars.com/images/car_no_photo.png,https://www.racingsportscars.com/about.html#contrib,https://www.racingsportscars.com/make/photo/Porsche.html,https://www.racingsportscars.com/type/photo/Porsche/997.html,NA,NA
2007,51,BMW M3 E46 - BMW,NA,SP6,,Closed bodywork,Front-engined,Willie Moore (GB)/Rupert Douglas-Pennant/Nick Jacobs,NA,blue/pink,NA,NA,NA,BMW,M3,NA,E46,Result: did not finishGrid: 31st (9:36.4590) - 33rd fastest qualifier,did not finishGrid: 31st (9:36.4590) - 33rd fastest qualifier,not_finished,31,9:36.4590,NA,9:36.4590,https://www.racingsportscars.com/images/car_no_photo.png,https://www.racingsportscars.com/about.html#contrib,https://www.racingsportscars.com/make/photo/BMW.html,https://www.racingsportscars.com/type/photo/BMW/M3.html,NA,https://www.racingsportscars.com/suffix/photo/BMW/M3/E46.html
2007,211,BMW 130i E87 - BMW N/A,NA,V5,,-,Front-engined,Peter Posavac (D)/Jürgen Steiner/Jürgen Dinstühler (D),M-Club,white,NA,NA,NA,BMW,130i,NA,E87,Result: did not finishGrid: 127th (10:38.8710) - 129th fastest qualifier,did not finishGrid: 127th (10:38.8710) - 129th fastest qualifier,not_finished,127,10:38.8710,NA,10:38.8710,https://www.racingsportscars.com/images/car_no_photo.png,https://www.racingsportscars.com/about.html#contrib,https://www.racingsportscars.com/make/photo/BMW.html,https://www.racingsportscars.com/type/photo/BMW/130i.html,NA,https://www.racingsportscars.com/suffix/photo/BMW/130i/E87.html
2007,235,Honda Civic Type R - Honda,NA,SP Cup,Fuchs-Personal-Team-Nett,-,-,Jürgen Nett (D)/Rolf Schütz/Thomas Reuter,NA,blue/yellow,BF Goodrich,NA,NA,Honda,Civic,NA,Type R,Result: did not finishGrid: 114th (10:33.3350) - 116th fastest qualifier,did not finishGrid: 114th (10:33.3350) - 116th fastest qualifier,not_finished,114,10:33.3350,NA,10:33.3350,https://www.racingsportscars.com/images/car_no_photo.png,https://www.racingsportscars.com/about.html#contrib,https://www.racingsportscars.com/make/photo/Honda.html,https://www.racingsportscars.com/type/photo/Honda/Civic.html,NA,https://www.racingsportscars.com/suffix/photo/Honda/Civic/Type%20R.html
2007,40,Porsche 997 GT3 - Porsche,NA,SP7,Matador Rennsport-Team Deutschland,Closed bodywork,Rear-engined,Alex Roloff (D)/Dominik Schwager (D)/Jan-Erik Slooten (D)/Peter Scharmach (D),Matador,white/red/orange,NA,27/10/2017,Fabrice Bergenhuizen,Porsche,997 GT3,NA,NA,Result: did not finishGrid: 14th (9:11.3760) - 15th fastest qualifier,did not finishGrid: 14th (9:11.3760) - 15th fastest qualifier,not_finished,14,9:11.3760,NA,9:11.3760,https://www.racingsportscars.com/tn/photo/2007/TN_Nurburgring-2007-06-10-040.jpg,https://www.racingsportscars.com/photo/2007/Nurburgring-2007-06-10-040.jpg,https://www.racingsportscars.com/make/photo/Porsche.html,https://www.racingsportscars.com/type/photo/Porsche/997%20GT3.html,NA,NA
2007,55,Mitsubishi Lancer Evo VIII - Mitsubishi,NA,SP6,,-,-,Elmar Deegener (D)/Jürgen Wohlfahrt (D)/Christoph Breuer (D)/Joachim Kiesch (D),Keiper/Recaro,black,Dunlop,NA,NA,Mitsubishi,Lancer,NA,Evo VIII,Result: did not finishGrid: 34th (9:39.9350) - 36th fastest qualifier,did not finishGrid: 34th (9:39.9350) - 36th fastest qualifier,not_finished,34,9:39.9350,NA,9:39.9350,https://www.racingsportscars.com/images/car_no_photo.png,https://www.racingsportscars.com/about.html#contrib,https://www.racingsportscars.com/make/photo/Mitsubishi.html,https://www.racingsportscars.com/type/photo/Mitsubishi/Lancer.html,NA,https://www.racingsportscars.com/suffix/photo/Mitsubishi/Lancer/Evo%20VIII.html
2007,98,Toyota MR-2 Turbo - Toyota,NA,SP3T,,-,-,Gerhard Ludwig (D)/Thomas Wiedenmeier/Karsten French/Franz-Xaver Rohr,NA,orange/black,NA,NA,NA,Toyota,MR-2,NA,Turbo,Result: did not finishGrid: 44th (9:48.6640) - 46th fastest qualifier,did not finishGrid: 44th (9:48.6640) - 46th fastest qualifier,not_finished,44,9:48.6640,NA,9:48.6640,https://www.racingsportscars.com/images/car_no_photo.png,https://www.racingsportscars.com/about.html#contrib,https://www.racingsportscars.com/make/photo/Toyota.html,https://www.racingsportscars.com/type/photo/Toyota/MR-2.html,NA,https://www.racingsportscars.com/suffix/photo/Toyota/MR-2/Turbo.html
2007,42,Porsche 996 GT3 Cup - Porsche F6 4v DOHC N/A,NA,SP7,,Closed bodywork,Rear-engined,Stefan Kohlstrung (D)/Nicolai Wahl/Wolfgang Drabiniok (D)/Winfried Bär,NA,silver/orange,NA,27/10/2017,Fabrice Bergenhuizen,Porsche,996 GT3 Cup,NA,NA,Result: did not finishGrid: 56th (10:00.3890) - 58th fastest qualifier,did not finishGrid: 56th (10:00.3890) - 58th fastest qualifier,not_finished,56,10:00.3890,NA,10:00.3890,https://www.racingsportscars.com/tn/photo/2007/TN_Nurburgring-2007-06-10-042.jpg,https://www.racingsportscars.com/photo/2007/Nurburgring-2007-06-10-042.jpg,https://www.racingsportscars.com/make/photo/Porsche.html,https://www.racingsportscars.com/type/photo/Porsche/996%20GT3%20Cup.html,NA,NA
2007,205,BMW 325i E36 - BMW,NA,V3-V4,,-,-,Thomas Kleinwächte/Marc Walz (D)/Horst Lars Müller,NA,red/orange,NA,NA,NA,BMW,325i,NA,E36,Result: did not finishGrid: 165th (11:03.4880) - 171st fastest qualifier,did not finishGrid: 165th (11:03.4880) - 171st fastest qualifier,not_finished,165,11:03.4880,NA,11:03.4880,https://www.racingsportscars.com/images/car_no_photo.png,https://www.racingsportscars.com/about.html#contrib,https://www.racingsportscars.com/make/photo/BMW.html,https://www.racingsportscars.com/type/photo/BMW/325i.html,NA,https://www.racingsportscars.com/suffix/photo/BMW/325i/E36.html
2007,181,Honda Civic 1.8 - Honda,NA,V2,H & R Spezialfedern GmbH,-,-,Joachim Steidel (D)/Hisanao Kurata (J)/Jochen Werner/Carola Esser-Feyen,NA,green,NA,27/10/2017,Fabrice Bergenhuizen,Honda,Civic,NA,1.8,Result: did not finishGrid: 199th (11:28.4449) - 206th fastest qualifier,did not finishGrid: 199th (11:28.4449) - 206th fastest qualifier,not_finished,199,11:28.4449,NA,11:28.4449,https://www.racingsportscars.com/tn/photo/2007/TN_Nurburgring-2007-06-10-181.jpg,https://www.racingsportscars.com/photo/2007/Nurburgring-2007-06-10-181.jpg,https://www.racingsportscars.com/make/photo/Honda.html,https://www.racingsportscars.com/type/photo/Honda/Civic.html,NA,https://www.racingsportscars.com/suffix/photo/Honda/Civic/1.8.html
2007,135,VW Golf III 16V - VW L4 4v N/A,NA,SP3,,Closed bodywork,Front-engined,Sven Kurtenbach (D)/Stefan Hübenthal/Michael Nolte/Wolfgang Hönscheid,NA,red,NA,NA,NA,VW,Golf,NA,III 16V,Result: did not finishGrid: 148th (10:50.2980) - 152nd fastest qualifier,did not finishGrid: 148th (10:50.2980) - 152nd fastest qualifier,not_finished,148,10:50.2980,NA,10:50.2980,https://www.racingsportscars.com/images/car_no_photo.png,https://www.racingsportscars.com/about.html#contrib,https://www.racingsportscars.com/make/photo/VW.html,https://www.racingsportscars.com/type/photo/VW/Golf.html,NA,https://www.racingsportscars.com/suffix/photo/VW/Golf/III%2016V.html
2007,68,BMW M3 E46 - BMW,NA,SP6,,Closed bodywork,Front-engined,Marco Schelp (D)/Arnaud Peyroles (F)/Jean Baptiste Chretien/Frank Kräling (D),NA,white/silver,NA,27/10/2017,Fabrice Bergenhuizen,BMW,M3,NA,E46,Result: did not finishGrid: 42nd (9:47.6580) - 44th fastest qualifier,did not finishGrid: 42nd (9:47.6580) - 44th fastest qualifier,not_finished,42,9:47.6580,NA,9:47.6580,https://www.racingsportscars.com/tn/photo/2007/TN_Nurburgring-2007-06-10-068.jpg,https://www.racingsportscars.com/photo/2007/Nurburgring-2007-06-10-068.jpg,https://www.racingsportscars.com/make/photo/BMW.html,https://www.racingsportscars.com/type/photo/BMW/M3.html,NA,https://www.racingsportscars.com/suffix/photo/BMW/M3/E46.html
2007,201,BMW 325i - BMW,NA,V3-V4,,-,-,Herbert Scheuermann/Torsten Kratz (D)/Holger Knudsen (DK)/Thomas Mundorf,NA,white/black,Dunlop,NA,NA,BMW,325i,NA,NA,Result: did not finishGrid: 143rd (10:48.5800) - 146th fastest qualifier,did not finishGrid: 143rd (10:48.5800) - 146th fastest qualifier,not_finished,143,10:48.5800,NA,10:48.5800,https://www.racingsportscars.com/images/car_no_photo.png,https://www.racingsportscars.com/about.html#contrib,https://www.racingsportscars.com/make/photo/BMW.html,https://www.racingsportscars.com/type/photo/BMW/325i.html,NA,NA
2007,114,Renault Clio III Sport - Renault,NA,SP3,,Closed bodywork,Front-engined,Christian Benz/Stefan Benz,NA,yellow/white/orange,NA,NA,NA,Renault,Clio,NA,III Sport,Result: did not finishGrid: 104th (10:28.0280) - 106th fastest qualifier,did not finishGrid: 104th (10:28.0280) - 106th fastest qualifier,not_finished,104,10:28.0280,NA,10:28.0280,https://www.racingsportscars.com/images/car_no_photo.png,https://www.racingsportscars.com/about.html#contrib,https://www.racingsportscars.com/make/photo/Renault.html,https://www.racingsportscars.com/type/photo/Renault/Clio.html,NA,https://www.racingsportscars.com/suffix/photo/Renault/Clio/III%20Sport.html
2007,131,Ford Puma - Ford,NA,SP3,,-,-,Frank Allendorf/Alexander Wetzlich/Thomas Sluis (D)/Clemens Pictzkowski,NA,black/orange,Dunlop,NA,NA,Ford,Puma,NA,NA,Result: did not finishGrid: 206th (11:32.5730) - 213th fastest qualifier,did not finishGrid: 206th (11:32.5730) - 213th fastest qualifier,not_finished,206,11:32.5730,NA,11:32.5730,https://www.racingsportscars.com/images/car_no_photo.png,https://www.racingsportscars.com/about.html#contrib,https://www.racingsportscars.com/make/photo/Ford.html,https://www.racingsportscars.com/type/photo/Ford/Puma.html,NA,NA
2007,123,Renault Clio RS - Renault,NA,SP3,,Closed bodywork,Front-engined,Massimiliano Papi/Francesco Ragozzino (I)/Alexander Bolognesi/Sergio Negroni (I),Dalton,white/blue,NA,NA,NA,Renault,Clio,NA,RS,Result: did not finishGrid: 162nd (11:01.8290) - 167th fastest qualifier,did not finishGrid: 162nd (11:01.8290) - 167th fastest qualifier,not_finished,162,11:01.8290,NA,11:01.8290,https://www.racingsportscars.com/images/car_no_photo.png,https://www.racingsportscars.com/about.html#contrib,https://www.racingsportscars.com/make/photo/Renault.html,https://www.racingsportscars.com/type/photo/Renault/Clio.html,NA,https://www.racingsportscars.com/suffix/photo/Renault/Clio/RS.html
2007,203,Honda Accord - Honda,NA,V3-V4,,-,-,Christer Hallgren/Meyrick Cox (GB)/Anthony Coxon/Myles Packman,NA,black,NA,NA,NA,Honda,Accord,NA,NA,Result: did not finishGrid: 172nd (11:05.6470) - 178th fastest qualifier,did not finishGrid: 172nd (11:05.6470) - 178th fastest qualifier,not_finished,172,11:05.6470,NA,11:05.6470,https://www.racingsportscars.com/images/car_no_photo.png,https://www.racingsportscars.com/about.html#contrib,https://www.racingsportscars.com/make/photo/Honda.html,https://www.racingsportscars.com/type/photo/Honda/Accord.html,NA,NA
2007,165,Suzuki Swift EA - Suzuki,NA,SP1,,-,-,Karl-Heinz Teichmann (D)/Michael Schneider (D)/Peter Kreuer,NA,red,NA,NA,NA,Suzuki,Swift,NA,EA,Result: did not finishGrid: 196th (11:25.8540) - 203rd fastest qualifier,did not finishGrid: 196th (11:25.8540) - 203rd fastest qualifier,not_finished,196,11:25.8540,NA,11:25.8540,https://www.racingsportscars.com/images/car_no_photo.png,https://www.racingsportscars.com/about.html#contrib,https://www.racingsportscars.com/make/photo/Suzuki.html,https://www.racingsportscars.com/type/photo/Suzuki/Swift.html,NA,https://www.racingsportscars.com/suffix/photo/Suzuki/Swift/EA.html
2007,14,Porsche 997 GT3 #WP0ZZZ99Z5S798009 - Porsche F6 4v DOHC N/A,NA,SP7,Manthey Racing GmbH,Closed bodywork,Rear-engined,Sabine Schmitz (D)/Klaus Abbelen (D)/Edgar Althoff (D),Yokohama,white/Blue/red,Yokohama,27/10/2017,Fabrice Bergenhuizen,Porsche,997 GT3,#WP0ZZZ99Z5S798009,NA,Result: did not finishGrid: 11th (9:08.7010) - 12th fastest qualifier,did not finishGrid: 11th (9:08.7010) - 12th fastest qualifier,not_finished,11,9:08.7010,NA,9:08.7010,https://www.racingsportscars.com/tn/photo/2007/TN_Nurburgring-2007-06-10-014.jpg,https://www.racingsportscars.com/photo/2007/Nurburgring-2007-06-10-014.jpg,https://www.racingsportscars.com/make/photo/Porsche.html,https://www.racingsportscars.com/type/photo/Porsche/997%20GT3.html,https://www.racingsportscars.com/chassis/photo/WP0ZZZ99Z5S798009.html,NA
2007,41,Porsche 964 Carrera RS - Porsche F6 2v SOHC N/A,NA,SP7,Scuderia Colonia e.V.,Closed bodywork,Rear-engined,Hans Peter Richrath (D)/Ralf Schnitzler/Matthias Wasel (D)/Georges Kuhn,NA,white,NA,NA,NA,Porsche,964 Carrera,NA,RS,Result: did not finishGrid: 115th (10:33.7531) - 117th fastest qualifier,did not finishGrid: 115th (10:33.7531) - 117th fastest qualifier,not_finished,115,10:33.7531,NA,10:33.7531,https://www.racingsportscars.com/images/car_no_photo.png,https://www.racingsportscars.com/about.html#contrib,https://www.racingsportscars.com/make/photo/Porsche.html,https://www.racingsportscars.com/type/photo/Porsche/964%20Carrera.html,NA,https://www.racingsportscars.com/suffix/photo/Porsche/964%20Carrera/RS.html
2007,209,BMW M3 - BMW,NA,V5,,Closed bodywork,Front-engined,David Ackermann (D)/Lutz Wolzenburg/Friedrich Ungnadner/Axel Duffner (D),NA,red,NA,NA,NA,BMW,M3,NA,NA,Result: did not finishGrid: 134th (10:44.0330) - 137th fastest qualifier,did not finishGrid: 134th (10:44.0330) - 137th fastest qualifier,not_finished,134,10:44.0330,NA,10:44.0330,https://www.racingsportscars.com/images/car_no_photo.png,https://www.racingsportscars.com/about.html#contrib,https://www.racingsportscars.com/make/photo/BMW.html,https://www.racingsportscars.com/type/photo/BMW/M3.html,NA,NA
2007,251,Alfa Romeo GT - Alfa Romeo,NA,S1,,-,-,Werner Habermehl/Dietrich Hueck (D)/Martin Richter/Elton Goonan,NA,red,Kumho,NA,NA,Alfa Romeo,GT,NA,NA,Result: did not finishGrid: 129th (10:40.9810) - 132nd fastest qualifier,did not finishGrid: 129th (10:40.9810) - 132nd fastest qualifier,not_finished,129,10:40.9810,NA,10:40.9810,https://www.racingsportscars.com/images/car_no_photo.png,https://www.racingsportscars.com/about.html#contrib,https://www.racingsportscars.com/make/photo/Alfa%20Romeo.html,https://www.racingsportscars.com/type/photo/Alfa%20Romeo/GT.html,NA,NA
2007,227,Honda Civic Type R - Honda,NA,SP Cup,,-,-,Daniela Schmid (A)/Anja Wassertheurer (D)/Friederike Moritz,NA,red/white,BF Goodrich,NA,NA,Honda,Civic,NA,Type R,Result: did not finishGrid: 141st (10:47.8879) - 144th fastest qualifier,did not finishGrid: 141st (10:47.8879) - 144th fastest qualifier,not_finished,141,10:47.8879,NA,10:47.8879,https://www.racingsportscars.com/images/car_no_photo.png,https://www.racingsportscars.com/about.html#contrib,https://www.racingsportscars.com/make/photo/Honda.html,https://www.racingsportscars.com/type/photo/Honda/Civic.html,NA,https://www.racingsportscars.com/suffix/photo/Honda/Civic/Type%20R.html
2007,277,BMW 335d # - BMW,NA,S2,,-,-,Heribert Steiner (D)/Alexander Trojan/Dieter Lindenbaum (D)/Victor Smolski (D),NA,green/white,NA,NA,NA,BMW,335d,#,NA,Result: did not finishGrid: 84th (10:19.2100) - 86th fastest qualifier,did not finishGrid: 84th (10:19.2100) - 86th fastest qualifier,not_finished,84,10:19.2100,NA,10:19.2100,https://www.racingsportscars.com/images/car_no_photo.png,https://www.racingsportscars.com/about.html#contrib,https://www.racingsportscars.com/make/photo/BMW.html,https://www.racingsportscars.com/type/photo/BMW/335d.html,https://www.racingsportscars.com/chassis/photo/335d-Steiner%23.html,NA
2007,125,VW Golf III GTI 16V - VW L4 4v N/A,NA,SP3,Fun Motorsports,Closed bodywork,Front-engined,Armin Holz (D)/Joachim Müller/Lars Döhmann,NA,yellow/blue,NA,NA,NA,VW,Golf,NA,III GTI 16V,Result: did not finishGrid: 147th (10:50.2200) - 151st fastest qualifier,did not finishGrid: 147th (10:50.2200) - 151st fastest qualifier,not_finished,147,10:50.2200,NA,10:50.2200,https://www.racingsportscars.com/images/car_no_photo.png,https://www.racingsportscars.com/about.html#contrib,https://www.racingsportscars.com/make/photo/VW.html,https://www.racingsportscars.com/type/photo/VW/Golf.html,NA,https://www.racingsportscars.com/suffix/photo/VW/Golf/III%20GTI%2016V.html
2007,18,Lamborghini Gallardo - Lamborghini,NA,SP8,,Closed bodywork,Mid-engined,Hermann Tilke (D)/Dirk Adorf (D)/Peter Oberndorfer (D)/Markus Großmann (D),Osram,white/orange,Dunlop,27/10/2017,Fabrice Bergenhuizen,Lamborghini,Gallardo,NA,NA,Result: did not finishGrid: 8th (8:53.4190),did not finishGrid: 8th (8:53.4190),not_finished,8,8:53.4190,NA,8:53.4190,https://www.racingsportscars.com/tn/photo/2007/TN_Nurburgring-2007-06-10-018.jpg,https://www.racingsportscars.com/photo/2007/Nurburgring-2007-06-10-018.jpg,https://www.racingsportscars.com/make/photo/Lamborghini.html,https://www.racingsportscars.com/type/photo/Lamborghini/Gallardo.html,NA,NA
2007,61,Mercedes-Benz SLK Carlsson C3 # - Mercedes-Benz,NA,SP6,Carlsson Racing,-,-,Rainer Brückner/Ingvar Carlsson (S)/Vitaly Dudin/Vadim Kharlov,NA,black/blue,Dunlop,27/10/2017,Fabrice Bergenhuizen,Mercedes-Benz,SLK,#,Carlsson C3,Result: did not finishGrid: 41st (9:47.0920) - 43rd fastest qualifier,did not finishGrid: 41st (9:47.0920) - 43rd fastest qualifier,not_finished,41,9:47.0920,NA,9:47.0920,https://www.racingsportscars.com/tn/photo/2007/TN_Nurburgring-2007-06-10-061.jpg,https://www.racingsportscars.com/photo/2007/Nurburgring-2007-06-10-061.jpg,https://www.racingsportscars.com/make/photo/Mercedes-Benz.html,https://www.racingsportscars.com/type/photo/Mercedes-Benz/SLK.html,https://www.racingsportscars.com/chassis/photo/SLK-Carlsson%23.html,https://www.racingsportscars.com/suffix/photo/Mercedes-Benz/SLK/Carlsson%20C3.html
2007,39,Porsche 996 GT3-RS - Porsche,NA,SP7,Levin Racing,Closed bodywork,Rear-engined,Martin Morin/Carl Rydquist (S)/Ulf Mattsson/Peter Thelin,NA,blue/silver,Michelin,27/10/2017,Fabrice Bergenhuizen,Porsche,996 GT3-RS,NA,NA,Result: did not finishGrid: 17th (9:23.0510) - 18th fastest qualifier,did not finishGrid: 17th (9:23.0510) - 18th fastest qualifier,not_finished,17,9:23.0510,NA,9:23.0510,https://www.racingsportscars.com/tn/photo/2007/TN_Nurburgring-2007-06-10-039.jpg,https://www.racingsportscars.com/photo/2007/Nurburgring-2007-06-10-039.jpg,https://www.racingsportscars.com/make/photo/Porsche.html,https://www.racingsportscars.com/type/photo/Porsche/996%20GT3-RS.html,NA,NA
2007,17,Audi RS4 # - Audi,NA,SP8,,-,-,Christian Kohlhaas (D)/Sven Fisch/Dirk Riebensahm (D)/Giampaolo Tenchini (I),Emtec,black,Pirelli,27/10/2017,Fabrice Bergenhuizen,Audi,RS4,#,NA,Result: did not finishGrid: 47th (9:52.9010) - 49th fastest qualifier,did not finishGrid: 47th (9:52.9010) - 49th fastest qualifier,not_finished,47,9:52.9010,NA,9:52.9010,https://www.racingsportscars.com/tn/photo/2007/TN_Nurburgring-2007-06-10-017.jpg,https://www.racingsportscars.com/photo/2007/Nurburgring-2007-06-10-017.jpg,https://www.racingsportscars.com/make/photo/Audi.html,https://www.racingsportscars.com/type/photo/Audi/RS4.html,https://www.racingsportscars.com/chassis/photo/GLS404.html,NA
2007,254,Seat León 1.9 TDi - Seat,NA,S1,,-,-,Gerrie Willems/Ivo Breukers (NL)/Henk Thijssen (NL)/Ton Verkoelen,NA,yellow/blue,Toyo,NA,NA,Seat,León,NA,1.9 TDi,Result: did not finishGrid: 160th (10:59.3450) - 165th fastest qualifier,did not finishGrid: 160th (10:59.3450) - 165th fastest qualifier,not_finished,160,10:59.3450,NA,10:59.3450,https://www.racingsportscars.com/images/car_no_photo.png,https://www.racingsportscars.com/about.html#contrib,https://www.racingsportscars.com/make/photo/Seat.html,https://www.racingsportscars.com/type/photo/Seat/Le%c3%b3n.html,NA,https://www.racingsportscars.com/suffix/photo/Seat/Le%c3%b3n/1.9%20TDi.html
2007,174,Seat Ibiza - Seat,NA,V2,Team DMV,-,-,Michael Albertz/Manfred Beckers/Gerhard Erregger/Ralf Glatzel,H&R,red/blue,NA,NA,NA,Seat,Ibiza,NA,NA,Result: did not finishGrid: 219th (11:56.6331) - 226th fastest qualifier,did not finishGrid: 219th (11:56.6331) - 226th fastest qualifier,not_finished,219,11:56.6331,NA,11:56.6331,https://www.racingsportscars.com/images/car_no_photo.png,https://www.racingsportscars.com/about.html#contrib,https://www.racingsportscars.com/make/photo/Seat.html,https://www.racingsportscars.com/type/photo/Seat/Ibiza.html,NA,NA
2007,149,Ford Fiesta ST Cup - Ford N/A,NA,SP2,,Closed bodywork,Front-engined,Martin Kinzler/Klaus Ebbing/Ernst Berg (NL)/Klaus Werner (D),NA,white/red,Hankook,27/10/2017,Fabrice Bergenhuizen,Ford,Fiesta,NA,ST Cup,Result: did not finishGrid: 198th (11:28.0630) - 205th fastest qualifier,did not finishGrid: 198th (11:28.0630) - 205th fastest qualifier,not_finished,198,11:28.0630,NA,11:28.0630,https://www.racingsportscars.com/tn/photo/2007/TN_Nurburgring-2007-06-10-149.jpg,https://www.racingsportscars.com/photo/2007/Nurburgring-2007-06-10-149.jpg,https://www.racingsportscars.com/make/photo/Ford.html,https://www.racingsportscars.com/type/photo/Ford/Fiesta.html,NA,https://www.racingsportscars.com/suffix/photo/Ford/Fiesta/ST%20Cup.html
2007,30,Porsche 997 GT3 Cup - Porsche F6 4v DOHC N/A,NA,SP7,Mühlner Motorsport SPRL,Closed bodywork,Rear-engined,Heinz-Josef Bermes (D)/Jochen Krumbach (D)/Michael Schrey (D)/Tim Bergmeister (D),Krimskoye,white/red/black,NA,NA,NA,Porsche,997 GT3 Cup,NA,NA,Result: did not finishGrid: 19th (9:26.6330) - 20th fastest qualifier,did not finishGrid: 19th (9:26.6330) - 20th fastest qualifier,not_finished,19,9:26.6330,NA,9:26.6330,https://www.racingsportscars.com/images/car_no_photo.png,https://www.racingsportscars.com/about.html#contrib,https://www.racingsportscars.com/make/photo/Porsche.html,https://www.racingsportscars.com/type/photo/Porsche/997%20GT3%20Cup.html,NA,NA
2007,105,Seat León Supercopa - Seat,NA,SP3T,MS Racing (D),-,-,Manfred Siek/Harald Böttner/Johann Wanger (FL)/Robert Lommel,NA,silver/white,Yokohama,NA,NA,Seat,León,NA,Supercopa,Result: did not finishGrid: 126th (10:38.4740) - 128th fastest qualifier,did not finishGrid: 126th (10:38.4740) - 128th fastest qualifier,not_finished,126,10:38.4740,NA,10:38.4740,https://www.racingsportscars.com/images/car_no_photo.png,https://www.racingsportscars.com/about.html#contrib,https://www.racingsportscars.com/make/photo/Seat.html,https://www.racingsportscars.com/type/photo/Seat/Le%c3%b3n.html,NA,https://www.racingsportscars.com/suffix/photo/Seat/Le%c3%b3n/Supercopa.html
2007,103,Mazda RX-7 - Mazda,NA,SP3T,(GB),-,-,Giles Groombridge (GB)/Dave Ashford (GB)/James Baxter/Matthew West (GB),NA,red/white,NA,27/10/2017,Fabrice Bergenhuizen,Mazda,RX-7,NA,NA,Result: did not finishGrid: 203rd (11:30.7050) - 210th fastest qualifier,did not finishGrid: 203rd (11:30.7050) - 210th fastest qualifier,not_finished,203,11:30.7050,NA,11:30.7050,https://www.racingsportscars.com/tn/photo/2007/TN_Nurburgring-2007-06-10-103.jpg,https://www.racingsportscars.com/photo/2007/Nurburgring-2007-06-10-103.jpg,https://www.racingsportscars.com/make/photo/Mazda.html,https://www.racingsportscars.com/type/photo/Mazda/RX-7.html,NA,NA
2007,96,Honda S2000 - Honda,NA,SP4-5,,-,-,Heinz Schmersal (D)/Reinhard Belter/Jörg Hübner/Mike Stursberg (D),NA,white/red,NA,NA,NA,Honda,S2000,NA,NA,Result: did not finishGrid: 139th (10:45.6680) - 142nd fastest qualifier,did not finishGrid: 139th (10:45.6680) - 142nd fastest qualifier,not_finished,139,10:45.6680,NA,10:45.6680,https://www.racingsportscars.com/images/car_no_photo.png,https://www.racingsportscars.com/about.html#contrib,https://www.racingsportscars.com/make/photo/Honda.html,https://www.racingsportscars.com/type/photo/Honda/S2000.html,NA,NA
2007,79,BMW M3 E36 - BMW,NA,SP4-5,,Closed bodywork,Front-engined,Guy Povey (GB)/Dave Cox (GB)/John Irvine (GB)/Hamish Irvine (GB),Nick Whale,red,NA,NA,NA,BMW,M3,NA,E36,Result: did not finishGrid: 105th (10:28.8850) - 107th fastest qualifier,did not finishGrid: 105th (10:28.8850) - 107th fastest qualifier,not_finished,105,10:28.8850,NA,10:28.8850,https://www.racingsportscars.com/images/car_no_photo.png,https://www.racingsportscars.com/about.html#contrib,https://www.racingsportscars.com/make/photo/BMW.html,https://www.racingsportscars.com/type/photo/BMW/M3.html,NA,https://www.racingsportscars.com/suffix/photo/BMW/M3/E36.html
2007,268,BMW 120d - BMW,NA,S1,(D),-,-,Heiko Hahn (D)/Tom Robson (D)/Kristian Vetter (D)/Gregor Vogler,NA,blue,NA,NA,NA,BMW,120d,NA,NA,Result: did not finishGrid: 157th (10:56.9360) - 162nd fastest qualifier,did not finishGrid: 157th (10:56.9360) - 162nd fastest qualifier,not_finished,157,10:56.9360,NA,10:56.9360,https://www.racingsportscars.com/images/car_no_photo.png,https://www.racingsportscars.com/about.html#contrib,https://www.racingsportscars.com/make/photo/BMW.html,https://www.racingsportscars.com/type/photo/BMW/120d.html,NA,NA
2007,22,BMW M3 E46 # - BMW,NA,SP6,,Closed bodywork,Front-engined,Michael Tischner (D)/Ulrich Becker (D)/Klaus Engelbrecht-Schnür/Klaus Völker (D),ATS,orange/black,Dunlop,NA,NA,BMW,M3,#,E46,Result: did not finishGrid: 29th (9:35.0820) - 30th fastest qualifier,did not finishGrid: 29th (9:35.0820) - 30th fastest qualifier,not_finished,29,9:35.0820,NA,9:35.0820,https://www.racingsportscars.com/images/car_no_photo.png,https://www.racingsportscars.com/about.html#contrib,https://www.racingsportscars.com/make/photo/BMW.html,https://www.racingsportscars.com/type/photo/BMW/M3.html,https://www.racingsportscars.com/chassis/photo/E46-M3-Tischner%23.html,https://www.racingsportscars.com/suffix/photo/BMW/M3/E46.html
2007,216,BMW 392 C # - BMW,NA,V5,Black Falcon/Performance Center Nürburg,-,-,Heiko Heinemann (D)/Ralf Willems (GB)/Martin Elzer,NA,grey/yellow,Yokohama,NA,NA,BMW,392 C,#,NA,Result: did not finishGrid: 90th (10:20.3520) - 92nd fastest qualifier,did not finishGrid: 90th (10:20.3520) - 92nd fastest qualifier,not_finished,90,10:20.3520,NA,10:20.3520,https://www.racingsportscars.com/images/car_no_photo.png,https://www.racingsportscars.com/about.html#contrib,https://www.racingsportscars.com/make/photo/BMW.html,https://www.racingsportscars.com/type/photo/BMW/392%20C.html,https://www.racingsportscars.com/chassis/photo/392C-Heinemann%23.html,NA
2007,186,Opel Astra OPC - Opel,NA,V3-V4,,-,-,Michael Auert (D)/Heinrich Schneebeli/Jürgen Glath/Bojan Ferk,NA,blue,Dunlop,NA,NA,Opel,Astra,NA,OPC,Result: did not finishGrid: 170th (11:05.0740) - 176th fastest qualifier,did not finishGrid: 170th (11:05.0740) - 176th fastest qualifier,not_finished,170,11:05.0740,NA,11:05.0740,https://www.racingsportscars.com/images/car_no_photo.png,https://www.racingsportscars.com/about.html#contrib,https://www.racingsportscars.com/make/photo/Opel.html,https://www.racingsportscars.com/type/photo/Opel/Astra.html,NA,https://www.racingsportscars.com/suffix/photo/Opel/Astra/OPC.html
2007,5,Dodge Viper GTS-R #C15 - Dodge /Caldwell Development V8/90° 2v OHV 6200 cc N/A,NA,SP8,Zakspeed Racing GmbH & Co. KG (D),Closed bodywork,Front-engined,Hans-Peter Huppert-Nieder/Antoine Feidt (L)/Werner Mohr/Michael Klein (D),ecosoil,white/black/green,Michelin,NA,NA,Dodge,Viper,#C15,GTS-R,Result: did not finishGrid: 18th (9:23.3430) - 19th fastest qualifier,did not finishGrid: 18th (9:23.3430) - 19th fastest qualifier,not_finished,18,9:23.3430,NA,9:23.3430,https://www.racingsportscars.com/images/car_no_photo.png,https://www.racingsportscars.com/about.html#contrib,https://www.racingsportscars.com/make/photo/Dodge.html,https://www.racingsportscars.com/type/photo/Dodge/Viper.html,https://www.racingsportscars.com/chassis/photo/GTSR-C15.html,https://www.racingsportscars.com/suffix/photo/Dodge/Viper/GTS-R.html
2007,199,BMW 325i - BMW,NA,V3-V4,,-,-,Stefan Hardtke/Roland Hardtke/Gerd Flentje,NA,red,NA,NA,NA,BMW,325i,NA,NA,Result: did not finishGrid: 167th (11:04.4890) - 173rd fastest qualifier,did not finishGrid: 167th (11:04.4890) - 173rd fastest qualifier,not_finished,167,11:04.4890,NA,11:04.4890,https://www.racingsportscars.com/images/car_no_photo.png,https://www.racingsportscars.com/about.html#contrib,https://www.racingsportscars.com/make/photo/BMW.html,https://www.racingsportscars.com/type/photo/BMW/325i.html,NA,NA
2007,264,Alfa Romeo 147 JTD - Alfa Romeo,NA,S1,,-,-,Dean Ronald Clements/Malcolm Edeson (GB)/David Smith (GB)/Nick Reynolds (GB),NA,white/yellow,Dunlop,NA,NA,Alfa Romeo,147,NA,JTD,Result: did not finishGrid: 181st (11:12.9840) - 187th fastest qualifier,did not finishGrid: 181st (11:12.9840) - 187th fastest qualifier,not_finished,181,11:12.9840,NA,11:12.9840,https://www.racingsportscars.com/images/car_no_photo.png,https://www.racingsportscars.com/about.html#contrib,https://www.racingsportscars.com/make/photo/Alfa%20Romeo.html,https://www.racingsportscars.com/type/photo/Alfa%20Romeo/147.html,NA,https://www.racingsportscars.com/suffix/photo/Alfa%20Romeo/147/JTD.html
2007,163,Mini Cooper - Rover N/A,NA,SP1,,Closed bodywork,Front-engined,Walter Kaufmann/Gregor Nick/Hans Söderholm (S),NA,red/white,NA,NA,NA,Mini,Cooper,NA,NA,Result: did not finishGrid: 209th (11:37.0050) - 216th fastest qualifier,did not finishGrid: 209th (11:37.0050) - 216th fastest qualifier,not_finished,209,11:37.0050,NA,11:37.0050,https://www.racingsportscars.com/images/car_no_photo.png,https://www.racingsportscars.com/about.html#contrib,https://www.racingsportscars.com/make/photo/Mini.html,https://www.racingsportscars.com/type/photo/Mini/Cooper.html,NA,NA
2007,71,BMW M3 E46 - BMW,NA,SP4-5,Luigi Taverna Racing & Classic,Closed bodywork,Front-engined,Valerio Leone (I)/Giorgio Piodi (I)/Giuliano Bottazzi/Grouzuni Bottazzi,NA,orange/white/black,NA,NA,NA,BMW,M3,NA,E46,Result: did not finishGrid: 71st (10:12.5890) - 73rd fastest qualifier,did not finishGrid: 71st (10:12.5890) - 73rd fastest qualifier,not_finished,71,10:12.5890,NA,10:12.5890,https://www.racingsportscars.com/images/car_no_photo.png,https://www.racingsportscars.com/about.html#contrib,https://www.racingsportscars.com/make/photo/BMW.html,https://www.racingsportscars.com/type/photo/BMW/M3.html,NA,https://www.racingsportscars.com/suffix/photo/BMW/M3/E46.html
2007,134,Opel Astra Caravan - Opel,NA,SP3,,-,-,Stefan Schmelter/Andreas Telker/Peter Wichmann,NA,silver/red,NA,27/10/2017,Fabrice Bergenhuizen,Opel,Astra,NA,Caravan,Result: did not finishGrid: 123rd (10:35.8199) - 125th fastest qualifier,did not finishGrid: 123rd (10:35.8199) - 125th fastest qualifier,not_finished,123,10:35.8199,NA,10:35.8199,https://www.racingsportscars.com/tn/photo/2007/TN_Nurburgring-2007-06-10-134.jpg,https://www.racingsportscars.com/photo/2007/Nurburgring-2007-06-10-134.jpg,https://www.racingsportscars.com/make/photo/Opel.html,https://www.racingsportscars.com/type/photo/Opel/Astra.html,NA,https://www.racingsportscars.com/suffix/photo/Opel/Astra/Caravan.html
2007,219,Honda Integra Type R - Honda,NA,N1-N2,,-,-,"""Segolen"" (F)/Gérard Tremblay (F)/Thierry Guitton (F)/Daniel Oger (F)",NA,white/blue,NA,NA,NA,Honda,Integra,NA,Type R,Result: did not finishGrid: 195th (11:25.8350) - 202nd fastest qualifier,did not finishGrid: 195th (11:25.8350) - 202nd fastest qualifier,not_finished,195,11:25.8350,NA,11:25.8350,https://www.racingsportscars.com/images/car_no_photo.png,https://www.racingsportscars.com/about.html#contrib,https://www.racingsportscars.com/make/photo/Honda.html,https://www.racingsportscars.com/type/photo/Honda/Integra.html,NA,https://www.racingsportscars.com/suffix/photo/Honda/Integra/Type%20R.html
2007,212,BMW M3 E36 - BMW,NA,V5,,Closed bodywork,Front-engined,Marco Keller (D)/Kurt Thiel (DK)/Demian Schaffert/Siegfried Sträwe (D),NA,white/blue,Yokohama,27/10/2017,Fabrice Bergenhuizen,BMW,M3,NA,E36,Result: did not finishGrid: 88th (10:20.0420) - 90th fastest qualifier,did not finishGrid: 88th (10:20.0420) - 90th fastest qualifier,not_finished,88,10:20.0420,NA,10:20.0420,https://www.racingsportscars.com/tn/photo/2007/TN_Nurburgring-2007-06-10-212.jpg,https://www.racingsportscars.com/photo/2007/Nurburgring-2007-06-10-212.jpg,https://www.racingsportscars.com/make/photo/BMW.html,https://www.racingsportscars.com/type/photo/BMW/M3.html,NA,https://www.racingsportscars.com/suffix/photo/BMW/M3/E36.html
2007,56,Subaru Impreza WRC - Subaru,NA,SP6,,Closed bodywork,-,Martyn Spurrell/John Coates/Robin Ward (GB)/Phillip Bennett (GB),Tein,white (+green),NA,27/10/2017,Fabrice Bergenhuizen,Subaru,Impreza,NA,WRC,Result: did not finishGrid: 92nd (10:20.9590) - 94th fastest qualifier,did not finishGrid: 92nd (10:20.9590) - 94th fastest qualifier,not_finished,92,10:20.9590,NA,10:20.9590,https://www.racingsportscars.com/tn/photo/2007/TN_Nurburgring-2007-06-10-056.jpg,https://www.racingsportscars.com/photo/2007/Nurburgring-2007-06-10-056.jpg,https://www.racingsportscars.com/make/photo/Subaru.html,https://www.racingsportscars.com/type/photo/Subaru/Impreza.html,NA,https://www.racingsportscars.com/suffix/photo/Subaru/Impreza/WRC.html
