year,number,car_title,result,group,entrant,bodywork,engine,drivers,sponsor,colour,tyre,updated,contributor,make,model,chassis,suffix,result_raw,result_txt,result_status,grid,grid_time,finish_gap,dnf_reason,thumb_url,photo_url,make_url,model_url,chassis_url,suffix_url
2009,1,Porsche 997 GT3 RSR #WP0ZZZ99Z8S799920 - Porsche F6 4v DOHC N/A,1,SP7,Manthey Racing,Closed bodywork,Rear-engined,Timo Bernhard (D)/Marc Lieb (D)/Romain Dumas (F)/Marcel Tiemann (D),NA,NA,NA,23/02/2018,Fabrice Bergenhuizen,Porsche,997 GT3 RSR,#WP0ZZZ99Z8S799920,NA,Result: winner - (163.330 kph) - margin: 1 lapGrid: 2nd (8:36.7270),winner - (163.330 kph) - margin: 1 lapGrid: 2nd (8:36.7270),finished,2,8:36.7270,163.330 kph,NA,https://www.racingsportscars.com/tn/photo/2009/TN_Nurburgring-2009-05-24-001.jpg,https://www.racingsportscars.com/photo/2009/Nurburgring-2009-05-24-001.jpg,https://www.racingsportscars.com/make/photo/Porsche.html,https://www.racingsportscars.com/type/photo/Porsche/997%20GT3%20RSR.html,https://www.racingsportscars.com/chassis/photo/WP0ZZZ99Z8S799920.html,NA
2009,97,Audi R8 LMS - Audi FSI V10/90° 4v DOHC 5205 cc N/A,2,SP9 GT3,Team Abt Sportsline,Closed bodywork,Mid-engined,Pierre Kaffer (D)Christian Abt (D)/Jean-François Hemroulle (B)/Lucas Luhr (D),NA,NA,NA,23/02/2018,Fabrice Bergenhuizen,Audi,R8 LMS,NA,NA,Result: 2nd 1st in SP9 GT3 (1 lap behind the winner)Grid: 4th (8:38.1810),2nd 1st in SP9 GT3 (1 lap behind the winner)Grid: 4th (8:38.1810),finished,4,8:38.1810,1 lap behind the winner,NA,https://www.racingsportscars.com/tn/photo/2009/TN_Nurburgring-2009-05-24-097.jpg,https://www.racingsportscars.com/photo/2009/Nurburgring-2009-05-24-097.jpg,https://www.racingsportscars.com/make/photo/Audi.html,https://www.racingsportscars.com/type/photo/Audi/R8%20LMS.html,NA,NA
2009,2,Porsche 997 GT3 Cup S #WP0ZZZ99Z7S798006 - Porsche F6 4v DOHC N/A,3,SP9 GT3,Manthey Racing GmbH,Closed bodywork,Rear-engined,Emmanuel Collard (F)/Wolf Henzler (D)/Richard Lietz (A)/Dirk Werner (D),NA,NA,NA,23/02/2018,Fabrice Bergenhuizen,Porsche,997 GT3 Cup,#WP0ZZZ99Z7S798006,S,Result: 3rd (3 laps behind the winner)Grid: 7th (8:41.2410),3rd (3 laps behind the winner)Grid: 7th (8:41.2410),finished,7,8:41.2410,3 laps behind the winner,NA,https://www.racingsportscars.com/tn/photo/2009/TN_Nurburgring-2009-05-24-002.jpg,https://www.racingsportscars.com/photo/2009/Nurburgring-2009-05-24-002.jpg,https://www.racingsportscars.com/make/photo/Porsche.html,https://www.racingsportscars.com/type/photo/Porsche/997%20GT3%20Cup.html,https://www.racingsportscars.com/chassis/photo/WP0ZZZ99Z7S798006.html,https://www.racingsportscars.com/suffix/photo/Porsche/997%20GT3%20Cup/S.html
2009,18,Porsche 997 GT3 Cup - Porsche F6 4v DOHC N/A,4,SP9 GT3,Uwe Alzen Automotive,Closed bodywork,Rear-engined,Uwe Alzen (D)/Sascha Bert (D)/Lance Arnold (D)/Christopher Mies (D),NA,NA,NA,23/02/2018,Fabrice Bergenhuizen,Porsche,997 GT3 Cup,NA,NA,Result: 4th (5 laps behind the winner)Grid: 14th (8:49.4390),4th (5 laps behind the winner)Grid: 14th (8:49.4390),finished,14,8:49.4390,5 laps behind the winner,NA,https://www.racingsportscars.com/tn/photo/2009/TN_Nurburgring-2009-05-24-018.jpg,https://www.racingsportscars.com/photo/2009/Nurburgring-2009-05-24-018.jpg,https://www.racingsportscars.com/make/photo/Porsche.html,https://www.racingsportscars.com/type/photo/Porsche/997%20GT3%20Cup.html,NA,NA
2009,99,Audi R8 LMS - Audi FSI V10/90° 4v DOHC 5205 cc N/A,5,SP9 GT3,Phoenix Racing,Closed bodywork,Mid-engined,Frank Stippler (D)Marc Basseng (D)/Marcel Fässler (CH)/Mike Rockenfeller (D),NA,NA,NA,23/02/2018,Fabrice Bergenhuizen,Audi,R8 LMS,NA,NA,Result: 5th (6 laps behind the winner)Grid: 3rd (8:37.5530),5th (6 laps behind the winner)Grid: 3rd (8:37.5530),finished,3,8:37.5530,6 laps behind the winner,NA,https://www.racingsportscars.com/tn/photo/2009/TN_Nurburgring-2009-05-24-099.jpg,https://www.racingsportscars.com/photo/2009/Nurburgring-2009-05-24-099.jpg,https://www.racingsportscars.com/make/photo/Audi.html,https://www.racingsportscars.com/type/photo/Audi/R8%20LMS.html,NA,NA
2009,3,Porsche 997 GT3 RSR - Porsche F6 4v DOHC N/A,6,SP7,,Closed bodywork,Rear-engined,Sabine Schmitz (D)/Klaus Abbelen (D)/Edgar Althoff (D)/Kenneth Heyer (D),NA,NA,NA,23/02/2018,Fabrice Bergenhuizen,Porsche,997 GT3 RSR,NA,NA,Result: 6th (6 laps behind the winner)Grid: 16th (8:53.6500),6th (6 laps behind the winner)Grid: 16th (8:53.6500),finished,16,8:53.6500,6 laps behind the winner,NA,https://www.racingsportscars.com/tn/photo/2009/TN_Nurburgring-2009-05-24-003.jpg,https://www.racingsportscars.com/photo/2009/Nurburgring-2009-05-24-003.jpg,https://www.racingsportscars.com/make/photo/Porsche.html,https://www.racingsportscars.com/type/photo/Porsche/997%20GT3%20RSR.html,NA,NA
2009,4,Porsche 997 GT3 #WP0ZZZ99Z5S798005 - Porsche F6 4v DOHC N/A,7,SP9 GT3,Manthey Racing GmbH,Closed bodywork,Rear-engined,Frank Kräling (D)/Marc Gindorf (D)/Peter Scharmach (D)/Marco Holzer (D),NA,NA,NA,23/02/2018,Fabrice Bergenhuizen,Porsche,997 GT3,#WP0ZZZ99Z5S798005,NA,Result: 7th (6 laps behind the winner)Grid: 18th (8:53.8610),7th (6 laps behind the winner)Grid: 18th (8:53.8610),finished,18,8:53.8610,6 laps behind the winner,NA,https://www.racingsportscars.com/tn/photo/2009/TN_Nurburgring-2009-05-24-004.jpg,https://www.racingsportscars.com/photo/2009/Nurburgring-2009-05-24-004.jpg,https://www.racingsportscars.com/make/photo/Porsche.html,https://www.racingsportscars.com/type/photo/Porsche/997%20GT3.html,https://www.racingsportscars.com/chassis/photo/WP0ZZZ99Z5S798005.html,NA
2009,123,Porsche 997 GT3 Cup S - Porsche F6 4v DOHC N/A,8,SP9 GT3,Mühlner Motorsport SPRL,Closed bodywork,Rear-engined,Heinz-Josef Bermes (D)/Frank Schmickler (A)/Oliver Kainz (D)/Tim Bergmeister (D),NA,NA,NA,23/02/2018,Fabrice Bergenhuizen,Porsche,997 GT3 Cup,NA,S,Result: 8th (7 laps behind the winner)Grid: 12th (8:49.2030),8th (7 laps behind the winner)Grid: 12th (8:49.2030),finished,12,8:49.2030,7 laps behind the winner,NA,https://www.racingsportscars.com/tn/photo/2009/TN_Nurburgring-2009-05-24-123.jpg,https://www.racingsportscars.com/photo/2009/Nurburgring-2009-05-24-123.jpg,https://www.racingsportscars.com/make/photo/Porsche.html,https://www.racingsportscars.com/type/photo/Porsche/997%20GT3%20Cup.html,NA,https://www.racingsportscars.com/suffix/photo/Porsche/997%20GT3%20Cup/S.html
2009,29,Porsche 997 GT3 RSR - Porsche F6 4v DOHC N/A,9,SP7,VIP Petfoods Australia,Closed bodywork,Rear-engined,Tony Quinn (GB)/Klark Quinn (AUS)/Craig Baird (NZ)/Grant Denyer (AUS),NA,NA,NA,23/02/2018,Fabrice Bergenhuizen,Porsche,997 GT3 RSR,NA,NA,Result: 9th (9 laps behind the winner)Grid: 29th (9:09.5310),9th (9 laps behind the winner)Grid: 29th (9:09.5310),finished,29,9:09.5310,9 laps behind the winner,NA,https://www.racingsportscars.com/tn/photo/2009/TN_Nurburgring-2009-05-24-029.jpg,https://www.racingsportscars.com/photo/2009/Nurburgring-2009-05-24-029.jpg,https://www.racingsportscars.com/make/photo/Porsche.html,https://www.racingsportscars.com/type/photo/Porsche/997%20GT3%20RSR.html,NA,NA
2009,69,BMW Z4 M Coupe - BMW,10,SP6,,-,-,Rudi Adams (D)/Luca Ludwig (D)/Arnd Meier (D)/Markus Großmann (D),NA,NA,NA,23/02/2018,Fabrice Bergenhuizen,BMW,Z4,NA,M Coupe,Result: 10th 1st in SP6 (10 laps behind the winner)Grid: 20th (8:55.0880),10th 1st in SP6 (10 laps behind the winner)Grid: 20th (8:55.0880),finished,20,8:55.0880,10 laps behind the winner,NA,https://www.racingsportscars.com/tn/photo/2009/TN_Nurburgring-2009-05-24-069.jpg,https://www.racingsportscars.com/photo/2009/Nurburgring-2009-05-24-069.jpg,https://www.racingsportscars.com/make/photo/BMW.html,https://www.racingsportscars.com/type/photo/BMW/Z4.html,NA,https://www.racingsportscars.com/suffix/photo/BMW/Z4/M%20Coupe.html
2009,28,Nissan 350Z Z33 # - Nissan,11,SP7,Falken Motorsport,Closed bodywork,Front-engined,Peter Dumbreck (GB)/Tetsuya Tanaka (J)/Kazuki Hoshino (J)/Dirk Schoysman (B),NA,NA,NA,23/02/2018,Fabrice Bergenhuizen,Nissan,350Z,#,Z33,Result: 11th (11 laps behind the winner)Grid: 39th (9:22.3470),11th (11 laps behind the winner)Grid: 39th (9:22.3470),finished,39,9:22.3470,11 laps behind the winner,NA,https://www.racingsportscars.com/tn/photo/2009/TN_Nurburgring-2009-05-24-028.jpg,https://www.racingsportscars.com/photo/2009/Nurburgring-2009-05-24-028.jpg,https://www.racingsportscars.com/make/photo/Nissan.html,https://www.racingsportscars.com/type/photo/Nissan/350Z.html,https://www.racingsportscars.com/chassis/photo/Z33%20ST1-002.html,https://www.racingsportscars.com/suffix/photo/Nissan/350Z/Z33.html
2009,98,Audi R8 LMS - Audi FSI V10/90° 4v DOHC 5205 cc N/A,12,SP9 GT3,Phoenix Racing,Closed bodywork,Mid-engined,Emanuele Pirro (I)Hans-Joachim Stuck (D)/Frank Biela (D)/Marcel Fässler (CH),NA,NA,NA,23/02/2018,Fabrice Bergenhuizen,Audi,R8 LMS,NA,NA,Result: 12th (11 laps behind the winner)Grid: 6th (8:39.6180),12th (11 laps behind the winner)Grid: 6th (8:39.6180),finished,6,8:39.6180,11 laps behind the winner,NA,https://www.racingsportscars.com/tn/photo/2009/TN_Nurburgring-2009-05-24-098.jpg,https://www.racingsportscars.com/photo/2009/Nurburgring-2009-05-24-098.jpg,https://www.racingsportscars.com/make/photo/Audi.html,https://www.racingsportscars.com/type/photo/Audi/R8%20LMS.html,NA,NA
2009,24,Porsche 997 GT3 Cup - Porsche F6 4v DOHC N/A,13,SP9 GT3,steam-racing GmbH,Closed bodywork,Rear-engined,Michael Schratz (D)/Jochen Herbst (D)/Nico de Bruijn (NL)/Ergeny Tsarev (RUS),NA,NA,NA,NA,NA,Porsche,997 GT3 Cup,NA,NA,Result: 13th (12 laps behind the winner)Grid: 31st (9:14.0480),13th (12 laps behind the winner)Grid: 31st (9:14.0480),finished,31,9:14.0480,12 laps behind the winner,NA,https://www.racingsportscars.com/images/car_no_photo.png,https://www.racingsportscars.com/about.html#contrib,https://www.racingsportscars.com/make/photo/Porsche.html,https://www.racingsportscars.com/type/photo/Porsche/997%20GT3%20Cup.html,NA,NA
2009,122,Porsche 997 GT3 Cup - Porsche F6 4v DOHC N/A,14,SP9 GT3,,Closed bodywork,Rear-engined,Peter Schmidt (D)/Mirco Schultis (D)/Miro Konôpka (SK)/Hannes Plesse (D),NA,NA,NA,NA,NA,Porsche,997 GT3 Cup,NA,NA,Result: 14th (12 laps behind the winner)Grid: 30th (9:10.8690),14th (12 laps behind the winner)Grid: 30th (9:10.8690),finished,30,9:10.8690,12 laps behind the winner,NA,https://www.racingsportscars.com/images/car_no_photo.png,https://www.racingsportscars.com/about.html#contrib,https://www.racingsportscars.com/make/photo/Porsche.html,https://www.racingsportscars.com/type/photo/Porsche/997%20GT3%20Cup.html,NA,NA
2009,118,VW Scirocco - VW L4 N/A,15,SP3T,Volkswagen Motorsport,Closed bodywork,Front-engined,Jimmy Johansson (S)/Nicki Thiim (DK)/Florian Gruber (D)/Martin Karlhofer (A),NA,NA,NA,23/02/2018,Fabrice Bergenhuizen,VW,Scirocco,NA,NA,Result: 15th 1st in SP3T (13 laps behind the winner)Grid: 41st (9:23.2810),15th 1st in SP3T (13 laps behind the winner)Grid: 41st (9:23.2810),finished,41,9:23.2810,13 laps behind the winner,NA,https://www.racingsportscars.com/tn/photo/2009/TN_Nurburgring-2009-05-24-118.jpg,https://www.racingsportscars.com/photo/2009/Nurburgring-2009-05-24-118.jpg,https://www.racingsportscars.com/make/photo/VW.html,https://www.racingsportscars.com/type/photo/VW/Scirocco.html,NA,NA
2009,38,Porsche 997 GT3 Cup - Porsche F6 4v DOHC N/A,16,SP9 GT3,RDM-Cargraphic-Logwin-Racing,Closed bodywork,Rear-engined,"""König Peter"" (D)/Steffen Schlichenmeier (D)/Jacques Meyer (D)/Kurt Ecke (D)",NA,NA,NA,NA,NA,Porsche,997 GT3 Cup,NA,NA,Result: 16th (14 laps behind the winner)Grid: 34th (9:17.6440),16th (14 laps behind the winner)Grid: 34th (9:17.6440),finished,34,9:17.6440,14 laps behind the winner,NA,https://www.racingsportscars.com/images/car_no_photo.png,https://www.racingsportscars.com/about.html#contrib,https://www.racingsportscars.com/make/photo/Porsche.html,https://www.racingsportscars.com/type/photo/Porsche/997%20GT3%20Cup.html,NA,NA
2009,115,VW Scirocco GT24-CNG - VW L4 N/A,17,AT,Volkswagen Motorsport,Closed bodywork,Front-engined,Klaus Niedzwiedz (D)Vanina Ickx (B)/Thomas Klenke (D)/Peter Terting (D),NA,NA,NA,23/02/2018,Fabrice Bergenhuizen,VW,Scirocco,NA,GT24-CNG,Result: 17th 1st in AT (15 laps behind the winner)Grid: 40th (9:22.9450),17th 1st in AT (15 laps behind the winner)Grid: 40th (9:22.9450),finished,40,9:22.9450,15 laps behind the winner,NA,https://www.racingsportscars.com/tn/photo/2009/TN_Nurburgring-2009-05-24-115.jpg,https://www.racingsportscars.com/photo/2009/Nurburgring-2009-05-24-115.jpg,https://www.racingsportscars.com/make/photo/VW.html,https://www.racingsportscars.com/type/photo/VW/Scirocco.html,NA,https://www.racingsportscars.com/suffix/photo/VW/Scirocco/GT24-CNG.html
2009,34,Porsche 997 GT3 - Porsche,18,SP9 GT3,Team DMV e.V.,Closed bodywork,Rear-engined,Andre Krumbach (D)/Ivan Jacoma (CH)/Harald Schlotter (D)/Holger Fuchs (D),NA,NA,NA,23/02/2018,Fabrice Bergenhuizen,Porsche,997 GT3,NA,NA,Result: 18th (15 laps behind the winner)Grid: 27th (9:06.8090),18th (15 laps behind the winner)Grid: 27th (9:06.8090),finished,27,9:06.8090,15 laps behind the winner,NA,https://www.racingsportscars.com/tn/photo/2009/TN_Nurburgring-2009-05-24-034.jpg,https://www.racingsportscars.com/photo/2009/Nurburgring-2009-05-24-034.jpg,https://www.racingsportscars.com/make/photo/Porsche.html,https://www.racingsportscars.com/type/photo/Porsche/997%20GT3.html,NA,NA
2009,107,Audi A3 # - Audi,19,SP3T,Raeder Automotive GmbH,-,-,Elmar Deegener (D)/Jürgen Wohlfahrt (D)/Christoph Breuer (D)/Hans-Martin Gass (D),NA,NA,NA,23/02/2018,Fabrice Bergenhuizen,Audi,A3,#,NA,Result: 19th (16 laps behind the winner)Grid: 43rd (9:28.6440),19th (16 laps behind the winner)Grid: 43rd (9:28.6440),finished,43,9:28.6440,16 laps behind the winner,NA,https://www.racingsportscars.com/tn/photo/2009/TN_Nurburgring-2009-05-24-107.jpg,https://www.racingsportscars.com/photo/2009/Nurburgring-2009-05-24-107.jpg,https://www.racingsportscars.com/make/photo/Audi.html,https://www.racingsportscars.com/type/photo/Audi/A3.html,https://www.racingsportscars.com/chassis/photo/A3-Raeder%23.html,NA
2009,116,VW Scirocco GT24 - VW L4 N/A,20,SP3T,Volkswagen Motorsport,Closed bodywork,Front-engined,Altfrid Heger (D)/Carlo van Dam (NL)/Frankie Cheng (CHN)/Franck Mailleux (F),NA,NA,NA,23/02/2018,Fabrice Bergenhuizen,VW,Scirocco,NA,GT24,Result: 20th (16 laps behind the winner)Grid: 51st (9:35.5180),20th (16 laps behind the winner)Grid: 51st (9:35.5180),finished,51,9:35.5180,16 laps behind the winner,NA,https://www.racingsportscars.com/tn/photo/2009/TN_Nurburgring-2009-05-24-116.jpg,https://www.racingsportscars.com/photo/2009/Nurburgring-2009-05-24-116.jpg,https://www.racingsportscars.com/make/photo/VW.html,https://www.racingsportscars.com/type/photo/VW/Scirocco.html,NA,https://www.racingsportscars.com/suffix/photo/VW/Scirocco/GT24.html
2009,7,Aston Martin V12 Vantage - Aston Martin,21,SP8,,-,-,Ulrich Bez (D)/Chris Porritt (GB)/Richard Meaden (GB)/Oliver Mathai (D),NA,NA,NA,23/02/2018,Fabrice Bergenhuizen,Aston Martin,V12 Vantage,NA,NA,Result: 21st 1st in SP8 (16 laps behind the winner)Grid: 46th (9:31.2830),21st 1st in SP8 (16 laps behind the winner)Grid: 46th (9:31.2830),finished,46,9:31.2830,16 laps behind the winner,NA,https://www.racingsportscars.com/tn/photo/2009/TN_Nurburgring-2009-05-24-007.jpg,https://www.racingsportscars.com/photo/2009/Nurburgring-2009-05-24-007.jpg,https://www.racingsportscars.com/make/photo/Aston%20Martin.html,https://www.racingsportscars.com/type/photo/Aston%20Martin/V12%20Vantage.html,NA,NA
2009,23,Porsche 997 GT3 Cup - Porsche F6 4v DOHC N/A,22,SP9 GT3,,Closed bodywork,Rear-engined,Willie Moore (GB)/Bill Cameron (GB)/Calum Lockie (GB),NA,NA,NA,NA,NA,Porsche,997 GT3 Cup,NA,NA,Result: 22nd (17 laps behind the winner)Grid: 37th (9:19.9150),22nd (17 laps behind the winner)Grid: 37th (9:19.9150),finished,37,9:19.9150,17 laps behind the winner,NA,https://www.racingsportscars.com/images/car_no_photo.png,https://www.racingsportscars.com/about.html#contrib,https://www.racingsportscars.com/make/photo/Porsche.html,https://www.racingsportscars.com/type/photo/Porsche/997%20GT3%20Cup.html,NA,NA
2009,100,Audi R8 LMS - Audi FSI V10/90° 4v DOHC 5205 cc N/A,23,SP9 GT3,Team Abt Sportsline,Closed bodywork,Mid-engined,Timo Scheider (D)/Marco Werner (D)/Mattias Ekström (S)/Lucas Luhr (D),NA,NA,NA,23/02/2018,Fabrice Bergenhuizen,Audi,R8 LMS,NA,NA,Result: 23rd (18 laps behind the winner)Grid: 5th (8:38.9650),23rd (18 laps behind the winner)Grid: 5th (8:38.9650),finished,5,8:38.9650,18 laps behind the winner,NA,https://www.racingsportscars.com/tn/photo/2009/TN_Nurburgring-2009-05-24-100.jpg,https://www.racingsportscars.com/photo/2009/Nurburgring-2009-05-24-100.jpg,https://www.racingsportscars.com/make/photo/Audi.html,https://www.racingsportscars.com/type/photo/Audi/R8%20LMS.html,NA,NA
2009,54,BMW M3 - BMW,24,SP5,MSC Rhön e.V. im AvD,Closed bodywork,Front-engined,Hubert Nacken (D)/Christian Leitheuser (D)/Benedikt Frei (D)/Christopher Haase (D),NA,NA,NA,23/02/2018,Fabrice Bergenhuizen,BMW,M3,NA,NA,Result: 24th 1st in SP5 (19 laps behind the winner)Grid: 52nd (9:35.8700),24th 1st in SP5 (19 laps behind the winner)Grid: 52nd (9:35.8700),finished,52,9:35.8700,19 laps behind the winner,NA,https://www.racingsportscars.com/tn/photo/2009/TN_Nurburgring-2009-05-24-054.jpg,https://www.racingsportscars.com/photo/2009/Nurburgring-2009-05-24-054.jpg,https://www.racingsportscars.com/make/photo/BMW.html,https://www.racingsportscars.com/type/photo/BMW/M3.html,NA,NA
2009,140,BMW 620 E90 - BMW,25,D1T,Motorsport Arena Oschersleben,-,-,Anders Burchardt (N)/Nils Tronrud (N)/Michael Auriemma (USA)/John Mayes (USA),NA,NA,NA,23/02/2018,Fabrice Bergenhuizen,BMW,620,NA,E90,Result: 25th 1st in D1T (19 laps behind the winner)Grid: 76th (9:55.4680) - 77th fastest qualifier,25th 1st in D1T (19 laps behind the winner)Grid: 76th (9:55.4680) - 77th fastest qualifier,finished,76,9:55.4680,19 laps behind the winner,NA,https://www.racingsportscars.com/tn/photo/2009/TN_Nurburgring-2009-05-24-140.jpg,https://www.racingsportscars.com/photo/2009/Nurburgring-2009-05-24-140.jpg,https://www.racingsportscars.com/make/photo/BMW.html,https://www.racingsportscars.com/type/photo/BMW/620.html,NA,https://www.racingsportscars.com/suffix/photo/BMW/620/E90.html
2009,93,Porsche 997 GT3 Cup - Porsche F6 4v DOHC N/A,26,SP9 GT3,Scuderia Offenbach,Closed bodywork,Rear-engined,Matthias Weiland (D)/Andrzej Dzikevic (LIT)/Michael Klein (D)/Antoine Feidt (L),NA,NA,NA,23/02/2018,Fabrice Bergenhuizen,Porsche,997 GT3 Cup,NA,NA,Result: 26th (19 laps behind the winner)Grid: 25th (9:00.8000),26th (19 laps behind the winner)Grid: 25th (9:00.8000),finished,25,9:00.8000,19 laps behind the winner,NA,https://www.racingsportscars.com/tn/photo/2009/TN_Nurburgring-2009-05-24-093.jpg,https://www.racingsportscars.com/photo/2009/Nurburgring-2009-05-24-093.jpg,https://www.racingsportscars.com/make/photo/Porsche.html,https://www.racingsportscars.com/type/photo/Porsche/997%20GT3%20Cup.html,NA,NA
2009,26,BMW Alpina B6 GT3 - BMW,27,SP9 GT3,Alpina,-,-,Andy Bovensiepen (D)/Andreas Wirth (D)/Franz Engstler (D)/Patrick Bernhardt (D),NA,NA,NA,23/02/2018,Fabrice Bergenhuizen,BMW,Alpina B6,NA,GT3,Result: 27th (20 laps behind the winner)Grid: 11th (8:47.5670),27th (20 laps behind the winner)Grid: 11th (8:47.5670),finished,11,8:47.5670,20 laps behind the winner,NA,https://www.racingsportscars.com/tn/photo/2009/TN_Nurburgring-2009-05-24-026.jpg,https://www.racingsportscars.com/photo/2009/Nurburgring-2009-05-24-026.jpg,https://www.racingsportscars.com/make/photo/BMW.html,https://www.racingsportscars.com/type/photo/BMW/Alpina%20B6.html,NA,https://www.racingsportscars.com/suffix/photo/BMW/Alpina%20B6/GT3.html
2009,138,BMW 320d E90 - BMW,28,D1T,Motorsport Arena Oschersleben,Closed bodywork,Front-engined,Emin Akata (D)/Jürgen Dinstühler (D)/Andreas Winkler (D)/Torsten Schubert (D),NA,NA,NA,23/02/2018,Fabrice Bergenhuizen,BMW,320d,NA,E90,Result: 28th (20 laps behind the winner)Grid: 61st (9:48.8100) - 62nd fastest qualifier,28th (20 laps behind the winner)Grid: 61st (9:48.8100) - 62nd fastest qualifier,finished,61,9:48.8100,20 laps behind the winner,NA,https://www.racingsportscars.com/tn/photo/2009/TN_Nurburgring-2009-05-24-138.jpg,https://www.racingsportscars.com/photo/2009/Nurburgring-2009-05-24-138.jpg,https://www.racingsportscars.com/make/photo/BMW.html,https://www.racingsportscars.com/type/photo/BMW/320d.html,NA,https://www.racingsportscars.com/suffix/photo/BMW/320d/E90.html
2009,137,BMW 120d E87 - BMW,29,D1T,GRC Racing,-,-,Jacob Thomsen (GB)/Harald Nordeng (N)/Dirk Hemmersbach (D)/Michael Outzen (DK),NA,NA,NA,23/02/2018,Fabrice Bergenhuizen,BMW,120d,NA,E87,Result: 29th (20 laps behind the winner)Grid: 64th (9:49.8440) - 65th fastest qualifier,29th (20 laps behind the winner)Grid: 64th (9:49.8440) - 65th fastest qualifier,finished,64,9:49.8440,20 laps behind the winner,NA,https://www.racingsportscars.com/tn/photo/2009/TN_Nurburgring-2009-05-24-137.jpg,https://www.racingsportscars.com/photo/2009/Nurburgring-2009-05-24-137.jpg,https://www.racingsportscars.com/make/photo/BMW.html,https://www.racingsportscars.com/type/photo/BMW/120d.html,NA,https://www.racingsportscars.com/suffix/photo/BMW/120d/E87.html
2009,53,BMW M3 # - BMW,30,SP6,MSC Rhön e.V. im AvD,Closed bodywork,Front-engined,Pierre de Thoisy (F)/Philippe Haezebrouck (F)/Thierry Depoix (F),NA,NA,NA,23/02/2018,Fabrice Bergenhuizen,BMW,M3,#,NA,Result: 30th (21 laps behind the winner)Grid: 54th (9:38.8520),30th (21 laps behind the winner)Grid: 54th (9:38.8520),finished,54,9:38.8520,21 laps behind the winner,NA,https://www.racingsportscars.com/tn/photo/2009/TN_Nurburgring-2009-05-24-053.jpg,https://www.racingsportscars.com/photo/2009/Nurburgring-2009-05-24-053.jpg,https://www.racingsportscars.com/make/photo/BMW.html,https://www.racingsportscars.com/type/photo/BMW/M3.html,https://www.racingsportscars.com/chassis/photo/095428209.html,NA
2009,9,Aston Martin V8 Vantage - Aston Martin V8/90° 4v DOHC N/A,31,SP10 GT,,Closed bodywork,Front-engined,Alexander Kolb (D)/Richard Karner (CH)/Maximlian Werndl (D)/Olaf Hoppelshäuser (D),NA,NA,NA,23/02/2018,Fabrice Bergenhuizen,Aston Martin,V8 Vantage,NA,NA,Result: 31st 1st in SP10 GT (21 laps behind the winner)Grid: 63rd (9:49.1110) - 64th fastest qualifier,31st 1st in SP10 GT (21 laps behind the winner)Grid: 63rd (9:49.1110) - 64th fastest qualifier,finished,63,9:49.1110,21 laps behind the winner,NA,https://www.racingsportscars.com/tn/photo/2009/TN_Nurburgring-2009-05-24-009.jpg,https://www.racingsportscars.com/photo/2009/Nurburgring-2009-05-24-009.jpg,https://www.racingsportscars.com/make/photo/Aston%20Martin.html,https://www.racingsportscars.com/type/photo/Aston%20Martin/V8%20Vantage.html,NA,NA
2009,89,Mitsubishi Lancer Evo X - Mitsubishi,32,SP3T,,-,-,Karsten Quadder (D)/Uwe Nittel (D)/Takao Matsui (D)/Tobias Hagenmeyer (D),NA,NA,NA,NA,NA,Mitsubishi,Lancer,NA,Evo X,Result: 32nd (22 laps behind the winner)Grid: 90th (10:06.5800) - 91st fastest qualifier,32nd (22 laps behind the winner)Grid: 90th (10:06.5800) - 91st fastest qualifier,finished,90,10:06.5800,22 laps behind the winner,NA,https://www.racingsportscars.com/images/car_no_photo.png,https://www.racingsportscars.com/about.html#contrib,https://www.racingsportscars.com/make/photo/Mitsubishi.html,https://www.racingsportscars.com/type/photo/Mitsubishi/Lancer.html,NA,https://www.racingsportscars.com/suffix/photo/Mitsubishi/Lancer/Evo%20X.html
2009,86,Subaru GRB - Subaru,33,SP3T,,-,-,Kazuo Shimizu (J)/Toshihiro Yoshida (J)/Naoki Hattori (J)/Kouji Matsuda (J),NA,NA,NA,23/02/2018,Fabrice Bergenhuizen,Subaru,GRB,NA,NA,Result: 33rd (22 laps behind the winner)Grid: 73rd (9:53.9140) - 74th fastest qualifier,33rd (22 laps behind the winner)Grid: 73rd (9:53.9140) - 74th fastest qualifier,finished,73,9:53.9140,22 laps behind the winner,NA,https://www.racingsportscars.com/tn/photo/2009/TN_Nurburgring-2009-05-24-086.jpg,https://www.racingsportscars.com/photo/2009/Nurburgring-2009-05-24-086.jpg,https://www.racingsportscars.com/make/photo/Subaru.html,https://www.racingsportscars.com/type/photo/Subaru/GRB.html,NA,NA
2009,173,BMW Z4 - BMW,34,V5,Dolate Motorsport,-,-,Matthias Unger (D)/Daniel Zils (D)/Uwe Ebertz (D)/Timo Schupp (D),NA,NA,NA,23/02/2018,Fabrice Bergenhuizen,BMW,Z4,NA,NA,Result: 34th 1st in V5 (23 laps behind the winner)Grid: 97th (10:12.6350) - 98th fastest qualifier,34th 1st in V5 (23 laps behind the winner)Grid: 97th (10:12.6350) - 98th fastest qualifier,finished,97,10:12.6350,23 laps behind the winner,NA,https://www.racingsportscars.com/tn/photo/2009/TN_Nurburgring-2009-05-24-173.jpg,https://www.racingsportscars.com/photo/2009/Nurburgring-2009-05-24-173.jpg,https://www.racingsportscars.com/make/photo/BMW.html,https://www.racingsportscars.com/type/photo/BMW/Z4.html,NA,NA
2009,178,BMW M3 - BMW,35,V5,,Closed bodywork,Front-engined,Oliver Rövenich (D)/Peter Bonk (D)/Wolf Silvester (D)/Stefan Aust (D),NA,NA,NA,NA,NA,BMW,M3,NA,NA,Result: 35th (23 laps behind the winner)Grid: 100th (10:15.3590) - 101st fastest qualifier,35th (23 laps behind the winner)Grid: 100th (10:15.3590) - 101st fastest qualifier,finished,100,10:15.3590,23 laps behind the winner,NA,https://www.racingsportscars.com/images/car_no_photo.png,https://www.racingsportscars.com/about.html#contrib,https://www.racingsportscars.com/make/photo/BMW.html,https://www.racingsportscars.com/type/photo/BMW/M3.html,NA,NA
2009,8,Aston Martin V8 Vantage - Aston Martin V8/90° 4v DOHC N/A,36,SP10 GT,(D),Closed bodywork,Front-engined,Wolfgang Schuhbauer (D)/Shin'ichi Katsura (J)/Horst von Saurma-Jeltsch (D)/Ulrich Bez (D),NA,NA,NA,NA,NA,Aston Martin,V8 Vantage,NA,NA,Result: 36th (23 laps behind the winner)Grid: 70th (9:52.5390) - 71st fastest qualifier,36th (23 laps behind the winner)Grid: 70th (9:52.5390) - 71st fastest qualifier,finished,70,9:52.5390,23 laps behind the winner,NA,https://www.racingsportscars.com/images/car_no_photo.png,https://www.racingsportscars.com/about.html#contrib,https://www.racingsportscars.com/make/photo/Aston%20Martin.html,https://www.racingsportscars.com/type/photo/Aston%20Martin/V8%20Vantage.html,NA,NA
2009,33,Porsche 996 GT3 Cup - Porsche F6 4v DOHC N/A,37,SP7,Porsche Center Boras,Closed bodywork,Rear-engined,Christer Pernvall (S)/Claés Lund (S)/Hans Andreasson (S),NA,NA,NA,NA,NA,Porsche,996 GT3 Cup,NA,NA,Result: 37th (23 laps behind the winner)Grid: 62nd (9:49.0620) - 63rd fastest qualifier,37th (23 laps behind the winner)Grid: 62nd (9:49.0620) - 63rd fastest qualifier,finished,62,9:49.0620,23 laps behind the winner,NA,https://www.racingsportscars.com/images/car_no_photo.png,https://www.racingsportscars.com/about.html#contrib,https://www.racingsportscars.com/make/photo/Porsche.html,https://www.racingsportscars.com/type/photo/Porsche/996%20GT3%20Cup.html,NA,NA
2009,96,BMW 135 i - BMW,38,SP8T,,-,-,Dierk Möller-Sonntag (D)/Guido Naumann (D)/Rolf Scheibner (D)/Markus Großmann (D),NA,NA,NA,23/02/2018,Fabrice Bergenhuizen,BMW,135,NA,i,Result: 38th 1st in SP8T (23 laps behind the winner)Grid: 86th (10:02.6470) - 87th fastest qualifier,38th 1st in SP8T (23 laps behind the winner)Grid: 86th (10:02.6470) - 87th fastest qualifier,finished,86,10:02.6470,23 laps behind the winner,NA,https://www.racingsportscars.com/tn/photo/2009/TN_Nurburgring-2009-05-24-096.jpg,https://www.racingsportscars.com/photo/2009/Nurburgring-2009-05-24-096.jpg,https://www.racingsportscars.com/make/photo/BMW.html,https://www.racingsportscars.com/type/photo/BMW/135.html,NA,https://www.racingsportscars.com/suffix/photo/BMW/135/i.html
2009,81,BMW Compact - BMW,39,SP5,Live-Strip.com Racing,-,-,Ulrich Neuser/Nicky Nufer/Fabian Plentz (D)/Dennis Nägele,NA,NA,NA,23/02/2018,Fabrice Bergenhuizen,BMW,Compact,NA,NA,Result: 39th (24 laps behind the winner)Grid: 72nd (9:53.7240) - 73rd fastest qualifier,39th (24 laps behind the winner)Grid: 72nd (9:53.7240) - 73rd fastest qualifier,finished,72,9:53.7240,24 laps behind the winner,NA,https://www.racingsportscars.com/tn/photo/2009/TN_Nurburgring-2009-05-24-081.jpg,https://www.racingsportscars.com/photo/2009/Nurburgring-2009-05-24-081.jpg,https://www.racingsportscars.com/make/photo/BMW.html,https://www.racingsportscars.com/type/photo/BMW/Compact.html,NA,NA
2009,188,BMW M3 E46 - BMW,40,V6,Sartorius Team Black Falcon,Closed bodywork,Front-engined,Ralf Willems (GB)/Maik Rosenberg (D)/Andrew Baughan/Sean Paul Breslin (IRL),NA,NA,NA,23/02/2018,Fabrice Bergenhuizen,BMW,M3,NA,E46,Result: 40th 1st in V6 (24 laps behind the winner)Grid: 80th (9:59.3890) - 81st fastest qualifier,40th 1st in V6 (24 laps behind the winner)Grid: 80th (9:59.3890) - 81st fastest qualifier,finished,80,9:59.3890,24 laps behind the winner,NA,https://www.racingsportscars.com/tn/photo/2009/TN_Nurburgring-2009-05-24-188.jpg,https://www.racingsportscars.com/photo/2009/Nurburgring-2009-05-24-188.jpg,https://www.racingsportscars.com/make/photo/BMW.html,https://www.racingsportscars.com/type/photo/BMW/M3.html,NA,https://www.racingsportscars.com/suffix/photo/BMW/M3/E46.html
2009,171,BMW M3 - BMW,41,V5,,Closed bodywork,Front-engined,Werner Gusenbauer (D)/Alexander Schula (D)/Andreas Herwerth (D)/Rainer Kathan (D),NA,NA,NA,NA,NA,BMW,M3,NA,NA,Result: 41st (25 laps behind the winner)Grid: 93rd (10:10.8680) - 94th fastest qualifier,41st (25 laps behind the winner)Grid: 93rd (10:10.8680) - 94th fastest qualifier,finished,93,10:10.8680,25 laps behind the winner,NA,https://www.racingsportscars.com/images/car_no_photo.png,https://www.racingsportscars.com/about.html#contrib,https://www.racingsportscars.com/make/photo/BMW.html,https://www.racingsportscars.com/type/photo/BMW/M3.html,NA,NA
2009,169,BMW M3 - BMW,42,V5,Racing Team Ukraine,Closed bodywork,Front-engined,Alexgi Mochanov/Andrii Kruglyk (UA)/Alexander Gayday (UA)/Aleksey Basov (RUS),NA,NA,NA,NA,NA,BMW,M3,NA,NA,Result: 42nd (25 laps behind the winner)Grid: 91st (10:07.2160) - 92nd fastest qualifier,42nd (25 laps behind the winner)Grid: 91st (10:07.2160) - 92nd fastest qualifier,finished,91,10:07.2160,25 laps behind the winner,NA,https://www.racingsportscars.com/images/car_no_photo.png,https://www.racingsportscars.com/about.html#contrib,https://www.racingsportscars.com/make/photo/BMW.html,https://www.racingsportscars.com/type/photo/BMW/M3.html,NA,NA
2009,176,BMW Z4 - BMW,43,SP5,Sartorius Team Black Falcon,-,-,Daniel Schwerfeld (D)/Erik Weijers (NL)/Ron Swart/Marc Colell,NA,NA,NA,NA,NA,BMW,Z4,NA,NA,Result: 43rd (25 laps behind the winner)Grid: 103rd (10:18.0940) - 104th fastest qualifier,43rd (25 laps behind the winner)Grid: 103rd (10:18.0940) - 104th fastest qualifier,finished,103,10:18.0940,25 laps behind the winner,NA,https://www.racingsportscars.com/images/car_no_photo.png,https://www.racingsportscars.com/about.html#contrib,https://www.racingsportscars.com/make/photo/BMW.html,https://www.racingsportscars.com/type/photo/BMW/Z4.html,NA,NA
2009,149,BMW 330d - BMW TDi,44,D3T,RG Berg Gladbach e.V. im ADAC,Closed bodywork,Front-engined,Thomas Haider (D)/Rainer Kutsch/Ralf Kraus (D)/Christian Jacobsen,NA,NA,NA,NA,NA,BMW,330d,NA,NA,Result: 44th 1st in D3T (25 laps behind the winner)Grid: 112th (10:24.7300) - 114th fastest qualifier,44th 1st in D3T (25 laps behind the winner)Grid: 112th (10:24.7300) - 114th fastest qualifier,finished,112,10:24.7300,25 laps behind the winner,NA,https://www.racingsportscars.com/images/car_no_photo.png,https://www.racingsportscars.com/about.html#contrib,https://www.racingsportscars.com/make/photo/BMW.html,https://www.racingsportscars.com/type/photo/BMW/330d.html,NA,NA
2009,184,Porsche 996 - Porsche,45,V6,MS Racing GbR (D),Closed bodywork,Rear-engined,Harald Böttner/Hans Stuckenbrock (D)/Marco Poltera,NA,NA,NA,NA,NA,Porsche,996,NA,NA,Result: 45th 1st in V6 (25 laps behind the winner)Grid: 78th (9:57.6320) - 79th fastest qualifier,45th 1st in V6 (25 laps behind the winner)Grid: 78th (9:57.6320) - 79th fastest qualifier,finished,78,9:57.6320,25 laps behind the winner,NA,https://www.racingsportscars.com/images/car_no_photo.png,https://www.racingsportscars.com/about.html#contrib,https://www.racingsportscars.com/make/photo/Porsche.html,https://www.racingsportscars.com/type/photo/Porsche/996.html,NA,NA
2009,83,Audi A3 - Audi,46,SP3T,,-,-,Roland Waschkau (D)/Rudi Speich (D)/Klaus Hormes,NA,NA,NA,23/02/2018,Fabrice Bergenhuizen,Audi,A3,NA,NA,Result: 46th (26 laps behind the winner)Grid: 81st (9:59.8000) - 82nd fastest qualifier,46th (26 laps behind the winner)Grid: 81st (9:59.8000) - 82nd fastest qualifier,finished,81,9:59.8000,26 laps behind the winner,NA,https://www.racingsportscars.com/tn/photo/2009/TN_Nurburgring-2009-05-24-083.jpg,https://www.racingsportscars.com/photo/2009/Nurburgring-2009-05-24-083.jpg,https://www.racingsportscars.com/make/photo/Audi.html,https://www.racingsportscars.com/type/photo/Audi/A3.html,NA,NA
2009,60,BMW M3 E92 GT4 - BMW S65 B40 V8 3999 cc N/A,47,SP10 GT,Motorsport Arena Oschersleben,Closed bodywork,Front-engined,/Andy Priaulx (GB)/Jochen Übler (D)/Jörg Müller (D)/Marcus Schurig,NA,NA,NA,23/02/2018,Fabrice Bergenhuizen,BMW,M3,NA,E92 GT4,Result: 47th (26 laps behind the winner)Grid: 57th (9:41.6640),47th (26 laps behind the winner)Grid: 57th (9:41.6640),finished,57,9:41.6640,26 laps behind the winner,NA,https://www.racingsportscars.com/tn/photo/2009/TN_Nurburgring-2009-05-24-060.jpg,https://www.racingsportscars.com/photo/2009/Nurburgring-2009-05-24-060.jpg,https://www.racingsportscars.com/make/photo/BMW.html,https://www.racingsportscars.com/type/photo/BMW/M3.html,NA,https://www.racingsportscars.com/suffix/photo/BMW/M3/E92%20GT4.html
2009,124,Porsche 997 GT3 Cup S - Porsche F6 4v DOHC N/A,48,SP9 GT3,Mühlner Motorsport SPRL,Closed bodywork,Rear-engined,"Dieter Schornstein, Jr. (D)/Ulf Karlsson (S)/Mark Thomas (CDN)/Oliver Kainz (D)",NA,NA,NA,23/02/2018,Fabrice Bergenhuizen,Porsche,997 GT3 Cup,NA,S,Result: 48th (26 laps behind the winner)Grid: 22nd (8:56.9920),48th (26 laps behind the winner)Grid: 22nd (8:56.9920),finished,22,8:56.9920,26 laps behind the winner,NA,https://www.racingsportscars.com/tn/photo/2009/TN_Nurburgring-2009-05-24-124.jpg,https://www.racingsportscars.com/photo/2009/Nurburgring-2009-05-24-124.jpg,https://www.racingsportscars.com/make/photo/Porsche.html,https://www.racingsportscars.com/type/photo/Porsche/997%20GT3%20Cup.html,NA,https://www.racingsportscars.com/suffix/photo/Porsche/997%20GT3%20Cup/S.html
2009,148,BMW 335d GTR # - BMW,49,D3T,,-,-,Henning Meyersrenken/Thomas Haider (D)/Reinhard Schall (D)/Günter Beckers,NA,NA,NA,23/02/2018,Fabrice Bergenhuizen,BMW,335d,#,GTR,Result: 49th (27 laps behind the winner)Grid: 65th (9:49.9130) - 66th fastest qualifier,49th (27 laps behind the winner)Grid: 65th (9:49.9130) - 66th fastest qualifier,finished,65,9:49.9130,27 laps behind the winner,NA,https://www.racingsportscars.com/tn/photo/2009/TN_Nurburgring-2009-05-24-148.jpg,https://www.racingsportscars.com/photo/2009/Nurburgring-2009-05-24-148.jpg,https://www.racingsportscars.com/make/photo/BMW.html,https://www.racingsportscars.com/type/photo/BMW/335d.html,https://www.racingsportscars.com/chassis/photo/335d-Meyersrenken%23.html,https://www.racingsportscars.com/suffix/photo/BMW/335d/GTR.html
2009,175,BMW Z4 M Coupe - BMW,50,V5,,-,-,Reinhard Huber (D)/Matthias Pahlke/Chris Rendlen (D)/Peter Rubatto,NA,NA,NA,NA,NA,BMW,Z4,NA,M Coupe,Result: 50th (27 laps behind the winner)Grid: 105th (10:18.5360) - 106th fastest qualifier,50th (27 laps behind the winner)Grid: 105th (10:18.5360) - 106th fastest qualifier,finished,105,10:18.5360,27 laps behind the winner,NA,https://www.racingsportscars.com/images/car_no_photo.png,https://www.racingsportscars.com/about.html#contrib,https://www.racingsportscars.com/make/photo/BMW.html,https://www.racingsportscars.com/type/photo/BMW/Z4.html,NA,https://www.racingsportscars.com/suffix/photo/BMW/Z4/M%20Coupe.html
2009,119,Seat León Supercopa - Seat,51,SP3T,,-,-,Klaus Werner (D)/Michael Budde/Martin Kinzler/Frank Borkowsky,NA,NA,NA,23/02/2018,Fabrice Bergenhuizen,Seat,León,NA,Supercopa,Result: 51st (27 laps behind the winner)Grid: 162nd (11:57.0031) - 164th fastest qualifier,51st (27 laps behind the winner)Grid: 162nd (11:57.0031) - 164th fastest qualifier,finished,162,11:57.0031,27 laps behind the winner,NA,https://www.racingsportscars.com/tn/photo/2009/TN_Nurburgring-2009-05-24-119.jpg,https://www.racingsportscars.com/photo/2009/Nurburgring-2009-05-24-119.jpg,https://www.racingsportscars.com/make/photo/Seat.html,https://www.racingsportscars.com/type/photo/Seat/Le%c3%b3n.html,NA,https://www.racingsportscars.com/suffix/photo/Seat/Le%c3%b3n/Supercopa.html
2009,164,BMW 325i E46 - BMW,52,V4,MSC Ruhr-Blitz Bochum e.V. i. ADAC,-,-,Michael Eichhorn (D)/Roland Botor (D)/Frank Aust,NA,NA,NA,NA,NA,BMW,325i,NA,E46,Result: 52nd 1st in V4 (28 laps behind the winner)Grid: 126th (10:38.5070) - 128th fastest qualifier,52nd 1st in V4 (28 laps behind the winner)Grid: 126th (10:38.5070) - 128th fastest qualifier,finished,126,10:38.5070,28 laps behind the winner,NA,https://www.racingsportscars.com/images/car_no_photo.png,https://www.racingsportscars.com/about.html#contrib,https://www.racingsportscars.com/make/photo/BMW.html,https://www.racingsportscars.com/type/photo/BMW/325i.html,NA,https://www.racingsportscars.com/suffix/photo/BMW/325i/E46.html
2009,136,VW Golf V TDi - VW,53,D1T,,Closed bodywork,Front-engined,Eberhard Rattunde/Maurice O'Reilly (NZ)/Wayne Moore (NZ)/Heinrich Immig,NA,NA,NA,NA,NA,VW,Golf,NA,V TDi,Result: 53rd (28 laps behind the winner)Grid: 143rd (10:54.2830) - 145th fastest qualifier,53rd (28 laps behind the winner)Grid: 143rd (10:54.2830) - 145th fastest qualifier,finished,143,10:54.2830,28 laps behind the winner,NA,https://www.racingsportscars.com/images/car_no_photo.png,https://www.racingsportscars.com/about.html#contrib,https://www.racingsportscars.com/make/photo/VW.html,https://www.racingsportscars.com/type/photo/VW/Golf.html,NA,https://www.racingsportscars.com/suffix/photo/VW/Golf/V%20TDi.html
2009,20,Aston Martin V8 Vantage N24 - Aston Martin V8/90° 4v DOHC 4280 cc N/A,54,SP10 GT,,Closed bodywork,Front-engined,Arnold Herreman (B)/Kurt Dujardyn (B)/Anton Gonnissen (B)/Jean-Paul Herreman (B),NA,NA,NA,23/02/2018,Fabrice Bergenhuizen,Aston Martin,V8 Vantage,NA,N24,Result: 54th (28 laps behind the winner)Grid: 123rd (10:35.2321) - 125th fastest qualifier,54th (28 laps behind the winner)Grid: 123rd (10:35.2321) - 125th fastest qualifier,finished,123,10:35.2321,28 laps behind the winner,NA,https://www.racingsportscars.com/tn/photo/2009/TN_Nurburgring-2009-05-24-020.jpg,https://www.racingsportscars.com/photo/2009/Nurburgring-2009-05-24-020.jpg,https://www.racingsportscars.com/make/photo/Aston%20Martin.html,https://www.racingsportscars.com/type/photo/Aston%20Martin/V8%20Vantage.html,NA,https://www.racingsportscars.com/suffix/photo/Aston%20Martin/V8%20Vantage/N24.html
2009,142,BMW 120d - BMW,55,D1T,BMW Team Hungary,-,-,Laszlo Palik (H)/Janos Vida/Csaba Walter (H)/Gábor Wéber,NA,NA,NA,23/02/2018,Fabrice Bergenhuizen,BMW,120d,NA,NA,Result: 55th (29 laps behind the winner)Grid: 77th (9:57.5010) - 78th fastest qualifier,55th (29 laps behind the winner)Grid: 77th (9:57.5010) - 78th fastest qualifier,finished,77,9:57.5010,29 laps behind the winner,NA,https://www.racingsportscars.com/tn/photo/2009/TN_Nurburgring-2009-05-24-142.jpg,https://www.racingsportscars.com/photo/2009/Nurburgring-2009-05-24-142.jpg,https://www.racingsportscars.com/make/photo/BMW.html,https://www.racingsportscars.com/type/photo/BMW/120d.html,NA,NA
2009,48,BMW M3 E46 - BMW,56,SP6,,Closed bodywork,Front-engined,Guy Povey (GB)/Graham Coomes (GB)/Denis Cribbin/Allan Shephard (AUS),NA,NA,NA,23/02/2018,Fabrice Bergenhuizen,BMW,M3,NA,E46,Result: 56th (29 laps behind the winner)Grid: 69th (9:51.8910) - 70th fastest qualifier,56th (29 laps behind the winner)Grid: 69th (9:51.8910) - 70th fastest qualifier,finished,69,9:51.8910,29 laps behind the winner,NA,https://www.racingsportscars.com/tn/photo/2009/TN_Nurburgring-2009-05-24-048.jpg,https://www.racingsportscars.com/photo/2009/Nurburgring-2009-05-24-048.jpg,https://www.racingsportscars.com/make/photo/BMW.html,https://www.racingsportscars.com/type/photo/BMW/M3.html,NA,https://www.racingsportscars.com/suffix/photo/BMW/M3/E46.html
2009,180,BMW M3 GT - BMW,57,V5,MSC Rhön e.V. im AvD,Closed bodywork,Front-engined,Ulli Packeisen (D)/Maurizio Cavallari/Richard Purtscher (A),NA,NA,NA,NA,NA,BMW,M3,NA,GT,Result: 57th (30 laps behind the winner)Grid: 107th (10:20.8560) - 108th fastest qualifier,57th (30 laps behind the winner)Grid: 107th (10:20.8560) - 108th fastest qualifier,finished,107,10:20.8560,30 laps behind the winner,NA,https://www.racingsportscars.com/images/car_no_photo.png,https://www.racingsportscars.com/about.html#contrib,https://www.racingsportscars.com/make/photo/BMW.html,https://www.racingsportscars.com/type/photo/BMW/M3.html,NA,https://www.racingsportscars.com/suffix/photo/BMW/M3/GT.html
2009,63,BMW M3 E46 - BMW,58,SP5,,Closed bodywork,Front-engined,Michael Tischner (D)/Ulrich Becker (D)/Klaus Völker (D)/Ulli Tischner,NA,NA,NA,23/02/2018,Fabrice Bergenhuizen,BMW,M3,NA,E46,Result: 58th (30 laps behind the winner)Grid: 48th (9:32.6830),58th (30 laps behind the winner)Grid: 48th (9:32.6830),finished,48,9:32.6830,30 laps behind the winner,NA,https://www.racingsportscars.com/tn/photo/2009/TN_Nurburgring-2009-05-24-063.jpg,https://www.racingsportscars.com/photo/2009/Nurburgring-2009-05-24-063.jpg,https://www.racingsportscars.com/make/photo/BMW.html,https://www.racingsportscars.com/type/photo/BMW/M3.html,NA,https://www.racingsportscars.com/suffix/photo/BMW/M3/E46.html
2009,157,BMW 318 is E36 - BMW,59,V3,MSC Wahlscheid e.V. i. ADAC,-,-,Michael Jestädt (D)/Rolf Derscheid/Michael Flehmer/Werner Schlehecker (D),NA,NA,NA,NA,NA,BMW,318,NA,is E36,Result: 59th 1st in V3 (30 laps behind the winner)Grid: 136th (10:49.0940) - 138th fastest qualifier,59th 1st in V3 (30 laps behind the winner)Grid: 136th (10:49.0940) - 138th fastest qualifier,finished,136,10:49.0940,30 laps behind the winner,NA,https://www.racingsportscars.com/images/car_no_photo.png,https://www.racingsportscars.com/about.html#contrib,https://www.racingsportscars.com/make/photo/BMW.html,https://www.racingsportscars.com/type/photo/BMW/318.html,NA,https://www.racingsportscars.com/suffix/photo/BMW/318/is%20E36.html
2009,160,Mercedes-Benz 190 E 2.5-16 # - Mercedes-Benz L4 4v N/A,60,V4,,Closed bodywork,Front-engined,Frank Hempel/Hannes Pfledderer (D)/Gunther Stecher,NA,NA,NA,NA,NA,Mercedes-Benz,190 E,#,2.5-16,Result: 60th (31 laps behind the winner)Grid: 131st (10:42.2600) - 133rd fastest qualifier,60th (31 laps behind the winner)Grid: 131st (10:42.2600) - 133rd fastest qualifier,finished,131,10:42.2600,31 laps behind the winner,NA,https://www.racingsportscars.com/images/car_no_photo.png,https://www.racingsportscars.com/about.html#contrib,https://www.racingsportscars.com/make/photo/Mercedes-Benz.html,https://www.racingsportscars.com/type/photo/Mercedes-Benz/190%20E.html,https://www.racingsportscars.com/chassis/photo/190E-Hampel%23.html,https://www.racingsportscars.com/suffix/photo/Mercedes-Benz/190%20E/2.5-16.html
2009,163,BMW 325i E46 - BMW,61,V4,Dolate Motorsport,-,-,Jürgen Meyer (D)/Uwe Frey/Titus Dittmann (D)/Julius Dittmann (D),NA,NA,NA,NA,NA,BMW,325i,NA,E46,Result: 61st (31 laps behind the winner)Grid: 142nd (10:52.4399) - 144th fastest qualifier,61st (31 laps behind the winner)Grid: 142nd (10:52.4399) - 144th fastest qualifier,finished,142,10:52.4399,31 laps behind the winner,NA,https://www.racingsportscars.com/images/car_no_photo.png,https://www.racingsportscars.com/about.html#contrib,https://www.racingsportscars.com/make/photo/BMW.html,https://www.racingsportscars.com/type/photo/BMW/325i.html,NA,https://www.racingsportscars.com/suffix/photo/BMW/325i/E46.html
2009,76,Ford Mondeo - Ford,62,SP4T,,-,-,Jens Ludmann (D)/Jürgen Gagstatter (D)/Guido Bühler/Stephan Wölflick (D),NA,NA,NA,NA,NA,Ford,Mondeo,NA,NA,Result: 62nd 1st in SP4T (32 laps behind the winner)Grid: 124th (10:35.7430) - 126th fastest qualifier,62nd 1st in SP4T (32 laps behind the winner)Grid: 124th (10:35.7430) - 126th fastest qualifier,finished,124,10:35.7430,32 laps behind the winner,NA,https://www.racingsportscars.com/images/car_no_photo.png,https://www.racingsportscars.com/about.html#contrib,https://www.racingsportscars.com/make/photo/Ford.html,https://www.racingsportscars.com/type/photo/Ford/Mondeo.html,NA,NA
2009,57,BMW M3 - BMW,63,SP5,,Closed bodywork,Front-engined,Reiner Bardenheuer (D)/Friedrich Obermeier (CH)/Friedhelm Obermeier (CH)/Hans Schütt,NA,NA,NA,NA,NA,BMW,M3,NA,NA,Result: 63rd (32 laps behind the winner)Grid: 119th (10:30.8311) - 121st fastest qualifier,63rd (32 laps behind the winner)Grid: 119th (10:30.8311) - 121st fastest qualifier,finished,119,10:30.8311,32 laps behind the winner,NA,https://www.racingsportscars.com/images/car_no_photo.png,https://www.racingsportscars.com/about.html#contrib,https://www.racingsportscars.com/make/photo/BMW.html,https://www.racingsportscars.com/type/photo/BMW/M3.html,NA,NA
2009,95,BMW 135 i - BMW,64,SP8T,,-,-,Otto Hofmayer/Thomas Kroher/Christian Gebhardt (D)/Philipp Leisen (D),NA,NA,NA,23/02/2018,Fabrice Bergenhuizen,BMW,135,NA,i,Result: 64th (32 laps behind the winner)Grid: 66th (9:50.4160) - 67th fastest qualifier,64th (32 laps behind the winner)Grid: 66th (9:50.4160) - 67th fastest qualifier,finished,66,9:50.4160,32 laps behind the winner,NA,https://www.racingsportscars.com/tn/photo/2009/TN_Nurburgring-2009-05-24-095.jpg,https://www.racingsportscars.com/photo/2009/Nurburgring-2009-05-24-095.jpg,https://www.racingsportscars.com/make/photo/BMW.html,https://www.racingsportscars.com/type/photo/BMW/135.html,NA,https://www.racingsportscars.com/suffix/photo/BMW/135/i.html
2009,121,Opel Astra GTC - Opel,65,SP3,Kissling Motorsport,-,-,Marco Wolf/Heinz-Otto Fritzsche (D)/Jürgen Fritzsche (D)/Stefan Kissling (D),NA,NA,NA,23/02/2018,Fabrice Bergenhuizen,Opel,Astra,NA,GTC,Result: 65th 1st in SP3 (33 laps behind the winner)Grid: 58th (9:45.3530) - 59th fastest qualifier,65th 1st in SP3 (33 laps behind the winner)Grid: 58th (9:45.3530) - 59th fastest qualifier,finished,58,9:45.3530,33 laps behind the winner,NA,https://www.racingsportscars.com/tn/photo/2009/TN_Nurburgring-2009-05-24-121.jpg,https://www.racingsportscars.com/photo/2009/Nurburgring-2009-05-24-121.jpg,https://www.racingsportscars.com/make/photo/Opel.html,https://www.racingsportscars.com/type/photo/Opel/Astra.html,NA,https://www.racingsportscars.com/suffix/photo/Opel/Astra/GTC.html
2009,154,BMW 318 is - BMW,66,V3,,-,-,Thomas Simon (D)/Ronald Rumm/Karl-Heinz Willmann/Kornelius Hoffmann (D),NA,NA,NA,NA,NA,BMW,318,NA,is,Result: 66th (33 laps behind the winner)Grid: 158th (11:26.5450) - 160th fastest qualifier,66th (33 laps behind the winner)Grid: 158th (11:26.5450) - 160th fastest qualifier,finished,158,11:26.5450,33 laps behind the winner,NA,https://www.racingsportscars.com/images/car_no_photo.png,https://www.racingsportscars.com/about.html#contrib,https://www.racingsportscars.com/make/photo/BMW.html,https://www.racingsportscars.com/type/photo/BMW/318.html,NA,https://www.racingsportscars.com/suffix/photo/BMW/318/is.html
2009,52,BMW M3 E46 WTCC - BMW,67,SP6,Team ROWE Motorsport,Closed bodywork,Front-engined,Marco Schelp (D)/Thomas Kappeler (D)/Donald Molenaar (NL)/Arnaud Peyroles (F),NA,NA,NA,23/02/2018,Fabrice Bergenhuizen,BMW,M3,NA,E46 WTCC,Result: 67th (33 laps behind the winner)Grid: 38th (9:21.5980),67th (33 laps behind the winner)Grid: 38th (9:21.5980),finished,38,9:21.5980,33 laps behind the winner,NA,https://www.racingsportscars.com/tn/photo/2009/TN_Nurburgring-2009-05-24-052.jpg,https://www.racingsportscars.com/photo/2009/Nurburgring-2009-05-24-052.jpg,https://www.racingsportscars.com/make/photo/BMW.html,https://www.racingsportscars.com/type/photo/BMW/M3.html,NA,https://www.racingsportscars.com/suffix/photo/BMW/M3/E46%20WTCC.html
2009,64,BMW M3 - BMW,68,SP5,,Closed bodywork,Front-engined,Roberto Ragazzi (I)/Giuseppe Arlotti (I)/Bruno Barbaro (I)/Fabrizio Gini (I),NA,NA,NA,23/02/2018,Fabrice Bergenhuizen,BMW,M3,NA,NA,Result: 68th (33 laps behind the winner)Grid: 110th (10:24.3330) - 112th fastest qualifier,68th (33 laps behind the winner)Grid: 110th (10:24.3330) - 112th fastest qualifier,finished,110,10:24.3330,33 laps behind the winner,NA,https://www.racingsportscars.com/tn/photo/2009/TN_Nurburgring-2009-05-24-064.jpg,https://www.racingsportscars.com/photo/2009/Nurburgring-2009-05-24-064.jpg,https://www.racingsportscars.com/make/photo/BMW.html,https://www.racingsportscars.com/type/photo/BMW/M3.html,NA,NA
2009,162,BMW 325i E90 - BMW,69,V4,Sartorius Team Black Falcon,-,-,Alexander Böhm (D)/Andrii Lebed (UA)/Kai Riebetz (D)/Sebastian Kamps,NA,NA,NA,NA,NA,BMW,325i,NA,E90,Result: 69th (34 laps behind the winner)Grid: 115th (10:28.5710) - 117th fastest qualifier,69th (34 laps behind the winner)Grid: 115th (10:28.5710) - 117th fastest qualifier,finished,115,10:28.5710,34 laps behind the winner,NA,https://www.racingsportscars.com/images/car_no_photo.png,https://www.racingsportscars.com/about.html#contrib,https://www.racingsportscars.com/make/photo/BMW.html,https://www.racingsportscars.com/type/photo/BMW/325i.html,NA,https://www.racingsportscars.com/suffix/photo/BMW/325i/E90.html
2009,152,BMW 318 is - BMW,70,V3,,-,-,Günter Memminger (D)/Stefan Memminger (D)/Christoph Unterhuber,NA,NA,NA,NA,NA,BMW,318,NA,is,Result: 70th (34 laps behind the winner)Grid: 148th (11:04.6240) - 150th fastest qualifier,70th (34 laps behind the winner)Grid: 148th (11:04.6240) - 150th fastest qualifier,finished,148,11:04.6240,34 laps behind the winner,NA,https://www.racingsportscars.com/images/car_no_photo.png,https://www.racingsportscars.com/about.html#contrib,https://www.racingsportscars.com/make/photo/BMW.html,https://www.racingsportscars.com/type/photo/BMW/318.html,NA,https://www.racingsportscars.com/suffix/photo/BMW/318/is.html
2009,190,Honda Civic Type R - Honda,71,N2,,-,-,Frank Kuhlmann (D)/Sascha Gies (D)/Frank Janetzky/Thomas Heitmann (D),NA,NA,NA,NA,NA,Honda,Civic,NA,Type R,Result: 71st 1st in N2 (34 laps behind the winner)Grid: 145th (10:55.5020) - 147th fastest qualifier,71st 1st in N2 (34 laps behind the winner)Grid: 145th (10:55.5020) - 147th fastest qualifier,finished,145,10:55.5020,34 laps behind the winner,NA,https://www.racingsportscars.com/images/car_no_photo.png,https://www.racingsportscars.com/about.html#contrib,https://www.racingsportscars.com/make/photo/Honda.html,https://www.racingsportscars.com/type/photo/Honda/Civic.html,NA,https://www.racingsportscars.com/suffix/photo/Honda/Civic/Type%20R.html
2009,161,BMW 325i E90 - BMW,72,V4,,-,-,Josef Knechtges/Carsten Knechtges (D)/Mirko Keller (D)/Sven Esch,NA,NA,NA,NA,NA,BMW,325i,NA,E90,Result: 72nd (35 laps behind the winner)Grid: 118th (10:30.5320) - 120th fastest qualifier,72nd (35 laps behind the winner)Grid: 118th (10:30.5320) - 120th fastest qualifier,finished,118,10:30.5320,35 laps behind the winner,NA,https://www.racingsportscars.com/images/car_no_photo.png,https://www.racingsportscars.com/about.html#contrib,https://www.racingsportscars.com/make/photo/BMW.html,https://www.racingsportscars.com/type/photo/BMW/325i.html,NA,https://www.racingsportscars.com/suffix/photo/BMW/325i/E90.html
2009,131,BMW 120d # - BMW,73,D1T,Marcos Racing Int.,-,-,Hal Prewitt (USA)/Jim Briody (USA)/Toto Lassally (ES)/Cor Euser (NL),NA,NA,NA,02/08/2025,Gijs Bunschoten AutoSportCards.nl,BMW,120d,#,NA,Result: 73rd (35 laps behind the winner)Grid: 133rd (10:43.5680) - 135th fastest qualifier,73rd (35 laps behind the winner)Grid: 133rd (10:43.5680) - 135th fastest qualifier,finished,133,10:43.5680,35 laps behind the winner,NA,https://www.racingsportscars.com/tn/photo/2009/TN_Nurburgring-2009-05-24-131.jpg,https://www.racingsportscars.com/photo/2009/Nurburgring-2009-05-24-131.jpg,https://www.racingsportscars.com/make/photo/BMW.html,https://www.racingsportscars.com/type/photo/BMW/120d.html,https://www.racingsportscars.com/chassis/photo/120D-Prewitt%23.html,NA
2009,181,BMW M3 GT - BMW,74,V5,MSC Rhön e.V. im AvD,Closed bodywork,Front-engined,Gerd Niemeyer/Armin Zumtobel (A)/Erich Trinkl (A)/Hannes Neuhauser (A),NA,NA,NA,NA,NA,BMW,M3,NA,GT,Result: 74th (35 laps behind the winner)Grid: 104th (10:18.3510) - 105th fastest qualifier,74th (35 laps behind the winner)Grid: 104th (10:18.3510) - 105th fastest qualifier,finished,104,10:18.3510,35 laps behind the winner,NA,https://www.racingsportscars.com/images/car_no_photo.png,https://www.racingsportscars.com/about.html#contrib,https://www.racingsportscars.com/make/photo/BMW.html,https://www.racingsportscars.com/type/photo/BMW/M3.html,NA,https://www.racingsportscars.com/suffix/photo/BMW/M3/GT.html
2009,61,BMW 130i - BMW N/A,75,SP5,,-,Front-engined,Ric Shaw (AUS)/Stephen Borness (AUS)/Anthony Robson (AUS)/Robert Rubis (AUS),NA,NA,NA,NA,NA,BMW,130i,NA,NA,Result: 75th (35 laps behind the winner)Grid: 141st (10:51.8879) - 143rd fastest qualifier,75th (35 laps behind the winner)Grid: 141st (10:51.8879) - 143rd fastest qualifier,finished,141,10:51.8879,35 laps behind the winner,NA,https://www.racingsportscars.com/images/car_no_photo.png,https://www.racingsportscars.com/about.html#contrib,https://www.racingsportscars.com/make/photo/BMW.html,https://www.racingsportscars.com/type/photo/BMW/130i.html,NA,NA
2009,49,BMW M3 E46 - BMW,76,SP6,,Closed bodywork,Front-engined,Kenichi Maejima (J)/Izumi Yoshida (J)/Hiroyuki Kishimoto (J)/Jürgen Bussmann (D),NA,NA,NA,23/02/2018,Fabrice Bergenhuizen,BMW,M3,NA,E46,Result: 76th (35 laps behind the winner)Grid: 139th (10:50.8030) - 141st fastest qualifier,76th (35 laps behind the winner)Grid: 139th (10:50.8030) - 141st fastest qualifier,finished,139,10:50.8030,35 laps behind the winner,NA,https://www.racingsportscars.com/tn/photo/2009/TN_Nurburgring-2009-05-24-049.jpg,https://www.racingsportscars.com/photo/2009/Nurburgring-2009-05-24-049.jpg,https://www.racingsportscars.com/make/photo/BMW.html,https://www.racingsportscars.com/type/photo/BMW/M3.html,NA,https://www.racingsportscars.com/suffix/photo/BMW/M3/E46.html
2009,193,Honda Civic Type R - Honda,77,N2,,-,-,Mark Corbett (NZ)/Brent Greer/Rod Hicks (NZ)/Dean Cockerton (NZ),NA,NA,NA,NA,NA,Honda,Civic,NA,Type R,Result: 77th (36 laps behind the winner)Grid: 163rd (12:05.7140) - 165th fastest qualifier,77th (36 laps behind the winner)Grid: 163rd (12:05.7140) - 165th fastest qualifier,finished,163,12:05.7140,36 laps behind the winner,NA,https://www.racingsportscars.com/images/car_no_photo.png,https://www.racingsportscars.com/about.html#contrib,https://www.racingsportscars.com/make/photo/Honda.html,https://www.racingsportscars.com/type/photo/Honda/Civic.html,NA,https://www.racingsportscars.com/suffix/photo/Honda/Civic/Type%20R.html
2009,187,Mercedes-Benz SLK 350 - Mercedes-Benz,78,V6,,-,-,Eugen Sing/Friedhelm Mihm (D)/Thomas Heinrich (D),NA,NA,NA,NA,NA,Mercedes-Benz,SLK 350,NA,NA,Result: 78th (36 laps behind the winner)Grid: 132nd (10:43.5291) - 134th fastest qualifier,78th (36 laps behind the winner)Grid: 132nd (10:43.5291) - 134th fastest qualifier,finished,132,10:43.5291,36 laps behind the winner,NA,https://www.racingsportscars.com/images/car_no_photo.png,https://www.racingsportscars.com/about.html#contrib,https://www.racingsportscars.com/make/photo/Mercedes-Benz.html,https://www.racingsportscars.com/type/photo/Mercedes-Benz/SLK%20350.html,NA,NA
2009,151,BMW 318 ti - BMW,79,V3,,-,-,Lutz Kögel/Axel Burghardt (D)/Aldo Hovenjürgen/Andreas Möntmann (D),NA,NA,NA,23/02/2018,Fabrice Bergenhuizen,BMW,318,NA,ti,Result: 79th (37 laps behind the winner)Grid: 152nd (11:13.6379) - 154th fastest qualifier,79th (37 laps behind the winner)Grid: 152nd (11:13.6379) - 154th fastest qualifier,finished,152,11:13.6379,37 laps behind the winner,NA,https://www.racingsportscars.com/tn/photo/2009/TN_Nurburgring-2009-05-24-151.jpg,https://www.racingsportscars.com/photo/2009/Nurburgring-2009-05-24-151.jpg,https://www.racingsportscars.com/make/photo/BMW.html,https://www.racingsportscars.com/type/photo/BMW/318.html,NA,https://www.racingsportscars.com/suffix/photo/BMW/318/ti.html
2009,11,Audi RS4 # - Audi,80,SP8,,-,-,Andy Booth (NZ)/Timothy Martin/Stuart Owers (NZ)/Lewis Scott (NZ),NA,NA,NA,23/02/2018,Fabrice Bergenhuizen,Audi,RS4,#,NA,Result: 80th (37 laps behind the winner)Grid: 67th (9:50.8680) - 68th fastest qualifier,80th (37 laps behind the winner)Grid: 67th (9:50.8680) - 68th fastest qualifier,finished,67,9:50.8680,37 laps behind the winner,NA,https://www.racingsportscars.com/tn/photo/2009/TN_Nurburgring-2009-05-24-011.jpg,https://www.racingsportscars.com/photo/2009/Nurburgring-2009-05-24-011.jpg,https://www.racingsportscars.com/make/photo/Audi.html,https://www.racingsportscars.com/type/photo/Audi/RS4.html,https://www.racingsportscars.com/chassis/photo/GRS402.html,NA
2009,16,Lexus IS F - Lexus,81,SP8,Gazoo Racing,-,-,"""Morizo"" (J)/Hiromu Naruse (J)/Minoru Takagi (J)/Yoshinobu Katsumata (J)",NA,NA,NA,NA,NA,Lexus,IS F,NA,NA,Result: 81st (38 laps behind the winner)Grid: 111th (10:24.5830) - 113th fastest qualifier,81st (38 laps behind the winner)Grid: 111th (10:24.5830) - 113th fastest qualifier,finished,111,10:24.5830,38 laps behind the winner,NA,https://www.racingsportscars.com/images/car_no_photo.png,https://www.racingsportscars.com/about.html#contrib,https://www.racingsportscars.com/make/photo/Lexus.html,https://www.racingsportscars.com/type/photo/Lexus/IS%20F.html,NA,NA
2009,103,Honda Civic Type R - Honda,82,SP3,,-,-,Wolfgang Weber (D)/Mario Meier (CH)/Heinz-Josef Bermes (D)/Alex Plenagl (D),NA,NA,NA,NA,NA,Honda,Civic,NA,Type R,Result: 82nd (39 laps behind the winner)Grid: 129th (10:40.5470) - 131st fastest qualifier,82nd (39 laps behind the winner)Grid: 129th (10:40.5470) - 131st fastest qualifier,finished,129,10:40.5470,39 laps behind the winner,NA,https://www.racingsportscars.com/images/car_no_photo.png,https://www.racingsportscars.com/about.html#contrib,https://www.racingsportscars.com/make/photo/Honda.html,https://www.racingsportscars.com/type/photo/Honda/Civic.html,NA,https://www.racingsportscars.com/suffix/photo/Honda/Civic/Type%20R.html
2009,156,Renault Clio RS - Renault N/A,83,N2,East Belgian Racing Team,Closed bodywork,Front-engined,Jacky Delvaux (B)/René Marin (B)/Bruno Beulen (B)/Wolfgang Haugg (D),NA,NA,NA,23/02/2018,Fabrice Bergenhuizen,Renault,Clio,NA,RS,Result: 83rd (39 laps behind the winner)Grid: 154th (11:17.7440) - 156th fastest qualifier,83rd (39 laps behind the winner)Grid: 154th (11:17.7440) - 156th fastest qualifier,finished,154,11:17.7440,39 laps behind the winner,NA,https://www.racingsportscars.com/tn/photo/2009/TN_Nurburgring-2009-05-24-156.jpg,https://www.racingsportscars.com/photo/2009/Nurburgring-2009-05-24-156.jpg,https://www.racingsportscars.com/make/photo/Renault.html,https://www.racingsportscars.com/type/photo/Renault/Clio.html,NA,https://www.racingsportscars.com/suffix/photo/Renault/Clio/RS.html
2009,102,Honda Civic Type R - Honda,84,SP3,,-,-,Sebastian Schäfer (CH)/Christian Eichner (D)/Michael Imholz (D)/Dirk Cohausz,NA,NA,NA,NA,NA,Honda,Civic,NA,Type R,Result: 84th (41 laps behind the winner)Grid: 150th (11:10.9720) - 152nd fastest qualifier,84th (41 laps behind the winner)Grid: 150th (11:10.9720) - 152nd fastest qualifier,finished,150,11:10.9720,41 laps behind the winner,NA,https://www.racingsportscars.com/images/car_no_photo.png,https://www.racingsportscars.com/about.html#contrib,https://www.racingsportscars.com/make/photo/Honda.html,https://www.racingsportscars.com/type/photo/Honda/Civic.html,NA,https://www.racingsportscars.com/suffix/photo/Honda/Civic/Type%20R.html
2009,192,Honda Civic Type R - Honda,85,N2,,-,-,Brian McGovern (NZ)/Jeffray Lowery/Alistair Taylor (NZ)/Gregory Taylor,NA,NA,NA,NA,NA,Honda,Civic,NA,Type R,Result: 85th (41 laps behind the winner)Grid: 168th (12:43.6610) - 170th fastest qualifier,85th (41 laps behind the winner)Grid: 168th (12:43.6610) - 170th fastest qualifier,finished,168,12:43.6610,41 laps behind the winner,NA,https://www.racingsportscars.com/images/car_no_photo.png,https://www.racingsportscars.com/about.html#contrib,https://www.racingsportscars.com/make/photo/Honda.html,https://www.racingsportscars.com/type/photo/Honda/Civic.html,NA,https://www.racingsportscars.com/suffix/photo/Honda/Civic/Type%20R.html
2009,153,BMW 318 is - BMW,86,V3,,-,-,Sebastian Krell (D)/Marco Keller (D)/Jörg Krell (D)/Jörg Kurowski,NA,NA,NA,NA,NA,BMW,318,NA,is,Result: 86th (41 laps behind the winner)Grid: 155th (11:17.8669) - 157th fastest qualifier,86th (41 laps behind the winner)Grid: 155th (11:17.8669) - 157th fastest qualifier,finished,155,11:17.8669,41 laps behind the winner,NA,https://www.racingsportscars.com/images/car_no_photo.png,https://www.racingsportscars.com/about.html#contrib,https://www.racingsportscars.com/make/photo/BMW.html,https://www.racingsportscars.com/type/photo/BMW/318.html,NA,https://www.racingsportscars.com/suffix/photo/BMW/318/is.html
2009,14,Lexus LF-A - Lexus,87,SP8,Gazoo Racing,-,-,"""Morizo"" (J)/Javier Quiros (CR)/Takayuki Kinoshita (J)/Akira Iida (J)",NA,NA,NA,23/02/2018,Fabrice Bergenhuizen,Lexus,LF,NA,-A,Result: 87th (41 laps behind the winner)Grid: 24th (8:58.0240),87th (41 laps behind the winner)Grid: 24th (8:58.0240),finished,24,8:58.0240,41 laps behind the winner,NA,https://www.racingsportscars.com/tn/photo/2009/TN_Nurburgring-2009-05-24-014.jpg,https://www.racingsportscars.com/photo/2009/Nurburgring-2009-05-24-014.jpg,https://www.racingsportscars.com/make/photo/Lexus.html,https://www.racingsportscars.com/type/photo/Lexus/LF.html,NA,https://www.racingsportscars.com/suffix/photo/Lexus/LF/-A.html
2009,27,Porsche 997 GT3 Cup - Porsche F6 4v DOHC N/A,88,SP9 GT3,,Closed bodywork,Rear-engined,David Horn (D)/Michael Illbruck (D)/Hans-Georg Horn/Christian Ried (D),NA,NA,NA,23/02/2018,Fabrice Bergenhuizen,Porsche,997 GT3 Cup,NA,NA,Result: 88th (41 laps behind the winner)Grid: 36th (9:18.9450),88th (41 laps behind the winner)Grid: 36th (9:18.9450),finished,36,9:18.9450,41 laps behind the winner,NA,https://www.racingsportscars.com/tn/photo/2009/TN_Nurburgring-2009-05-24-027.jpg,https://www.racingsportscars.com/photo/2009/Nurburgring-2009-05-24-027.jpg,https://www.racingsportscars.com/make/photo/Porsche.html,https://www.racingsportscars.com/type/photo/Porsche/997%20GT3%20Cup.html,NA,NA
2009,186,BMW M3 E46 - BMW,89,V6,,Closed bodywork,Front-engined,Uwe Reich (D)/Ralf Schnitzler/Christian Caron/Herbert von Danwitz (D),NA,NA,NA,NA,NA,BMW,M3,NA,E46,Result: 89th (42 laps behind the winner)Grid: 127th (10:39.1281) - 129th fastest qualifier,89th (42 laps behind the winner)Grid: 127th (10:39.1281) - 129th fastest qualifier,finished,127,10:39.1281,42 laps behind the winner,NA,https://www.racingsportscars.com/images/car_no_photo.png,https://www.racingsportscars.com/about.html#contrib,https://www.racingsportscars.com/make/photo/BMW.html,https://www.racingsportscars.com/type/photo/BMW/M3.html,NA,https://www.racingsportscars.com/suffix/photo/BMW/M3/E46.html
2009,170,BMW M3 E36 - BMW,90,V5,,Closed bodywork,Front-engined,Richard Gartner (AUS)/Ray Stubber (AUS)/Paul Stubber (AUS),NA,NA,NA,NA,NA,BMW,M3,NA,E36,Result: 90th (42 laps behind the winner)Grid: 114th (10:26.2180) - 116th fastest qualifier,90th (42 laps behind the winner)Grid: 114th (10:26.2180) - 116th fastest qualifier,finished,114,10:26.2180,42 laps behind the winner,NA,https://www.racingsportscars.com/images/car_no_photo.png,https://www.racingsportscars.com/about.html#contrib,https://www.racingsportscars.com/make/photo/BMW.html,https://www.racingsportscars.com/type/photo/BMW/M3.html,NA,https://www.racingsportscars.com/suffix/photo/BMW/M3/E36.html
2009,134,Opel Astra Caravan - Opel,91,D2T,pro handicap e.V.,-,-,Wolfgang Müller (D)/Oliver Rudolph (F),NA,NA,NA,23/02/2018,Fabrice Bergenhuizen,Opel,Astra,NA,Caravan,Result: 91st 1st in D2T (44 laps behind the winner)Grid: 157th (11:25.5400) - 159th fastest qualifier,91st 1st in D2T (44 laps behind the winner)Grid: 157th (11:25.5400) - 159th fastest qualifier,finished,157,11:25.5400,44 laps behind the winner,NA,https://www.racingsportscars.com/tn/photo/2009/TN_Nurburgring-2009-05-24-134.jpg,https://www.racingsportscars.com/photo/2009/Nurburgring-2009-05-24-134.jpg,https://www.racingsportscars.com/make/photo/Opel.html,https://www.racingsportscars.com/type/photo/Opel/Astra.html,NA,https://www.racingsportscars.com/suffix/photo/Opel/Astra/Caravan.html
2009,172,BMW Z4 M Coupe - BMW,92,SP5,,-,-,Dieter Weidenbrück (D)/Guido Wegner/Markus Schmickler (D)/Friedhelm Tang,NA,NA,NA,NA,NA,BMW,Z4,NA,M Coupe,Result: 92nd (44 laps behind the winner)Grid: 92nd (10:09.0250) - 93rd fastest qualifier,92nd (44 laps behind the winner)Grid: 92nd (10:09.0250) - 93rd fastest qualifier,finished,92,10:09.0250,44 laps behind the winner,NA,https://www.racingsportscars.com/images/car_no_photo.png,https://www.racingsportscars.com/about.html#contrib,https://www.racingsportscars.com/make/photo/BMW.html,https://www.racingsportscars.com/type/photo/BMW/Z4.html,NA,https://www.racingsportscars.com/suffix/photo/BMW/Z4/M%20Coupe.html
2009,36,BMW M3 E92 - BMW,93,SP7,Sartorius Team Black Falcon,Closed bodywork,Front-engined,Bona Ventura (D)/Dillon Koster (NL)/Diego Romanini (I)/Christer Joens (D),NA,NA,NA,23/02/2018,Fabrice Bergenhuizen,BMW,M3,NA,E92,Result: 93rd (45 laps behind the winner)Grid: 84th (10:01.3390) - 85th fastest qualifier,93rd (45 laps behind the winner)Grid: 84th (10:01.3390) - 85th fastest qualifier,finished,84,10:01.3390,45 laps behind the winner,NA,https://www.racingsportscars.com/tn/photo/2009/TN_Nurburgring-2009-05-24-036.jpg,https://www.racingsportscars.com/photo/2009/Nurburgring-2009-05-24-036.jpg,https://www.racingsportscars.com/make/photo/BMW.html,https://www.racingsportscars.com/type/photo/BMW/M3.html,NA,https://www.racingsportscars.com/suffix/photo/BMW/M3/E92.html
2009,253,Toyota Auris - Toyota,94,D2T,TES Racing For Charity,-,-,Herwig Daenens (B)/Bruno Miguel/Michael Cieters/Jean-Luc Behets (B),NA,NA,NA,NA,NA,Toyota,Auris,NA,NA,Result: 94th (45 laps behind the winner)Grid: 135th (10:46.3060) - 137th fastest qualifier,94th (45 laps behind the winner)Grid: 135th (10:46.3060) - 137th fastest qualifier,finished,135,10:46.3060,45 laps behind the winner,NA,https://www.racingsportscars.com/images/car_no_photo.png,https://www.racingsportscars.com/about.html#contrib,https://www.racingsportscars.com/make/photo/Toyota.html,https://www.racingsportscars.com/type/photo/Toyota/Auris.html,NA,NA
2009,45,Audi V8 D11 - Audi,95,SP8,Derichs Rennwagen e.V.,-,-,Keith Ahlers (GB)/Christian Bock (D)/Erwin Derichs (D)/Hans-Georg Dornhege (D),NA,NA,NA,NA,NA,Audi,V8 D11,NA,NA,Result: 95th (45 laps behind the winner)Grid: 164th (12:09.4910) - 166th fastest qualifier,95th (45 laps behind the winner)Grid: 164th (12:09.4910) - 166th fastest qualifier,finished,164,12:09.4910,45 laps behind the winner,NA,https://www.racingsportscars.com/images/car_no_photo.png,https://www.racingsportscars.com/about.html#contrib,https://www.racingsportscars.com/make/photo/Audi.html,https://www.racingsportscars.com/type/photo/Audi/V8%20D11.html,NA,NA
2009,146,Audi A4 quattro # - Audi,96,D3T,,-,-,Thomas Hanisch (D)/Stefan Gies (D)/Klaus Leinfelder (D)/Hans Keutmann (D),NA,NA,NA,23/02/2018,Fabrice Bergenhuizen,Audi,A4,#,quattro,Result: 96th (46 laps behind the winner)Grid: 108th (10:21.3850) - 109th fastest qualifier,96th (46 laps behind the winner)Grid: 108th (10:21.3850) - 109th fastest qualifier,finished,108,10:21.3850,46 laps behind the winner,NA,https://www.racingsportscars.com/tn/photo/2009/TN_Nurburgring-2009-05-24-146.jpg,https://www.racingsportscars.com/photo/2009/Nurburgring-2009-05-24-146.jpg,https://www.racingsportscars.com/make/photo/Audi.html,https://www.racingsportscars.com/type/photo/Audi/A4.html,https://www.racingsportscars.com/chassis/photo/Tuning%20Academy%20001.html,https://www.racingsportscars.com/suffix/photo/Audi/A4/quattro.html
2009,79,Volvo Heico HS3 # - Volvo,97,SP4T,,-,-,Patrick Brenndörfer (D)/Martin Müller (D)/Frank Eickholt (D)/Ullrich Andree (D),NA,NA,NA,NA,NA,Volvo,Heico HS3,#,NA,Result: 97th (46 laps behind the winner)Grid: 89th (10:06.4080) - 90th fastest qualifier,97th (46 laps behind the winner)Grid: 89th (10:06.4080) - 90th fastest qualifier,finished,89,10:06.4080,46 laps behind the winner,NA,https://www.racingsportscars.com/images/car_no_photo.png,https://www.racingsportscars.com/about.html#contrib,https://www.racingsportscars.com/make/photo/Volvo.html,https://www.racingsportscars.com/type/photo/Volvo/Heico%20HS3.html,https://www.racingsportscars.com/chassis/photo/HS3-200801.html,NA
2009,158,Opel Astra OPC - Opel,98,V3,,-,-,Michael Auert (D)/Joachim Steidel (D)/Mike Juul (DK)/Thomas Lennackers (D),NA,NA,NA,NA,NA,Opel,Astra,NA,OPC,Result: 98th (49 laps behind the winner)Grid: 153rd (11:16.0551) - 155th fastest qualifier,98th (49 laps behind the winner)Grid: 153rd (11:16.0551) - 155th fastest qualifier,finished,153,11:16.0551,49 laps behind the winner,NA,https://www.racingsportscars.com/images/car_no_photo.png,https://www.racingsportscars.com/about.html#contrib,https://www.racingsportscars.com/make/photo/Opel.html,https://www.racingsportscars.com/type/photo/Opel/Astra.html,NA,https://www.racingsportscars.com/suffix/photo/Opel/Astra/OPC.html
2009,191,Honda Civic Type R - Honda,99,N2,,-,-,Ola Setsaas (N)/Jörgen Pettersen (N)/Mikjel Svae/Roger Sandberg (N),NA,NA,NA,NA,NA,Honda,Civic,NA,Type R,Result: 99th (49 laps behind the winner)Grid: 128th (10:40.4840) - 130th fastest qualifier,99th (49 laps behind the winner)Grid: 128th (10:40.4840) - 130th fastest qualifier,finished,128,10:40.4840,49 laps behind the winner,NA,https://www.racingsportscars.com/images/car_no_photo.png,https://www.racingsportscars.com/about.html#contrib,https://www.racingsportscars.com/make/photo/Honda.html,https://www.racingsportscars.com/type/photo/Honda/Civic.html,NA,https://www.racingsportscars.com/suffix/photo/Honda/Civic/Type%20R.html
2009,78,Ford Focus ST - Ford,100,SP4T,Team DMV,-,-,Ebse Schneider/Bernd Albrecht (D)/Corentine Quiniou/Michael Lachmayer (D),NA,NA,NA,NA,NA,Ford,Focus,NA,ST,Result: 100th (50 laps behind the winner)Grid: 161st (11:40.7679) - 163rd fastest qualifier,100th (50 laps behind the winner)Grid: 161st (11:40.7679) - 163rd fastest qualifier,finished,161,11:40.7679,50 laps behind the winner,NA,https://www.racingsportscars.com/images/car_no_photo.png,https://www.racingsportscars.com/about.html#contrib,https://www.racingsportscars.com/make/photo/Ford.html,https://www.racingsportscars.com/type/photo/Ford/Focus.html,NA,https://www.racingsportscars.com/suffix/photo/Ford/Focus/ST.html
2009,114,VW Scirocco GT24-CNG - VW L4 N/A,101,AT,Volkswagen Motorsport,Closed bodywork,Front-engined,Ulrich Hackenberg/Bernd Ostmann (D)/Peter Wyss (CH)/John Barker (GB),NA,NA,NA,18/11/2023,Björn (CC-BY-2.0),VW,Scirocco,NA,GT24-CNG,Result: 101st (51 laps behind the winner)Grid: 49th (9:35.2950),101st (51 laps behind the winner)Grid: 49th (9:35.2950),finished,49,9:35.2950,51 laps behind the winner,NA,https://www.racingsportscars.com/tn/photo/2009/TN_Nurburgring-2009-05-24-114.jpg,https://www.racingsportscars.com/photo/2009/Nurburgring-2009-05-24-114.jpg,https://www.racingsportscars.com/make/photo/VW.html,https://www.racingsportscars.com/type/photo/VW/Scirocco.html,NA,https://www.racingsportscars.com/suffix/photo/VW/Scirocco/GT24-CNG.html
2009,168,BMW M3 - BMW,102,V5,R.D. Motorsport,Closed bodywork,Front-engined,Einar Thorsen (N)/Meyrick Cox (GB)/David Ackermann (D)/Oliver Louisoder (D),NA,NA,NA,NA,NA,BMW,M3,NA,NA,Result: 102nd (52 laps behind the winner)Grid: 120th (10:31.0880) - 122nd fastest qualifier,102nd (52 laps behind the winner)Grid: 120th (10:31.0880) - 122nd fastest qualifier,finished,120,10:31.0880,52 laps behind the winner,NA,https://www.racingsportscars.com/images/car_no_photo.png,https://www.racingsportscars.com/about.html#contrib,https://www.racingsportscars.com/make/photo/BMW.html,https://www.racingsportscars.com/type/photo/BMW/M3.html,NA,NA
2009,166,BMW E36 - BMW,103,V4,,-,-,Stefan Manheller (D)/José Balbiani (RA)/Jose Visir (RA)/Hajo Müller (D),NA,NA,NA,NA,NA,BMW,E36,NA,NA,Result: 103rd (52 laps behind the winner)Grid: 130th (10:41.6810) - 132nd fastest qualifier,103rd (52 laps behind the winner)Grid: 130th (10:41.6810) - 132nd fastest qualifier,finished,130,10:41.6810,52 laps behind the winner,NA,https://www.racingsportscars.com/images/car_no_photo.png,https://www.racingsportscars.com/about.html#contrib,https://www.racingsportscars.com/make/photo/BMW.html,https://www.racingsportscars.com/type/photo/BMW/E36.html,NA,NA
2009,104,Honda S2000 GT - Honda,104,SP3,,-,-,Wolfgang Weber (D)/Norbert Bermes (D)/Matthias Holle/Uwe Nittel (D),NA,NA,NA,NA,NA,Honda,S2000,NA,GT,Result: 104th (53 laps behind the winner)Grid: 68th (9:51.1860) - 69th fastest qualifier,104th (53 laps behind the winner)Grid: 68th (9:51.1860) - 69th fastest qualifier,finished,68,9:51.1860,53 laps behind the winner,NA,https://www.racingsportscars.com/images/car_no_photo.png,https://www.racingsportscars.com/about.html#contrib,https://www.racingsportscars.com/make/photo/Honda.html,https://www.racingsportscars.com/type/photo/Honda/S2000.html,NA,https://www.racingsportscars.com/suffix/photo/Honda/S2000/GT.html
2009,13,Toyota Corolla - Toyota N/A,105,SP3,,Closed bodywork,Front-engined,Colin Osborne/Stuart Jones (USA),NA,NA,NA,NA,NA,Toyota,Corolla,NA,NA,Result: 105th (53 laps behind the winner)Grid: 159th (11:27.8230) - 161st fastest qualifier,105th (53 laps behind the winner)Grid: 159th (11:27.8230) - 161st fastest qualifier,finished,159,11:27.8230,53 laps behind the winner,NA,https://www.racingsportscars.com/images/car_no_photo.png,https://www.racingsportscars.com/about.html#contrib,https://www.racingsportscars.com/make/photo/Toyota.html,https://www.racingsportscars.com/type/photo/Toyota/Corolla.html,NA,NA
2009,25,BMW Alpina B6 GT3 - BMW,106,SP9 GT3,Alpina,-,-,Johannes Stuck (A)/Michael Rebhan (D)/Ralf Schall (D)/Marcel Engels (B),NA,NA,NA,23/02/2018,Fabrice Bergenhuizen,BMW,Alpina B6,NA,GT3,Result: 106th (53 laps behind the winner)Grid: 10th (8:45.7870),106th (53 laps behind the winner)Grid: 10th (8:45.7870),finished,10,8:45.7870,53 laps behind the winner,NA,https://www.racingsportscars.com/tn/photo/2009/TN_Nurburgring-2009-05-24-025.jpg,https://www.racingsportscars.com/photo/2009/Nurburgring-2009-05-24-025.jpg,https://www.racingsportscars.com/make/photo/BMW.html,https://www.racingsportscars.com/type/photo/BMW/Alpina%20B6.html,NA,https://www.racingsportscars.com/suffix/photo/BMW/Alpina%20B6/GT3.html
2009,101,Honda Civic Type R - Honda,107,SP3,,-,-,Rüdiger Schicht (CH)/Hisanao Kurata (J)/Jaber Ali Khalifa Alkhalifa (BRN)/Michael Prym (A),NA,NA,NA,NA,NA,Honda,Civic,NA,Type R,Result: 107th (53 laps behind the winner)Grid: 151st (11:12.8340) - 153rd fastest qualifier,107th (53 laps behind the winner)Grid: 151st (11:12.8340) - 153rd fastest qualifier,finished,151,11:12.8340,53 laps behind the winner,NA,https://www.racingsportscars.com/images/car_no_photo.png,https://www.racingsportscars.com/about.html#contrib,https://www.racingsportscars.com/make/photo/Honda.html,https://www.racingsportscars.com/type/photo/Honda/Civic.html,NA,https://www.racingsportscars.com/suffix/photo/Honda/Civic/Type%20R.html
2009,105,Honda Civic Type R - Honda,108,SP3,,-,-,Daniela Schmid (A)/Anja Wassertheurer (D)/Nicole Müllenmeister/Stefan Schlesack (D),NA,NA,NA,NA,NA,Honda,Civic,NA,Type R,Result: 108th (54 laps behind the winner)Grid: 117th (10:30.2150) - 119th fastest qualifier,108th (54 laps behind the winner)Grid: 117th (10:30.2150) - 119th fastest qualifier,finished,117,10:30.2150,54 laps behind the winner,NA,https://www.racingsportscars.com/images/car_no_photo.png,https://www.racingsportscars.com/about.html#contrib,https://www.racingsportscars.com/make/photo/Honda.html,https://www.racingsportscars.com/type/photo/Honda/Civic.html,NA,https://www.racingsportscars.com/suffix/photo/Honda/Civic/Type%20R.html
2009,68,BMW 130i - BMW N/A,109,SP5,,-,Front-engined,Michael Holz (D)/Tom Robson (D)/Simon Englerth (D)/Christian Wack (D),NA,NA,NA,23/02/2018,Fabrice Bergenhuizen,BMW,130i,NA,NA,Result: 109th (56 laps behind the winner)Grid: 85th (10:01.7190) - 86th fastest qualifier,109th (56 laps behind the winner)Grid: 85th (10:01.7190) - 86th fastest qualifier,finished,85,10:01.7190,56 laps behind the winner,NA,https://www.racingsportscars.com/tn/photo/2009/TN_Nurburgring-2009-05-24-068.jpg,https://www.racingsportscars.com/photo/2009/Nurburgring-2009-05-24-068.jpg,https://www.racingsportscars.com/make/photo/BMW.html,https://www.racingsportscars.com/type/photo/BMW/130i.html,NA,NA
2009,145,BMW 135 D Coupe - BMW,110,D3T,,-,-,Andre Ibron/Thomas Laudage/Zoran Radulovic (D)/Athanasios Karageorgos,NA,NA,NA,23/02/2018,Fabrice Bergenhuizen,BMW,135,NA,D Coupe,Result: 110th (60 laps behind the winner)Grid: 146th (10:56.6230) - 148th fastest qualifier,110th (60 laps behind the winner)Grid: 146th (10:56.6230) - 148th fastest qualifier,finished,146,10:56.6230,60 laps behind the winner,NA,https://www.racingsportscars.com/tn/photo/2009/TN_Nurburgring-2009-05-24-145.jpg,https://www.racingsportscars.com/photo/2009/Nurburgring-2009-05-24-145.jpg,https://www.racingsportscars.com/make/photo/BMW.html,https://www.racingsportscars.com/type/photo/BMW/135.html,NA,https://www.racingsportscars.com/suffix/photo/BMW/135/D%20Coupe.html
2009,41,Porsche 993 Cup - Porsche F6 N/A,111,SP7,,Closed bodywork,Rear-engined,"""Segolen"" (F)/Eric van de Vyver (F)/Gérard Tremblay (F)/Frédéric Schmit (F)",NA,NA,NA,NA,NA,Porsche,993 Cup,NA,NA,Result: 111th (61 laps behind the winner)Grid: 125th (10:36.9550) - 127th fastest qualifier,111th (61 laps behind the winner)Grid: 125th (10:36.9550) - 127th fastest qualifier,finished,125,10:36.9550,61 laps behind the winner,NA,https://www.racingsportscars.com/images/car_no_photo.png,https://www.racingsportscars.com/about.html#contrib,https://www.racingsportscars.com/make/photo/Porsche.html,https://www.racingsportscars.com/type/photo/Porsche/993%20Cup.html,NA,NA
2009,70,BMW M3 E46 - BMW,112,SP5,,Closed bodywork,Front-engined,Frank Nöhring (D)/Colin White (GB)/Lasse Osterild (DK),NA,NA,NA,23/02/2018,Fabrice Bergenhuizen,BMW,M3,NA,E46,Result: 112th (65 laps behind the winner)Grid: 79th (9:57.6990) - 80th fastest qualifier,112th (65 laps behind the winner)Grid: 79th (9:57.6990) - 80th fastest qualifier,finished,79,9:57.6990,65 laps behind the winner,NA,https://www.racingsportscars.com/tn/photo/2009/TN_Nurburgring-2009-05-24-070.jpg,https://www.racingsportscars.com/photo/2009/Nurburgring-2009-05-24-070.jpg,https://www.racingsportscars.com/make/photo/BMW.html,https://www.racingsportscars.com/type/photo/BMW/M3.html,NA,https://www.racingsportscars.com/suffix/photo/BMW/M3/E46.html
2009,39,Nissan 370Z - Nissan,113,SP6,RJN Motorsport,-,-,Holger Eckhardt (D)/Kurt Thiim (DK)/Alex Buncombe (GB)/Matthias Malmedie (D),NA,NA,NA,18/11/2023,Wikipedia (Public Domain),Nissan,370Z,NA,NA,Result: 113th (66 laps behind the winner)Grid: 42nd (9:26.3510),113th (66 laps behind the winner)Grid: 42nd (9:26.3510),finished,42,9:26.3510,66 laps behind the winner,NA,https://www.racingsportscars.com/tn/photo/2009/TN_Nurburgring-2009-05-24-039.jpg,https://www.racingsportscars.com/photo/2009/Nurburgring-2009-05-24-039.jpg,https://www.racingsportscars.com/make/photo/Nissan.html,https://www.racingsportscars.com/type/photo/Nissan/370Z.html,NA,NA
2009,73,Nissan 350Z - Nissan,114,SP10 GT,Lanza Motorsport,Closed bodywork,Front-engined,Arturo Merzario (I)/Mauro Simoncini (I)/Sergio Negroni (I)/Alexander Bolognesi,NA,NA,NA,NA,NA,Nissan,350Z,NA,NA,Result: 114th (66 laps behind the winner)Grid: 140th (10:51.3160) - 142nd fastest qualifier,114th (66 laps behind the winner)Grid: 140th (10:51.3160) - 142nd fastest qualifier,finished,140,10:51.3160,66 laps behind the winner,NA,https://www.racingsportscars.com/images/car_no_photo.png,https://www.racingsportscars.com/about.html#contrib,https://www.racingsportscars.com/make/photo/Nissan.html,https://www.racingsportscars.com/type/photo/Nissan/350Z.html,NA,NA
2009,126,Seat Ibiza 6K - Seat,115,SP3,"Team ""DMV""",-,-,Hans-Christoph Schäfer (D)/Ralf-Udo Blöding/Daniel Weckop/Michael Albertz,NA,NA,NA,18/11/2023,Björn (CC-BY-2.0),Seat,Ibiza,NA,6K,Result: 115th (67 laps behind the winner)Grid: 167th (12:42.6780) - 169th fastest qualifier,115th (67 laps behind the winner)Grid: 167th (12:42.6780) - 169th fastest qualifier,finished,167,12:42.6780,67 laps behind the winner,NA,https://www.racingsportscars.com/tn/photo/2009/TN_Nurburgring-2009-05-24-126.jpg,https://www.racingsportscars.com/photo/2009/Nurburgring-2009-05-24-126.jpg,https://www.racingsportscars.com/make/photo/Seat.html,https://www.racingsportscars.com/type/photo/Seat/Ibiza.html,NA,https://www.racingsportscars.com/suffix/photo/Seat/Ibiza/6K.html
2009,132,BMW 320 Rapsöl # - BMW,116,D1T,,Closed bodywork,Front-engined,Bernd Kleeschulte (D)/Gustav Edelhoff (D)/Uwe Bergstermann/Alexander Streit,NA,NA,NA,NA,NA,BMW,320,#,Rapsöl,Result: 116th (68 laps behind the winner)Grid: 147th (10:59.8781) - 149th fastest qualifier,116th (68 laps behind the winner)Grid: 147th (10:59.8781) - 149th fastest qualifier,finished,147,10:59.8781,68 laps behind the winner,NA,https://www.racingsportscars.com/images/car_no_photo.png,https://www.racingsportscars.com/about.html#contrib,https://www.racingsportscars.com/make/photo/BMW.html,https://www.racingsportscars.com/type/photo/BMW/320.html,https://www.racingsportscars.com/chassis/photo/78566364.html,https://www.racingsportscars.com/suffix/photo/BMW/320/Raps%c3%b6l.html
2009,112,Seat León Supercopa - Seat,117,SP3T,,-,-,Christian Bollrath (D)/Jens Richter (D)/Johann Wanger (FL)/Timo Leto,NA,NA,NA,NA,NA,Seat,León,NA,Supercopa,Result: 117th (73 laps behind the winner)Grid: 74th (9:53.9380) - 75th fastest qualifier,117th (73 laps behind the winner)Grid: 74th (9:53.9380) - 75th fastest qualifier,finished,74,9:53.9380,73 laps behind the winner,NA,https://www.racingsportscars.com/images/car_no_photo.png,https://www.racingsportscars.com/about.html#contrib,https://www.racingsportscars.com/make/photo/Seat.html,https://www.racingsportscars.com/type/photo/Seat/Le%c3%b3n.html,NA,https://www.racingsportscars.com/suffix/photo/Seat/Le%c3%b3n/Supercopa.html
2009,135,BMW 120d - BMW,118,D1T,(D),-,-,Heiko Hahn (D)/Kristian Vetter (D)/Frank Weishar (D)/Tom Moran (D),NA,NA,NA,23/02/2018,Fabrice Bergenhuizen,BMW,120d,NA,NA,Result: 118th (74 laps behind the winner)Grid: 156th (11:20.5850) - 158th fastest qualifier,118th (74 laps behind the winner)Grid: 156th (11:20.5850) - 158th fastest qualifier,finished,156,11:20.5850,74 laps behind the winner,NA,https://www.racingsportscars.com/tn/photo/2009/TN_Nurburgring-2009-05-24-135.jpg,https://www.racingsportscars.com/photo/2009/Nurburgring-2009-05-24-135.jpg,https://www.racingsportscars.com/make/photo/BMW.html,https://www.racingsportscars.com/type/photo/BMW/120d.html,NA,NA
2009,87,Seat León - Seat,NA,SP3T,Costa Ovest Promotorsport,-,-,Umberto Nacamuli (I)/Piero Limonta (I)/Gianni Checcoli (I)/Riccardo Meloni,NA,NA,NA,NA,NA,Seat,León,NA,NA,Result: not classified (81 laps behind the winner)Grid: 101st (10:16.5470) - 102nd fastest qualifier,not classified (81 laps behind the winner)Grid: 101st (10:16.5470) - 102nd fastest qualifier,other,101,10:16.5470,NA,81 laps behind the winner,https://www.racingsportscars.com/images/car_no_photo.png,https://www.racingsportscars.com/about.html#contrib,https://www.racingsportscars.com/make/photo/Seat.html,https://www.racingsportscars.com/type/photo/Seat/Le%c3%b3n.html,NA,NA
2009,110,Peugeot 206 - Peugeot,NA,SP3,,-,-,Bjarne Nordal/Inge Mauseth/Bjorn Vidar Brynildsen,NA,NA,NA,23/02/2018,Fabrice Bergenhuizen,Peugeot,206,NA,NA,Result: not classified (83 laps behind the winner)Grid: 166th (12:27.8571) - 168th fastest qualifier,not classified (83 laps behind the winner)Grid: 166th (12:27.8571) - 168th fastest qualifier,other,166,12:27.8571,NA,83 laps behind the winner,https://www.racingsportscars.com/tn/photo/2009/TN_Nurburgring-2009-05-24-110.jpg,https://www.racingsportscars.com/photo/2009/Nurburgring-2009-05-24-110.jpg,https://www.racingsportscars.com/make/photo/Peugeot.html,https://www.racingsportscars.com/type/photo/Peugeot/206.html,NA,NA
2009,109,Honda S2000 - Honda,NA,SP3,MSC Langenfeld e.V.,-,-,Karl Pflanz (D)/Torsten Platz (D)/Steffen Wethmar/Charles Kauffman (L),NA,NA,NA,NA,NA,Honda,S2000,NA,NA,Result: not classified (84 laps behind the winner)Grid: 160th (11:31.0179) - 162nd fastest qualifier,not classified (84 laps behind the winner)Grid: 160th (11:31.0179) - 162nd fastest qualifier,other,160,11:31.0179,NA,84 laps behind the winner,https://www.racingsportscars.com/images/car_no_photo.png,https://www.racingsportscars.com/about.html#contrib,https://www.racingsportscars.com/make/photo/Honda.html,https://www.racingsportscars.com/type/photo/Honda/S2000.html,NA,NA
2009,44,Holden Commodore - Holden,NA,SP8,,-,-,Mal Rose (AUS)/Tony Alford (AUS)/Peter Leemhuis (AUS),NA,NA,NA,23/02/2018,Fabrice Bergenhuizen,Holden,Commodore,NA,NA,Result: not classified (91 laps behind the winner)Grid: 50th (9:35.3820),not classified (91 laps behind the winner)Grid: 50th (9:35.3820),other,50,9:35.3820,NA,91 laps behind the winner,https://www.racingsportscars.com/tn/photo/2009/TN_Nurburgring-2009-05-24-044.jpg,https://www.racingsportscars.com/photo/2009/Nurburgring-2009-05-24-044.jpg,https://www.racingsportscars.com/make/photo/Holden.html,https://www.racingsportscars.com/type/photo/Holden/Commodore.html,NA,NA
2009,19,Porsche 997 GT3 Cup S - Porsche F6 4v DOHC N/A,NA,SP9 GT3,Mamerow Racing,Closed bodywork,Rear-engined,Chris Mamerow (D)/Tim Bergmeister (D)/Marino Franchitti (GB)/Peter Mamerow (D),NA,NA,NA,23/02/2018,Fabrice Bergenhuizen,Porsche,997 GT3 Cup,NA,S,Result: did not finishGrid: 13th (8:49.4010),did not finishGrid: 13th (8:49.4010),not_finished,13,8:49.4010,NA,8:49.4010,https://www.racingsportscars.com/tn/photo/2009/TN_Nurburgring-2009-05-24-019.jpg,https://www.racingsportscars.com/photo/2009/Nurburgring-2009-05-24-019.jpg,https://www.racingsportscars.com/make/photo/Porsche.html,https://www.racingsportscars.com/type/photo/Porsche/997%20GT3%20Cup.html,NA,https://www.racingsportscars.com/suffix/photo/Porsche/997%20GT3%20Cup/S.html
2009,21,Dodge Viper Competition Coupe # - Dodge V10/90° 2v OHV 8284 cc N/A,NA,SP9 GT3,Vulkan Racing-Team Mintgen Motorsport (D),Closed bodywork,Front-engined,Dirk Riebensahm (D)/Christian Kohlhaas (D)/Christopher Gerhard,NA,NA,NA,NA,NA,Dodge,Viper,#,Competition Coupe,Result: did not finishGrid: 19th (8:54.5310),did not finishGrid: 19th (8:54.5310),not_finished,19,8:54.5310,NA,8:54.5310,https://www.racingsportscars.com/images/car_no_photo.png,https://www.racingsportscars.com/about.html#contrib,https://www.racingsportscars.com/make/photo/Dodge.html,https://www.racingsportscars.com/type/photo/Dodge/Viper.html,https://www.racingsportscars.com/chassis/photo/VCC%20C117.html,https://www.racingsportscars.com/suffix/photo/Dodge/Viper/Competition%20Coupe.html
2009,22,Porsche 964 Carrera RS - Porsche F6 2v SOHC N/A,NA,SP7,Scuderia Colonia e.V.,Closed bodywork,Rear-engined,Andreas Sczepansky (D)/Georges Kuhn/Matthias Wasel (D)/Thomas Wasel (D),NA,NA,NA,NA,NA,Porsche,964 Carrera,NA,RS,Result: did not finishGrid: 99th (10:15.1830) - 100th fastest qualifier,did not finishGrid: 99th (10:15.1830) - 100th fastest qualifier,not_finished,99,10:15.1830,NA,10:15.1830,https://www.racingsportscars.com/images/car_no_photo.png,https://www.racingsportscars.com/about.html#contrib,https://www.racingsportscars.com/make/photo/Porsche.html,https://www.racingsportscars.com/type/photo/Porsche/964%20Carrera.html,NA,https://www.racingsportscars.com/suffix/photo/Porsche/964%20Carrera/RS.html
2009,15,Lexus LF-A - Lexus,NA,SP8,Gazoo Racing,-,-,/Jochen Krumbach (D)/Armin Hahne (D)/André Lotterer (D)/Hiromu Naruse (J),NA,NA,NA,NA,NA,Lexus,LF,NA,-A,Result: did not finishGrid: 23rd (8:57.7120),did not finishGrid: 23rd (8:57.7120),not_finished,23,8:57.7120,NA,8:57.7120,https://www.racingsportscars.com/images/car_no_photo.png,https://www.racingsportscars.com/about.html#contrib,https://www.racingsportscars.com/make/photo/Lexus.html,https://www.racingsportscars.com/type/photo/Lexus/LF.html,NA,https://www.racingsportscars.com/suffix/photo/Lexus/LF/-A.html
2009,165,BMW 325i - BMW,NA,V4,Dürener Motorsport Club e.V.,-,-,"Bernd Küpper (D)/Benjamin Weidner (D)/Jochen Hudelmaier (D)/""Rennsemmel"" (D)",NA,NA,NA,NA,NA,BMW,325i,NA,NA,Result: did not finishGrid: 144th (10:54.9790) - 146th fastest qualifier,did not finishGrid: 144th (10:54.9790) - 146th fastest qualifier,not_finished,144,10:54.9790,NA,10:54.9790,https://www.racingsportscars.com/images/car_no_photo.png,https://www.racingsportscars.com/about.html#contrib,https://www.racingsportscars.com/make/photo/BMW.html,https://www.racingsportscars.com/type/photo/BMW/325i.html,NA,NA
2009,117,VW Scirocco GT24 - VW L4 N/A,NA,SP3T,Volkswagen Motorsport,Closed bodywork,Front-engined,Carlos Sainz (E)/Patrick Simon (D)/Dieter Depping (D)/Wolfgang Kaufmann (D),NA,NA,NA,23/02/2018,Fabrice Bergenhuizen,VW,Scirocco,NA,GT24,Result: did not finishGrid: 47th (9:31.7140),did not finishGrid: 47th (9:31.7140),not_finished,47,9:31.7140,NA,9:31.7140,https://www.racingsportscars.com/tn/photo/2009/TN_Nurburgring-2009-05-24-117.jpg,https://www.racingsportscars.com/photo/2009/Nurburgring-2009-05-24-117.jpg,https://www.racingsportscars.com/make/photo/VW.html,https://www.racingsportscars.com/type/photo/VW/Scirocco.html,NA,https://www.racingsportscars.com/suffix/photo/VW/Scirocco/GT24.html
2009,6,Porsche 997 GT3 - Porsche,NA,SP7,Hankook H & R Spezialfedern,Closed bodywork,Rear-engined,Jürgen Alzen (D)/Dominik Schwager (D)/Christian Menzel (D)/Florian Fricke (D),NA,NA,NA,23/02/2018,Fabrice Bergenhuizen,Porsche,997 GT3,NA,NA,Result: did not finishGrid: 9th (8:44.3910),did not finishGrid: 9th (8:44.3910),not_finished,9,8:44.3910,NA,8:44.3910,https://www.racingsportscars.com/tn/photo/2009/TN_Nurburgring-2009-05-24-006.jpg,https://www.racingsportscars.com/photo/2009/Nurburgring-2009-05-24-006.jpg,https://www.racingsportscars.com/make/photo/Porsche.html,https://www.racingsportscars.com/type/photo/Porsche/997%20GT3.html,NA,NA
2009,55,Mercedes-Benz Carlsson CK3,NA,SP6,,-,-,Wolfgang Kudrass (D)/Yasushi Kikuchi (J)/Peter Cate (GB)/Peter Venn (D),NA,NA,NA,NA,NA,Mercedes-Benz,Carlsson CK3,NA,NA,Result: did not finishGrid: 96th (10:12.4030) - 97th fastest qualifier,did not finishGrid: 96th (10:12.4030) - 97th fastest qualifier,not_finished,96,10:12.4030,NA,10:12.4030,https://www.racingsportscars.com/images/car_no_photo.png,https://www.racingsportscars.com/about.html#contrib,https://www.racingsportscars.com/make/photo/Mercedes-Benz.html,https://www.racingsportscars.com/type/photo/Mercedes-Benz/Carlsson%20CK3.html,NA,NA
2009,183,BMW M3 E46 - BMW,NA,V6,Besaplast-Team,Closed bodywork,Front-engined,Jörg Wiskirchen (D)/Carsten Welschar (D)/Klaus Koch (D)/Jens Riemer (D),NA,NA,NA,23/02/2018,Fabrice Bergenhuizen,BMW,M3,NA,E46,Result: did not finishGrid: 94th (10:11.4530) - 95th fastest qualifier,did not finishGrid: 94th (10:11.4530) - 95th fastest qualifier,not_finished,94,10:11.4530,NA,10:11.4530,https://www.racingsportscars.com/tn/photo/2009/TN_Nurburgring-2009-05-24-183.jpg,https://www.racingsportscars.com/photo/2009/Nurburgring-2009-05-24-183.jpg,https://www.racingsportscars.com/make/photo/BMW.html,https://www.racingsportscars.com/type/photo/BMW/M3.html,NA,https://www.racingsportscars.com/suffix/photo/BMW/M3/E46.html
2009,56,Porsche 968 - Porsche,NA,SP5,,-,-,Daniel Dupont (F)/Alain Giavedoni/Patrick Ancelet,NA,NA,NA,NA,NA,Porsche,968,NA,NA,Result: did not finishGrid: 165th (12:15.7740) - 167th fastest qualifier,did not finishGrid: 165th (12:15.7740) - 167th fastest qualifier,not_finished,165,12:15.7740,NA,12:15.7740,https://www.racingsportscars.com/images/car_no_photo.png,https://www.racingsportscars.com/about.html#contrib,https://www.racingsportscars.com/make/photo/Porsche.html,https://www.racingsportscars.com/type/photo/Porsche/968.html,NA,NA
2009,80,BMW 330i - BMW,NA,SP5,Live-Strip.com Racing,-,-,"Rudi Seher (D)/Karlheinz Grüner (D)/""Jens Strack"" (D)/Kristian Nägele",NA,NA,NA,NA,NA,BMW,330i,NA,NA,Result: did not finishGrid: 71st (9:53.4110) - 72nd fastest qualifier,did not finishGrid: 71st (9:53.4110) - 72nd fastest qualifier,not_finished,71,9:53.4110,NA,9:53.4110,https://www.racingsportscars.com/images/car_no_photo.png,https://www.racingsportscars.com/about.html#contrib,https://www.racingsportscars.com/make/photo/BMW.html,https://www.racingsportscars.com/type/photo/BMW/330i.html,NA,NA
2009,59,BMW M3 - BMW,NA,SP5,,Closed bodywork,Front-engined,Hans-Rolf Salzer/Sascha Salzer/Tjark Schäfer,NA,NA,NA,NA,NA,BMW,M3,NA,NA,Result: did not finishGrid: 102nd (10:16.9590) - 103rd fastest qualifier,did not finishGrid: 102nd (10:16.9590) - 103rd fastest qualifier,not_finished,102,10:16.9590,NA,10:16.9590,https://www.racingsportscars.com/images/car_no_photo.png,https://www.racingsportscars.com/about.html#contrib,https://www.racingsportscars.com/make/photo/BMW.html,https://www.racingsportscars.com/type/photo/BMW/M3.html,NA,NA
2009,40,Ford GT - Ford,NA,SP9 GT3,Raeder Automotive GmbH,-,-,Hermann Tilke (D)/Dirk Adorf (D)/Marc Hennerici (D)/Thomas Mutsch (D),NA,NA,NA,23/02/2018,Fabrice Bergenhuizen,Ford,GT,NA,NA,Result: did not finishGrid: 1st (8:36.5360),did not finishGrid: 1st (8:36.5360),not_finished,1,8:36.5360,NA,8:36.5360,https://www.racingsportscars.com/tn/photo/2009/TN_Nurburgring-2009-05-24-040.jpg,https://www.racingsportscars.com/photo/2009/Nurburgring-2009-05-24-040.jpg,https://www.racingsportscars.com/make/photo/Ford.html,https://www.racingsportscars.com/type/photo/Ford/GT.html,NA,NA
2009,12,Chevrolet Corvette C6 - Chevrolet,NA,SP8,Kissling Motorsport,-,Front-engined,Reinhold Renger (D)/Roland Rehfeld (D)/Stefan Kissling (D)/Volker Strycek (D),NA,NA,NA,NA,NA,Chevrolet,Corvette C6,NA,NA,Result: did not finishGrid: 21st (8:55.6610),did not finishGrid: 21st (8:55.6610),not_finished,21,8:55.6610,NA,8:55.6610,https://www.racingsportscars.com/images/car_no_photo.png,https://www.racingsportscars.com/about.html#contrib,https://www.racingsportscars.com/make/photo/Chevrolet.html,https://www.racingsportscars.com/type/photo/Chevrolet/Corvette%20C6.html,NA,NA
2009,10,BMW M3 E46 GTS - BMW,NA,SP7,Scuderia Augustusburg Brühl e.V. im ADAC,Closed bodywork,Front-engined,Jörg Viebahn (D)/Rodney Forbes (AUS)/Duncan Huisman (NL)/Marko Hartung (D),NA,NA,NA,23/02/2018,Fabrice Bergenhuizen,BMW,M3,NA,E46 GTS,Result: did not finishGrid: 113th (10:24.9170) - 115th fastest qualifier,did not finishGrid: 113th (10:24.9170) - 115th fastest qualifier,not_finished,113,10:24.9170,NA,10:24.9170,https://www.racingsportscars.com/tn/photo/2009/TN_Nurburgring-2009-05-24-010.jpg,https://www.racingsportscars.com/photo/2009/Nurburgring-2009-05-24-010.jpg,https://www.racingsportscars.com/make/photo/BMW.html,https://www.racingsportscars.com/type/photo/BMW/M3.html,NA,https://www.racingsportscars.com/suffix/photo/BMW/M3/E46%20GTS.html
2009,92,Seat León Mk I - Seat,NA,SP3T,,-,-,"Anders Carlsson (S)/Oliver Pelz/""Ed Nicelife"" (AND)/Carlsson Anders",NA,NA,NA,NA,NA,Seat,León,NA,Mk I,Result: did not finishGrid: 109th (10:24.0081) - 111th fastest qualifier,did not finishGrid: 109th (10:24.0081) - 111th fastest qualifier,not_finished,109,10:24.0081,NA,10:24.0081,https://www.racingsportscars.com/images/car_no_photo.png,https://www.racingsportscars.com/about.html#contrib,https://www.racingsportscars.com/make/photo/Seat.html,https://www.racingsportscars.com/type/photo/Seat/Le%c3%b3n.html,NA,https://www.racingsportscars.com/suffix/photo/Seat/Le%c3%b3n/Mk%20I.html
2009,141,Seat León TDi - Seat,NA,D1T,,-,-,Ivo Breukers (NL)/Henk Thijssen (NL)/Bernd van Berkel,NA,NA,NA,NA,NA,Seat,León,NA,TDi,Result: did not finishGrid: 137th (10:49.8530) - 139th fastest qualifier,did not finishGrid: 137th (10:49.8530) - 139th fastest qualifier,not_finished,137,10:49.8530,NA,10:49.8530,https://www.racingsportscars.com/images/car_no_photo.png,https://www.racingsportscars.com/about.html#contrib,https://www.racingsportscars.com/make/photo/Seat.html,https://www.racingsportscars.com/type/photo/Seat/Le%c3%b3n.html,NA,https://www.racingsportscars.com/suffix/photo/Seat/Le%c3%b3n/TDi.html
2009,35,Porsche 997 GT3 Cup - Porsche F6 4v DOHC N/A,NA,SP9 GT3,Besaplast Racing Team,Closed bodywork,Rear-engined,Martin Tschornia (D)/Franjo Kovac (HR)/Sebastian Asch (D)/Arno Klasen (D),NA,NA,NA,23/02/2018,Fabrice Bergenhuizen,Porsche,997 GT3 Cup,NA,NA,Result: did not finishGrid: 28th (9:08.6920),did not finishGrid: 28th (9:08.6920),not_finished,28,9:08.6920,NA,9:08.6920,https://www.racingsportscars.com/tn/photo/2009/TN_Nurburgring-2009-05-24-035.jpg,https://www.racingsportscars.com/photo/2009/Nurburgring-2009-05-24-035.jpg,https://www.racingsportscars.com/make/photo/Porsche.html,https://www.racingsportscars.com/type/photo/Porsche/997%20GT3%20Cup.html,NA,NA
2009,106,VW Golf III - VW,NA,SP3,,Closed bodywork,Front-engined,Andreas Dingert (D)/Eric Freichels (D)/Sven Kurtenbach (D)/Franz Hasenstab,NA,NA,NA,NA,NA,VW,Golf,NA,III,Result: did not finishGrid: 134th (10:45.1050) - 136th fastest qualifier,did not finishGrid: 134th (10:45.1050) - 136th fastest qualifier,not_finished,134,10:45.1050,NA,10:45.1050,https://www.racingsportscars.com/images/car_no_photo.png,https://www.racingsportscars.com/about.html#contrib,https://www.racingsportscars.com/make/photo/VW.html,https://www.racingsportscars.com/type/photo/VW/Golf.html,NA,https://www.racingsportscars.com/suffix/photo/VW/Golf/III.html
2009,90,Audi TT - Audi,NA,SP3T,,Closed bodywork,Mid-engined,Thomas Koll (D)/Bora Bölck (D)/Stefan Michels (D)/Marc Viebahn,NA,NA,NA,NA,NA,Audi,TT,NA,NA,Result: did not finishGrid: 98th (10:13.0880) - 99th fastest qualifier,did not finishGrid: 98th (10:13.0880) - 99th fastest qualifier,not_finished,98,10:13.0880,NA,10:13.0880,https://www.racingsportscars.com/images/car_no_photo.png,https://www.racingsportscars.com/about.html#contrib,https://www.racingsportscars.com/make/photo/Audi.html,https://www.racingsportscars.com/type/photo/Audi/TT.html,NA,NA
2009,94,Porsche 997 - Porsche,NA,SP9 GT3,Scuderia Offenbach,Closed bodywork,Rear-engined,Andreas Weiland (D)/Guido Wirtz (D)/Algadri Maher/Leonhard Schiller,NA,NA,NA,NA,NA,Porsche,997,NA,NA,Result: did not finishGrid: 35th (9:17.7940),did not finishGrid: 35th (9:17.7940),not_finished,35,9:17.7940,NA,9:17.7940,https://www.racingsportscars.com/images/car_no_photo.png,https://www.racingsportscars.com/about.html#contrib,https://www.racingsportscars.com/make/photo/Porsche.html,https://www.racingsportscars.com/type/photo/Porsche/997.html,NA,NA
2009,185,BMW M3 E46 - BMW,NA,V6,MSC Odenkirchen e.V im ADAC,Closed bodywork,Front-engined,Axel Duffner (D)/Manuel Paßberger (D)/Jochen Vollmer (D)/Frank Genbrock,NA,NA,NA,23/02/2018,Fabrice Bergenhuizen,BMW,M3,NA,E46,Result: did not finishGrid: 88th (10:05.1950) - 89th fastest qualifier,did not finishGrid: 88th (10:05.1950) - 89th fastest qualifier,not_finished,88,10:05.1950,NA,10:05.1950,https://www.racingsportscars.com/tn/photo/2009/TN_Nurburgring-2009-05-24-185.jpg,https://www.racingsportscars.com/photo/2009/Nurburgring-2009-05-24-185.jpg,https://www.racingsportscars.com/make/photo/BMW.html,https://www.racingsportscars.com/type/photo/BMW/M3.html,NA,https://www.racingsportscars.com/suffix/photo/BMW/M3/E46.html
2009,88,Audi TT # - Audi,NA,SP3T,,Closed bodywork,Mid-engined,Haakon Schjärin (N)/Atle Gulbrandsen (N)/Peter Oberndorfer (D),NA,NA,NA,NA,NA,Audi,TT,#,NA,Result: did not finishGrid: 44th (9:29.1190),did not finishGrid: 44th (9:29.1190),not_finished,44,9:29.1190,NA,9:29.1190,https://www.racingsportscars.com/images/car_no_photo.png,https://www.racingsportscars.com/about.html#contrib,https://www.racingsportscars.com/make/photo/Audi.html,https://www.racingsportscars.com/type/photo/Audi/TT.html,https://www.racingsportscars.com/chassis/photo/LNS-01-08.html,NA
2009,84,Audi TT S - Audi,NA,SP3T,ADAC Nordbaden e.V.,Closed bodywork,Mid-engined,Rudolf Brandl (D)/Torsten Kratz (D)/Bela Molnar/Wolf-Dieter Ihle,NA,NA,NA,NA,NA,Audi,TT,NA,S,Result: did not finishGrid: 75th (9:54.6940) - 76th fastest qualifier,did not finishGrid: 75th (9:54.6940) - 76th fastest qualifier,not_finished,75,9:54.6940,NA,9:54.6940,https://www.racingsportscars.com/images/car_no_photo.png,https://www.racingsportscars.com/about.html#contrib,https://www.racingsportscars.com/make/photo/Audi.html,https://www.racingsportscars.com/type/photo/Audi/TT.html,NA,https://www.racingsportscars.com/suffix/photo/Audi/TT/S.html
2009,147,BMW 335d GTR - BMW,NA,D3T,AC Bergisch-Land e.V. im AvD,-,-,Jan Ullrich (D)/Thomas Stoltz/Mike Kluge/Harald Becker (D),NA,NA,NA,23/02/2018,Fabrice Bergenhuizen,BMW,335d,NA,GTR,Result: did not finishGrid: 82nd (10:00.3910) - 83rd fastest qualifier,did not finishGrid: 82nd (10:00.3910) - 83rd fastest qualifier,not_finished,82,10:00.3910,NA,10:00.3910,https://www.racingsportscars.com/tn/photo/2009/TN_Nurburgring-2009-05-24-147.jpg,https://www.racingsportscars.com/photo/2009/Nurburgring-2009-05-24-147.jpg,https://www.racingsportscars.com/make/photo/BMW.html,https://www.racingsportscars.com/type/photo/BMW/335d.html,NA,https://www.racingsportscars.com/suffix/photo/BMW/335d/GTR.html
2009,5,Porsche 997 GT3 #WP0ZZZ99Z7S798081 - Porsche F6 4v DOHC N/A,NA,SP7,Wochenspiegel Team Manthey,Closed bodywork,Rear-engined,Georg Weiss (D)/Peter-Paul Pietsch (D)/Michael Jacobs (USA)/Martin Ragginger (A),WOCHENSPIEGEL,white/black (+red),Falken,NA,NA,Porsche,997 GT3,#WP0ZZZ99Z7S798081,NA,Result: did not finishGrid: 8th (8:44.2990),did not finishGrid: 8th (8:44.2990),not_finished,8,8:44.2990,NA,8:44.2990,https://www.racingsportscars.com/images/car_no_photo.png,https://www.racingsportscars.com/about.html#contrib,https://www.racingsportscars.com/make/photo/Porsche.html,https://www.racingsportscars.com/type/photo/Porsche/997%20GT3.html,https://www.racingsportscars.com/chassis/photo/WP0ZZZ99Z7S798081.html,NA
2009,139,BMW 320d E90 - BMW,NA,D1T,Motorsport Arena Oschersleben,Closed bodywork,Front-engined,Peter Posavac (D)/Lars Stugemo (S)/Marko Hartung (D)/Paul Spooner,NA,NA,NA,NA,NA,BMW,320d,NA,E90,Result: did not finishGrid: 56th (9:39.8770),did not finishGrid: 56th (9:39.8770),not_finished,56,9:39.8770,NA,9:39.8770,https://www.racingsportscars.com/images/car_no_photo.png,https://www.racingsportscars.com/about.html#contrib,https://www.racingsportscars.com/make/photo/BMW.html,https://www.racingsportscars.com/type/photo/BMW/320d.html,NA,https://www.racingsportscars.com/suffix/photo/BMW/320d/E90.html
2009,31,Porsche 997 - Porsche,NA,SP7,,Closed bodywork,Rear-engined,Stefan Beil/Norbert Fischer (D)/Marco Seefried (D)/Tom Coronel (NL),NA,NA,NA,NA,NA,Porsche,997,NA,NA,Result: did not finishGrid: 15th (8:50.6690),did not finishGrid: 15th (8:50.6690),not_finished,15,8:50.6690,NA,8:50.6690,https://www.racingsportscars.com/images/car_no_photo.png,https://www.racingsportscars.com/about.html#contrib,https://www.racingsportscars.com/make/photo/Porsche.html,https://www.racingsportscars.com/type/photo/Porsche/997.html,NA,NA
2009,62,Ford Focus - Ford,NA,SP4T,,-,-,Björn Herrmann/Christian Steffens (D)/Frank Döring (D)/Marcus Kroll,NA,NA,NA,NA,NA,Ford,Focus,NA,NA,Result: did not finishGrid: 83rd (10:01.0170) - 84th fastest qualifier,did not finishGrid: 83rd (10:01.0170) - 84th fastest qualifier,not_finished,83,10:01.0170,NA,10:01.0170,https://www.racingsportscars.com/images/car_no_photo.png,https://www.racingsportscars.com/about.html#contrib,https://www.racingsportscars.com/make/photo/Ford.html,https://www.racingsportscars.com/type/photo/Ford/Focus.html,NA,NA
2009,108,Honda S2000 - Honda,NA,SP3,MSC Langenfeld e.V. im ADAC,-,-,Joe Schmitz (L)/Walter Nawotka (D)/Gerd Grundmann/Dieter Svepes (A),NA,NA,NA,NA,NA,Honda,S2000,NA,NA,Result: did not finishGrid: 116th (10:29.4900) - 118th fastest qualifier,did not finishGrid: 116th (10:29.4900) - 118th fastest qualifier,not_finished,116,10:29.4900,NA,10:29.4900,https://www.racingsportscars.com/images/car_no_photo.png,https://www.racingsportscars.com/about.html#contrib,https://www.racingsportscars.com/make/photo/Honda.html,https://www.racingsportscars.com/type/photo/Honda/S2000.html,NA,NA
2009,32,Porsche 996 R,NA,SP7,Hankook-Levin Racing Team,Closed bodywork,Rear-engined,Anders Levin (S)/Martin Morin/Carl Rydquist (S)/Peter Thelin,NA,NA,NA,NA,NA,Porsche,996,NA,R,Result: did not finishGrid: 32nd (9:16.8070),did not finishGrid: 32nd (9:16.8070),not_finished,32,9:16.8070,NA,9:16.8070,https://www.racingsportscars.com/images/car_no_photo.png,https://www.racingsportscars.com/about.html#contrib,https://www.racingsportscars.com/make/photo/Porsche.html,https://www.racingsportscars.com/type/photo/Porsche/996.html,NA,https://www.racingsportscars.com/suffix/photo/Porsche/996/R.html
2009,67,BMW M3 E46 - BMW,NA,SP5,,Closed bodywork,Front-engined,Oleksiy Kikireshko (UA)/Andrii Onistrat/Ralf Wagner/Valeriy Gorban,NA,NA,NA,23/02/2018,Fabrice Bergenhuizen,BMW,M3,NA,E46,Result: did not finishGrid: 53rd (9:37.6410),did not finishGrid: 53rd (9:37.6410),not_finished,53,9:37.6410,NA,9:37.6410,https://www.racingsportscars.com/tn/photo/2009/TN_Nurburgring-2009-05-24-067.jpg,https://www.racingsportscars.com/photo/2009/Nurburgring-2009-05-24-067.jpg,https://www.racingsportscars.com/make/photo/BMW.html,https://www.racingsportscars.com/type/photo/BMW/M3.html,NA,https://www.racingsportscars.com/suffix/photo/BMW/M3/E46.html
2009,75,Ford Mondeo - Ford,NA,SP4T,,-,-,Stephan Wölflick (D)/Urs Bressan (D)/Michael Klein (D)/Tim Scheerbarth (D),NA,NA,NA,NA,NA,Ford,Mondeo,NA,NA,Result: did not finishGrid: 122nd (10:34.8640) - 124th fastest qualifier,did not finishGrid: 122nd (10:34.8640) - 124th fastest qualifier,not_finished,122,10:34.8640,NA,10:34.8640,https://www.racingsportscars.com/images/car_no_photo.png,https://www.racingsportscars.com/about.html#contrib,https://www.racingsportscars.com/make/photo/Ford.html,https://www.racingsportscars.com/type/photo/Ford/Mondeo.html,NA,NA
2009,72,Aston Martin V8 Vantage N24 - Aston Martin V8/90° 4v DOHC 4280 cc N/A,NA,SP10 GT,,Closed bodywork,Front-engined,Fredy Barth (CH)/Manuel Lauck (D)/Adam Osieka (D)/Nicole Lüttecke (D),NA,NA,NA,23/02/2018,Fabrice Bergenhuizen,Aston Martin,V8 Vantage,NA,N24,Result: did not finishGrid: 59th (9:47.1400) - 60th fastest qualifier,did not finishGrid: 59th (9:47.1400) - 60th fastest qualifier,not_finished,59,9:47.1400,NA,9:47.1400,https://www.racingsportscars.com/tn/photo/2009/TN_Nurburgring-2009-05-24-072.jpg,https://www.racingsportscars.com/photo/2009/Nurburgring-2009-05-24-072.jpg,https://www.racingsportscars.com/make/photo/Aston%20Martin.html,https://www.racingsportscars.com/type/photo/Aston%20Martin/V8%20Vantage.html,NA,https://www.racingsportscars.com/suffix/photo/Aston%20Martin/V8%20Vantage/N24.html
2009,77,BMW Z4 M Coupe - BMW,NA,SP6,Motorsport Arena Oschersleben,-,-,Augusto Farfus (BR)Claudia Hürtgen (D)/Dirk Müller (D)/Stian Sörlie (N),NA,NA,NA,23/02/2018,Fabrice Bergenhuizen,BMW,Z4,NA,M Coupe,Result: did not finishGrid: 17th (8:53.6870),did not finishGrid: 17th (8:53.6870),not_finished,17,8:53.6870,NA,8:53.6870,https://www.racingsportscars.com/tn/photo/2009/TN_Nurburgring-2009-05-24-077.jpg,https://www.racingsportscars.com/photo/2009/Nurburgring-2009-05-24-077.jpg,https://www.racingsportscars.com/make/photo/BMW.html,https://www.racingsportscars.com/type/photo/BMW/Z4.html,NA,https://www.racingsportscars.com/suffix/photo/BMW/Z4/M%20Coupe.html
2009,74,Mercedes-Benz 190 E Evo 2 # - Mercedes-Benz N/A,NA,SP4,,Closed bodywork,Front-engined,Thorsten Stadler (D)/Sebastian Sauerbrei (D)/Ernst Sinowzik,NA,NA,NA,NA,NA,Mercedes-Benz,190 E,#,Evo 2,Result: did not finishGrid: 121st (10:32.3750) - 123rd fastest qualifier,did not finishGrid: 121st (10:32.3750) - 123rd fastest qualifier,not_finished,121,10:32.3750,NA,10:32.3750,https://www.racingsportscars.com/images/car_no_photo.png,https://www.racingsportscars.com/about.html#contrib,https://www.racingsportscars.com/make/photo/Mercedes-Benz.html,https://www.racingsportscars.com/type/photo/Mercedes-Benz/190%20E.html,https://www.racingsportscars.com/chassis/photo/WDB2010361F606674.html,https://www.racingsportscars.com/suffix/photo/Mercedes-Benz/190%20E/Evo%202.html
2009,133,VW Golf IV TDi - VW,NA,D1T,Bergischer Motor-Club e.V. im ADAC,Closed bodywork,Front-engined,Frank Hiersekorn/Ralf Bettendorf/Stefan Schlünder/Lloyd Allard,NA,NA,NA,NA,NA,VW,Golf,NA,IV TDi,Result: did not finishGrid: 138th (10:50.6130) - 140th fastest qualifier,did not finishGrid: 138th (10:50.6130) - 140th fastest qualifier,not_finished,138,10:50.6130,NA,10:50.6130,https://www.racingsportscars.com/images/car_no_photo.png,https://www.racingsportscars.com/about.html#contrib,https://www.racingsportscars.com/make/photo/VW.html,https://www.racingsportscars.com/type/photo/VW/Golf.html,NA,https://www.racingsportscars.com/suffix/photo/VW/Golf/IV%20TDi.html
2009,111,Peugeot 206 RCC - Peugeot,NA,SP3,,-,-,Fabrice Reicher (F)/René Wolff (D)/Pascal Engel/Harald Rettich (D),NA,NA,NA,NA,NA,Peugeot,206,NA,RCC,Result: did not finishGrid: 149th (11:06.9120) - 151st fastest qualifier,did not finishGrid: 149th (11:06.9120) - 151st fastest qualifier,not_finished,149,11:06.9120,NA,11:06.9120,https://www.racingsportscars.com/images/car_no_photo.png,https://www.racingsportscars.com/about.html#contrib,https://www.racingsportscars.com/make/photo/Peugeot.html,https://www.racingsportscars.com/type/photo/Peugeot/206.html,NA,https://www.racingsportscars.com/suffix/photo/Peugeot/206/RCC.html
2009,85,Audi TT - Audi,NA,SP3T,Team ROWE Motorsport,Closed bodywork,Mid-engined,Franz Rohr (D)/Michael Zehe (D)/Werner Kather (D)/Gerhard Ludwig (D),NA,NA,NA,NA,NA,Audi,TT,NA,NA,Result: did not finishGrid: 60th (9:48.6150) - 61st fastest qualifier,did not finishGrid: 60th (9:48.6150) - 61st fastest qualifier,not_finished,60,9:48.6150,NA,9:48.6150,https://www.racingsportscars.com/images/car_no_photo.png,https://www.racingsportscars.com/about.html#contrib,https://www.racingsportscars.com/make/photo/Audi.html,https://www.racingsportscars.com/type/photo/Audi/TT.html,NA,NA
2009,47,BMW Z4 M Coupe - BMW,NA,SP6,,-,-,Heinz Schmersal (D)/Christoph Koslowski (D)/Stephan Rösler (D)/Mike Stursberg (D),NA,NA,NA,23/02/2018,Fabrice Bergenhuizen,BMW,Z4,NA,M Coupe,Result: did not finishGrid: 33rd (9:17.3250),did not finishGrid: 33rd (9:17.3250),not_finished,33,9:17.3250,NA,9:17.3250,https://www.racingsportscars.com/tn/photo/2009/TN_Nurburgring-2009-05-24-047.jpg,https://www.racingsportscars.com/photo/2009/Nurburgring-2009-05-24-047.jpg,https://www.racingsportscars.com/make/photo/BMW.html,https://www.racingsportscars.com/type/photo/BMW/Z4.html,NA,https://www.racingsportscars.com/suffix/photo/BMW/Z4/M%20Coupe.html
2009,51,Porsche 996 GT3 Cup - Porsche F6 4v DOHC N/A,NA,Sp6,,Closed bodywork,Rear-engined,Wolf Silvester (D)/Michael Bonk (D)/Fabian Sigward (CH)/Matthew Marsh (GB),NA,NA,NA,23/02/2018,Fabrice Bergenhuizen,Porsche,996 GT3 Cup,NA,NA,Result: did not finishGrid: 45th (9:31.1300),did not finishGrid: 45th (9:31.1300),not_finished,45,9:31.1300,NA,9:31.1300,https://www.racingsportscars.com/tn/photo/2009/TN_Nurburgring-2009-05-24-051.jpg,https://www.racingsportscars.com/photo/2009/Nurburgring-2009-05-24-051.jpg,https://www.racingsportscars.com/make/photo/Porsche.html,https://www.racingsportscars.com/type/photo/Porsche/996%20GT3%20Cup.html,NA,NA
2009,50,BMW M3 E92 GTR - BMW,NA,SP7,,Closed bodywork,Front-engined,Heribert Steiner (D)/Damien Flack (AUS)/Valentin Hummel (D)/Michael Funke (D),NA,NA,NA,23/02/2018,Fabrice Bergenhuizen,BMW,M3,NA,E92 GTR,Result: did not finishGrid: 87th (10:02.9560) - 88th fastest qualifier,did not finishGrid: 87th (10:02.9560) - 88th fastest qualifier,not_finished,87,10:02.9560,NA,10:02.9560,https://www.racingsportscars.com/tn/photo/2009/TN_Nurburgring-2009-05-24-050.jpg,https://www.racingsportscars.com/photo/2009/Nurburgring-2009-05-24-050.jpg,https://www.racingsportscars.com/make/photo/BMW.html,https://www.racingsportscars.com/type/photo/BMW/M3.html,NA,https://www.racingsportscars.com/suffix/photo/BMW/M3/E92%20GTR.html
2009,120,Opel Manta B2 #WOL000058G6124929 - Opel,NA,SP3,Kissling Motorsport (D),Closed bodywork,Front-engined,Olaf Beckmann (D)/Volker Strycek (D)/Peter Hass (D)/Ralf Schall (D),NA,NA,NA,NA,NA,Opel,Manta,#WOL000058G6124929,B2,Result: did not finishGrid: 95th (10:11.7520) - 96th fastest qualifier,did not finishGrid: 95th (10:11.7520) - 96th fastest qualifier,not_finished,95,10:11.7520,NA,10:11.7520,https://www.racingsportscars.com/images/car_no_photo.png,https://www.racingsportscars.com/about.html#contrib,https://www.racingsportscars.com/make/photo/Opel.html,https://www.racingsportscars.com/type/photo/Opel/Manta.html,https://www.racingsportscars.com/chassis/photo/WOL000058G6124929.html,https://www.racingsportscars.com/suffix/photo/Opel/Manta/B2.html
2009,46,Nissan 350Z - Nissan,NA,SP6,,Closed bodywork,Front-engined,Tobias Schulze (D)/Michael Schulze (D)/Martin Scheel/Meik Utsch (D),NA,NA,NA,NA,NA,Nissan,350Z,NA,NA,Result: did not finishGrid: 55th (9:39.7000),did not finishGrid: 55th (9:39.7000),not_finished,55,9:39.7000,NA,9:39.7000,https://www.racingsportscars.com/images/car_no_photo.png,https://www.racingsportscars.com/about.html#contrib,https://www.racingsportscars.com/make/photo/Nissan.html,https://www.racingsportscars.com/type/photo/Nissan/350Z.html,NA,NA
2009,30,Porsche 997 GT3 RSR - Porsche F6 4v DOHC N/A,NA,SP7,,Closed bodywork,Rear-engined,Kersten Jodexnis (D)/Wolfgang Destree (D)/Kai Riemer (D)/Nils Bartels (D),NA,NA,NA,NA,NA,Porsche,997 GT3 RSR,NA,NA,Result: did not finishGrid: 26th (9:01.8230),did not finishGrid: 26th (9:01.8230),not_finished,26,9:01.8230,NA,9:01.8230,https://www.racingsportscars.com/images/car_no_photo.png,https://www.racingsportscars.com/about.html#contrib,https://www.racingsportscars.com/make/photo/Porsche.html,https://www.racingsportscars.com/type/photo/Porsche/997%20GT3%20RSR.html,NA,NA
2009,174,BMW M3 E36 GT # - BMW,NA,V5,ADAC Ostwestfalen-Lippe,Closed bodywork,Front-engined,Dominik Thiemann (D)/Allan Runnegard/Kim Berwanger (D)/Thomas Frank (D),NA,NA,NA,NA,NA,BMW,M3,#,E36 GT,Result: did not finishGrid: 106th (10:19.9180) - 107th fastest qualifier,did not finishGrid: 106th (10:19.9180) - 107th fastest qualifier,not_finished,106,10:19.9180,NA,10:19.9180,https://www.racingsportscars.com/images/car_no_photo.png,https://www.racingsportscars.com/about.html#contrib,https://www.racingsportscars.com/make/photo/BMW.html,https://www.racingsportscars.com/type/photo/BMW/M3.html,https://www.racingsportscars.com/chassis/photo/WBSBF99000EA40009.html,https://www.racingsportscars.com/suffix/photo/BMW/M3/E36%20GT.html
