year,number,car_title,result,group,entrant,bodywork,engine,drivers,sponsor,colour,tyre,updated,contributor,make,model,suffix,chassis,result_raw,result_txt,result_status,grid,grid_time,finish_gap,dnf_reason,thumb_url,photo_url,make_url,model_url,suffix_url,chassis_url
2010,25,BMW M3 E92 GT #906 - BMW V8 4v 3999 cc N/A,1,E1-XP2,BMW Motorsport,Closed bodywork,Front-engined,Augusto Farfus (BR)/Uwe Alzen (D)/Jörg Müller (D)/Pedro Lamy (P),NA,NA,Dunlop,26/10/2020,Thomas Morper,BMW,M3,E92 GT,#906,Result: winner - (162.808 kph) - margin: 3m54s191Grid: 8th (8:32.8610),winner - (162.808 kph) - margin: 3m54s191Grid: 8th (8:32.8610),finished,8,8:32.8610,162.808 kph,NA,https://www.racingsportscars.com/tn/photo/2010/TN_Nurburgring-2010-05-16-025.jpg,https://www.racingsportscars.com/photo/2010/Nurburgring-2010-05-16-025.jpg,https://www.racingsportscars.com/make/photo/BMW.html,https://www.racingsportscars.com/type/photo/BMW/M3.html,https://www.racingsportscars.com/suffix/photo/BMW/M3/E92%20GT.html,https://www.racingsportscars.com/chassis/photo/16-21__67-S%20906.html
2010,43,Ferrari F430 GTC #2630 - Ferrari F136 GT V8/90° 4v DOHC 3997 cc N/A,2,SP7,Hankook Team Farnbacher (D),Closed bodywork,Mid-engined,Dominik Farnbacher (D)/Allan Simonsen (DK)/Leh Keen (USA)/Marco Seefried (D),NA,NA,Hankook,26/10/2020,Thomas Morper,Ferrari,F430,GTC,#2630,Result: 2nd 1st in SP7 (3m54s191 behind the winner)Grid: 45th (9:20.5520) - 46th fastest qualifier,2nd 1st in SP7 (3m54s191 behind the winner)Grid: 45th (9:20.5520) - 46th fastest qualifier,finished,45,9:20.5520,3m54s191 behind the winner,NA,https://www.racingsportscars.com/tn/photo/2010/TN_Nurburgring-2010-05-16-043.jpg,https://www.racingsportscars.com/NA,https://www.racingsportscars.com/make/photo/Ferrari.html,https://www.racingsportscars.com/type/photo/Ferrari/F430.html,https://www.racingsportscars.com/suffix/photo/Ferrari/F430/GTC.html,https://www.racingsportscars.com/chassis/photo/F131%20EVOGTC%202630.html
2010,97,Audi R8 LMS #AS42AOFGT3090214 - Audi FSI V10/90° 4v DOHC 5205 cc N/A,3,SP9 GT3,Phoenix Racing GmbH,Closed bodywork,Mid-engined,Dennis Rostek (D)/Luca Ludwig (D)/Marc Bronzel (D)/Markus Winkelhock (D),NA,NA,Michelin,26/10/2020,Thomas Morper,Audi,R8 LMS,NA,#AS42AOFGT3090214,Result: 3rd 1st in SP9 GT3 (1 lap behind the winner)Grid: 12th (8:37.8590),3rd 1st in SP9 GT3 (1 lap behind the winner)Grid: 12th (8:37.8590),finished,12,8:37.8590,1 lap behind the winner,NA,https://www.racingsportscars.com/tn/photo/2010/TN_Nurburgring-2010-05-16-097.jpg,https://www.racingsportscars.com/NA,https://www.racingsportscars.com/make/photo/Audi.html,https://www.racingsportscars.com/type/photo/Audi/R8%20LMS.html,NA,https://www.racingsportscars.com/chassis/photo/AS42A0FGT3090214.html
2010,76,BMW Z4 E89 GT3 #1002 - BMW V8/90° 4v DOHC N/A,4,SP9 GT3,Need for Speed by Schubert Motorsport,Closed bodywork,Front-engined,Marko Hartung (D)/Patrick Söderlund (S)/Edward Sandström (S)/Martin Öhlin (S),NA,NA,Dunlop,26/10/2020,Thomas Morper,BMW,Z4,E89 GT3,#1002,Result: 4th (2 laps behind the winner)Grid: 20th (8:47.0170),4th (2 laps behind the winner)Grid: 20th (8:47.0170),finished,20,8:47.0170,2 laps behind the winner,NA,https://www.racingsportscars.com/tn/photo/2010/TN_Nurburgring-2010-05-16-076.jpg,https://www.racingsportscars.com/NA,https://www.racingsportscars.com/make/photo/BMW.html,https://www.racingsportscars.com/type/photo/BMW/Z4.html,https://www.racingsportscars.com/suffix/photo/BMW/Z4/E89%20GT3.html,https://www.racingsportscars.com/chassis/photo/E89Z4%201002.html
2010,102,Audi R8 LMS #AS42A0FGT3100204 - Audi FSI V10/90° 4v DOHC 5205 cc N/A,5,SP9 GT3,Black Falcon,Closed bodywork,Mid-engined,Christer Jöns (D)/Sean Paul Breslin (IRL)/Johannes Stuck (A)/Kenneth Heyer (D),NA,NA,Yokohama,26/10/2020,Thomas Morper,Audi,R8 LMS,NA,#AS42A0FGT3100204,Result: 5th (2 laps behind the winner)Grid: 17th (8:44.0700),5th (2 laps behind the winner)Grid: 17th (8:44.0700),finished,17,8:44.0700,2 laps behind the winner,NA,https://www.racingsportscars.com/tn/photo/2010/TN_Nurburgring-2010-05-16-102.jpg,https://www.racingsportscars.com/NA,https://www.racingsportscars.com/make/photo/Audi.html,https://www.racingsportscars.com/type/photo/Audi/R8%20LMS.html,NA,https://www.racingsportscars.com/chassis/photo/AS42A0FGT3100204.html
2010,20,Porsche 997 GT3 Cup S #WP0ZZZ99Z9S799273 - Porsche F6 4v DOHC N/A,6,SP9 GT3,H & R Spezialfedern,Closed bodywork,Rear-engined,Jürgen Alzen (D)/Dominik Schwager (D)/Thomas Jäger (D)/Sascha Bert (D),NA,NA,NA,26/10/2020,Thomas Morper,Porsche,997 GT3 Cup,S,#WP0ZZZ99Z9S799273,Result: 6th (3 laps behind the winner)Grid: 10th (8:34.9060),6th (3 laps behind the winner)Grid: 10th (8:34.9060),finished,10,8:34.9060,3 laps behind the winner,NA,https://www.racingsportscars.com/tn/photo/2010/TN_Nurburgring-2010-05-16-020.jpg,https://www.racingsportscars.com/NA,https://www.racingsportscars.com/make/photo/Porsche.html,https://www.racingsportscars.com/type/photo/Porsche/997%20GT3%20Cup.html,https://www.racingsportscars.com/suffix/photo/Porsche/997%20GT3%20Cup/S.html,https://www.racingsportscars.com/chassis/photo/WP0ZZZ99Z9S799273.html
2010,26,BMW M3 E92 GT #904 - BMW V8 4v 3999 cc N/A,7,E1-XP2,BMW Motorsport,Closed bodywork,Front-engined,Dirk Werner (D)/Andy Priaulx (GB)/Dirk Müller (D)/Dirk Adorf (D),NA,NA,Dunlop,18/11/2023,Thomas Morper and mariechen (CC-BY-SA-2.0),BMW,M3,E92 GT,#904,Result: 7th (4 laps behind the winner)Grid: 11th (8:36.8400),7th (4 laps behind the winner)Grid: 11th (8:36.8400),finished,11,8:36.8400,4 laps behind the winner,NA,https://www.racingsportscars.com/tn/photo/2010/TN_Nurburgring-2010-05-16-026.jpg,https://www.racingsportscars.com/photo/2010/Nurburgring-2010-05-16-026.jpg,https://www.racingsportscars.com/make/photo/BMW.html,https://www.racingsportscars.com/type/photo/BMW/M3.html,https://www.racingsportscars.com/suffix/photo/BMW/M3/E92%20GT.html,https://www.racingsportscars.com/chassis/photo/16-21__67-S%20904.html
2010,18,Porsche 997 GT3 Cup S #WP0ZZZ99Z9S798260 - Porsche F6 4v DOHC N/A,8,SP9 GT3,Team Rowe Motorsport,Closed bodywork,Rear-engined,Michael Zehe (D)/Marco Schelp (D)/Alex Roloff (D)/Mark Bullit (USA),NA,NA,Michelin,26/10/2020,Thomas Morper,Porsche,997 GT3 Cup,S,#WP0ZZZ99Z9S798260,Result: 8th (4 laps behind the winner)Grid: 18th (8:44.1330),8th (4 laps behind the winner)Grid: 18th (8:44.1330),finished,18,8:44.1330,4 laps behind the winner,NA,https://www.racingsportscars.com/tn/photo/2010/TN_Nurburgring-2010-05-16-018.jpg,https://www.racingsportscars.com/NA,https://www.racingsportscars.com/make/photo/Porsche.html,https://www.racingsportscars.com/type/photo/Porsche/997%20GT3%20Cup.html,https://www.racingsportscars.com/suffix/photo/Porsche/997%20GT3%20Cup/S.html,https://www.racingsportscars.com/chassis/photo/WP0ZZZ99Z9S798260.html
2010,69,BMW Z4 E89 GT3 - BMW V8/90° 4v DOHC N/A,9,SP9 GT3,Dörr Motorsport,Closed bodywork,Front-engined,Stefan Aust (D)/Rudi Adams (D)/Jochen Übler (D)/Markus Großmann (D),NA,NA,Pirelli,26/10/2020,Thomas Morper,BMW,Z4,E89 GT3,NA,Result: 9th (5 laps behind the winner)Grid: 21st (8:47.0250),9th (5 laps behind the winner)Grid: 21st (8:47.0250),finished,21,8:47.0250,5 laps behind the winner,NA,https://www.racingsportscars.com/tn/photo/2010/TN_Nurburgring-2010-05-16-069.jpg,https://www.racingsportscars.com/NA,https://www.racingsportscars.com/make/photo/BMW.html,https://www.racingsportscars.com/type/photo/BMW/Z4.html,https://www.racingsportscars.com/suffix/photo/BMW/Z4/E89%20GT3.html,NA
2010,35,Porsche 997 GT3 Cup #WP0ZZZ99Z7S798194 - Porsche F6 4v DOHC N/A,10,SP7,Scuderia Offenbach,Closed bodywork,Rear-engined,Matthias Weiland (D)/Rodney Forbes (AUS)/Kai Riemer (D)/David Horn (D),NA,NA,NA,26/10/2020,Thomas Morper,Porsche,997 GT3 Cup,NA,#WP0ZZZ99Z7S798194,Result: 10th (6 laps behind the winner)Grid: 31st (9:07.7500),10th (6 laps behind the winner)Grid: 31st (9:07.7500),finished,31,9:07.7500,6 laps behind the winner,NA,https://www.racingsportscars.com/tn/photo/2010/TN_Nurburgring-2010-05-16-035.jpg,https://www.racingsportscars.com/NA,https://www.racingsportscars.com/make/photo/Porsche.html,https://www.racingsportscars.com/type/photo/Porsche/997%20GT3%20Cup.html,NA,https://www.racingsportscars.com/chassis/photo/WP0ZZZ99Z7S798194.html
2010,14,Porsche 997 GT3 Cup #WP0ZZZ99Z7S798114b - Porsche F6 4v DOHC N/A,11,SP9 GT3,Tsunami RT,Closed bodywork,Rear-engined,Alexander Gayday (UA)/Andrii Kruglyk (UA)/Aleksey Basov (RUS)/Michael Schratz (D),NA,NA,NA,26/10/2020,Thomas Morper,Porsche,997 GT3 Cup,NA,#WP0ZZZ99Z7S798114b,Result: 11th (7 laps behind the winner)Grid: 34th (9:09.7540),11th (7 laps behind the winner)Grid: 34th (9:09.7540),finished,34,9:09.7540,7 laps behind the winner,NA,https://www.racingsportscars.com/tn/photo/2010/TN_Nurburgring-2010-05-16-014.jpg,https://www.racingsportscars.com/NA,https://www.racingsportscars.com/make/photo/Porsche.html,https://www.racingsportscars.com/type/photo/Porsche/997%20GT3%20Cup.html,NA,https://www.racingsportscars.com/chassis/photo/WP0ZZZ99Z7S798114.html
2010,44,Nissan 350Z Z33 #Z33 ST1-002 - Nissan,12,SP7,Falken Motorsports,Closed bodywork,Front-engined,Peter Dumbreck (GB)/Dirk Schoysman (B)/Tetsuya Tanaka (J)/Kazuki Hoshino (J),NA,NA,Falken,26/10/2020,Thomas Morper,Nissan,350Z,Z33,#Z33 ST1-002,Result: 12th (9 laps behind the winner)Grid: 49th (9:27.7560) - 50th fastest qualifier,12th (9 laps behind the winner)Grid: 49th (9:27.7560) - 50th fastest qualifier,finished,49,9:27.7560,9 laps behind the winner,NA,https://www.racingsportscars.com/tn/photo/2010/TN_Nurburgring-2010-05-16-044.jpg,https://www.racingsportscars.com/NA,https://www.racingsportscars.com/make/photo/Nissan.html,https://www.racingsportscars.com/type/photo/Nissan/350Z.html,https://www.racingsportscars.com/suffix/photo/Nissan/350Z/Z33.html,https://www.racingsportscars.com/chassis/photo/Z33%20ST1-002.html
2010,11,Porsche 997 GT3 RSR #WP0ZZZ99ZAS799015 - Porsche F6 4v DOHC N/A,13,SP7,Porsche AG (D),Closed bodywork,Rear-engined,Patrick Simon (D)/Horst von Saurma-Jeltsch (D)/Roland Asch (D)/Chris Harris (GB),NA,NA,NA,26/10/2020,Thomas Morper,Porsche,997 GT3 RSR,NA,#WP0ZZZ99ZAS799015,Result: 13th (9 laps behind the winner)Grid: 41st (9:15.3380) - 42nd fastest qualifier,13th (9 laps behind the winner)Grid: 41st (9:15.3380) - 42nd fastest qualifier,finished,41,9:15.3380,9 laps behind the winner,NA,https://www.racingsportscars.com/tn/photo/2010/TN_Nurburgring-2010-05-16-011.jpg,https://www.racingsportscars.com/NA,https://www.racingsportscars.com/make/photo/Porsche.html,https://www.racingsportscars.com/type/photo/Porsche/997%20GT3%20RSR.html,NA,https://www.racingsportscars.com/chassis/photo/WP0ZZZ99ZAS799015.html
2010,33,Porsche 997 GT3 Cup #WP0ZZZ99Z7S798009 - Porsche F6 4v DOHC N/A,14,SP9 GT3,RDM-Cargraphic-Logwin-Racing,Closed bodywork,Rear-engined,"""Peter König"" (D)/Steffen Schlichenmeier (D)/Kurt Ecke (D)",NA,NA,NA,26/10/2020,Thomas Morper,Porsche,997 GT3 Cup,NA,#WP0ZZZ99Z7S798009,Result: 14th (9 laps behind the winner)Grid: 44th (9:19.6580) - 45th fastest qualifier,14th (9 laps behind the winner)Grid: 44th (9:19.6580) - 45th fastest qualifier,finished,44,9:19.6580,9 laps behind the winner,NA,https://www.racingsportscars.com/tn/photo/2010/TN_Nurburgring-2010-05-16-033.jpg,https://www.racingsportscars.com/NA,https://www.racingsportscars.com/make/photo/Porsche.html,https://www.racingsportscars.com/type/photo/Porsche/997%20GT3%20Cup.html,NA,https://www.racingsportscars.com/chassis/photo/WP0ZZZ99Z7S798009.html
2010,133,Audi TT S #RM004 - Audi,15,SP3T,Räder Automotive,Closed bodywork,Mid-engined,Elmar Deegener (D)/Jürgen Wohlfahrt (D)/Christoph Breuer (D)/Wolfgang Haugg (D),NA,NA,Dunlop,26/10/2020,Thomas Morper,Audi,TT,S,#RM004,Result: 15th 1st in SP3T (10 laps behind the winner)Grid: 38th (9:12.8020),15th 1st in SP3T (10 laps behind the winner)Grid: 38th (9:12.8020),finished,38,9:12.8020,10 laps behind the winner,NA,https://www.racingsportscars.com/tn/photo/2010/TN_Nurburgring-2010-05-16-133.jpg,https://www.racingsportscars.com/NA,https://www.racingsportscars.com/make/photo/Audi.html,https://www.racingsportscars.com/type/photo/Audi/TT.html,https://www.racingsportscars.com/suffix/photo/Audi/TT/S.html,https://www.racingsportscars.com/chassis/photo/RM004.html
2010,117,VW Scirocco GT24-CNG #VWM354GLS02 - VW L4 N/A,16,AT,Volkswagen Motorsport,Closed bodywork,Front-engined,Klaus Niedzwiedz (D)Nasser Al-Attiyah (Q)/Vanina Ickx (B)/Dieter Depping (D),NA,NA,Dunlop,26/10/2020,Thomas Morper,VW,Scirocco,GT24-CNG,#VWM354GLS02,Result: 16th 1st in AT (11 laps behind the winner)Grid: 42nd (9:15.8780) - 43rd fastest qualifier,16th 1st in AT (11 laps behind the winner)Grid: 42nd (9:15.8780) - 43rd fastest qualifier,finished,42,9:15.8780,11 laps behind the winner,NA,https://www.racingsportscars.com/tn/photo/2010/TN_Nurburgring-2010-05-16-117.jpg,https://www.racingsportscars.com/NA,https://www.racingsportscars.com/make/photo/VW.html,https://www.racingsportscars.com/type/photo/VW/Scirocco.html,https://www.racingsportscars.com/suffix/photo/VW/Scirocco/GT24-CNG.html,https://www.racingsportscars.com/chassis/photo/VWM354GLS02.html
2010,28,Porsche 997 GT3 Cup #WP0ZZZ99Z8S798218 - Porsche F6 4v DOHC N/A,17,SP9 GT3,Scuderia Offenbach e.V.,Closed bodywork,Rear-engined,"Michael Klein (D)/Antoine Feidt (L)/""Selch"" (D)/Oliver Freymuth (D)",NA,NA,NA,26/10/2020,Thomas Morper,Porsche,997 GT3 Cup,NA,#WP0ZZZ99Z8S798218,Result: 17th (12 laps behind the winner)Grid: 64th (9:37.1920) - 65th fastest qualifier,17th (12 laps behind the winner)Grid: 64th (9:37.1920) - 65th fastest qualifier,finished,64,9:37.1920,12 laps behind the winner,NA,https://www.racingsportscars.com/tn/photo/2010/TN_Nurburgring-2010-05-16-028.jpg,https://www.racingsportscars.com/NA,https://www.racingsportscars.com/make/photo/Porsche.html,https://www.racingsportscars.com/type/photo/Porsche/997%20GT3%20Cup.html,NA,https://www.racingsportscars.com/chassis/photo/WP0ZZZ99Z8S798218.html
2010,50,Lexus LF-A #G547000052 - Lexus,18,SP8,Gazoo Racing,-,-,Takayuki Kinoshita (J)/Akira Iida (J)/Juichi Wakisaka (J)/Kazuya Oshima (J),NA,NA,NA,18/11/2023,Thomas Morper and AnZy1966 (CC-BY-SA-2.0),Lexus,LF,-A,#G547000052,Result: 18th 1st in SP8 (12 laps behind the winner)Grid: 25th (8:50.0340),18th 1st in SP8 (12 laps behind the winner)Grid: 25th (8:50.0340),finished,25,8:50.0340,12 laps behind the winner,NA,https://www.racingsportscars.com/tn/photo/2010/TN_Nurburgring-2010-05-16-050.jpg,https://www.racingsportscars.com/photo/2010/Nurburgring-2010-05-16-050.jpg,https://www.racingsportscars.com/make/photo/Lexus.html,https://www.racingsportscars.com/type/photo/Lexus/LF.html,https://www.racingsportscars.com/suffix/photo/Lexus/LF/-A.html,https://www.racingsportscars.com/chassis/photo/G547000052.html
2010,142,Opel Astra OPC #KM-GTC-6 - Opel,19,SP3T,Opel OPC Race Camp,-,-,Hendrik Scharf/Jean-Marie Rathje (D)/Arne Hoffmeister (D)/Roger Büeler,NA,NA,NA,26/10/2020,Thomas Morper,Opel,Astra,OPC,#KM-GTC-6,Result: 19th (13 laps behind the winner)Grid: 56th (9:33.6050) - 57th fastest qualifier,19th (13 laps behind the winner)Grid: 56th (9:33.6050) - 57th fastest qualifier,finished,56,9:33.6050,13 laps behind the winner,NA,https://www.racingsportscars.com/tn/photo/2010/TN_Nurburgring-2010-05-16-142.jpg,https://www.racingsportscars.com/NA,https://www.racingsportscars.com/make/photo/Opel.html,https://www.racingsportscars.com/type/photo/Opel/Astra.html,https://www.racingsportscars.com/suffix/photo/Opel/Astra/OPC.html,https://www.racingsportscars.com/chassis/photo/KM-GTC-6.html
2010,88,Porsche 997 GT3 Cup S #WP0ZZZ99Z7S798006 - Porsche F6 4v DOHC N/A,20,SP9 GT3,Haribo Team Manthey,Closed bodywork,Rear-engined,Hans Guido Riegel (D)/Mike Stursberg (D)/Wolfgang Kohler (D)/Georg Berlandy (D),NA,NA,Michelin,26/10/2020,Thomas Morper,Porsche,997 GT3 Cup,S,#WP0ZZZ99Z7S798006,Result: 20th (13 laps behind the winner)Grid: 23rd (8:47.7330),20th (13 laps behind the winner)Grid: 23rd (8:47.7330),finished,23,8:47.7330,13 laps behind the winner,NA,https://www.racingsportscars.com/tn/photo/2010/TN_Nurburgring-2010-05-16-088.jpg,https://www.racingsportscars.com/photo/2010/Nurburgring-2010-05-16-088.jpg,https://www.racingsportscars.com/make/photo/Porsche.html,https://www.racingsportscars.com/type/photo/Porsche/997%20GT3%20Cup.html,https://www.racingsportscars.com/suffix/photo/Porsche/997%20GT3%20Cup/S.html,https://www.racingsportscars.com/chassis/photo/WP0ZZZ99Z7S798006.html
2010,169,BMW Z4 M Coupe E86 - BMW,21,SP6,Dörr Motorsport,-,-,Stefan Aust (D)/Dierk Möller-Sonntag (D)/Peter Posavac (D)/Hanspeter Strehler (CH),NA,NA,Pirelli,26/10/2020,Thomas Morper,BMW,Z4,M Coupe E86,NA,Result: 21st 1st in SP6 (13 laps behind the winner)Grid: 32nd (9:07.8720),21st 1st in SP6 (13 laps behind the winner)Grid: 32nd (9:07.8720),finished,32,9:07.8720,13 laps behind the winner,NA,https://www.racingsportscars.com/tn/photo/2010/TN_Nurburgring-2010-05-16-169.jpg,https://www.racingsportscars.com/photo/2010/Nurburgring-2010-05-16-169.jpg,https://www.racingsportscars.com/make/photo/BMW.html,https://www.racingsportscars.com/type/photo/BMW/Z4.html,https://www.racingsportscars.com/suffix/photo/BMW/Z4/M%20Coupe%20E86.html,NA
2010,141,Opel Astra OPC #KM-GTC-7 - Opel,22,SP3T,Opel OPC Race Camp,-,-,Sebastian Amossé/Rene Hiddel/Thierry Kilchenmann/Dennis Rieger,NA,NA,NA,26/10/2020,Thomas Morper,Opel,Astra,OPC,#KM-GTC-7,Result: 22nd (14 laps behind the winner)Grid: 67th (9:38.5760) - 68th fastest qualifier,22nd (14 laps behind the winner)Grid: 67th (9:38.5760) - 68th fastest qualifier,finished,67,9:38.5760,14 laps behind the winner,NA,https://www.racingsportscars.com/tn/photo/2010/TN_Nurburgring-2010-05-16-141.jpg,https://www.racingsportscars.com/NA,https://www.racingsportscars.com/make/photo/Opel.html,https://www.racingsportscars.com/type/photo/Opel/Astra.html,https://www.racingsportscars.com/suffix/photo/Opel/Astra/OPC.html,https://www.racingsportscars.com/chassis/photo/KM-GTC-7.html
2010,70,Audi RS4 B7 #GLS404 - Audi,23,SP8T,Team Götz Motorsport,-,-,Vic Rice (USA)/Shane Lewis (USA)/Axel Duffner (D)/Karl Pflanz (D),NA,NA,Dunlop,26/10/2020,Thomas Morper,Audi,RS4,B7,#GLS404,Result: 23rd 1st in SP8T (14 laps behind the winner)Grid: 55th (9:33.4470) - 56th fastest qualifier,23rd 1st in SP8T (14 laps behind the winner)Grid: 55th (9:33.4470) - 56th fastest qualifier,finished,55,9:33.4470,14 laps behind the winner,NA,https://www.racingsportscars.com/tn/photo/2010/TN_Nurburgring-2010-05-16-070.jpg,https://www.racingsportscars.com/NA,https://www.racingsportscars.com/make/photo/Audi.html,https://www.racingsportscars.com/type/photo/Audi/RS4.html,https://www.racingsportscars.com/suffix/photo/Audi/RS4/B7.html,https://www.racingsportscars.com/chassis/photo/GLS404.html
2010,137,Subaru GRB #002021 - Subaru,24,SP3T,Subaru Tecnica International,-,-,Kazuo Shimizu (J)/Toshihiro Yoshida (J)/Marcel Engels (B)/Carlo van Dam (NL),NA,NA,Dunlop,NA,NA,Subaru,GRB,NA,#002021,Result: 24th (15 laps behind the winner)Grid: 90th (9:55.3610) - 91st fastest qualifier,24th (15 laps behind the winner)Grid: 90th (9:55.3610) - 91st fastest qualifier,finished,90,9:55.3610,15 laps behind the winner,NA,https://www.racingsportscars.com/images/car_no_photo.png,https://www.racingsportscars.com/NA,https://www.racingsportscars.com/make/photo/Subaru.html,https://www.racingsportscars.com/type/photo/Subaru/GRB.html,NA,https://www.racingsportscars.com/chassis/photo/002021.html
2010,96,BMW M3 GT4 - BMW,25,SP7,Dörr Motorsport,Closed bodywork,Front-engined,Rolf Scheibner (D)/Peter Posavac (D)/Guido Majewski (D)/Christian Gebhardt (D),NA,NA,Pirelli,26/10/2020,Thomas Morper,BMW,M3,GT4,NA,Result: 25th (15 laps behind the winner)Grid: 66th (9:38.1190) - 67th fastest qualifier,25th (15 laps behind the winner)Grid: 66th (9:38.1190) - 67th fastest qualifier,finished,66,9:38.1190,15 laps behind the winner,NA,https://www.racingsportscars.com/tn/photo/2010/TN_Nurburgring-2010-05-16-096.jpg,https://www.racingsportscars.com/NA,https://www.racingsportscars.com/make/photo/BMW.html,https://www.racingsportscars.com/type/photo/BMW/M3.html,https://www.racingsportscars.com/suffix/photo/BMW/M3/GT4.html,NA
2010,106,BMW M3 E46 GTR #7678608031 - BMW,26,SP5,Tischner Racing,Closed bodywork,Front-engined,Michael Tischner (D)/Ulrich Becker (D)/Karl Brinker (D)/Matthias Tischner (D),NA,NA,NA,NA,NA,BMW,M3,E46 GTR,#7678608031,Result: 26th 1st in SP5 (17 laps behind the winner)Grid: 60th (9:35.2140) - 61st fastest qualifier,26th 1st in SP5 (17 laps behind the winner)Grid: 60th (9:35.2140) - 61st fastest qualifier,finished,60,9:35.2140,17 laps behind the winner,NA,https://www.racingsportscars.com/images/car_no_photo.png,https://www.racingsportscars.com/NA,https://www.racingsportscars.com/make/photo/BMW.html,https://www.racingsportscars.com/type/photo/BMW/M3.html,https://www.racingsportscars.com/suffix/photo/BMW/M3/E46%20GTR.html,https://www.racingsportscars.com/chassis/photo/7678608031.html
2010,61,Aston Martin V8 Vantage N24 #055 (Prodrive) - Aston Martin V8/90° 4v DOHC N/A,27,SP10 GT4,Mathol Racing,Closed bodywork,Front-engined,Wolfgang Weber (D)/Richard Nilsson (D)/Norbert Bermes (D)/Uwe Nittel (D),NA,NA,NA,26/10/2020,Thomas Morper,Aston Martin,V8 Vantage,N24,#055,Result: 27th 1st in SP10 GT4 (17 laps behind the winner)Grid: 62nd (9:35.4440) - 63rd fastest qualifier,27th 1st in SP10 GT4 (17 laps behind the winner)Grid: 62nd (9:35.4440) - 63rd fastest qualifier,finished,62,9:35.4440,17 laps behind the winner,NA,https://www.racingsportscars.com/tn/photo/2010/TN_Nurburgring-2010-05-16-061.jpg,https://www.racingsportscars.com/NA,https://www.racingsportscars.com/make/photo/Aston%20Martin.html,https://www.racingsportscars.com/type/photo/Aston%20Martin/V8%20Vantage.html,https://www.racingsportscars.com/suffix/photo/Aston%20Martin/V8%20Vantage/N24.html,https://www.racingsportscars.com/chassis/photo/055.html
2010,48,Porsche 997 GT3 Cup #WP0ZZZ99Z6S798101 - Porsche F6 4v DOHC N/A,28,SP7,Level Racing sprl,Closed bodywork,Rear-engined,Bruno Barbaro (I)/Giuseppe Arlotti (I)/Olivier Muytjens (B),NA,NA,Michelin,NA,NA,Porsche,997 GT3 Cup,NA,#WP0ZZZ99Z6S798101,Result: 28th (17 laps behind the winner)Grid: 108th (10:14.3530) - 109th fastest qualifier,28th (17 laps behind the winner)Grid: 108th (10:14.3530) - 109th fastest qualifier,finished,108,10:14.3530,17 laps behind the winner,NA,https://www.racingsportscars.com/images/car_no_photo.png,https://www.racingsportscars.com/NA,https://www.racingsportscars.com/make/photo/Porsche.html,https://www.racingsportscars.com/type/photo/Porsche/997%20GT3%20Cup.html,NA,https://www.racingsportscars.com/chassis/photo/WP0ZZZ99Z6S798101.html
2010,42,Porsche 997 GT3 Cup #WP0ZZZ99Z9S799233 - Porsche F6 4v DOHC N/A,29,SP7,Pinta Racing,Closed bodywork,Rear-engined,Jörg van Ommen (D)Michael Illbruck (D)/Manuel Lauck (D)/Altfrid Heger (D),NA,NA,NA,26/10/2020,Thomas Morper,Porsche,997 GT3 Cup,NA,#WP0ZZZ99Z9S799233,Result: 29th (17 laps behind the winner)Grid: 26th (8:52.3630),29th (17 laps behind the winner)Grid: 26th (8:52.3630),finished,26,8:52.3630,17 laps behind the winner,NA,https://www.racingsportscars.com/tn/photo/2010/TN_Nurburgring-2010-05-16-042.jpg,https://www.racingsportscars.com/NA,https://www.racingsportscars.com/make/photo/Porsche.html,https://www.racingsportscars.com/type/photo/Porsche/997%20GT3%20Cup.html,NA,https://www.racingsportscars.com/chassis/photo/WP0ZZZ99Z9S799233.html
2010,158,Honda S2000 - Honda,30,SP3,,-,-,Ralf Schmid (CH)/Harald Jacksties (CH)/Friedhelm Mihm (D)/Frank Lorenzo (D),NA,NA,Yokohama,26/10/2020,Thomas Morper,Honda,S2000,NA,NA,Result: 30th 1st in SP3 (18 laps behind the winner)Grid: 109th (10:14.8690) - 110th fastest qualifier,30th 1st in SP3 (18 laps behind the winner)Grid: 109th (10:14.8690) - 110th fastest qualifier,finished,109,10:14.8690,18 laps behind the winner,NA,https://www.racingsportscars.com/tn/photo/2010/TN_Nurburgring-2010-05-16-158.jpg,https://www.racingsportscars.com/NA,https://www.racingsportscars.com/make/photo/Honda.html,https://www.racingsportscars.com/type/photo/Honda/S2000.html,NA,NA
2010,146,VW Golf 24h Spezial #LG5005 - VW,31,SP3T,Scuderia Colonia e.V. i. ADAC,Closed bodywork,Front-engined,Matthias Wasel (D)/Thomas Wasel (D)/Johann Wanger (FL)/Michael Hess (D),NA,NA,NA,NA,NA,VW,Golf,24h Spezial,#LG5005,Result: 31st (18 laps behind the winner)Grid: 73rd (9:42.5050) - 74th fastest qualifier,31st (18 laps behind the winner)Grid: 73rd (9:42.5050) - 74th fastest qualifier,finished,73,9:42.5050,18 laps behind the winner,NA,https://www.racingsportscars.com/images/car_no_photo.png,https://www.racingsportscars.com/NA,https://www.racingsportscars.com/make/photo/VW.html,https://www.racingsportscars.com/type/photo/VW/Golf.html,https://www.racingsportscars.com/suffix/photo/VW/Golf/24h%20Spezial.html,https://www.racingsportscars.com/chassis/photo/LG5005.html
2010,120,BMW M3 E92 GT4 #WBSWD91010P305184 - BMW S65 B40 V8 3999 cc N/A,32,SP10 GT4,Black Falcon,Closed bodywork,Front-engined,Andrii Lebed (UA)/Kai Riebetz (D)/Bona Ventura (D)/Alexander Böhm (D),NA,NA,Yokohama,26/10/2020,Thomas Morper,BMW,M3,E92 GT4,#WBSWD91010P305184,Result: 32nd (20 laps behind the winner)Grid: 74th (9:43.5430) - 75th fastest qualifier,32nd (20 laps behind the winner)Grid: 74th (9:43.5430) - 75th fastest qualifier,finished,74,9:43.5430,20 laps behind the winner,NA,https://www.racingsportscars.com/tn/photo/2010/TN_Nurburgring-2010-05-16-120.jpg,https://www.racingsportscars.com/NA,https://www.racingsportscars.com/make/photo/BMW.html,https://www.racingsportscars.com/type/photo/BMW/M3.html,https://www.racingsportscars.com/suffix/photo/BMW/M3/E92%20GT4.html,https://www.racingsportscars.com/chassis/photo/WBSWD91010P305184.html
2010,37,Porsche 996 GT3 Cup #WP0ZZZ99Z3S698108 - Porsche F6 4v DOHC N/A,33,SP7,Porsche Center Boras,Closed bodywork,Rear-engined,Christer Pernvall (S)/Claés Lund (S)/Hans Andreasson (S)/Patrik Ljunggren (S),NA,NA,NA,26/10/2020,Thomas Morper,Porsche,996 GT3 Cup,NA,#WP0ZZZ99Z3S698108,Result: 33rd (20 laps behind the winner)Grid: 63rd (9:35.8600) - 64th fastest qualifier,33rd (20 laps behind the winner)Grid: 63rd (9:35.8600) - 64th fastest qualifier,finished,63,9:35.8600,20 laps behind the winner,NA,https://www.racingsportscars.com/tn/photo/2010/TN_Nurburgring-2010-05-16-037.jpg,https://www.racingsportscars.com/NA,https://www.racingsportscars.com/make/photo/Porsche.html,https://www.racingsportscars.com/type/photo/Porsche/996%20GT3%20Cup.html,NA,https://www.racingsportscars.com/chassis/photo/WP0ZZZ99Z3S698108.html
2010,7,Aston Martin Rapide #SCHFHDDAJ5APX60201 - Aston Martin,34,SP8,Aston Martin,-,-,Ulrich Bez (D)/Wolfgang Schuhbauer (D)/Matthew Marsh (GB)/Chris Porritt (GB),NA,NA,Yokohama,26/10/2020,Thomas Morper,Aston Martin,Rapide,NA,#SCHFHDDAJ5APX60201,Result: 34th (20 laps behind the winner)Grid: 78th (9:47.6500) - 79th fastest qualifier,34th (20 laps behind the winner)Grid: 78th (9:47.6500) - 79th fastest qualifier,finished,78,9:47.6500,20 laps behind the winner,NA,https://www.racingsportscars.com/tn/photo/2010/TN_Nurburgring-2010-05-16-007.jpg,https://www.racingsportscars.com/NA,https://www.racingsportscars.com/make/photo/Aston%20Martin.html,https://www.racingsportscars.com/type/photo/Aston%20Martin/Rapide.html,NA,https://www.racingsportscars.com/chassis/photo/SCHFHDDAJ5APX60201.html
2010,184,Audi A3 - Audi,35,SP3T,,-,-,Mike Jäger (D)/Christian Bollrath (D)/Harald Hennes (D)/Marcus Löhnert (D),NA,NA,NA,NA,NA,Audi,A3,NA,NA,Result: 35th (21 laps behind the winner)Grid: 69th (9:41.5430) - 70th fastest qualifier,35th (21 laps behind the winner)Grid: 69th (9:41.5430) - 70th fastest qualifier,finished,69,9:41.5430,21 laps behind the winner,NA,https://www.racingsportscars.com/images/car_no_photo.png,https://www.racingsportscars.com/NA,https://www.racingsportscars.com/make/photo/Audi.html,https://www.racingsportscars.com/type/photo/Audi/A3.html,NA,NA
2010,139,Seat León Supercopa Mk II #XMK2 174 - Seat,36,SP3T,RWS Motorsport,-,-,Stefan Wieninger/Georg Niederberger/Benjamin Weidner (D)/Florian Huber,NA,NA,NA,NA,NA,Seat,León,Supercopa Mk II,#XMK2 174,Result: 36th (22 laps behind the winner)Grid: 85th (9:51.9410) - 86th fastest qualifier,36th (22 laps behind the winner)Grid: 85th (9:51.9410) - 86th fastest qualifier,finished,85,9:51.9410,22 laps behind the winner,NA,https://www.racingsportscars.com/images/car_no_photo.png,https://www.racingsportscars.com/NA,https://www.racingsportscars.com/make/photo/Seat.html,https://www.racingsportscars.com/type/photo/Seat/Le%c3%b3n.html,https://www.racingsportscars.com/suffix/photo/Seat/Le%c3%b3n/Supercopa%20Mk%20II.html,https://www.racingsportscars.com/chassis/photo/XMK2%20174.html
2010,219,BMW M3 E36 - BMW,37,V5,,Closed bodywork,Front-engined,Stefan Widensohler/Nils Reimer (D)/Reinhold Renger (D)/Hari Proczyk (A),NA,NA,NA,NA,NA,BMW,M3,E36,NA,Result: 37th 1st in V5 (22 laps behind the winner)Grid: 84th (9:51.7360) - 85th fastest qualifier,37th 1st in V5 (22 laps behind the winner)Grid: 84th (9:51.7360) - 85th fastest qualifier,finished,84,9:51.7360,22 laps behind the winner,NA,https://www.racingsportscars.com/images/car_no_photo.png,https://www.racingsportscars.com/NA,https://www.racingsportscars.com/make/photo/BMW.html,https://www.racingsportscars.com/type/photo/BMW/M3.html,https://www.racingsportscars.com/suffix/photo/BMW/M3/E36.html,NA
2010,148,Subaru Impreza #GBD036757 - Subaru,38,SP3T,Subaru NBR Challenge,-,-,Peter Venn (D)/Mike Rimmer/Mal Rose (AUS),NA,NA,NA,NA,NA,Subaru,Impreza,NA,#GBD036757,Result: 38th (22 laps behind the winner)Grid: 97th (10:02.6500) - 98th fastest qualifier,38th (22 laps behind the winner)Grid: 97th (10:02.6500) - 98th fastest qualifier,finished,97,10:02.6500,22 laps behind the winner,NA,https://www.racingsportscars.com/images/car_no_photo.png,https://www.racingsportscars.com/NA,https://www.racingsportscars.com/make/photo/Subaru.html,https://www.racingsportscars.com/type/photo/Subaru/Impreza.html,NA,https://www.racingsportscars.com/chassis/photo/GBD036757.html
2010,6,Aston Martin V12 Vantage #0007 (Prodrive) - Aston Martin,39,SP8,Aston Martin,-,-,Chris Porritt (GB)/Richard Meaden (GB)/Oliver Mathai (D)/Peter Cate (GB),NA,NA,Yokohama,26/10/2020,Thomas Morper,Aston Martin,V12 Vantage,NA,#0007,Result: 39th (22 laps behind the winner)Grid: 37th (9:11.9090),39th (22 laps behind the winner)Grid: 37th (9:11.9090),finished,37,9:11.9090,22 laps behind the winner,NA,https://www.racingsportscars.com/tn/photo/2010/TN_Nurburgring-2010-05-16-006.jpg,https://www.racingsportscars.com/NA,https://www.racingsportscars.com/make/photo/Aston%20Martin.html,https://www.racingsportscars.com/type/photo/Aston%20Martin/V12%20Vantage.html,NA,https://www.racingsportscars.com/chassis/photo/0007.html
2010,226,BMW M3 #WBSCB91090EW20435 - BMW,40,V5,Extreme Racing,Closed bodywork,Front-engined,Werner Gusenbauer (D)/Andreas Herwerth (D)/Rainer Kathan (D)/Ingo Tepel (D),NA,NA,NA,NA,NA,BMW,M3,NA,#WBSCB91090EW20435,Result: 40th (23 laps behind the winner)Grid: 114th (10:16.9460) - 115th fastest qualifier,40th (23 laps behind the winner)Grid: 114th (10:16.9460) - 115th fastest qualifier,finished,114,10:16.9460,23 laps behind the winner,NA,https://www.racingsportscars.com/images/car_no_photo.png,https://www.racingsportscars.com/NA,https://www.racingsportscars.com/make/photo/BMW.html,https://www.racingsportscars.com/type/photo/BMW/M3.html,NA,https://www.racingsportscars.com/chassis/photo/WBSCB91090EW20435.html
2010,63,Chevrolet Corvette C6 #1G1YY25W6950019EX - Chevrolet,41,SP10 GT4,Team Guttroff,-,Front-engined,Tobias Guttroff (D)/Jens Richter (D)/Arno Klasen (D)/Christian Hohenadel (D),NA,NA,NA,NA,NA,Chevrolet,Corvette C6,NA,#1G1YY25W6950019EX,Result: 41st (23 laps behind the winner)Grid: 48th (9:26.2710) - 49th fastest qualifier,41st (23 laps behind the winner)Grid: 48th (9:26.2710) - 49th fastest qualifier,finished,48,9:26.2710,23 laps behind the winner,NA,https://www.racingsportscars.com/images/car_no_photo.png,https://www.racingsportscars.com/NA,https://www.racingsportscars.com/make/photo/Chevrolet.html,https://www.racingsportscars.com/type/photo/Chevrolet/Corvette%20C6.html,NA,https://www.racingsportscars.com/chassis/photo/1G1YY25W6950019EX.html
2010,82,BMW 135 i #WBAUC71070VE99463 - BMW,42,SP8T,Dörr Motorsport,-,-,Tom Moran (D)/Sebastian Schneider (D)/Michael Funke (D)/Bernhard Wagner (A),NA,NA,Pirelli,NA,NA,BMW,135,i,#WBAUC71070VE99463,Result: 42nd (23 laps behind the winner)Grid: 88th (9:55.0330) - 89th fastest qualifier,42nd (23 laps behind the winner)Grid: 88th (9:55.0330) - 89th fastest qualifier,finished,88,9:55.0330,23 laps behind the winner,NA,https://www.racingsportscars.com/images/car_no_photo.png,https://www.racingsportscars.com/NA,https://www.racingsportscars.com/make/photo/BMW.html,https://www.racingsportscars.com/type/photo/BMW/135.html,https://www.racingsportscars.com/suffix/photo/BMW/135/i.html,https://www.racingsportscars.com/chassis/photo/WBAUC71070VE99463.html
2010,232,BMW M3 E46 - BMW,43,V6,,Closed bodywork,Front-engined,Sven Rau/Nils Bartels (D)/Joachim Kiesch (D),NA,NA,NA,NA,NA,BMW,M3,E46,NA,Result: 43rd 1st in V6 (23 laps behind the winner)Grid: 86th (9:53.5360) - 87th fastest qualifier,43rd 1st in V6 (23 laps behind the winner)Grid: 86th (9:53.5360) - 87th fastest qualifier,finished,86,9:53.5360,23 laps behind the winner,NA,https://www.racingsportscars.com/images/car_no_photo.png,https://www.racingsportscars.com/NA,https://www.racingsportscars.com/make/photo/BMW.html,https://www.racingsportscars.com/type/photo/BMW/M3.html,https://www.racingsportscars.com/suffix/photo/BMW/M3/E46.html,NA
2010,162,Opel Astra GTC #KMGTC3 - Opel,44,SP3,Kissling Motorsport,-,-,Heinz-Otto Fritzsche (D)/Jürgen Fritzsche (D)/Hannu Luostarinen (FIN)/Julius Nieminen (FIN),NA,NA,NA,26/10/2020,Thomas Morper,Opel,Astra,GTC,#KMGTC3,Result: 44th (23 laps behind the winner)Grid: 91st (9:55.6910) - 92nd fastest qualifier,44th (23 laps behind the winner)Grid: 91st (9:55.6910) - 92nd fastest qualifier,finished,91,9:55.6910,23 laps behind the winner,NA,https://www.racingsportscars.com/tn/photo/2010/TN_Nurburgring-2010-05-16-162.jpg,https://www.racingsportscars.com/NA,https://www.racingsportscars.com/make/photo/Opel.html,https://www.racingsportscars.com/type/photo/Opel/Astra.html,https://www.racingsportscars.com/suffix/photo/Opel/Astra/GTC.html,https://www.racingsportscars.com/chassis/photo/KM-GTC-3.html
2010,180,BMW Z4 3.0 si #WBADU51030LZ30083 - BMW,45,V5,Black Falcon,-,-,Oleg Volin/Evgeny Vertunov/Philipp Leisen (D)/Carsten Knechtges (D),NA,NA,Yokohama,NA,NA,BMW,Z4,3.0 si,#WBADU51030LZ30083,Result: 45th (23 laps behind the winner)Grid: 107th (10:13.4830) - 108th fastest qualifier,45th (23 laps behind the winner)Grid: 107th (10:13.4830) - 108th fastest qualifier,finished,107,10:13.4830,23 laps behind the winner,NA,https://www.racingsportscars.com/images/car_no_photo.png,https://www.racingsportscars.com/NA,https://www.racingsportscars.com/make/photo/BMW.html,https://www.racingsportscars.com/type/photo/BMW/Z4.html,https://www.racingsportscars.com/suffix/photo/BMW/Z4/3.0%20si.html,https://www.racingsportscars.com/chassis/photo/WBADU51030LZ30083.html
2010,59,Aston Martin V8 Vantage N24 #0011 (Prodrive) - Aston Martin V8/90° 4v DOHC N/A,46,SP10 GT4,Gentle Swiss Racing,Closed bodywork,Front-engined,Joe Schmitz (L)/Marcel Belka (D)/Einar Thorsen (N)/Martin Wachter (LI),NA,NA,Dunlop,26/10/2020,Thomas Morper,Aston Martin,V8 Vantage,N24,#0011,Result: 46th (24 laps behind the winner)Grid: 183rd (11:27.8990) - 184th fastest qualifier,46th (24 laps behind the winner)Grid: 183rd (11:27.8990) - 184th fastest qualifier,finished,183,11:27.8990,24 laps behind the winner,NA,https://www.racingsportscars.com/tn/photo/2010/TN_Nurburgring-2010-05-16-059.jpg,https://www.racingsportscars.com/NA,https://www.racingsportscars.com/make/photo/Aston%20Martin.html,https://www.racingsportscars.com/type/photo/Aston%20Martin/V8%20Vantage.html,https://www.racingsportscars.com/suffix/photo/Aston%20Martin/V8%20Vantage/N24.html,https://www.racingsportscars.com/chassis/photo/0011.html
2010,90,BMW M3 E46 #095428209 - BMW,47,SP6,MSC Rhön e.V. i. AvD,Closed bodywork,Front-engined,Pierre de Thoisy (F)/Philippe Haezebrouck (F)/Thierry Depoix (F),NA,NA,NA,NA,NA,BMW,M3,E46,#095428209,Result: 47th (24 laps behind the winner)Grid: 65th (9:37.6960) - 66th fastest qualifier,47th (24 laps behind the winner)Grid: 65th (9:37.6960) - 66th fastest qualifier,finished,65,9:37.6960,24 laps behind the winner,NA,https://www.racingsportscars.com/images/car_no_photo.png,https://www.racingsportscars.com/NA,https://www.racingsportscars.com/make/photo/BMW.html,https://www.racingsportscars.com/type/photo/BMW/M3.html,https://www.racingsportscars.com/suffix/photo/BMW/M3/E46.html,https://www.racingsportscars.com/chassis/photo/095428209.html
2010,223,BMW Z4 E85/DU51 - BMW,48,V5,Scuderia Augustusburg Brühl e.V. i. ADAC,-,-,Dieter Weidenbrück (D)/Guido Wegner/Winfried Bernartz/Ralf Reinolsmann (D),NA,NA,NA,NA,NA,BMW,Z4,E85/DU51,NA,Result: 48th (24 laps behind the winner)Grid: 145th (10:36.3420) - 146th fastest qualifier,48th (24 laps behind the winner)Grid: 145th (10:36.3420) - 146th fastest qualifier,finished,145,10:36.3420,24 laps behind the winner,NA,https://www.racingsportscars.com/images/car_no_photo.png,https://www.racingsportscars.com/NA,https://www.racingsportscars.com/make/photo/BMW.html,https://www.racingsportscars.com/type/photo/BMW/Z4.html,https://www.racingsportscars.com/suffix/photo/BMW/Z4/E85__DU51.html,NA
2010,183,Renault Clio III Cup #342 - Renault,49,SP3,Jurek Reinigungstechnik,-,-,Jannik Olivo (D)/Elmar Jurek (D)/Traudl Klink,NA,NA,NA,26/10/2020,Thomas Morper,Renault,Clio,III Cup,#342,Result: 49th (26 laps behind the winner)Grid: 104th (10:12.1400) - 105th fastest qualifier,49th (26 laps behind the winner)Grid: 104th (10:12.1400) - 105th fastest qualifier,finished,104,10:12.1400,26 laps behind the winner,NA,https://www.racingsportscars.com/tn/photo/2010/TN_Nurburgring-2010-05-16-183.jpg,https://www.racingsportscars.com/NA,https://www.racingsportscars.com/make/photo/Renault.html,https://www.racingsportscars.com/type/photo/Renault/Clio.html,https://www.racingsportscars.com/suffix/photo/Renault/Clio/III%20Cup.html,https://www.racingsportscars.com/chassis/photo/342.html
2010,201,Peugeot RCZ #VF3ATTENT9PXA4A34 - Peugeot,50,D1T,Peugeot Deutschland,-,-,Jürgen Nett (D)/Joey Kelly/Michael Bohrer (D)/Henning Klipp,NA,NA,Michelin,26/10/2020,Thomas Morper,Peugeot,RCZ,NA,#VF3ATTENT9PXA4A34,Result: 50th 1st in D1T (26 laps behind the winner)Grid: 143rd (10:36.0820) - 144th fastest qualifier,50th 1st in D1T (26 laps behind the winner)Grid: 143rd (10:36.0820) - 144th fastest qualifier,finished,143,10:36.0820,26 laps behind the winner,NA,https://www.racingsportscars.com/tn/photo/2010/TN_Nurburgring-2010-05-16-201.jpg,https://www.racingsportscars.com/NA,https://www.racingsportscars.com/make/photo/Peugeot.html,https://www.racingsportscars.com/type/photo/Peugeot/RCZ.html,NA,https://www.racingsportscars.com/chassis/photo/VF3ATTENT9PXA4A34.html
2010,118,VW Scirocco GT24-CNG #VWM354RS006 - VW L4 N/A,51,AT,Volkswagen Motorsport,Closed bodywork,Front-engined,Jimmy Johansson (S)/Florian Gruber (D)/Nicki Thiim (DK)/Peter Terting (D),NA,NA,Dunlop,26/10/2020,Thomas Morper,VW,Scirocco,GT24-CNG,#VWM354RS006,Result: 51st (26 laps behind the winner)Grid: 35th (9:10.5510),51st (26 laps behind the winner)Grid: 35th (9:10.5510),finished,35,9:10.5510,26 laps behind the winner,NA,https://www.racingsportscars.com/tn/photo/2010/TN_Nurburgring-2010-05-16-118.jpg,https://www.racingsportscars.com/NA,https://www.racingsportscars.com/make/photo/VW.html,https://www.racingsportscars.com/type/photo/VW/Scirocco.html,https://www.racingsportscars.com/suffix/photo/VW/Scirocco/GT24-CNG.html,https://www.racingsportscars.com/chassis/photo/VWM354RS006.html
2010,213,BMW 325i E90 #WBAUB11040K157851 - BMW,52,V4,MSC Ruhr Blitz Bochum e.V.,-,-,Roland Botor (D)/Michael Eichhorn (D)/Frank Aust,NA,NA,Dunlop,NA,NA,BMW,325i,E90,#WBAUB11040K157851,Result: 52nd 1st in V4 (26 laps behind the winner)Grid: 148th (10:37.9990) - 149th fastest qualifier,52nd 1st in V4 (26 laps behind the winner)Grid: 148th (10:37.9990) - 149th fastest qualifier,finished,148,10:37.9990,26 laps behind the winner,NA,https://www.racingsportscars.com/images/car_no_photo.png,https://www.racingsportscars.com/NA,https://www.racingsportscars.com/make/photo/BMW.html,https://www.racingsportscars.com/type/photo/BMW/325i.html,https://www.racingsportscars.com/suffix/photo/BMW/325i/E90.html,https://www.racingsportscars.com/chassis/photo/WBAUB11040K157851.html
2010,122,Volvo Heico HS3 Bioethanol #HS3-200801 (Heico) - Volvo,53,SP4T,Heico Sportiv,-,-,Patrick Brenndörfer (D)/Martin Müller (D)/Frank Eickholt (D),NA,NA,Pirelli,NA,NA,Volvo,Heico HS3,Bioethanol,#HS3-200801,Result: 53rd 1st in SP4T (26 laps behind the winner)Grid: 96th (10:02.4490) - 97th fastest qualifier,53rd 1st in SP4T (26 laps behind the winner)Grid: 96th (10:02.4490) - 97th fastest qualifier,finished,96,10:02.4490,26 laps behind the winner,NA,https://www.racingsportscars.com/images/car_no_photo.png,https://www.racingsportscars.com/NA,https://www.racingsportscars.com/make/photo/Volvo.html,https://www.racingsportscars.com/type/photo/Volvo/Heico%20HS3.html,https://www.racingsportscars.com/suffix/photo/Volvo/Heico%20HS3/Bioethanol.html,https://www.racingsportscars.com/chassis/photo/HS3-200801.html
2010,151,Renault Clio Cup #595 - Renault,54,SP3,Teichmann Racing,-,-,Karl-Heinz Teichmann (D)/Michael Schneider (D)/Lutz Rühl (D)/Frank Lohmann (D),NA,NA,NA,26/10/2020,Thomas Morper,Renault,Clio,Cup,#595,Result: 54th (26 laps behind the winner)Grid: 150th (10:39.9771) - 151st fastest qualifier,54th (26 laps behind the winner)Grid: 150th (10:39.9771) - 151st fastest qualifier,finished,150,10:39.9771,26 laps behind the winner,NA,https://www.racingsportscars.com/tn/photo/2010/TN_Nurburgring-2010-05-16-151.jpg,https://www.racingsportscars.com/NA,https://www.racingsportscars.com/make/photo/Renault.html,https://www.racingsportscars.com/type/photo/Renault/Clio.html,https://www.racingsportscars.com/suffix/photo/Renault/Clio/Cup.html,https://www.racingsportscars.com/chassis/photo/595.html
2010,23,Porsche 997 GT3 Cup - Porsche F6 4v DOHC N/A,55,SP9 GT3,CC Car Collection,Closed bodywork,Rear-engined,Stefan Kohlstrung (D)/Alex Plenagl (D)/Klaus Koch (D)/Christian Ried (D),NA,NA,NA,NA,NA,Porsche,997 GT3 Cup,NA,NA,Result: 55th (27 laps behind the winner)Grid: 53rd (9:30.3390) - 54th fastest qualifier,55th (27 laps behind the winner)Grid: 53rd (9:30.3390) - 54th fastest qualifier,finished,53,9:30.3390,27 laps behind the winner,NA,https://www.racingsportscars.com/images/car_no_photo.png,https://www.racingsportscars.com/NA,https://www.racingsportscars.com/make/photo/Porsche.html,https://www.racingsportscars.com/type/photo/Porsche/997%20GT3%20Cup.html,NA,NA
2010,86,BMW Z4 M Coupe #603 - BMW,56,SP6,Team Schmersal,-,-,Heinz Schmersal (D)/Stephan Rösler (D)/Christoph Koslowski (D)/Christopher Haase (D),NA,NA,Dunlop,26/10/2020,Thomas Morper,BMW,Z4,M Coupe,#603,Result: 56th (27 laps behind the winner)Grid: 29th (9:04.8580),56th (27 laps behind the winner)Grid: 29th (9:04.8580),finished,29,9:04.8580,27 laps behind the winner,NA,https://www.racingsportscars.com/tn/photo/2010/TN_Nurburgring-2010-05-16-086.jpg,https://www.racingsportscars.com/NA,https://www.racingsportscars.com/make/photo/BMW.html,https://www.racingsportscars.com/type/photo/BMW/Z4.html,https://www.racingsportscars.com/suffix/photo/BMW/Z4/M%20Coupe.html,https://www.racingsportscars.com/chassis/photo/603.html
2010,87,Nissan 350Z #E1 2001 116 023500 - Nissan,57,SP6,Autohaus Schulze,Closed bodywork,Front-engined,Tobias Schulze (D)/Michael Schulze (D)/Meik Utsch (D)/Swen Landgraf (D),NA,NA,Michelin,NA,NA,Nissan,350Z,NA,#E1 2001 116 023500,Result: 57th (27 laps behind the winner)Grid: 93rd (9:58.9890) - 94th fastest qualifier,57th (27 laps behind the winner)Grid: 93rd (9:58.9890) - 94th fastest qualifier,finished,93,9:58.9890,27 laps behind the winner,NA,https://www.racingsportscars.com/images/car_no_photo.png,https://www.racingsportscars.com/NA,https://www.racingsportscars.com/make/photo/Nissan.html,https://www.racingsportscars.com/type/photo/Nissan/350Z.html,NA,https://www.racingsportscars.com/chassis/photo/E1%202001%20116%20023500.html
2010,224,BMW M3 E36 #WBSBF99000EA40009 - BMW,58,V5,ADAC Ostwestfalen-Lippe e.V.,Closed bodywork,Front-engined,Dominik Thiemann (D)/Allan Runnegard/Thomas Frank/Thomas Ahles (D),NA,NA,NA,NA,NA,BMW,M3,E36,#WBSBF99000EA40009,Result: 58th (27 laps behind the winner)Grid: 103rd (10:10.5770) - 104th fastest qualifier,58th (27 laps behind the winner)Grid: 103rd (10:10.5770) - 104th fastest qualifier,finished,103,10:10.5770,27 laps behind the winner,NA,https://www.racingsportscars.com/images/car_no_photo.png,https://www.racingsportscars.com/NA,https://www.racingsportscars.com/make/photo/BMW.html,https://www.racingsportscars.com/type/photo/BMW/M3.html,https://www.racingsportscars.com/suffix/photo/BMW/M3/E36.html,https://www.racingsportscars.com/chassis/photo/WBSBF99000EA40009.html
2010,72,Lexus IS F - Lexus,59,SP8,Team World Car Awards,-,-,Kazunori Yamauchi (J)/Hideshi Matsuda (J)/Peter Lyon (GB)/Owen Mildenhall (GB),NA,NA,Yokohama,26/10/2020,Thomas Morper,Lexus,IS F,NA,NA,Result: 59th (27 laps behind the winner)Grid: 173rd (11:10.7841) - 174th fastest qualifier,59th (27 laps behind the winner)Grid: 173rd (11:10.7841) - 174th fastest qualifier,finished,173,11:10.7841,27 laps behind the winner,NA,https://www.racingsportscars.com/tn/photo/2010/TN_Nurburgring-2010-05-16-072.jpg,https://www.racingsportscars.com/NA,https://www.racingsportscars.com/make/photo/Lexus.html,https://www.racingsportscars.com/type/photo/Lexus/IS%20F.html,NA,NA
2010,214,Mercedes-Benz C230 # - Mercedes-Benz,60,V4,,-,-,Frank Hempel/Hannes Pfledderer (D)/Gunther Stecher/Werner Gusenbauer (D),NA,NA,NA,NA,NA,Mercedes-Benz,C230,NA,#,Result: 60th (28 laps behind the winner)Grid: 151st (10:40.1670) - 152nd fastest qualifier,60th (28 laps behind the winner)Grid: 151st (10:40.1670) - 152nd fastest qualifier,finished,151,10:40.1670,28 laps behind the winner,NA,https://www.racingsportscars.com/images/car_no_photo.png,https://www.racingsportscars.com/NA,https://www.racingsportscars.com/make/photo/Mercedes-Benz.html,https://www.racingsportscars.com/type/photo/Mercedes-Benz/C230.html,NA,https://www.racingsportscars.com/chassis/photo/C230-AutoArena%23.html
2010,205,BMW 318 is E36 #WBABE510901601634 - BMW,61,V2,Matthes Motorsport,-,-,Michael Jestädt (D)/Rolf Derscheid/Michael Flehmer,NA,NA,NA,NA,NA,BMW,318,is E36,#WBABE510901601634,Result: 61st 1st in V2 (29 laps behind the winner)Grid: 163rd (10:50.0260) - 164th fastest qualifier,61st 1st in V2 (29 laps behind the winner)Grid: 163rd (10:50.0260) - 164th fastest qualifier,finished,163,10:50.0260,29 laps behind the winner,NA,https://www.racingsportscars.com/images/car_no_photo.png,https://www.racingsportscars.com/NA,https://www.racingsportscars.com/make/photo/BMW.html,https://www.racingsportscars.com/type/photo/BMW/318.html,https://www.racingsportscars.com/suffix/photo/BMW/318/is%20E36.html,https://www.racingsportscars.com/chassis/photo/WBABE510901601634.html
2010,218,BMW 130i E87 - BMW N/A,62,V5,,-,Front-engined,Jörn Heuberg/Jan Heiler (D)/Michael Eichhorn (D),NA,NA,NA,26/10/2020,Thomas Morper,BMW,130i,E87,NA,Result: 62nd (29 laps behind the winner)Grid: 147th (10:37.9500) - 148th fastest qualifier,62nd (29 laps behind the winner)Grid: 147th (10:37.9500) - 148th fastest qualifier,finished,147,10:37.9500,29 laps behind the winner,NA,https://www.racingsportscars.com/tn/photo/2010/TN_Nurburgring-2010-05-16-218.jpg,https://www.racingsportscars.com/NA,https://www.racingsportscars.com/make/photo/BMW.html,https://www.racingsportscars.com/type/photo/BMW/130i.html,https://www.racingsportscars.com/suffix/photo/BMW/130i/E87.html,NA
2010,237,BMW M3 E46 #WBSBL91010JP82203 - BMW,63,V6,R.D. Motorsport,Closed bodywork,Front-engined,Mario Ketterer (D)/Michael Heimrich/Bernd Jung/David Ackermann (D),NA,NA,NA,NA,NA,BMW,M3,E46,#WBSBL91010JP82203,Result: 63rd (29 laps behind the winner)Grid: 105th (10:12.4110) - 106th fastest qualifier,63rd (29 laps behind the winner)Grid: 105th (10:12.4110) - 106th fastest qualifier,finished,105,10:12.4110,29 laps behind the winner,NA,https://www.racingsportscars.com/images/car_no_photo.png,https://www.racingsportscars.com/NA,https://www.racingsportscars.com/make/photo/BMW.html,https://www.racingsportscars.com/type/photo/BMW/M3.html,https://www.racingsportscars.com/suffix/photo/BMW/M3/E46.html,https://www.racingsportscars.com/chassis/photo/WBSBL91010JP82203.html
2010,125,Audi TT S #GRUZZZ8J691000175 - Audi,64,SP4T,Pro Handicap,Closed bodywork,Mid-engined,Wolfgang Müller (D)/Oliver Rudolph (F),NA,NA,NA,26/10/2020,Thomas Morper,Audi,TT,S,#GRUZZZ8J691000175,Result: 64th (29 laps behind the winner)Grid: 154th (10:41.4220) - 155th fastest qualifier,64th (29 laps behind the winner)Grid: 154th (10:41.4220) - 155th fastest qualifier,finished,154,10:41.4220,29 laps behind the winner,NA,https://www.racingsportscars.com/tn/photo/2010/TN_Nurburgring-2010-05-16-125.jpg,https://www.racingsportscars.com/NA,https://www.racingsportscars.com/make/photo/Audi.html,https://www.racingsportscars.com/type/photo/Audi/TT.html,https://www.racingsportscars.com/suffix/photo/Audi/TT/S.html,https://www.racingsportscars.com/chassis/photo/GRUZZZ8J691000175.html
2010,211,BMW 320is #WBAVF710X0AF84722 - BMW,65,V3,Bonk Motorsport,Closed bodywork,Front-engined,Axel Burghardt (D)/Andreas Möntmann (D)/Jens Moetefindt (D)/Peter Bonk (D),NA,NA,NA,NA,NA,BMW,320is,NA,#WBAVF710X0AF84722,Result: 65th 1st in V3 (29 laps behind the winner)Grid: 165th (10:55.9240) - 166th fastest qualifier,65th 1st in V3 (29 laps behind the winner)Grid: 165th (10:55.9240) - 166th fastest qualifier,finished,165,10:55.9240,29 laps behind the winner,NA,https://www.racingsportscars.com/images/car_no_photo.png,https://www.racingsportscars.com/NA,https://www.racingsportscars.com/make/photo/BMW.html,https://www.racingsportscars.com/type/photo/BMW/320is.html,NA,https://www.racingsportscars.com/chassis/photo/WBAVF710X0AF84722.html
2010,167,Renault Clio Cup #623 - Renault,66,SP3,Road Runner Racing,-,-,"Marco Biancardi (I)/Eckhard Geulen (D)/Armin Holz (D)/""Rennsemmel"" (D)",NA,NA,NA,NA,NA,Renault,Clio,Cup,#623,Result: 66th (29 laps behind the winner)Grid: 138th (10:33.6281) - 139th fastest qualifier,66th (29 laps behind the winner)Grid: 138th (10:33.6281) - 139th fastest qualifier,finished,138,10:33.6281,29 laps behind the winner,NA,https://www.racingsportscars.com/images/car_no_photo.png,https://www.racingsportscars.com/NA,https://www.racingsportscars.com/make/photo/Renault.html,https://www.racingsportscars.com/type/photo/Renault/Clio.html,https://www.racingsportscars.com/suffix/photo/Renault/Clio/Cup.html,https://www.racingsportscars.com/chassis/photo/623.html
2010,175,Alfa Romeo 147 JTD #0062 - Alfa Romeo,67,D1T,Racing People,-,-,Jörg Kirsten (D)/Achim Walter/Max Delestan,NA,NA,NA,NA,NA,Alfa Romeo,147,JTD,#0062,Result: 67th (29 laps behind the winner)Grid: 152nd (10:40.6790) - 153rd fastest qualifier,67th (29 laps behind the winner)Grid: 152nd (10:40.6790) - 153rd fastest qualifier,finished,152,10:40.6790,29 laps behind the winner,NA,https://www.racingsportscars.com/images/car_no_photo.png,https://www.racingsportscars.com/NA,https://www.racingsportscars.com/make/photo/Alfa%20Romeo.html,https://www.racingsportscars.com/type/photo/Alfa%20Romeo/147.html,https://www.racingsportscars.com/suffix/photo/Alfa%20Romeo/147/JTD.html,https://www.racingsportscars.com/chassis/photo/0062.html
2010,164,Renault Clio III RS #87-033 - Renault,68,SP3,Fleper Motorsport,-,-,Sergey Matveev (RUS)/Herbert von Danwitz (D)/Michael Brüggenkamp (D)/Hisanao Kurata (J),NA,NA,NA,NA,NA,Renault,Clio,III RS,#87-033,Result: 68th (29 laps behind the winner)Grid: 162nd (10:49.9010) - 163rd fastest qualifier,68th (29 laps behind the winner)Grid: 162nd (10:49.9010) - 163rd fastest qualifier,finished,162,10:49.9010,29 laps behind the winner,NA,https://www.racingsportscars.com/images/car_no_photo.png,https://www.racingsportscars.com/NA,https://www.racingsportscars.com/make/photo/Renault.html,https://www.racingsportscars.com/type/photo/Renault/Clio.html,https://www.racingsportscars.com/suffix/photo/Renault/Clio/III%20RS.html,https://www.racingsportscars.com/chassis/photo/87-033.html
2010,113,BMW 130i - BMW N/A,69,SP5,,-,Front-engined,Klaus Werner (D)/Giacomo Leopardi/Ingo Zabel,NA,NA,NA,NA,NA,BMW,130i,NA,NA,Result: 69th (29 laps behind the winner)Grid: 130th (10:27.3900) - 131st fastest qualifier,69th (29 laps behind the winner)Grid: 130th (10:27.3900) - 131st fastest qualifier,finished,130,10:27.3900,29 laps behind the winner,NA,https://www.racingsportscars.com/images/car_no_photo.png,https://www.racingsportscars.com/NA,https://www.racingsportscars.com/make/photo/BMW.html,https://www.racingsportscars.com/type/photo/BMW/130i.html,NA,NA
2010,236,Porsche Cayman 987 S #WPOZZZ98ZAU771059 - Porsche,70,V6,Team DMV,-,-,Ivan Jacoma (CH)/Nicola Bravetti (CH)/Matteo Cassina (CH)/Andre Krumbach (D),NA,NA,NA,NA,NA,Porsche,Cayman,987 S,#WPOZZZ98ZAU771059,Result: 70th (29 laps behind the winner)Grid: 140th (10:33.9709) - 141st fastest qualifier,70th (29 laps behind the winner)Grid: 140th (10:33.9709) - 141st fastest qualifier,finished,140,10:33.9709,29 laps behind the winner,NA,https://www.racingsportscars.com/images/car_no_photo.png,https://www.racingsportscars.com/NA,https://www.racingsportscars.com/make/photo/Porsche.html,https://www.racingsportscars.com/type/photo/Porsche/Cayman.html,https://www.racingsportscars.com/suffix/photo/Porsche/Cayman/987%20S.html,https://www.racingsportscars.com/chassis/photo/WPOZZZ98ZAU771059.html
2010,126,Ford Mondeo #2008 001 - Ford,71,SP4T,Wölflick Racing / Fritz Motorsport,-,-,Stephan Wölflick (D)/Urs Bressan (D)/Jürgen Gagstatter (D)/Jens Ludmann (D),NA,NA,NA,NA,NA,Ford,Mondeo,NA,#2008 001,Result: 71st (29 laps behind the winner)Grid: 102nd (10:09.8870) - 103rd fastest qualifier,71st (29 laps behind the winner)Grid: 102nd (10:09.8870) - 103rd fastest qualifier,finished,102,10:09.8870,29 laps behind the winner,NA,https://www.racingsportscars.com/images/car_no_photo.png,https://www.racingsportscars.com/NA,https://www.racingsportscars.com/make/photo/Ford.html,https://www.racingsportscars.com/type/photo/Ford/Mondeo.html,NA,https://www.racingsportscars.com/chassis/photo/2008%20001.html
2010,116,VW Scirocco GT24-CNG #VWM354GLS01 - VW L4 N/A,72,AT,Volkswagen Motorsport,Closed bodywork,Front-engined,Hackenberg Ulrich (D)/Stefan Gies (D)/Bernd Ostmann (D)/Peter Wyss (CH),NA,NA,Dunlop,26/10/2020,Thomas Morper,VW,Scirocco,GT24-CNG,#VWM354GLS01,Result: 72nd (30 laps behind the winner)Grid: 89th (9:55.2150) - 90th fastest qualifier,72nd (30 laps behind the winner)Grid: 89th (9:55.2150) - 90th fastest qualifier,finished,89,9:55.2150,30 laps behind the winner,NA,https://www.racingsportscars.com/tn/photo/2010/TN_Nurburgring-2010-05-16-116.jpg,https://www.racingsportscars.com/NA,https://www.racingsportscars.com/make/photo/VW.html,https://www.racingsportscars.com/type/photo/VW/Scirocco.html,https://www.racingsportscars.com/suffix/photo/VW/Scirocco/GT24-CNG.html,https://www.racingsportscars.com/chassis/photo/VWM354GLS01.html
2010,235,BMW M3 E46 #WB3B101020JP90813 - BMW,73,V6,MSC Rhön e.V. i. AvD,Closed bodywork,Front-engined,Günther Spindler/Richard Purtscher (A)/Kurt Fournier/Konrad Fuchsberger,NA,NA,NA,NA,NA,BMW,M3,E46,#WB3B101020JP90813,Result: 73rd (30 laps behind the winner)Grid: 156th (10:42.2750) - 157th fastest qualifier,73rd (30 laps behind the winner)Grid: 156th (10:42.2750) - 157th fastest qualifier,finished,156,10:42.2750,30 laps behind the winner,NA,https://www.racingsportscars.com/images/car_no_photo.png,https://www.racingsportscars.com/NA,https://www.racingsportscars.com/make/photo/BMW.html,https://www.racingsportscars.com/type/photo/BMW/M3.html,https://www.racingsportscars.com/suffix/photo/BMW/M3/E46.html,https://www.racingsportscars.com/chassis/photo/WB3B101020JP90813.html
2010,212,BMW 325i #WBABF31020EF16919 - BMW,74,V4,Medilikke Motorsport,-,-,Gerald Fischer (A)/Stephan Lipp (D)/Michael Hollerweger (A),NA,NA,NA,NA,NA,BMW,325i,NA,#WBABF31020EF16919,Result: 74th (31 laps behind the winner)Grid: 175th (11:11.4640) - 176th fastest qualifier,74th (31 laps behind the winner)Grid: 175th (11:11.4640) - 176th fastest qualifier,finished,175,11:11.4640,31 laps behind the winner,NA,https://www.racingsportscars.com/images/car_no_photo.png,https://www.racingsportscars.com/NA,https://www.racingsportscars.com/make/photo/BMW.html,https://www.racingsportscars.com/type/photo/BMW/325i.html,NA,https://www.racingsportscars.com/chassis/photo/WBABF31020EF16919.html
2010,233,Mercedes-Benz SLK 350 #WDB1714581F217419 - Mercedes-Benz,75,V6,Autohaus Sing,-,-,Eugen Sing/Friedhelm Mihm (D)/Thomas Heinrich (D)/Bertin Sing,NA,NA,NA,26/10/2020,Thomas Morper,Mercedes-Benz,SLK 350,NA,#WDB1714581F217419,Result: 75th (31 laps behind the winner)Grid: 118th (10:19.1850) - 119th fastest qualifier,75th (31 laps behind the winner)Grid: 118th (10:19.1850) - 119th fastest qualifier,finished,118,10:19.1850,31 laps behind the winner,NA,https://www.racingsportscars.com/tn/photo/2010/TN_Nurburgring-2010-05-16-233.jpg,https://www.racingsportscars.com/NA,https://www.racingsportscars.com/make/photo/Mercedes-Benz.html,https://www.racingsportscars.com/type/photo/Mercedes-Benz/SLK%20350.html,NA,https://www.racingsportscars.com/chassis/photo/WDB1714581F217419.html
2010,80,BMW 330i E46 #1896082 - BMW,76,SP5,Live-Strip.com Racing,Closed bodywork,Front-engined,Fabian Plentz (D)/Kristian Nägele/Dennis Nägele/Rudi Seher (D),NA,NA,NA,16/09/2024,Wikipedia (Public Domain),BMW,330i,E46,#1896082,Result: 76th (31 laps behind the winner)Grid: 52nd (9:29.3890) - 53rd fastest qualifier,76th (31 laps behind the winner)Grid: 52nd (9:29.3890) - 53rd fastest qualifier,finished,52,9:29.3890,31 laps behind the winner,NA,https://www.racingsportscars.com/tn/photo/2010/TN_Nurburgring-2010-05-16-080.jpg,https://www.racingsportscars.com/NA,https://www.racingsportscars.com/make/photo/BMW.html,https://www.racingsportscars.com/type/photo/BMW/330i.html,https://www.racingsportscars.com/suffix/photo/BMW/330i/E46.html,https://www.racingsportscars.com/chassis/photo/1896082.html
2010,206,BMW 318 is #WBACA51080EK04609 - BMW,77,V2,Bonk Motorsport,-,-,Wolf Silvester (D)/Peter Bonk (D)/Michael Bonk (D)/Joe Kramer (D),NA,NA,NA,NA,NA,BMW,318,is,#WBACA51080EK04609,Result: 77th (31 laps behind the winner)Grid: 180th (11:24.7111) - 181st fastest qualifier,77th (31 laps behind the winner)Grid: 180th (11:24.7111) - 181st fastest qualifier,finished,180,11:24.7111,31 laps behind the winner,NA,https://www.racingsportscars.com/images/car_no_photo.png,https://www.racingsportscars.com/NA,https://www.racingsportscars.com/make/photo/BMW.html,https://www.racingsportscars.com/type/photo/BMW/318.html,https://www.racingsportscars.com/suffix/photo/BMW/318/is.html,https://www.racingsportscars.com/chassis/photo/WBACA51080EK04609.html
2010,60,Aston Martin V8 Vantage N24 #001 (Prodrive) - Aston Martin V8/90° 4v DOHC N/A,78,SP10 GT4,Mathol Racing,Closed bodywork,Front-engined,Eberhard Baunach (D)/Oliver Louisoder (D)/Heiko Ostmann (CH)/Chris Bauer (D),NA,NA,NA,26/10/2020,Thomas Morper,Aston Martin,V8 Vantage,N24,#001,Result: 78th (32 laps behind the winner)Grid: 115th (10:17.4840) - 116th fastest qualifier,78th (32 laps behind the winner)Grid: 115th (10:17.4840) - 116th fastest qualifier,finished,115,10:17.4840,32 laps behind the winner,NA,https://www.racingsportscars.com/tn/photo/2010/TN_Nurburgring-2010-05-16-060.jpg,https://www.racingsportscars.com/NA,https://www.racingsportscars.com/make/photo/Aston%20Martin.html,https://www.racingsportscars.com/type/photo/Aston%20Martin/V8%20Vantage.html,https://www.racingsportscars.com/suffix/photo/Aston%20Martin/V8%20Vantage/N24.html,https://www.racingsportscars.com/chassis/photo/001.html
2010,200,Peugeot RCZ #VF3ATTENT9PXA4A23 - Peugeot,79,D1T,Peugeot Deutschland,-,-,Jean-Philippe Peugeot (F)/Stephane Caillet (F)/Cyrus Ayari/Olivier Perez,NA,NA,Michelin,NA,NA,Peugeot,RCZ,NA,#VF3ATTENT9PXA4A23,Result: 79th (32 laps behind the winner)Grid: 136th (10:33.2531) - 137th fastest qualifier,79th (32 laps behind the winner)Grid: 136th (10:33.2531) - 137th fastest qualifier,finished,136,10:33.2531,32 laps behind the winner,NA,https://www.racingsportscars.com/images/car_no_photo.png,https://www.racingsportscars.com/NA,https://www.racingsportscars.com/make/photo/Peugeot.html,https://www.racingsportscars.com/type/photo/Peugeot/RCZ.html,NA,https://www.racingsportscars.com/chassis/photo/VF3ATTENT9PXA4A23.html
2010,119,Seat León Supercopa Mk II #XMK2 178 - Seat,80,SP3T,MSC Adenau,-,-,Anders Carlsson (S)/Jonas Carlsson/John Bergström,NA,NA,NA,26/10/2020,Thomas Morper,Seat,León,Supercopa Mk II,#XMK2 178,Result: 80th (33 laps behind the winner)Grid: 176th (11:14.4550) - 177th fastest qualifier,80th (33 laps behind the winner)Grid: 176th (11:14.4550) - 177th fastest qualifier,finished,176,11:14.4550,33 laps behind the winner,NA,https://www.racingsportscars.com/tn/photo/2010/TN_Nurburgring-2010-05-16-119.jpg,https://www.racingsportscars.com/NA,https://www.racingsportscars.com/make/photo/Seat.html,https://www.racingsportscars.com/type/photo/Seat/Le%c3%b3n.html,https://www.racingsportscars.com/suffix/photo/Seat/Le%c3%b3n/Supercopa%20Mk%20II.html,https://www.racingsportscars.com/chassis/photo/XMK2%20178.html
2010,135,Audi A3 #120337 - Audi,81,SP3T,König Komfort und Rennsitze,-,-,Rudi Speich (D)/Roland Waschkau (D)/Rolf Weißenfels (D)/Friedhelm Erlebach (D),NA,NA,NA,NA,NA,Audi,A3,NA,#120337,Result: 81st (33 laps behind the winner)Grid: 79th (9:48.1080) - 80th fastest qualifier,81st (33 laps behind the winner)Grid: 79th (9:48.1080) - 80th fastest qualifier,finished,79,9:48.1080,33 laps behind the winner,NA,https://www.racingsportscars.com/images/car_no_photo.png,https://www.racingsportscars.com/NA,https://www.racingsportscars.com/make/photo/Audi.html,https://www.racingsportscars.com/type/photo/Audi/A3.html,NA,https://www.racingsportscars.com/chassis/photo/120337.html
2010,244,Honda Civic Type-R #7A88GOW0705001969 - Honda,82,N2,Kiwi Team Nürburgring,-,-,Brian McGovern (NZ)/Mathew Noonan/Nick Chester (NZ)/Gregory Spark (CDN),NA,NA,NA,18/11/2023,AnZy1966 (CC-BY-SA-2.0),Honda,Civic,Type-R,#7A88GOW0705001969,Result: 82nd 1st in N2 (34 laps behind the winner)Grid: 184th (11:28.1130) - 185th fastest qualifier,82nd 1st in N2 (34 laps behind the winner)Grid: 184th (11:28.1130) - 185th fastest qualifier,finished,184,11:28.1130,34 laps behind the winner,NA,https://www.racingsportscars.com/tn/photo/2010/TN_Nurburgring-2010-05-16-244.jpg,https://www.racingsportscars.com/NA,https://www.racingsportscars.com/make/photo/Honda.html,https://www.racingsportscars.com/type/photo/Honda/Civic.html,https://www.racingsportscars.com/suffix/photo/Honda/Civic/Type-R.html,https://www.racingsportscars.com/chassis/photo/7A88GOW0705001969.html
2010,243,Honda Civic Type-R #7A88GOW0706000334 - Honda,83,N2,Kiwi Team Nürburgring,-,-,Rod Hicks (NZ)/David Glasson (NZ)/Peter Millener (NZ)/Mark Corbett (NZ),NA,NA,NA,NA,NA,Honda,Civic,Type-R,#7A88GOW0706000334,Result: 83rd (34 laps behind the winner)Grid: 185th (11:28.8370) - 186th fastest qualifier,83rd (34 laps behind the winner)Grid: 185th (11:28.8370) - 186th fastest qualifier,finished,185,11:28.8370,34 laps behind the winner,NA,https://www.racingsportscars.com/images/car_no_photo.png,https://www.racingsportscars.com/NA,https://www.racingsportscars.com/make/photo/Honda.html,https://www.racingsportscars.com/type/photo/Honda/Civic.html,https://www.racingsportscars.com/suffix/photo/Honda/Civic/Type-R.html,https://www.racingsportscars.com/chassis/photo/7A88GOW0706000334.html
2010,74,Aston Martin V8 Vantage N24 #0015 (Prodrive) - Aston Martin V8/90° 4v DOHC N/A,84,SP8,Gentle Swiss Racing,Closed bodywork,Front-engined,Fredy Barth (CH)/Luca Moro (I)/Matthias Hoffsümmer (D),NA,NA,Dunlop,NA,NA,Aston Martin,V8 Vantage,N24,#0015,Result: 84th (34 laps behind the winner)Grid: 72nd (9:42.1620) - 73rd fastest qualifier,84th (34 laps behind the winner)Grid: 72nd (9:42.1620) - 73rd fastest qualifier,finished,72,9:42.1620,34 laps behind the winner,NA,https://www.racingsportscars.com/images/car_no_photo.png,https://www.racingsportscars.com/NA,https://www.racingsportscars.com/make/photo/Aston%20Martin.html,https://www.racingsportscars.com/type/photo/Aston%20Martin/V8%20Vantage.html,https://www.racingsportscars.com/suffix/photo/Aston%20Martin/V8%20Vantage/N24.html,https://www.racingsportscars.com/chassis/photo/0015.html
2010,41,Porsche 997 GT3 Cup #WP0ZZZ99Z8S798010 - Porsche F6 4v DOHC N/A,85,SP7,CC Car Collection,Closed bodywork,Rear-engined,Peter Schmidt (D)/Marcel Blomer (CH)/Dieter Lehner (CH)/Alexander Mattschull (D),NA,NA,NA,NA,NA,Porsche,997 GT3 Cup,NA,#WP0ZZZ99Z8S798010,Result: 85th (34 laps behind the winner)Grid: 40th (9:14.9460) - 41st fastest qualifier,85th (34 laps behind the winner)Grid: 40th (9:14.9460) - 41st fastest qualifier,finished,40,9:14.9460,34 laps behind the winner,NA,https://www.racingsportscars.com/images/car_no_photo.png,https://www.racingsportscars.com/NA,https://www.racingsportscars.com/make/photo/Porsche.html,https://www.racingsportscars.com/type/photo/Porsche/997%20GT3%20Cup.html,NA,https://www.racingsportscars.com/chassis/photo/WP0ZZZ99Z8S798010.html
2010,155,Honda Civic Type-R #SHHFN23608U0003917 - Honda,86,SP3,Mathol Racing,-,-,Walter Nawotka (D)/Jim Briody (USA)/Michael Prym (A)/Charlotte Wilking (D),NA,NA,NA,NA,NA,Honda,Civic,Type-R,#SHHFN23608U0003917,Result: 86th (34 laps behind the winner)Grid: 170th (11:05.5179) - 171st fastest qualifier,86th (34 laps behind the winner)Grid: 170th (11:05.5179) - 171st fastest qualifier,finished,170,11:05.5179,34 laps behind the winner,NA,https://www.racingsportscars.com/images/car_no_photo.png,https://www.racingsportscars.com/NA,https://www.racingsportscars.com/make/photo/Honda.html,https://www.racingsportscars.com/type/photo/Honda/Civic.html,https://www.racingsportscars.com/suffix/photo/Honda/Civic/Type-R.html,https://www.racingsportscars.com/chassis/photo/SHHFN23608U0003917.html
2010,215,BMW 325i E90 - BMW,87,V4,,-,-,Torsten Kratz (D)/Andreas Schettler (D)/Erich Trinkl (A)/Ilias Delavina,NA,NA,NA,NA,NA,BMW,325i,E90,NA,Result: 87th (35 laps behind the winner)Grid: 142nd (10:36.0640) - 143rd fastest qualifier,87th (35 laps behind the winner)Grid: 142nd (10:36.0640) - 143rd fastest qualifier,finished,142,10:36.0640,35 laps behind the winner,NA,https://www.racingsportscars.com/images/car_no_photo.png,https://www.racingsportscars.com/NA,https://www.racingsportscars.com/make/photo/BMW.html,https://www.racingsportscars.com/type/photo/BMW/325i.html,https://www.racingsportscars.com/suffix/photo/BMW/325i/E90.html,NA
2010,193,BMW 330d #4836550 - BMW TDi,88,D3T,RG Berg Gladbach,Closed bodywork,Front-engined,Thomas Haider (D)/Rainer Kutsch/Joachim Schulz (D)/Gregor Hötzel (D),NA,NA,Michelin,NA,NA,BMW,330d,NA,#4836550,Result: 88th 1st in D3T (35 laps behind the winner)Grid: 124th (10:23.3680) - 125th fastest qualifier,88th 1st in D3T (35 laps behind the winner)Grid: 124th (10:23.3680) - 125th fastest qualifier,finished,124,10:23.3680,35 laps behind the winner,NA,https://www.racingsportscars.com/images/car_no_photo.png,https://www.racingsportscars.com/NA,https://www.racingsportscars.com/make/photo/BMW.html,https://www.racingsportscars.com/type/photo/BMW/330d.html,NA,https://www.racingsportscars.com/chassis/photo/4836550.html
2010,246,Honda Civic Type-R #SHHEP33503U101293 - Honda,89,N2,Jops Racing,-,-,Ola Setsaas (N)/Jörgen Pettersen (N)/Roger Sandberg (N)/Erik Steinbraten,NA,NA,NA,NA,NA,Honda,Civic,Type-R,#SHHEP33503U101293,Result: 89th (35 laps behind the winner)Grid: 171st (11:06.9670) - 172nd fastest qualifier,89th (35 laps behind the winner)Grid: 171st (11:06.9670) - 172nd fastest qualifier,finished,171,11:06.9670,35 laps behind the winner,NA,https://www.racingsportscars.com/images/car_no_photo.png,https://www.racingsportscars.com/NA,https://www.racingsportscars.com/make/photo/Honda.html,https://www.racingsportscars.com/type/photo/Honda/Civic.html,https://www.racingsportscars.com/suffix/photo/Honda/Civic/Type-R.html,https://www.racingsportscars.com/chassis/photo/SHHEP33503U101293.html
2010,220,BMW Z4 M Coupe #WBADU51040LV30470 - BMW,90,V5,Huber Sport,-,-,Reinhard Huber (D)/Chris Rendlen (D)/Philipp Neuffer (D)/Carlo Babini Merlo (I),NA,NA,NA,NA,NA,BMW,Z4,M Coupe,#WBADU51040LV30470,Result: 90th (36 laps behind the winner)Grid: 122nd (10:21.4840) - 123rd fastest qualifier,90th (36 laps behind the winner)Grid: 122nd (10:21.4840) - 123rd fastest qualifier,finished,122,10:21.4840,36 laps behind the winner,NA,https://www.racingsportscars.com/images/car_no_photo.png,https://www.racingsportscars.com/NA,https://www.racingsportscars.com/make/photo/BMW.html,https://www.racingsportscars.com/type/photo/BMW/Z4.html,https://www.racingsportscars.com/suffix/photo/BMW/Z4/M%20Coupe.html,https://www.racingsportscars.com/chassis/photo/WBADU51040LV30470.html
2010,225,BMW M3 E36 #WBSCB91050EW20476 - BMW,91,V5,Extreme Racing,Closed bodywork,Front-engined,Richard Gartner (AUS)/Ray Stubber (AUS)/Paul Stubber (AUS),NA,NA,Yokohama,NA,NA,BMW,M3,E36,#WBSCB91050EW20476,Result: 91st (36 laps behind the winner)Grid: 132nd (10:28.7230) - 133rd fastest qualifier,91st (36 laps behind the winner)Grid: 132nd (10:28.7230) - 133rd fastest qualifier,finished,132,10:28.7230,36 laps behind the winner,NA,https://www.racingsportscars.com/images/car_no_photo.png,https://www.racingsportscars.com/NA,https://www.racingsportscars.com/make/photo/BMW.html,https://www.racingsportscars.com/type/photo/BMW/M3.html,https://www.racingsportscars.com/suffix/photo/BMW/M3/E36.html,https://www.racingsportscars.com/chassis/photo/WBSCB91050EW20476.html
2010,49,Audi R8 FSI #WAUZZZ4D02N004102 - Audi FSI DOHC V8 V8 4v DOHC 4163 cc,92,SP8,Kuepper Racing,-,Mid-engined,Alexander Krebs (D)/Christian Vogler (D)/Dierk Möller-Sonntag (D)/Guido Naumann (D),NA,NA,Hankook,26/10/2020,Thomas Morper,Audi,R8 FSI,NA,#WAUZZZ4D02N004102,Result: 92nd (37 laps behind the winner)Grid: 116th (10:17.7810) - 117th fastest qualifier,92nd (37 laps behind the winner)Grid: 116th (10:17.7810) - 117th fastest qualifier,finished,116,10:17.7810,37 laps behind the winner,NA,https://www.racingsportscars.com/tn/photo/2010/TN_Nurburgring-2010-05-16-049.jpg,https://www.racingsportscars.com/NA,https://www.racingsportscars.com/make/photo/Audi.html,https://www.racingsportscars.com/type/photo/Audi/R8%20FSI.html,NA,https://www.racingsportscars.com/chassis/photo/WAUZZZ4D02N004102.html
2010,153,VW Golf III Kit Car #MZ00011 - VW,93,SP3,Dingert Motorsport,Closed bodywork,Front-engined,Alexander Herrmann (D)/Achim Herrmann (D)/Han Hoendervangers (NL),NA,NA,NA,NA,NA,VW,Golf,III Kit Car,#MZ00011,Result: 93rd (39 laps behind the winner)Grid: 172nd (11:07.9490) - 173rd fastest qualifier,93rd (39 laps behind the winner)Grid: 172nd (11:07.9490) - 173rd fastest qualifier,finished,172,11:07.9490,39 laps behind the winner,NA,https://www.racingsportscars.com/images/car_no_photo.png,https://www.racingsportscars.com/NA,https://www.racingsportscars.com/make/photo/VW.html,https://www.racingsportscars.com/type/photo/VW/Golf.html,https://www.racingsportscars.com/suffix/photo/VW/Golf/III%20Kit%20Car.html,https://www.racingsportscars.com/chassis/photo/MZ00011.html
2010,176,BMW 120d #95609492 - BMW,94,D1T,Dörr Motorsport,-,-,Friedrich Holoch (D)/Christian Penno (D)/Roland Konrad (D)/Rainer Dörr (D),NA,NA,Pirelli,26/10/2020,Thomas Morper,BMW,120d,NA,#95609492,Result: 94th (39 laps behind the winner)Grid: 196th (12:04.0990) - 197th fastest qualifier,94th (39 laps behind the winner)Grid: 196th (12:04.0990) - 197th fastest qualifier,finished,196,12:04.0990,39 laps behind the winner,NA,https://www.racingsportscars.com/tn/photo/2010/TN_Nurburgring-2010-05-16-176.jpg,https://www.racingsportscars.com/NA,https://www.racingsportscars.com/make/photo/BMW.html,https://www.racingsportscars.com/type/photo/BMW/120d.html,NA,https://www.racingsportscars.com/chassis/photo/95609492.html
2010,127,Ford Focus ST #WF05XXGCD55B86092 - Ford,95,SP4T,König Komfort und Rennsitze,-,-,Uwe Reich (D)/Marc von Niesewand (D)/Michael Lachmayer (D)/Christian Kosbu,NA,NA,NA,NA,NA,Ford,Focus,ST,#WF05XXGCD55B86092,Result: 95th (40 laps behind the winner)Grid: 197th (13:24.9919) - 198th fastest qualifier,95th (40 laps behind the winner)Grid: 197th (13:24.9919) - 198th fastest qualifier,finished,197,13:24.9919,40 laps behind the winner,NA,https://www.racingsportscars.com/images/car_no_photo.png,https://www.racingsportscars.com/NA,https://www.racingsportscars.com/make/photo/Ford.html,https://www.racingsportscars.com/type/photo/Ford/Focus.html,https://www.racingsportscars.com/suffix/photo/Ford/Focus/ST.html,https://www.racingsportscars.com/chassis/photo/WF05XXGCD55B86092.html
2010,129,BMW 325i E92 - BMW,96,SP4,Bergischer Motor-Club e.V. im ADAC,-,-,Oscar Fineschi/Juan Jose Garriz (RA)/Juan Angel Cusano (RA)/Juan Garriz (RA),NA,NA,NA,NA,NA,BMW,325i,E92,NA,Result: 96th 1st in SP4 (40 laps behind the winner)Grid: 159th (10:46.2209) - 160th fastest qualifier,96th 1st in SP4 (40 laps behind the winner)Grid: 159th (10:46.2209) - 160th fastest qualifier,finished,159,10:46.2209,40 laps behind the winner,NA,https://www.racingsportscars.com/images/car_no_photo.png,https://www.racingsportscars.com/NA,https://www.racingsportscars.com/make/photo/BMW.html,https://www.racingsportscars.com/type/photo/BMW/325i.html,https://www.racingsportscars.com/suffix/photo/BMW/325i/E92.html,NA
2010,75,BMW 320d #S2000 620 - BMW,97,D1T,Schubert Motorsport,Closed bodywork,Front-engined,Anders Burchardt (N)/Nils Tronrud (N)/Lars Stugemo (S)/Magnus Öhman (S),NA,NA,Dunlop,26/10/2020,Thomas Morper,BMW,320d,NA,#S2000 620,Result: 97th (40 laps behind the winner)Grid: 166th (10:57.5950) - 167th fastest qualifier,97th (40 laps behind the winner)Grid: 166th (10:57.5950) - 167th fastest qualifier,finished,166,10:57.5950,40 laps behind the winner,NA,https://www.racingsportscars.com/tn/photo/2010/TN_Nurburgring-2010-05-16-075.jpg,https://www.racingsportscars.com/NA,https://www.racingsportscars.com/make/photo/BMW.html,https://www.racingsportscars.com/type/photo/BMW/320d.html,NA,https://www.racingsportscars.com/chassis/photo/S2000%20620.html
2010,227,BMW M3 GT #WBSBF99000EA40253 - BMW,98,V5,AvD / Lingmann Motorsport,Closed bodywork,Front-engined,Gerd Niemeyer/Armin Zumtobel (A)/Hitoshi Goto (J)/Masaharu Kimura,NA,NA,NA,NA,NA,BMW,M3,GT,#WBSBF99000EA40253,Result: 98th (41 laps behind the winner)Grid: 137th (10:33.5170) - 138th fastest qualifier,98th (41 laps behind the winner)Grid: 137th (10:33.5170) - 138th fastest qualifier,finished,137,10:33.5170,41 laps behind the winner,NA,https://www.racingsportscars.com/images/car_no_photo.png,https://www.racingsportscars.com/NA,https://www.racingsportscars.com/make/photo/BMW.html,https://www.racingsportscars.com/type/photo/BMW/M3.html,https://www.racingsportscars.com/suffix/photo/BMW/M3/GT.html,https://www.racingsportscars.com/chassis/photo/WBSBF99000EA40253.html
2010,55,Ginetta G50 GT4 #160 - Ford Cyclone V6/60° 4v DOHC 3496 cc N/A,99,SP10 GT4,Boes Motorsport,Closed bodywork,Front-engined,Torsten Kornmeyer (D)/Dirk Kornmeyer (D)/Hendrik Still (D),NA,NA,NA,NA,NA,Ginetta,G50,GT4,#160,Result: 99th (42 laps behind the winner)Grid: 83rd (9:51.6660) - 84th fastest qualifier,99th (42 laps behind the winner)Grid: 83rd (9:51.6660) - 84th fastest qualifier,finished,83,9:51.6660,42 laps behind the winner,NA,https://www.racingsportscars.com/images/car_no_photo.png,https://www.racingsportscars.com/NA,https://www.racingsportscars.com/make/photo/Ginetta.html,https://www.racingsportscars.com/type/photo/Ginetta/G50.html,https://www.racingsportscars.com/suffix/photo/Ginetta/G50/GT4.html,https://www.racingsportscars.com/chassis/photo/G50-LT-160.html
2010,157,Honda S2000 #JHAP113O11201856 - Honda,100,SP3,CarDiff Motorsport,-,-,Torsten Platz (D)/Steffen Wethmar/Charles Kauffman (L)/Dieter Svepes (A),NA,NA,NA,NA,NA,Honda,S2000,NA,#JHAP113O11201856,Result: 100th (43 laps behind the winner)Grid: 127th (10:24.0790) - 128th fastest qualifier,100th (43 laps behind the winner)Grid: 127th (10:24.0790) - 128th fastest qualifier,finished,127,10:24.0790,43 laps behind the winner,NA,https://www.racingsportscars.com/images/car_no_photo.png,https://www.racingsportscars.com/NA,https://www.racingsportscars.com/make/photo/Honda.html,https://www.racingsportscars.com/type/photo/Honda/S2000.html,NA,https://www.racingsportscars.com/chassis/photo/JHAP113O11201856.html
2010,152,Honda Civic Type-R #SHHFN23207UD004494 - Honda,101,SP3,Kuhlmann Motorsport,-,-,Frank Kuhlmann (D)/Dino Drössiger (D)/Mark Giesbrecht (D)/Bruce Trenery (USA),NA,NA,NA,NA,NA,Honda,Civic,Type-R,#SHHFN23207UD004494,Result: 101st (43 laps behind the winner)Grid: 158th (10:44.4091) - 159th fastest qualifier,101st (43 laps behind the winner)Grid: 158th (10:44.4091) - 159th fastest qualifier,finished,158,10:44.4091,43 laps behind the winner,NA,https://www.racingsportscars.com/images/car_no_photo.png,https://www.racingsportscars.com/NA,https://www.racingsportscars.com/make/photo/Honda.html,https://www.racingsportscars.com/type/photo/Honda/Civic.html,https://www.racingsportscars.com/suffix/photo/Honda/Civic/Type-R.html,https://www.racingsportscars.com/chassis/photo/SHHFN23207UD004494.html
2010,79,Audi A8 D2 W12 #WAUZZZ4D02N004101 - Audi,102,SP8,Derichs Rennwagen e.V.,-,-,"Manfred Kubik (A)/Keith Ahlers (GB)/Ulfried Baumert (D)/""Don Stephano"" (D)",NA,NA,Dunlop,26/10/2020,Thomas Morper,Audi,A8,D2 W12,#WAUZZZ4D02N004101,Result: 102nd (43 laps behind the winner)Grid: 191st (11:48.7800) - 192nd fastest qualifier,102nd (43 laps behind the winner)Grid: 191st (11:48.7800) - 192nd fastest qualifier,finished,191,11:48.7800,43 laps behind the winner,NA,https://www.racingsportscars.com/tn/photo/2010/TN_Nurburgring-2010-05-16-079.jpg,https://www.racingsportscars.com/NA,https://www.racingsportscars.com/make/photo/Audi.html,https://www.racingsportscars.com/type/photo/Audi/A8.html,https://www.racingsportscars.com/suffix/photo/Audi/A8/D2%20W12.html,https://www.racingsportscars.com/chassis/photo/WAUZZZ4D02N004101.html
2010,128,Volvo S60 Turbo #SBF-S60-07 - Volvo,103,SP4T,Ebbing Motorsport,-,-,Christian Steffens (D)/Martin Bailey (AUS)/Mike Reedy (AUS)/Kean Booker (AUS),NA,NA,Yokohama,NA,NA,Volvo,S60,Turbo,#SBF-S60-07,Result: 103rd (44 laps behind the winner)Grid: 98th (10:05.3620) - 99th fastest qualifier,103rd (44 laps behind the winner)Grid: 98th (10:05.3620) - 99th fastest qualifier,finished,98,10:05.3620,44 laps behind the winner,NA,https://www.racingsportscars.com/images/car_no_photo.png,https://www.racingsportscars.com/NA,https://www.racingsportscars.com/make/photo/Volvo.html,https://www.racingsportscars.com/type/photo/Volvo/S60.html,https://www.racingsportscars.com/suffix/photo/Volvo/S60/Turbo.html,https://www.racingsportscars.com/chassis/photo/SBF-S60-07.html
2010,78,Audi V8 D11 #WAUZZZ4CZNN002248 - Audi,104,SP8,Derichs Rennwagen e.V.,-,-,"Keith Ahlers (GB)/""Don Stephano"" (D)/Manfred Kubik (A)/Erwin Derichs (D)",NA,NA,Dunlop,26/10/2020,Thomas Morper,Audi,V8,D11,#WAUZZZ4CZNN002248,Result: 104th (44 laps behind the winner)Grid: 192nd (11:53.5920) - 193rd fastest qualifier,104th (44 laps behind the winner)Grid: 192nd (11:53.5920) - 193rd fastest qualifier,finished,192,11:53.5920,44 laps behind the winner,NA,https://www.racingsportscars.com/tn/photo/2010/TN_Nurburgring-2010-05-16-078.jpg,https://www.racingsportscars.com/NA,https://www.racingsportscars.com/make/photo/Audi.html,https://www.racingsportscars.com/type/photo/Audi/V8.html,https://www.racingsportscars.com/suffix/photo/Audi/V8/D11.html,https://www.racingsportscars.com/chassis/photo/WAUZZZ4CZNN002248.html
2010,208,Opel Astra G - Opel,105,V3,,-,-,Erik Heim/Claus Gronning (DK)/Holger Knudsen (DK)/Mauro Simoncini (I),NA,NA,NA,NA,NA,Opel,Astra,G,NA,Result: 105th (45 laps behind the winner)Grid: 187th (11:37.6150) - 188th fastest qualifier,105th (45 laps behind the winner)Grid: 187th (11:37.6150) - 188th fastest qualifier,finished,187,11:37.6150,45 laps behind the winner,NA,https://www.racingsportscars.com/images/car_no_photo.png,https://www.racingsportscars.com/NA,https://www.racingsportscars.com/make/photo/Opel.html,https://www.racingsportscars.com/type/photo/Opel/Astra.html,https://www.racingsportscars.com/suffix/photo/Opel/Astra/G.html,NA
2010,161,Peugeot 206 RCC #50936 - Peugeot,106,SP3,[JJF Competition,-,-,Fabrice Reicher (F)/René Wolff (D)/Pascal Engel/Harald Rettich (D),NA,NA,NA,NA,NA,Peugeot,206,RCC,#50936,Result: 106th (45 laps behind the winner)Grid: 182nd (11:25.8450) - 183rd fastest qualifier,106th (45 laps behind the winner)Grid: 182nd (11:25.8450) - 183rd fastest qualifier,finished,182,11:25.8450,45 laps behind the winner,NA,https://www.racingsportscars.com/images/car_no_photo.png,https://www.racingsportscars.com/NA,https://www.racingsportscars.com/make/photo/Peugeot.html,https://www.racingsportscars.com/type/photo/Peugeot/206.html,https://www.racingsportscars.com/suffix/photo/Peugeot/206/RCC.html,https://www.racingsportscars.com/chassis/photo/50936.html
2010,17,Porsche 997 GT3 Cup #WP0ZZZ99Z7S798228 - Porsche F6 4v DOHC N/A,107,SP9 GT3,Team DMV e.V.,Closed bodywork,Rear-engined,Andre Krumbach (D)/Holger Fuchs (D)/Harald Schlotter (D)/Giuseppe Timperanza (D),NA,NA,NA,26/10/2020,Thomas Morper,Porsche,997 GT3 Cup,NA,#WP0ZZZ99Z7S798228,Result: 107th (46 laps behind the winner)Grid: 61st (9:35.2440) - 62nd fastest qualifier,107th (46 laps behind the winner)Grid: 61st (9:35.2440) - 62nd fastest qualifier,finished,61,9:35.2440,46 laps behind the winner,NA,https://www.racingsportscars.com/tn/photo/2010/TN_Nurburgring-2010-05-16-017.jpg,https://www.racingsportscars.com/NA,https://www.racingsportscars.com/make/photo/Porsche.html,https://www.racingsportscars.com/type/photo/Porsche/997%20GT3%20Cup.html,NA,https://www.racingsportscars.com/chassis/photo/WP0ZZZ99Z7S798228.html
2010,245,Honda Integra #JHMD32310WS000885 - Honda,108,N2,V de V Sport,-,-,Gérard Tremblay (F)/Philippe Burel (F)/Jean Marc Rivet/Dominique Nury (F),NA,NA,NA,NA,NA,Honda,Integra,NA,#JHMD32310WS000885,Result: 108th (48 laps behind the winner)Grid: 188th (11:38.9250) - 189th fastest qualifier,108th (48 laps behind the winner)Grid: 188th (11:38.9250) - 189th fastest qualifier,finished,188,11:38.9250,48 laps behind the winner,NA,https://www.racingsportscars.com/images/car_no_photo.png,https://www.racingsportscars.com/NA,https://www.racingsportscars.com/make/photo/Honda.html,https://www.racingsportscars.com/type/photo/Honda/Integra.html,NA,https://www.racingsportscars.com/chassis/photo/JHMD32310WS000885.html
2010,140,Seat León Supercopa Mk II #XMK2 258 - Seat,109,SP3T,Mathol Racing,-,-,Jörg Kittelmann (D)/Jörg Wilhelm (D)/Klaus-Dieter Müller (D)/Manfred Volk (D),NA,NA,NA,26/10/2020,Thomas Morper,Seat,León,Supercopa Mk II,#XMK2 258,Result: 109th (50 laps behind the winner)Grid: 149th (10:38.6880) - 150th fastest qualifier,109th (50 laps behind the winner)Grid: 149th (10:38.6880) - 150th fastest qualifier,finished,149,10:38.6880,50 laps behind the winner,NA,https://www.racingsportscars.com/tn/photo/2010/TN_Nurburgring-2010-05-16-140.jpg,https://www.racingsportscars.com/NA,https://www.racingsportscars.com/make/photo/Seat.html,https://www.racingsportscars.com/type/photo/Seat/Le%c3%b3n.html,https://www.racingsportscars.com/suffix/photo/Seat/Le%c3%b3n/Supercopa%20Mk%20II.html,https://www.racingsportscars.com/chassis/photo/XMK2%20258.html
2010,250,Ford Focus RS #WFOGXXGCDG8L15826 - Ford,110,SP4T,FH Köln Motorsport,-,-,Jari-Matti Latvala/Anja Wassertheurer (D)/Daniela Schmid (A)/Stefan Schlesack (D),NA,NA,Dunlop,26/10/2020,Thomas Morper,Ford,Focus,RS,#WFOGXXGCDG8L15826,Result: 110th (51 laps behind the winner)Grid: 100th (10:06.1690) - 101st fastest qualifier,110th (51 laps behind the winner)Grid: 100th (10:06.1690) - 101st fastest qualifier,finished,100,10:06.1690,51 laps behind the winner,NA,https://www.racingsportscars.com/tn/photo/2010/TN_Nurburgring-2010-05-16-250.jpg,https://www.racingsportscars.com/photo/2010/Nurburgring-2010-05-16-250.jpg,https://www.racingsportscars.com/make/photo/Ford.html,https://www.racingsportscars.com/type/photo/Ford/Focus.html,https://www.racingsportscars.com/suffix/photo/Ford/Focus/RS.html,https://www.racingsportscars.com/chassis/photo/WF0GXXGCDG8L15826.html
2010,154,VW Golf III Kit Car #MZ00015 - VW,111,SP3,Dingert Motorsport,Closed bodywork,Front-engined,Andreas Dingert (D)/Eric Freichels (D)/Sven Kurtenbach (D)/Werner Mohr,NA,NA,NA,NA,NA,VW,Golf,III Kit Car,#MZ00015,Result: 111th (52 laps behind the winner)Grid: 144th (10:36.0970) - 145th fastest qualifier,111th (52 laps behind the winner)Grid: 144th (10:36.0970) - 145th fastest qualifier,finished,144,10:36.0970,52 laps behind the winner,NA,https://www.racingsportscars.com/images/car_no_photo.png,https://www.racingsportscars.com/NA,https://www.racingsportscars.com/make/photo/VW.html,https://www.racingsportscars.com/type/photo/VW/Golf.html,https://www.racingsportscars.com/suffix/photo/VW/Golf/III%20Kit%20Car.html,https://www.racingsportscars.com/chassis/photo/MZ00015.html
2010,150,Peugeot 207 RC #VF3WM5FYC9W00415 - Peugeot,112,SP3T,Fleper Motorsport,-,-,Joachim Steidel (D)/Thorsten Wolter (D)/Herwarth Wartenberg (D)/Walter Kaufmann,NA,NA,NA,NA,NA,Peugeot,207,RC,#VF3WM5FYC9W00415,Result: 112th (54 laps behind the winner)Grid: 168th (10:59.6880) - 169th fastest qualifier,112th (54 laps behind the winner)Grid: 168th (10:59.6880) - 169th fastest qualifier,finished,168,10:59.6880,54 laps behind the winner,NA,https://www.racingsportscars.com/images/car_no_photo.png,https://www.racingsportscars.com/NA,https://www.racingsportscars.com/make/photo/Peugeot.html,https://www.racingsportscars.com/type/photo/Peugeot/207.html,https://www.racingsportscars.com/suffix/photo/Peugeot/207/RC.html,https://www.racingsportscars.com/chassis/photo/VF3WM5FYC9W00415.html
2010,165,Renault Clio Cup #07-228 - Renault,113,SP3,Schläppi Race-Tec GmbH,-,-,Nicolas Abril (CH)/Stig Näs (S)/Holger Goedicke (D)/Mathias Schläppi (CH),NA,NA,NA,NA,NA,Renault,Clio,Cup,#07-228,Result: 113th (56 laps behind the winner)Grid: 141st (10:35.2140) - 142nd fastest qualifier,113th (56 laps behind the winner)Grid: 141st (10:35.2140) - 142nd fastest qualifier,finished,141,10:35.2140,56 laps behind the winner,NA,https://www.racingsportscars.com/images/car_no_photo.png,https://www.racingsportscars.com/NA,https://www.racingsportscars.com/make/photo/Renault.html,https://www.racingsportscars.com/type/photo/Renault/Clio.html,https://www.racingsportscars.com/suffix/photo/Renault/Clio/Cup.html,https://www.racingsportscars.com/chassis/photo/07-228.html
2010,138,Mini Cooper S #1WRE61030TD24275 - BMW N/A,114,SP3T,S. I. G. Motorsport,Closed bodywork,Front-engined,Ingo Gaupp (D)/Manuel Brinkmann/Andy Glanc (D),NA,NA,NA,26/10/2020,Thomas Morper,Mini,Cooper,S,#1WRE61030TD24275,Result: 114th (60 laps behind the winner)Grid: 121st (10:21.0650) - 122nd fastest qualifier,114th (60 laps behind the winner)Grid: 121st (10:21.0650) - 122nd fastest qualifier,finished,121,10:21.0650,60 laps behind the winner,NA,https://www.racingsportscars.com/tn/photo/2010/TN_Nurburgring-2010-05-16-138.jpg,https://www.racingsportscars.com/NA,https://www.racingsportscars.com/make/photo/Mini.html,https://www.racingsportscars.com/type/photo/Mini/Cooper.html,https://www.racingsportscars.com/suffix/photo/Mini/Cooper/S.html,https://www.racingsportscars.com/chassis/photo/1WRE61030TD24275.html
2010,64,Nissan 370Z GT4 #GT437001 - Nissan,115,SP7,RJN Motorsport,-,-,Holger Eckhardt (D)/Andreas Gülden (D)/Michael Krumm (D)/Alex Buncombe (GB),NA,NA,Michelin,NA,NA,Nissan,370Z,GT4,#GT437001,Result: 115th (62 laps behind the winner)Grid: 58th (9:33.9920) - 59th fastest qualifier,115th (62 laps behind the winner)Grid: 58th (9:33.9920) - 59th fastest qualifier,finished,58,9:33.9920,62 laps behind the winner,NA,https://www.racingsportscars.com/images/car_no_photo.png,https://www.racingsportscars.com/NA,https://www.racingsportscars.com/make/photo/Nissan.html,https://www.racingsportscars.com/type/photo/Nissan/370Z.html,https://www.racingsportscars.com/suffix/photo/Nissan/370Z/GT4.html,https://www.racingsportscars.com/chassis/photo/GT437001.html
2010,190,BMW 335d GTR #20021960 - BMW,116,D3T,Schmiddi Tuning,-,-,José Balbiani (RA)/Adrian Santos (RA)/Jose Visir (RA)/Gustavo Fontana (RA),NA,NA,NA,NA,NA,BMW,335d,GTR,#20021960,Result: 116th (63 laps behind the winner)Grid: 111th (10:15.3280) - 112th fastest qualifier,116th (63 laps behind the winner)Grid: 111th (10:15.3280) - 112th fastest qualifier,finished,111,10:15.3280,63 laps behind the winner,NA,https://www.racingsportscars.com/images/car_no_photo.png,https://www.racingsportscars.com/NA,https://www.racingsportscars.com/make/photo/BMW.html,https://www.racingsportscars.com/type/photo/BMW/335d.html,https://www.racingsportscars.com/suffix/photo/BMW/335d/GTR.html,https://www.racingsportscars.com/chassis/photo/20021960.html
2010,170,BMW E90 - BMW,117,V4,Black Falcon,-,-,Jörg Krell (D)/Sebastian Krell (D)/Thomas Mundorf/Holger Zulauf,NA,NA,NA,NA,NA,BMW,E90,NA,NA,Result: 117th (64 laps behind the winner)Grid: 153rd (10:40.8199) - 154th fastest qualifier,117th (64 laps behind the winner)Grid: 153rd (10:40.8199) - 154th fastest qualifier,finished,153,10:40.8199,64 laps behind the winner,NA,https://www.racingsportscars.com/images/car_no_photo.png,https://www.racingsportscars.com/NA,https://www.racingsportscars.com/make/photo/BMW.html,https://www.racingsportscars.com/type/photo/BMW/E90.html,NA,NA
2010,195,Audi A4 quattro #Tuning Academy 001 (Gies) - Audi,118,D3T,Team RWTH Aachen University,-,-,Thomas Hanisch (D)/Hans Keutmann (D)/Klaus Leinfelder (D)/Spencer Trenery (USA),NA,NA,NA,26/10/2020,Thomas Morper,Audi,A4,quattro,#Tuning Academy 001,Result: 118th (65 laps behind the winner)Grid: 126th (10:23.5530) - 127th fastest qualifier,118th (65 laps behind the winner)Grid: 126th (10:23.5530) - 127th fastest qualifier,finished,126,10:23.5530,65 laps behind the winner,NA,https://www.racingsportscars.com/tn/photo/2010/TN_Nurburgring-2010-05-16-195.jpg,https://www.racingsportscars.com/NA,https://www.racingsportscars.com/make/photo/Audi.html,https://www.racingsportscars.com/type/photo/Audi/A4.html,https://www.racingsportscars.com/suffix/photo/Audi/A4/quattro.html,https://www.racingsportscars.com/chassis/photo/Tuning%20Academy%20001.html
2010,242,Renault Clio RS #VF1CBOMOF21922506 - Renault N/A,119,N2,East Belgian Racing Team,Closed bodywork,Front-engined,Jacky Delvaux (B)/René Marin (B)/Bruno Beulen (B),NA,NA,NA,NA,NA,Renault,Clio,RS,#VF1CBOMOF21922506,Result: 119th (66 laps behind the winner)Grid: 178th (11:20.9290) - 179th fastest qualifier,119th (66 laps behind the winner)Grid: 178th (11:20.9290) - 179th fastest qualifier,finished,178,11:20.9290,66 laps behind the winner,NA,https://www.racingsportscars.com/images/car_no_photo.png,https://www.racingsportscars.com/NA,https://www.racingsportscars.com/make/photo/Renault.html,https://www.racingsportscars.com/type/photo/Renault/Clio.html,https://www.racingsportscars.com/suffix/photo/Renault/Clio/RS.html,https://www.racingsportscars.com/chassis/photo/VF1CBOMOF21922506.html
2010,168,Seat Ibiza 6K #VSSZZZ6KZZR033605 - Seat,120,SP3,Team DMV,-,-,Hans-Christoph Schäfer (D)/Marcus Bulgrin (D)/Michael Albertz/Dietmar Henke (D),NA,NA,NA,NA,NA,Seat,Ibiza,6K,#VSSZZZ6KZZR033605,Result: 120th (68 laps behind the winner)Grid: 186th (11:37.1250) - 187th fastest qualifier,120th (68 laps behind the winner)Grid: 186th (11:37.1250) - 187th fastest qualifier,finished,186,11:37.1250,68 laps behind the winner,NA,https://www.racingsportscars.com/images/car_no_photo.png,https://www.racingsportscars.com/NA,https://www.racingsportscars.com/make/photo/Seat.html,https://www.racingsportscars.com/type/photo/Seat/Ibiza.html,https://www.racingsportscars.com/suffix/photo/Seat/Ibiza/6K.html,https://www.racingsportscars.com/chassis/photo/VSSZZZ6KZZR033605.html
2010,159,VW Golf III 16V - VW L4 4v N/A,121,SP3,ADAC Berlin Brandenburg e.V.,Closed bodywork,Front-engined,Robert Schröder (D)/Maik Kraske (D)/Peter Lührs/Dominic Liedtke (D),NA,NA,NA,NA,NA,VW,Golf,III 16V,NA,Result: 121st (70 laps behind the winner)Grid: 169th (11:02.4020) - 170th fastest qualifier,121st (70 laps behind the winner)Grid: 169th (11:02.4020) - 170th fastest qualifier,finished,169,11:02.4020,70 laps behind the winner,NA,https://www.racingsportscars.com/images/car_no_photo.png,https://www.racingsportscars.com/NA,https://www.racingsportscars.com/make/photo/VW.html,https://www.racingsportscars.com/type/photo/VW/Golf.html,https://www.racingsportscars.com/suffix/photo/VW/Golf/III%2016V.html,NA
2010,204,BMW 318 is E36 #WABE51040EK39525 - BMW,122,V2,Team Motorsport Dreams,-,-,Andreas Schwarz (D)/Christian Sporenberg (D)/Christian Wack (D)/Michael Holz (D),NA,NA,NA,NA,NA,BMW,318,is E36,#WABE51040EK39525,Result: 122nd (74 laps behind the winner)Grid: 179th (11:21.7939) - 180th fastest qualifier,122nd (74 laps behind the winner)Grid: 179th (11:21.7939) - 180th fastest qualifier,finished,179,11:21.7939,74 laps behind the winner,NA,https://www.racingsportscars.com/images/car_no_photo.png,https://www.racingsportscars.com/NA,https://www.racingsportscars.com/make/photo/BMW.html,https://www.racingsportscars.com/type/photo/BMW/318.html,https://www.racingsportscars.com/suffix/photo/BMW/318/is%20E36.html,https://www.racingsportscars.com/chassis/photo/WABE51040EK39525.html
2010,107,BMW 130i GTR - BMW N/A,123,SP5,,-,Front-engined,Patrick Rehs (D)/Markus Schaufuß/Sascha Rehs (D)/Konstantin Wolf (D),NA,NA,NA,26/10/2020,Thomas Morper,BMW,130i,GTR,NA,Result: 123rd (75 laps behind the winner)Grid: 139th (10:33.6660) - 140th fastest qualifier,123rd (75 laps behind the winner)Grid: 139th (10:33.6660) - 140th fastest qualifier,finished,139,10:33.6660,75 laps behind the winner,NA,https://www.racingsportscars.com/tn/photo/2010/TN_Nurburgring-2010-05-16-107.jpg,https://www.racingsportscars.com/NA,https://www.racingsportscars.com/make/photo/BMW.html,https://www.racingsportscars.com/type/photo/BMW/130i.html,https://www.racingsportscars.com/suffix/photo/BMW/130i/GTR.html,NA
2010,66,Aston Martin V8 Vantage N24 #SCFBB03B66GO01650 - Aston Martin V8/90° 4v DOHC N/A,NA,SP8,Team Schrick,Closed bodywork,Front-engined,Tim Schrick (D)/Patrick Bernhardt (D)/Ralf Goral (D)/Wolfgang Weber (D),NA,NA,Pirelli,26/10/2020,Thomas Morper,Aston Martin,V8 Vantage,N24,#SCFBB03B66GO01650,Result: not classified (79 laps behind the winner)Grid: 77th (9:47.5580) - 78th fastest qualifier,not classified (79 laps behind the winner)Grid: 77th (9:47.5580) - 78th fastest qualifier,other,77,9:47.5580,NA,79 laps behind the winner,https://www.racingsportscars.com/tn/photo/2010/TN_Nurburgring-2010-05-16-066.jpg,https://www.racingsportscars.com/NA,https://www.racingsportscars.com/make/photo/Aston%20Martin.html,https://www.racingsportscars.com/type/photo/Aston%20Martin/V8%20Vantage.html,https://www.racingsportscars.com/suffix/photo/Aston%20Martin/V8%20Vantage/N24.html,https://www.racingsportscars.com/chassis/photo/SCFBB03B66GO01650.html
2010,210,Ford Fiesta ST #WF0DXXGAJD2R27122 - Ford N/A,NA,V3,OVG Racing Cologne,Closed bodywork,Front-engined,Ralph Caba (D)/Volker Lange (D)/Oliver Sprungmann (D)/Karsten Foese (D),NA,NA,NA,NA,NA,Ford,Fiesta,ST,#WF0DXXGAJD2R27122,Result: not classified (81 laps behind the winner)Grid: 174th (11:11.0580) - 175th fastest qualifier,not classified (81 laps behind the winner)Grid: 174th (11:11.0580) - 175th fastest qualifier,other,174,11:11.0580,NA,81 laps behind the winner,https://www.racingsportscars.com/images/car_no_photo.png,https://www.racingsportscars.com/NA,https://www.racingsportscars.com/make/photo/Ford.html,https://www.racingsportscars.com/type/photo/Ford/Fiesta.html,https://www.racingsportscars.com/suffix/photo/Ford/Fiesta/ST.html,https://www.racingsportscars.com/chassis/photo/WF0DXXGAJD2R27122.html
2010,51,Lexus LF-A #G547000063 - Lexus,NA,SP8,Gazoo Racing,-,-,/Jochen Krumbach (D)/Armin Hahne (D)/André Lotterer (D),NA,NA,NA,18/11/2023,mariechen (CC-BY-SA-2.0) and AnZy1966 (CC-BY-SA-2.0),Lexus,LF,-A,#G547000063,Result: not classified (87 laps behind the winner)Grid: 28th (8:53.1560),not classified (87 laps behind the winner)Grid: 28th (8:53.1560),other,28,8:53.1560,NA,87 laps behind the winner,https://www.racingsportscars.com/tn/photo/2010/TN_Nurburgring-2010-05-16-051.jpg,https://www.racingsportscars.com/photo/2010/Nurburgring-2010-05-16-051.jpg,https://www.racingsportscars.com/make/photo/Lexus.html,https://www.racingsportscars.com/type/photo/Lexus/LF.html,https://www.racingsportscars.com/suffix/photo/Lexus/LF/-A.html,https://www.racingsportscars.com/chassis/photo/G547000063.html
2010,68,Chevrolet Corvette C6 #1G1YY25W9950017EX - Chevrolet,NA,SP8,Pro Sport Racing,-,Front-engined,"""Ed Nicelife"" (AND)/Thomas Koll (D)/Harry Ley (D)/Patrick Kentenich (D)",NA,NA,Dunlop,26/10/2020,Thomas Morper,Chevrolet,Corvette C6,NA,#1G1YY25W9950017EX,Result: not classified (90 laps behind the winner)Grid: 50th (9:29.0580) - 51st fastest qualifier,not classified (90 laps behind the winner)Grid: 50th (9:29.0580) - 51st fastest qualifier,other,50,9:29.0580,NA,90 laps behind the winner,https://www.racingsportscars.com/tn/photo/2010/TN_Nurburgring-2010-05-16-068.jpg,https://www.racingsportscars.com/NA,https://www.racingsportscars.com/make/photo/Chevrolet.html,https://www.racingsportscars.com/type/photo/Chevrolet/Corvette%20C6.html,NA,https://www.racingsportscars.com/chassis/photo/1G1YY25W9950017EX.html
2010,207,Opel Astra OPC #WO1OOP08Y5151109 - Opel,NA,V3,KAT Racing,-,-,Thomas Lennackers (D)/Michael Auert (D)/Eberhard Schneider (D)/Mike Juul (DK),NA,NA,NA,NA,NA,Opel,Astra,OPC,#WO1OOP08Y5151109,Result: not classified (94 laps behind the winner)Grid: 189th (11:41.8280) - 190th fastest qualifier,not classified (94 laps behind the winner)Grid: 189th (11:41.8280) - 190th fastest qualifier,other,189,11:41.8280,NA,94 laps behind the winner,https://www.racingsportscars.com/images/car_no_photo.png,https://www.racingsportscars.com/NA,https://www.racingsportscars.com/make/photo/Opel.html,https://www.racingsportscars.com/type/photo/Opel/Astra.html,https://www.racingsportscars.com/suffix/photo/Opel/Astra/OPC.html,https://www.racingsportscars.com/chassis/photo/WO1OOP08Y5151109.html
2010,194,BMW 135 D #96609493 - BMW,NA,D3T,Dörr Motorsport (D),-,-,Kristian Vetter (D)/Heiko Hahn (D)/Simon Englerth (D)/Frank Weishar (D),NA,NA,Pirelli,26/10/2020,Thomas Morper,BMW,135,D,#96609493,Result: not classified (102 laps behind the winner)Grid: 110th (10:15.1500) - 111th fastest qualifier,not classified (102 laps behind the winner)Grid: 110th (10:15.1500) - 111th fastest qualifier,other,110,10:15.1500,NA,102 laps behind the winner,https://www.racingsportscars.com/tn/photo/2010/TN_Nurburgring-2010-05-16-194.jpg,https://www.racingsportscars.com/NA,https://www.racingsportscars.com/make/photo/BMW.html,https://www.racingsportscars.com/type/photo/BMW/135.html,https://www.racingsportscars.com/suffix/photo/BMW/135/D.html,https://www.racingsportscars.com/chassis/photo/96609493.html
2010,173,BMW 320 Rapsöl #78566364 - BMW,NA,D1T,Cybase Motorsport,Closed bodywork,Front-engined,Bernd Kleeschulte (D)/Douglas Allen/Valentin Hummel (D)/Paul-Martin Dose (D),NA,NA,NA,NA,NA,BMW,320,Rapsöl,#78566364,Result: not classified (102 laps behind the winner)Grid: 119th (10:19.8870) - 120th fastest qualifier,not classified (102 laps behind the winner)Grid: 119th (10:19.8870) - 120th fastest qualifier,other,119,10:19.8870,NA,102 laps behind the winner,https://www.racingsportscars.com/images/car_no_photo.png,https://www.racingsportscars.com/NA,https://www.racingsportscars.com/make/photo/BMW.html,https://www.racingsportscars.com/type/photo/BMW/320.html,https://www.racingsportscars.com/suffix/photo/BMW/320/Raps%c3%b6l.html,https://www.racingsportscars.com/chassis/photo/78566364.html
2010,84,BMW M3 E46 #BM46/0217T - BMW,NA,SP6,Povey Motorsport (GB),Closed bodywork,Front-engined,Guy Povey (GB)/Clint Bardwell (GB)/Hamish Irvine (GB)/John Irvine (GB),NA,NA,NA,NA,NA,BMW,M3,E46,#BM46/0217T,Result: not classified (113 laps behind the winner)Grid: 81st (9:49.6270) - 82nd fastest qualifier,not classified (113 laps behind the winner)Grid: 81st (9:49.6270) - 82nd fastest qualifier,other,81,9:49.6270,NA,113 laps behind the winner,https://www.racingsportscars.com/images/car_no_photo.png,https://www.racingsportscars.com/NA,https://www.racingsportscars.com/make/photo/BMW.html,https://www.racingsportscars.com/type/photo/BMW/M3.html,https://www.racingsportscars.com/suffix/photo/BMW/M3/E46.html,https://www.racingsportscars.com/chassis/photo/BM46__0217T.html
2010,182,Seat León Supercopa Mk II TDI #XMK2 044 - Seat,NA,D1T,Red Camel Racing,-,-,Ivo Breukers (NL)/Henk Thijssen (NL)/Ton Verkoelen,NA,NA,NA,NA,NA,Seat,León,Supercopa Mk II TDI,#XMK2 044,Result: not classified (117 laps behind the winner)Grid: 129th (10:24.8361) - 130th fastest qualifier,not classified (117 laps behind the winner)Grid: 129th (10:24.8361) - 130th fastest qualifier,other,129,10:24.8361,NA,117 laps behind the winner,https://www.racingsportscars.com/images/car_no_photo.png,https://www.racingsportscars.com/NA,https://www.racingsportscars.com/make/photo/Seat.html,https://www.racingsportscars.com/type/photo/Seat/Le%c3%b3n.html,https://www.racingsportscars.com/suffix/photo/Seat/Le%c3%b3n/Supercopa%20Mk%20II%20TDI.html,https://www.racingsportscars.com/chassis/photo/XMK2%20044.html
2010,58,Chrysler Viper #1E3ER69E0YY300288 - Chrysler N/A,NA,AT,Team Titus (D),Closed bodywork,Front-engined,Titus Dittmann (D)/Julius Dittmann (D)/Dag A. van Garrel (D)/Victor Smolski (D),NA,NA,NA,26/10/2020,Thomas Morper,Chrysler,Viper,NA,#1E3ER69E0YY300288,Result: not classified (124 laps behind the winner)Grid: 146th (10:37.2740) - 147th fastest qualifier,not classified (124 laps behind the winner)Grid: 146th (10:37.2740) - 147th fastest qualifier,other,146,10:37.2740,NA,124 laps behind the winner,https://www.racingsportscars.com/tn/photo/2010/TN_Nurburgring-2010-05-16-058.jpg,https://www.racingsportscars.com/NA,https://www.racingsportscars.com/make/photo/Chrysler.html,https://www.racingsportscars.com/type/photo/Chrysler/Viper.html,NA,https://www.racingsportscars.com/chassis/photo/1E3ER69E0YY300288.html
2010,9,Porsche 997 GT3 R Hybrid #WP0ZZZ99Z9S798266 - Porsche Hybrid F6 4v DOHC N/A,NA,E1-XP HY,Porsche Team Manthey,Closed bodywork,Rear-engined,Jörg Bergmeister (D)/Richard Lietz (A)/Marco Holzer (D)/Martin Ragginger (A),NA,NA,NA,26/10/2020,Thomas Morper,Porsche,997 GT3 R,Hybrid,#WP0ZZZ99Z9S798266,Result: did not finishGrid: 9th (8:34.4270),did not finishGrid: 9th (8:34.4270),not_finished,9,8:34.4270,NA,8:34.4270,https://www.racingsportscars.com/tn/photo/2010/TN_Nurburgring-2010-05-16-009.jpg,https://www.racingsportscars.com/NA,https://www.racingsportscars.com/make/photo/Porsche.html,https://www.racingsportscars.com/type/photo/Porsche/997%20GT3%20R.html,https://www.racingsportscars.com/suffix/photo/Porsche/997%20GT3%20R/Hybrid.html,https://www.racingsportscars.com/chassis/photo/WP0ZZZ99Z9S798266.html
2010,2,Audi R8 LMS #AS42A0FGT3090275 - Audi FSI V10/90° 4v DOHC 5205 cc N/A,NA,SP9 GT3,Team Abt Sportsline,Closed bodywork,Mid-engined,Christian Abt (D)/Emmanuel Collard (F)/Lucas Luhr (D)/Christopher Mies (D),NA,NA,Michelin,26/10/2020,Thomas Morper,Audi,R8 LMS,NA,#AS42A0FGT3090275,Result: did not finishGrid: 3rd (8:27.9670),did not finishGrid: 3rd (8:27.9670),not_finished,3,8:27.9670,NA,8:27.9670,https://www.racingsportscars.com/tn/photo/2010/TN_Nurburgring-2010-05-16-002.jpg,https://www.racingsportscars.com/NA,https://www.racingsportscars.com/make/photo/Audi.html,https://www.racingsportscars.com/type/photo/Audi/R8%20LMS.html,NA,https://www.racingsportscars.com/chassis/photo/AS42A0FGT3090275.html
2010,40,Porsche 997 GT3 RSR #WP0ZZZ99Z5S798009 (Frikadelli) - Porsche F6 4v DOHC N/A,NA,SP7,Frikadelli Racing Team,Closed bodywork,Rear-engined,"Klaus Abbelen (D)/Sabine Schmitz (D)/Edgar Althoff (D)/Dieter Schornstein, Jr. (D)",NA,NA,NA,26/10/2020,Thomas Morper,Porsche,997 GT3 RSR,NA,#WP0ZZZ99Z5S798009,Result: did not finishGrid: 19th (8:44.6480),did not finishGrid: 19th (8:44.6480),not_finished,19,8:44.6480,NA,8:44.6480,https://www.racingsportscars.com/tn/photo/2010/TN_Nurburgring-2010-05-16-040.jpg,https://www.racingsportscars.com/NA,https://www.racingsportscars.com/make/photo/Porsche.html,https://www.racingsportscars.com/type/photo/Porsche/997%20GT3%20RSR.html,NA,https://www.racingsportscars.com/chassis/photo/WP0ZZZ99Z5S798009.html
2010,85,Porsche 911 - Porsche,NA,SP6,steam-racing,-,Rear-engined,Michael Schratz (D)/Johannes Siegler (D)/Jochen Herbst (D)/Michael Jauss (D),NA,NA,NA,26/10/2020,Thomas Morper,Porsche,911,NA,NA,Result: did not finishGrid: 46th (9:20.9930) - 47th fastest qualifier,did not finishGrid: 46th (9:20.9930) - 47th fastest qualifier,not_finished,46,9:20.9930,NA,9:20.9930,https://www.racingsportscars.com/tn/photo/2010/TN_Nurburgring-2010-05-16-085.jpg,https://www.racingsportscars.com/NA,https://www.racingsportscars.com/make/photo/Porsche.html,https://www.racingsportscars.com/type/photo/Porsche/911.html,NA,NA
2010,8,Porsche 997 GT3 R #WP0ZZZ99ZBS799516 - Porsche F6 4v DOHC 3996 cc N/A,NA,SP9 GT3,Haribo Team Manthey,Closed bodywork,Rear-engined,Lance Arnold (D)/Christian Menzel (D)/Richard Westbrook (GB)/Alex Margaritis (GR),NA,NA,Michelin,26/10/2020,Thomas Morper,Porsche,997 GT3 R,NA,#WP0ZZZ99ZBS799516,Result: did not finishGrid: 5th (8:29.5210),did not finishGrid: 5th (8:29.5210),not_finished,5,8:29.5210,NA,8:29.5210,https://www.racingsportscars.com/tn/photo/2010/TN_Nurburgring-2010-05-16-008.jpg,https://www.racingsportscars.com/photo/2010/Nurburgring-2010-05-16-008.jpg,https://www.racingsportscars.com/make/photo/Porsche.html,https://www.racingsportscars.com/type/photo/Porsche/997%20GT3%20R.html,NA,https://www.racingsportscars.com/chassis/photo/WP0ZZZ99ZBS799516.html
2010,234,Porsche 996 #WP0ZZZ99ZYS604641 - Porsche,NA,V6,Besaplast Racing Team,Closed bodywork,Rear-engined,Jörg Wiskirchen (D)/Carsten Welschar (D)/Jens Riemer (D)/Franz Groß (D),NA,NA,NA,NA,NA,Porsche,996,NA,#WP0ZZZ99ZYS604641,Result: did not finishGrid: 134th (10:30.6949) - 135th fastest qualifier,did not finishGrid: 134th (10:30.6949) - 135th fastest qualifier,not_finished,134,10:30.6949,NA,10:30.6949,https://www.racingsportscars.com/images/car_no_photo.png,https://www.racingsportscars.com/NA,https://www.racingsportscars.com/make/photo/Porsche.html,https://www.racingsportscars.com/type/photo/Porsche/996.html,NA,https://www.racingsportscars.com/chassis/photo/WP0ZZZ99ZYS604641.html
2010,99,Audi R8 LMS #AS42AOFGT3090280 - Audi FSI V10/90° 4v DOHC 5205 cc N/A,NA,SP9 GT3,Phoenix Racing GmbH,Closed bodywork,Mid-engined,Frank Biela (D)/Marcel Fässler (CH)/Pierre Kaffer (D)/Marc Hennerici (D),NA,NA,Michelin,26/10/2020,Thomas Morper,Audi,R8 LMS,NA,#AS42AOFGT3090280,Result: did not finishGrid: 4th (8:29.2500),did not finishGrid: 4th (8:29.2500),not_finished,4,8:29.2500,NA,8:29.2500,https://www.racingsportscars.com/tn/photo/2010/TN_Nurburgring-2010-05-16-099.jpg,https://www.racingsportscars.com/NA,https://www.racingsportscars.com/make/photo/Audi.html,https://www.racingsportscars.com/type/photo/Audi/R8%20LMS.html,NA,https://www.racingsportscars.com/chassis/photo/AS42A0FGT3090280.html
2010,156,Honda Civic Type-R #SHHFN23207U000669 - Honda,NA,SP3,Mathol Racing,-,-,Sebastian Schäfer (CH)/Christian Eichner (D)/Rüdiger Schicht (CH)/Michael Imholz (D),NA,NA,NA,NA,NA,Honda,Civic,Type-R,#SHHFN23207U000669,Result: did not finishGrid: 195th (12:00.8920) - 196th fastest qualifier,did not finishGrid: 195th (12:00.8920) - 196th fastest qualifier,not_finished,195,12:00.8920,NA,12:00.8920,https://www.racingsportscars.com/images/car_no_photo.png,https://www.racingsportscars.com/NA,https://www.racingsportscars.com/make/photo/Honda.html,https://www.racingsportscars.com/type/photo/Honda/Civic.html,https://www.racingsportscars.com/suffix/photo/Honda/Civic/Type-R.html,https://www.racingsportscars.com/chassis/photo/SHHFN23207U000669.html
2010,134,Seat León Supercopa Mk II #XMK2 201 - Seat,NA,SP3T,Costa Ovest Motorsport,-,-,Sergio Negroni (I)/Alexander Bolognesi/Mario Bertola (I)/Umberto Nacamuli (I),NA,NA,Dunlop,NA,NA,Seat,León,Supercopa Mk II,#XMK2 201,Result: did not finishGrid: 135th (10:30.8300) - 136th fastest qualifier,did not finishGrid: 135th (10:30.8300) - 136th fastest qualifier,not_finished,135,10:30.8300,NA,10:30.8300,https://www.racingsportscars.com/images/car_no_photo.png,https://www.racingsportscars.com/NA,https://www.racingsportscars.com/make/photo/Seat.html,https://www.racingsportscars.com/type/photo/Seat/Le%c3%b3n.html,https://www.racingsportscars.com/suffix/photo/Seat/Le%c3%b3n/Supercopa%20Mk%20II.html,https://www.racingsportscars.com/chassis/photo/XMK2%20201.html
2010,216,BMW 325i E46 #WBAAV31030FX00529 - BMW,NA,V4,Dolate-Motorsport,-,-,Jürgen Meyer (D)/Frank Unverhau (D)/Nikolaus Wegeler/Frank Haack,NA,NA,NA,NA,NA,BMW,325i,E46,#WBAAV31030FX00529,Result: did not finishGrid: 164th (10:55.5291) - 165th fastest qualifier,did not finishGrid: 164th (10:55.5291) - 165th fastest qualifier,not_finished,164,10:55.5291,NA,10:55.5291,https://www.racingsportscars.com/images/car_no_photo.png,https://www.racingsportscars.com/NA,https://www.racingsportscars.com/make/photo/BMW.html,https://www.racingsportscars.com/type/photo/BMW/325i.html,https://www.racingsportscars.com/suffix/photo/BMW/325i/E46.html,https://www.racingsportscars.com/chassis/photo/WBAAV31030FX00529.html
2010,130,BMW 325i E90 #WBAUB11080K155648 - BMW,NA,SP4,Bergischer Motor-Club e.V. im ADAC,-,-,Ruben Salerno (RA)/Jorge Cersosimo (RA)/Gaston Ricardo (RA)/Omar El Bacha (RA),NA,NA,NA,NA,NA,BMW,325i,E90,#WBAUB11080K155648,Result: did not finishGrid: 194th (12:00.7280) - 195th fastest qualifier,did not finishGrid: 194th (12:00.7280) - 195th fastest qualifier,not_finished,194,12:00.7280,NA,12:00.7280,https://www.racingsportscars.com/images/car_no_photo.png,https://www.racingsportscars.com/NA,https://www.racingsportscars.com/make/photo/BMW.html,https://www.racingsportscars.com/type/photo/BMW/325i.html,https://www.racingsportscars.com/suffix/photo/BMW/325i/E90.html,https://www.racingsportscars.com/chassis/photo/WBAUB11080K155648.html
2010,16,Porsche 997 GT3 Cup #WP0ZZZ99Z7S798160 - Porsche F6 4v DOHC N/A,NA,SP9 GT3,Moore International Motorsport,Closed bodywork,Rear-engined,Willie Moore (GB)/Bill Cameron (GB)/Calum Lockie (GB),NA,NA,Michelin,26/10/2020,Thomas Morper,Porsche,997 GT3 Cup,NA,#WP0ZZZ99Z7S798160,Result: did not finishGrid: 36th (9:11.4470),did not finishGrid: 36th (9:11.4470),not_finished,36,9:11.4470,NA,9:11.4470,https://www.racingsportscars.com/tn/photo/2010/TN_Nurburgring-2010-05-16-016.jpg,https://www.racingsportscars.com/photo/2010/Nurburgring-2010-05-16-016.jpg,https://www.racingsportscars.com/make/photo/Porsche.html,https://www.racingsportscars.com/type/photo/Porsche/997%20GT3%20Cup.html,NA,https://www.racingsportscars.com/chassis/photo/WP0ZZZ99Z7S798160.html
2010,221,BMW M3 E36 - BMW,NA,V5,,Closed bodywork,Front-engined,Uwe Krumscheid (D)/Stefan Manheller (D)/Jürgen Lenarz/Hajo Müller (D),NA,NA,NA,NA,NA,BMW,M3,E36,NA,Result: did not finishGrid: 106th (10:13.4600) - 107th fastest qualifier,did not finishGrid: 106th (10:13.4600) - 107th fastest qualifier,not_finished,106,10:13.4600,NA,10:13.4600,https://www.racingsportscars.com/images/car_no_photo.png,https://www.racingsportscars.com/NA,https://www.racingsportscars.com/make/photo/BMW.html,https://www.racingsportscars.com/type/photo/BMW/M3.html,https://www.racingsportscars.com/suffix/photo/BMW/M3/E36.html,NA
2010,166,Renault Clio Cup #622 - Renault,NA,SP3,Road Runner Racing,-,-,"Jürgen Peter (D)/""Rennsemmel"" (D)/Marco Keller (D)/Sascha Hancke (D)",NA,NA,NA,NA,NA,Renault,Clio,Cup,#622,Result: did not finishGrid: 123rd (10:22.9080) - 124th fastest qualifier,did not finishGrid: 123rd (10:22.9080) - 124th fastest qualifier,not_finished,123,10:22.9080,NA,10:22.9080,https://www.racingsportscars.com/images/car_no_photo.png,https://www.racingsportscars.com/NA,https://www.racingsportscars.com/make/photo/Renault.html,https://www.racingsportscars.com/type/photo/Renault/Clio.html,https://www.racingsportscars.com/suffix/photo/Renault/Clio/Cup.html,https://www.racingsportscars.com/chassis/photo/622.html
2010,105,BMW M3 E46 #VLN 02 026 - BMW,NA,SP5,Gambler Racing,Closed bodywork,Front-engined,Frank Nöhring (D)/Colin White (GB)/Meyrick Cox (GB),NA,NA,NA,26/10/2020,Thomas Morper,BMW,M3,E46,#VLN 02 026,Result: did not finishGrid: 131st (10:27.4260) - 132nd fastest qualifier,did not finishGrid: 131st (10:27.4260) - 132nd fastest qualifier,not_finished,131,10:27.4260,NA,10:27.4260,https://www.racingsportscars.com/tn/photo/2010/TN_Nurburgring-2010-05-16-105.jpg,https://www.racingsportscars.com/NA,https://www.racingsportscars.com/make/photo/BMW.html,https://www.racingsportscars.com/type/photo/BMW/M3.html,https://www.racingsportscars.com/suffix/photo/BMW/M3/E46.html,https://www.racingsportscars.com/chassis/photo/VLN%2002%20026.html
2010,172,VW Golf V RTDi #RS240952 - VW,NA,D1T,RSR Motorsport,Closed bodywork,Front-engined,Eberhard Rattunde/Wayne Moore (NZ)/Heiner Immig (D)/Maurice O'Reilly (NZ),NA,NA,NA,NA,NA,VW,Golf,V RTDi,#RS240952,Result: did not finishGrid: 161st (10:49.7159) - 162nd fastest qualifier,did not finishGrid: 161st (10:49.7159) - 162nd fastest qualifier,not_finished,161,10:49.7159,NA,10:49.7159,https://www.racingsportscars.com/images/car_no_photo.png,https://www.racingsportscars.com/NA,https://www.racingsportscars.com/make/photo/VW.html,https://www.racingsportscars.com/type/photo/VW/Golf.html,https://www.racingsportscars.com/suffix/photo/VW/Golf/V%20RTDi.html,https://www.racingsportscars.com/chassis/photo/RS240952.html
2010,163,Honda Civic Type-R #SHHFM23206U000678 - Honda,NA,SP3,Rikli Motorsport,-,-,Benjamin Leuenberger (CH)/Christoph Lötscher/Peter Rikli (CH)/Ralph-Peter Rink (D),NA,NA,Pirelli,NA,NA,Honda,Civic,Type-R,#SHHFM23206U000678,Result: did not finishGrid: 128th (10:24.6150) - 129th fastest qualifier,did not finishGrid: 128th (10:24.6150) - 129th fastest qualifier,not_finished,128,10:24.6150,NA,10:24.6150,https://www.racingsportscars.com/images/car_no_photo.png,https://www.racingsportscars.com/NA,https://www.racingsportscars.com/make/photo/Honda.html,https://www.racingsportscars.com/type/photo/Honda/Civic.html,https://www.racingsportscars.com/suffix/photo/Honda/Civic/Type-R.html,https://www.racingsportscars.com/chassis/photo/SHHFM23206U000678.html
2010,145,Mini Cooper - BMW N/A,NA,SP3T,Alpecin Schirra motoring,Closed bodywork,Front-engined,Friedrich von Bohlen (D)/Markus Oestreich (D)/Hans-Martin Gass (D),NA,NA,Michelin,26/10/2020,Thomas Morper,Mini,Cooper,NA,NA,Result: did not finishGrid: 51st (9:29.2000) - 52nd fastest qualifier,did not finishGrid: 51st (9:29.2000) - 52nd fastest qualifier,not_finished,51,9:29.2000,NA,9:29.2000,https://www.racingsportscars.com/tn/photo/2010/TN_Nurburgring-2010-05-16-145.jpg,https://www.racingsportscars.com/NA,https://www.racingsportscars.com/make/photo/Mini.html,https://www.racingsportscars.com/type/photo/Mini/Cooper.html,NA,NA
2010,203,BMW 318 is #WBACA45108FK04609 - BMW,NA,V2,Günter Memminger,-,-,Günter Memminger (D)/Stefan Memminger (D)/Christoph Unterhuber,NA,NA,NA,NA,NA,BMW,318,is,#WBACA45108FK04609,Result: did not finishGrid: 157th (10:42.6121) - 158th fastest qualifier,did not finishGrid: 157th (10:42.6121) - 158th fastest qualifier,not_finished,157,10:42.6121,NA,10:42.6121,https://www.racingsportscars.com/images/car_no_photo.png,https://www.racingsportscars.com/NA,https://www.racingsportscars.com/make/photo/BMW.html,https://www.racingsportscars.com/type/photo/BMW/318.html,https://www.racingsportscars.com/suffix/photo/BMW/318/is.html,https://www.racingsportscars.com/chassis/photo/WBACA45108FK04609.html
2010,67,Aston Martin V8 Vantage N24 #0009 (Prodrive) - Aston Martin V8/90° 4v DOHC N/A,NA,SP10 GT4,Ric Shaw Racing,Closed bodywork,Front-engined,Mark Griffiths (GB)/Stephen Borness (AUS)/Robert Rubis (AUS)/Ric Shaw (AUS),NA,NA,NA,26/10/2020,Thomas Morper,Aston Martin,V8 Vantage,N24,#0009,Result: did not finishGrid: 167th (10:58.0210) - 168th fastest qualifier,did not finishGrid: 167th (10:58.0210) - 168th fastest qualifier,not_finished,167,10:58.0210,NA,10:58.0210,https://www.racingsportscars.com/tn/photo/2010/TN_Nurburgring-2010-05-16-067.jpg,https://www.racingsportscars.com/NA,https://www.racingsportscars.com/make/photo/Aston%20Martin.html,https://www.racingsportscars.com/type/photo/Aston%20Martin/V8%20Vantage.html,https://www.racingsportscars.com/suffix/photo/Aston%20Martin/V8%20Vantage/N24.html,https://www.racingsportscars.com/chassis/photo/0009.html
2010,39,Porsche 997 GT3 Cup #WP0ZZZ99Z8S798209 - Porsche F6 4v DOHC N/A,NA,SP7,MS Speed,Closed bodywork,Rear-engined,Norbert Fischer (D)/Ralf Kelleners (D)/Marco Seefried (D)/Hannes Plesse (D),NA,NA,Yokohama,26/10/2020,Thomas Morper,Porsche,997 GT3 Cup,NA,#WP0ZZZ99Z8S798209,Result: did not finishGrid: 14th (8:42.7630),did not finishGrid: 14th (8:42.7630),not_finished,14,8:42.7630,NA,8:42.7630,https://www.racingsportscars.com/tn/photo/2010/TN_Nurburgring-2010-05-16-039.jpg,https://www.racingsportscars.com/photo/2010/Nurburgring-2010-05-16-039.jpg,https://www.racingsportscars.com/make/photo/Porsche.html,https://www.racingsportscars.com/type/photo/Porsche/997%20GT3%20Cup.html,NA,https://www.racingsportscars.com/chassis/photo/WP0ZZZ99Z8S798209.html
2010,174,VW Golf V - VW,NA,D1T,H & R Spezialfedern,Closed bodywork,Front-engined,Kai Jordan (D)/Martin Zondler/Thomas Schiemann (D)/Maik Pötzl,NA,NA,Yokohama,NA,NA,VW,Golf,V,NA,Result: did not finishGrid: 113th (10:15.7210) - 114th fastest qualifier,did not finishGrid: 113th (10:15.7210) - 114th fastest qualifier,not_finished,113,10:15.7210,NA,10:15.7210,https://www.racingsportscars.com/images/car_no_photo.png,https://www.racingsportscars.com/NA,https://www.racingsportscars.com/make/photo/VW.html,https://www.racingsportscars.com/type/photo/VW/Golf.html,https://www.racingsportscars.com/suffix/photo/VW/Golf/V.html,NA
2010,3,Porsche 997 GT3 R #WP0ZZZ99ZBS799518 - Porsche F6 4v DOHC 3996 cc N/A,NA,SP9 GT3,Wochenspiegel Team Manthey,Closed bodywork,Rear-engined,Georg Weiss (D)/Michael Jacobs (USA)/Peter-Paul Pietsch (D)/Oliver Kainz (D),NA,NA,NA,26/10/2020,Thomas Morper,Porsche,997 GT3 R,NA,#WP0ZZZ99ZBS799518,Result: did not finishGrid: 13th (8:38.5060),did not finishGrid: 13th (8:38.5060),not_finished,13,8:38.5060,NA,8:38.5060,https://www.racingsportscars.com/tn/photo/2010/TN_Nurburgring-2010-05-16-003.jpg,https://www.racingsportscars.com/NA,https://www.racingsportscars.com/make/photo/Porsche.html,https://www.racingsportscars.com/type/photo/Porsche/997%20GT3%20R.html,NA,https://www.racingsportscars.com/chassis/photo/WP0ZZZ99ZBS799518.html
2010,47,Porsche 997 GT3 Cup #WP0ZZZ99ZAS798081 - Porsche F6 4v DOHC N/A,NA,SP7,Porsche Hagen,Closed bodywork,Rear-engined,Wolfgang Kemper (D)/Johannes Kirchhoff (D)/Elmar Grimm (D)/Gustav Edelhoff (D),NA,NA,NA,26/10/2020,Thomas Morper,Porsche,997 GT3 Cup,NA,#WP0ZZZ99ZAS798081,Result: did not finishGrid: 94th (9:59.0620) - 95th fastest qualifier,did not finishGrid: 94th (9:59.0620) - 95th fastest qualifier,not_finished,94,9:59.0620,NA,9:59.0620,https://www.racingsportscars.com/tn/photo/2010/TN_Nurburgring-2010-05-16-047.jpg,https://www.racingsportscars.com/NA,https://www.racingsportscars.com/make/photo/Porsche.html,https://www.racingsportscars.com/type/photo/Porsche/997%20GT3%20Cup.html,NA,https://www.racingsportscars.com/chassis/photo/WP0ZZZ99ZAS798081.html
2010,202,BMW 318 is E36 - BMW,NA,V2,,-,-,Markus Etz/Karl-Heinz Willmann/Reiner Bardenheuer (D)/Klaus Mathy,NA,NA,Michelin,NA,NA,BMW,318,is E36,NA,Result: did not finishGrid: 181st (11:25.7240) - 182nd fastest qualifier,did not finishGrid: 181st (11:25.7240) - 182nd fastest qualifier,not_finished,181,11:25.7240,NA,11:25.7240,https://www.racingsportscars.com/images/car_no_photo.png,https://www.racingsportscars.com/NA,https://www.racingsportscars.com/make/photo/BMW.html,https://www.racingsportscars.com/type/photo/BMW/318.html,https://www.racingsportscars.com/suffix/photo/BMW/318/is%20E36.html,NA
2010,83,BMW M3 E46 WTCC #WAP63933109ME44155 - BMW,NA,SP6,Tschornia Motorsport,Closed bodywork,Front-engined,Hiroyuki Kishimoto (J)/Izumi Yoshida (J)/Kenji Kobayashi (J)/Jürgen Bussmann (D),NA,NA,NA,NA,NA,BMW,M3,E46 WTCC,#WAP63933109ME44155,Result: did not finishGrid: 193rd (11:57.5420) - 194th fastest qualifier,did not finishGrid: 193rd (11:57.5420) - 194th fastest qualifier,not_finished,193,11:57.5420,NA,11:57.5420,https://www.racingsportscars.com/images/car_no_photo.png,https://www.racingsportscars.com/NA,https://www.racingsportscars.com/make/photo/BMW.html,https://www.racingsportscars.com/type/photo/BMW/M3.html,https://www.racingsportscars.com/suffix/photo/BMW/M3/E46%20WTCC.html,https://www.racingsportscars.com/chassis/photo/WAP63933109ME44155.html
2010,111,Audi R8 LMS #AS42A0FGT3090203 - Audi FSI V10/90° 4v DOHC 5205 cc N/A,NA,SP9 GT3,Black Falcon,Closed bodywork,Mid-engined,Vimal Mehta (IND)/Sean Patrick Breslin (IRL)/Michael Ammermüller (D)/Rob Wilson (NZ),NA,NA,Yokohama,26/10/2020,Thomas Morper,Audi,R8 LMS,NA,#AS42A0FGT3090203,Result: did not finishGrid: 22nd (8:47.2540),did not finishGrid: 22nd (8:47.2540),not_finished,22,8:47.2540,NA,8:47.2540,https://www.racingsportscars.com/tn/photo/2010/TN_Nurburgring-2010-05-16-111.jpg,https://www.racingsportscars.com/NA,https://www.racingsportscars.com/make/photo/Audi.html,https://www.racingsportscars.com/type/photo/Audi/R8%20LMS.html,NA,https://www.racingsportscars.com/chassis/photo/AS42A0FGT3090203.html
2010,112,BMW M3 E46 - BMW,NA,SP5,,Closed bodywork,Front-engined,Friedhelm Obermeier (CH)/Friedrich Obermeier (CH)/Reinhold Renger (D)/Kornelius Hoffmann (D),NA,NA,NA,NA,NA,BMW,M3,E46,NA,Result: did not finishGrid: 59th (9:34.9220) - 60th fastest qualifier,did not finishGrid: 59th (9:34.9220) - 60th fastest qualifier,not_finished,59,9:34.9220,NA,9:34.9220,https://www.racingsportscars.com/images/car_no_photo.png,https://www.racingsportscars.com/NA,https://www.racingsportscars.com/make/photo/BMW.html,https://www.racingsportscars.com/type/photo/BMW/M3.html,https://www.racingsportscars.com/suffix/photo/BMW/M3/E46.html,NA
2010,132,Audi TT #LNS-01-08 - Audi,NA,SP3T,Moller Bil Motorsport,Closed bodywork,Mid-engined,Haakon Schjärin (N)/Atle Gulbrandsen (N)/Peter Oberndorfer (D)/Christian Krognes (N),NA,NA,Continental,26/10/2020,Thomas Morper,Audi,TT,NA,#LNS-01-08,Result: did not finishGrid: 70th (9:41.5710) - 71st fastest qualifier,did not finishGrid: 70th (9:41.5710) - 71st fastest qualifier,not_finished,70,9:41.5710,NA,9:41.5710,https://www.racingsportscars.com/tn/photo/2010/TN_Nurburgring-2010-05-16-132.jpg,https://www.racingsportscars.com/NA,https://www.racingsportscars.com/make/photo/Audi.html,https://www.racingsportscars.com/type/photo/Audi/TT.html,NA,https://www.racingsportscars.com/chassis/photo/LNS-01-08.html
2010,81,BMW 330i #1966151 - BMW,NA,SP5,Live-Strip.com Racing,Closed bodywork,Front-engined,Tobias Neuser (D)/Rudi Seher (D)/Olivier Fourcade/Thomas Kappeler (D),NA,NA,NA,NA,NA,BMW,330i,NA,#1966151,Result: did not finishGrid: 68th (9:39.1070) - 69th fastest qualifier,did not finishGrid: 68th (9:39.1070) - 69th fastest qualifier,not_finished,68,9:39.1070,NA,9:39.1070,https://www.racingsportscars.com/images/car_no_photo.png,https://www.racingsportscars.com/NA,https://www.racingsportscars.com/make/photo/BMW.html,https://www.racingsportscars.com/type/photo/BMW/330i.html,NA,https://www.racingsportscars.com/chassis/photo/1966151.html
2010,19,Porsche 997 GT3 Cup #WP0ZZZ99Z7S798205 - Porsche F6 4v DOHC N/A,NA,SP9 GT3,Besaplast Racing Team,Closed bodywork,Rear-engined,Franjo Kovac (HR)/Frank Schmickler (A)/Martin Tschornia (D)/Sebastian Asch (D),NA,NA,NA,26/10/2020,Thomas Morper,Porsche,997 GT3 Cup,NA,#WP0ZZZ99Z7S798205,Result: did not finishGrid: 24th (8:49.3740),did not finishGrid: 24th (8:49.3740),not_finished,24,8:49.3740,NA,8:49.3740,https://www.racingsportscars.com/tn/photo/2010/TN_Nurburgring-2010-05-16-019.jpg,https://www.racingsportscars.com/NA,https://www.racingsportscars.com/make/photo/Porsche.html,https://www.racingsportscars.com/type/photo/Porsche/997%20GT3%20Cup.html,NA,https://www.racingsportscars.com/chassis/photo/WP0ZZZ99Z7S798205.html
2010,71,Audi RS4 B7 #GRS402 (Götz) - Audi,NA,SP8,Götz Motorsport/Kiwi Team Nürburgring,-,-,Andy Booth (NZ)/Alistair Taylor (NZ)/Stuart Owers (NZ)/Lewis Scott (NZ),NA,NA,NA,NA,NA,Audi,RS4,B7,#GRS402,Result: did not finishGrid: 76th (9:46.3260) - 77th fastest qualifier,did not finishGrid: 76th (9:46.3260) - 77th fastest qualifier,not_finished,76,9:46.3260,NA,9:46.3260,https://www.racingsportscars.com/images/car_no_photo.png,https://www.racingsportscars.com/NA,https://www.racingsportscars.com/make/photo/Audi.html,https://www.racingsportscars.com/type/photo/Audi/RS4.html,https://www.racingsportscars.com/suffix/photo/Audi/RS4/B7.html,https://www.racingsportscars.com/chassis/photo/GRS402.html
2010,89,Porsche 997 GT3 #WP0ZZZ99Z1S698099 - Porsche,NA,SP6,Bonk Motorsport,Closed bodywork,Rear-engined,Arvid Steinberg (D)/Fabian Sigward (CH)/Wolf Silvester (D)/Mario Merten (D),NA,NA,NA,26/10/2020,Thomas Morper,Porsche,997 GT3,NA,#WP0ZZZ99Z1S698099,Result: did not finishGrid: 39th (9:12.8370),did not finishGrid: 39th (9:12.8370),not_finished,39,9:12.8370,NA,9:12.8370,https://www.racingsportscars.com/tn/photo/2010/TN_Nurburgring-2010-05-16-089.jpg,https://www.racingsportscars.com/NA,https://www.racingsportscars.com/make/photo/Porsche.html,https://www.racingsportscars.com/type/photo/Porsche/997%20GT3.html,NA,https://www.racingsportscars.com/chassis/photo/WP0ZZZ99Z1S698099.html
2010,143,Mitsubishi Lancer Evo X #TR01/09 - Mitsubishi,NA,SP3T,TIC Racing,-,-,Karsten Quadder (D)/Patrick Bernhardt (D)/Takao Matsui (D)/Michael Bäder,NA,NA,Falken,18/11/2023,FALKEN Motorsport (CC-BY-SA-3.0),Mitsubishi,Lancer,Evo X,#TR01/09,Result: did not finishGrid: 82nd (9:50.8210) - 83rd fastest qualifier,did not finishGrid: 82nd (9:50.8210) - 83rd fastest qualifier,not_finished,82,9:50.8210,NA,9:50.8210,https://www.racingsportscars.com/tn/photo/2010/TN_Nurburgring-2010-05-16-143.jpg,https://www.racingsportscars.com/NA,https://www.racingsportscars.com/make/photo/Mitsubishi.html,https://www.racingsportscars.com/type/photo/Mitsubishi/Lancer.html,https://www.racingsportscars.com/suffix/photo/Mitsubishi/Lancer/Evo%20X.html,https://www.racingsportscars.com/chassis/photo/TR01__09.html
2010,147,Audi TT #20081 - Audi,NA,SP3T,Team Rowe Motorsport,Closed bodywork,Mid-engined,Franz Rohr (D)/Uwe Bleck/Andreas Kast/Michael Zehe (D),NA,NA,NA,26/10/2020,Thomas Morper,Audi,TT,NA,#20081,Result: did not finishGrid: 155th (10:42.1920) - 156th fastest qualifier,did not finishGrid: 155th (10:42.1920) - 156th fastest qualifier,not_finished,155,10:42.1920,NA,10:42.1920,https://www.racingsportscars.com/tn/photo/2010/TN_Nurburgring-2010-05-16-147.jpg,https://www.racingsportscars.com/NA,https://www.racingsportscars.com/make/photo/Audi.html,https://www.racingsportscars.com/type/photo/Audi/TT.html,NA,https://www.racingsportscars.com/chassis/photo/20081.html
2010,228,BMW Z4 #WBADU51040LV31294 - BMW,NA,V5,Automobilclub von Deutschland,-,-,Matthias Unger (D)/Daniel Zils (D)/Guido Wirtz (D)/Tim Scheerbarth (D),NA,NA,NA,NA,NA,BMW,Z4,NA,#WBADU51040LV31294,Result: did not finishGrid: 95th (10:01.3480) - 96th fastest qualifier,did not finishGrid: 95th (10:01.3480) - 96th fastest qualifier,not_finished,95,10:01.3480,NA,10:01.3480,https://www.racingsportscars.com/images/car_no_photo.png,https://www.racingsportscars.com/NA,https://www.racingsportscars.com/make/photo/BMW.html,https://www.racingsportscars.com/type/photo/BMW/Z4.html,NA,https://www.racingsportscars.com/chassis/photo/WBADU51040LV31294.html
2010,65,Porsche Cayman 987 #WP0ZZZ98Z6U774009 - Porsche,NA,SP10 GT4,V de V Sport,-,-,Eric van de Vyver (F)/Daniel Oger (F)/Jean Charles Levy (F)/Thierry Guitton (F),NA,NA,NA,NA,NA,Porsche,Cayman,987,#WP0ZZZ98Z6U774009,Result: did not finishGrid: 160th (10:48.1140) - 161st fastest qualifier,did not finishGrid: 160th (10:48.1140) - 161st fastest qualifier,not_finished,160,10:48.1140,NA,10:48.1140,https://www.racingsportscars.com/images/car_no_photo.png,https://www.racingsportscars.com/NA,https://www.racingsportscars.com/make/photo/Porsche.html,https://www.racingsportscars.com/type/photo/Porsche/Cayman.html,https://www.racingsportscars.com/suffix/photo/Porsche/Cayman/987.html,https://www.racingsportscars.com/chassis/photo/WP0ZZZ98Z6U774009.html
2010,100,Audi R8 LMS #AS42AOFGT3090278 - Audi FSI V10/90° 4v DOHC 5205 cc N/A,NA,SP9 GT3,Team Abt Sportsline,Closed bodywork,Mid-engined,Mattias Ekström (S)/Oliver Jarvis (GB)/Timo Scheider (D)/Marco Werner (D),NA,NA,Michelin,26/10/2020,Thomas Morper,Audi,R8 LMS,NA,#AS42AOFGT3090278,Result: did not finishGrid: 1st (8:24.7530),did not finishGrid: 1st (8:24.7530),not_finished,1,8:24.7530,NA,8:24.7530,https://www.racingsportscars.com/tn/photo/2010/TN_Nurburgring-2010-05-16-100.jpg,https://www.racingsportscars.com/NA,https://www.racingsportscars.com/make/photo/Audi.html,https://www.racingsportscars.com/type/photo/Audi/R8%20LMS.html,NA,https://www.racingsportscars.com/chassis/photo/AS42AOFGT3090278.html
2010,1,Porsche 997 GT3 R #WP0ZZZ99ZBS799514 - Porsche F6 4v DOHC 3996 cc N/A,NA,SP9 GT3,Manthey Racing (D),Closed bodywork,Rear-engined,Marc Lieb (D)/Timo Bernhard (D)/Romain Dumas (F)/Marcel Tiemann (D),NA,NA,Michelin,26/10/2020,Thomas Morper,Porsche,997 GT3 R,NA,#WP0ZZZ99ZBS799514,Result: did not finishGrid: 7th (8:30.3230),did not finishGrid: 7th (8:30.3230),not_finished,7,8:30.3230,NA,8:30.3230,https://www.racingsportscars.com/tn/photo/2010/TN_Nurburgring-2010-05-16-001.jpg,https://www.racingsportscars.com/NA,https://www.racingsportscars.com/make/photo/Porsche.html,https://www.racingsportscars.com/type/photo/Porsche/997%20GT3%20R.html,NA,https://www.racingsportscars.com/chassis/photo/WP0ZZZ99ZBS799514.html
2010,98,Audi R8 LMS #AS42AOFGT3090272 - Audi FSI V10/90° 4v DOHC 5205 cc N/A,NA,SP9 GT3,Phoenix Racing GmbH,Closed bodywork,Mid-engined,Hans-Joachim Stuck (D)Marc Basseng (D)/Mike Rockenfeller (D)/Frank Stippler (D),NA,NA,Michelin,26/10/2020,Thomas Morper,Audi,R8 LMS,NA,#AS42AOFGT3090272,Result: did not finishGrid: 2nd (8:25.5680),did not finishGrid: 2nd (8:25.5680),not_finished,2,8:25.5680,NA,8:25.5680,https://www.racingsportscars.com/tn/photo/2010/TN_Nurburgring-2010-05-16-098.jpg,https://www.racingsportscars.com/NA,https://www.racingsportscars.com/make/photo/Audi.html,https://www.racingsportscars.com/type/photo/Audi/R8%20LMS.html,NA,https://www.racingsportscars.com/chassis/photo/AS42A0FGT3090272.html
2010,110,BMW M3 E46 #WBSBF99070EA40072-71 - BMW,NA,SP5,AvD / Lingmann Motorsport,Closed bodywork,Front-engined,Ulli Packeisen (D)/Patrick Trucco (F)/Hubert Nacken (D),NA,NA,NA,NA,NA,BMW,M3,E46,#WBSBF99070EA40072-71,Result: did not finishGrid: 120th (10:20.0190) - 121st fastest qualifier,did not finishGrid: 120th (10:20.0190) - 121st fastest qualifier,not_finished,120,10:20.0190,NA,10:20.0190,https://www.racingsportscars.com/images/car_no_photo.png,https://www.racingsportscars.com/NA,https://www.racingsportscars.com/make/photo/BMW.html,https://www.racingsportscars.com/type/photo/BMW/M3.html,https://www.racingsportscars.com/suffix/photo/BMW/M3/E46.html,https://www.racingsportscars.com/chassis/photo/WBSBF99070EA40072-71.html
2010,123,Seat León Supercopa Mk II #XMK2 024 - Seat,NA,SP3T,Powerracing,-,-,Josef Backus Hermann/Kim Hauschild (D)/Frank Borkowsky/Sebastian Holl,NA,NA,NA,NA,NA,Seat,León,Supercopa Mk II,#XMK2 024,Result: did not finishGrid: 87th (9:54.4280) - 88th fastest qualifier,did not finishGrid: 87th (9:54.4280) - 88th fastest qualifier,not_finished,87,9:54.4280,NA,9:54.4280,https://www.racingsportscars.com/images/car_no_photo.png,https://www.racingsportscars.com/NA,https://www.racingsportscars.com/make/photo/Seat.html,https://www.racingsportscars.com/type/photo/Seat/Le%c3%b3n.html,https://www.racingsportscars.com/suffix/photo/Seat/Le%c3%b3n/Supercopa%20Mk%20II.html,https://www.racingsportscars.com/chassis/photo/XMK2%20024.html
2010,15,Porsche 997 GT3 Cup - Porsche F6 4v DOHC N/A,NA,SP7,Team Parker Racing LTD.,Closed bodywork,Rear-engined,Chris Copper (GB)/Guy Spurr (GB)/Barry Horne (GB)/Daniel Cooke (D),NA,NA,NA,26/10/2020,Thomas Morper,Porsche,997 GT3 Cup,NA,NA,Result: did not finishGrid: 33rd (9:07.9160),did not finishGrid: 33rd (9:07.9160),not_finished,33,9:07.9160,NA,9:07.9160,https://www.racingsportscars.com/tn/photo/2010/TN_Nurburgring-2010-05-16-015.jpg,https://www.racingsportscars.com/NA,https://www.racingsportscars.com/make/photo/Porsche.html,https://www.racingsportscars.com/type/photo/Porsche/997%20GT3%20Cup.html,NA,NA
2010,45,Porsche 997 GT3 RSR #WP0ZZZ99Z5S7210 - Porsche F6 4v DOHC N/A,NA,SP7,Destree Racing,Closed bodywork,Rear-engined,Kersten Jodexnis (D)/Wolfgang Destree (D)/Norbert Pauels (D)/Matthias Teich (D),NA,NA,NA,26/10/2020,Thomas Morper,Porsche,997 GT3 RSR,NA,#WP0ZZZ99Z5S7210,Result: did not finishGrid: 43rd (9:17.5410) - 44th fastest qualifier,did not finishGrid: 43rd (9:17.5410) - 44th fastest qualifier,not_finished,43,9:17.5410,NA,9:17.5410,https://www.racingsportscars.com/tn/photo/2010/TN_Nurburgring-2010-05-16-045.jpg,https://www.racingsportscars.com/NA,https://www.racingsportscars.com/make/photo/Porsche.html,https://www.racingsportscars.com/type/photo/Porsche/997%20GT3%20RSR.html,NA,https://www.racingsportscars.com/chassis/photo/WP0ZZZ99Z5S7210.html
2010,12,Porsche 997 GT3 R #WP0ZZZ99ZBS799515 - Porsche F6 4v DOHC 3996 cc N/A,NA,SP9 GT3,Mamerow Racing,Closed bodywork,Rear-engined,Chris Mamerow (D)/Wolf Henzler (D)/Jörg Hardt (D),NA,NA,Michelin,26/10/2020,Thomas Morper,Porsche,997 GT3 R,NA,#WP0ZZZ99ZBS799515,Result: did not finishGrid: 6th (8:29.7790),did not finishGrid: 6th (8:29.7790),not_finished,6,8:29.7790,NA,8:29.7790,https://www.racingsportscars.com/tn/photo/2010/TN_Nurburgring-2010-05-16-012.jpg,https://www.racingsportscars.com/NA,https://www.racingsportscars.com/make/photo/Porsche.html,https://www.racingsportscars.com/type/photo/Porsche/997%20GT3%20R.html,NA,https://www.racingsportscars.com/chassis/photo/WP0ZZZ99ZBS799515.html
2010,114,Lotus Exige Cup #SCCPA1175HC85007,NA,SP3T,Stratton Motor Company,-,Mid-engined,Matt Cummings/Roger Green (GB)/Gavan Kershaw (GB),NA,NA,Dunlop,26/10/2020,Thomas Morper,Lotus,Exige,Cup,#SCCPA1175HC85007,Result: did not finishGrid: 99th (10:05.5120) - 100th fastest qualifier,did not finishGrid: 99th (10:05.5120) - 100th fastest qualifier,not_finished,99,10:05.5120,NA,10:05.5120,https://www.racingsportscars.com/tn/photo/2010/TN_Nurburgring-2010-05-16-114.jpg,https://www.racingsportscars.com/NA,https://www.racingsportscars.com/make/photo/Lotus.html,https://www.racingsportscars.com/type/photo/Lotus/Exige.html,https://www.racingsportscars.com/suffix/photo/Lotus/Exige/Cup.html,https://www.racingsportscars.com/chassis/photo/SCCPA1175HC85007.html
2010,179,BMW 320d #E90-801 - BMW,NA,D1T,Marcos Racing International,Closed bodywork,Front-engined,Hal Prewitt (USA)/Toto Lassally (ES)/Cor Euser (NL)/Raymond Coronel (NL),NA,NA,Michelin,22/02/2025,Gijs Bunschoten AutoSportCards.nl,BMW,320d,NA,#E90-801,Result: did not finishGrid: 80th (9:48.3080) - 81st fastest qualifier,did not finishGrid: 80th (9:48.3080) - 81st fastest qualifier,not_finished,80,9:48.3080,NA,9:48.3080,https://www.racingsportscars.com/tn/photo/2010/TN_Nurburgring-2010-05-16-179.jpg,https://www.racingsportscars.com/NA,https://www.racingsportscars.com/make/photo/BMW.html,https://www.racingsportscars.com/type/photo/BMW/320d.html,NA,https://www.racingsportscars.com/chassis/photo/E90-801.html
2010,22,Dodge Viper Competition Coupe #VCC C117 (Roush) - Dodge V10/90° 2v OHV 8284 cc N/A,NA,SP9 GT3,Vulkan Racing-Mintgen Motorsport (D),Closed bodywork,Front-engined,Dirk Riebensahm (D)/Christian Kohlhaas (D)/Christopher Brück (D)/Wolfgang Kaufmann (D),NA,NA,NA,NA,NA,Dodge,Viper,Competition Coupe,#VCC C117,Result: did not finishGrid: 16th (8:43.4410),did not finishGrid: 16th (8:43.4410),not_finished,16,8:43.4410,NA,8:43.4410,https://www.racingsportscars.com/images/car_no_photo.png,https://www.racingsportscars.com/NA,https://www.racingsportscars.com/make/photo/Dodge.html,https://www.racingsportscars.com/type/photo/Dodge/Viper.html,https://www.racingsportscars.com/suffix/photo/Dodge/Viper/Competition%20Coupe.html,https://www.racingsportscars.com/chassis/photo/VCC%20C117.html
2010,171,BMW E90 2 - BMW,NA,V4,Black Falcon,-,-,Maik Rosenberg (D)/Jürgen Dinstühler (D)/Emin Akata (D)/Ralf Willems (GB),NA,NA,NA,NA,NA,BMW,E90,2,NA,Result: did not finishGrid: 125th (10:23.3710) - 126th fastest qualifier,did not finishGrid: 125th (10:23.3710) - 126th fastest qualifier,not_finished,125,10:23.3710,NA,10:23.3710,https://www.racingsportscars.com/images/car_no_photo.png,https://www.racingsportscars.com/NA,https://www.racingsportscars.com/make/photo/BMW.html,https://www.racingsportscars.com/type/photo/BMW/E90.html,https://www.racingsportscars.com/suffix/photo/BMW/E90/2.html,NA
2010,124,Seat León Supercopa Mk II #XMK2 107 - Seat,NA,SP3T,Powerracing,-,-,Nicole Müllenmeister/Nils Berger (FL)/Daniel Dupont (F)/Tomislav Bodrozic,NA,NA,NA,NA,NA,Seat,León,Supercopa Mk II,#XMK2 107,Result: did not finishGrid: 71st (9:41.9640) - 72nd fastest qualifier,did not finishGrid: 71st (9:41.9640) - 72nd fastest qualifier,not_finished,71,9:41.9640,NA,9:41.9640,https://www.racingsportscars.com/images/car_no_photo.png,https://www.racingsportscars.com/NA,https://www.racingsportscars.com/make/photo/Seat.html,https://www.racingsportscars.com/type/photo/Seat/Le%c3%b3n.html,https://www.racingsportscars.com/suffix/photo/Seat/Le%c3%b3n/Supercopa%20Mk%20II.html,https://www.racingsportscars.com/chassis/photo/XMK2%20107.html
2010,46,Porsche 997 GT3 Cup #WP0ZZZ99Z7S799124 - Porsche F6 4v DOHC N/A,NA,SP7,Lammertink Racing,Closed bodywork,Rear-engined,Tom Coronel (NL)/Duncan Huisman (NL)/Yasushi Kikuchi (J),NA,NA,NA,NA,NA,Porsche,997 GT3 Cup,NA,#WP0ZZZ99Z7S799124,Result: did not finishGrid: 30th (9:07.1860),did not finishGrid: 30th (9:07.1860),not_finished,30,9:07.1860,NA,9:07.1860,https://www.racingsportscars.com/images/car_no_photo.png,https://www.racingsportscars.com/NA,https://www.racingsportscars.com/make/photo/Porsche.html,https://www.racingsportscars.com/type/photo/Porsche/997%20GT3%20Cup.html,NA,https://www.racingsportscars.com/chassis/photo/WP0ZZZ99Z7S799124.html
2010,149,Mitsubishi Lancer CTO #JMBSMLI9A59U000559 - Mitsubishi,NA,SP3T,Bliss Autosport,-,-,Michael Kraus/Oliver Bliss (D)/Bernd Albrecht (D)/Jörg Kurowski,NA,NA,NA,NA,NA,Mitsubishi,Lancer,CTO,#JMBSMLI9A59U000559,Result: did not finishGrid: 112th (10:15.4900) - 113th fastest qualifier,did not finishGrid: 112th (10:15.4900) - 113th fastest qualifier,not_finished,112,10:15.4900,NA,10:15.4900,https://www.racingsportscars.com/images/car_no_photo.png,https://www.racingsportscars.com/NA,https://www.racingsportscars.com/make/photo/Mitsubishi.html,https://www.racingsportscars.com/type/photo/Mitsubishi/Lancer.html,https://www.racingsportscars.com/suffix/photo/Mitsubishi/Lancer/CTO.html,https://www.racingsportscars.com/chassis/photo/JMBSMLI9A59U000559.html
2010,144,Mini Cooper S #SM0109 - BMW N/A,NA,SP3T,Alpecin Schirra motoring,Closed bodywork,Front-engined,Friedrich von Bohlen (D)/Nico Bastian (D)/Martin Heidrich (D)/Andres Serrano (EC),NA,NA,Michelin,26/10/2020,Thomas Morper,Mini,Cooper,S,#SM0109,Result: did not finishGrid: 92nd (9:56.1010) - 93rd fastest qualifier,did not finishGrid: 92nd (9:56.1010) - 93rd fastest qualifier,not_finished,92,9:56.1010,NA,9:56.1010,https://www.racingsportscars.com/tn/photo/2010/TN_Nurburgring-2010-05-16-144.jpg,https://www.racingsportscars.com/NA,https://www.racingsportscars.com/make/photo/Mini.html,https://www.racingsportscars.com/type/photo/Mini/Cooper.html,https://www.racingsportscars.com/suffix/photo/Mini/Cooper/S.html,https://www.racingsportscars.com/chassis/photo/SM0109.html
2010,27,Porsche 997 GT3 Cup #WP0ZZZ99Z8S798220 - Porsche F6 4v DOHC N/A,NA,SP9 GT3,Scuderia Offenbach e.V.,Closed bodywork,Rear-engined,Andreas Weiland (D)/Barton Mawer (AUS)/Maher Algadrie (AUS)/Tim Macrow (AUS),NA,NA,NA,26/10/2020,Thomas Morper,Porsche,997 GT3 Cup,NA,#WP0ZZZ99Z8S798220,Result: did not finishGrid: 57th (9:33.7620) - 58th fastest qualifier,did not finishGrid: 57th (9:33.7620) - 58th fastest qualifier,not_finished,57,9:33.7620,NA,9:33.7620,https://www.racingsportscars.com/tn/photo/2010/TN_Nurburgring-2010-05-16-027.jpg,https://www.racingsportscars.com/photo/2010/Nurburgring-2010-05-16-027.jpg,https://www.racingsportscars.com/make/photo/Porsche.html,https://www.racingsportscars.com/type/photo/Porsche/997%20GT3%20Cup.html,NA,https://www.racingsportscars.com/chassis/photo/WP0ZZZ99Z8S798220.html
2010,36,Porsche 997 GT3 Cup S #WP0ZZZ99Z7S798005 - Porsche F6 4v DOHC N/A,NA,SP9 GT3,Mamerow Racing,Closed bodywork,Rear-engined,Frank Kräling (D)/Marc Gindorf (D)/Peter Scharmach (D)/Arnaud Peyroles (F),NA,NA,NA,26/10/2020,Thomas Morper,Porsche,997 GT3 Cup,S,#WP0ZZZ99Z7S798005,Result: did not finishGrid: 27th (8:52.9110),did not finishGrid: 27th (8:52.9110),not_finished,27,8:52.9110,NA,8:52.9110,https://www.racingsportscars.com/tn/photo/2010/TN_Nurburgring-2010-05-16-036.jpg,https://www.racingsportscars.com/photo/2010/Nurburgring-2010-05-16-036.jpg,https://www.racingsportscars.com/make/photo/Porsche.html,https://www.racingsportscars.com/type/photo/Porsche/997%20GT3%20Cup.html,https://www.racingsportscars.com/suffix/photo/Porsche/997%20GT3%20Cup/S.html,https://www.racingsportscars.com/chassis/photo/WP0ZZZ99Z7S798005.html
2010,109,BMW M3 E46 #9190626 - BMW,NA,SP5,MSC Rhön e.V. i. AvD,Closed bodywork,Front-engined,Wolfgang Kudrass (D)/Alexander Schula (D)/Christian Leitheuser (D)/Daniel Keilwitz (D),NA,NA,NA,26/10/2020,Thomas Morper,BMW,M3,E46,#9190626,Result: did not finishGrid: 54th (9:32.6820) - 55th fastest qualifier,did not finishGrid: 54th (9:32.6820) - 55th fastest qualifier,not_finished,54,9:32.6820,NA,9:32.6820,https://www.racingsportscars.com/tn/photo/2010/TN_Nurburgring-2010-05-16-109.jpg,https://www.racingsportscars.com/NA,https://www.racingsportscars.com/make/photo/BMW.html,https://www.racingsportscars.com/type/photo/BMW/M3.html,https://www.racingsportscars.com/suffix/photo/BMW/M3/E46.html,https://www.racingsportscars.com/chassis/photo/9190626.html
2010,177,BMW 120d #16-16/67-S009 - BMW,NA,D1T,BMW Team Hungary,-,-,Laszlo Palik (H)/Janos Vida/Csaba Walter (H)/Gábor Wéber,NA,NA,Dunlop,26/10/2020,Thomas Morper,BMW,120d,NA,#16-16/67-S009,Result: did not finishGrid: 75th (9:44.5890) - 76th fastest qualifier,did not finishGrid: 75th (9:44.5890) - 76th fastest qualifier,not_finished,75,9:44.5890,NA,9:44.5890,https://www.racingsportscars.com/tn/photo/2010/TN_Nurburgring-2010-05-16-177.jpg,https://www.racingsportscars.com/NA,https://www.racingsportscars.com/make/photo/BMW.html,https://www.racingsportscars.com/type/photo/BMW/120d.html,NA,https://www.racingsportscars.com/chassis/photo/16-16__67-S009.html
2010,77,BMW Z4 E89 GT3 #1003 - BMW V8/90° 4v DOHC N/A,NA,SP9 GT3,Schubert Motorsport,Closed bodywork,Front-engined,Claudia Hürtgen (D)/Stian Sörlie (N)/Jörg Viebahn (D)/Richard Göransson (S),NA,NA,Dunlop,NA,NA,BMW,Z4,E89 GT3,#1003,Result: did not finishGrid: 15th (8:43.0000),did not finishGrid: 15th (8:43.0000),not_finished,15,8:43.0000,NA,8:43.0000,https://www.racingsportscars.com/images/car_no_photo.png,https://www.racingsportscars.com/NA,https://www.racingsportscars.com/make/photo/BMW.html,https://www.racingsportscars.com/type/photo/BMW/Z4.html,https://www.racingsportscars.com/suffix/photo/BMW/Z4/E89%20GT3.html,https://www.racingsportscars.com/chassis/photo/E89Z4%201003.html
2010,131,Mercedes-Benz 190 E Evo 2 #WDB2010361F606674 - Mercedes-Benz N/A,NA,SP4,Team Stadler,Closed bodywork,Front-engined,Thorsten Stadler (D)/Sebastian Sauerbrei (D)/Ernst Sinowzik/Lutz Wolzenburg,NA,NA,NA,26/10/2020,Thomas Morper,Mercedes-Benz,190 E,Evo 2,#WDB2010361F606674,Result: did not finishGrid: 133rd (10:29.2250) - 134th fastest qualifier,did not finishGrid: 133rd (10:29.2250) - 134th fastest qualifier,not_finished,133,10:29.2250,NA,10:29.2250,https://www.racingsportscars.com/tn/photo/2010/TN_Nurburgring-2010-05-16-131.jpg,https://www.racingsportscars.com/NA,https://www.racingsportscars.com/make/photo/Mercedes-Benz.html,https://www.racingsportscars.com/type/photo/Mercedes-Benz/190%20E.html,https://www.racingsportscars.com/suffix/photo/Mercedes-Benz/190%20E/Evo%202.html,https://www.racingsportscars.com/chassis/photo/WDB2010361F606674.html
2010,160,Opel Manta B2 #WOL000058G6124929 - Opel,NA,SP3,Kissling Motorsport (D),Closed bodywork,Front-engined,Olaf Beckmann (D)/Volker Strycek (D)/Peter Hass (D)/Bernhard Schmittner,NA,NA,Yokohama,26/10/2020,Thomas Morper,Opel,Manta,B2,#WOL000058G6124929,Result: did not finishGrid: 101st (10:08.2440) - 102nd fastest qualifier,did not finishGrid: 101st (10:08.2440) - 102nd fastest qualifier,not_finished,101,10:08.2440,NA,10:08.2440,https://www.racingsportscars.com/tn/photo/2010/TN_Nurburgring-2010-05-16-160.jpg,https://www.racingsportscars.com/NA,https://www.racingsportscars.com/make/photo/Opel.html,https://www.racingsportscars.com/type/photo/Opel/Manta.html,https://www.racingsportscars.com/suffix/photo/Opel/Manta/B2.html,https://www.racingsportscars.com/chassis/photo/WOL000058G6124929.html
2010,121,Seat León Supercopa Mk II #XMK2 051 - Seat,NA,SP3T,MSC Adenau,-,-,Marc Viebahn/Klaus Bauer (CH)/Peter Friedrichs/Stephan Herter (D),NA,NA,NA,NA,NA,Seat,León,Supercopa Mk II,#XMK2 051,Result: did not finishGrid: 117th (10:18.8590) - 118th fastest qualifier,did not finishGrid: 117th (10:18.8590) - 118th fastest qualifier,not_finished,117,10:18.8590,NA,10:18.8590,https://www.racingsportscars.com/images/car_no_photo.png,https://www.racingsportscars.com/NA,https://www.racingsportscars.com/make/photo/Seat.html,https://www.racingsportscars.com/type/photo/Seat/Le%c3%b3n.html,https://www.racingsportscars.com/suffix/photo/Seat/Le%c3%b3n/Supercopa%20Mk%20II.html,https://www.racingsportscars.com/chassis/photo/XMK2%20051.html
2010,186,Alfa Romeo 156 #ZAR93200000075294 - Alfa Romeo,NA,D2T,Amici Ivo Salvador,-,-,Jürg Hügli (CH)/Alfredo Saligari (CH)/Ivo Salvadori,NA,NA,NA,NA,NA,Alfa Romeo,156,NA,#ZAR93200000075294,Result: did not finishGrid: 177th (11:19.9800) - 178th fastest qualifier,did not finishGrid: 177th (11:19.9800) - 178th fastest qualifier,not_finished,177,11:19.9800,NA,11:19.9800,https://www.racingsportscars.com/images/car_no_photo.png,https://www.racingsportscars.com/NA,https://www.racingsportscars.com/make/photo/Alfa%20Romeo.html,https://www.racingsportscars.com/type/photo/Alfa%20Romeo/156.html,NA,https://www.racingsportscars.com/chassis/photo/ZAR93200000075294.html
2010,108,BMW 130i - BMW N/A,NA,SP5,,-,Front-engined,Rob Thomson/Richard Shillington/Angus Kirkwood (GB)/Matthew McFadden (USA),NA,NA,Dunlop,NA,NA,BMW,130i,NA,NA,Result: did not finishGrid: 190th (11:44.2780) - 191st fastest qualifier,did not finishGrid: 190th (11:44.2780) - 191st fastest qualifier,not_finished,190,11:44.2780,NA,11:44.2780,https://www.racingsportscars.com/images/car_no_photo.png,https://www.racingsportscars.com/NA,https://www.racingsportscars.com/make/photo/BMW.html,https://www.racingsportscars.com/type/photo/BMW/130i.html,NA,NA
2010,57,BMW M3 E92 GTRS #WBSWD91060P304600 - BMW,NA,SP7,Team Schirmer,Closed bodywork,Front-engined,Heribert Steiner (D)/Damien Flack (AUS)/José Balbiani (RA)/Andrzej Dzikevic (LIT),NA,NA,NA,NA,NA,BMW,M3,E92 GTRS,#WBSWD91060P304600,Result: did not finishGrid: 47th (9:21.7110) - 48th fastest qualifier,did not finishGrid: 47th (9:21.7110) - 48th fastest qualifier,not_finished,47,9:21.7110,NA,9:21.7110,https://www.racingsportscars.com/images/car_no_photo.png,https://www.racingsportscars.com/NA,https://www.racingsportscars.com/make/photo/BMW.html,https://www.racingsportscars.com/type/photo/BMW/M3.html,https://www.racingsportscars.com/suffix/photo/BMW/M3/E92%20GTRS.html,https://www.racingsportscars.com/chassis/photo/WBSWD91060P304600.html
2010,104,Lotus Exige Cup #200702 (Red Motorsport),NA,SP3T,Red Motorsport,-,Mid-engined,Tom Schwister/Daniel Schwerfeld (D)/Michael Podlogar/Mola Adebisi,Evonik,White,Kumho,NA,NA,Lotus,Exige,Cup,#200702,Result: car not used,car not used,other,NA,NA,NA,NA,https://www.racingsportscars.com/images/car_no_photo.png,https://www.racingsportscars.com/NA,https://www.racingsportscars.com/make/photo/Lotus.html,https://www.racingsportscars.com/type/photo/Lotus/Exige.html,https://www.racingsportscars.com/suffix/photo/Lotus/Exige/Cup.html,https://www.racingsportscars.com/chassis/photo/200702.html
