year,number,car_title,result,group,entrant,bodywork,engine,drivers,sponsor,colour,tyre,updated,contributor,make,model,suffix,chassis,result_raw,result_txt,result_status,grid,grid_time,finish_gap,dnf_reason,thumb_url,photo_url,make_url,model_url,suffix_url,chassis_url
2013,9,Mercedes-Benz SLS AMG GT3 - Mercedes-Benz M159 V8/90° 4v DOHC 6208 cc N/A,1,SP9 GT3,Black Falcon,Closed bodywork,Front-engined,Bernd Schneider (D)/Nicki Thiim (DK)/Jeroen Bleekemolen (NL)/Sean Edwards (GB),NA,NA,NA,13/07/2018,Thomas Morper,Mercedes-Benz,SLS AMG,GT3,NA,Result: winner - (92.701 kph) - margin: 2m39s781Grid: 6th (8:20.3200),winner - (92.701 kph) - margin: 2m39s781Grid: 6th (8:20.3200),finished,6,8:20.3200,92.701 kph,NA,https://www.racingsportscars.com/tn/photo/2013/TN_Nurburgring-2013-05-20-009.jpg,https://www.racingsportscars.com/photo/2013/Nurburgring-2013-05-20-009.jpg,https://www.racingsportscars.com/make/photo/Mercedes-Benz.html,https://www.racingsportscars.com/type/photo/Mercedes-Benz/SLS%20AMG.html,https://www.racingsportscars.com/suffix/photo/Mercedes-Benz/SLS%20AMG/GT3.html,NA
2013,25,BMW Z4 E89 GT3 - BMW P65 V8/90° 4v DOHC 4361 cc N/A,2,SP9 GT3,BMW Sports Trophy Team Marc VDS,Closed bodywork,Front-engined,Yelmer Buurman (NL)Maxime Martin (B)/Andrea Piccini (I)/Richard Göransson (S),NA,NA,NA,13/07/2018,Thomas Morper,BMW,Z4,E89 GT3,NA,Result: 2nd (2m39s781 behind the winner)Grid: 7th (8:21.0070),2nd (2m39s781 behind the winner)Grid: 7th (8:21.0070),finished,7,8:21.0070,2m39s781 behind the winner,NA,https://www.racingsportscars.com/tn/photo/2013/TN_Nurburgring-2013-05-20-025.jpg,https://www.racingsportscars.com/photo/2013/Nurburgring-2013-05-20-025.jpg,https://www.racingsportscars.com/make/photo/BMW.html,https://www.racingsportscars.com/type/photo/BMW/Z4.html,https://www.racingsportscars.com/suffix/photo/BMW/Z4/E89%20GT3.html,NA
2013,22,Mercedes-Benz SLS AMG GT3 - Mercedes-Benz M159 V8/90° 4v DOHC 6208 cc N/A,3,SP9 GT3,Rowe Racing (D),Closed bodywork,Front-engined,Klaus Graf (D)/Thomas Jäger (D)/Jan Seyffarth (D)/Nico Bastian (D),NA,NA,NA,13/07/2018,Thomas Morper,Mercedes-Benz,SLS AMG,GT3,NA,Result: 3rd (1 lap behind the winner)Grid: 12th (8:22.2690),3rd (1 lap behind the winner)Grid: 12th (8:22.2690),finished,12,8:22.2690,1 lap behind the winner,NA,https://www.racingsportscars.com/tn/photo/2013/TN_Nurburgring-2013-05-20-022.jpg,https://www.racingsportscars.com/photo/2013/Nurburgring-2013-05-20-022.jpg,https://www.racingsportscars.com/make/photo/Mercedes-Benz.html,https://www.racingsportscars.com/type/photo/Mercedes-Benz/SLS%20AMG.html,https://www.racingsportscars.com/suffix/photo/Mercedes-Benz/SLS%20AMG/GT3.html,NA
2013,23,Mercedes-Benz SLS AMG GT3 - Mercedes-Benz M159 V8/90° 4v DOHC 6208 cc N/A,4,SP9 GT3,Rowe Racing (D),Closed bodywork,Front-engined,Lance Arnold (D)/Alex Roloff (D)/Thomas Jäger (D)/Jan Seyffarth (D),NA,NA,NA,13/07/2018,Thomas Morper,Mercedes-Benz,SLS AMG,GT3,NA,Result: 4th (1 lap behind the winner)Grid: 14th (8:22.8420),4th (1 lap behind the winner)Grid: 14th (8:22.8420),finished,14,8:22.8420,1 lap behind the winner,NA,https://www.racingsportscars.com/tn/photo/2013/TN_Nurburgring-2013-05-20-023.jpg,https://www.racingsportscars.com/photo/2013/Nurburgring-2013-05-20-023.jpg,https://www.racingsportscars.com/make/photo/Mercedes-Benz.html,https://www.racingsportscars.com/type/photo/Mercedes-Benz/SLS%20AMG.html,https://www.racingsportscars.com/suffix/photo/Mercedes-Benz/SLS%20AMG/GT3.html,NA
2013,1,Audi R8 LMS ultra - Audi FSI V10/90° 4v DOHC 5205 cc N/A,5,SP9 GT3,G-Drive Racing by Phoenix,Closed bodywork,Mid-engined,Frank Stippler (D)Mike Rockenfeller (D)/Marcel Fässler (CH)/Markus Winkelhock (D),NA,NA,NA,13/07/2018,Thomas Morper,Audi,R8 LMS,ultra,NA,Result: 5th (1 lap behind the winner)Grid: 5th (8:20.0250),5th (1 lap behind the winner)Grid: 5th (8:20.0250),finished,5,8:20.0250,1 lap behind the winner,NA,https://www.racingsportscars.com/tn/photo/2013/TN_Nurburgring-2013-05-20-001.jpg,https://www.racingsportscars.com/photo/2013/Nurburgring-2013-05-20-001.jpg,https://www.racingsportscars.com/make/photo/Audi.html,https://www.racingsportscars.com/type/photo/Audi/R8%20LMS.html,https://www.racingsportscars.com/suffix/photo/Audi/R8%20LMS/ultra.html,NA
2013,20,BMW Z4 E89 GT3 - BMW P65 V8/90° 4v DOHC 4361 cc N/A,6,SP9 GT3,BMW Team Schubert,Closed bodywork,Front-engined,Dirk Adorf (D)/Claudia Hürtgen (D)/Jens Klingmann (D)/Martin Tomczyk (D),NA,NA,NA,13/07/2018,Thomas Morper,BMW,Z4,E89 GT3,NA,Result: 6th (1 lap behind the winner)Grid: 8th (8:21.0360),6th (1 lap behind the winner)Grid: 8th (8:21.0360),finished,8,8:21.0360,1 lap behind the winner,NA,https://www.racingsportscars.com/tn/photo/2013/TN_Nurburgring-2013-05-20-020.jpg,https://www.racingsportscars.com/photo/2013/Nurburgring-2013-05-20-020.jpg,https://www.racingsportscars.com/make/photo/BMW.html,https://www.racingsportscars.com/type/photo/BMW/Z4.html,https://www.racingsportscars.com/suffix/photo/BMW/Z4/E89%20GT3.html,NA
2013,18,Porsche 997 GT3 RSR #WP0ZZZ99ZCS799918 - Porsche F6 4v DOHC N/A,7,SP7,Manthey Racing (D),Closed bodywork,Rear-engined,Marc Lieb (D)/Romain Dumas (F)/Lucas Luhr (D)/Timo Bernhard (D),NA,NA,NA,13/07/2018,Thomas Morper,Porsche,997 GT3 RSR,NA,#WP0ZZZ99ZCS799918,Result: 7th 1st in SP7 (1 lap behind the winner)Grid: 19th (8:23.9900),7th 1st in SP7 (1 lap behind the winner)Grid: 19th (8:23.9900),finished,19,8:23.9900,1 lap behind the winner,NA,https://www.racingsportscars.com/tn/photo/2013/TN_Nurburgring-2013-05-20-018.jpg,https://www.racingsportscars.com/photo/2013/Nurburgring-2013-05-20-018.jpg,https://www.racingsportscars.com/make/photo/Porsche.html,https://www.racingsportscars.com/type/photo/Porsche/997%20GT3%20RSR.html,NA,https://www.racingsportscars.com/chassis/photo/WP0ZZZ99ZCS799918.html
2013,4,Audi R8 LMS ultra - Audi FSI V10/90° 4v DOHC 5205 cc N/A,8,SP9 GT3,Phoenix Racing,Closed bodywork,Mid-engined,Frank Stippler (D)Michael Ammermüller (D)/Ferdinand Stuck (A)/Johannes Stuck (A),NA,NA,NA,13/07/2018,Thomas Morper,Audi,R8 LMS,ultra,NA,Result: 8th (2 laps behind the winner)Grid: 1st (8:17.2120),8th (2 laps behind the winner)Grid: 1st (8:17.2120),finished,1,8:17.2120,2 laps behind the winner,NA,https://www.racingsportscars.com/tn/photo/2013/TN_Nurburgring-2013-05-20-004.jpg,https://www.racingsportscars.com/photo/2013/Nurburgring-2013-05-20-004.jpg,https://www.racingsportscars.com/make/photo/Audi.html,https://www.racingsportscars.com/type/photo/Audi/R8%20LMS.html,https://www.racingsportscars.com/suffix/photo/Audi/R8%20LMS/ultra.html,NA
2013,3,Audi R8 LMS ultra - Audi FSI V10/90° 4v DOHC 5205 cc N/A,9,SP9 GT3,G-Drive Racing by Phoenix,Closed bodywork,Mid-engined,Frank Biela (D)/Christer Joens (D)/Luca Ludwig (D)/Roman Rusinov (RUS),NA,NA,NA,13/07/2018,Thomas Morper,Audi,R8 LMS,ultra,NA,Result: 9th (2 laps behind the winner)Grid: 18th (8:23.9750),9th (2 laps behind the winner)Grid: 18th (8:23.9750),finished,18,8:23.9750,2 laps behind the winner,NA,https://www.racingsportscars.com/tn/photo/2013/TN_Nurburgring-2013-05-20-003.jpg,https://www.racingsportscars.com/photo/2013/Nurburgring-2013-05-20-003.jpg,https://www.racingsportscars.com/make/photo/Audi.html,https://www.racingsportscars.com/type/photo/Audi/R8%20LMS.html,https://www.racingsportscars.com/suffix/photo/Audi/R8%20LMS/ultra.html,NA
2013,7,Aston Martin V12 Vantage GT3 (Prodrive) - Aston Martin AM11/Prodrive V12/60° 4v DOHC 5935 cc N/A,10,SP9 GT3,Aston Martin Racing (GB),Closed bodywork,Front-engined,Darren Turner (GB)/Allan Simonsen (DK)/Stefan Mücke (D)/Pedro Lamy (P),NA,NA,NA,13/07/2018,Thomas Morper,Aston Martin,V12 Vantage,GT3,NA,Result: 10th (2 laps behind the winner)Grid: 2nd (8:18.3620),10th (2 laps behind the winner)Grid: 2nd (8:18.3620),finished,2,8:18.3620,2 laps behind the winner,NA,https://www.racingsportscars.com/tn/photo/2013/TN_Nurburgring-2013-05-20-00007.jpg,https://www.racingsportscars.com/photo/2013/Nurburgring-2013-05-20-00007.jpg,https://www.racingsportscars.com/make/photo/Aston%20Martin.html,https://www.racingsportscars.com/type/photo/Aston%20Martin/V12%20Vantage.html,https://www.racingsportscars.com/suffix/photo/Aston%20Martin/V12%20Vantage/GT3.html,NA
2013,50,Porsche 997 GT3 R #WP0ZZZ99ZDS799501 - Porsche F6 4v DOHC 3996 cc N/A,11,SP9 GT3,Manthey Racing (D),Closed bodywork,Rear-engined,Marco Holzer (D)/Nick Tandy (GB)/Jörg Bergmeister (D)/Richard Lietz (A),NA,NA,NA,13/07/2018,Thomas Morper,Porsche,997 GT3 R,NA,#WP0ZZZ99ZDS799501,Result: 11th (3 laps behind the winner)Grid: 4th (8:19.8380),11th (3 laps behind the winner)Grid: 4th (8:19.8380),finished,4,8:19.8380,3 laps behind the winner,NA,https://www.racingsportscars.com/tn/photo/2013/TN_Nurburgring-2013-05-20-050.jpg,https://www.racingsportscars.com/photo/2013/Nurburgring-2013-05-20-050.jpg,https://www.racingsportscars.com/make/photo/Porsche.html,https://www.racingsportscars.com/type/photo/Porsche/997%20GT3%20R.html,NA,https://www.racingsportscars.com/chassis/photo/WP0ZZZ99ZDS799501.html
2013,8,Porsche 997 GT3 R - Porsche F6 4v DOHC 3996 cc N/A,12,SP9 GT3,Haribo Racing Team,Closed bodywork,Rear-engined,Richard Westbrook (GB)/Emmanuel Collard (F)/Mike Stursberg (D)/Hans Guido Riegel (D),NA,NA,NA,13/07/2018,Thomas Morper,Porsche,997 GT3 R,NA,NA,Result: 12th (3 laps behind the winner)Grid: 20th (8:24.5860),12th (3 laps behind the winner)Grid: 20th (8:24.5860),finished,20,8:24.5860,3 laps behind the winner,NA,https://www.racingsportscars.com/tn/photo/2013/TN_Nurburgring-2013-05-20-008.jpg,https://www.racingsportscars.com/photo/2013/Nurburgring-2013-05-20-008.jpg,https://www.racingsportscars.com/make/photo/Porsche.html,https://www.racingsportscars.com/type/photo/Porsche/997%20GT3%20R.html,NA,NA
2013,12,Porsche 997 GT3 RSR #WP0ZZZ99ZCS799916 - Porsche F6 4v DOHC N/A,13,SP7,Wochenspiegel Team Manthey (D),Closed bodywork,Rear-engined,Georg Weiss (D)/Oliver Kainz (D)/Michael Jacobs (USA)/Jochen Krumbach (D),NA,NA,NA,13/07/2018,Thomas Morper,Porsche,997 GT3 RSR,NA,#WP0ZZZ99ZCS799916,Result: 13th (4 laps behind the winner)Grid: 23rd (8:26.1730),13th (4 laps behind the winner)Grid: 23rd (8:26.1730),finished,23,8:26.1730,4 laps behind the winner,NA,https://www.racingsportscars.com/tn/photo/2013/TN_Nurburgring-2013-05-20-012.jpg,https://www.racingsportscars.com/photo/2013/Nurburgring-2013-05-20-012.jpg,https://www.racingsportscars.com/make/photo/Porsche.html,https://www.racingsportscars.com/type/photo/Porsche/997%20GT3%20RSR.html,NA,https://www.racingsportscars.com/chassis/photo/WP0ZZZ99ZCS799916.html
2013,77,Porsche 997 GT3 Cup - Porsche F6 4v DOHC N/A,14,SP7,Raceunion Teichmann Racing,Closed bodywork,Rear-engined,Jos Menten (NL)/Stefan Landmann (A)/Stefan Van Campenhoudt (B)/Rodney Forbes (AUS),NA,NA,NA,13/07/2018,Thomas Morper,Porsche,997 GT3 Cup,NA,NA,Result: 14th (4 laps behind the winner)Grid: 39th (8:48.2220) - 41st fastest qualifier,14th (4 laps behind the winner)Grid: 39th (8:48.2220) - 41st fastest qualifier,finished,39,8:48.2220,4 laps behind the winner,NA,https://www.racingsportscars.com/tn/photo/2013/TN_Nurburgring-2013-05-20-077.jpg,https://www.racingsportscars.com/photo/2013/Nurburgring-2013-05-20-077.jpg,https://www.racingsportscars.com/make/photo/Porsche.html,https://www.racingsportscars.com/type/photo/Porsche/997%20GT3%20Cup.html,NA,NA
2013,55,Porsche 997 GT3 Cup - Porsche F6 4v DOHC N/A,15,SP7,Black Falcon Team TMD Friction,Closed bodywork,Rear-engined,David Jahn (D)/Steve Jans (L)/Hannes Plesse (D)/Maik Rosenberg (D),NA,NA,NA,13/07/2018,Thomas Morper,Porsche,997 GT3 Cup,NA,NA,Result: 15th (4 laps behind the winner)Grid: 37th (8:45.3780) - 40th fastest qualifier,15th (4 laps behind the winner)Grid: 37th (8:45.3780) - 40th fastest qualifier,finished,37,8:45.3780,4 laps behind the winner,NA,https://www.racingsportscars.com/tn/photo/2013/TN_Nurburgring-2013-05-20-055.jpg,https://www.racingsportscars.com/photo/2013/Nurburgring-2013-05-20-055.jpg,https://www.racingsportscars.com/make/photo/Porsche.html,https://www.racingsportscars.com/type/photo/Porsche/997%20GT3%20Cup.html,NA,NA
2013,11,Porsche 997 GT3 R - Porsche F6 4v DOHC 3996 cc N/A,16,SP9 GT3,,Closed bodywork,Rear-engined,Klaus Abbelen (D)/Sabine Schmitz (D)/Patrick Huisman (NL)/Patrick Pilet (F),NA,NA,NA,13/07/2018,Thomas Morper,Porsche,997 GT3 R,NA,NA,Result: 16th (4 laps behind the winner)Grid: 13th (8:22.5860),16th (4 laps behind the winner)Grid: 13th (8:22.5860),finished,13,8:22.5860,4 laps behind the winner,NA,https://www.racingsportscars.com/tn/photo/2013/TN_Nurburgring-2013-05-20-011.jpg,https://www.racingsportscars.com/photo/2013/Nurburgring-2013-05-20-011.jpg,https://www.racingsportscars.com/make/photo/Porsche.html,https://www.racingsportscars.com/type/photo/Porsche/997%20GT3%20R.html,NA,NA
2013,24,BMW Z4 E89 GT3 - BMW P65 V8/90° 4v DOHC 4361 cc N/A,17,SP9 GT3,Walkenhorst-Motorsport,Closed bodywork,Front-engined,/Ralf Oeverhaus (D)/Henry Walkenhorst (D)/Max Partl (D)/Wolf Silvester (D),NA,NA,NA,13/07/2018,Thomas Morper,BMW,Z4,E89 GT3,NA,Result: 17th (5 laps behind the winner)Grid: 36th (8:45.1140) - 39th fastest qualifier,17th (5 laps behind the winner)Grid: 36th (8:45.1140) - 39th fastest qualifier,finished,36,8:45.1140,5 laps behind the winner,NA,https://www.racingsportscars.com/tn/photo/2013/TN_Nurburgring-2013-05-20-024.jpg,https://www.racingsportscars.com/photo/2013/Nurburgring-2013-05-20-024.jpg,https://www.racingsportscars.com/make/photo/BMW.html,https://www.racingsportscars.com/type/photo/BMW/Z4.html,https://www.racingsportscars.com/suffix/photo/BMW/Z4/E89%20GT3.html,NA
2013,15,Audi R8 LMS ultra - Audi FSI V10/90° 4v DOHC 5205 cc N/A,18,SP9 GT3,Audi race experience,Closed bodywork,Mid-engined,Rahel Frey (CH)/Dominique Bastien (USA)/Marco Werner (D)/Alex Yoong (MAL),NA,NA,NA,13/07/2018,Thomas Morper,Audi,R8 LMS,ultra,NA,Result: 18th (6 laps behind the winner)Grid: 29th (8:33.5440) - 31st fastest qualifier,18th (6 laps behind the winner)Grid: 29th (8:33.5440) - 31st fastest qualifier,finished,29,8:33.5440,6 laps behind the winner,NA,https://www.racingsportscars.com/tn/photo/2013/TN_Nurburgring-2013-05-20-015.jpg,https://www.racingsportscars.com/photo/2013/Nurburgring-2013-05-20-015.jpg,https://www.racingsportscars.com/make/photo/Audi.html,https://www.racingsportscars.com/type/photo/Audi/R8%20LMS.html,https://www.racingsportscars.com/suffix/photo/Audi/R8%20LMS/ultra.html,NA
2013,63,Mercedes-Benz SLS AMG GT3 - Mercedes-Benz M159 V8/90° 4v DOHC 6208 cc N/A,19,SP9 GT3,Black Falcon,Closed bodywork,Front-engined,Vimal Mehta (IND)/Khaled Al Qubaisi (UAE)/Daniel Keilwitz (D)/Christian Bracke (D),NA,NA,NA,13/07/2018,Thomas Morper,Mercedes-Benz,SLS AMG,GT3,NA,Result: 19th (6 laps behind the winner)Grid: 17th (8:23.7600),19th (6 laps behind the winner)Grid: 17th (8:23.7600),finished,17,8:23.7600,6 laps behind the winner,NA,https://www.racingsportscars.com/tn/photo/2013/TN_Nurburgring-2013-05-20-063.jpg,https://www.racingsportscars.com/photo/2013/Nurburgring-2013-05-20-063.jpg,https://www.racingsportscars.com/make/photo/Mercedes-Benz.html,https://www.racingsportscars.com/type/photo/Mercedes-Benz/SLS%20AMG.html,https://www.racingsportscars.com/suffix/photo/Mercedes-Benz/SLS%20AMG/GT3.html,NA
2013,44,Porsche 997 GT3 R - Porsche F6 4v DOHC 3996 cc N/A,20,SP9 GT3,Falken Motorsports,Closed bodywork,Rear-engined,Wolf Henzler (D)/Peter Dumbreck (GB)/Martin Ragginger (A)/Sebastian Asch (D),NA,NA,NA,13/07/2018,Thomas Morper,Porsche,997 GT3 R,NA,NA,Result: 20th (6 laps behind the winner)Grid: 22nd (8:25.4970),20th (6 laps behind the winner)Grid: 22nd (8:25.4970),finished,22,8:25.4970,6 laps behind the winner,NA,https://www.racingsportscars.com/tn/photo/2013/TN_Nurburgring-2013-05-20-044.jpg,https://www.racingsportscars.com/photo/2013/Nurburgring-2013-05-20-044.jpg,https://www.racingsportscars.com/make/photo/Porsche.html,https://www.racingsportscars.com/type/photo/Porsche/997%20GT3%20R.html,NA,NA
2013,81,Chevrolet Corvette C6 - Chevrolet,21,SP8,,-,Front-engined,Tobias Guttroff (D)/Joachim Kiesch (D)/Volker Strycek (D)/Arno Klasen (D),NA,NA,NA,13/07/2018,Thomas Morper,Chevrolet,Corvette C6,NA,NA,Result: 21st 1st in SP8 (7 laps behind the winner)Grid: 43rd (9:02.1940) - 45th fastest qualifier,21st 1st in SP8 (7 laps behind the winner)Grid: 43rd (9:02.1940) - 45th fastest qualifier,finished,43,9:02.1940,7 laps behind the winner,NA,https://www.racingsportscars.com/tn/photo/2013/TN_Nurburgring-2013-05-20-081.jpg,https://www.racingsportscars.com/photo/2013/Nurburgring-2013-05-20-081.jpg,https://www.racingsportscars.com/make/photo/Chevrolet.html,https://www.racingsportscars.com/type/photo/Chevrolet/Corvette%20C6.html,NA,NA
2013,47,Porsche 997 GT3 Cup - Porsche F6 4v DOHC N/A,22,SP7,,Closed bodywork,Rear-engined,Peter Schmidt (D)/Johannes Siegler (D)/Christopher Zöchling (GB)/Klaus Koch (D),NA,NA,NA,13/07/2018,Thomas Morper,Porsche,997 GT3 Cup,NA,NA,Result: 22nd (7 laps behind the winner)Grid: 46th (9:11.4330) - 48th fastest qualifier,22nd (7 laps behind the winner)Grid: 46th (9:11.4330) - 48th fastest qualifier,finished,46,9:11.4330,7 laps behind the winner,NA,https://www.racingsportscars.com/tn/photo/2013/TN_Nurburgring-2013-05-20-047.jpg,https://www.racingsportscars.com/photo/2013/Nurburgring-2013-05-20-047.jpg,https://www.racingsportscars.com/make/photo/Porsche.html,https://www.racingsportscars.com/type/photo/Porsche/997%20GT3%20Cup.html,NA,NA
2013,105,Audi TT RS - Audi,23,SP4T,Besaplast Racing Team 1,Closed bodywork,Mid-engined,Kovac Franjo/Martin Tschornia (D)/Fredrik Lestrup (S)/Kurt Thiim (DK),NA,NA,NA,13/07/2018,Thomas Morper,Audi,TT,RS,NA,Result: 23rd 1st in SP4T (7 laps behind the winner)Grid: 42nd (8:59.6030) - 44th fastest qualifier,23rd 1st in SP4T (7 laps behind the winner)Grid: 42nd (8:59.6030) - 44th fastest qualifier,finished,42,8:59.6030,7 laps behind the winner,NA,https://www.racingsportscars.com/tn/photo/2013/TN_Nurburgring-2013-05-20-105.jpg,https://www.racingsportscars.com/photo/2013/Nurburgring-2013-05-20-105.jpg,https://www.racingsportscars.com/make/photo/Audi.html,https://www.racingsportscars.com/type/photo/Audi/TT.html,https://www.racingsportscars.com/suffix/photo/Audi/TT/RS.html,NA
2013,39,Porsche 997 GT3 Cup - Porsche F6 4v DOHC N/A,24,SP7,,Closed bodywork,Rear-engined,Willie Moore (GB)/Bill Cameron (GB)/Peter Bonk (D),NA,NA,NA,13/07/2018,Thomas Morper,Porsche,997 GT3 Cup,NA,NA,Result: 24th (7 laps behind the winner)Grid: 41st (8:55.9710) - 43rd fastest qualifier,24th (7 laps behind the winner)Grid: 41st (8:55.9710) - 43rd fastest qualifier,finished,41,8:55.9710,7 laps behind the winner,NA,https://www.racingsportscars.com/tn/photo/2013/TN_Nurburgring-2013-05-20-039.jpg,https://www.racingsportscars.com/photo/2013/Nurburgring-2013-05-20-039.jpg,https://www.racingsportscars.com/make/photo/Porsche.html,https://www.racingsportscars.com/type/photo/Porsche/997%20GT3%20Cup.html,NA,NA
2013,111,Audi TT RS # - Audi 2000 cc N/A,25,SP3T,Raeder Motorsport,Closed bodywork,Mid-engined,Elmar Deegener (D)/Jürgen Wohlfahrt (D)/Christoph Breuer (D)/Dieter Schmidtmann (D),NA,NA,NA,13/07/2018,Thomas Morper,Audi,TT,RS,#,Result: 25th 1st in SP3T (8 laps behind the winner)Grid: 45th (9:07.9000) - 47th fastest qualifier,25th 1st in SP3T (8 laps behind the winner)Grid: 45th (9:07.9000) - 47th fastest qualifier,finished,45,9:07.9000,8 laps behind the winner,NA,https://www.racingsportscars.com/tn/photo/2013/TN_Nurburgring-2013-05-20-111.jpg,https://www.racingsportscars.com/photo/2013/Nurburgring-2013-05-20-111.jpg,https://www.racingsportscars.com/make/photo/Audi.html,https://www.racingsportscars.com/type/photo/Audi/TT.html,https://www.racingsportscars.com/suffix/photo/Audi/TT/RS.html,https://www.racingsportscars.com/chassis/photo/TT-RS-Raeder%23.html
2013,120,Subaru GVB - Subaru,26,SP3T,Subaru Tecnica International,-,-,Toshihiro Yoshida (J)/Kota Sasaki (J)/Marcel Lasée (D)/Carlo van Dam (NL),NA,NA,NA,13/07/2018,Thomas Morper,Subaru,GVB,NA,NA,Result: 26th (8 laps behind the winner)Grid: 48th (9:13.0830) - 50th fastest qualifier,26th (8 laps behind the winner)Grid: 48th (9:13.0830) - 50th fastest qualifier,finished,48,9:13.0830,8 laps behind the winner,NA,https://www.racingsportscars.com/tn/photo/2013/TN_Nurburgring-2013-05-20-120.jpg,https://www.racingsportscars.com/photo/2013/Nurburgring-2013-05-20-120.jpg,https://www.racingsportscars.com/make/photo/Subaru.html,https://www.racingsportscars.com/type/photo/Subaru/GVB.html,NA,NA
2013,125,Mercedes-Benz SLS AMG GT3 - Mercedes-Benz M159 V8/90° 4v DOHC 6208 cc N/A,27,SP9 GT3,Rowe Racing (D),Closed bodywork,Front-engined,Michael Zehe (D)/Mark Bullit (USA)/Reinhold Renger (D)/Marko Hartung (D),NA,NA,NA,13/07/2018,Thomas Morper,Mercedes-Benz,SLS AMG,GT3,NA,Result: 27th (8 laps behind the winner)Grid: 32nd (8:38.4270) - 34th fastest qualifier,27th (8 laps behind the winner)Grid: 32nd (8:38.4270) - 34th fastest qualifier,finished,32,8:38.4270,8 laps behind the winner,NA,https://www.racingsportscars.com/tn/photo/2013/TN_Nurburgring-2013-05-20-125.jpg,https://www.racingsportscars.com/photo/2013/Nurburgring-2013-05-20-125.jpg,https://www.racingsportscars.com/make/photo/Mercedes-Benz.html,https://www.racingsportscars.com/type/photo/Mercedes-Benz/SLS%20AMG.html,https://www.racingsportscars.com/suffix/photo/Mercedes-Benz/SLS%20AMG/GT3.html,NA
2013,58,BMW M3 E92 GT4 - BMW S65 B40 V8 3999 cc N/A,28,SP10 GT4,Bonk Motorsport,Closed bodywork,Front-engined,Wolf Silvester (D)/Emin Akata (D)/Alexander Mies (D)/Jochen Übler (D),NA,NA,NA,13/07/2018,Thomas Morper,BMW,M3,E92 GT4,NA,Result: 28th 1st in SP10 GT4 (8 laps behind the winner)Grid: 67th (9:33.8260) - 69th fastest qualifier,28th 1st in SP10 GT4 (8 laps behind the winner)Grid: 67th (9:33.8260) - 69th fastest qualifier,finished,67,9:33.8260,8 laps behind the winner,NA,https://www.racingsportscars.com/tn/photo/2013/TN_Nurburgring-2013-05-20-058.jpg,https://www.racingsportscars.com/photo/2013/Nurburgring-2013-05-20-058.jpg,https://www.racingsportscars.com/make/photo/BMW.html,https://www.racingsportscars.com/type/photo/BMW/M3.html,https://www.racingsportscars.com/suffix/photo/BMW/M3/E92%20GT4.html,NA
2013,14,Audi R8 LMS ultra - Audi FSI V10/90° 4v DOHC 5205 cc N/A,29,SP9 GT3,Audi race experience,Closed bodywork,Mid-engined,Marco Werner (D)/Christian Bollrath (D)/Pierre Ehret (D)/Ronnie Saurenmann (CH),NA,NA,NA,13/07/2018,Thomas Morper,Audi,R8 LMS,ultra,NA,Result: 29th (8 laps behind the winner)Grid: 24th (8:27.2570),29th (8 laps behind the winner)Grid: 24th (8:27.2570),finished,24,8:27.2570,8 laps behind the winner,NA,https://www.racingsportscars.com/tn/photo/2013/TN_Nurburgring-2013-05-20-014.jpg,https://www.racingsportscars.com/photo/2013/Nurburgring-2013-05-20-014.jpg,https://www.racingsportscars.com/make/photo/Audi.html,https://www.racingsportscars.com/type/photo/Audi/R8%20LMS.html,https://www.racingsportscars.com/suffix/photo/Audi/R8%20LMS/ultra.html,NA
2013,65,Ginetta G50 GT4 - Ford Cyclone V6/60° 4v DOHC 3496 cc N/A,30,SP10 GT4,Nova Race,Closed bodywork,Front-engined,Mike Simpson (GB)/Henry Fletcher (GB)/Luis Scarpaccio (YV)/Matteo Cressoni (I),NA,NA,NA,NA,NA,Ginetta,G50,GT4,NA,Result: 30th (8 laps behind the winner)Grid: 58th (9:24.0250) - 60th fastest qualifier,30th (8 laps behind the winner)Grid: 58th (9:24.0250) - 60th fastest qualifier,finished,58,9:24.0250,8 laps behind the winner,NA,https://www.racingsportscars.com/images/car_no_photo.png,https://www.racingsportscars.com/about.html#contrib,https://www.racingsportscars.com/make/photo/Ginetta.html,https://www.racingsportscars.com/type/photo/Ginetta/G50.html,https://www.racingsportscars.com/suffix/photo/Ginetta/G50/GT4.html,NA
2013,54,Porsche 997 GT3 Cup - Porsche F6 4v DOHC N/A,31,SP7,Black Falcon Team TMD Friction,Closed bodywork,Rear-engined,"Burkard Kaiser (D)/""Friedrichs Willi""/Christian von Rieff (D)",NA,NA,NA,13/07/2018,Thomas Morper,Porsche,997 GT3 Cup,NA,NA,Result: 31st (8 laps behind the winner)Grid: 52nd (9:18.5870) - 54th fastest qualifier,31st (8 laps behind the winner)Grid: 52nd (9:18.5870) - 54th fastest qualifier,finished,52,9:18.5870,8 laps behind the winner,NA,https://www.racingsportscars.com/tn/photo/2013/TN_Nurburgring-2013-05-20-054.jpg,https://www.racingsportscars.com/photo/2013/Nurburgring-2013-05-20-054.jpg,https://www.racingsportscars.com/make/photo/Porsche.html,https://www.racingsportscars.com/type/photo/Porsche/997%20GT3%20Cup.html,NA,NA
2013,216,Peugeot 208 GTI - Peugeot,32,SP2T,Peugeot Automobiles,-,-,Christiaan Frankenhout (NL)/Vincent Radermecker (B)/Johnny Niederhauser/Giacomo Ricci (I),NA,NA,NA,NA,NA,Peugeot,208,GTI,NA,Result: 32nd 1st in SP2T (9 laps behind the winner)Grid: 57th (9:22.4880) - 59th fastest qualifier,32nd 1st in SP2T (9 laps behind the winner)Grid: 57th (9:22.4880) - 59th fastest qualifier,finished,57,9:22.4880,9 laps behind the winner,NA,https://www.racingsportscars.com/images/car_no_photo.png,https://www.racingsportscars.com/about.html#contrib,https://www.racingsportscars.com/make/photo/Peugeot.html,https://www.racingsportscars.com/type/photo/Peugeot/208.html,https://www.racingsportscars.com/suffix/photo/Peugeot/208/GTI.html,NA
2013,33,Porsche 997 GT3 Cup - Porsche F6 4v DOHC N/A,33,SP7,,Closed bodywork,Rear-engined,"Andreas Sczepansky (D)/Steffen Schlichenmeier (D)/""König Peter"" (D)/Kurt Ecke (D)",NA,NA,NA,13/07/2018,Thomas Morper,Porsche,997 GT3 Cup,NA,NA,Result: 33rd (9 laps behind the winner)Grid: 50th (9:17.6570) - 52nd fastest qualifier,33rd (9 laps behind the winner)Grid: 50th (9:17.6570) - 52nd fastest qualifier,finished,50,9:17.6570,9 laps behind the winner,NA,https://www.racingsportscars.com/tn/photo/2013/TN_Nurburgring-2013-05-20-033.jpg,https://www.racingsportscars.com/photo/2013/Nurburgring-2013-05-20-033.jpg,https://www.racingsportscars.com/make/photo/Porsche.html,https://www.racingsportscars.com/type/photo/Porsche/997%20GT3%20Cup.html,NA,NA
2013,57,BMW M3 E92 GT4 - BMW S65 B40 V8 3999 cc N/A,34,SP10 GT4,Bonk Motorsport,Closed bodywork,Front-engined,Andreas Möntmann (D)/Adam Christodoulou (GB)/Jens Moetefindt (D)/Kiki Sak Nana (T),NA,NA,NA,13/07/2018,Thomas Morper,BMW,M3,E92 GT4,NA,Result: 34th (9 laps behind the winner)Grid: 53rd (9:19.1480) - 55th fastest qualifier,34th (9 laps behind the winner)Grid: 53rd (9:19.1480) - 55th fastest qualifier,finished,53,9:19.1480,9 laps behind the winner,NA,https://www.racingsportscars.com/tn/photo/2013/TN_Nurburgring-2013-05-20-057.jpg,https://www.racingsportscars.com/photo/2013/Nurburgring-2013-05-20-057.jpg,https://www.racingsportscars.com/make/photo/BMW.html,https://www.racingsportscars.com/type/photo/BMW/M3.html,https://www.racingsportscars.com/suffix/photo/BMW/M3/E92%20GT4.html,NA
2013,27,Porsche 997 GT3 Cup S - Porsche F6 4v DOHC N/A,35,SP9 GT3,De Lorenzi Racing,Closed bodywork,Rear-engined,Marco Mapelli (I)Dario Paletto (I)/Roberto Fecchio (I)/Paul Stubber (AUS),NA,NA,NA,13/07/2018,Thomas Morper,Porsche,997 GT3 Cup,S,NA,Result: 35th (9 laps behind the winner)Grid: 34th (8:43.6940) - 36th fastest qualifier,35th (9 laps behind the winner)Grid: 34th (8:43.6940) - 36th fastest qualifier,finished,34,8:43.6940,9 laps behind the winner,NA,https://www.racingsportscars.com/tn/photo/2013/TN_Nurburgring-2013-05-20-027.jpg,https://www.racingsportscars.com/photo/2013/Nurburgring-2013-05-20-027.jpg,https://www.racingsportscars.com/make/photo/Porsche.html,https://www.racingsportscars.com/type/photo/Porsche/997%20GT3%20Cup.html,https://www.racingsportscars.com/suffix/photo/Porsche/997%20GT3%20Cup/S.html,NA
2013,36,Porsche 997 GT3 KR # - Porsche,36,SP7,Kremer Racing,Closed bodywork,Rear-engined,"Wolfgang Kaufmann (D)/Dieter Schornstein, Jr. (D)/Peter Posavac (D)/Jürgen Alzen (D)",NA,NA,NA,13/07/2018,Thomas Morper,Porsche,997 GT3,KR,#,Result: 36th (9 laps behind the winner)Grid: 33rd (8:43.5590) - 35th fastest qualifier,36th (9 laps behind the winner)Grid: 33rd (8:43.5590) - 35th fastest qualifier,finished,33,8:43.5590,9 laps behind the winner,NA,https://www.racingsportscars.com/tn/photo/2013/TN_Nurburgring-2013-05-20-036.jpg,https://www.racingsportscars.com/photo/2013/Nurburgring-2013-05-20-036.jpg,https://www.racingsportscars.com/make/photo/Porsche.html,https://www.racingsportscars.com/type/photo/Porsche/997%20GT3.html,https://www.racingsportscars.com/suffix/photo/Porsche/997%20GT3/KR.html,https://www.racingsportscars.com/chassis/photo/997-Kremer%23.html
2013,79,Lexus LF A - Lexus,37,SP8,Gazoo Racing,-,-,"Masahiko Kageyama (J)/Hiroaki Ishiura (J)/Kazuya Oshima (J)/""Morizo"" (J)",NA,NA,NA,13/07/2018,Thomas Morper,Lexus,LF,A,NA,Result: 37th (9 laps behind the winner)Grid: 30th (8:33.8400) - 32nd fastest qualifier,37th (9 laps behind the winner)Grid: 30th (8:33.8400) - 32nd fastest qualifier,finished,30,8:33.8400,9 laps behind the winner,NA,https://www.racingsportscars.com/tn/photo/2013/TN_Nurburgring-2013-05-20-079.jpg,https://www.racingsportscars.com/photo/2013/Nurburgring-2013-05-20-079.jpg,https://www.racingsportscars.com/make/photo/Lexus.html,https://www.racingsportscars.com/type/photo/Lexus/LF.html,https://www.racingsportscars.com/suffix/photo/Lexus/LF/A.html,NA
2013,53,Porsche 997 GT3 Cup - Porsche F6 4v DOHC N/A,38,SP7,,Closed bodywork,Rear-engined,Wolfgang Destree (D)/Kersten Jodexnis (D)/Norbert Pauels (D)/Edgar Althoff (D),NA,NA,NA,13/07/2018,Thomas Morper,Porsche,997 GT3 Cup,NA,NA,Result: 38th (9 laps behind the winner)Grid: 40th (8:50.4150) - 42nd fastest qualifier,38th (9 laps behind the winner)Grid: 40th (8:50.4150) - 42nd fastest qualifier,finished,40,8:50.4150,9 laps behind the winner,NA,https://www.racingsportscars.com/tn/photo/2013/TN_Nurburgring-2013-05-20-053.jpg,https://www.racingsportscars.com/photo/2013/Nurburgring-2013-05-20-053.jpg,https://www.racingsportscars.com/make/photo/Porsche.html,https://www.racingsportscars.com/type/photo/Porsche/997%20GT3%20Cup.html,NA,NA
2013,208,Peugeot 208 GTI - Peugeot,39,SP2T,Peugeot Automobiles,-,-,Michael Bohrer (D)/Stephane Caillet (F)/Jürgen Nett (D)/Julien Piguet (F),NA,NA,NA,13/07/2018,Thomas Morper,Peugeot,208,GTI,NA,Result: 39th (10 laps behind the winner)Grid: 61st (9:26.3270) - 63rd fastest qualifier,39th (10 laps behind the winner)Grid: 61st (9:26.3270) - 63rd fastest qualifier,finished,61,9:26.3270,10 laps behind the winner,NA,https://www.racingsportscars.com/tn/photo/2013/TN_Nurburgring-2013-05-20-208.jpg,https://www.racingsportscars.com/photo/2013/Nurburgring-2013-05-20-208.jpg,https://www.racingsportscars.com/make/photo/Peugeot.html,https://www.racingsportscars.com/type/photo/Peugeot/208.html,https://www.racingsportscars.com/suffix/photo/Peugeot/208/GTI.html,NA
2013,118,Audi TT - Audi,40,SP3T,MSC Sinzig e.V. i. ADAC,Closed bodywork,Mid-engined,Rudi Speich (D)/Roland Waschkau (D)/Jörg Kirsten (D),NA,NA,NA,13/07/2018,Thomas Morper,Audi,TT,NA,NA,Result: 40th (11 laps behind the winner)Grid: 69th (9:37.4670) - 71st fastest qualifier,40th (11 laps behind the winner)Grid: 69th (9:37.4670) - 71st fastest qualifier,finished,69,9:37.4670,11 laps behind the winner,NA,https://www.racingsportscars.com/tn/photo/2013/TN_Nurburgring-2013-05-20-118.jpg,https://www.racingsportscars.com/photo/2013/Nurburgring-2013-05-20-118.jpg,https://www.racingsportscars.com/make/photo/Audi.html,https://www.racingsportscars.com/type/photo/Audi/TT.html,NA,NA
2013,175,BMW Z4 M Coupe - BMW,41,V6,Scuderia Augustusburg Brühl e.V.,-,-,Dieter Weidenbrück (D)/Markus Schmickler (D)/Rolf Buchstaller (D)/Klaus Landgraf (D),NA,NA,NA,NA,NA,BMW,Z4,M Coupe,NA,Result: 41st 1st in V6 (12 laps behind the winner)Grid: 70th (9:38.7710) - 72nd fastest qualifier,41st 1st in V6 (12 laps behind the winner)Grid: 70th (9:38.7710) - 72nd fastest qualifier,finished,70,9:38.7710,12 laps behind the winner,NA,https://www.racingsportscars.com/images/car_no_photo.png,https://www.racingsportscars.com/about.html#contrib,https://www.racingsportscars.com/make/photo/BMW.html,https://www.racingsportscars.com/type/photo/BMW/Z4.html,https://www.racingsportscars.com/suffix/photo/BMW/Z4/M%20Coupe.html,NA
2013,303,Opel Astra J OPC - Opel,42,Cup 1,Raceunion Teichmann Racing,-,-,Jürgen Fritzsche (D)/Heinz-Otto Fritzsche (D)/Thorsten Wolter (D)/Werner Gusenbauer (D),NA,NA,NA,13/07/2018,Thomas Morper,Opel,Astra,J OPC,NA,Result: 42nd 1st in Cup 1 (12 laps behind the winner)Grid: 93rd (9:54.1010) - 95th fastest qualifier,42nd 1st in Cup 1 (12 laps behind the winner)Grid: 93rd (9:54.1010) - 95th fastest qualifier,finished,93,9:54.1010,12 laps behind the winner,NA,https://www.racingsportscars.com/tn/photo/2013/TN_Nurburgring-2013-05-20-303.jpg,https://www.racingsportscars.com/photo/2013/Nurburgring-2013-05-20-303.jpg,https://www.racingsportscars.com/make/photo/Opel.html,https://www.racingsportscars.com/type/photo/Opel/Astra.html,https://www.racingsportscars.com/suffix/photo/Opel/Astra/J%20OPC.html,NA
2013,46,Porsche 997 GT3 Cup - Porsche F6 4v DOHC N/A,43,SP7,,Closed bodywork,Rear-engined,"/""Don Stephano""/Ilya Melnikov (RUS)/Andreas Ziegler (D)/Michael Heimrich",NA,NA,NA,13/07/2018,Thomas Morper,Porsche,997 GT3 Cup,NA,NA,Result: 43rd (12 laps behind the winner)Grid: 73rd (9:41.6610) - 75th fastest qualifier,43rd (12 laps behind the winner)Grid: 73rd (9:41.6610) - 75th fastest qualifier,finished,73,9:41.6610,12 laps behind the winner,NA,https://www.racingsportscars.com/tn/photo/2013/TN_Nurburgring-2013-05-20-046.jpg,https://www.racingsportscars.com/photo/2013/Nurburgring-2013-05-20-046.jpg,https://www.racingsportscars.com/make/photo/Porsche.html,https://www.racingsportscars.com/type/photo/Porsche/997%20GT3%20Cup.html,NA,NA
2013,93,BMW E82 M Coupe - BMW,44,SP4+SP5,MSC-Rhön e.V. i. ADAC,-,-,Pierre de Thoisy (F)/Philippe Haezebrouck (F)/Maurice Maxence,NA,NA,NA,13/07/2018,Thomas Morper,BMW,E82,M Coupe,NA,Result: 44th 1st in SP4+SP5 (13 laps behind the winner)Grid: 99th (9:56.9330) - 101st fastest qualifier,44th 1st in SP4+SP5 (13 laps behind the winner)Grid: 99th (9:56.9330) - 101st fastest qualifier,finished,99,9:56.9330,13 laps behind the winner,NA,https://www.racingsportscars.com/tn/photo/2013/TN_Nurburgring-2013-05-20-093.jpg,https://www.racingsportscars.com/photo/2013/Nurburgring-2013-05-20-093.jpg,https://www.racingsportscars.com/make/photo/BMW.html,https://www.racingsportscars.com/type/photo/BMW/E82.html,https://www.racingsportscars.com/suffix/photo/BMW/E82/M%20Coupe.html,NA
2013,176,BMW Z4 M Coupe - BMW,45,V6,,-,-,Josef Stengel (D)/Uwe Nittel (D)/Joachim Günther/Andreas Herwerth (D),NA,NA,NA,NA,NA,BMW,Z4,M Coupe,NA,Result: 45th (13 laps behind the winner)Grid: 72nd (9:40.2550) - 74th fastest qualifier,45th (13 laps behind the winner)Grid: 72nd (9:40.2550) - 74th fastest qualifier,finished,72,9:40.2550,13 laps behind the winner,NA,https://www.racingsportscars.com/images/car_no_photo.png,https://www.racingsportscars.com/about.html#contrib,https://www.racingsportscars.com/make/photo/BMW.html,https://www.racingsportscars.com/type/photo/BMW/Z4.html,https://www.racingsportscars.com/suffix/photo/BMW/Z4/M%20Coupe.html,NA
2013,215,Peugeot 208 GTI - Peugeot,46,SP2T,Peugeot Automobiles,-,-,Stephan Epp (D)/Mathieu Sentis (F)/Bradley Philpot/Gonzalo de Andres (E),NA,NA,NA,13/07/2018,Thomas Morper,Peugeot,208,GTI,NA,Result: 46th (13 laps behind the winner)Grid: 78th (9:45.4170) - 80th fastest qualifier,46th (13 laps behind the winner)Grid: 78th (9:45.4170) - 80th fastest qualifier,finished,78,9:45.4170,13 laps behind the winner,NA,https://www.racingsportscars.com/tn/photo/2013/TN_Nurburgring-2013-05-20-215.jpg,https://www.racingsportscars.com/photo/2013/Nurburgring-2013-05-20-215.jpg,https://www.racingsportscars.com/make/photo/Peugeot.html,https://www.racingsportscars.com/type/photo/Peugeot/208.html,https://www.racingsportscars.com/suffix/photo/Peugeot/208/GTI.html,NA
2013,173,BMW M3 - BMW,47,V6,,Closed bodywork,Front-engined,Jens Riemer (D)/Carsten Welschar (D)/Jörg Wiskirchen (D)/David Ackermann (D),NA,NA,NA,13/07/2018,Thomas Morper,BMW,M3,NA,NA,Result: 47th (13 laps behind the winner)Grid: 89th (9:52.2950) - 91st fastest qualifier,47th (13 laps behind the winner)Grid: 89th (9:52.2950) - 91st fastest qualifier,finished,89,9:52.2950,13 laps behind the winner,NA,https://www.racingsportscars.com/tn/photo/2013/TN_Nurburgring-2013-05-20-173.jpg,https://www.racingsportscars.com/photo/2013/Nurburgring-2013-05-20-173.jpg,https://www.racingsportscars.com/make/photo/BMW.html,https://www.racingsportscars.com/type/photo/BMW/M3.html,NA,NA
2013,110,Opel Astra OPC - Opel,48,Cup 1,Kissling Motorsport,-,-,Hannu Luostarinen (FIN)/Alexander Hofmann/Thomas Kroher,NA,NA,NA,13/07/2018,Thomas Morper,Opel,Astra,OPC,NA,Result: 48th (13 laps behind the winner)Grid: 86th (9:50.0620) - 88th fastest qualifier,48th (13 laps behind the winner)Grid: 86th (9:50.0620) - 88th fastest qualifier,finished,86,9:50.0620,13 laps behind the winner,NA,https://www.racingsportscars.com/tn/photo/2013/TN_Nurburgring-2013-05-20-110.jpg,https://www.racingsportscars.com/photo/2013/Nurburgring-2013-05-20-110.jpg,https://www.racingsportscars.com/make/photo/Opel.html,https://www.racingsportscars.com/type/photo/Opel/Astra.html,https://www.racingsportscars.com/suffix/photo/Opel/Astra/OPC.html,NA
2013,305,Opel Astra J OPC Cup - Opel,49,Cup 1,,-,-,Maximilian Hackländer (D)/Christian Gebhardt (D)/Pierre Humbert (D)/Daniel Bohr (L),NA,NA,NA,NA,NA,Opel,Astra,J OPC Cup,NA,Result: 49th (13 laps behind the winner)Grid: 83rd (9:48.9770) - 85th fastest qualifier,49th (13 laps behind the winner)Grid: 83rd (9:48.9770) - 85th fastest qualifier,finished,83,9:48.9770,13 laps behind the winner,NA,https://www.racingsportscars.com/images/car_no_photo.png,https://www.racingsportscars.com/about.html#contrib,https://www.racingsportscars.com/make/photo/Opel.html,https://www.racingsportscars.com/type/photo/Opel/Astra.html,https://www.racingsportscars.com/suffix/photo/Opel/Astra/J%20OPC%20Cup.html,NA
2013,180,Porsche Cayman R - Porsche,50,V6,,-,-,Heinz-Josef Bermes (D)/Dominik Schöning/Michael Grassl (D)/Andreas Patzelt (D),NA,NA,NA,13/07/2018,Thomas Morper,Porsche,Cayman,R,NA,Result: 50th (14 laps behind the winner)Grid: 96th (9:55.5070) - 98th fastest qualifier,50th (14 laps behind the winner)Grid: 96th (9:55.5070) - 98th fastest qualifier,finished,96,9:55.5070,14 laps behind the winner,NA,https://www.racingsportscars.com/tn/photo/2013/TN_Nurburgring-2013-05-20-180.jpg,https://www.racingsportscars.com/photo/2013/Nurburgring-2013-05-20-180.jpg,https://www.racingsportscars.com/make/photo/Porsche.html,https://www.racingsportscars.com/type/photo/Porsche/Cayman.html,https://www.racingsportscars.com/suffix/photo/Porsche/Cayman/R.html,NA
2013,202,BMW 325i E90 - BMW,51,V4,aesthetic racing,-,-,Stein Tveten (D)/Guido Strohe (D)/Carsten Knechtges (D)/Niko Nurminen (FIN),NA,NA,NA,NA,NA,BMW,325i,E90,NA,Result: 51st 1st in V4 (14 laps behind the winner)Grid: 120th (10:17.5540) - 123rd fastest qualifier,51st 1st in V4 (14 laps behind the winner)Grid: 120th (10:17.5540) - 123rd fastest qualifier,finished,120,10:17.5540,14 laps behind the winner,NA,https://www.racingsportscars.com/images/car_no_photo.png,https://www.racingsportscars.com/about.html#contrib,https://www.racingsportscars.com/make/photo/BMW.html,https://www.racingsportscars.com/type/photo/BMW/325i.html,https://www.racingsportscars.com/suffix/photo/BMW/325i/E90.html,NA
2013,106,Audi TT RS - Audi,52,SP4T,ADAC Nordbaden,Closed bodywork,Mid-engined,Christian Kranenberg (D)/Stefan Michels (D)/Benjamin Weidner (D)/Jochen Hudelmaier (D),NA,NA,NA,13/07/2018,Thomas Morper,Audi,TT,RS,NA,Result: 52nd (14 laps behind the winner)Grid: 77th (9:44.8720) - 79th fastest qualifier,52nd (14 laps behind the winner)Grid: 77th (9:44.8720) - 79th fastest qualifier,finished,77,9:44.8720,14 laps behind the winner,NA,https://www.racingsportscars.com/tn/photo/2013/TN_Nurburgring-2013-05-20-106.jpg,https://www.racingsportscars.com/photo/2013/Nurburgring-2013-05-20-106.jpg,https://www.racingsportscars.com/make/photo/Audi.html,https://www.racingsportscars.com/type/photo/Audi/TT.html,https://www.racingsportscars.com/suffix/photo/Audi/TT/RS.html,NA
2013,200,Mercedes-Benz C230 # - Mercedes-Benz,53,V4,Team AutoArenA Motorsport,-,-,Patrick Assenheimer (D)/Marc Marbach (D)/Hannes Pfledderer (D),NA,NA,NA,NA,NA,Mercedes-Benz,C230,NA,#,Result: 53rd (14 laps behind the winner)Grid: 124th (10:20.7300) - 127th fastest qualifier,53rd (14 laps behind the winner)Grid: 124th (10:20.7300) - 127th fastest qualifier,finished,124,10:20.7300,14 laps behind the winner,NA,https://www.racingsportscars.com/images/car_no_photo.png,https://www.racingsportscars.com/about.html#contrib,https://www.racingsportscars.com/make/photo/Mercedes-Benz.html,https://www.racingsportscars.com/type/photo/Mercedes-Benz/C230.html,NA,https://www.racingsportscars.com/chassis/photo/C230-AutoArena%23.html
2013,42,Porsche 997 - Porsche,54,SP7,Motorsport Services,Closed bodywork,Rear-engined,Malcolm Niall (AUS)/Mark Pilatti (AUS)/Brett Niall (AUS),NA,NA,NA,13/07/2018,Thomas Morper,Porsche,997,NA,NA,Result: 54th (14 laps behind the winner)Grid: 59th (9:24.8280) - 61st fastest qualifier,54th (14 laps behind the winner)Grid: 59th (9:24.8280) - 61st fastest qualifier,finished,59,9:24.8280,14 laps behind the winner,NA,https://www.racingsportscars.com/tn/photo/2013/TN_Nurburgring-2013-05-20-042.jpg,https://www.racingsportscars.com/photo/2013/Nurburgring-2013-05-20-042.jpg,https://www.racingsportscars.com/make/photo/Porsche.html,https://www.racingsportscars.com/type/photo/Porsche/997.html,NA,NA
2013,38,Porsche 997 GT3 - Porsche,55,SP7,Kremer Racing,Closed bodywork,Rear-engined,Pascal Bour (F)/Franck Bulte/Jean Luc Deblangey (F)/Henry Patrick,NA,NA,NA,13/07/2018,Thomas Morper,Porsche,997 GT3,NA,NA,Result: 55th (14 laps behind the winner)Grid: 66th (9:32.6770) - 68th fastest qualifier,55th (14 laps behind the winner)Grid: 66th (9:32.6770) - 68th fastest qualifier,finished,66,9:32.6770,14 laps behind the winner,NA,https://www.racingsportscars.com/tn/photo/2013/TN_Nurburgring-2013-05-20-038.jpg,https://www.racingsportscars.com/photo/2013/Nurburgring-2013-05-20-038.jpg,https://www.racingsportscars.com/make/photo/Porsche.html,https://www.racingsportscars.com/type/photo/Porsche/997%20GT3.html,NA,NA
2013,224,BMW M3 GT - BMW,56,V5,Adrenalin Motorsport,Closed bodywork,Front-engined,Christian Drauch/Christian Büllesbach (D)/Joe Kramer (D),NA,NA,NA,13/07/2018,Thomas Morper,BMW,M3,GT,NA,Result: 56th 1st in V5 (14 laps behind the winner)Grid: 105th (10:08.4110) - 108th fastest qualifier,56th 1st in V5 (14 laps behind the winner)Grid: 105th (10:08.4110) - 108th fastest qualifier,finished,105,10:08.4110,14 laps behind the winner,NA,https://www.racingsportscars.com/tn/photo/2013/TN_Nurburgring-2013-05-20-224.jpg,https://www.racingsportscars.com/photo/2013/Nurburgring-2013-05-20-224.jpg,https://www.racingsportscars.com/make/photo/BMW.html,https://www.racingsportscars.com/type/photo/BMW/M3.html,https://www.racingsportscars.com/suffix/photo/BMW/M3/GT.html,NA
2013,122,Seat León Supercopa - Seat,57,SP3T,Häggenas Auto SE,-,-,Jonas Carlsson/Anders Levin (S)/Mikael Olsson,NA,NA,NA,NA,NA,Seat,León,Supercopa,NA,Result: 57th (15 laps behind the winner)Grid: 101st (10:02.4120) - 103rd fastest qualifier,57th (15 laps behind the winner)Grid: 101st (10:02.4120) - 103rd fastest qualifier,finished,101,10:02.4120,15 laps behind the winner,NA,https://www.racingsportscars.com/images/car_no_photo.png,https://www.racingsportscars.com/about.html#contrib,https://www.racingsportscars.com/make/photo/Seat.html,https://www.racingsportscars.com/type/photo/Seat/Le%c3%b3n.html,https://www.racingsportscars.com/suffix/photo/Seat/Le%c3%b3n/Supercopa.html,NA
2013,142,Renault Clio Cup - Renault,58,SP3T,Roadrunner Racing GmbH,Closed bodywork,Front-engined,Roland Botor (D)/Claus Gronning (DK)/Jürgen Peter (D),NA,NA,NA,NA,NA,Renault,Clio,Cup,NA,Result: 58th (15 laps behind the winner)Grid: 129th (10:28.8850) - 132nd fastest qualifier,58th (15 laps behind the winner)Grid: 129th (10:28.8850) - 132nd fastest qualifier,finished,129,10:28.8850,15 laps behind the winner,NA,https://www.racingsportscars.com/images/car_no_photo.png,https://www.racingsportscars.com/about.html#contrib,https://www.racingsportscars.com/make/photo/Renault.html,https://www.racingsportscars.com/type/photo/Renault/Clio.html,https://www.racingsportscars.com/suffix/photo/Renault/Clio/Cup.html,NA
2013,222,BMW Z4 3.0 Si - BMW,59,V5,Adrenalin Motorsport,-,-,Matthias Unger (D)/Daniel Zils (D)/Norbert Fischer (D)/Timo Schupp (D),NA,NA,NA,NA,NA,BMW,Z4,3.0 Si,NA,Result: 59th (15 laps behind the winner)Grid: 115th (10:13.4630) - 118th fastest qualifier,59th (15 laps behind the winner)Grid: 115th (10:13.4630) - 118th fastest qualifier,finished,115,10:13.4630,15 laps behind the winner,NA,https://www.racingsportscars.com/images/car_no_photo.png,https://www.racingsportscars.com/about.html#contrib,https://www.racingsportscars.com/make/photo/BMW.html,https://www.racingsportscars.com/type/photo/BMW/Z4.html,https://www.racingsportscars.com/suffix/photo/BMW/Z4/3.0%20Si.html,NA
2013,49,Porsche 991 Carrera - Porsche,60,V6,Porsche Center Väst,Closed bodywork,Rear-engined,Sten Carlsson (S)/Anders Carlsson (S)/John Larsson (S)/Claés Lund (S),NA,NA,NA,13/07/2018,Thomas Morper,Porsche,991,Carrera,NA,Result: 60th (15 laps behind the winner)Grid: 94th (9:54.4610) - 96th fastest qualifier,60th (15 laps behind the winner)Grid: 94th (9:54.4610) - 96th fastest qualifier,finished,94,9:54.4610,15 laps behind the winner,NA,https://www.racingsportscars.com/tn/photo/2013/TN_Nurburgring-2013-05-20-049.jpg,https://www.racingsportscars.com/photo/2013/Nurburgring-2013-05-20-049.jpg,https://www.racingsportscars.com/make/photo/Porsche.html,https://www.racingsportscars.com/type/photo/Porsche/991.html,https://www.racingsportscars.com/suffix/photo/Porsche/991/Carrera.html,NA
2013,89,BMW Z4 M Coupe - BMW,61,SP6,Dörr Motorsport GmbH,-,-,Stefan Aust (D)/Andreas Weishaupt (D)/Frank Weishar (D)/Robert Thomson (AUS),NA,NA,NA,13/07/2018,Thomas Morper,BMW,Z4,M Coupe,NA,Result: 61st 1st in SP6 (15 laps behind the winner)Grid: 51st (9:18.0630) - 53rd fastest qualifier,61st 1st in SP6 (15 laps behind the winner)Grid: 51st (9:18.0630) - 53rd fastest qualifier,finished,51,9:18.0630,15 laps behind the winner,NA,https://www.racingsportscars.com/tn/photo/2013/TN_Nurburgring-2013-05-20-089.jpg,https://www.racingsportscars.com/photo/2013/Nurburgring-2013-05-20-089.jpg,https://www.racingsportscars.com/make/photo/BMW.html,https://www.racingsportscars.com/type/photo/BMW/Z4.html,https://www.racingsportscars.com/suffix/photo/BMW/Z4/M%20Coupe.html,NA
2013,28,Porsche 997 GT3 R #WP0ZZZ99ZBS799514 - Porsche F6 4v DOHC 3996 cc N/A,62,SP9 GT3,Manthey Racing (D),Closed bodywork,Rear-engined,Otto Klohs (D)/Jens Richter (D)/Harald Schlotter (D)/Marco Schelp (D),NA,NA,NA,13/07/2018,Thomas Morper,Porsche,997 GT3 R,NA,#WP0ZZZ99ZBS799514,Result: 62nd (15 laps behind the winner)Grid: 38th (8:43.8290) - 37th fastest qualifier,62nd (15 laps behind the winner)Grid: 38th (8:43.8290) - 37th fastest qualifier,finished,38,8:43.8290,15 laps behind the winner,NA,https://www.racingsportscars.com/tn/photo/2013/TN_Nurburgring-2013-05-20-028.jpg,https://www.racingsportscars.com/photo/2013/Nurburgring-2013-05-20-028.jpg,https://www.racingsportscars.com/make/photo/Porsche.html,https://www.racingsportscars.com/type/photo/Porsche/997%20GT3%20R.html,NA,https://www.racingsportscars.com/chassis/photo/WP0ZZZ99ZBS799514.html
2013,84,BMW M3 E46 - BMW,63,SP6,,Closed bodywork,Front-engined,Friedrich Obermeier (CH)/Ben Lake (D)/Hans-Jürgen Wimbauer (D)/Stefan Ladner,NA,NA,NA,13/07/2018,Thomas Morper,BMW,M3,E46,NA,Result: 63rd (15 laps behind the winner)Grid: 81st (9:48.6150) - 83rd fastest qualifier,63rd (15 laps behind the winner)Grid: 81st (9:48.6150) - 83rd fastest qualifier,finished,81,9:48.6150,15 laps behind the winner,NA,https://www.racingsportscars.com/tn/photo/2013/TN_Nurburgring-2013-05-20-084.jpg,https://www.racingsportscars.com/photo/2013/Nurburgring-2013-05-20-084.jpg,https://www.racingsportscars.com/make/photo/BMW.html,https://www.racingsportscars.com/type/photo/BMW/M3.html,https://www.racingsportscars.com/suffix/photo/BMW/M3/E46.html,NA
2013,136,Toyota 86 - Toyota,64,SP3T,Gazoo Racing,-,-,Takayuki Kinoshita (J)/Kumi Sato (J)/Hisashi Yabuki (J)/Yasuo Hirata,NA,NA,NA,13/07/2018,Thomas Morper,Toyota,86,NA,NA,Result: 64th (15 laps behind the winner)Grid: 123rd (10:18.7880) - 126th fastest qualifier,64th (15 laps behind the winner)Grid: 123rd (10:18.7880) - 126th fastest qualifier,finished,123,10:18.7880,15 laps behind the winner,NA,https://www.racingsportscars.com/tn/photo/2013/TN_Nurburgring-2013-05-20-136.jpg,https://www.racingsportscars.com/photo/2013/Nurburgring-2013-05-20-136.jpg,https://www.racingsportscars.com/make/photo/Toyota.html,https://www.racingsportscars.com/type/photo/Toyota/86.html,NA,NA
2013,187,BMW Z4 - BMW,65,V5,,-,-,Axel Duffner (D)/Jaber Al Khalifa/Abdulaziz Al Faisal (KSA)/Rainer Kathan (D),NA,NA,NA,13/07/2018,Thomas Morper,BMW,Z4,NA,NA,Result: 65th (15 laps behind the winner)Grid: 112th (10:12.2850) - 115th fastest qualifier,65th (15 laps behind the winner)Grid: 112th (10:12.2850) - 115th fastest qualifier,finished,112,10:12.2850,15 laps behind the winner,NA,https://www.racingsportscars.com/tn/photo/2013/TN_Nurburgring-2013-05-20-187.jpg,https://www.racingsportscars.com/photo/2013/Nurburgring-2013-05-20-187.jpg,https://www.racingsportscars.com/make/photo/BMW.html,https://www.racingsportscars.com/type/photo/BMW/Z4.html,NA,NA
2013,102,VW Scirocco GT24 - VW L4 N/A,66,SP3T,Götz Motorsport,Closed bodywork,Front-engined,Olaf Schley (D)/Gregory Spark (CDN)/Andres Serrano (EC)/Yasuyoshi Yamamoto (J),NA,NA,NA,13/07/2018,Thomas Morper,VW,Scirocco,GT24,NA,Result: 66th (15 laps behind the winner)Grid: 90th (9:52.5750) - 92nd fastest qualifier,66th (15 laps behind the winner)Grid: 90th (9:52.5750) - 92nd fastest qualifier,finished,90,9:52.5750,15 laps behind the winner,NA,https://www.racingsportscars.com/tn/photo/2013/TN_Nurburgring-2013-05-20-102.jpg,https://www.racingsportscars.com/photo/2013/Nurburgring-2013-05-20-102.jpg,https://www.racingsportscars.com/make/photo/VW.html,https://www.racingsportscars.com/type/photo/VW/Scirocco.html,https://www.racingsportscars.com/suffix/photo/VW/Scirocco/GT24.html,NA
2013,302,Opel Astra J OPC Cup - Opel,67,Cup 1,Lubner-Motorsport,-,-,Axel Jahn (D)/Marcel Hartl (D)/Matthew McFadden (USA)/Alain Pier (L),NA,NA,NA,NA,NA,Opel,Astra,J OPC Cup,NA,Result: 67th (15 laps behind the winner)Grid: 126th (10:23.9460) - 129th fastest qualifier,67th (15 laps behind the winner)Grid: 126th (10:23.9460) - 129th fastest qualifier,finished,126,10:23.9460,15 laps behind the winner,NA,https://www.racingsportscars.com/images/car_no_photo.png,https://www.racingsportscars.com/about.html#contrib,https://www.racingsportscars.com/make/photo/Opel.html,https://www.racingsportscars.com/type/photo/Opel/Astra.html,https://www.racingsportscars.com/suffix/photo/Opel/Astra/J%20OPC%20Cup.html,NA
2013,126,Mini John Cooper Works - N/A,68,SP2T,H & R Spezialfedern GmbH & Co. KG,Closed bodywork,Front-engined,Rainer Partl (D)/Hermann Bock (D)/Felix Partl/Jürgen Bretschneider (D),NA,NA,NA,13/07/2018,Thomas Morper,Mini,John Cooper Works,NA,NA,Result: 68th (15 laps behind the winner)Grid: 135th (10:37.7930) - 140th fastest qualifier,68th (15 laps behind the winner)Grid: 135th (10:37.7930) - 140th fastest qualifier,finished,135,10:37.7930,15 laps behind the winner,NA,https://www.racingsportscars.com/tn/photo/2013/TN_Nurburgring-2013-05-20-126.jpg,https://www.racingsportscars.com/photo/2013/Nurburgring-2013-05-20-126.jpg,https://www.racingsportscars.com/make/photo/Mini.html,https://www.racingsportscars.com/type/photo/Mini/John%20Cooper%20Works.html,NA,NA
2013,87,BMW M3 E46 - BMW,69,SP6,MSC-Rhön e.V. i. ADAC,Closed bodywork,Front-engined,Michael Hess (D)/Kurt Thiel (DK)/Torsten Krey (D)/Hubert Nacken (D),NA,NA,NA,13/07/2018,Thomas Morper,BMW,M3,E46,NA,Result: 69th (16 laps behind the winner)Grid: 68th (9:35.2360) - 70th fastest qualifier,69th (16 laps behind the winner)Grid: 68th (9:35.2360) - 70th fastest qualifier,finished,68,9:35.2360,16 laps behind the winner,NA,https://www.racingsportscars.com/tn/photo/2013/TN_Nurburgring-2013-05-20-087.jpg,https://www.racingsportscars.com/photo/2013/Nurburgring-2013-05-20-087.jpg,https://www.racingsportscars.com/make/photo/BMW.html,https://www.racingsportscars.com/type/photo/BMW/M3.html,https://www.racingsportscars.com/suffix/photo/BMW/M3/E46.html,NA
2013,141,Renault Clio Cup - Renault,70,SP3T,Roadrunner Racing GmbH,Closed bodywork,Front-engined,Mike Juul (DK)/Junichi Umemoto (J)/Thomas Hetzer (D)/Kouichi Okumura (J),NA,NA,NA,NA,NA,Renault,Clio,Cup,NA,Result: 70th (16 laps behind the winner)Grid: 161st (11:08.8900) - 168th fastest qualifier,70th (16 laps behind the winner)Grid: 161st (11:08.8900) - 168th fastest qualifier,finished,161,11:08.8900,16 laps behind the winner,NA,https://www.racingsportscars.com/images/car_no_photo.png,https://www.racingsportscars.com/about.html#contrib,https://www.racingsportscars.com/make/photo/Renault.html,https://www.racingsportscars.com/type/photo/Renault/Clio.html,https://www.racingsportscars.com/suffix/photo/Renault/Clio/Cup.html,NA
2013,186,Porsche Cayman - Porsche,71,V5,,-,-,Andre Krumbach (D)/Nicola Bravetti (CH)/Ivan Reggiani (CH)/Andreas Riedl (D),NA,NA,NA,NA,NA,Porsche,Cayman,NA,NA,Result: 71st (16 laps behind the winner)Grid: 132nd (10:32.9709) - 137th fastest qualifier,71st (16 laps behind the winner)Grid: 132nd (10:32.9709) - 137th fastest qualifier,finished,132,10:32.9709,16 laps behind the winner,NA,https://www.racingsportscars.com/images/car_no_photo.png,https://www.racingsportscars.com/about.html#contrib,https://www.racingsportscars.com/make/photo/Porsche.html,https://www.racingsportscars.com/type/photo/Porsche/Cayman.html,NA,NA
2013,101,Audi TT S - Audi,72,SP3T,,Closed bodywork,Mid-engined,Bernd Hömberg (D)/Alexander Streit/Torsten Platz (D)/Bernhard Henzel (D),NA,NA,NA,NA,NA,Audi,TT,S,NA,Result: 72nd (16 laps behind the winner)Grid: 102nd (10:07.2170) - 105th fastest qualifier,72nd (16 laps behind the winner)Grid: 102nd (10:07.2170) - 105th fastest qualifier,finished,102,10:07.2170,16 laps behind the winner,NA,https://www.racingsportscars.com/images/car_no_photo.png,https://www.racingsportscars.com/about.html#contrib,https://www.racingsportscars.com/make/photo/Audi.html,https://www.racingsportscars.com/type/photo/Audi/TT.html,https://www.racingsportscars.com/suffix/photo/Audi/TT/S.html,NA
2013,108,Seat León Supercopa - Seat,73,SP3T,Team Mathol Racing e.V.,-,-,Jörg Kittelmann (D)/Eberhard Schneider (D)/Klaus-Dieter Müller (D),NA,NA,NA,NA,NA,Seat,León,Supercopa,NA,Result: 73rd (16 laps behind the winner)Grid: 103rd (10:07.7130) - 106th fastest qualifier,73rd (16 laps behind the winner)Grid: 103rd (10:07.7130) - 106th fastest qualifier,finished,103,10:07.7130,16 laps behind the winner,NA,https://www.racingsportscars.com/images/car_no_photo.png,https://www.racingsportscars.com/about.html#contrib,https://www.racingsportscars.com/make/photo/Seat.html,https://www.racingsportscars.com/type/photo/Seat/Le%c3%b3n.html,https://www.racingsportscars.com/suffix/photo/Seat/Le%c3%b3n/Supercopa.html,NA
2013,75,Porsche 997 GT3 - Porsche,74,SP7,Kremer Racing,Closed bodywork,Rear-engined,Eberhard Baunach (D)/Ulf Karlsson (S)/Edgar Salewsky (D)/Martin Kalandrik (D),NA,NA,NA,13/07/2018,Thomas Morper,Porsche,997 GT3,NA,NA,Result: 74th (16 laps behind the winner)Grid: 169th (11:03.2390) - 162nd fastest qualifier,74th (16 laps behind the winner)Grid: 169th (11:03.2390) - 162nd fastest qualifier,finished,169,11:03.2390,16 laps behind the winner,NA,https://www.racingsportscars.com/tn/photo/2013/TN_Nurburgring-2013-05-20-075.jpg,https://www.racingsportscars.com/photo/2013/Nurburgring-2013-05-20-075.jpg,https://www.racingsportscars.com/make/photo/Porsche.html,https://www.racingsportscars.com/type/photo/Porsche/997%20GT3.html,NA,NA
2013,92,BMW M3 - BMW,75,SP4+SP5,SPMSC-Rhön e.V. i. ADAC,Closed bodywork,Front-engined,Harald Rettich (D)/Richard Purtscher (A)/Wolfgang Lang/René Wolff (D),NA,NA,NA,NA,NA,BMW,M3,NA,NA,Result: 75th (17 laps behind the winner)Grid: 145th (10:45.5270) - 150th fastest qualifier,75th (17 laps behind the winner)Grid: 145th (10:45.5270) - 150th fastest qualifier,finished,145,10:45.5270,17 laps behind the winner,NA,https://www.racingsportscars.com/images/car_no_photo.png,https://www.racingsportscars.com/about.html#contrib,https://www.racingsportscars.com/make/photo/BMW.html,https://www.racingsportscars.com/type/photo/BMW/M3.html,NA,NA
2013,6,Aston Martin V8 Vantage - Aston Martin V8/90° 4v DOHC N/A,76,SP8,Aston Martin Test Centre,Closed bodywork,Front-engined,Mal Rose (AUS)/Joachim Kern/Egon Allgäuer (A)/Peter Leemhuis (AUS),NA,NA,NA,13/07/2018,Thomas Morper,Aston Martin,V8 Vantage,NA,NA,Result: 76th (17 laps behind the winner)Grid: 74th (9:43.6760) - 76th fastest qualifier,76th (17 laps behind the winner)Grid: 74th (9:43.6760) - 76th fastest qualifier,finished,74,9:43.6760,17 laps behind the winner,NA,https://www.racingsportscars.com/tn/photo/2013/TN_Nurburgring-2013-05-20-00006.jpg,https://www.racingsportscars.com/photo/2013/Nurburgring-2013-05-20-00006.jpg,https://www.racingsportscars.com/make/photo/Aston%20Martin.html,https://www.racingsportscars.com/type/photo/Aston%20Martin/V8%20Vantage.html,NA,NA
2013,124,Mini Cooper S - BMW N/A,77,SP2T,Besaplast Racing Team 2,Closed bodywork,Front-engined,Franjo Kovac (HR)/Fredrik Lestrup (S)/Ralf Eisenreich (D)/Jürgen Schmarl (A),NA,NA,NA,13/07/2018,Thomas Morper,Mini,Cooper,S,NA,Result: 77th (17 laps behind the winner)Grid: 118th (10:15.5410) - 121st fastest qualifier,77th (17 laps behind the winner)Grid: 118th (10:15.5410) - 121st fastest qualifier,finished,118,10:15.5410,17 laps behind the winner,NA,https://www.racingsportscars.com/tn/photo/2013/TN_Nurburgring-2013-05-20-124.jpg,https://www.racingsportscars.com/photo/2013/Nurburgring-2013-05-20-124.jpg,https://www.racingsportscars.com/make/photo/Mini.html,https://www.racingsportscars.com/type/photo/Mini/Cooper.html,https://www.racingsportscars.com/suffix/photo/Mini/Cooper/S.html,NA
2013,177,BMW E46 - BMW,78,V6,SFG Schönau e.V. i. ADAC,-,-,Michael Clemens/Angus Chapal/Garth Duffy (AUS)/Hajo Müller (D),NA,NA,NA,NA,NA,BMW,E46,NA,NA,Result: 78th (17 laps behind the winner)Grid: 84th (9:49.4030) - 86th fastest qualifier,78th (17 laps behind the winner)Grid: 84th (9:49.4030) - 86th fastest qualifier,finished,84,9:49.4030,17 laps behind the winner,NA,https://www.racingsportscars.com/images/car_no_photo.png,https://www.racingsportscars.com/about.html#contrib,https://www.racingsportscars.com/make/photo/BMW.html,https://www.racingsportscars.com/type/photo/BMW/E46.html,NA,NA
2013,43,BMW E82 GTS - BMW,79,SP8,Adrenalin Motorsport,-,-,Thomas Ahles (D)/Andreas Winkler (D)/Frank Thomas (USA)/Torsten Kratz (D),NA,NA,NA,22/02/2019,Thomas Morper,BMW,E82,GTS,NA,Result: 79th (17 laps behind the winner)Grid: 76th (9:44.4070) - 78th fastest qualifier,79th (17 laps behind the winner)Grid: 76th (9:44.4070) - 78th fastest qualifier,finished,76,9:44.4070,17 laps behind the winner,NA,https://www.racingsportscars.com/tn/photo/2013/TN_Nurburgring-2013-05-20-043.jpg,https://www.racingsportscars.com/photo/2013/Nurburgring-2013-05-20-043.jpg,https://www.racingsportscars.com/make/photo/BMW.html,https://www.racingsportscars.com/type/photo/BMW/E82.html,https://www.racingsportscars.com/suffix/photo/BMW/E82/GTS.html,NA
2013,194,BMW 325i E90 - BMW,80,V4,,-,-,Michael Mönch (D)/Dirk Vleugels (D)/Thomas Müller (D)/Bruno Beulen (B),NA,NA,NA,NA,NA,BMW,325i,E90,NA,Result: 80th (17 laps behind the winner)Grid: 130th (10:31.9800) - 134th fastest qualifier,80th (17 laps behind the winner)Grid: 130th (10:31.9800) - 134th fastest qualifier,finished,130,10:31.9800,17 laps behind the winner,NA,https://www.racingsportscars.com/images/car_no_photo.png,https://www.racingsportscars.com/about.html#contrib,https://www.racingsportscars.com/make/photo/BMW.html,https://www.racingsportscars.com/type/photo/BMW/325i.html,https://www.racingsportscars.com/suffix/photo/BMW/325i/E90.html,NA
2013,85,BMW M3 CSL # - BMW,81,SP6,Hofor-Racing,Closed bodywork,Front-engined,Michael Kroll (CH)/Chantal Kroll (CH)/Roland Eggimann (CH)/Bruno Widmer,NA,NA,NA,22/02/2019,Thomas Morper,BMW,M3,CSL,#,Result: 81st (17 laps behind the winner)Grid: 113th (10:12.7270) - 116th fastest qualifier,81st (17 laps behind the winner)Grid: 113th (10:12.7270) - 116th fastest qualifier,finished,113,10:12.7270,17 laps behind the winner,NA,https://www.racingsportscars.com/tn/photo/2013/TN_Nurburgring-2013-05-20-085.jpg,https://www.racingsportscars.com/photo/2013/Nurburgring-2013-05-20-085.jpg,https://www.racingsportscars.com/make/photo/BMW.html,https://www.racingsportscars.com/type/photo/BMW/M3.html,https://www.racingsportscars.com/suffix/photo/BMW/M3/CSL.html,https://www.racingsportscars.com/chassis/photo/M3-CSL-Hofor%23.html
2013,62,Aston Martin V8 Vantage GT4 - Aston Martin V8/90° 4v DOHC 4735 cc N/A,82,SP10 GT4,Rheydter Club f. Motorsport e.V. i. DMV,Closed bodywork,Front-engined,Stefan Kenntemich (D)/Michael Pflüger (CH)/Olivier Muytjens (B)/Donald Molenaar (NL),NA,NA,NA,13/07/2018,Thomas Morper,Aston Martin,V8 Vantage,GT4,NA,Result: 82nd (18 laps behind the winner)Grid: 92nd (9:53.6960) - 94th fastest qualifier,82nd (18 laps behind the winner)Grid: 92nd (9:53.6960) - 94th fastest qualifier,finished,92,9:53.6960,18 laps behind the winner,NA,https://www.racingsportscars.com/tn/photo/2013/TN_Nurburgring-2013-05-20-062.jpg,https://www.racingsportscars.com/photo/2013/Nurburgring-2013-05-20-062.jpg,https://www.racingsportscars.com/make/photo/Aston%20Martin.html,https://www.racingsportscars.com/type/photo/Aston%20Martin/V8%20Vantage.html,https://www.racingsportscars.com/suffix/photo/Aston%20Martin/V8%20Vantage/GT4.html,NA
2013,149,Renault Clio - Renault,83,SP3T,Raceunion Teichmann Racing,Closed bodywork,Front-engined,Marcel Schaaf/Michael Schneider (D)/Herbert von Danwitz (D)/Christian Steffens (D),NA,NA,NA,13/07/2018,Thomas Morper,Renault,Clio,NA,NA,Result: 83rd (18 laps behind the winner)Grid: 136th (10:37.8550) - 141st fastest qualifier,83rd (18 laps behind the winner)Grid: 136th (10:37.8550) - 141st fastest qualifier,finished,136,10:37.8550,18 laps behind the winner,NA,https://www.racingsportscars.com/tn/photo/2013/TN_Nurburgring-2013-05-20-149.jpg,https://www.racingsportscars.com/photo/2013/Nurburgring-2013-05-20-149.jpg,https://www.racingsportscars.com/make/photo/Renault.html,https://www.racingsportscars.com/type/photo/Renault/Clio.html,NA,NA
2013,139,Renault Clio # - Renault,84,SP3T,,Closed bodywork,Front-engined,"Xavier Lamadrid (MEX)/Xavier Lamadrid, Jr. (MEX)/Massimiliano Girardo (GB)/Nicolas Abril (CH)",NA,NA,NA,NA,NA,Renault,Clio,NA,#,Result: 84th (19 laps behind the winner)Grid: 149th (10:46.0570) - 154th fastest qualifier,84th (19 laps behind the winner)Grid: 149th (10:46.0570) - 154th fastest qualifier,finished,149,10:46.0570,19 laps behind the winner,NA,https://www.racingsportscars.com/images/car_no_photo.png,https://www.racingsportscars.com/about.html#contrib,https://www.racingsportscars.com/make/photo/Renault.html,https://www.racingsportscars.com/type/photo/Renault/Clio.html,NA,https://www.racingsportscars.com/chassis/photo/Clio-Lamadrid%23.html
2013,196,BMW 325i - BMW,85,V4,,-,-,Gerald Fischer (A)/Michael Hollerweger (A)/Stephan Lipp (D)/Martin Niedertscheider (A),NA,NA,NA,13/07/2018,Thomas Morper,BMW,325i,NA,NA,Result: 85th (19 laps behind the winner)Grid: 134th (10:36.1970) - 139th fastest qualifier,85th (19 laps behind the winner)Grid: 134th (10:36.1970) - 139th fastest qualifier,finished,134,10:36.1970,19 laps behind the winner,NA,https://www.racingsportscars.com/tn/photo/2013/TN_Nurburgring-2013-05-20-196.jpg,https://www.racingsportscars.com/photo/2013/Nurburgring-2013-05-20-196.jpg,https://www.racingsportscars.com/make/photo/BMW.html,https://www.racingsportscars.com/type/photo/BMW/325i.html,NA,NA
2013,198,BMW 325i - BMW,86,V4,,-,-,Kornelius Hoffmann (D)/Peter Hoffmann (D)/Dirk Roth (D)/Steffen Roth,NA,NA,NA,13/07/2018,Thomas Morper,BMW,325i,NA,NA,Result: 86th (19 laps behind the winner)Grid: 138th (10:39.4570) - 143rd fastest qualifier,86th (19 laps behind the winner)Grid: 138th (10:39.4570) - 143rd fastest qualifier,finished,138,10:39.4570,19 laps behind the winner,NA,https://www.racingsportscars.com/tn/photo/2013/TN_Nurburgring-2013-05-20-198.jpg,https://www.racingsportscars.com/photo/2013/Nurburgring-2013-05-20-198.jpg,https://www.racingsportscars.com/make/photo/BMW.html,https://www.racingsportscars.com/type/photo/BMW/325i.html,NA,NA
2013,172,BMW M3 - BMW,87,V6,,Closed bodywork,Front-engined,Andrei Sidorenko (D)/Dmitriy Lukovnikov (MC)/Marc Jaussi/Bernd Kleeschulte (D),NA,NA,NA,13/07/2018,Thomas Morper,BMW,M3,NA,NA,Result: 87th (19 laps behind the winner)Grid: 111th (10:12.2790) - 114th fastest qualifier,87th (19 laps behind the winner)Grid: 111th (10:12.2790) - 114th fastest qualifier,finished,111,10:12.2790,19 laps behind the winner,NA,https://www.racingsportscars.com/tn/photo/2013/TN_Nurburgring-2013-05-20-172.jpg,https://www.racingsportscars.com/photo/2013/Nurburgring-2013-05-20-172.jpg,https://www.racingsportscars.com/make/photo/BMW.html,https://www.racingsportscars.com/type/photo/BMW/M3.html,NA,NA
2013,86,BMW M3 CSL SMG - BMW,88,SP6,Hofor-Racing,Closed bodywork,Front-engined,Martin Kroll (CH)/Chantal Kroll (CH)/Michael Kroll (CH)/Richard Feller (CH),NA,NA,NA,NA,NA,BMW,M3,CSL SMG,NA,Result: 88th (19 laps behind the winner)Grid: 125th (10:22.4230) - 128th fastest qualifier,88th (19 laps behind the winner)Grid: 125th (10:22.4230) - 128th fastest qualifier,finished,125,10:22.4230,19 laps behind the winner,NA,https://www.racingsportscars.com/images/car_no_photo.png,https://www.racingsportscars.com/about.html#contrib,https://www.racingsportscars.com/make/photo/BMW.html,https://www.racingsportscars.com/type/photo/BMW/M3.html,https://www.racingsportscars.com/suffix/photo/BMW/M3/CSL%20SMG.html,NA
2013,197,BMW 325 - BMW,89,V4,,-,-,Petra Baecker/Steve Liquorish (GB)/Samo Mazi (CH)/Friedrich Nordmeier,NA,NA,NA,NA,NA,BMW,325,NA,NA,Result: 89th (19 laps behind the winner)Grid: 162nd (11:14.0740) - 169th fastest qualifier,89th (19 laps behind the winner)Grid: 162nd (11:14.0740) - 169th fastest qualifier,finished,162,11:14.0740,19 laps behind the winner,NA,https://www.racingsportscars.com/images/car_no_photo.png,https://www.racingsportscars.com/about.html#contrib,https://www.racingsportscars.com/make/photo/BMW.html,https://www.racingsportscars.com/type/photo/BMW/325.html,NA,NA
2013,119,Audi TT - Audi,90,SP3T,,Closed bodywork,Mid-engined,"Jörg Wellnitz (D)/Manfred Krammer, Jr./Thomas Mühlenz (D)",NA,NA,NA,13/07/2018,Thomas Morper,Audi,TT,NA,NA,Result: 90th (19 laps behind the winner)Grid: 152nd (10:51.2350) - 158th fastest qualifier,90th (19 laps behind the winner)Grid: 152nd (10:51.2350) - 158th fastest qualifier,finished,152,10:51.2350,19 laps behind the winner,NA,https://www.racingsportscars.com/tn/photo/2013/TN_Nurburgring-2013-05-20-119.jpg,https://www.racingsportscars.com/photo/2013/Nurburgring-2013-05-20-119.jpg,https://www.racingsportscars.com/make/photo/Audi.html,https://www.racingsportscars.com/type/photo/Audi/TT.html,NA,NA
2013,160,Audi A4 quattro # - Audi,91,AT,,-,-,Thomas Hanisch (D)/Bastian Goercke (D)/Stefan Gies (D),NA,NA,NA,NA,NA,Audi,A4,quattro,#,Result: 91st 1st in AT (19 laps behind the winner)Grid: 157th (11:03.6290) - 164th fastest qualifier,91st 1st in AT (19 laps behind the winner)Grid: 157th (11:03.6290) - 164th fastest qualifier,finished,157,11:03.6290,19 laps behind the winner,NA,https://www.racingsportscars.com/images/car_no_photo.png,https://www.racingsportscars.com/about.html#contrib,https://www.racingsportscars.com/make/photo/Audi.html,https://www.racingsportscars.com/type/photo/Audi/A4.html,https://www.racingsportscars.com/suffix/photo/Audi/A4/quattro.html,https://www.racingsportscars.com/chassis/photo/Tuning%20Academy%20001.html
2013,130,Hyundai Veloster Turbo - Hyundai,92,SP2T,Hyundai Motor Deutschland,-,-,Paul Englert (D)/Martin Zondler/Markus Lungstrass (D)/Brice Bosi (L),NA,NA,NA,NA,NA,Hyundai,Veloster,Turbo,NA,Result: 92nd (20 laps behind the winner)Grid: 131st (10:32.7300) - 135th fastest qualifier,92nd (20 laps behind the winner)Grid: 131st (10:32.7300) - 135th fastest qualifier,finished,131,10:32.7300,20 laps behind the winner,NA,https://www.racingsportscars.com/images/car_no_photo.png,https://www.racingsportscars.com/about.html#contrib,https://www.racingsportscars.com/make/photo/Hyundai.html,https://www.racingsportscars.com/type/photo/Hyundai/Veloster.html,https://www.racingsportscars.com/suffix/photo/Hyundai/Veloster/Turbo.html,NA
2013,214,Toyota GT86 # - Toyota,93,V3,Toyota Swiss Racing Team,-,-,Mark Benz (CH)/Christoph Wüest (CH)/Werner Schmid/Roger Vögeli (CH),NA,NA,NA,NA,NA,Toyota,GT86,NA,#,Result: 93rd 1st in V3 (20 laps behind the winner)Grid: 151st (10:50.0840) - 157th fastest qualifier,93rd 1st in V3 (20 laps behind the winner)Grid: 151st (10:50.0840) - 157th fastest qualifier,finished,151,10:50.0840,20 laps behind the winner,NA,https://www.racingsportscars.com/images/car_no_photo.png,https://www.racingsportscars.com/about.html#contrib,https://www.racingsportscars.com/make/photo/Toyota.html,https://www.racingsportscars.com/type/photo/Toyota/GT86.html,NA,https://www.racingsportscars.com/chassis/photo/GT86-Swiss%23.html
2013,201,BMW 325i - BMW,94,V4,MSC Wahlscheid e.V. i. ADAC,-,-,Rolf Derscheid/Michael Flehmer/Mark Giesbrecht (D)/Zoran Radulovic (D),NA,NA,NA,13/07/2018,Thomas Morper,BMW,325i,NA,NA,Result: 94th (20 laps behind the winner)Grid: 128th (10:27.5050) - 131st fastest qualifier,94th (20 laps behind the winner)Grid: 128th (10:27.5050) - 131st fastest qualifier,finished,128,10:27.5050,20 laps behind the winner,NA,https://www.racingsportscars.com/tn/photo/2013/TN_Nurburgring-2013-05-20-201.jpg,https://www.racingsportscars.com/photo/2013/Nurburgring-2013-05-20-201.jpg,https://www.racingsportscars.com/make/photo/BMW.html,https://www.racingsportscars.com/type/photo/BMW/325i.html,NA,NA
2013,211,Toyota GT86 TMG Cup - Toyota,95,V3,Dörr Motorsport GmbH,-,-,Heiko Hahn (D)/Roland Konrad (D)/Hans-Martin Gass (D)/Kristian Vetter (D),NA,NA,NA,NA,NA,Toyota,GT86,TMG Cup,NA,Result: 95th (20 laps behind the winner)Grid: 147th (10:45.9600) - 152nd fastest qualifier,95th (20 laps behind the winner)Grid: 147th (10:45.9600) - 152nd fastest qualifier,finished,147,10:45.9600,20 laps behind the winner,NA,https://www.racingsportscars.com/images/car_no_photo.png,https://www.racingsportscars.com/about.html#contrib,https://www.racingsportscars.com/make/photo/Toyota.html,https://www.racingsportscars.com/type/photo/Toyota/GT86.html,https://www.racingsportscars.com/suffix/photo/Toyota/GT86/TMG%20Cup.html,NA
2013,210,Toyota GT86 TMG Cup - Toyota,96,V3,Dörr Motorsport GmbH,-,-,Dirk Heldmann (D)/Giampaolo Tenchini (I)/Alexander Hofmann/Rolf Scheibner (D),NA,NA,NA,NA,NA,Toyota,GT86,TMG Cup,NA,Result: 96th (20 laps behind the winner)Grid: 133rd (10:34.2250) - 138th fastest qualifier,96th (20 laps behind the winner)Grid: 133rd (10:34.2250) - 138th fastest qualifier,finished,133,10:34.2250,20 laps behind the winner,NA,https://www.racingsportscars.com/images/car_no_photo.png,https://www.racingsportscars.com/about.html#contrib,https://www.racingsportscars.com/make/photo/Toyota.html,https://www.racingsportscars.com/type/photo/Toyota/GT86.html,https://www.racingsportscars.com/suffix/photo/Toyota/GT86/TMG%20Cup.html,NA
2013,209,Toyota GT86 TMG Cup - Toyota,97,V3,Dörr Motorsport GmbH,-,-,Max Sandritter (D)/Dierk Möller-Sonntag (D)/Markus Großmann (D)/Guido Naumann (D),NA,NA,NA,NA,NA,Toyota,GT86,TMG Cup,NA,Result: 97th (21 laps behind the winner)Grid: 148th (10:46.0350) - 153rd fastest qualifier,97th (21 laps behind the winner)Grid: 148th (10:46.0350) - 153rd fastest qualifier,finished,148,10:46.0350,21 laps behind the winner,NA,https://www.racingsportscars.com/images/car_no_photo.png,https://www.racingsportscars.com/about.html#contrib,https://www.racingsportscars.com/make/photo/Toyota.html,https://www.racingsportscars.com/type/photo/Toyota/GT86.html,https://www.racingsportscars.com/suffix/photo/Toyota/GT86/TMG%20Cup.html,NA
2013,129,Mini John Cooper Works - BMW N/A,98,SP2T,,Closed bodywork,Front-engined,Ralf Zensen (D)/Julian Dercks (D)/Lothar Wilms (D)/Christopher Peters (D),NA,NA,NA,13/07/2018,Thomas Morper,Mini,John Cooper Works,NA,NA,Result: 98th (21 laps behind the winner)Grid: 142nd (10:43.7570) - 147th fastest qualifier,98th (21 laps behind the winner)Grid: 142nd (10:43.7570) - 147th fastest qualifier,finished,142,10:43.7570,21 laps behind the winner,NA,https://www.racingsportscars.com/tn/photo/2013/TN_Nurburgring-2013-05-20-129.jpg,https://www.racingsportscars.com/photo/2013/Nurburgring-2013-05-20-129.jpg,https://www.racingsportscars.com/make/photo/Mini.html,https://www.racingsportscars.com/type/photo/Mini/John%20Cooper%20Works.html,NA,NA
2013,213,Toyota GT86 - Toyota,99,V3,Toyota Swiss Racing Team,-,-,Lorenz Frey (CH)/Peter Wyss (CH)/Andreas Lanz (CH)/Toni Büeler (CH),NA,NA,NA,NA,NA,Toyota,GT86,NA,NA,Result: 99th (21 laps behind the winner)Grid: 139th (10:41.7570) - 144th fastest qualifier,99th (21 laps behind the winner)Grid: 139th (10:41.7570) - 144th fastest qualifier,finished,139,10:41.7570,21 laps behind the winner,NA,https://www.racingsportscars.com/images/car_no_photo.png,https://www.racingsportscars.com/about.html#contrib,https://www.racingsportscars.com/make/photo/Toyota.html,https://www.racingsportscars.com/type/photo/Toyota/GT86.html,NA,NA
2013,140,Opel Manta B2 #WOL000058G6124929 - Opel,100,SP3T,Kissling Motorsport (D),Closed bodywork,Front-engined,Olaf Beckmann (D)/Volker Strycek (D)/Peter Hass (D)/Jürgen Schulten (D),NA,NA,NA,13/07/2018,Thomas Morper,Opel,Manta,B2,#WOL000058G6124929,Result: 100th (21 laps behind the winner)Grid: 75th (9:43.8370) - 77th fastest qualifier,100th (21 laps behind the winner)Grid: 75th (9:43.8370) - 77th fastest qualifier,finished,75,9:43.8370,21 laps behind the winner,NA,https://www.racingsportscars.com/tn/photo/2013/TN_Nurburgring-2013-05-20-140.jpg,https://www.racingsportscars.com/photo/2013/Nurburgring-2013-05-20-140.jpg,https://www.racingsportscars.com/make/photo/Opel.html,https://www.racingsportscars.com/type/photo/Opel/Manta.html,https://www.racingsportscars.com/suffix/photo/Opel/Manta/B2.html,https://www.racingsportscars.com/chassis/photo/WOL000058G6124929.html
2013,195,BMW 325i E90 - BMW,101,V4,dmsj Youngster-Racing-Team,-,-,Sascha Friedrich/Marcel Hellberg/Sönke Glöde (D)/Robin Strycek (D),NA,NA,NA,NA,NA,BMW,325i,E90,NA,Result: 101st (21 laps behind the winner)Grid: 158th (11:04.0610) - 165th fastest qualifier,101st (21 laps behind the winner)Grid: 158th (11:04.0610) - 165th fastest qualifier,finished,158,11:04.0610,21 laps behind the winner,NA,https://www.racingsportscars.com/images/car_no_photo.png,https://www.racingsportscars.com/about.html#contrib,https://www.racingsportscars.com/make/photo/BMW.html,https://www.racingsportscars.com/type/photo/BMW/325i.html,https://www.racingsportscars.com/suffix/photo/BMW/325i/E90.html,NA
2013,104,Ford Focus - Ford,102,SP4T,,-,-,Stephan Wölflick (D)/Urs Bressan (D)/Jürgen Gagstatter (D),NA,NA,NA,13/07/2018,Thomas Morper,Ford,Focus,NA,NA,Result: 102nd (21 laps behind the winner)Grid: 97th (9:56.0430) - 99th fastest qualifier,102nd (21 laps behind the winner)Grid: 97th (9:56.0430) - 99th fastest qualifier,finished,97,9:56.0430,21 laps behind the winner,NA,https://www.racingsportscars.com/tn/photo/2013/TN_Nurburgring-2013-05-20-104.jpg,https://www.racingsportscars.com/photo/2013/Nurburgring-2013-05-20-104.jpg,https://www.racingsportscars.com/make/photo/Ford.html,https://www.racingsportscars.com/type/photo/Ford/Focus.html,NA,NA
2013,223,BMW Z4 3.0 Si - BMW,103,V5,Adrenalin Motorsport,-,-,Raphael Klingmann (D)/Sebastian Krell (D)/Jörg Krell (D)/Rolf Weißenfels (D),NA,NA,NA,13/07/2018,Thomas Morper,BMW,Z4,3.0 Si,NA,Result: 103rd (21 laps behind the winner)Grid: 141st (10:43.0870) - 146th fastest qualifier,103rd (21 laps behind the winner)Grid: 141st (10:43.0870) - 146th fastest qualifier,finished,141,10:43.0870,21 laps behind the winner,NA,https://www.racingsportscars.com/tn/photo/2013/TN_Nurburgring-2013-05-20-223.jpg,https://www.racingsportscars.com/photo/2013/Nurburgring-2013-05-20-223.jpg,https://www.racingsportscars.com/make/photo/BMW.html,https://www.racingsportscars.com/type/photo/BMW/Z4.html,https://www.racingsportscars.com/suffix/photo/BMW/Z4/3.0%20Si.html,NA
2013,83,Porsche Cayman S - Porsche,104,SP6,,-,-,"Einar Thorsen (N)/Meyrick Cox (GB)/""Bugs Bunny"" (D)/Oleg Kvitka (RUS)",NA,NA,NA,22/02/2019,Thomas Morper,Porsche,Cayman,S,NA,Result: 104th (22 laps behind the winner)Grid: 79th (9:47.1760) - 81st fastest qualifier,104th (22 laps behind the winner)Grid: 79th (9:47.1760) - 81st fastest qualifier,finished,79,9:47.1760,22 laps behind the winner,NA,https://www.racingsportscars.com/tn/photo/2013/TN_Nurburgring-2013-05-20-083.jpg,https://www.racingsportscars.com/photo/2013/Nurburgring-2013-05-20-083.jpg,https://www.racingsportscars.com/make/photo/Porsche.html,https://www.racingsportscars.com/type/photo/Porsche/Cayman.html,https://www.racingsportscars.com/suffix/photo/Porsche/Cayman/S.html,NA
2013,5,Aston Martin V12 Vantage - Aston Martin V12/60° 4v DOHC N/A,105,SP8,Aston Martin Test Centre,Closed bodywork,Front-engined,Oliver Mathai (D)/Richard Meaden (GB)/Peter Cate (GB)/Andreas Gülden (D),NA,NA,NA,13/07/2018,Thomas Morper,Aston Martin,V12 Vantage,NA,NA,Result: 105th (22 laps behind the winner)Grid: 62nd (9:26.7330) - 64th fastest qualifier,105th (22 laps behind the winner)Grid: 62nd (9:26.7330) - 64th fastest qualifier,finished,62,9:26.7330,22 laps behind the winner,NA,https://www.racingsportscars.com/tn/photo/2013/TN_Nurburgring-2013-05-20-00005.jpg,https://www.racingsportscars.com/photo/2013/Nurburgring-2013-05-20-00005.jpg,https://www.racingsportscars.com/make/photo/Aston%20Martin.html,https://www.racingsportscars.com/type/photo/Aston%20Martin/V12%20Vantage.html,NA,NA
2013,174,BMW M3 E46 - BMW,106,V6,,Closed bodywork,Front-engined,Philippe Devesa/Shosaku Mizutani/Shogo Mitsuyama (J)/Yokomizo Naoki (J),NA,NA,NA,NA,NA,BMW,M3,E46,NA,Result: 106th (22 laps behind the winner)Grid: 160th (11:06.5320) - 167th fastest qualifier,106th (22 laps behind the winner)Grid: 160th (11:06.5320) - 167th fastest qualifier,finished,160,11:06.5320,22 laps behind the winner,NA,https://www.racingsportscars.com/images/car_no_photo.png,https://www.racingsportscars.com/about.html#contrib,https://www.racingsportscars.com/make/photo/BMW.html,https://www.racingsportscars.com/type/photo/BMW/M3.html,https://www.racingsportscars.com/suffix/photo/BMW/M3/E46.html,NA
2013,156,BMW 135 D GTR - BMW,107,D1T+D2T,,-,-,Nick Barrow (GB)/Mathew Hodges/Jamie Morrow/Dave Cox (GB),NA,NA,NA,13/07/2018,Thomas Morper,BMW,135,D GTR,NA,Result: 107th 1st in D1T+D2T (23 laps behind the winner)Grid: 117th (10:14.7640) - 120th fastest qualifier,107th 1st in D1T+D2T (23 laps behind the winner)Grid: 117th (10:14.7640) - 120th fastest qualifier,finished,117,10:14.7640,23 laps behind the winner,NA,https://www.racingsportscars.com/tn/photo/2013/TN_Nurburgring-2013-05-20-156.jpg,https://www.racingsportscars.com/photo/2013/Nurburgring-2013-05-20-156.jpg,https://www.racingsportscars.com/make/photo/BMW.html,https://www.racingsportscars.com/type/photo/BMW/135.html,https://www.racingsportscars.com/suffix/photo/BMW/135/D%20GTR.html,NA
2013,212,Toyota GT86 - Toyota,108,V3,Toyota Swiss Racing Team,-,-,Frederic Yerly (CH)/Roland Schmid/Benjamin Leuenberger (CH)/Olivier Burri (CH),NA,NA,NA,13/07/2018,Thomas Morper,Toyota,GT86,NA,NA,Result: 108th (23 laps behind the winner)Grid: 127th (10:24.1530) - 130th fastest qualifier,108th (23 laps behind the winner)Grid: 127th (10:24.1530) - 130th fastest qualifier,finished,127,10:24.1530,23 laps behind the winner,NA,https://www.racingsportscars.com/tn/photo/2013/TN_Nurburgring-2013-05-20-212.jpg,https://www.racingsportscars.com/photo/2013/Nurburgring-2013-05-20-212.jpg,https://www.racingsportscars.com/make/photo/Toyota.html,https://www.racingsportscars.com/type/photo/Toyota/GT86.html,NA,NA
2013,48,Porsche 997 GT3 Cup - Porsche F6 4v DOHC N/A,109,SP7,Roadrunner Racing GmbH,Closed bodywork,Rear-engined,Fabrice Reicher (F)/Patrick Ancelet/Daniel Dupont (F)/Alain Giavedoni,NA,NA,NA,13/07/2018,Thomas Morper,Porsche,997 GT3 Cup,NA,NA,Result: 109th (23 laps behind the winner)Grid: 87th (9:51.5410) - 89th fastest qualifier,109th (23 laps behind the winner)Grid: 87th (9:51.5410) - 89th fastest qualifier,finished,87,9:51.5410,23 laps behind the winner,NA,https://www.racingsportscars.com/tn/photo/2013/TN_Nurburgring-2013-05-20-048.jpg,https://www.racingsportscars.com/photo/2013/Nurburgring-2013-05-20-048.jpg,https://www.racingsportscars.com/make/photo/Porsche.html,https://www.racingsportscars.com/type/photo/Porsche/997%20GT3%20Cup.html,NA,NA
2013,150,Renault Clio - Renault,110,SP3T,Raceunion Teichmann Racing,Closed bodywork,Front-engined,Sergey Matveev (RUS)/Joachim Steidel (D)/Jukka Nieminen (FIN)/Ugo Vicenzi (I),NA,NA,NA,NA,NA,Renault,Clio,NA,NA,Result: 110th (23 laps behind the winner)Grid: 170th (12:16.7250) - 174th fastest qualifier,110th (23 laps behind the winner)Grid: 170th (12:16.7250) - 174th fastest qualifier,finished,170,12:16.7250,23 laps behind the winner,NA,https://www.racingsportscars.com/images/car_no_photo.png,https://www.racingsportscars.com/about.html#contrib,https://www.racingsportscars.com/make/photo/Renault.html,https://www.racingsportscars.com/type/photo/Renault/Clio.html,NA,NA
2013,169,BMW Z4 M Coupe - BMW,111,V6,,-,-,Alexey Veremenko (RUS)/Sergei Borisov (RUS)/Alexander Rappold (D)/Egons Lapins,NA,NA,NA,13/07/2018,Thomas Morper,BMW,Z4,M Coupe,NA,Result: 111th (23 laps behind the winner)Grid: 71st (9:38.9400) - 73rd fastest qualifier,111th (23 laps behind the winner)Grid: 71st (9:38.9400) - 73rd fastest qualifier,finished,71,9:38.9400,23 laps behind the winner,NA,https://www.racingsportscars.com/tn/photo/2013/TN_Nurburgring-2013-05-20-169.jpg,https://www.racingsportscars.com/photo/2013/Nurburgring-2013-05-20-169.jpg,https://www.racingsportscars.com/make/photo/BMW.html,https://www.racingsportscars.com/type/photo/BMW/Z4.html,https://www.racingsportscars.com/suffix/photo/BMW/Z4/M%20Coupe.html,NA
2013,113,VW Golf R - VW,112,SP3T,ACFL Sport Team Liechtenstein,Closed bodywork,Front-engined,Johann Wanger (FL)/Klaus Bauer (CH)/Ueli Schlegel/Matthias Wasel (D),NA,NA,NA,13/07/2018,Thomas Morper,VW,Golf,R,NA,Result: 112th (24 laps behind the winner)Grid: 98th (9:56.4450) - 100th fastest qualifier,112th (24 laps behind the winner)Grid: 98th (9:56.4450) - 100th fastest qualifier,finished,98,9:56.4450,24 laps behind the winner,NA,https://www.racingsportscars.com/tn/photo/2013/TN_Nurburgring-2013-05-20-113.jpg,https://www.racingsportscars.com/photo/2013/Nurburgring-2013-05-20-113.jpg,https://www.racingsportscars.com/make/photo/VW.html,https://www.racingsportscars.com/type/photo/VW/Golf.html,https://www.racingsportscars.com/suffix/photo/VW/Golf/R.html,NA
2013,133,BMW 325i E36 # - BMW,113,SP4+SP5,,-,-,Peep Pihotalo/Roul Liidemann/Keijo Kaasik/Erki Koldits,NA,NA,NA,13/07/2018,Thomas Morper,BMW,325i,E36,#,Result: 113th (26 laps behind the winner)Grid: 163rd (11:20.2350) - 170th fastest qualifier,113th (26 laps behind the winner)Grid: 163rd (11:20.2350) - 170th fastest qualifier,finished,163,11:20.2350,26 laps behind the winner,NA,https://www.racingsportscars.com/tn/photo/2013/TN_Nurburgring-2013-05-20-133.jpg,https://www.racingsportscars.com/photo/2013/Nurburgring-2013-05-20-133.jpg,https://www.racingsportscars.com/make/photo/BMW.html,https://www.racingsportscars.com/type/photo/BMW/325i.html,https://www.racingsportscars.com/suffix/photo/BMW/325i/E36.html,https://www.racingsportscars.com/chassis/photo/325-SorgRennsport%23.html
2013,100,Aston Martin Rapide S - Aston Martin,114,E1-XP2,Aston Martin Test Centre,-,-,Ulrich Bez (D)/Wolfgang Schuhbauer (D)/Matthew Marsh (GB)/Shin'ichi Katsura (J),NA,NA,NA,13/07/2018,Thomas Morper,Aston Martin,Rapide,S,NA,Result: 114th 1st in E1-XP2 (27 laps behind the winner)Grid: 82nd (9:48.6360) - 84th fastest qualifier,114th 1st in E1-XP2 (27 laps behind the winner)Grid: 82nd (9:48.6360) - 84th fastest qualifier,finished,82,9:48.6360,27 laps behind the winner,NA,https://www.racingsportscars.com/tn/photo/2013/TN_Nurburgring-2013-05-20-100.jpg,https://www.racingsportscars.com/photo/2013/Nurburgring-2013-05-20-100.jpg,https://www.racingsportscars.com/make/photo/Aston%20Martin.html,https://www.racingsportscars.com/type/photo/Aston%20Martin/Rapide.html,https://www.racingsportscars.com/suffix/photo/Aston%20Martin/Rapide/S.html,NA
2013,112,Audi TT S - Audi,115,SP4T,pro Handicap e.V.,Closed bodywork,Mid-engined,Wolfgang Müller (D)/Jutta Kleinschmidt (D)/Walter Nawotka (D),NA,NA,NA,13/07/2018,Thomas Morper,Audi,TT,S,NA,Result: 115th (27 laps behind the winner)Grid: 108th (10:10.6140) - 111th fastest qualifier,115th (27 laps behind the winner)Grid: 108th (10:10.6140) - 111th fastest qualifier,finished,108,10:10.6140,27 laps behind the winner,NA,https://www.racingsportscars.com/tn/photo/2013/TN_Nurburgring-2013-05-20-112.jpg,https://www.racingsportscars.com/photo/2013/Nurburgring-2013-05-20-112.jpg,https://www.racingsportscars.com/make/photo/Audi.html,https://www.racingsportscars.com/type/photo/Audi/TT.html,https://www.racingsportscars.com/suffix/photo/Audi/TT/S.html,NA
2013,207,Toyota GT86 - Toyota,116,V3,MSC-Rhön e.V. i. ADAC,-,-,Alexander Kudrass/Hannes Neuhauser (A)/Dominik Baumann (A)/Dirk Lauth (D),NA,NA,NA,NA,NA,Toyota,GT86,NA,NA,Result: 116th (27 laps behind the winner)Grid: 164th (11:21.3430) - 171st fastest qualifier,116th (27 laps behind the winner)Grid: 164th (11:21.3430) - 171st fastest qualifier,finished,164,11:21.3430,27 laps behind the winner,NA,https://www.racingsportscars.com/images/car_no_photo.png,https://www.racingsportscars.com/about.html#contrib,https://www.racingsportscars.com/make/photo/Toyota.html,https://www.racingsportscars.com/type/photo/Toyota/GT86.html,NA,NA
2013,306,Opel Astra J OPC Cup - Opel,117,Cup 1,,-,-,Ralf Kraus (D)/Seppo Lehtinen/Andreas Schwarz (D)/Jens Bombosch (D),NA,NA,NA,13/07/2018,Thomas Morper,Opel,Astra,J OPC Cup,NA,Result: 117th (27 laps behind the winner)Grid: 116th (10:13.8250) - 119th fastest qualifier,117th (27 laps behind the winner)Grid: 116th (10:13.8250) - 119th fastest qualifier,finished,116,10:13.8250,27 laps behind the winner,NA,https://www.racingsportscars.com/tn/photo/2013/TN_Nurburgring-2013-05-20-306.jpg,https://www.racingsportscars.com/photo/2013/Nurburgring-2013-05-20-306.jpg,https://www.racingsportscars.com/make/photo/Opel.html,https://www.racingsportscars.com/type/photo/Opel/Astra.html,https://www.racingsportscars.com/suffix/photo/Opel/Astra/J%20OPC%20Cup.html,NA
2013,132,Mercedes-Benz 190 E # - Mercedes-Benz N/A,118,SP4+SP5,Intax Motorsport,Closed bodywork,Front-engined,Jörg Hatscher (D)/Thorsten Stadler (D)/Sebastian Sauerbrei (D)/Frank Unverhau (D),NA,NA,NA,13/07/2018,Thomas Morper,Mercedes-Benz,190 E,NA,#,Result: 118th (28 laps behind the winner)Grid: 146th (10:45.6610) - 151st fastest qualifier,118th (28 laps behind the winner)Grid: 146th (10:45.6610) - 151st fastest qualifier,finished,146,10:45.6610,28 laps behind the winner,NA,https://www.racingsportscars.com/tn/photo/2013/TN_Nurburgring-2013-05-20-132.jpg,https://www.racingsportscars.com/photo/2013/Nurburgring-2013-05-20-132.jpg,https://www.racingsportscars.com/make/photo/Mercedes-Benz.html,https://www.racingsportscars.com/type/photo/Mercedes-Benz/190%20E.html,NA,https://www.racingsportscars.com/chassis/photo/WDB2010361F606674.html
2013,107,BMW 130i GTR # - BMW N/A,119,SP4+SP5,,-,Front-engined,Patrick Rehs (D)/Sascha Rehs (D)/Ralf Reinolsmann (D)/Michael Holz (D),NA,NA,NA,13/07/2018,Thomas Morper,BMW,130i,GTR,#,Result: 119th (28 laps behind the winner)Grid: 114th (10:13.3000) - 117th fastest qualifier,119th (28 laps behind the winner)Grid: 114th (10:13.3000) - 117th fastest qualifier,finished,114,10:13.3000,28 laps behind the winner,NA,https://www.racingsportscars.com/tn/photo/2013/TN_Nurburgring-2013-05-20-107.jpg,https://www.racingsportscars.com/photo/2013/Nurburgring-2013-05-20-107.jpg,https://www.racingsportscars.com/make/photo/BMW.html,https://www.racingsportscars.com/type/photo/BMW/130i.html,https://www.racingsportscars.com/suffix/photo/BMW/130i/GTR.html,https://www.racingsportscars.com/chassis/photo/130i-Rehs%23.html
2013,109,VW Scirocco GT24 - VW L4 N/A,120,SP3T,mathilda racing,Closed bodywork,Front-engined,Klaus Niedzwiedz (D)Michael Paatz (D)/Jean-Pierre Kraemer (D)/Constantin Kletzer (A),NA,NA,NA,13/07/2018,Thomas Morper,VW,Scirocco,GT24,NA,Result: 120th (28 laps behind the winner)Grid: 65th (9:30.7260) - 67th fastest qualifier,120th (28 laps behind the winner)Grid: 65th (9:30.7260) - 67th fastest qualifier,finished,65,9:30.7260,28 laps behind the winner,NA,https://www.racingsportscars.com/tn/photo/2013/TN_Nurburgring-2013-05-20-109.jpg,https://www.racingsportscars.com/photo/2013/Nurburgring-2013-05-20-109.jpg,https://www.racingsportscars.com/make/photo/VW.html,https://www.racingsportscars.com/type/photo/VW/Scirocco.html,https://www.racingsportscars.com/suffix/photo/VW/Scirocco/GT24.html,NA
2013,91,BMW Z4 E86 - BMW,121,SP6,,-,-,Dominique Nury (F)/Philippe Burel (F)/Eric van de Vyver (F)/Guillaume van de Vyver,NA,NA,NA,NA,NA,BMW,Z4,E86,NA,Result: 121st (28 laps behind the winner)Grid: 104th (10:07.8680) - 107th fastest qualifier,121st (28 laps behind the winner)Grid: 104th (10:07.8680) - 107th fastest qualifier,finished,104,10:07.8680,28 laps behind the winner,NA,https://www.racingsportscars.com/images/car_no_photo.png,https://www.racingsportscars.com/about.html#contrib,https://www.racingsportscars.com/make/photo/BMW.html,https://www.racingsportscars.com/type/photo/BMW/Z4.html,https://www.racingsportscars.com/suffix/photo/BMW/Z4/E86.html,NA
2013,370,Nissan 370Z - Nissan,122,SP7,,-,-,Wolfgang Drabiniok (D)/Frank Hufstadt (D)/David Franzen (D),NA,NA,NA,NA,NA,Nissan,370Z,NA,NA,Result: 122nd (29 laps behind the winner)Grid: 168th (10:48.2440) - 156th fastest qualifier,122nd (29 laps behind the winner)Grid: 168th (10:48.2440) - 156th fastest qualifier,finished,168,10:48.2440,29 laps behind the winner,NA,https://www.racingsportscars.com/images/car_no_photo.png,https://www.racingsportscars.com/about.html#contrib,https://www.racingsportscars.com/make/photo/Nissan.html,https://www.racingsportscars.com/type/photo/Nissan/370Z.html,NA,NA
2013,162,Ford Focus RS - Ford,123,AT,,-,-,Ralph Caba (D)/Volker Lange (D)/Oliver Sprungmann (D)/Ernst Sinowzik,NA,NA,NA,NA,NA,Ford,Focus,RS,NA,Result: 123rd (31 laps behind the winner)Grid: 150th (10:47.3470) - 155th fastest qualifier,123rd (31 laps behind the winner)Grid: 150th (10:47.3470) - 155th fastest qualifier,finished,150,10:47.3470,31 laps behind the winner,NA,https://www.racingsportscars.com/images/car_no_photo.png,https://www.racingsportscars.com/about.html#contrib,https://www.racingsportscars.com/make/photo/Ford.html,https://www.racingsportscars.com/type/photo/Ford/Focus.html,https://www.racingsportscars.com/suffix/photo/Ford/Focus/RS.html,NA
2013,178,Porsche Cayman R - Porsche,124,V6,Team Mathol Racing e.V.,-,-,Ronny Tobler (CH)/Tanja Nilsson/Jim Michaelian (USA)/Michael Schratz (D),NA,NA,NA,13/07/2018,Thomas Morper,Porsche,Cayman,R,NA,Result: 124th (31 laps behind the winner)Grid: 95th (9:55.1210) - 97th fastest qualifier,124th (31 laps behind the winner)Grid: 95th (9:55.1210) - 97th fastest qualifier,finished,95,9:55.1210,31 laps behind the winner,NA,https://www.racingsportscars.com/tn/photo/2013/TN_Nurburgring-2013-05-20-178.jpg,https://www.racingsportscars.com/photo/2013/Nurburgring-2013-05-20-178.jpg,https://www.racingsportscars.com/make/photo/Porsche.html,https://www.racingsportscars.com/type/photo/Porsche/Cayman.html,https://www.racingsportscars.com/suffix/photo/Porsche/Cayman/R.html,NA
2013,153,Seat León TDi - Seat,125,D1T+D2T,,-,-,Ivo Breukers (NL)/Henk Thijssen (NL)/Martin Bailey (AUS)/Sjaco Griffioen (NL),NA,NA,NA,13/07/2018,Thomas Morper,Seat,León,TDi,NA,Result: 125th (33 laps behind the winner)Grid: 140th (10:42.1180) - 145th fastest qualifier,125th (33 laps behind the winner)Grid: 140th (10:42.1180) - 145th fastest qualifier,finished,140,10:42.1180,33 laps behind the winner,NA,https://www.racingsportscars.com/tn/photo/2013/TN_Nurburgring-2013-05-20-153.jpg,https://www.racingsportscars.com/photo/2013/Nurburgring-2013-05-20-153.jpg,https://www.racingsportscars.com/make/photo/Seat.html,https://www.racingsportscars.com/type/photo/Seat/Le%c3%b3n.html,https://www.racingsportscars.com/suffix/photo/Seat/Le%c3%b3n/TDi.html,NA
2013,61,Aston Martin V8 Vantage GT4 - Aston Martin V8/90° 4v DOHC 4735 cc N/A,126,SP10 GT4,Hemopharm racing Team Bratke,Closed bodywork,Front-engined,Oliver Louisoder (D)/Uwe Legermann (D)/Scott Preacher (USA)/Thomas Heinrich (D),NA,NA,NA,13/07/2018,Thomas Morper,Aston Martin,V8 Vantage,GT4,NA,Result: 126th (33 laps behind the winner)Grid: 80th (9:48.4590) - 82nd fastest qualifier,126th (33 laps behind the winner)Grid: 80th (9:48.4590) - 82nd fastest qualifier,finished,80,9:48.4590,33 laps behind the winner,NA,https://www.racingsportscars.com/tn/photo/2013/TN_Nurburgring-2013-05-20-061.jpg,https://www.racingsportscars.com/photo/2013/Nurburgring-2013-05-20-061.jpg,https://www.racingsportscars.com/make/photo/Aston%20Martin.html,https://www.racingsportscars.com/type/photo/Aston%20Martin/V8%20Vantage.html,https://www.racingsportscars.com/suffix/photo/Aston%20Martin/V8%20Vantage/GT4.html,NA
2013,190,BMW M3 E36 - BMW,127,V5,,Closed bodywork,Front-engined,Niels Borum (DK)/Maurice O'Reilly (NZ)/Wayne Moore (NZ)/Michael Eden (NZ),NA,NA,NA,NA,NA,BMW,M3,E36,NA,Result: 127th (34 laps behind the winner)Grid: 155th (10:59.8960) - 161st fastest qualifier,127th (34 laps behind the winner)Grid: 155th (10:59.8960) - 161st fastest qualifier,finished,155,10:59.8960,34 laps behind the winner,NA,https://www.racingsportscars.com/images/car_no_photo.png,https://www.racingsportscars.com/about.html#contrib,https://www.racingsportscars.com/make/photo/BMW.html,https://www.racingsportscars.com/type/photo/BMW/M3.html,https://www.racingsportscars.com/suffix/photo/BMW/M3/E36.html,NA
2013,82,BMW M3 - BMW,128,SP6,,Closed bodywork,Front-engined,Stefan Manheller (D)/Uwe Krumscheid (D)/David Quinlan (USA)/Armin Holz (D),NA,NA,NA,NA,NA,BMW,M3,NA,NA,Result: 128th (35 laps behind the winner)Grid: 88th (9:52.0710) - 90th fastest qualifier,128th (35 laps behind the winner)Grid: 88th (9:52.0710) - 90th fastest qualifier,finished,88,9:52.0710,35 laps behind the winner,NA,https://www.racingsportscars.com/images/car_no_photo.png,https://www.racingsportscars.com/about.html#contrib,https://www.racingsportscars.com/make/photo/BMW.html,https://www.racingsportscars.com/type/photo/BMW/M3.html,NA,NA
2013,161,VW Scirocco 2.0 TDI # - VW L4 Turbo Diesel,129,AT,,Closed bodywork,Front-engined,"""Smudo"" (D)/Thomas von Löwis of Menar (D)/Tim Schrick (D)/Daniel Schellhaas (D)",NA,NA,NA,13/07/2018,Thomas Morper,VW,Scirocco,2.0 TDI,#,Result: 129th (35 laps behind the winner)Grid: 159th (11:05.8669) - 166th fastest qualifier,129th (35 laps behind the winner)Grid: 159th (11:05.8669) - 166th fastest qualifier,finished,159,11:05.8669,35 laps behind the winner,NA,https://www.racingsportscars.com/tn/photo/2013/TN_Nurburgring-2013-05-20-161.jpg,https://www.racingsportscars.com/photo/2013/Nurburgring-2013-05-20-161.jpg,https://www.racingsportscars.com/make/photo/VW.html,https://www.racingsportscars.com/type/photo/VW/Scirocco.html,https://www.racingsportscars.com/suffix/photo/VW/Scirocco/2.0%20TDI.html,https://www.racingsportscars.com/chassis/photo/Scirocco-L%c3%b6wisMenar%23.html
2013,10,Mercedes-Benz SLS AMG GT3 - Mercedes-Benz M159 V8/90° 4v DOHC 6208 cc N/A,130,SP9 GT3,Black Falcon,Closed bodywork,Front-engined,Andrii Lebed (UA)/Andreas Simonsen (S)/Dennis Rostek (D)/Hari Proczyk (A),NA,NA,NA,13/07/2018,Thomas Morper,Mercedes-Benz,SLS AMG,GT3,NA,Result: 130th (36 laps behind the winner)Grid: 9th (8:21.3730),130th (36 laps behind the winner)Grid: 9th (8:21.3730),finished,9,8:21.3730,36 laps behind the winner,NA,https://www.racingsportscars.com/tn/photo/2013/TN_Nurburgring-2013-05-20-010.jpg,https://www.racingsportscars.com/photo/2013/Nurburgring-2013-05-20-010.jpg,https://www.racingsportscars.com/make/photo/Mercedes-Benz.html,https://www.racingsportscars.com/type/photo/Mercedes-Benz/SLS%20AMG.html,https://www.racingsportscars.com/suffix/photo/Mercedes-Benz/SLS%20AMG/GT3.html,NA
2013,73,Chrysler Viper # - Dodge V10/90° 2v OHV 7986 cc N/A,131,AT,(D),Closed bodywork,Front-engined,Titus Dittmann (D)/Alexander Berstein (D)/Alexander Herrmann (D)/Achim Herrmann (D),NA,green (+red),NA,13/07/2018,Thomas Morper,Chrysler,Viper,NA,#,Result: 131st (37 laps behind the winner)Grid: 154th (10:54.0291) - 160th fastest qualifier,131st (37 laps behind the winner)Grid: 154th (10:54.0291) - 160th fastest qualifier,finished,154,10:54.0291,37 laps behind the winner,NA,https://www.racingsportscars.com/tn/photo/2013/TN_Nurburgring-2013-05-20-073.jpg,https://www.racingsportscars.com/photo/2013/Nurburgring-2013-05-20-073.jpg,https://www.racingsportscars.com/make/photo/Chrysler.html,https://www.racingsportscars.com/type/photo/Chrysler/Viper.html,NA,https://www.racingsportscars.com/chassis/photo/1E3ER69E0YY300288.html
2013,157,BMW 335d # - BMW,132,D1T+D2T,,-,-,Sergio Rodriguez (RA)/Juan Angel Cusano (RA)/Sergio Yazbik (RA)/Stefano Cambria,NA,NA,NA,NA,NA,BMW,335d,NA,#,Result: 132nd (37 laps behind the winner)Grid: 119th (10:17.2580) - 122nd fastest qualifier,132nd (37 laps behind the winner)Grid: 119th (10:17.2580) - 122nd fastest qualifier,finished,119,10:17.2580,37 laps behind the winner,NA,https://www.racingsportscars.com/images/car_no_photo.png,https://www.racingsportscars.com/about.html#contrib,https://www.racingsportscars.com/make/photo/BMW.html,https://www.racingsportscars.com/type/photo/BMW/335d.html,NA,https://www.racingsportscars.com/chassis/photo/335-Cusano%23.html
2013,205,BMW 320 si - BMW,133,V3,Bonk Motorsport,Closed bodywork,Front-engined,Axel Burghardt (D)/Jürgen Meyer (D)/Michael Küchenmeister/Arvid Steinberg (D),NA,NA,NA,13/07/2018,Thomas Morper,BMW,320,si,NA,Result: 133rd (39 laps behind the winner)Grid: 166th (11:58.0870) - 173rd fastest qualifier,133rd (39 laps behind the winner)Grid: 166th (11:58.0870) - 173rd fastest qualifier,finished,166,11:58.0870,39 laps behind the winner,NA,https://www.racingsportscars.com/tn/photo/2013/TN_Nurburgring-2013-05-20-205.jpg,https://www.racingsportscars.com/photo/2013/Nurburgring-2013-05-20-205.jpg,https://www.racingsportscars.com/make/photo/BMW.html,https://www.racingsportscars.com/type/photo/BMW/320.html,https://www.racingsportscars.com/suffix/photo/BMW/320/si.html,NA
2013,64,Lotus Evora Cup GT4 # - Cosworth VVT-i 2GR-FE V6 DOHC 4000 cc N/A,134,SP10 GT4,Cor Euser Racing (NL),Closed bodywork,Mid-engined,Vic Rice (USA)/Shane Lewis (USA)/Hal Prewitt (USA)/Cor Euser (NL),NA,NA,NA,22/02/2019,Thomas Morper,Lotus,Evora,Cup GT4,#,Result: 134th (39 laps behind the winner)Grid: 64th (9:29.2990) - 66th fastest qualifier,134th (39 laps behind the winner)Grid: 64th (9:29.2990) - 66th fastest qualifier,finished,64,9:29.2990,39 laps behind the winner,NA,https://www.racingsportscars.com/tn/photo/2013/TN_Nurburgring-2013-05-20-064.jpg,https://www.racingsportscars.com/photo/2013/Nurburgring-2013-05-20-064.jpg,https://www.racingsportscars.com/make/photo/Lotus.html,https://www.racingsportscars.com/type/photo/Lotus/Evora.html,https://www.racingsportscars.com/suffix/photo/Lotus/Evora/Cup%20GT4.html,https://www.racingsportscars.com/chassis/photo/T124-C011.html
2013,121,Seat León - Seat,135,SP3T,Team DMV e.V.,-,-,Mike Dohmen (D)/Marcus Bulgrin (D)/Tobias Jung (D)/Raphael Hundeborn (D),NA,NA,NA,NA,NA,Seat,León,NA,NA,Result: 135th (40 laps behind the winner)Grid: 144th (10:44.5820) - 149th fastest qualifier,135th (40 laps behind the winner)Grid: 144th (10:44.5820) - 149th fastest qualifier,finished,144,10:44.5820,40 laps behind the winner,NA,https://www.racingsportscars.com/images/car_no_photo.png,https://www.racingsportscars.com/about.html#contrib,https://www.racingsportscars.com/make/photo/Seat.html,https://www.racingsportscars.com/type/photo/Seat/Le%c3%b3n.html,NA,NA
2013,123,Nissan GT-R Nismo GT3 # - Nissan VR38DETT V6/60° 4v DOHC 3799 cc Twin-Turbo,136,SP9 GT3,Schulze Motorsport,Closed bodywork,Front-engined,Kazunori Yamauchi (J)/Michael Schulze (D)/Tobias Schulze (D)/Michael Krumm (D),NA,NA,NA,13/07/2018,Thomas Morper,Nissan,GT-R,Nismo GT3,#,Result: 136th (40 laps behind the winner)Grid: 26th (8:27.4670),136th (40 laps behind the winner)Grid: 26th (8:27.4670),finished,26,8:27.4670,40 laps behind the winner,NA,https://www.racingsportscars.com/tn/photo/2013/TN_Nurburgring-2013-05-20-123.jpg,https://www.racingsportscars.com/photo/2013/Nurburgring-2013-05-20-123.jpg,https://www.racingsportscars.com/make/photo/Nissan.html,https://www.racingsportscars.com/type/photo/Nissan/GT-R.html,https://www.racingsportscars.com/suffix/photo/Nissan/GT-R/Nismo%20GT3.html,https://www.racingsportscars.com/chassis/photo/R35GT3-Schulze%23.html
2013,116,Seat León Supercopa - Seat,137,SP3T,,-,-,Daniel Schmieglitz (D)/Uwe Stein (D)/Jörg Kurowski/Tim Leyendecker,NA,NA,NA,NA,NA,Seat,León,Supercopa,NA,Result: 137th (42 laps behind the winner)Grid: 171st (12:23.5780) - 175th fastest qualifier,137th (42 laps behind the winner)Grid: 171st (12:23.5780) - 175th fastest qualifier,finished,171,12:23.5780,42 laps behind the winner,NA,https://www.racingsportscars.com/images/car_no_photo.png,https://www.racingsportscars.com/about.html#contrib,https://www.racingsportscars.com/make/photo/Seat.html,https://www.racingsportscars.com/type/photo/Seat/Le%c3%b3n.html,https://www.racingsportscars.com/suffix/photo/Seat/Le%c3%b3n/Supercopa.html,NA
2013,88,Porsche 997 GT3 Cup - Porsche F6 4v DOHC N/A,NA,SP7,Haribo Racing Team,Closed bodywork,Rear-engined,Jeffrey Schmidt (CH)Christian Menzel (D)/Dominik Brinkmann (D)/Mario Farnbacher (D),NA,NA,NA,13/07/2018,Thomas Morper,Porsche,997 GT3 Cup,NA,NA,Result: did not finishGrid: 35th (8:44.3160) - 38th fastest qualifier,did not finishGrid: 35th (8:44.3160) - 38th fastest qualifier,not_finished,35,8:44.3160,NA,8:44.3160,https://www.racingsportscars.com/tn/photo/2013/TN_Nurburgring-2013-05-20-088.jpg,https://www.racingsportscars.com/photo/2013/Nurburgring-2013-05-20-088.jpg,https://www.racingsportscars.com/make/photo/Porsche.html,https://www.racingsportscars.com/type/photo/Porsche/997%20GT3%20Cup.html,NA,NA
2013,40,Porsche 997 GT3 R #WP0ZZZ99ZCS799520 - Porsche F6 4v DOHC 3996 cc N/A,NA,SP9 GT3,Pinta Team Manthey (D),Closed bodywork,Rear-engined,Michael Illbruck (D)/Robert Renauer (D)/Klaus Bachler (A)/Michael Christensen (DK),NA,NA,NA,13/07/2018,Thomas Morper,Porsche,997 GT3 R,NA,#WP0ZZZ99ZCS799520,Result: did not finishGrid: 25th (8:27.3410),did not finishGrid: 25th (8:27.3410),not_finished,25,8:27.3410,NA,8:27.3410,https://www.racingsportscars.com/tn/photo/2013/TN_Nurburgring-2013-05-20-040.jpg,https://www.racingsportscars.com/photo/2013/Nurburgring-2013-05-20-040.jpg,https://www.racingsportscars.com/make/photo/Porsche.html,https://www.racingsportscars.com/type/photo/Porsche/997%20GT3%20R.html,NA,https://www.racingsportscars.com/chassis/photo/WP0ZZZ99ZCS799520.html
2013,128,Mini John Cooper Works - BMW N/A,NA,SP2T,Schirra-motoring,Closed bodywork,Front-engined,Friedrich von Bohlen (D)/Harald Grohs (D)/Markus Oestreich (D)/Jörg Weidinger (D),NA,NA,NA,13/07/2018,Thomas Morper,Mini,John Cooper Works,NA,NA,Result: did not finishGrid: 54th (9:20.8200) - 56th fastest qualifier,did not finishGrid: 54th (9:20.8200) - 56th fastest qualifier,not_finished,54,9:20.8200,NA,9:20.8200,https://www.racingsportscars.com/tn/photo/2013/TN_Nurburgring-2013-05-20-128.jpg,https://www.racingsportscars.com/photo/2013/Nurburgring-2013-05-20-128.jpg,https://www.racingsportscars.com/make/photo/Mini.html,https://www.racingsportscars.com/type/photo/Mini/John%20Cooper%20Works.html,NA,NA
2013,56,Porsche 997 GT4 - Porsche,NA,SP10 GT4,,Closed bodywork,Rear-engined,Michael Rebhan (D)/Jörg Viebahn (D)/Ivan Jacoma (CH)/Helmut Weber,NA,NA,NA,13/07/2018,Thomas Morper,Porsche,997 GT4,NA,NA,Result: did not finishGrid: 49th (9:15.7600) - 51st fastest qualifier,did not finishGrid: 49th (9:15.7600) - 51st fastest qualifier,not_finished,49,9:15.7600,NA,9:15.7600,https://www.racingsportscars.com/tn/photo/2013/TN_Nurburgring-2013-05-20-056.jpg,https://www.racingsportscars.com/photo/2013/Nurburgring-2013-05-20-056.jpg,https://www.racingsportscars.com/make/photo/Porsche.html,https://www.racingsportscars.com/type/photo/Porsche/997%20GT4.html,NA,NA
2013,171,Porsche Cayman R - Porsche,NA,V6,Team Mathol Racing e.V.,-,-,Kai Riemer (D)/Christopher Rink (D)/Jim Briody (USA),NA,NA,NA,13/07/2018,Thomas Morper,Porsche,Cayman,R,NA,Result: did not finishGrid: 85th (9:49.7630) - 87th fastest qualifier,did not finishGrid: 85th (9:49.7630) - 87th fastest qualifier,not_finished,85,9:49.7630,NA,9:49.7630,https://www.racingsportscars.com/tn/photo/2013/TN_Nurburgring-2013-05-20-171.jpg,https://www.racingsportscars.com/photo/2013/Nurburgring-2013-05-20-171.jpg,https://www.racingsportscars.com/make/photo/Porsche.html,https://www.racingsportscars.com/type/photo/Porsche/Cayman.html,https://www.racingsportscars.com/suffix/photo/Porsche/Cayman/R.html,NA
2013,51,Porsche 997 GT3 Cup - Porsche F6 4v DOHC N/A,NA,SP7,Rheydter Club f. Motorsport i. DMV,Closed bodywork,Rear-engined,Sergio Negroni (I)/Alessandro Cremascoli (I)/Massimo Colnago (I)/Andrea Sapino,NA,NA,NA,13/07/2018,Thomas Morper,Porsche,997 GT3 Cup,NA,NA,Result: did not finishGrid: 167th (10:32.9050) - 136th fastest qualifier,did not finishGrid: 167th (10:32.9050) - 136th fastest qualifier,not_finished,167,10:32.9050,NA,10:32.9050,https://www.racingsportscars.com/tn/photo/2013/TN_Nurburgring-2013-05-20-051.jpg,https://www.racingsportscars.com/photo/2013/Nurburgring-2013-05-20-051.jpg,https://www.racingsportscars.com/make/photo/Porsche.html,https://www.racingsportscars.com/type/photo/Porsche/997%20GT3%20Cup.html,NA,NA
2013,2,Audi R8 LMS ultra - Audi FSI V10/90° 4v DOHC 5205 cc N/A,NA,SP9 GT3,Prosperia-C. Abt Team Mamerow,Closed bodywork,Mid-engined,Chris Mamerow (D)/Marc Basseng (D)/René Rast (D)/Thomas Mutsch (D),NA,NA,NA,13/07/2018,Thomas Morper,Audi,R8 LMS,ultra,NA,Result: did not finishGrid: 3rd (8:19.0730),did not finishGrid: 3rd (8:19.0730),not_finished,3,8:19.0730,NA,8:19.0730,https://www.racingsportscars.com/tn/photo/2013/TN_Nurburgring-2013-05-20-002.jpg,https://www.racingsportscars.com/photo/2013/Nurburgring-2013-05-20-002.jpg,https://www.racingsportscars.com/make/photo/Audi.html,https://www.racingsportscars.com/type/photo/Audi/R8%20LMS.html,https://www.racingsportscars.com/suffix/photo/Audi/R8%20LMS/ultra.html,NA
2013,17,Porsche 997 GT3 R - Porsche F6 4v DOHC 3996 cc N/A,NA,SP9 GT3,Farnbacher Racing,Closed bodywork,Rear-engined,Leh Keen (USA)/Christina Nielsen (DK)/Tomáš Pivoda (CZ)/Philipp Frommenwiler (CH),NA,NA,NA,13/07/2018,Thomas Morper,Porsche,997 GT3 R,NA,NA,Result: did not finishGrid: 28th (8:32.1440) - 29th fastest qualifier,did not finishGrid: 28th (8:32.1440) - 29th fastest qualifier,not_finished,28,8:32.1440,NA,8:32.1440,https://www.racingsportscars.com/tn/photo/2013/TN_Nurburgring-2013-05-20-017.jpg,https://www.racingsportscars.com/photo/2013/Nurburgring-2013-05-20-017.jpg,https://www.racingsportscars.com/make/photo/Porsche.html,https://www.racingsportscars.com/type/photo/Porsche/997%20GT3%20R.html,NA,NA
2013,80,Hyundai Genesis Coupe V6 - Hyundai,NA,SP8,Hyundai Motor Deutschland,-,-,Jürgen Schumann (D)/Peter Schumann (D)/Alexander Köppen (D)/Brice Bosi (L),NA,NA,NA,13/07/2018,Thomas Morper,Hyundai,Genesis,Coupe V6,NA,Result: did not finishGrid: 47th (9:12.3060) - 49th fastest qualifier,did not finishGrid: 47th (9:12.3060) - 49th fastest qualifier,not_finished,47,9:12.3060,NA,9:12.3060,https://www.racingsportscars.com/tn/photo/2013/TN_Nurburgring-2013-05-20-080.jpg,https://www.racingsportscars.com/photo/2013/Nurburgring-2013-05-20-080.jpg,https://www.racingsportscars.com/make/photo/Hyundai.html,https://www.racingsportscars.com/type/photo/Hyundai/Genesis.html,https://www.racingsportscars.com/suffix/photo/Hyundai/Genesis/Coupe%20V6.html,NA
2013,170,BMW Z4 M Coupe - BMW,NA,V6,Adrenalin Motorsport,-,-,Jürgen Bussmann (D)/Hiroyuki Kishimoto (J)/Harry Ohs/Kenichi Maejima (J),NA,NA,NA,NA,NA,BMW,Z4,M Coupe,NA,Result: did not finishGrid: 137th (10:38.0490) - 142nd fastest qualifier,did not finishGrid: 137th (10:38.0490) - 142nd fastest qualifier,not_finished,137,10:38.0490,NA,10:38.0490,https://www.racingsportscars.com/images/car_no_photo.png,https://www.racingsportscars.com/about.html#contrib,https://www.racingsportscars.com/make/photo/BMW.html,https://www.racingsportscars.com/type/photo/BMW/Z4.html,https://www.racingsportscars.com/suffix/photo/BMW/Z4/M%20Coupe.html,NA
2013,76,Ferrari 458 - Ferrari F142 V8/90° 4v DOHC N/A,NA,SP8,GT Corse,Closed bodywork,Mid-engined,/Patrick Kaiser (FL)/Maximilian Götz (D)/Alexander Mattschull (D)/Christian Kohlhaas (D),NA,NA,NA,13/07/2018,Thomas Morper,Ferrari,458,NA,NA,Result: did not finishGrid: 31st (8:36.6940) - 33rd fastest qualifier,did not finishGrid: 31st (8:36.6940) - 33rd fastest qualifier,not_finished,31,8:36.6940,NA,8:36.6940,https://www.racingsportscars.com/tn/photo/2013/TN_Nurburgring-2013-05-20-076.jpg,https://www.racingsportscars.com/photo/2013/Nurburgring-2013-05-20-076.jpg,https://www.racingsportscars.com/make/photo/Ferrari.html,https://www.racingsportscars.com/type/photo/Ferrari/458.html,NA,NA
2013,74,Audi RS5 GT - Audi /Dupré,NA,SP8,,-,-,Christoph Dupré (D)/Gunther Ofenmacher/Claus Dupré (D),NA,NA,NA,13/07/2018,Thomas Morper,Audi,RS5,GT,NA,Result: did not finishGrid: 109th (10:10.9900) - 112th fastest qualifier,did not finishGrid: 109th (10:10.9900) - 112th fastest qualifier,not_finished,109,10:10.9900,NA,10:10.9900,https://www.racingsportscars.com/tn/photo/2013/TN_Nurburgring-2013-05-20-074.jpg,https://www.racingsportscars.com/photo/2013/Nurburgring-2013-05-20-074.jpg,https://www.racingsportscars.com/make/photo/Audi.html,https://www.racingsportscars.com/type/photo/Audi/RS5.html,https://www.racingsportscars.com/suffix/photo/Audi/RS5/GT.html,NA
2013,29,Audi R8 LMS ultra - Audi FSI V10/90° 4v DOHC 5205 cc N/A,NA,SP9 GT3,Belgian Audi Club Team WRT (B),Closed bodywork,Mid-engined,Laurens Vanthoor (B)/Edward Sandström (S)/Christopher Mies (D)/Christopher Haase (D),NA,NA,NA,13/07/2018,Thomas Morper,Audi,R8 LMS,ultra,NA,Result: did not finishGrid: 10th (8:22.0550),did not finishGrid: 10th (8:22.0550),not_finished,10,8:22.0550,NA,8:22.0550,https://www.racingsportscars.com/tn/photo/2013/TN_Nurburgring-2013-05-20-029.jpg,https://www.racingsportscars.com/photo/2013/Nurburgring-2013-05-20-029.jpg,https://www.racingsportscars.com/make/photo/Audi.html,https://www.racingsportscars.com/type/photo/Audi/R8%20LMS.html,https://www.racingsportscars.com/suffix/photo/Audi/R8%20LMS/ultra.html,NA
2013,179,Mercedes-Benz SLK 350 - Mercedes-Benz,NA,V6,,-,-,Sven Hannawald (D)/Thorsten Drewes/Cyndie Allemann (CH)/Bertin Sing,NA,NA,NA,13/07/2018,Thomas Morper,Mercedes-Benz,SLK 350,NA,NA,Result: did not finishGrid: 122nd (10:18.6400) - 125th fastest qualifier,did not finishGrid: 122nd (10:18.6400) - 125th fastest qualifier,not_finished,122,10:18.6400,NA,10:18.6400,https://www.racingsportscars.com/tn/photo/2013/TN_Nurburgring-2013-05-20-179.jpg,https://www.racingsportscars.com/photo/2013/Nurburgring-2013-05-20-179.jpg,https://www.racingsportscars.com/make/photo/Mercedes-Benz.html,https://www.racingsportscars.com/type/photo/Mercedes-Benz/SLK%20350.html,NA,NA
2013,94,BMW M3 E46 - BMW,NA,SP6,,Closed bodywork,Front-engined,Teofilo Masera (GB)/Lorenzo Rocco (CH)/Diego Romanini (I)/Gianvito Rossi (I),NA,NA,NA,NA,NA,BMW,M3,E46,NA,Result: did not finishGrid: 121st (10:18.2810) - 124th fastest qualifier,did not finishGrid: 121st (10:18.2810) - 124th fastest qualifier,not_finished,121,10:18.2810,NA,10:18.2810,https://www.racingsportscars.com/images/car_no_photo.png,https://www.racingsportscars.com/about.html#contrib,https://www.racingsportscars.com/make/photo/BMW.html,https://www.racingsportscars.com/type/photo/BMW/M3.html,https://www.racingsportscars.com/suffix/photo/BMW/M3/E46.html,NA
2013,144,Renault Clio Cup - Renault,NA,SP3T,Roadrunner Racing GmbH,Closed bodywork,Front-engined,Volker Kühn (D)/Christopher Patrick Gleeson/Hugh Buckley/Bashar Mardini (UAE),NA,NA,NA,NA,NA,Renault,Clio,Cup,NA,Result: did not finishGrid: 156th (11:03.5240) - 163rd fastest qualifier,did not finishGrid: 156th (11:03.5240) - 163rd fastest qualifier,not_finished,156,11:03.5240,NA,11:03.5240,https://www.racingsportscars.com/images/car_no_photo.png,https://www.racingsportscars.com/about.html#contrib,https://www.racingsportscars.com/make/photo/Renault.html,https://www.racingsportscars.com/type/photo/Renault/Clio.html,https://www.racingsportscars.com/suffix/photo/Renault/Clio/Cup.html,NA
2013,26,BMW Z4 E89 GT3 - BMW P65 V8/90° 4v DOHC 4361 cc N/A,NA,SP9 GT3,BMW Sports Trophy Team Marc VDS,Closed bodywork,Front-engined,Henri Moser (CH)/Markus Palttala (FIN)/Richard Göransson (S)/Bas Leinders (B),NA,NA,NA,13/07/2018,Thomas Morper,BMW,Z4,E89 GT3,NA,Result: did not finishGrid: 11th (8:22.2580),did not finishGrid: 11th (8:22.2580),not_finished,11,8:22.2580,NA,8:22.2580,https://www.racingsportscars.com/tn/photo/2013/TN_Nurburgring-2013-05-20-026.jpg,https://www.racingsportscars.com/photo/2013/Nurburgring-2013-05-20-026.jpg,https://www.racingsportscars.com/make/photo/BMW.html,https://www.racingsportscars.com/type/photo/BMW/Z4.html,https://www.racingsportscars.com/suffix/photo/BMW/Z4/E89%20GT3.html,NA
2013,143,Renault Clio Cup # - Renault,NA,SP3T,Roadrunner Racing GmbH,Closed bodywork,Front-engined,Nadir Zuhour (HKJ)/Mohammed Al Owais (UAE)/Omran Al Owais/Umair Khan (PK),NA,NA,NA,NA,NA,Renault,Clio,Cup,#,Result: did not finishGrid: 153rd (10:53.6400) - 159th fastest qualifier,did not finishGrid: 153rd (10:53.6400) - 159th fastest qualifier,not_finished,153,10:53.6400,NA,10:53.6400,https://www.racingsportscars.com/images/car_no_photo.png,https://www.racingsportscars.com/about.html#contrib,https://www.racingsportscars.com/make/photo/Renault.html,https://www.racingsportscars.com/type/photo/Renault/Clio.html,https://www.racingsportscars.com/suffix/photo/Renault/Clio/Cup.html,https://www.racingsportscars.com/chassis/photo/Clio-Roadrunner%23.html
2013,145,Honda Civic Type R - Honda,NA,SP3T,Team Mathol Racing e.V.,-,-,Sebastian Schäfer (CH)/Rüdiger Schicht (CH)/Christian Eichner (D),NA,NA,NA,NA,NA,Honda,Civic,Type R,NA,Result: did not finishGrid: 165th (11:25.7230) - 172nd fastest qualifier,did not finishGrid: 165th (11:25.7230) - 172nd fastest qualifier,not_finished,165,11:25.7230,NA,11:25.7230,https://www.racingsportscars.com/images/car_no_photo.png,https://www.racingsportscars.com/about.html#contrib,https://www.racingsportscars.com/make/photo/Honda.html,https://www.racingsportscars.com/type/photo/Honda/Civic.html,https://www.racingsportscars.com/suffix/photo/Honda/Civic/Type%20R.html,NA
2013,21,Mercedes-Benz SLS AMG GT3 - Mercedes-Benz M159 V8/90° 4v DOHC 6208 cc N/A,NA,SP9 GT3,Rowe Racing (D),Closed bodywork,Front-engined,Marko Hartung (D)/Kenneth Heyer (D)/Roland Rehfeld (D)/Christian Hohenadel (D),NA,NA,NA,13/07/2018,Thomas Morper,Mercedes-Benz,SLS AMG,GT3,NA,Result: did not finishGrid: 21st (8:25.2470),did not finishGrid: 21st (8:25.2470),not_finished,21,8:25.2470,NA,8:25.2470,https://www.racingsportscars.com/tn/photo/2013/TN_Nurburgring-2013-05-20-021.jpg,https://www.racingsportscars.com/photo/2013/Nurburgring-2013-05-20-021.jpg,https://www.racingsportscars.com/make/photo/Mercedes-Benz.html,https://www.racingsportscars.com/type/photo/Mercedes-Benz/SLS%20AMG.html,https://www.racingsportscars.com/suffix/photo/Mercedes-Benz/SLS%20AMG/GT3.html,NA
2013,16,Audi R8 LMS - Audi FSI V10/90° 4v DOHC 5205 cc N/A,NA,SP9 GT3,,Closed bodywork,Mid-engined,Marc Busch (D)/Dennis Busch (D)/Manuel Lauck (D),NA,NA,NA,13/07/2018,Thomas Morper,Audi,R8 LMS,NA,NA,Result: did not finishGrid: 27th (8:31.7880) - 28th fastest qualifier,did not finishGrid: 27th (8:31.7880) - 28th fastest qualifier,not_finished,27,8:31.7880,NA,8:31.7880,https://www.racingsportscars.com/tn/photo/2013/TN_Nurburgring-2013-05-20-016.jpg,https://www.racingsportscars.com/photo/2013/Nurburgring-2013-05-20-016.jpg,https://www.racingsportscars.com/make/photo/Audi.html,https://www.racingsportscars.com/type/photo/Audi/R8%20LMS.html,NA,NA
2013,72,Aston Martin Vantage - Aston Martin,NA,SP8,Rheydter Club f. Motorsport e.V. i. DMV,-,-,Kim Hauschild (D)/Shaw Ric/Dieter Svepes (A)/Tom Moran (D),NA,NA,NA,13/07/2018,Thomas Morper,Aston Martin,Vantage,NA,NA,Result: did not finishGrid: 55th (9:21.0030) - 57th fastest qualifier,did not finishGrid: 55th (9:21.0030) - 57th fastest qualifier,not_finished,55,9:21.0030,NA,9:21.0030,https://www.racingsportscars.com/tn/photo/2013/TN_Nurburgring-2013-05-20-072.jpg,https://www.racingsportscars.com/photo/2013/Nurburgring-2013-05-20-072.jpg,https://www.racingsportscars.com/make/photo/Aston%20Martin.html,https://www.racingsportscars.com/type/photo/Aston%20Martin/Vantage.html,NA,NA
2013,66,Ginetta G50 GT4 - Ford Cyclone V6/60° 4v DOHC 3496 cc N/A,NA,SP10 GT4,Nova Race (I),Closed bodywork,Front-engined,Mark Speakerwas (I)/Tiziano Frazza (I)/Tiziano Cappelletti (I)/Roberto Nale,NA,NA,NA,NA,NA,Ginetta,G50,GT4,NA,Result: did not finishGrid: 100th (9:58.7350) - 102nd fastest qualifier,did not finishGrid: 100th (9:58.7350) - 102nd fastest qualifier,not_finished,100,9:58.7350,NA,9:58.7350,https://www.racingsportscars.com/images/car_no_photo.png,https://www.racingsportscars.com/about.html#contrib,https://www.racingsportscars.com/make/photo/Ginetta.html,https://www.racingsportscars.com/type/photo/Ginetta/G50.html,https://www.racingsportscars.com/suffix/photo/Ginetta/G50/GT4.html,NA
2013,138,Honda S2000 - Honda,NA,SP3T,,-,-,Markus Fugel (D)/Friedhelm Mihm (D)/Heiko Eichenberg (D)/Uwe Wächtler (D),NA,NA,NA,NA,NA,Honda,S2000,NA,NA,Result: did not finishGrid: 107th (10:09.7670) - 110th fastest qualifier,did not finishGrid: 107th (10:09.7670) - 110th fastest qualifier,not_finished,107,10:09.7670,NA,10:09.7670,https://www.racingsportscars.com/images/car_no_photo.png,https://www.racingsportscars.com/about.html#contrib,https://www.racingsportscars.com/make/photo/Honda.html,https://www.racingsportscars.com/type/photo/Honda/S2000.html,NA,NA
2013,78,Lexus IS F - Lexus,NA,SP8,Gazoo Racing,-,-,Kinoshita Takayuki (J)/Yoshinobu Katsumata (J),NA,NA,NA,NA,NA,Lexus,IS F,NA,NA,Result: did not finishGrid: 63rd (9:27.8990) - 65th fastest qualifier,did not finishGrid: 63rd (9:27.8990) - 65th fastest qualifier,not_finished,63,9:27.8990,NA,9:27.8990,https://www.racingsportscars.com/images/car_no_photo.png,https://www.racingsportscars.com/about.html#contrib,https://www.racingsportscars.com/make/photo/Lexus.html,https://www.racingsportscars.com/type/photo/Lexus/IS%20F.html,NA,NA
2013,304,Opel Astra J OPC - Opel,NA,Cup 1,Raceunion Teichmann Racing,-,-,Michael Funke (D)/Hendrik Still (D)/Niki Schelle (D)/Jannik Olivo (D),NA,NA,NA,13/07/2018,Thomas Morper,Opel,Astra,J OPC,NA,Result: did not finishGrid: 91st (9:53.5160) - 93rd fastest qualifier,did not finishGrid: 91st (9:53.5160) - 93rd fastest qualifier,not_finished,91,9:53.5160,NA,9:53.5160,https://www.racingsportscars.com/tn/photo/2013/TN_Nurburgring-2013-05-20-304.jpg,https://www.racingsportscars.com/photo/2013/Nurburgring-2013-05-20-304.jpg,https://www.racingsportscars.com/make/photo/Opel.html,https://www.racingsportscars.com/type/photo/Opel/Astra.html,https://www.racingsportscars.com/suffix/photo/Opel/Astra/J%20OPC.html,NA
2013,45,Porsche 997 GT3 R - Porsche F6 4v DOHC 3996 cc N/A,NA,SP9 GT3,Timbuli Racing,Closed bodywork,Rear-engined,Pierre Kaffer (D)Marco Seefried (D)/Norbert Siedler (A)/Marc Hennerici (D),NA,NA,NA,13/07/2018,Thomas Morper,Porsche,997 GT3 R,NA,NA,Result: did not finishGrid: 16th (8:23.0350),did not finishGrid: 16th (8:23.0350),not_finished,16,8:23.0350,NA,8:23.0350,https://www.racingsportscars.com/tn/photo/2013/TN_Nurburgring-2013-05-20-045.jpg,https://www.racingsportscars.com/photo/2013/Nurburgring-2013-05-20-045.jpg,https://www.racingsportscars.com/make/photo/Porsche.html,https://www.racingsportscars.com/type/photo/Porsche/997%20GT3%20R.html,NA,NA
2013,127,Mini John Cooper Works - BMW N/A,NA,SP2T,Schirra-motoring,Closed bodywork,Front-engined,Friedrich von Bohlen (D)/Markus Oestreich (D)/Wolfgang Haugg (D)/Christian Gebhardt (D),NA,NA,NA,22/02/2019,Thomas Morper,Mini,John Cooper Works,NA,NA,Result: did not finishGrid: 60th (9:26.2560) - 62nd fastest qualifier,did not finishGrid: 60th (9:26.2560) - 62nd fastest qualifier,not_finished,60,9:26.2560,NA,9:26.2560,https://www.racingsportscars.com/tn/photo/2013/TN_Nurburgring-2013-05-20-127.jpg,https://www.racingsportscars.com/photo/2013/Nurburgring-2013-05-20-127.jpg,https://www.racingsportscars.com/make/photo/Mini.html,https://www.racingsportscars.com/type/photo/Mini/John%20Cooper%20Works.html,NA,NA
2013,19,BMW Z4 E89 GT3 - BMW P65 V8/90° 4v DOHC 4361 cc N/A,NA,SP9 GT3,BMW Team Schubert,Closed bodywork,Front-engined,Augusto Farfus (BR)/Uwe Alzen (D)/Dirk Müller (D)/Claudia Hürtgen (D),NA,NA,NA,13/07/2018,Thomas Morper,BMW,Z4,E89 GT3,NA,Result: did not finishGrid: 15th (8:22.8890),did not finishGrid: 15th (8:22.8890),not_finished,15,8:22.8890,NA,8:22.8890,https://www.racingsportscars.com/tn/photo/2013/TN_Nurburgring-2013-05-20-019.jpg,https://www.racingsportscars.com/photo/2013/Nurburgring-2013-05-20-019.jpg,https://www.racingsportscars.com/make/photo/BMW.html,https://www.racingsportscars.com/type/photo/BMW/Z4.html,https://www.racingsportscars.com/suffix/photo/BMW/Z4/E89%20GT3.html,NA
2013,52,Porsche 997 GT3 Cup - Porsche F6 4v DOHC N/A,NA,SP7,,Closed bodywork,Rear-engined,Johannes Kirchhoff (D)/Gustav Edelhoff (D)/Elmar Grimm (D)/Wolfgang Kemper (D),NA,NA,NA,13/07/2018,Thomas Morper,Porsche,997 GT3 Cup,NA,NA,Result: did not finishGrid: 44th (9:03.5040) - 46th fastest qualifier,did not finishGrid: 44th (9:03.5040) - 46th fastest qualifier,not_finished,44,9:03.5040,NA,9:03.5040,https://www.racingsportscars.com/tn/photo/2013/TN_Nurburgring-2013-05-20-052.jpg,https://www.racingsportscars.com/photo/2013/Nurburgring-2013-05-20-052.jpg,https://www.racingsportscars.com/make/photo/Porsche.html,https://www.racingsportscars.com/type/photo/Porsche/997%20GT3%20Cup.html,NA,NA
2013,60,Aston Martin V8 Vantage GT4 - Aston Martin V8/90° 4v DOHC 4735 cc N/A,NA,SP10 GT4,Team Mathol Racing e.V.,Closed bodywork,Front-engined,Wolfgang Weber (D)/Norbert Bermes (D)/Marcel Belka (D)/Richard Nilsson (D),NA,NA,NA,13/07/2018,Thomas Morper,Aston Martin,V8 Vantage,GT4,NA,Result: did not finishGrid: 110th (10:11.9250) - 113th fastest qualifier,did not finishGrid: 110th (10:11.9250) - 113th fastest qualifier,not_finished,110,10:11.9250,NA,10:11.9250,https://www.racingsportscars.com/tn/photo/2013/TN_Nurburgring-2013-05-20-060.jpg,https://www.racingsportscars.com/photo/2013/Nurburgring-2013-05-20-060.jpg,https://www.racingsportscars.com/make/photo/Aston%20Martin.html,https://www.racingsportscars.com/type/photo/Aston%20Martin/V8%20Vantage.html,https://www.racingsportscars.com/suffix/photo/Aston%20Martin/V8%20Vantage/GT4.html,NA
2013,90,BMW M3 E36 - BMW,NA,SP4+SP5,,Closed bodywork,Front-engined,Richard Gartner (AUS)/Peter O'Donnell (AUS)/Kean Booker (AUS)/Tony Alford (AUS),NA,NA,NA,NA,NA,BMW,M3,E36,NA,Result: did not finishGrid: 143rd (10:43.7970) - 148th fastest qualifier,did not finishGrid: 143rd (10:43.7970) - 148th fastest qualifier,not_finished,143,10:43.7970,NA,10:43.7970,https://www.racingsportscars.com/images/car_no_photo.png,https://www.racingsportscars.com/about.html#contrib,https://www.racingsportscars.com/make/photo/BMW.html,https://www.racingsportscars.com/type/photo/BMW/M3.html,https://www.racingsportscars.com/suffix/photo/BMW/M3/E36.html,NA
2013,117,Seat León Supercopa - Seat,NA,SP3T,,-,-,Daniel Schmieglitz (D)/Uwe Stein (D)/Jörg Kurowski/Tim Leyendecker,NA,NA,NA,NA,NA,Seat,León,Supercopa,NA,Result: did not finishGrid: 172nd (12:36.7610) - 176th fastest qualifier,did not finishGrid: 172nd (12:36.7610) - 176th fastest qualifier,not_finished,172,12:36.7610,NA,12:36.7610,https://www.racingsportscars.com/images/car_no_photo.png,https://www.racingsportscars.com/about.html#contrib,https://www.racingsportscars.com/make/photo/Seat.html,https://www.racingsportscars.com/type/photo/Seat/Le%c3%b3n.html,https://www.racingsportscars.com/suffix/photo/Seat/Le%c3%b3n/Supercopa.html,NA
2013,95,BMW M3 GTR - BMW,NA,SP6,,Closed bodywork,Front-engined,Rob Smith (GB)/Adam Sharpe (GB)/Colin White (GB),NA,NA,NA,NA,NA,BMW,M3,GTR,NA,Result: did not finishGrid: 56th (9:21.2760) - 58th fastest qualifier,did not finishGrid: 56th (9:21.2760) - 58th fastest qualifier,not_finished,56,9:21.2760,NA,9:21.2760,https://www.racingsportscars.com/images/car_no_photo.png,https://www.racingsportscars.com/about.html#contrib,https://www.racingsportscars.com/make/photo/BMW.html,https://www.racingsportscars.com/type/photo/BMW/M3.html,https://www.racingsportscars.com/suffix/photo/BMW/M3/GTR.html,NA
2013,114,VW Golf V R-Line - VW,NA,SP3T,AC 1927 Mayen e.V. i. ADAC,Closed bodywork,Front-engined,Jose Visir (RA)/Gustavo Fontana (RA)/Ruben Salerno (RA)/Jorge Cersosimo (RA),NA,NA,NA,NA,NA,VW,Golf,V R-Line,NA,Result: did not finishGrid: 106th (10:08.8400) - 109th fastest qualifier,did not finishGrid: 106th (10:08.8400) - 109th fastest qualifier,not_finished,106,10:08.8400,NA,10:08.8400,https://www.racingsportscars.com/images/car_no_photo.png,https://www.racingsportscars.com/about.html#contrib,https://www.racingsportscars.com/make/photo/VW.html,https://www.racingsportscars.com/type/photo/VW/Golf.html,https://www.racingsportscars.com/suffix/photo/VW/Golf/V%20R-Line.html,NA
2013,69,McLaren MP4-12C GT3 # - McLaren M838T V8/90° 4v DOHC 3799 cc Twin-Turbo,NA,SP9 GT3,Dörr Motorsport GmbH (D),Closed bodywork,Mid-engined,Rudi Adams (D)/Arno Klasen (D)/Peter Kox (NL),NA,NA,NA,13/07/2018,Thomas Morper,McLaren,MP4-12C,GT3,#,Result: did not finishGrid: 38th (8:33.0830) - 30th fastest qualifier,did not finishGrid: 38th (8:33.0830) - 30th fastest qualifier,not_finished,38,8:33.0830,NA,8:33.0830,https://www.racingsportscars.com/tn/photo/2013/TN_Nurburgring-2013-05-20-069.jpg,https://www.racingsportscars.com/photo/2013/Nurburgring-2013-05-20-069.jpg,https://www.racingsportscars.com/make/photo/McLaren.html,https://www.racingsportscars.com/type/photo/McLaren/MP4-12C.html,https://www.racingsportscars.com/suffix/photo/McLaren/MP4-12C/GT3.html,https://www.racingsportscars.com/chassis/photo/MP4-12C%20GT3%20006.html
