year,number,car_title,result,group,entrant,bodywork,engine,drivers,sponsor,colour,tyre,updated,contributor,make,model,chassis,suffix,result_raw,result_txt,result_status,grid,grid_time,finish_gap,dnf_reason,thumb_url,photo_url,make_url,model_url,chassis_url,suffix_url
2015,28,Audi R8 LMS # - Audi FSI V10/90° 4v DOHC 5205 cc N/A,1,SP9 GT3,Audi Sport Team WRT (B),Closed bodywork,Mid-engined,Christopher Mies (D)/Edward Sandström (S)/Nico Müller (CH)/Laurens Vanthoor (B),R8/Audi Sport,silver (+black/red),Michelin,08/10/2017,Thomas Morper,Audi,R8 LMS,#,NA,Result: winner - (164.238 kph) - margin: 40s729Grid: 7th (8:19.4370),winner - (164.238 kph) - margin: 40s729Grid: 7th (8:19.4370),finished,7,8:19.4370,164.238 kph,NA,https://www.racingsportscars.com/tn/photo/2015/TN_Nurburgring-2015-05-17-028.jpg,https://www.racingsportscars.com/photo/2015/Nurburgring-2015-05-17-028.jpg,https://www.racingsportscars.com/make/photo/Audi.html,https://www.racingsportscars.com/type/photo/Audi/R8%20LMS.html,https://www.racingsportscars.com/chassis/photo/R8LMS-WRT-2015-silver%23.html,NA
2015,25,BMW Z4 E89 GT3 #1054 - BMW P65 V8/90° 4v DOHC 4361 cc N/A,2,SP9 GT3,BMW Sports Trophy Team Marc VDS,Closed bodywork,Front-engined,Maxime Martin (B)/Markus Palttala (FIN)/Lucas Luhr (D)/Richard Westbrook (GB),NA,NA,NA,08/10/2017,Thomas Morper,BMW,Z4,#1054,E89 GT3,Result: 2nd (40s729 behind the winner)Grid: 6th (8:19.3230),2nd (40s729 behind the winner)Grid: 6th (8:19.3230),finished,6,8:19.3230,40s729 behind the winner,NA,https://www.racingsportscars.com/tn/photo/2015/TN_Nurburgring-2015-05-17-025.jpg,https://www.racingsportscars.com/photo/2015/Nurburgring-2015-05-17-025.jpg,https://www.racingsportscars.com/make/photo/BMW.html,https://www.racingsportscars.com/type/photo/BMW/Z4.html,https://www.racingsportscars.com/chassis/photo/E89Z4%201054.html,https://www.racingsportscars.com/suffix/photo/BMW/Z4/E89%20GT3.html
2015,44,Porsche 997 GT3 R - Porsche F6 4v DOHC 3996 cc N/A,3,SP9 GT3,Falken Motorsports,Closed bodywork,Rear-engined,Peter Dumbreck (GB)/Wolf Henzler (D)/Martin Ragginger (A)/Alexandre Imperatori (CH),NA,NA,NA,18/11/2023,Thomas Morper and Masanori Kawano (CC-BY-SA-4.0),Porsche,997 GT3 R,NA,NA,Result: 3rd (1 lap behind the winner)Grid: 19th (8:22.0640),3rd (1 lap behind the winner)Grid: 19th (8:22.0640),finished,19,8:22.0640,1 lap behind the winner,NA,https://www.racingsportscars.com/tn/photo/2015/TN_Nurburgring-2015-05-17-044.jpg,https://www.racingsportscars.com/photo/2015/Nurburgring-2015-05-17-044.jpg,https://www.racingsportscars.com/make/photo/Porsche.html,https://www.racingsportscars.com/type/photo/Porsche/997%20GT3%20R.html,NA,NA
2015,26,BMW Z4 E89 GT3 - BMW P65 V8/90° 4v DOHC 4361 cc N/A,4,SP9 GT3,BMW Sports Trophy Team Marc VDS,Closed bodywork,Front-engined,Augusto Farfus (BR)/Nicky Catsburg (NL)/Jörg Müller (D)/Dirk Adorf (D),NA,NA,NA,08/10/2017,Thomas Morper,BMW,Z4,NA,E89 GT3,Result: 4th (1 lap behind the winner)Grid: 1st (8:17.3940),4th (1 lap behind the winner)Grid: 1st (8:17.3940),finished,1,8:17.3940,1 lap behind the winner,NA,https://www.racingsportscars.com/tn/photo/2015/TN_Nurburgring-2015-05-17-026.jpg,https://www.racingsportscars.com/photo/2015/Nurburgring-2015-05-17-026.jpg,https://www.racingsportscars.com/make/photo/BMW.html,https://www.racingsportscars.com/type/photo/BMW/Z4.html,NA,https://www.racingsportscars.com/suffix/photo/BMW/Z4/E89%20GT3.html
2015,5,Mercedes-Benz SLS AMG GT3 - Mercedes-Benz M159 V8/90° 4v DOHC 6208 cc N/A,5,SP9 GT3,Black Falcon,Closed bodywork,Front-engined,Yelmer Buurman (NL)Abdulaziz Al Faisal (KSA)/Hubert Haupt (D)/Jaap van Lagen (NL),NA,NA,NA,08/10/2017,Thomas Morper,Mercedes-Benz,SLS AMG,NA,GT3,Result: 5th (1 lap behind the winner)Grid: 18th (8:21.7810),5th (1 lap behind the winner)Grid: 18th (8:21.7810),finished,18,8:21.7810,1 lap behind the winner,NA,https://www.racingsportscars.com/tn/photo/2015/TN_Nurburgring-2015-05-17-005.jpg,https://www.racingsportscars.com/NA,https://www.racingsportscars.com/make/photo/Mercedes-Benz.html,https://www.racingsportscars.com/type/photo/Mercedes-Benz/SLS%20AMG.html,NA,https://www.racingsportscars.com/suffix/photo/Mercedes-Benz/SLS%20AMG/GT3.html
2015,17,BMW Z4 E89 GT3 - BMW P65 V8/90° 4v DOHC 4361 cc N/A,6,SP9 GT3,Walkenhorst Motorsport,Closed bodywork,Front-engined,Felipe Fernandez Laser (D)/Michela Cerruti (I)/John Edwards (USA)/Daniel Keilwitz (D),NA,NA,NA,08/10/2017,Thomas Morper,BMW,Z4,NA,E89 GT3,Result: 6th (3 laps behind the winner)Grid: 26th (8:30.1690),6th (3 laps behind the winner)Grid: 26th (8:30.1690),finished,26,8:30.1690,3 laps behind the winner,NA,https://www.racingsportscars.com/tn/photo/2015/TN_Nurburgring-2015-05-17-017.jpg,https://www.racingsportscars.com/photo/2015/Nurburgring-2015-05-17-017.jpg,https://www.racingsportscars.com/make/photo/BMW.html,https://www.racingsportscars.com/type/photo/BMW/Z4.html,NA,https://www.racingsportscars.com/suffix/photo/BMW/Z4/E89%20GT3.html
2015,29,Audi R8 LMS # - Audi FSI V10/90° 4v DOHC 5205 cc N/A,7,SP9 GT3,Audi Sport Team WRT (B),Closed bodywork,Mid-engined,Pierre Kaffer (D)/Christer Joens (D)/Nicki Thiim (DK),R8/Audi Sport,red (+black/white),Michelin,08/10/2017,Thomas Morper,Audi,R8 LMS,#,NA,Result: 7th (3 laps behind the winner)Grid: 5th (8:19.0580),7th (3 laps behind the winner)Grid: 5th (8:19.0580),finished,5,8:19.0580,3 laps behind the winner,NA,https://www.racingsportscars.com/tn/photo/2015/TN_Nurburgring-2015-05-17-029.jpg,https://www.racingsportscars.com/NA,https://www.racingsportscars.com/make/photo/Audi.html,https://www.racingsportscars.com/type/photo/Audi/R8%20LMS.html,https://www.racingsportscars.com/chassis/photo/R8LMS-WRT-2015-red%23.html,NA
2015,11,Bentley Continental GT3 - Bentley 4.0 TFSI V8/90° 4v DOHC 3993 cc Twin-Turbo,8,SP9 GT3,Bentley Team HTTP,Closed bodywork,Front-engined,Harold Primat (CH)/Christopher Brück (D)/Clemens Schmid (A)/Marco Seefried (D),NA,NA,NA,08/10/2017,Thomas Morper,Bentley,Continental GT3,NA,NA,Result: 8th (5 laps behind the winner)Grid: 21st (8:25.4830),8th (5 laps behind the winner)Grid: 21st (8:25.4830),finished,21,8:25.4830,5 laps behind the winner,NA,https://www.racingsportscars.com/tn/photo/2015/TN_Nurburgring-2015-05-17-011.jpg,https://www.racingsportscars.com/photo/2015/Nurburgring-2015-05-17-011.jpg,https://www.racingsportscars.com/make/photo/Bentley.html,https://www.racingsportscars.com/type/photo/Bentley/Continental%20GT3.html,NA,NA
2015,35,Nissan GT-R Nismo GT3 #8A01 - Nissan VR38DETT V6/60° 4v DOHC 3799 cc Twin-Turbo,9,SP9 GT3,Nissan GT Academy Team RJN (GB),Closed bodywork,Front-engined,Alex Buncombe (GB)/Kazuki Hoshino (J)/Michael Krumm (D)/Lucas Ordoñez (E),NA,NA,NA,08/10/2017,Thomas Morper,Nissan,GT-R,#8A01,Nismo GT3,Result: 9th (5 laps behind the winner)Grid: 31st (8:35.9140),9th (5 laps behind the winner)Grid: 31st (8:35.9140),finished,31,8:35.9140,5 laps behind the winner,NA,https://www.racingsportscars.com/tn/photo/2015/TN_Nurburgring-2015-05-17-035.jpg,https://www.racingsportscars.com/NA,https://www.racingsportscars.com/make/photo/Nissan.html,https://www.racingsportscars.com/type/photo/Nissan/GT-R.html,https://www.racingsportscars.com/chassis/photo/R35GT3-8A01.html,https://www.racingsportscars.com/suffix/photo/Nissan/GT-R/Nismo%20GT3.html
2015,33,Mercedes-Benz SLS AMG GT3 - Mercedes-Benz M159 V8/90° 4v DOHC 6208 cc N/A,10,SP9 GT3,Team Premio,Closed bodywork,Front-engined,Kenneth Heyer (D)/Philipp Frommenwiler (CH)/Rob Huff (GB)/Christian Krognes (N),NA,NA,NA,08/10/2017,Thomas Morper,Mercedes-Benz,SLS AMG,NA,GT3,Result: 10th (5 laps behind the winner)Grid: 30th (8:43.6370),10th (5 laps behind the winner)Grid: 30th (8:43.6370),finished,30,8:43.6370,5 laps behind the winner,NA,https://www.racingsportscars.com/tn/photo/2015/TN_Nurburgring-2015-05-17-033.jpg,https://www.racingsportscars.com/NA,https://www.racingsportscars.com/make/photo/Mercedes-Benz.html,https://www.racingsportscars.com/type/photo/Mercedes-Benz/SLS%20AMG.html,NA,https://www.racingsportscars.com/suffix/photo/Mercedes-Benz/SLS%20AMG/GT3.html
2015,16,Audi R8 LMS ultra - Audi FSI V10/90° 4v DOHC 5205 cc N/A,11,SP9 GT3,,Closed bodywork,Mid-engined,Marc Busch (D)/Dennis Busch (D)/Christiaan Frankenhout (NL),NA,NA,NA,08/10/2017,Thomas Morper,Audi,R8 LMS,NA,ultra,Result: 11th (7 laps behind the winner)Grid: 32nd (8:36.0440),11th (7 laps behind the winner)Grid: 32nd (8:36.0440),finished,32,8:36.0440,7 laps behind the winner,NA,https://www.racingsportscars.com/tn/photo/2015/TN_Nurburgring-2015-05-17-016.jpg,https://www.racingsportscars.com/NA,https://www.racingsportscars.com/make/photo/Audi.html,https://www.racingsportscars.com/type/photo/Audi/R8%20LMS.html,NA,https://www.racingsportscars.com/suffix/photo/Audi/R8%20LMS/ultra.html
2015,15,Audi R8 LMS ultra - Audi FSI V10/90° 4v DOHC 5205 cc N/A,12,SP9 GT3,Audi race experience,Closed bodywork,Mid-engined,Alex Yoong (MAL)/Frankie Cheng (CHN)/Marchy Lee (HK)/Shaun Thong (HK),NA,NA,NA,08/10/2017,Thomas Morper,Audi,R8 LMS,NA,ultra,Result: 12th (8 laps behind the winner)Grid: 33rd (8:37.5920),12th (8 laps behind the winner)Grid: 33rd (8:37.5920),finished,33,8:37.5920,8 laps behind the winner,NA,https://www.racingsportscars.com/tn/photo/2015/TN_Nurburgring-2015-05-17-015.jpg,https://www.racingsportscars.com/NA,https://www.racingsportscars.com/make/photo/Audi.html,https://www.racingsportscars.com/type/photo/Audi/R8%20LMS.html,NA,https://www.racingsportscars.com/suffix/photo/Audi/R8%20LMS/ultra.html
2015,61,Porsche 991 GT3 Cup - Porsche F6 4v DOHC 3800 cc N/A,13,SP7,Black Falcon Team TMD Friction,Closed bodywork,Rear-engined,Gerwin Schuring (NL)/Philipp Eng (A)/Manuel Metzger (D)/Hannes Plesse (D),NA,NA,NA,08/10/2017,Thomas Morper,Porsche,991 GT3 Cup,NA,NA,Result: 13th 1st in SP7 (8 laps behind the winner)Grid: 29th (8:39.6900),13th 1st in SP7 (8 laps behind the winner)Grid: 29th (8:39.6900),finished,29,8:39.6900,8 laps behind the winner,NA,https://www.racingsportscars.com/tn/photo/2015/TN_Nurburgring-2015-05-17-061.jpg,https://www.racingsportscars.com/NA,https://www.racingsportscars.com/make/photo/Porsche.html,https://www.racingsportscars.com/type/photo/Porsche/991%20GT3%20Cup.html,NA,NA
2015,53,Lexus LF A Code X - Lexus,14,SP-Pro,Team Toyota Gazoo Racing,-,-,Masahiko Kageyama (J)/Hiroaki Ishiura (J)/Kazuya Oshima (J)/Takuto Iguchi (J),NA,NA,NA,08/10/2017,Thomas Morper,Lexus,LF,NA,A Code X,Result: 14th 1st in SP-Pro (9 laps behind the winner)Grid: 23rd (8:26.2800),14th 1st in SP-Pro (9 laps behind the winner)Grid: 23rd (8:26.2800),finished,23,8:26.2800,9 laps behind the winner,NA,https://www.racingsportscars.com/tn/photo/2015/TN_Nurburgring-2015-05-17-053.jpg,https://www.racingsportscars.com/NA,https://www.racingsportscars.com/make/photo/Lexus.html,https://www.racingsportscars.com/type/photo/Lexus/LF.html,NA,https://www.racingsportscars.com/suffix/photo/Lexus/LF/A%20Code%20X.html
2015,18,BMW Z4 E89 GT3 - BMW P65 V8/90° 4v DOHC 4361 cc N/A,15,SP9 GT3,Walkenhorst Motorsport,Closed bodywork,Front-engined,/Ralf Oeverhaus (D)/Henry Walkenhorst (D)/Christian Bollrath (D)/Stefan Aust (D),NA,NA,NA,08/10/2017,Thomas Morper,BMW,Z4,NA,E89 GT3,Result: 15th (10 laps behind the winner)Grid: 37th (8:53.6040),15th (10 laps behind the winner)Grid: 37th (8:53.6040),finished,37,8:53.6040,10 laps behind the winner,NA,https://www.racingsportscars.com/tn/photo/2015/TN_Nurburgring-2015-05-17-018.jpg,https://www.racingsportscars.com/photo/2015/Nurburgring-2015-05-17-018.jpg,https://www.racingsportscars.com/make/photo/BMW.html,https://www.racingsportscars.com/type/photo/BMW/Z4.html,NA,https://www.racingsportscars.com/suffix/photo/BMW/Z4/E89%20GT3.html
2015,7,Aston Martin V12 Vantage GT3 (Prodrive) - Aston Martin AM11/Prodrive V12/60° 4v DOHC 5935 cc N/A,16,SP9 GT3,Aston Martin Racing,Closed bodywork,Front-engined,/Darren Turner (GB)/Stefan Mücke (D)/Pedro Lamy (P)/Richie Stanaway (NZ),NA,NA,NA,08/10/2017,Thomas Morper,Aston Martin,V12 Vantage,NA,GT3,Result: 16th (10 laps behind the winner)Grid: 12th (8:20.0430),16th (10 laps behind the winner)Grid: 12th (8:20.0430),finished,12,8:20.0430,10 laps behind the winner,NA,https://www.racingsportscars.com/tn/photo/2015/TN_Nurburgring-2015-05-17-00007.jpg,https://www.racingsportscars.com/NA,https://www.racingsportscars.com/make/photo/Aston%20Martin.html,https://www.racingsportscars.com/type/photo/Aston%20Martin/V12%20Vantage.html,NA,https://www.racingsportscars.com/suffix/photo/Aston%20Martin/V12%20Vantage/GT3.html
2015,12,Porsche 997 GT3 R #WP0ZZZ99ZBS799514 - Porsche F6 4v DOHC 3996 cc N/A,17,SP9 GT3,Manthey Racing (D),Closed bodywork,Rear-engined,Otto Klohs (D)/Robert Renauer (D)/Harald Schlotter (D)/Jens Richter (D),NA,NA,NA,08/10/2017,Thomas Morper,Porsche,997 GT3 R,#WP0ZZZ99ZBS799514,NA,Result: 17th (11 laps behind the winner)Grid: 25th (8:28.2800),17th (11 laps behind the winner)Grid: 25th (8:28.2800),finished,25,8:28.2800,11 laps behind the winner,NA,https://www.racingsportscars.com/tn/photo/2015/TN_Nurburgring-2015-05-17-012.jpg,https://www.racingsportscars.com/NA,https://www.racingsportscars.com/make/photo/Porsche.html,https://www.racingsportscars.com/type/photo/Porsche/997%20GT3%20R.html,https://www.racingsportscars.com/chassis/photo/WP0ZZZ99ZBS799514.html,NA
2015,114,Subaru WRX STI # - Subaru,18,SP3T,Subaru Tecnica International,-,-,Carlo van Dam (NL)/Marcel Lasée (D)/Tim Schrick (D)/Hideki Yamauchi (J),NA,NA,NA,08/10/2017,Thomas Morper,Subaru,WRX,#,STI,Result: 18th 1st in SP3T (13 laps behind the winner)Grid: 44th (9:08.0370),18th 1st in SP3T (13 laps behind the winner)Grid: 44th (9:08.0370),finished,44,9:08.0370,13 laps behind the winner,NA,https://www.racingsportscars.com/tn/photo/2015/TN_Nurburgring-2015-05-17-114.jpg,https://www.racingsportscars.com/NA,https://www.racingsportscars.com/make/photo/Subaru.html,https://www.racingsportscars.com/type/photo/Subaru/WRX.html,https://www.racingsportscars.com/chassis/photo/WRX-VanDam%23.html,https://www.racingsportscars.com/suffix/photo/Subaru/WRX/STI.html
2015,68,Porsche 991 GT America - Porsche F6 4v DOHC 3797 cc N/A,19,SP7,Frikadelli Racing Team,Closed bodywork,Rear-engined,Frank Kräling (D)/Marc Gindorf (D)/Connor De Phillippi (USA)/Klaus Abbelen (D),NA,NA,NA,08/10/2017,Thomas Morper,Porsche,991 GT America,NA,NA,Result: 19th (13 laps behind the winner)Grid: 35th (8:47.7570),19th (13 laps behind the winner)Grid: 35th (8:47.7570),finished,35,8:47.7570,13 laps behind the winner,NA,https://www.racingsportscars.com/tn/photo/2015/TN_Nurburgring-2015-05-17-068.jpg,https://www.racingsportscars.com/NA,https://www.racingsportscars.com/make/photo/Porsche.html,https://www.racingsportscars.com/type/photo/Porsche/991%20GT%20America.html,NA,NA
2015,70,Porsche 997 GT3 Cup - Porsche F6 4v DOHC N/A,20,SP7,raceunion Teichmann Racing,Closed bodywork,Rear-engined,"""Alex Autumn"" (D)/Marc Hennerici (D)/Dominik Brinkmann (D)/""Don Stephano""",NA,NA,NA,08/10/2017,Thomas Morper,Porsche,997 GT3 Cup,NA,NA,Result: 20th (14 laps behind the winner)Grid: 39th (8:59.8390),20th (14 laps behind the winner)Grid: 39th (8:59.8390),finished,39,8:59.8390,14 laps behind the winner,NA,https://www.racingsportscars.com/tn/photo/2015/TN_Nurburgring-2015-05-17-070.jpg,https://www.racingsportscars.com/NA,https://www.racingsportscars.com/make/photo/Porsche.html,https://www.racingsportscars.com/type/photo/Porsche/997%20GT3%20Cup.html,NA,NA
2015,75,Porsche 991 GT3 Cup # - Porsche F6 4v DOHC 3800 cc N/A,21,SP7,GetSpeed Performance,Closed bodywork,Rear-engined,"Adam Osieka (D)/Dieter Schornstein, Jr. (D)/""Andy Sammers""/Dennis Trebing (USA)",NA,NA,NA,08/10/2017,Thomas Morper,Porsche,991 GT3 Cup,#,NA,Result: 21st (15 laps behind the winner)Grid: 36th (8:51.8760),21st (15 laps behind the winner)Grid: 36th (8:51.8760),finished,36,8:51.8760,15 laps behind the winner,NA,https://www.racingsportscars.com/tn/photo/2015/TN_Nurburgring-2015-05-17-075.jpg,https://www.racingsportscars.com/NA,https://www.racingsportscars.com/make/photo/Porsche.html,https://www.racingsportscars.com/type/photo/Porsche/991%20GT3%20Cup.html,https://www.racingsportscars.com/chassis/photo/991Cup-SpeedLover-01%23.html,NA
2015,57,Porsche 991 Carrera Cup - Porsche,22,SP7,,Closed bodywork,Rear-engined,Willie Moore (GB)/Bill Cameron (GB)/Peter Blonk,NA,NA,NA,08/10/2017,Thomas Morper,Porsche,991,NA,Carrera Cup,Result: 22nd (15 laps behind the winner)Grid: 82nd (9:53.3370),22nd (15 laps behind the winner)Grid: 82nd (9:53.3370),finished,82,9:53.3370,15 laps behind the winner,NA,https://www.racingsportscars.com/tn/photo/2015/TN_Nurburgring-2015-05-17-057.jpg,https://www.racingsportscars.com/NA,https://www.racingsportscars.com/make/photo/Porsche.html,https://www.racingsportscars.com/type/photo/Porsche/991.html,NA,https://www.racingsportscars.com/suffix/photo/Porsche/991/Carrera%20Cup.html
2015,91,Porsche 991 GT3 Cup MR #WP0ZZZ99ZFS198073 - Porsche F6 4v DOHC 3800 cc N/A,23,SP7,Manthey Racing,Closed bodywork,Rear-engined,"""Dieter Schmidtmann""/Marco Schelp (D)/Andreas Ziegler (D)/Peter Scharmach (D)",NA,NA,NA,08/10/2017,Thomas Morper,Porsche,991 GT3 Cup,#WP0ZZZ99ZFS198073,MR,Result: 23rd (16 laps behind the winner)Grid: 43rd (9:05.2990),23rd (16 laps behind the winner)Grid: 43rd (9:05.2990),finished,43,9:05.2990,16 laps behind the winner,NA,https://www.racingsportscars.com/tn/photo/2015/TN_Nurburgring-2015-05-17-091.jpg,https://www.racingsportscars.com/NA,https://www.racingsportscars.com/make/photo/Porsche.html,https://www.racingsportscars.com/type/photo/Porsche/991%20GT3%20Cup.html,https://www.racingsportscars.com/chassis/photo/WP0ZZZ99ZFS198073.html,https://www.racingsportscars.com/suffix/photo/Porsche/991%20GT3%20Cup/MR.html
2015,64,Porsche 997 GT3 Cup - Porsche F6 4v DOHC N/A,24,SP7,,Closed bodywork,Rear-engined,Reinhard Huber (D)/Gianvito Rossi (I)/Michael Hagen/Chris Rendlen (D),NA,NA,NA,08/10/2017,Thomas Morper,Porsche,997 GT3 Cup,NA,NA,Result: 24th (18 laps behind the winner)Grid: 52nd (9:25.1820),24th (18 laps behind the winner)Grid: 52nd (9:25.1820),finished,52,9:25.1820,18 laps behind the winner,NA,https://www.racingsportscars.com/tn/photo/2015/TN_Nurburgring-2015-05-17-064.jpg,https://www.racingsportscars.com/NA,https://www.racingsportscars.com/make/photo/Porsche.html,https://www.racingsportscars.com/type/photo/Porsche/997%20GT3%20Cup.html,NA,NA
2015,301,BMW M235i Racing Cup - BMW 3000 cc Twin-Turbo,25,Cup 5,Team Securtal Sorg Rennsport,Closed bodywork,Front-engined,Michele di Martino (D)/Moritz Oberheim (D)/Kevin Warum (D)/Torsten Kratz (D),NA,NA,NA,08/10/2017,Thomas Morper,BMW,M235i,NA,Racing Cup,Result: 25th 1st in Cup 5 (20 laps behind the winner)Grid: 68th (9:41.4170),25th 1st in Cup 5 (20 laps behind the winner)Grid: 68th (9:41.4170),finished,68,9:41.4170,20 laps behind the winner,NA,https://www.racingsportscars.com/tn/photo/2015/TN_Nurburgring-2015-05-17-301.jpg,https://www.racingsportscars.com/NA,https://www.racingsportscars.com/make/photo/BMW.html,https://www.racingsportscars.com/type/photo/BMW/M235i.html,NA,https://www.racingsportscars.com/suffix/photo/BMW/M235i/Racing%20Cup.html
2015,162,Porsche 991 Carrera - Porsche,26,V6,Black Falcon Team TMD Friction,Closed bodywork,Rear-engined,"""Philip""/Andre Kuhn/Christian Schmitz (B)/Helmut Weber",NA,NA,NA,08/10/2017,Thomas Morper,Porsche,991,NA,Carrera,Result: 26th 1st in V6 (20 laps behind the winner)Grid: 56th (9:31.1460),26th 1st in V6 (20 laps behind the winner)Grid: 56th (9:31.1460),finished,56,9:31.1460,20 laps behind the winner,NA,https://www.racingsportscars.com/tn/photo/2015/TN_Nurburgring-2015-05-17-162.jpg,https://www.racingsportscars.com/NA,https://www.racingsportscars.com/make/photo/Porsche.html,https://www.racingsportscars.com/type/photo/Porsche/991.html,NA,https://www.racingsportscars.com/suffix/photo/Porsche/991/Carrera.html
2015,74,Porsche 997 GT3 Cup - Porsche F6 4v DOHC N/A,27,SP7,GetSpeed Performance,Closed bodywork,Rear-engined,Ulrich Berg (D)/Patrick Kaiser (FL)/Maxence Maurice/Camilo Echevararria,NA,NA,NA,08/10/2017,Thomas Morper,Porsche,997 GT3 Cup,NA,NA,Result: 27th (21 laps behind the winner)Grid: 46th (9:12.8040),27th (21 laps behind the winner)Grid: 46th (9:12.8040),finished,46,9:12.8040,21 laps behind the winner,NA,https://www.racingsportscars.com/tn/photo/2015/TN_Nurburgring-2015-05-17-074.jpg,https://www.racingsportscars.com/NA,https://www.racingsportscars.com/make/photo/Porsche.html,https://www.racingsportscars.com/type/photo/Porsche/997%20GT3%20Cup.html,NA,NA
2015,81,Porsche 991 - Porsche,28,SP6,,Closed bodywork,Rear-engined,"Markus Horn/Felix Horn/Jean-Louis Hertenstein (CH)/""Takis"" (GR)",NA,NA,NA,08/10/2017,Thomas Morper,Porsche,991,NA,NA,Result: 28th 1st in SP6 (21 laps behind the winner)Grid: 80th (9:53.1930),28th 1st in SP6 (21 laps behind the winner)Grid: 80th (9:53.1930),finished,80,9:53.1930,21 laps behind the winner,NA,https://www.racingsportscars.com/tn/photo/2015/TN_Nurburgring-2015-05-17-081.jpg,https://www.racingsportscars.com/NA,https://www.racingsportscars.com/make/photo/Porsche.html,https://www.racingsportscars.com/type/photo/Porsche/991.html,NA,NA
2015,80,Porsche Cayman - Porsche,29,SP6,Prosport-Performance GmbH,-,-,Michael Rebhan (D)/Dominik Schöning/Frank Schmickler (A)/Juan Manuel Silva (RA),NA,NA,NA,08/10/2017,Thomas Morper,Porsche,Cayman,NA,NA,Result: 29th (22 laps behind the winner)Grid: 71st (9:42.9090),29th (22 laps behind the winner)Grid: 71st (9:42.9090),finished,71,9:42.9090,22 laps behind the winner,NA,https://www.racingsportscars.com/tn/photo/2015/TN_Nurburgring-2015-05-17-080.jpg,https://www.racingsportscars.com/NA,https://www.racingsportscars.com/make/photo/Porsche.html,https://www.racingsportscars.com/type/photo/Porsche/Cayman.html,NA,NA
2015,66,Porsche 997 GT3 Cup - Porsche F6 4v DOHC N/A,30,SP7,Kurt Ecke Motorsport,Closed bodywork,Rear-engined,Sebastian Glasser (D)/Andreas Sczepansky (D)/Steffen Schlichenmeier (D)/Kurt Ecke (D),NA,NA,NA,08/10/2017,Thomas Morper,Porsche,997 GT3 Cup,NA,NA,Result: 30th (22 laps behind the winner)Grid: 45th (9:11.9260),30th (22 laps behind the winner)Grid: 45th (9:11.9260),finished,45,9:11.9260,22 laps behind the winner,NA,https://www.racingsportscars.com/tn/photo/2015/TN_Nurburgring-2015-05-17-066.jpg,https://www.racingsportscars.com/NA,https://www.racingsportscars.com/make/photo/Porsche.html,https://www.racingsportscars.com/type/photo/Porsche/997%20GT3%20Cup.html,NA,NA
2015,250,Opel Astra OPC Cup - Opel,31,Cup 1,Team Schirmer,-,-,Volker Strycek (D)/Markus Oestreich (D)/Moritz Oestreich (D)/Robin Strycek (D),NA,NA,NA,08/10/2017,Thomas Morper,Opel,Astra,NA,OPC Cup,Result: 31st 1st in Cup 1 (24 laps behind the winner)Grid: 74th (9:46.4500),31st 1st in Cup 1 (24 laps behind the winner)Grid: 74th (9:46.4500),finished,74,9:46.4500,24 laps behind the winner,NA,https://www.racingsportscars.com/tn/photo/2015/TN_Nurburgring-2015-05-17-250.jpg,https://www.racingsportscars.com/NA,https://www.racingsportscars.com/make/photo/Opel.html,https://www.racingsportscars.com/type/photo/Opel/Astra.html,NA,https://www.racingsportscars.com/suffix/photo/Opel/Astra/OPC%20Cup.html
2015,65,Porsche 997 GT3 Cup - Porsche F6 4v DOHC N/A,32,SP7,,Closed bodywork,Rear-engined,Uwe Kolb (D)/Didier Denat (GB)/Thomas König (D)/Lorenzo Rocco (CH),NA,NA,NA,08/10/2017,Thomas Morper,Porsche,997 GT3 Cup,NA,NA,Result: 32nd (24 laps behind the winner)Grid: 49th (9:20.0740),32nd (24 laps behind the winner)Grid: 49th (9:20.0740),finished,49,9:20.0740,24 laps behind the winner,NA,https://www.racingsportscars.com/tn/photo/2015/TN_Nurburgring-2015-05-17-065.jpg,https://www.racingsportscars.com/NA,https://www.racingsportscars.com/make/photo/Porsche.html,https://www.racingsportscars.com/type/photo/Porsche/997%20GT3%20Cup.html,NA,NA
2015,308,BMW M235i Racing Cup - BMW 3000 cc Twin-Turbo,33,Cup 5,Walkenhorst Motorsport,Closed bodywork,Front-engined,"Thomas Hetzer (D)/""Thyson""/Matias Henkola (FIN)/Henning Cramer (D)",NA,NA,NA,08/10/2017,Thomas Morper,BMW,M235i,NA,Racing Cup,Result: 33rd (24 laps behind the winner)Grid: 64th (9:37.9710),33rd (24 laps behind the winner)Grid: 64th (9:37.9710),finished,64,9:37.9710,24 laps behind the winner,NA,https://www.racingsportscars.com/tn/photo/2015/TN_Nurburgring-2015-05-17-308.jpg,https://www.racingsportscars.com/NA,https://www.racingsportscars.com/make/photo/BMW.html,https://www.racingsportscars.com/type/photo/BMW/M235i.html,NA,https://www.racingsportscars.com/suffix/photo/BMW/M235i/Racing%20Cup.html
2015,306,BMW M235i Racing Cup - BMW 3000 cc Twin-Turbo,34,Cup 5,Bonk Motorsport,Closed bodywork,Front-engined,Michael Bonk (D)/Nana Kiki Sak/Alexander Mies (D)/Roger Kurzen (CH),NA,NA,NA,08/10/2017,Thomas Morper,BMW,M235i,NA,Racing Cup,Result: 34th (24 laps behind the winner)Grid: 62nd (9:35.2780),34th (24 laps behind the winner)Grid: 62nd (9:35.2780),finished,62,9:35.2780,24 laps behind the winner,NA,https://www.racingsportscars.com/tn/photo/2015/TN_Nurburgring-2015-05-17-306.jpg,https://www.racingsportscars.com/NA,https://www.racingsportscars.com/make/photo/BMW.html,https://www.racingsportscars.com/type/photo/BMW/M235i.html,NA,https://www.racingsportscars.com/suffix/photo/BMW/M235i/Racing%20Cup.html
2015,9,SCG 003 C - HPD /Autotechnica Motori V6 3500 cc Twin-Turbo,35,SP-X,Scuderia Cameron Glickenhaus (USA),Closed bodywork,Mid-engined,Manuel Lauck (D)/Marino Franchitti (GB)/David Jahn (D)/Franck Mailleux (F),NA,NA,NA,08/10/2017,Thomas Morper,SCG,003,NA,C,Result: 35th 1st in SP-X (24 laps behind the winner)Grid: 24th (8:27.7120),35th 1st in SP-X (24 laps behind the winner)Grid: 24th (8:27.7120),finished,24,8:27.7120,24 laps behind the winner,NA,https://www.racingsportscars.com/tn/photo/2015/TN_Nurburgring-2015-05-17-009.jpg,https://www.racingsportscars.com/NA,https://www.racingsportscars.com/make/photo/SCG.html,https://www.racingsportscars.com/type/photo/SCG/003.html,NA,https://www.racingsportscars.com/suffix/photo/SCG/003/C.html
2015,116,Audi TT - Audi,36,SP3T,MSC Sinzig e.V. im ADAC,Closed bodywork,Mid-engined,Rudi Speich (D)/Roland Waschkau (D)/Dirk Vleugels (D)/Thorsten Jung (D),NA,NA,NA,08/10/2017,Thomas Morper,Audi,TT,NA,NA,Result: 36th (25 laps behind the winner)Grid: 51st (9:24.3390),36th (25 laps behind the winner)Grid: 51st (9:24.3390),finished,51,9:24.3390,25 laps behind the winner,NA,https://www.racingsportscars.com/tn/photo/2015/TN_Nurburgring-2015-05-17-116.jpg,https://www.racingsportscars.com/NA,https://www.racingsportscars.com/make/photo/Audi.html,https://www.racingsportscars.com/type/photo/Audi/TT.html,NA,NA
2015,117,Audi TT RS - Audi,37,SP3T,Scuderia Colonia e.V.,Closed bodywork,Mid-engined,Matthias Wasel (D)/Thomas Wasel (D)/Marcus Löhnert (D)/Elmar Deegener (D),NA,NA,NA,08/10/2017,Thomas Morper,Audi,TT,NA,RS,Result: 37th (25 laps behind the winner)Grid: 48th (9:17.6120),37th (25 laps behind the winner)Grid: 48th (9:17.6120),finished,48,9:17.6120,25 laps behind the winner,NA,https://www.racingsportscars.com/tn/photo/2015/TN_Nurburgring-2015-05-17-117.jpg,https://www.racingsportscars.com/NA,https://www.racingsportscars.com/make/photo/Audi.html,https://www.racingsportscars.com/type/photo/Audi/TT.html,NA,https://www.racingsportscars.com/suffix/photo/Audi/TT/RS.html
2015,167,Porsche 991 # - Porsche,38,V6,aesthetic racing,Closed bodywork,Rear-engined,Stein Tveten (D)/Yannick Fübrich (D)/Niko Nurminen (FIN),NA,NA,NA,08/10/2017,Thomas Morper,Porsche,991,#,NA,Result: 38th (25 laps behind the winner)Grid: 59th (9:33.2810),38th (25 laps behind the winner)Grid: 59th (9:33.2810),finished,59,9:33.2810,25 laps behind the winner,NA,https://www.racingsportscars.com/tn/photo/2015/TN_Nurburgring-2015-05-17-167.jpg,https://www.racingsportscars.com/NA,https://www.racingsportscars.com/make/photo/Porsche.html,https://www.racingsportscars.com/type/photo/Porsche/991.html,https://www.racingsportscars.com/chassis/photo/991-Aesthetic%23.html,NA
2015,187,Lexus RC - Lexus,39,SP3T,Team Toyota Gazoo Racing,-,-,Takayuki Kinoshita (J)/Takamitsu Matsui (J)/Naoya Gamou (J)/Kumi Sato (J),NA,NA,NA,08/10/2017,Thomas Morper,Lexus,RC,NA,NA,Result: 39th (25 laps behind the winner)Grid: 88th (10:00.1160),39th (25 laps behind the winner)Grid: 88th (10:00.1160),finished,88,10:00.1160,25 laps behind the winner,NA,https://www.racingsportscars.com/tn/photo/2015/TN_Nurburgring-2015-05-17-187.jpg,https://www.racingsportscars.com/NA,https://www.racingsportscars.com/make/photo/Lexus.html,https://www.racingsportscars.com/type/photo/Lexus/RC.html,NA,NA
2015,62,Porsche 991 GT3 Cup - Porsche F6 4v DOHC 3800 cc N/A,40,SP7,GDL Racing,Closed bodywork,Rear-engined,Rob Thomson/Andrea Perlini (I)/Nicola Bravetti (CH)/Holger Fuchs (D),NA,NA,NA,08/10/2017,Thomas Morper,Porsche,991 GT3 Cup,NA,NA,Result: 40th (25 laps behind the winner)Grid: 148th (12:14.3600),40th (25 laps behind the winner)Grid: 148th (12:14.3600),finished,148,12:14.3600,25 laps behind the winner,NA,https://www.racingsportscars.com/tn/photo/2015/TN_Nurburgring-2015-05-17-062.jpg,https://www.racingsportscars.com/NA,https://www.racingsportscars.com/make/photo/Porsche.html,https://www.racingsportscars.com/type/photo/Porsche/991%20GT3%20Cup.html,NA,NA
2015,87,Aston Martin V8 Vantage GT4 - Aston Martin V8/90° 4v DOHC 4735 cc N/A,41,SP10 GT4,Team Mathol Racing e.V.,Closed bodywork,Front-engined,Wolfgang Weber (D)/Norbert Bermes (D)/Scott Preacher (USA)/Hendrik Still (D),NA,NA,NA,08/10/2017,Thomas Morper,Aston Martin,V8 Vantage,NA,GT4,Result: 41st 1st in SP10 GT4 (26 laps behind the winner)Grid: 83rd (9:55.2740),41st 1st in SP10 GT4 (26 laps behind the winner)Grid: 83rd (9:55.2740),finished,83,9:55.2740,26 laps behind the winner,NA,https://www.racingsportscars.com/tn/photo/2015/TN_Nurburgring-2015-05-17-087.jpg,https://www.racingsportscars.com/photo/2015/Nurburgring-2015-05-17-087.jpg,https://www.racingsportscars.com/make/photo/Aston%20Martin.html,https://www.racingsportscars.com/type/photo/Aston%20Martin/V8%20Vantage.html,NA,https://www.racingsportscars.com/suffix/photo/Aston%20Martin/V8%20Vantage/GT4.html
2015,235,BMW M235i Racing Cup - BMW 3000 cc Twin-Turbo,42,SP8T,Walkenhorst Motorsport,Closed bodywork,Front-engined,Bernd Ostmann (D)/Christian Gebhardt (D)/Harald Grohs (D)/Victor Bouveng (S),NA,NA,NA,08/10/2017,Thomas Morper,BMW,M235i,NA,Racing Cup,Result: 42nd 1st in SP8T (26 laps behind the winner)Grid: 99th (10:14.7250),42nd 1st in SP8T (26 laps behind the winner)Grid: 99th (10:14.7250),finished,99,10:14.7250,26 laps behind the winner,NA,https://www.racingsportscars.com/tn/photo/2015/TN_Nurburgring-2015-05-17-235.jpg,https://www.racingsportscars.com/NA,https://www.racingsportscars.com/make/photo/BMW.html,https://www.racingsportscars.com/type/photo/BMW/M235i.html,NA,https://www.racingsportscars.com/suffix/photo/BMW/M235i/Racing%20Cup.html
2015,88,Aston Martin V8 Vantage GT4 - Aston Martin V8/90° 4v DOHC 4735 cc N/A,43,SP10 GT4,STADAvita Racing Team,Closed bodywork,Front-engined,Scott Preacher (USA)/Robert Thomson (AUS)/Garth Duffy (AUS)/Markus Lungstrass (D),NA,NA,NA,08/10/2017,Thomas Morper,Aston Martin,V8 Vantage,NA,GT4,Result: 43rd (27 laps behind the winner)Grid: 110th (10:28.3990),43rd (27 laps behind the winner)Grid: 110th (10:28.3990),finished,110,10:28.3990,27 laps behind the winner,NA,https://www.racingsportscars.com/tn/photo/2015/TN_Nurburgring-2015-05-17-088.jpg,https://www.racingsportscars.com/NA,https://www.racingsportscars.com/make/photo/Aston%20Martin.html,https://www.racingsportscars.com/type/photo/Aston%20Martin/V8%20Vantage.html,NA,https://www.racingsportscars.com/suffix/photo/Aston%20Martin/V8%20Vantage/GT4.html
2015,39,Porsche 997 GT3 KR # - Porsche,44,SP-Pro,Kremer Racing,Closed bodywork,Rear-engined,Eberhard Baunach (D)/Philippe Haezebrouck (F)/Wolfgang Kaufmann (D)/Maik Rönnefarth (D),NA,NA,NA,08/10/2017,Thomas Morper,Porsche,997 GT3,#,KR,Result: 44th (27 laps behind the winner)Grid: 50th (9:21.4970),44th (27 laps behind the winner)Grid: 50th (9:21.4970),finished,50,9:21.4970,27 laps behind the winner,NA,https://www.racingsportscars.com/tn/photo/2015/TN_Nurburgring-2015-05-17-039.jpg,https://www.racingsportscars.com/photo/2015/Nurburgring-2015-05-17-039.jpg,https://www.racingsportscars.com/make/photo/Porsche.html,https://www.racingsportscars.com/type/photo/Porsche/997%20GT3.html,https://www.racingsportscars.com/chassis/photo/997-Kremer%23.html,https://www.racingsportscars.com/suffix/photo/Porsche/997%20GT3/KR.html
2015,185,Mercedes-Benz C230 # - Mercedes-Benz,45,V4,Team AutoArenA Motorsport,-,-,Patrick Assenheimer (D)/Marc Marbach (D)/Werner Gusenbauer (D),NA,NA,NA,08/10/2017,Thomas Morper,Mercedes-Benz,C230,#,NA,Result: 45th 1st in V4 (28 laps behind the winner)Grid: 102nd (10:19.9040),45th 1st in V4 (28 laps behind the winner)Grid: 102nd (10:19.9040),finished,102,10:19.9040,28 laps behind the winner,NA,https://www.racingsportscars.com/tn/photo/2015/TN_Nurburgring-2015-05-17-185.jpg,https://www.racingsportscars.com/NA,https://www.racingsportscars.com/make/photo/Mercedes-Benz.html,https://www.racingsportscars.com/type/photo/Mercedes-Benz/C230.html,https://www.racingsportscars.com/chassis/photo/C230-AutoArena%23.html,NA
2015,253,Opel Astra OPC Cup - Opel,46,Cup 1,Lubner Motorsport,-,-,Daniel Bohr (L)/Michael Brüggenkamp (D)/Robert Schröder (D)/Roger Vögeli (CH),NA,NA,NA,08/10/2017,Thomas Morper,Opel,Astra,NA,OPC Cup,Result: 46th (28 laps behind the winner)Grid: 78th (9:51.4250),46th (28 laps behind the winner)Grid: 78th (9:51.4250),finished,78,9:51.4250,28 laps behind the winner,NA,https://www.racingsportscars.com/tn/photo/2015/TN_Nurburgring-2015-05-17-253.jpg,https://www.racingsportscars.com/NA,https://www.racingsportscars.com/make/photo/Opel.html,https://www.racingsportscars.com/type/photo/Opel/Astra.html,NA,https://www.racingsportscars.com/suffix/photo/Opel/Astra/OPC%20Cup.html
2015,310,BMW M235i Racing Cup - BMW 3000 cc Twin-Turbo,47,Cup 5,Pixum Team Adrenalin Motorsport,Closed bodywork,Front-engined,Einar Thorsen (N)/Carsten Ohlinger (D)/Hal Prewitt (USA)/Andrea Barlesi (B),NA,NA,NA,08/10/2017,Thomas Morper,BMW,M235i,NA,Racing Cup,Result: 47th (28 laps behind the winner)Grid: 100th (10:16.0400),47th (28 laps behind the winner)Grid: 100th (10:16.0400),finished,100,10:16.0400,28 laps behind the winner,NA,https://www.racingsportscars.com/tn/photo/2015/TN_Nurburgring-2015-05-17-310.jpg,https://www.racingsportscars.com/photo/2015/Nurburgring-2015-05-17-310.jpg,https://www.racingsportscars.com/make/photo/BMW.html,https://www.racingsportscars.com/type/photo/BMW/M235i.html,NA,https://www.racingsportscars.com/suffix/photo/BMW/M235i/Racing%20Cup.html
2015,86,BMW M3 E92 GT4 - BMW S65 B40 V8 3999 cc N/A,48,SP10 GT4,Team Securtal Sorg Rennsport,Closed bodywork,Front-engined,Frank Elsässer (D)/Oliver Bender (D)/Stefan Beyer (D)/Paul Follett (GB),NA,NA,NA,12/01/2018,Thomas Morper,BMW,M3,NA,E92 GT4,Result: 48th (28 laps behind the winner)Grid: 90th (10:03.6560),48th (28 laps behind the winner)Grid: 90th (10:03.6560),finished,90,10:03.6560,28 laps behind the winner,NA,https://www.racingsportscars.com/tn/photo/2015/TN_Nurburgring-2015-05-17-086.jpg,https://www.racingsportscars.com/photo/2015/Nurburgring-2015-05-17-086.jpg,https://www.racingsportscars.com/make/photo/BMW.html,https://www.racingsportscars.com/type/photo/BMW/M3.html,NA,https://www.racingsportscars.com/suffix/photo/BMW/M3/E92%20GT4.html
2015,175,BMW Z4 3.0 Si - BMW,49,V5,Pixum Team Adrenalin Motorsport,-,-,Christian Büllesbach (D)/Andreas Schettler (D)/Timo Hilgert/Moritz Gusenbauer (D),NA,NA,NA,08/10/2017,Thomas Morper,BMW,Z4,NA,3.0 Si,Result: 49th 1st in V5 (29 laps behind the winner)Grid: 93rd (10:08.1550),49th 1st in V5 (29 laps behind the winner)Grid: 93rd (10:08.1550),finished,93,10:08.1550,29 laps behind the winner,NA,https://www.racingsportscars.com/tn/photo/2015/TN_Nurburgring-2015-05-17-175.jpg,https://www.racingsportscars.com/NA,https://www.racingsportscars.com/make/photo/BMW.html,https://www.racingsportscars.com/type/photo/BMW/Z4.html,NA,https://www.racingsportscars.com/suffix/photo/BMW/Z4/3.0%20Si.html
2015,188,BMW 325i E90 - BMW,50,V4,Pixum Team Adrenalin Motorsport,-,-,Christopher Rink (D)/Danny Brink (D)/Ralph-Peter Rink (D)/Stephan Reuter,NA,NA,NA,08/10/2017,Thomas Morper,BMW,325i,NA,E90,Result: 50th (29 laps behind the winner)Grid: 104th (10:20.8340),50th (29 laps behind the winner)Grid: 104th (10:20.8340),finished,104,10:20.8340,29 laps behind the winner,NA,https://www.racingsportscars.com/tn/photo/2015/TN_Nurburgring-2015-05-17-188.jpg,https://www.racingsportscars.com/NA,https://www.racingsportscars.com/make/photo/BMW.html,https://www.racingsportscars.com/type/photo/BMW/325i.html,NA,https://www.racingsportscars.com/suffix/photo/BMW/325i/E90.html
2015,309,BMW M235i Racing Cup - BMW 3000 cc Twin-Turbo,51,Cup 5,Pixum Team Adrenalin Motorsport,Closed bodywork,Front-engined,Norbert Fischer (D)/Christian Konnerth (D)/Thorsten Wolter (D)/Christopher Rink (D),NA,NA,NA,08/10/2017,Thomas Morper,BMW,M235i,NA,Racing Cup,Result: 51st (30 laps behind the winner)Grid: 64th (9:37.1490),51st (30 laps behind the winner)Grid: 64th (9:37.1490),finished,64,9:37.1490,30 laps behind the winner,NA,https://www.racingsportscars.com/tn/photo/2015/TN_Nurburgring-2015-05-17-309.jpg,https://www.racingsportscars.com/photo/2015/Nurburgring-2015-05-17-309.jpg,https://www.racingsportscars.com/make/photo/BMW.html,https://www.racingsportscars.com/type/photo/BMW/M235i.html,NA,https://www.racingsportscars.com/suffix/photo/BMW/M235i/Racing%20Cup.html
2015,146,Opel Manta B2 #WOL000058G6124929 - Opel,52,SP3,Kissling Motorsport (D),Closed bodywork,Front-engined,Olaf Beckmann (D)/Volker Strycek (D)/Peter Hass (D)/Jürgen Schulten (D),NA,NA,NA,08/10/2017,Thomas Morper,Opel,Manta,#WOL000058G6124929,B2,Result: 52nd 1st in SP3 (30 laps behind the winner)Grid: 81st (9:53.2540),52nd 1st in SP3 (30 laps behind the winner)Grid: 81st (9:53.2540),finished,81,9:53.2540,30 laps behind the winner,NA,https://www.racingsportscars.com/tn/photo/2015/TN_Nurburgring-2015-05-17-146.jpg,https://www.racingsportscars.com/photo/2015/Nurburgring-2015-05-17-146.jpg,https://www.racingsportscars.com/make/photo/Opel.html,https://www.racingsportscars.com/type/photo/Opel/Manta.html,https://www.racingsportscars.com/chassis/photo/WOL000058G6124929.html,https://www.racingsportscars.com/suffix/photo/Opel/Manta/B2.html
2015,118,Seat León Supercopa - Seat,53,SP3T,Team Mathol Racing e.V.,-,-,Jörg Kittelmann (D)/Klaus-Dieter Müller (D)/Thomas Heinrich (D)/Artur Goroyan (AM),NA,NA,NA,08/10/2017,Thomas Morper,Seat,León,NA,Supercopa,Result: 53rd (30 laps behind the winner)Grid: 143rd (11:31.3130),53rd (30 laps behind the winner)Grid: 143rd (11:31.3130),finished,143,11:31.3130,30 laps behind the winner,NA,https://www.racingsportscars.com/tn/photo/2015/TN_Nurburgring-2015-05-17-118.jpg,https://www.racingsportscars.com/photo/2015/Nurburgring-2015-05-17-118.jpg,https://www.racingsportscars.com/make/photo/Seat.html,https://www.racingsportscars.com/type/photo/Seat/Le%c3%b3n.html,NA,https://www.racingsportscars.com/suffix/photo/Seat/Le%c3%b3n/Supercopa.html
2015,251,Opel Astra OPC Cup - Opel,54,Cup 1,,-,-,Stephan Kuhs (D)/Bernhard Henzel (D)/Jean-Luc Behets (B)/Ralf Lammering (D),NA,NA,NA,14/07/2019,Matthew Stokes,Opel,Astra,NA,OPC Cup,Result: 54th (31 laps behind the winner)Grid: 94th (10:09.1060),54th (31 laps behind the winner)Grid: 94th (10:09.1060),finished,94,10:09.1060,31 laps behind the winner,NA,https://www.racingsportscars.com/tn/photo/2015/TN_Nurburgring-2015-05-17-251.jpg,https://www.racingsportscars.com/NA,https://www.racingsportscars.com/make/photo/Opel.html,https://www.racingsportscars.com/type/photo/Opel/Astra.html,NA,https://www.racingsportscars.com/suffix/photo/Opel/Astra/OPC%20Cup.html
2015,154,Renault Clio Cup # - Renault,55,SP3,,Closed bodywork,Front-engined,Kouichi Okumura (J)/Teruhiko Hamano (J)/Nadir Zuhour (HKJ)/Mohammed Al Owais (UAE),NA,NA,NA,14/07/2019,Matthew Stokes,Renault,Clio,#,Cup,Result: 55th (31 laps behind the winner)Grid: 109th (10:28.1740),55th (31 laps behind the winner)Grid: 109th (10:28.1740),finished,109,10:28.1740,31 laps behind the winner,NA,https://www.racingsportscars.com/tn/photo/2015/TN_Nurburgring-2015-05-17-154.jpg,https://www.racingsportscars.com/NA,https://www.racingsportscars.com/make/photo/Renault.html,https://www.racingsportscars.com/type/photo/Renault/Clio.html,https://www.racingsportscars.com/chassis/photo/Clio-Roadrunner%23.html,https://www.racingsportscars.com/suffix/photo/Renault/Clio/Cup.html
2015,49,Aston Martin V8 Vantage - Aston Martin V8/90° 4v DOHC N/A,56,SP8,Aston Martin Test Centre,Closed bodywork,Front-engined,Ulrich Bez (D)/Andreas Bänziger (CH)/Mal Rose (AUS)/Peter Leemhuis (AUS),NA,NA,NA,08/10/2017,Thomas Morper,Aston Martin,V8 Vantage,NA,NA,Result: 56th 1st in SP8 (33 laps behind the winner)Grid: 141st (11:14.4520),56th 1st in SP8 (33 laps behind the winner)Grid: 141st (11:14.4520),finished,141,11:14.4520,33 laps behind the winner,NA,https://www.racingsportscars.com/tn/photo/2015/TN_Nurburgring-2015-05-17-049.jpg,https://www.racingsportscars.com/NA,https://www.racingsportscars.com/make/photo/Aston%20Martin.html,https://www.racingsportscars.com/type/photo/Aston%20Martin/V8%20Vantage.html,NA,NA
2015,176,BMW 330i Coupe - BMW,57,V5,Team Securtal Sorg Rennsport,-,-,Lars Jürgen Zander (D)/René Steurer/Christian Titze (D)/Peter Haener (CH),NA,NA,NA,08/10/2017,Thomas Morper,BMW,330i,NA,Coupe,Result: 57th (34 laps behind the winner)Grid: 113th (10:35.0510),57th (34 laps behind the winner)Grid: 113th (10:35.0510),finished,113,10:35.0510,34 laps behind the winner,NA,https://www.racingsportscars.com/tn/photo/2015/TN_Nurburgring-2015-05-17-176.jpg,https://www.racingsportscars.com/photo/2015/Nurburgring-2015-05-17-176.jpg,https://www.racingsportscars.com/make/photo/BMW.html,https://www.racingsportscars.com/type/photo/BMW/330i.html,NA,https://www.racingsportscars.com/suffix/photo/BMW/330i/Coupe.html
2015,183,BMW 325i - BMW,58,V4,,-,-,Allessandro Salerno/Roberto Falcon (RA)/Marcos Vazquez (RA)/Alfredo Tricarichi,NA,NA,NA,14/07/2019,Matthew Stokes,BMW,325i,NA,NA,Result: 58th (34 laps behind the winner)Grid: 134th (11:34.0760),58th (34 laps behind the winner)Grid: 134th (11:34.0760),finished,134,11:34.0760,34 laps behind the winner,NA,https://www.racingsportscars.com/tn/photo/2015/TN_Nurburgring-2015-05-17-183.jpg,https://www.racingsportscars.com/NA,https://www.racingsportscars.com/make/photo/BMW.html,https://www.racingsportscars.com/type/photo/BMW/325i.html,NA,NA
2015,54,Lexus IS F CCS-R - Lexus,59,SP8,Lexus Racing,-,-,Helmut Baumann/Horst Baumann/Lorenz Frey (CH)/Fredy Barth (CH),NA,NA,NA,08/10/2017,Thomas Morper,Lexus,IS F,NA,CCS-R,Result: 59th (34 laps behind the winner)Grid: 54th (9:41.9690),59th (34 laps behind the winner)Grid: 54th (9:41.9690),finished,54,9:41.9690,34 laps behind the winner,NA,https://www.racingsportscars.com/tn/photo/2015/TN_Nurburgring-2015-05-17-054.jpg,https://www.racingsportscars.com/NA,https://www.racingsportscars.com/make/photo/Lexus.html,https://www.racingsportscars.com/type/photo/Lexus/IS%20F.html,NA,https://www.racingsportscars.com/suffix/photo/Lexus/IS%20F/CCS-R.html
2015,184,BMW 325i - BMW,60,V4,Team Securtal Sorg Rennsport,-,-,Sascha Friedrich/Daniel Engl/Felix Günther/Niklas Meisenzahl,NA,NA,NA,08/10/2017,Thomas Morper,BMW,325i,NA,NA,Result: 60th (34 laps behind the winner)Grid: 131st (11:12.2230),60th (34 laps behind the winner)Grid: 131st (11:12.2230),finished,131,11:12.2230,34 laps behind the winner,NA,https://www.racingsportscars.com/tn/photo/2015/TN_Nurburgring-2015-05-17-184.jpg,https://www.racingsportscars.com/NA,https://www.racingsportscars.com/make/photo/BMW.html,https://www.racingsportscars.com/type/photo/BMW/325i.html,NA,NA
2015,254,Opel Astra OPC Cup - Opel,61,Cup 1,Team Flying Horse,-,-,Raphael Hundeborn (D)/Winfried Assmann (D)/Ronja Assmann (D)/Kai Riemer (D),NA,NA,NA,08/10/2017,Thomas Morper,Opel,Astra,NA,OPC Cup,Result: 61st (35 laps behind the winner)Grid: 75th (9:50.1350),61st (35 laps behind the winner)Grid: 75th (9:50.1350),finished,75,9:50.1350,35 laps behind the winner,NA,https://www.racingsportscars.com/tn/photo/2015/TN_Nurburgring-2015-05-17-254.jpg,https://www.racingsportscars.com/NA,https://www.racingsportscars.com/make/photo/Opel.html,https://www.racingsportscars.com/type/photo/Opel/Astra.html,NA,https://www.racingsportscars.com/suffix/photo/Opel/Astra/OPC%20Cup.html
2015,190,BMW 325i E90 - BMW,62,V4,aesthetic racing,-,-,Heinz Jürgen Kroner (D)/Wolfgang Hönscheid/Kevin Hönscheid/Fischer Michael,NA,NA,NA,08/10/2017,Thomas Morper,BMW,325i,NA,E90,Result: 62nd (35 laps behind the winner)Grid: 115th (10:36.1570),62nd (35 laps behind the winner)Grid: 115th (10:36.1570),finished,115,10:36.1570,35 laps behind the winner,NA,https://www.racingsportscars.com/tn/photo/2015/TN_Nurburgring-2015-05-17-190.jpg,https://www.racingsportscars.com/NA,https://www.racingsportscars.com/make/photo/BMW.html,https://www.racingsportscars.com/type/photo/BMW/325i.html,NA,https://www.racingsportscars.com/suffix/photo/BMW/325i/E90.html
2015,191,BMW 325i E90 - BMW,63,V4,,-,-,Michael Mönch (D)/Jan von Kiedrowski/Jang Han Choi (ROK)/Marco van Ramshorst (NL),NA,NA,NA,14/07/2019,Matthew Stokes,BMW,325i,NA,E90,Result: 63rd (35 laps behind the winner)Grid: 121st (10:50.9659),63rd (35 laps behind the winner)Grid: 121st (10:50.9659),finished,121,10:50.9659,35 laps behind the winner,NA,https://www.racingsportscars.com/tn/photo/2015/TN_Nurburgring-2015-05-17-191.jpg,https://www.racingsportscars.com/NA,https://www.racingsportscars.com/make/photo/BMW.html,https://www.racingsportscars.com/type/photo/BMW/325i.html,NA,https://www.racingsportscars.com/suffix/photo/BMW/325i/E90.html
2015,112,Audi TT - Audi,64,SP4T,Pro handicap. Ev.,Closed bodywork,Mid-engined,Wolfgang Müller (D)/Jutta Kleinschmidt (D)/Sabine Podzus,NA,NA,NA,08/10/2017,Thomas Morper,Audi,TT,NA,NA,Result: 64th 1st in SP4T (35 laps behind the winner)Grid: 107th (10:22.4680),64th 1st in SP4T (35 laps behind the winner)Grid: 107th (10:22.4680),finished,107,10:22.4680,35 laps behind the winner,NA,https://www.racingsportscars.com/tn/photo/2015/TN_Nurburgring-2015-05-17-112.jpg,https://www.racingsportscars.com/NA,https://www.racingsportscars.com/make/photo/Audi.html,https://www.racingsportscars.com/type/photo/Audi/TT.html,NA,NA
2015,174,BMW Z4 3.0 Si - BMW,65,V5,Pixum Team Adrenalin Motorsport,-,-,Anthony Toll/Carlos Arimón Solivellas/Richard Moers/Jaber Al Khalifa,NA,NA,NA,08/10/2017,Thomas Morper,BMW,Z4,NA,3.0 Si,Result: 65th (36 laps behind the winner)Grid: 108th (10:25.4080),65th (36 laps behind the winner)Grid: 108th (10:25.4080),finished,108,10:25.4080,36 laps behind the winner,NA,https://www.racingsportscars.com/tn/photo/2015/TN_Nurburgring-2015-05-17-174.jpg,https://www.racingsportscars.com/NA,https://www.racingsportscars.com/make/photo/BMW.html,https://www.racingsportscars.com/type/photo/BMW/Z4.html,NA,https://www.racingsportscars.com/suffix/photo/BMW/Z4/3.0%20Si.html
2015,110,VW Golf V R-Line - VW,66,SP4T,AC 1927 Mayen e.V. im ADAC,Closed bodywork,Front-engined,Stefan Lohn (D)/Michael Klotz/Jose Visir (RA)/Andre Benninghofen,NA,NA,NA,08/10/2017,Thomas Morper,VW,Golf,NA,V R-Line,Result: 66th (36 laps behind the winner)Grid: 120th (10:47.3361),66th (36 laps behind the winner)Grid: 120th (10:47.3361),finished,120,10:47.3361,36 laps behind the winner,NA,https://www.racingsportscars.com/tn/photo/2015/TN_Nurburgring-2015-05-17-110.jpg,https://www.racingsportscars.com/NA,https://www.racingsportscars.com/make/photo/VW.html,https://www.racingsportscars.com/type/photo/VW/Golf.html,NA,https://www.racingsportscars.com/suffix/photo/VW/Golf/V%20R-Line.html
2015,51,BMW 335i E92 # - BMW,67,SP8T,Pixum Team Adrenalin Motorsport,-,-,Niels Borum (DK)/Maurice O'Reilly (NZ)/Michael Eden (NZ)/Wayne Moore (NZ),NA,NA,NA,08/10/2017,Thomas Morper,BMW,335i,#,E92,Result: 67th (36 laps behind the winner)Grid: 149th (12:18.4449),67th (36 laps behind the winner)Grid: 149th (12:18.4449),finished,149,12:18.4449,36 laps behind the winner,NA,https://www.racingsportscars.com/tn/photo/2015/TN_Nurburgring-2015-05-17-051.jpg,https://www.racingsportscars.com/photo/2015/Nurburgring-2015-05-17-051.jpg,https://www.racingsportscars.com/make/photo/BMW.html,https://www.racingsportscars.com/type/photo/BMW/335i.html,https://www.racingsportscars.com/chassis/photo/335i-Borum%23.html,https://www.racingsportscars.com/suffix/photo/BMW/335i/E92.html
2015,144,Renault Clio RS # - Renault,68,SP3,,Closed bodywork,Front-engined,"Xavier Lamadrid, Jr. (MEX)/Massimiliano Girardo (GB)/Xavier Lamadrid (MEX)/Nicolas Abril (CH)",NA,NA,NA,08/10/2017,Thomas Morper,Renault,Clio,#,RS,Result: 68th (37 laps behind the winner)Grid: 152nd (no time),68th (37 laps behind the winner)Grid: 152nd (no time),finished,152,no time,37 laps behind the winner,NA,https://www.racingsportscars.com/tn/photo/2015/TN_Nurburgring-2015-05-17-144.jpg,https://www.racingsportscars.com/NA,https://www.racingsportscars.com/make/photo/Renault.html,https://www.racingsportscars.com/type/photo/Renault/Clio.html,https://www.racingsportscars.com/chassis/photo/Clio-Lamadrid%23.html,https://www.racingsportscars.com/suffix/photo/Renault/Clio/RS.html
2015,177,BMW M3 E36 #WBSSF92050EA67099 (Climax Motorsport) - BMW S50 L6 4v DOHC 2990 cc N/A,69,V5,Hofor Racing,Closed bodywork,Front-engined,Simon Glenn/Jody Halse/Marcos Burnett,CLIMAX/DTRE,silver (+orange/blue),Hankook,12/07/2017,Simon Glenn,BMW,M3,#WBSSF92050EA67099,E36,Result: 69th (37 laps behind the winner)Grid: 98th (10:12.7250),69th (37 laps behind the winner)Grid: 98th (10:12.7250),finished,98,10:12.7250,37 laps behind the winner,NA,https://www.racingsportscars.com/tn/photo/2015/TN_Nurburgring-2015-05-17-177.jpg,https://www.racingsportscars.com/NA,https://www.racingsportscars.com/make/photo/BMW.html,https://www.racingsportscars.com/type/photo/BMW/M3.html,https://www.racingsportscars.com/chassis/photo/WBSSF92050EA67099.html,https://www.racingsportscars.com/suffix/photo/BMW/M3/E36.html
2015,150,VW Golf III 16V # - VW L4 4v N/A,70,SP3,AC 1927 Mayen e.V. im ADAC (D),Closed bodywork,Front-engined,Benjamin Decius/Thomas Jühlen (D)/Sebastian Durik (D)/Ralph Liesenfeld (D),NA,NA,NA,08/10/2017,Thomas Morper,VW,Golf,#,III 16V,Result: 70th (37 laps behind the winner)Grid: 146th (12:02.5000),70th (37 laps behind the winner)Grid: 146th (12:02.5000),finished,146,12:02.5000,37 laps behind the winner,NA,https://www.racingsportscars.com/tn/photo/2015/TN_Nurburgring-2015-05-17-150.jpg,https://www.racingsportscars.com/NA,https://www.racingsportscars.com/make/photo/VW.html,https://www.racingsportscars.com/type/photo/VW/Golf.html,https://www.racingsportscars.com/chassis/photo/Golf-III-Mayen%23.html,https://www.racingsportscars.com/suffix/photo/VW/Golf/III%2016V.html
2015,131,Hyundai i30 Coupe - Hyundai,71,SP2T,Hyundai Motor Deutschland GmbH,-,-,Markus Schrick/Peter Schumann (D)/Guido Naumann (D)/Michael Bohrer (D),NA,NA,NA,08/10/2017,Thomas Morper,Hyundai,i30,NA,Coupe,Result: 71st 1st in SP2T (37 laps behind the winner)Grid: 137th (12:08.4020),71st 1st in SP2T (37 laps behind the winner)Grid: 137th (12:08.4020),finished,137,12:08.4020,37 laps behind the winner,NA,https://www.racingsportscars.com/tn/photo/2015/TN_Nurburgring-2015-05-17-131.jpg,https://www.racingsportscars.com/NA,https://www.racingsportscars.com/make/photo/Hyundai.html,https://www.racingsportscars.com/type/photo/Hyundai/i30.html,NA,https://www.racingsportscars.com/suffix/photo/Hyundai/i30/Coupe.html
2015,85,Bentley Continental GT3 - Bentley 4.0 TFSI V8/90° 4v DOHC 3993 cc Twin-Turbo,72,SP9 GT3,Bentley Motors Ltd.,Closed bodywork,Front-engined,Andrew Meyrick (GB)Guy Smith (GB)/Steven Kane (GB)/Lance Arnold (D),NA,NA,NA,08/10/2017,Thomas Morper,Bentley,Continental GT3,NA,NA,Result: 72nd (37 laps behind the winner)Grid: 20th (8:24.3930),72nd (37 laps behind the winner)Grid: 20th (8:24.3930),finished,20,8:24.3930,37 laps behind the winner,NA,https://www.racingsportscars.com/tn/photo/2015/TN_Nurburgring-2015-05-17-085.jpg,https://www.racingsportscars.com/NA,https://www.racingsportscars.com/make/photo/Bentley.html,https://www.racingsportscars.com/type/photo/Bentley/Continental%20GT3.html,NA,NA
2015,182,BMW 330i - BMW,73,V5,(GB),-,-,Dale Lomas (D)/Lucian Gavris/Bradley Philpot/Johan Sandberg,NA,NA,NA,14/07/2019,Matthew Stokes,BMW,330i,NA,NA,Result: 73rd (39 laps behind the winner)Grid: 129th (11:08.6700),73rd (39 laps behind the winner)Grid: 129th (11:08.6700),finished,129,11:08.6700,39 laps behind the winner,NA,https://www.racingsportscars.com/tn/photo/2015/TN_Nurburgring-2015-05-17-182.jpg,https://www.racingsportscars.com/NA,https://www.racingsportscars.com/make/photo/BMW.html,https://www.racingsportscars.com/type/photo/BMW/330i.html,NA,NA
2015,83,BMW M3 CSL # - BMW,74,SP6,Hofor Racing,Closed bodywork,Front-engined,Martin Kroll (CH)/Bernd Küpper (D)/Michael Kroll (CH)/Ronny Tobler (CH),NA,NA,NA,08/10/2017,Thomas Morper,BMW,M3,#,CSL,Result: 74th (39 laps behind the winner)Grid: 85th (9:56.0560),74th (39 laps behind the winner)Grid: 85th (9:56.0560),finished,85,9:56.0560,39 laps behind the winner,NA,https://www.racingsportscars.com/tn/photo/2015/TN_Nurburgring-2015-05-17-083.jpg,https://www.racingsportscars.com/NA,https://www.racingsportscars.com/make/photo/BMW.html,https://www.racingsportscars.com/type/photo/BMW/M3.html,https://www.racingsportscars.com/chassis/photo/M3-CSL-Hofor%23.html,https://www.racingsportscars.com/suffix/photo/BMW/M3/CSL.html
2015,73,Porsche 997 GT3 Cup - Porsche F6 4v DOHC N/A,75,SP7,raceunion Teichmann Racing,Closed bodywork,Rear-engined,Torleif Nytroeen (D)/Morten Skyer/Antti Buri (FIN)/Kari-Pekka Laaksonen (FIN),NA,NA,NA,08/10/2017,Thomas Morper,Porsche,997 GT3 Cup,NA,NA,Result: 75th (39 laps behind the winner)Grid: 39th (8:58.1680),75th (39 laps behind the winner)Grid: 39th (8:58.1680),finished,39,8:58.1680,39 laps behind the winner,NA,https://www.racingsportscars.com/tn/photo/2015/TN_Nurburgring-2015-05-17-073.jpg,https://www.racingsportscars.com/NA,https://www.racingsportscars.com/make/photo/Porsche.html,https://www.racingsportscars.com/type/photo/Porsche/997%20GT3%20Cup.html,NA,NA
2015,311,BMW M235i Racing Cup - BMW 3000 cc Twin-Turbo,76,Cup 5,Team Mathol Racing e.V.,Closed bodywork,Front-engined,Andre Duve/Andres Serrano (EC)/Daniel Schwerfeld (D)/Petra Baecker,NA,NA,NA,08/10/2017,Thomas Morper,BMW,M235i,NA,Racing Cup,Result: 76th (40 laps behind the winner)Grid: 89th (10:01.6090),76th (40 laps behind the winner)Grid: 89th (10:01.6090),finished,89,10:01.6090,40 laps behind the winner,NA,https://www.racingsportscars.com/tn/photo/2015/TN_Nurburgring-2015-05-17-311.jpg,https://www.racingsportscars.com/NA,https://www.racingsportscars.com/make/photo/BMW.html,https://www.racingsportscars.com/type/photo/BMW/M235i.html,NA,https://www.racingsportscars.com/suffix/photo/BMW/M235i/Racing%20Cup.html
2015,207,Audi A4 quattro # - Audi,77,AT,,-,-,Thomas Hanisch (D)/Michael Eichhorn (D)/Markku Honkanen (FIN)/Michael Kühne,NA,NA,NA,14/07/2019,Matthew Stokes,Audi,A4,#,quattro,Result: 77th 1st in AT (42 laps behind the winner)Grid: 135th (11:40.6100),77th 1st in AT (42 laps behind the winner)Grid: 135th (11:40.6100),finished,135,11:40.6100,42 laps behind the winner,NA,https://www.racingsportscars.com/tn/photo/2015/TN_Nurburgring-2015-05-17-207.jpg,https://www.racingsportscars.com/NA,https://www.racingsportscars.com/make/photo/Audi.html,https://www.racingsportscars.com/type/photo/Audi/A4.html,https://www.racingsportscars.com/chassis/photo/Tuning%20Academy%20001.html,https://www.racingsportscars.com/suffix/photo/Audi/A4/quattro.html
2015,143,Renault Clio - Renault,78,SP3,MSC Sinzig e.V. im ADAC,Closed bodywork,Front-engined,"Rolf Weißenfels (D)/Dietmar Hanitzsch (D)/""Engel""/""Bengel""",NA,NA,NA,14/07/2019,Matthew Stokes,Renault,Clio,NA,NA,Result: 78th (43 laps behind the winner)Grid: 133rd (11:26.1740),78th (43 laps behind the winner)Grid: 133rd (11:26.1740),finished,133,11:26.1740,43 laps behind the winner,NA,https://www.racingsportscars.com/tn/photo/2015/TN_Nurburgring-2015-05-17-143.jpg,https://www.racingsportscars.com/NA,https://www.racingsportscars.com/make/photo/Renault.html,https://www.racingsportscars.com/type/photo/Renault/Clio.html,NA,NA
2015,303,BMW M235i Racing Cup - BMW 3000 cc Twin-Turbo,79,Cup 5,Team Scheid-Honert Motorsport,Closed bodywork,Front-engined,Michael Schrey (D)/Max Partl (D)/Uwe Ebertz (D)/Jörg Weidinger (D),NA,NA,NA,08/10/2017,Thomas Morper,BMW,M235i,NA,Racing Cup,Result: 79th (43 laps behind the winner)Grid: 58th (9:33.1480),79th (43 laps behind the winner)Grid: 58th (9:33.1480),finished,58,9:33.1480,43 laps behind the winner,NA,https://www.racingsportscars.com/tn/photo/2015/TN_Nurburgring-2015-05-17-303.jpg,https://www.racingsportscars.com/NA,https://www.racingsportscars.com/make/photo/BMW.html,https://www.racingsportscars.com/type/photo/BMW/M235i.html,NA,https://www.racingsportscars.com/suffix/photo/BMW/M235i/Racing%20Cup.html
2015,119,Ford Focus - Ford,80,SP3T,,-,-,Patrick Prill/Marcel Willert/Jens Ludmann (D)/Daniel Weckop,NA,NA,NA,08/10/2017,Thomas Morper,Ford,Focus,NA,NA,Result: 80th (43 laps behind the winner)Grid: 118th (10:45.9810),80th (43 laps behind the winner)Grid: 118th (10:45.9810),finished,118,10:45.9810,43 laps behind the winner,NA,https://www.racingsportscars.com/tn/photo/2015/TN_Nurburgring-2015-05-17-119.jpg,https://www.racingsportscars.com/NA,https://www.racingsportscars.com/make/photo/Ford.html,https://www.racingsportscars.com/type/photo/Ford/Focus.html,NA,NA
2015,13,Chrysler Viper # - Dodge V10/90° 2v OHV 7986 cc N/A,81,AT,(D),Closed bodywork,Front-engined,Titus Dittmann (D)/Bernd Albrecht (D)/Michael Lachmayer (D)/Reinhard Schall (D),NA,green (+black),NA,08/10/2017,Thomas Morper,Chrysler,Viper,#,NA,Result: 81st (45 laps behind the winner)Grid: 101st (10:16.4680),81st (45 laps behind the winner)Grid: 101st (10:16.4680),finished,101,10:16.4680,45 laps behind the winner,NA,https://www.racingsportscars.com/tn/photo/2015/TN_Nurburgring-2015-05-17-013.jpg,https://www.racingsportscars.com/NA,https://www.racingsportscars.com/make/photo/Chrysler.html,https://www.racingsportscars.com/type/photo/Chrysler/Viper.html,https://www.racingsportscars.com/chassis/photo/1E3ER69E0YY300288.html,NA
2015,149,Toyota Corolla Altis - Toyota,82,SP3,Toyota Team Thailand (T),-,-,Suttipong Smittachartch (T)/Nattavude Charoensukhawatana (T)/Kantasak Kusiri (T)/Nattapong Hortongkum (T),NA,NA,NA,12/01/2018,Thomas Morper,Toyota,Corolla,NA,Altis,Result: 82nd (45 laps behind the winner)Grid: 127th (11:06.0610),82nd (45 laps behind the winner)Grid: 127th (11:06.0610),finished,127,11:06.0610,45 laps behind the winner,NA,https://www.racingsportscars.com/tn/photo/2015/TN_Nurburgring-2015-05-17-149.jpg,https://www.racingsportscars.com/NA,https://www.racingsportscars.com/make/photo/Toyota.html,https://www.racingsportscars.com/type/photo/Toyota/Corolla.html,NA,https://www.racingsportscars.com/suffix/photo/Toyota/Corolla/Altis.html
2015,312,BMW M235i Racing Cup - BMW 3000 cc Twin-Turbo,83,Cup 5,Bonk Motorsport,Closed bodywork,Front-engined,Ryu Seya (J)/Yousuke Shimojima (J)/Guy Stewart (NZ)/Jürgen Meyer (D),NA,NA,NA,08/10/2017,Thomas Morper,BMW,M235i,NA,Racing Cup,Result: 83rd (45 laps behind the winner)Grid: 145th (12:00.8879),83rd (45 laps behind the winner)Grid: 145th (12:00.8879),finished,145,12:00.8879,45 laps behind the winner,NA,https://www.racingsportscars.com/tn/photo/2015/TN_Nurburgring-2015-05-17-312.jpg,https://www.racingsportscars.com/NA,https://www.racingsportscars.com/make/photo/BMW.html,https://www.racingsportscars.com/type/photo/BMW/M235i.html,NA,https://www.racingsportscars.com/suffix/photo/BMW/M235i/Racing%20Cup.html
2015,186,BMW 325i E90 - BMW,84,V4,,-,-,Bruce Ledoux (USA)/David Quinlan (USA)/Rafael Moro/Hajo Müller (D),NA,NA,NA,14/07/2019,Matthew Stokes,BMW,325i,NA,E90,Result: 84th (47 laps behind the winner)Grid: 126th (11:00.0850),84th (47 laps behind the winner)Grid: 126th (11:00.0850),finished,126,11:00.0850,47 laps behind the winner,NA,https://www.racingsportscars.com/tn/photo/2015/TN_Nurburgring-2015-05-17-186.jpg,https://www.racingsportscars.com/NA,https://www.racingsportscars.com/make/photo/BMW.html,https://www.racingsportscars.com/type/photo/BMW/325i.html,NA,https://www.racingsportscars.com/suffix/photo/BMW/325i/E90.html
2015,313,BMW M235i Racing Cup - BMW 3000 cc Twin-Turbo,85,Cup 5,,Closed bodywork,Front-engined,Martin Kaemena (D)/Andreas Ott (D)/Alexander Rappold (D)/Thomas Müller (D),NA,NA,NA,12/01/2018,Thomas Morper,BMW,M235i,NA,Racing Cup,Result: 85th (47 laps behind the winner)Grid: 125th (10:59.4570),85th (47 laps behind the winner)Grid: 125th (10:59.4570),finished,125,10:59.4570,47 laps behind the winner,NA,https://www.racingsportscars.com/tn/photo/2015/TN_Nurburgring-2015-05-17-313.jpg,https://www.racingsportscars.com/NA,https://www.racingsportscars.com/make/photo/BMW.html,https://www.racingsportscars.com/type/photo/BMW/M235i.html,NA,https://www.racingsportscars.com/suffix/photo/BMW/M235i/Racing%20Cup.html
2015,133,Mini John Cooper Works - BMW N/A,86,SP2T,,Closed bodywork,Front-engined,Ralf Zensen (D)/Lothar Wilms (D)/Tony Stark/Steve Rogers,NA,NA,NA,08/10/2017,Thomas Morper,Mini,John Cooper Works,NA,NA,Result: 86th (47 laps behind the winner)Grid: 136th (11:42.7850),86th (47 laps behind the winner)Grid: 136th (11:42.7850),finished,136,11:42.7850,47 laps behind the winner,NA,https://www.racingsportscars.com/tn/photo/2015/TN_Nurburgring-2015-05-17-133.jpg,https://www.racingsportscars.com/photo/2015/Nurburgring-2015-05-17-133.jpg,https://www.racingsportscars.com/make/photo/Mini.html,https://www.racingsportscars.com/type/photo/Mini/John%20Cooper%20Works.html,NA,NA
2015,155,Toyota Corolla Altis - Toyota,87,SP3,Toyota Team Thailand (T),-,-,Grant Supaphongs (T)/Chen Jiang-Hong/Kulapalanont Manat/Arthit Ruengsomboon (T),NA,NA,NA,08/10/2017,Thomas Morper,Toyota,Corolla,NA,Altis,Result: 87th (47 laps behind the winner)Grid: 150th (12:37.7590),87th (47 laps behind the winner)Grid: 150th (12:37.7590),finished,150,12:37.7590,47 laps behind the winner,NA,https://www.racingsportscars.com/tn/photo/2015/TN_Nurburgring-2015-05-17-155.jpg,https://www.racingsportscars.com/NA,https://www.racingsportscars.com/make/photo/Toyota.html,https://www.racingsportscars.com/type/photo/Toyota/Corolla.html,NA,https://www.racingsportscars.com/suffix/photo/Toyota/Corolla/Altis.html
2015,208,BMW 135 D GTR # - BMW Diesel,88,AT,,-,-,Nick Barrow (GB)/Richard Corbett (GB)/Jamie Morrow/Dave Cox (GB),NA,NA,NA,08/10/2017,Thomas Morper,BMW,135,#,D GTR,Result: 88th (48 laps behind the winner)Grid: 91st (10:04.4850),88th (48 laps behind the winner)Grid: 91st (10:04.4850),finished,91,10:04.4850,48 laps behind the winner,NA,https://www.racingsportscars.com/tn/photo/2015/TN_Nurburgring-2015-05-17-208.jpg,https://www.racingsportscars.com/NA,https://www.racingsportscars.com/make/photo/BMW.html,https://www.racingsportscars.com/type/photo/BMW/135.html,https://www.racingsportscars.com/chassis/photo/135-Barrow%23.html,https://www.racingsportscars.com/suffix/photo/BMW/135/D%20GTR.html
2015,82,BMW M3 GTR # - BMW,89,SP6,Hofor Racing,Closed bodywork,Front-engined,Martin Kroll (CH)/Chantal Kroll (CH)/Michael Kroll (CH)/Roland Eggimann (CH),NA,NA,NA,08/10/2017,Thomas Morper,BMW,M3,#,GTR,Result: 89th (49 laps behind the winner)Grid: 84th (9:55.7290),89th (49 laps behind the winner)Grid: 84th (9:55.7290),finished,84,9:55.7290,49 laps behind the winner,NA,https://www.racingsportscars.com/tn/photo/2015/TN_Nurburgring-2015-05-17-082.jpg,https://www.racingsportscars.com/NA,https://www.racingsportscars.com/make/photo/BMW.html,https://www.racingsportscars.com/type/photo/BMW/M3.html,https://www.racingsportscars.com/chassis/photo/M3-GTE-Hofor%23.html,https://www.racingsportscars.com/suffix/photo/BMW/M3/GTR.html
2015,209,Ford Focus RS - Ford,90,AT,,-,-,Ralph Caba (D)/Volker Lange (D)/Oliver Sprungmann (D),NA,NA,NA,14/07/2019,Matthew Stokes,Ford,Focus,NA,RS,Result: 90th (50 laps behind the winner)Grid: 111th (10:30.9561),90th (50 laps behind the winner)Grid: 111th (10:30.9561),finished,111,10:30.9561,50 laps behind the winner,NA,https://www.racingsportscars.com/tn/photo/2015/TN_Nurburgring-2015-05-17-209.jpg,https://www.racingsportscars.com/NA,https://www.racingsportscars.com/make/photo/Ford.html,https://www.racingsportscars.com/type/photo/Ford/Focus.html,NA,https://www.racingsportscars.com/suffix/photo/Ford/Focus/RS.html
2015,108,Ford Focus - Ford,91,SP4T,,-,-,Stephan Wölflick (D)/Jürgen Gagstatter (D)/Urs Bressan (D),NA,NA,NA,08/10/2017,Thomas Morper,Ford,Focus,NA,NA,Result: 91st (50 laps behind the winner)Grid: 70th (9:42.3030),91st (50 laps behind the winner)Grid: 70th (9:42.3030),finished,70,9:42.3030,50 laps behind the winner,NA,https://www.racingsportscars.com/tn/photo/2015/TN_Nurburgring-2015-05-17-108.jpg,https://www.racingsportscars.com/NA,https://www.racingsportscars.com/make/photo/Ford.html,https://www.racingsportscars.com/type/photo/Ford/Focus.html,NA,NA
2015,181,BMW Z4 - BMW,92,V5,,-,-,Ruben Salerno (RA)/Jorge Cersosimo (RA)/Martin Henry/Alejandro Chawan,NA,NA,NA,14/07/2019,Matthew Stokes,BMW,Z4,NA,NA,Result: 92nd (51 laps behind the winner)Grid: 128th (11:07.1190),92nd (51 laps behind the winner)Grid: 128th (11:07.1190),finished,128,11:07.1190,51 laps behind the winner,NA,https://www.racingsportscars.com/tn/photo/2015/TN_Nurburgring-2015-05-17-181.jpg,https://www.racingsportscars.com/NA,https://www.racingsportscars.com/make/photo/BMW.html,https://www.racingsportscars.com/type/photo/BMW/Z4.html,NA,NA
2015,152,Renault Clio - Renault,93,SP3,Frikadelli Racing Team,Closed bodywork,Front-engined,John Shoffner (USA)/Janine Hill (USA)/Thomas Leyherr (D)/Herbert von Danwitz (D),NA,NA,NA,12/01/2018,Thomas Morper,Renault,Clio,NA,NA,Result: 93rd (53 laps behind the winner)Grid: 119th (10:46.2050),93rd (53 laps behind the winner)Grid: 119th (10:46.2050),finished,119,10:46.2050,53 laps behind the winner,NA,https://www.racingsportscars.com/tn/photo/2015/TN_Nurburgring-2015-05-17-152.jpg,https://www.racingsportscars.com/NA,https://www.racingsportscars.com/make/photo/Renault.html,https://www.racingsportscars.com/type/photo/Renault/Clio.html,NA,NA
2015,203,Opel Astra OPC Cup - Opel,94,V2T,,-,-,Fritz Rabensteiner (A)/Manuel Scheriau/Uwe Stein (D)/Martin Kautenburger,NA,NA,NA,08/10/2017,Thomas Morper,Opel,Astra,NA,OPC Cup,Result: 94th 1st in V2T (55 laps behind the winner)Grid: 151st (13:41.8690),94th 1st in V2T (55 laps behind the winner)Grid: 151st (13:41.8690),finished,151,13:41.8690,55 laps behind the winner,NA,https://www.racingsportscars.com/tn/photo/2015/TN_Nurburgring-2015-05-17-203.jpg,https://www.racingsportscars.com/NA,https://www.racingsportscars.com/make/photo/Opel.html,https://www.racingsportscars.com/type/photo/Opel/Astra.html,NA,https://www.racingsportscars.com/suffix/photo/Opel/Astra/OPC%20Cup.html
2015,252,Opel Astra OPC Cup - Opel,95,Cup 1,Bliss Autosport,-,-,"Roland Poulsen/Axel Duffner (D)/Oliver Bliss (D)/""Sepo Hunt""",NA,NA,NA,08/10/2017,Thomas Morper,Opel,Astra,NA,OPC Cup,Result: 95th (57 laps behind the winner)Grid: 96th (10:09.7760),95th (57 laps behind the winner)Grid: 96th (10:09.7760),finished,96,10:09.7760,57 laps behind the winner,NA,https://www.racingsportscars.com/tn/photo/2015/TN_Nurburgring-2015-05-17-252.jpg,https://www.racingsportscars.com/NA,https://www.racingsportscars.com/make/photo/Opel.html,https://www.racingsportscars.com/type/photo/Opel/Astra.html,NA,https://www.racingsportscars.com/suffix/photo/Opel/Astra/OPC%20Cup.html
2015,147,Opel Astra GSi - Opel,96,SP3,,-,-,Tobias Jung (D)/Jessica Schüngel/Ulrich Schüngel/Jörg Morth,NA,NA,NA,08/10/2017,Thomas Morper,Opel,Astra,NA,GSi,Result: 96th (61 laps behind the winner)Grid: 147th (12:10.3800),96th (61 laps behind the winner)Grid: 147th (12:10.3800),finished,147,12:10.3800,61 laps behind the winner,NA,https://www.racingsportscars.com/tn/photo/2015/TN_Nurburgring-2015-05-17-147.jpg,https://www.racingsportscars.com/NA,https://www.racingsportscars.com/make/photo/Opel.html,https://www.racingsportscars.com/type/photo/Opel/Astra.html,NA,https://www.racingsportscars.com/suffix/photo/Opel/Astra/GSi.html
2015,314,BMW M235i Racing Cup - BMW 3000 cc Twin-Turbo,97,Cup 5,,Closed bodywork,Front-engined,Fabian Finck (D)/Michael Mohr (D)/Yann Munhowen (L)/Patrick Hinte,NA,NA,NA,08/10/2017,Thomas Morper,BMW,M235i,NA,Racing Cup,Result: 97th (62 laps behind the winner)Grid: 77th (9:50.4640),97th (62 laps behind the winner)Grid: 77th (9:50.4640),finished,77,9:50.4640,62 laps behind the winner,NA,https://www.racingsportscars.com/tn/photo/2015/TN_Nurburgring-2015-05-17-314.jpg,https://www.racingsportscars.com/NA,https://www.racingsportscars.com/make/photo/BMW.html,https://www.racingsportscars.com/type/photo/BMW/M235i.html,NA,https://www.racingsportscars.com/suffix/photo/BMW/M235i/Racing%20Cup.html
2015,132,Hyundai Veloster - Hyundai,98,SP2T,Hyundai Motor Deutschland GmbH,-,-,Alexander Köppen (D)/Rory Penttinen (FIN)/Heiko Hammel (D)/Thomas Kroher,NA,NA,NA,08/10/2017,Thomas Morper,Hyundai,Veloster,NA,NA,Result: 98th (64 laps behind the winner)Grid: 132nd (11:25.5570),98th (64 laps behind the winner)Grid: 132nd (11:25.5570),finished,132,11:25.5570,64 laps behind the winner,NA,https://www.racingsportscars.com/tn/photo/2015/TN_Nurburgring-2015-05-17-132.jpg,https://www.racingsportscars.com/NA,https://www.racingsportscars.com/make/photo/Hyundai.html,https://www.racingsportscars.com/type/photo/Hyundai/Veloster.html,NA,NA
2015,315,BMW M235i Racing Cup - BMW 3000 cc Twin-Turbo,99,Cup 5,Race-House Motorsport,Closed bodywork,Front-engined,Dag von Garrel (D)/Olivier Fourcade/Meyrick Cox (GB)/Colin White (GB),NA,NA,NA,08/10/2017,Thomas Morper,BMW,M235i,NA,Racing Cup,Result: 99th (66 laps behind the winner)Grid: 124th (10:55.1219),99th (66 laps behind the winner)Grid: 124th (10:55.1219),finished,124,10:55.1219,66 laps behind the winner,NA,https://www.racingsportscars.com/tn/photo/2015/TN_Nurburgring-2015-05-17-315.jpg,https://www.racingsportscars.com/NA,https://www.racingsportscars.com/make/photo/BMW.html,https://www.racingsportscars.com/type/photo/BMW/M235i.html,NA,https://www.racingsportscars.com/suffix/photo/BMW/M235i/Racing%20Cup.html
2015,107,BMW 130i GTR - BMW N/A,100,SP5,,-,Front-engined,Patrick Rehs (D)/Konstantin Wolf (D)/Dieter Weidenbrück (D)/Dietmar Henke (D),NA,NA,NA,08/10/2017,Thomas Morper,BMW,130i,NA,GTR,Result: 100th 1st in SP5 (67 laps behind the winner)Grid: 114th (10:35.1740),100th 1st in SP5 (67 laps behind the winner)Grid: 114th (10:35.1740),finished,114,10:35.1740,67 laps behind the winner,NA,https://www.racingsportscars.com/tn/photo/2015/TN_Nurburgring-2015-05-17-107.jpg,https://www.racingsportscars.com/NA,https://www.racingsportscars.com/make/photo/BMW.html,https://www.racingsportscars.com/type/photo/BMW/130i.html,NA,https://www.racingsportscars.com/suffix/photo/BMW/130i/GTR.html
2015,77,BMW M3 GTR - BMW,101,SP6,MSC-Rhön e.V. i. ADAC,Closed bodywork,Front-engined,"Michael Hess (D)/""Hans Wilden""/Christian Leitheuser (D)",NA,NA,NA,12/01/2018,Thomas Morper,BMW,M3,NA,GTR,Result: 101st (67 laps behind the winner)Grid: 79th (9:51.6630),101st (67 laps behind the winner)Grid: 79th (9:51.6630),finished,79,9:51.6630,67 laps behind the winner,NA,https://www.racingsportscars.com/tn/photo/2015/TN_Nurburgring-2015-05-17-077.jpg,https://www.racingsportscars.com/NA,https://www.racingsportscars.com/make/photo/BMW.html,https://www.racingsportscars.com/type/photo/BMW/M3.html,NA,https://www.racingsportscars.com/suffix/photo/BMW/M3/GTR.html
2015,196,Toyota GT86 - Toyota,102,V3,Toyota Swiss Racing Team,-,-,Herbie Schmidt (CH)/Benjiamin Albertalli/Thomas Lampert/Manuel Amweg (CH),NA,NA,NA,14/07/2019,Matthew Stokes,Toyota,GT86,NA,NA,Result: 102nd 1st in V3 (70 laps behind the winner)Grid: 138th (12:36.7460),102nd 1st in V3 (70 laps behind the winner)Grid: 138th (12:36.7460),finished,138,12:36.7460,70 laps behind the winner,NA,https://www.racingsportscars.com/tn/photo/2015/TN_Nurburgring-2015-05-17-196.jpg,https://www.racingsportscars.com/NA,https://www.racingsportscars.com/make/photo/Toyota.html,https://www.racingsportscars.com/type/photo/Toyota/GT86.html,NA,NA
2015,23,Mercedes-Benz SLS AMG GT3 - Mercedes-Benz M159 V8/90° 4v DOHC 6208 cc N/A,NA,SP9 GT3,Rowe Racing (D),Closed bodywork,Front-engined,Klaus Graf (D)/Thomas Jäger (D)/Christian Hohenadel (D)/Nico Bastian (D),NA,NA,NA,08/10/2017,Thomas Morper,Mercedes-Benz,SLS AMG,NA,GT3,Result: did not finishGrid: 11th (8:19.8640),did not finishGrid: 11th (8:19.8640),not_finished,11,8:19.8640,NA,8:19.8640,https://www.racingsportscars.com/tn/photo/2015/TN_Nurburgring-2015-05-17-023.jpg,https://www.racingsportscars.com/NA,https://www.racingsportscars.com/make/photo/Mercedes-Benz.html,https://www.racingsportscars.com/type/photo/Mercedes-Benz/SLS%20AMG.html,NA,https://www.racingsportscars.com/suffix/photo/Mercedes-Benz/SLS%20AMG/GT3.html
2015,21,Nissan GT-R Nismo GT3 # - Nissan VR38DETT V6/60° 4v DOHC 3799 cc Twin-Turbo,NA,SP9 GT3,Schulze Motorsport,Closed bodywork,Front-engined,Tobias Schulze (D)/Michael Schulze (D)/Florian Strauss (D)/Jordan Tresson (F),NA,NA,NA,08/10/2017,Thomas Morper,Nissan,GT-R,#,Nismo GT3,Result: did not finishGrid: 28th (8:33.3410),did not finishGrid: 28th (8:33.3410),not_finished,28,8:33.3410,NA,8:33.3410,https://www.racingsportscars.com/tn/photo/2015/TN_Nurburgring-2015-05-17-021.jpg,https://www.racingsportscars.com/NA,https://www.racingsportscars.com/make/photo/Nissan.html,https://www.racingsportscars.com/type/photo/Nissan/GT-R.html,https://www.racingsportscars.com/chassis/photo/R35GT3-Schulze%23.html,https://www.racingsportscars.com/suffix/photo/Nissan/GT-R/Nismo%20GT3.html
2015,48,Aston Martin GT12 - Aston Martin,NA,SP8,Aston Martin Test Centre,-,-,Liam Talbot (AUS)/Shin'ichi Katsura (J)/Florian Kamelger (CH)/Wolfgang Schuhbauer (D),NA,NA,NA,08/10/2017,Thomas Morper,Aston Martin,GT12,NA,NA,Result: did not finishGrid: 56th (9:30.0500),did not finishGrid: 56th (9:30.0500),not_finished,56,9:30.0500,NA,9:30.0500,https://www.racingsportscars.com/tn/photo/2015/TN_Nurburgring-2015-05-17-048.jpg,https://www.racingsportscars.com/NA,https://www.racingsportscars.com/make/photo/Aston%20Martin.html,https://www.racingsportscars.com/type/photo/Aston%20Martin/GT12.html,NA,NA
2015,6,Aston Martin V12 Vantage GT3 #006 (Prodrive) - Aston Martin AM11/Prodrive V12/60° 4v DOHC 5935 cc N/A,NA,SP9 GT3,Aston Martin Racing,Closed bodywork,Front-engined,Jonathan Adam (GB)/Richie Stanaway (NZ)/Stefan Mücke (D)/Mathias Lauda (A),NA,NA,NA,08/10/2017,Thomas Morper,Aston Martin,V12 Vantage,#006,GT3,Result: did not finishGrid: 13th (8:20.9170),did not finishGrid: 13th (8:20.9170),not_finished,13,8:20.9170,NA,8:20.9170,https://www.racingsportscars.com/tn/photo/2015/TN_Nurburgring-2015-05-17-00006.jpg,https://www.racingsportscars.com/photo/2015/Nurburgring-2015-05-17-00006.jpg,https://www.racingsportscars.com/make/photo/Aston%20Martin.html,https://www.racingsportscars.com/type/photo/Aston%20Martin/V12%20Vantage.html,https://www.racingsportscars.com/chassis/photo/AMRVANTAGEGT3-006.html,https://www.racingsportscars.com/suffix/photo/Aston%20Martin/V12%20Vantage/GT3.html
2015,50,Aston Martin GT12 - Aston Martin,NA,SP8,Aston Martin Test Centre,-,-,Chris Harris (GB)/Oliver Mathai (D)/Peter Cate (GB)/Andreas Gülden (D),NA,NA,NA,08/10/2017,Thomas Morper,Aston Martin,GT12,NA,NA,Result: did not finishGrid: 42nd (9:02.6300),did not finishGrid: 42nd (9:02.6300),not_finished,42,9:02.6300,NA,9:02.6300,https://www.racingsportscars.com/tn/photo/2015/TN_Nurburgring-2015-05-17-050.jpg,https://www.racingsportscars.com/NA,https://www.racingsportscars.com/make/photo/Aston%20Martin.html,https://www.racingsportscars.com/type/photo/Aston%20Martin/GT12.html,NA,NA
2015,60,Porsche 997 GT3 Cup - Porsche F6 4v DOHC N/A,NA,SP7,Prosport-Performance GmbH,Closed bodywork,Rear-engined,Charles Putman (USA)/Charles Espenlaub (USA)/Brett Sandberg (USA)/Christian Engelhart (D),NA,NA,NA,08/10/2017,Thomas Morper,Porsche,997 GT3 Cup,NA,NA,Result: did not finishGrid: 54th (9:26.7190),did not finishGrid: 54th (9:26.7190),not_finished,54,9:26.7190,NA,9:26.7190,https://www.racingsportscars.com/tn/photo/2015/TN_Nurburgring-2015-05-17-060.jpg,https://www.racingsportscars.com/NA,https://www.racingsportscars.com/make/photo/Porsche.html,https://www.racingsportscars.com/type/photo/Porsche/997%20GT3%20Cup.html,NA,NA
2015,142,Renault Clio SRT - Renault,NA,SP3,Schläppi Race-Tec,Closed bodywork,Front-engined,Holger Goedicke (D)/Fabian Danz (CH)/Axel Friedhoff (D)/Max Friedhoff (D),NA,NA,NA,08/10/2017,Thomas Morper,Renault,Clio,NA,SRT,Result: did not finishGrid: 105th (10:21.5210),did not finishGrid: 105th (10:21.5210),not_finished,105,10:21.5210,NA,10:21.5210,https://www.racingsportscars.com/tn/photo/2015/TN_Nurburgring-2015-05-17-142.jpg,https://www.racingsportscars.com/photo/2015/Nurburgring-2015-05-17-142.jpg,https://www.racingsportscars.com/make/photo/Renault.html,https://www.racingsportscars.com/type/photo/Renault/Clio.html,NA,https://www.racingsportscars.com/suffix/photo/Renault/Clio/SRT.html
2015,71,Porsche 997 GT3 Cup - Porsche F6 4v DOHC N/A,NA,SP7,raceunion Teichmann Racing,Closed bodywork,Rear-engined,Jens Esser/Osman Kara (D)/Henry Fletcher (GB)/Miro Konôpka (SK),NA,NA,NA,08/10/2017,Thomas Morper,Porsche,997 GT3 Cup,NA,NA,Result: did not finishGrid: 86th (9:56.2240),did not finishGrid: 86th (9:56.2240),not_finished,86,9:56.2240,NA,9:56.2240,https://www.racingsportscars.com/tn/photo/2015/TN_Nurburgring-2015-05-17-071.jpg,https://www.racingsportscars.com/NA,https://www.racingsportscars.com/make/photo/Porsche.html,https://www.racingsportscars.com/type/photo/Porsche/997%20GT3%20Cup.html,NA,NA
2015,106,BMW 1M Coupé # - BMW,NA,SP5,MSC-Rhön e.V. i. ADAC,-,-,Harald Rettich (D)/Fabrice Reicher (F)/Dominique Nury (F)/Richard Purtscher (A),NA,NA,NA,08/10/2017,Thomas Morper,BMW,1M,#,Coupé,Result: did not finishGrid: 106th (10:21.7110),did not finishGrid: 106th (10:21.7110),not_finished,106,10:21.7110,NA,10:21.7110,https://www.racingsportscars.com/tn/photo/2015/TN_Nurburgring-2015-05-17-106.jpg,https://www.racingsportscars.com/NA,https://www.racingsportscars.com/make/photo/BMW.html,https://www.racingsportscars.com/type/photo/BMW/1M.html,https://www.racingsportscars.com/chassis/photo/1M-Leutheuser%23.html,https://www.racingsportscars.com/suffix/photo/BMW/1M/Coup%c3%a9.html
2015,161,Porsche 991 Carrera - Porsche,NA,SP6,BLACK FALCON Team TMD Friction,Closed bodywork,Rear-engined,Sören Spreng/Aurel Schoeller/Christian Raubach (CH)/Jürgen Bleul,NA,NA,NA,12/01/2018,Thomas Morper,Porsche,991,NA,Carrera,Result: did not finishGrid: 142nd (11:29.9830),did not finishGrid: 142nd (11:29.9830),not_finished,142,11:29.9830,NA,11:29.9830,https://www.racingsportscars.com/tn/photo/2015/TN_Nurburgring-2015-05-17-161.jpg,https://www.racingsportscars.com/NA,https://www.racingsportscars.com/make/photo/Porsche.html,https://www.racingsportscars.com/type/photo/Porsche/991.html,NA,https://www.racingsportscars.com/suffix/photo/Porsche/991/Carrera.html
2015,164,Porsche Cayman S - Porsche,NA,V6,Team Mathol Racing e.V.,-,-,Claudius Karch (D)/Ivan Jacoma (CH)/Jörg Viebahn (D)/Jim Briody (USA),NA,NA,NA,08/10/2017,Thomas Morper,Porsche,Cayman,NA,S,Result: did not finishGrid: 53rd (9:25.4550),did not finishGrid: 53rd (9:25.4550),not_finished,53,9:25.4550,NA,9:25.4550,https://www.racingsportscars.com/tn/photo/2015/TN_Nurburgring-2015-05-17-164.jpg,https://www.racingsportscars.com/NA,https://www.racingsportscars.com/make/photo/Porsche.html,https://www.racingsportscars.com/type/photo/Porsche/Cayman.html,NA,https://www.racingsportscars.com/suffix/photo/Porsche/Cayman/S.html
2015,22,Mercedes-Benz SLS AMG GT3 - Mercedes-Benz M159 V8/90° 4v DOHC 6208 cc N/A,NA,SP9 GT3,Rowe Racing (D),Closed bodywork,Front-engined,Renger van der Zande (NL)/Jan Seyffarth (D)/Thomas Jäger (D)/Maro Engel (D),NA,NA,NA,08/10/2017,Thomas Morper,Mercedes-Benz,SLS AMG,NA,GT3,Result: did not finishGrid: 16th (8:21.5520),did not finishGrid: 16th (8:21.5520),not_finished,16,8:21.5520,NA,8:21.5520,https://www.racingsportscars.com/tn/photo/2015/TN_Nurburgring-2015-05-17-022.jpg,https://www.racingsportscars.com/NA,https://www.racingsportscars.com/make/photo/Mercedes-Benz.html,https://www.racingsportscars.com/type/photo/Mercedes-Benz/SLS%20AMG.html,NA,https://www.racingsportscars.com/suffix/photo/Mercedes-Benz/SLS%20AMG/GT3.html
2015,1,Audi R8 LMS # - Audi FSI V10/90° 4v DOHC 5205 cc N/A,NA,SP9 GT3,Audi Sport Team Phoenix (D),Closed bodywork,Mid-engined,Christopher Haase (D)/Chris Mamerow (D)/René Rast (D)/Markus Winkelhock (D),Audi Sport/R8,white (+silver/red/black),NA,08/10/2017,Thomas Morper,Audi,R8 LMS,#,NA,Result: did not finishGrid: 9th (8:19.7660),did not finishGrid: 9th (8:19.7660),not_finished,9,8:19.7660,NA,8:19.7660,https://www.racingsportscars.com/tn/photo/2015/TN_Nurburgring-2015-05-17-001.jpg,https://www.racingsportscars.com/photo/2015/Nurburgring-2015-05-17-001.jpg,https://www.racingsportscars.com/make/photo/Audi.html,https://www.racingsportscars.com/type/photo/Audi/R8%20LMS.html,https://www.racingsportscars.com/chassis/photo/AS42A0FGT315%200703.html,NA
2015,189,BMW 325i - BMW,NA,V4,,-,-,Kornelius Hoffmann (D)/Friedrich Obermeier (CH)/Rolf Derscheid/Jens Dahl,NA,NA,NA,14/07/2019,Matthew Stokes,BMW,325i,NA,NA,Result: did not finishGrid: 112th (10:31.3820),did not finishGrid: 112th (10:31.3820),not_finished,112,10:31.3820,NA,10:31.3820,https://www.racingsportscars.com/tn/photo/2015/TN_Nurburgring-2015-05-17-189.jpg,https://www.racingsportscars.com/NA,https://www.racingsportscars.com/make/photo/BMW.html,https://www.racingsportscars.com/type/photo/BMW/325i.html,NA,NA
2015,67,Porsche 997 GT3 - Porsche,NA,SP7,,Closed bodywork,Rear-engined,Andreas Weiland (D)/Guido Wirtz (D)/Oleg Kvitka (RUS)/Alexey Veremenko (RUS),NA,NA,NA,08/10/2017,Thomas Morper,Porsche,997 GT3,NA,NA,Result: did not finishGrid: 47th (9:13.5260),did not finishGrid: 47th (9:13.5260),not_finished,47,9:13.5260,NA,9:13.5260,https://www.racingsportscars.com/tn/photo/2015/TN_Nurburgring-2015-05-17-067.jpg,https://www.racingsportscars.com/NA,https://www.racingsportscars.com/make/photo/Porsche.html,https://www.racingsportscars.com/type/photo/Porsche/997%20GT3.html,NA,NA
2015,4,Audi R8 LMS # - Audi FSI V10/90° 4v DOHC 5205 cc N/A,NA,SP9 GT3,Audi Sport Team Phoenix,Closed bodywork,Mid-engined,Frank Stippler (D)Marc Basseng (D)/Marcel Fässler (CH)/Mike Rockenfeller (D),NA,NA,NA,08/10/2017,Thomas Morper,Audi,R8 LMS,#,NA,Result: did not finishGrid: 10th (8:19.7960),did not finishGrid: 10th (8:19.7960),not_finished,10,8:19.7960,NA,8:19.7960,https://www.racingsportscars.com/tn/photo/2015/TN_Nurburgring-2015-05-17-004.jpg,https://www.racingsportscars.com/photo/2015/Nurburgring-2015-05-17-004.jpg,https://www.racingsportscars.com/make/photo/Audi.html,https://www.racingsportscars.com/type/photo/Audi/R8%20LMS.html,https://www.racingsportscars.com/chassis/photo/AS42A0FGT314%200610.html,NA
2015,69,Porsche 997 GT3 Cup - Porsche F6 4v DOHC N/A,NA,SP7,Click vers.de Team,Closed bodywork,Rear-engined,Wolfgang Destree (D)/Kersten Jodexnis (D)/Edgar Salewsky (D)/Robin Chrzanowski (D),NA,NA,NA,08/10/2017,Thomas Morper,Porsche,997 GT3 Cup,NA,NA,Result: did not finishGrid: 140th (10:51.9420),did not finishGrid: 140th (10:51.9420),not_finished,140,10:51.9420,NA,10:51.9420,https://www.racingsportscars.com/tn/photo/2015/TN_Nurburgring-2015-05-17-069.jpg,https://www.racingsportscars.com/NA,https://www.racingsportscars.com/make/photo/Porsche.html,https://www.racingsportscars.com/type/photo/Porsche/997%20GT3%20Cup.html,NA,NA
2015,193,Toyota GT86 # - Toyota,NA,V3,Pit Lane -AMC Sankt Vith (B),-,-,"Olivier Muytjens (B)/""Brody"" (B)/Bruno Barbaro (I)/Jacques Derenne (B)",NA,NA,NA,14/07/2019,Matthew Stokes,Toyota,GT86,#,NA,Result: did not finishGrid: 122nd (10:52.6730),did not finishGrid: 122nd (10:52.6730),not_finished,122,10:52.6730,NA,10:52.6730,https://www.racingsportscars.com/tn/photo/2015/TN_Nurburgring-2015-05-17-193.jpg,https://www.racingsportscars.com/NA,https://www.racingsportscars.com/make/photo/Toyota.html,https://www.racingsportscars.com/type/photo/Toyota/GT86.html,https://www.racingsportscars.com/chassis/photo/GT86-SanktVith%23.html,NA
2015,84,Bentley Continental GT3 - Bentley 4.0 TFSI V8/90° 4v DOHC 3993 cc Twin-Turbo,NA,SP9 GT3,Bentley Motors Ltd.,Closed bodywork,Front-engined,Jeroen Bleekemolen (NL)/Lance Arnold (D)/Christian Menzel (D)/Christopher Brück (D),NA,NA,NA,08/10/2017,Thomas Morper,Bentley,Continental GT3,NA,NA,Result: did not finishGrid: 8th (8:19.5920),did not finishGrid: 8th (8:19.5920),not_finished,8,8:19.5920,NA,8:19.5920,https://www.racingsportscars.com/tn/photo/2015/TN_Nurburgring-2015-05-17-084.jpg,https://www.racingsportscars.com/photo/2015/Nurburgring-2015-05-17-084.jpg,https://www.racingsportscars.com/make/photo/Bentley.html,https://www.racingsportscars.com/type/photo/Bentley/Continental%20GT3.html,NA,NA
2015,45,BMW M3 E92 - BMW,NA,SP8,TeamCoach-Racing,Closed bodywork,Front-engined,Philipp Göschel (D)/Dirk Heldmann (D)/Rolf Scheibner (D)/Frank Weishar (D),NA,NA,NA,08/10/2017,Thomas Morper,BMW,M3,NA,E92,Result: did not finishGrid: 61st (9:35.0240),did not finishGrid: 61st (9:35.0240),not_finished,61,9:35.0240,NA,9:35.0240,https://www.racingsportscars.com/tn/photo/2015/TN_Nurburgring-2015-05-17-045.jpg,https://www.racingsportscars.com/NA,https://www.racingsportscars.com/make/photo/BMW.html,https://www.racingsportscars.com/type/photo/BMW/M3.html,NA,https://www.racingsportscars.com/suffix/photo/BMW/M3/E92.html
2015,201,VW Scirocco GT RS - VW L4 N/A,NA,V2T,mathilda racing - Team pistenkids,Closed bodywork,Front-engined,Michael Paatz (D)/Knut Kluge (D)/Josef Kocsis (D)/Lutz Rühl (D),NA,NA,NA,08/10/2017,Thomas Morper,VW,Scirocco,NA,GT RS,Result: did not finishGrid: 117th (10:39.7810),did not finishGrid: 117th (10:39.7810),not_finished,117,10:39.7810,NA,10:39.7810,https://www.racingsportscars.com/tn/photo/2015/TN_Nurburgring-2015-05-17-201.jpg,https://www.racingsportscars.com/NA,https://www.racingsportscars.com/make/photo/VW.html,https://www.racingsportscars.com/type/photo/VW/Scirocco.html,NA,https://www.racingsportscars.com/suffix/photo/VW/Scirocco/GT%20RS.html
2015,79,Porsche Cayman R - Porsche,NA,SP6,Prosport-Performance GmbH,-,-,Klaus Bauer (CH)/Richard Gartner (AUS)/Moritz Kranz (D)/Andreas Patzelt (D),NA,NA,NA,08/10/2017,Thomas Morper,Porsche,Cayman,NA,R,Result: did not finishGrid: 60th (9:34.5170),did not finishGrid: 60th (9:34.5170),not_finished,60,9:34.5170,NA,9:34.5170,https://www.racingsportscars.com/tn/photo/2015/TN_Nurburgring-2015-05-17-079.jpg,https://www.racingsportscars.com/NA,https://www.racingsportscars.com/make/photo/Porsche.html,https://www.racingsportscars.com/type/photo/Porsche/Cayman.html,NA,https://www.racingsportscars.com/suffix/photo/Porsche/Cayman/R.html
2015,78,BMW M3 E46 # - BMW,NA,SP6,,Closed bodywork,Front-engined,Juan Angel Cusano (RA)/Stefano Cambria/Sergio Yazbik (RA)/José Balbiani (RA),NA,NA,NA,14/07/2019,Matthew Stokes,BMW,M3,#,E46,Result: did not finishGrid: 65th (9:38.9700),did not finishGrid: 65th (9:38.9700),not_finished,65,9:38.9700,NA,9:38.9700,https://www.racingsportscars.com/tn/photo/2015/TN_Nurburgring-2015-05-17-078.jpg,https://www.racingsportscars.com/NA,https://www.racingsportscars.com/make/photo/BMW.html,https://www.racingsportscars.com/type/photo/BMW/M3.html,https://www.racingsportscars.com/chassis/photo/E46-M3-Cusano%23.html,https://www.racingsportscars.com/suffix/photo/BMW/M3/E46.html
2015,302,BMW M235i Racing Cup - BMW 3000 cc Twin-Turbo,NA,Cup 5,Team Securtal Sorg Rennsport,Closed bodywork,Front-engined,Anders Fjordbach (DK)/Thomas Jäger (D)/Philipp Leisen (D)/Heiko Eichenberg (D),NA,NA,NA,08/10/2017,Thomas Morper,BMW,M235i,NA,Racing Cup,Result: did not finishGrid: 66th (9:40.8380),did not finishGrid: 66th (9:40.8380),not_finished,66,9:40.8380,NA,9:40.8380,https://www.racingsportscars.com/tn/photo/2015/TN_Nurburgring-2015-05-17-302.jpg,https://www.racingsportscars.com/NA,https://www.racingsportscars.com/make/photo/BMW.html,https://www.racingsportscars.com/type/photo/BMW/M235i.html,NA,https://www.racingsportscars.com/suffix/photo/BMW/M235i/Racing%20Cup.html
2015,19,BMW Z4 E89 GT3 - BMW P65 V8/90° 4v DOHC 4361 cc N/A,NA,SP9 GT3,BMW Sports Trophy Team Schubert,Closed bodywork,Front-engined,/Alexander Sims (GB)/Dirk Müller (D)/Dirk Werner (D)/Marco Wittmann (D),NA,NA,NA,08/10/2017,Thomas Morper,BMW,Z4,NA,E89 GT3,Result: did not finishGrid: 4th (8:18.8860),did not finishGrid: 4th (8:18.8860),not_finished,4,8:18.8860,NA,8:18.8860,https://www.racingsportscars.com/tn/photo/2015/TN_Nurburgring-2015-05-17-019.jpg,https://www.racingsportscars.com/NA,https://www.racingsportscars.com/make/photo/BMW.html,https://www.racingsportscars.com/type/photo/BMW/Z4.html,NA,https://www.racingsportscars.com/suffix/photo/BMW/Z4/E89%20GT3.html
2015,148,Renault Clio Cup - Renault,NA,SP3,,Closed bodywork,Front-engined,Boris Hrubesch (CH)/Junichi Umemoto (J)/Jürgen Peter (D)/Claus Gronning (DK),NA,NA,NA,08/10/2017,Thomas Morper,Renault,Clio,NA,Cup,Result: did not finishGrid: 130th (11:09.4550),did not finishGrid: 130th (11:09.4550),not_finished,130,11:09.4550,NA,11:09.4550,https://www.racingsportscars.com/tn/photo/2015/TN_Nurburgring-2015-05-17-148.jpg,https://www.racingsportscars.com/NA,https://www.racingsportscars.com/make/photo/Renault.html,https://www.racingsportscars.com/type/photo/Renault/Clio.html,NA,https://www.racingsportscars.com/suffix/photo/Renault/Clio/Cup.html
2015,30,Porsche 997 GT3 R - Porsche F6 4v DOHC 3996 cc N/A,NA,SP9 GT3,Frikadelli Racing Team (D),Closed bodywork,Rear-engined,Sabine Schmitz (D)/Patrick Huisman (NL)/Patrick Pilet (F)/Jörg Bergmeister (D),NA,NA,NA,08/10/2017,Thomas Morper,Porsche,997 GT3 R,NA,NA,Result: did not finishGrid: 14th (8:20.9720),did not finishGrid: 14th (8:20.9720),not_finished,14,8:20.9720,NA,8:20.9720,https://www.racingsportscars.com/tn/photo/2015/TN_Nurburgring-2015-05-17-030.jpg,https://www.racingsportscars.com/photo/2015/Nurburgring-2015-05-17-030.jpg,https://www.racingsportscars.com/make/photo/Porsche.html,https://www.racingsportscars.com/type/photo/Porsche/997%20GT3%20R.html,NA,NA
2015,92,Porsche 991 GT3 Cup MR #WP0ZZZ99ZFS198074 - Porsche F6 4v DOHC 3800 cc N/A,NA,SP7,Manthey Racing,Closed bodywork,Rear-engined,Christoph Breuer (D)/Matteo Cairoli (I)/Sven Müller (D)/Mike Stursberg (D),NA,NA,NA,08/10/2017,Thomas Morper,Porsche,991 GT3 Cup,#WP0ZZZ99ZFS198074,MR,Result: did not finishGrid: 27th (8:32.8320),did not finishGrid: 27th (8:32.8320),not_finished,27,8:32.8320,NA,8:32.8320,https://www.racingsportscars.com/tn/photo/2015/TN_Nurburgring-2015-05-17-092.jpg,https://www.racingsportscars.com/NA,https://www.racingsportscars.com/make/photo/Porsche.html,https://www.racingsportscars.com/type/photo/Porsche/991%20GT3%20Cup.html,https://www.racingsportscars.com/chassis/photo/WP0ZZZ99ZFS198074.html,https://www.racingsportscars.com/suffix/photo/Porsche/991%20GT3%20Cup/MR.html
2015,31,Mercedes-Benz SLS AMG GT3 - Mercedes-Benz M159 V8/90° 4v DOHC 6208 cc N/A,NA,SP9 GT3,Car Collection Motorsport,Closed bodywork,Front-engined,Peter Schmidt (D)/Pierre Ehret (D)/Alexander Mattschull (D)/Vic Rice (USA),NA,NA,NA,08/10/2017,Thomas Morper,Mercedes-Benz,SLS AMG,NA,GT3,Result: did not finishGrid: 38th (8:53.6940),did not finishGrid: 38th (8:53.6940),not_finished,38,8:53.6940,NA,8:53.6940,https://www.racingsportscars.com/tn/photo/2015/TN_Nurburgring-2015-05-17-031.jpg,https://www.racingsportscars.com/NA,https://www.racingsportscars.com/make/photo/Mercedes-Benz.html,https://www.racingsportscars.com/type/photo/Mercedes-Benz/SLS%20AMG.html,NA,https://www.racingsportscars.com/suffix/photo/Mercedes-Benz/SLS%20AMG/GT3.html
2015,307,BMW M235i Racing Cup - BMW 3000 cc Twin-Turbo,NA,Cup 5,Bonk Motorsport,Closed bodywork,Front-engined,Alexander Mies (D)/Jürgen Nett (D)/Emin Akata (D),NA,NA,NA,08/10/2017,Thomas Morper,BMW,M235i,NA,Racing Cup,Result: did not finishGrid: 76th (9:50.2270),did not finishGrid: 76th (9:50.2270),not_finished,76,9:50.2270,NA,9:50.2270,https://www.racingsportscars.com/tn/photo/2015/TN_Nurburgring-2015-05-17-307.jpg,https://www.racingsportscars.com/NA,https://www.racingsportscars.com/make/photo/BMW.html,https://www.racingsportscars.com/type/photo/BMW/M235i.html,NA,https://www.racingsportscars.com/suffix/photo/BMW/M235i/Racing%20Cup.html
2015,89,Aston Martin V8 Vantage GT4 - Aston Martin V8/90° 4v DOHC 4735 cc N/A,NA,SP10 GT4,,Closed bodywork,Front-engined,Dmitriy Lukovnikov (MC)/Axel Jahn (D)/Michael Heimrich/Bernd Kleeschulte (D),NA,NA,NA,08/10/2017,Thomas Morper,Aston Martin,V8 Vantage,NA,GT4,Result: did not finishGrid: 87th (9:59.2340),did not finishGrid: 87th (9:59.2340),not_finished,87,9:59.2340,NA,9:59.2340,https://www.racingsportscars.com/tn/photo/2015/TN_Nurburgring-2015-05-17-089.jpg,https://www.racingsportscars.com/NA,https://www.racingsportscars.com/make/photo/Aston%20Martin.html,https://www.racingsportscars.com/type/photo/Aston%20Martin/V8%20Vantage.html,NA,https://www.racingsportscars.com/suffix/photo/Aston%20Martin/V8%20Vantage/GT4.html
2015,14,Audi R8 LMS ultra - Audi FSI V10/90° 4v DOHC 5205 cc N/A,NA,SP9 GT3,Audi race experience,Closed bodywork,Mid-engined,Nikolaus Mayr-Melnhof (A)/Rod Salmon (AUS)/Micke Ohlsson/Ronnie Saurenmann (CH),NA,NA,NA,08/10/2017,Thomas Morper,Audi,R8 LMS,NA,ultra,Result: did not finishGrid: 34th (8:40.8050),did not finishGrid: 34th (8:40.8050),not_finished,34,8:40.8050,NA,8:40.8050,https://www.racingsportscars.com/tn/photo/2015/TN_Nurburgring-2015-05-17-014.jpg,https://www.racingsportscars.com/photo/2015/Nurburgring-2015-05-17-014.jpg,https://www.racingsportscars.com/make/photo/Audi.html,https://www.racingsportscars.com/type/photo/Audi/R8%20LMS.html,NA,https://www.racingsportscars.com/suffix/photo/Audi/R8%20LMS/ultra.html
2015,47,BMW E82 - BMW,NA,SP8T,TeamCoach-Racing (D),-,-,Hans-Martin Gass (D)/Heiko Hahn (D)/Roland Konrad (D)/Kristian Vetter (D),NA,NA,NA,08/10/2017,Thomas Morper,BMW,E82,NA,NA,Result: did not finishGrid: 92nd (10:06.5680),did not finishGrid: 92nd (10:06.5680),not_finished,92,10:06.5680,NA,10:06.5680,https://www.racingsportscars.com/tn/photo/2015/TN_Nurburgring-2015-05-17-047.jpg,https://www.racingsportscars.com/photo/2015/Nurburgring-2015-05-17-047.jpg,https://www.racingsportscars.com/make/photo/BMW.html,https://www.racingsportscars.com/type/photo/BMW/E82.html,NA,NA
2015,90,Porsche 991 GT3 Cup MR - Porsche F6 4v DOHC 3800 cc N/A,NA,SP7,Manthey Racing,Closed bodywork,Rear-engined,Steve Smith (CH)/Nils Reimer (D)/Reinhold Renger (D)/Hari Proczyk (A),NA,NA,NA,08/10/2017,Thomas Morper,Porsche,991 GT3 Cup,NA,MR,Result: did not finishGrid: 41st (9:00.6270),did not finishGrid: 41st (9:00.6270),not_finished,41,9:00.6270,NA,9:00.6270,https://www.racingsportscars.com/tn/photo/2015/TN_Nurburgring-2015-05-17-090.jpg,https://www.racingsportscars.com/NA,https://www.racingsportscars.com/make/photo/Porsche.html,https://www.racingsportscars.com/type/photo/Porsche/991%20GT3%20Cup.html,NA,https://www.racingsportscars.com/suffix/photo/Porsche/991%20GT3%20Cup/MR.html
2015,211,VW Scirocco 2.0 TDI # - VW L4 2000 cc Turbo Diesel,NA,AT,Care for Climate,Closed bodywork,Front-engined,"Thomas von Löwis of Menar (D)/""Smudo"" (D)/Daniel Schellhaas (D)/Sascha Friedrich",NA,NA,NA,08/10/2017,Thomas Morper,VW,Scirocco,#,2.0 TDI,Result: did not finishGrid: 123rd (10:54.7090),did not finishGrid: 123rd (10:54.7090),not_finished,123,10:54.7090,NA,10:54.7090,https://www.racingsportscars.com/tn/photo/2015/TN_Nurburgring-2015-05-17-211.jpg,https://www.racingsportscars.com/NA,https://www.racingsportscars.com/make/photo/VW.html,https://www.racingsportscars.com/type/photo/VW/Scirocco.html,https://www.racingsportscars.com/chassis/photo/Scirocco-L%c3%b6wisMenar%23.html,https://www.racingsportscars.com/suffix/photo/VW/Scirocco/2.0%20TDI.html
2015,8,Mercedes-Benz SLS AMG GT3 - Mercedes-Benz M159 V8/90° 4v DOHC 6208 cc N/A,NA,SP9 GT3,Haribo Racing Team,Closed bodywork,Front-engined,Uwe Alzen (D)/Marco Holzer (D)/Maximilian Götz (D)/Norbert Siedler (A),NA,NA,NA,08/10/2017,Thomas Morper,Mercedes-Benz,SLS AMG,NA,GT3,Result: did not finishGrid: 17th (8:21.6360),did not finishGrid: 17th (8:21.6360),not_finished,17,8:21.6360,NA,8:21.6360,https://www.racingsportscars.com/tn/photo/2015/TN_Nurburgring-2015-05-17-008.jpg,https://www.racingsportscars.com/NA,https://www.racingsportscars.com/make/photo/Mercedes-Benz.html,https://www.racingsportscars.com/type/photo/Mercedes-Benz/SLS%20AMG.html,NA,https://www.racingsportscars.com/suffix/photo/Mercedes-Benz/SLS%20AMG/GT3.html
2015,109,Audi TT RS - Audi,NA,SP4T,Rotek Racing,Closed bodywork,Mid-engined,Robb Holland (USA)/Tony Richards (NZ)/David Thilenius (USA)/Tom Chilton (GB),NA,NA,NA,08/10/2017,Thomas Morper,Audi,TT,NA,RS,Result: did not finishGrid: 55th (9:27.2870),did not finishGrid: 55th (9:27.2870),not_finished,55,9:27.2870,NA,9:27.2870,https://www.racingsportscars.com/tn/photo/2015/TN_Nurburgring-2015-05-17-109.jpg,https://www.racingsportscars.com/NA,https://www.racingsportscars.com/make/photo/Audi.html,https://www.racingsportscars.com/type/photo/Audi/TT.html,NA,https://www.racingsportscars.com/suffix/photo/Audi/TT/RS.html
2015,304,BMW M235i Racing Cup - BMW 3000 cc Twin-Turbo,NA,Cup 5,,Closed bodywork,Front-engined,David Ackermann (D)/Jörg Wiskirchen (D)/Andrei Sidorenko (D)/Csaba Walter (H),NA,NA,NA,08/10/2017,Thomas Morper,BMW,M235i,NA,Racing Cup,Result: did not finishGrid: 72nd (9:43.8840),did not finishGrid: 72nd (9:43.8840),not_finished,72,9:43.8840,NA,9:43.8840,https://www.racingsportscars.com/tn/photo/2015/TN_Nurburgring-2015-05-17-304.jpg,https://www.racingsportscars.com/NA,https://www.racingsportscars.com/make/photo/BMW.html,https://www.racingsportscars.com/type/photo/BMW/M235i.html,NA,https://www.racingsportscars.com/suffix/photo/BMW/M235i/Racing%20Cup.html
2015,46,BMW M3 E92 - BMW,NA,SP8,TeamCoach-Racing,Closed bodywork,Front-engined,Rudi Adams (D)/Dierk Möller-Sonntag (D)/Tom Moran (D)/Arno Klasen (D),NA,NA,NA,08/10/2017,Thomas Morper,BMW,M3,NA,E92,Result: did not finishGrid: 73rd (9:44.6180),did not finishGrid: 73rd (9:44.6180),not_finished,73,9:44.6180,NA,9:44.6180,https://www.racingsportscars.com/tn/photo/2015/TN_Nurburgring-2015-05-17-046.jpg,https://www.racingsportscars.com/NA,https://www.racingsportscars.com/make/photo/BMW.html,https://www.racingsportscars.com/type/photo/BMW/M3.html,NA,https://www.racingsportscars.com/suffix/photo/BMW/M3/E92.html
2015,2,Mercedes-Benz SLS AMG GT3 - Mercedes-Benz M159 V8/90° 4v DOHC 6208 cc N/A,NA,SP9 GT3,Black Falcon,Closed bodywork,Front-engined,Yelmer Buurman (NL)Bernd Schneider (D)/Andreas Simonsen (S)/Adam Christodoulou (GB),NA,NA,NA,08/10/2017,Thomas Morper,Mercedes-Benz,SLS AMG,NA,GT3,Result: did not finishGrid: 2nd (8:18.3410),did not finishGrid: 2nd (8:18.3410),not_finished,2,8:18.3410,NA,8:18.3410,https://www.racingsportscars.com/tn/photo/2015/TN_Nurburgring-2015-05-17-002.jpg,https://www.racingsportscars.com/NA,https://www.racingsportscars.com/make/photo/Mercedes-Benz.html,https://www.racingsportscars.com/type/photo/Mercedes-Benz/SLS%20AMG.html,NA,https://www.racingsportscars.com/suffix/photo/Mercedes-Benz/SLS%20AMG/GT3.html
2015,210,Volvo V40 D5 - Volvo,NA,AT,Heico Sportiv GmbH & Co KG,-,-,Patrick Brenndörfer (D)/Martin Müller (D)/Frank Eickholt (D),NA,NA,NA,08/10/2017,Thomas Morper,Volvo,V40,NA,D5,Result: did not finishGrid: 103rd (10:20.6740),did not finishGrid: 103rd (10:20.6740),not_finished,103,10:20.6740,NA,10:20.6740,https://www.racingsportscars.com/tn/photo/2015/TN_Nurburgring-2015-05-17-210.jpg,https://www.racingsportscars.com/NA,https://www.racingsportscars.com/make/photo/Volvo.html,https://www.racingsportscars.com/type/photo/Volvo/V40.html,NA,https://www.racingsportscars.com/suffix/photo/Volvo/V40/D5.html
2015,56,Porsche 997 GT3 Cup - Porsche F6 4v DOHC N/A,NA,SP7,,Closed bodywork,Rear-engined,Georg Goder (D)/Martin Schlüter (D)/Dirk Leßmeister (D)/Tim Scheerbarth (D),NA,NA,NA,08/10/2017,Thomas Morper,Porsche,997 GT3 Cup,NA,NA,Result: did not finishGrid: 95th (10:09.6730),did not finishGrid: 95th (10:09.6730),not_finished,95,10:09.6730,NA,10:09.6730,https://www.racingsportscars.com/tn/photo/2015/TN_Nurburgring-2015-05-17-056.jpg,https://www.racingsportscars.com/NA,https://www.racingsportscars.com/make/photo/Porsche.html,https://www.racingsportscars.com/type/photo/Porsche/997%20GT3%20Cup.html,NA,NA
2015,168,BMW M3 E46 - BMW,NA,V6,Transit engineering,Closed bodywork,Front-engined,Oi Takashi/Yamashita Junichiro/Seki Yutaka/Kato Teruaki,NA,NA,NA,08/10/2017,Thomas Morper,BMW,M3,NA,E46,Result: did not finishGrid: 116th (10:37.1390),did not finishGrid: 116th (10:37.1390),not_finished,116,10:37.1390,NA,10:37.1390,https://www.racingsportscars.com/tn/photo/2015/TN_Nurburgring-2015-05-17-168.jpg,https://www.racingsportscars.com/photo/2015/Nurburgring-2015-05-17-168.jpg,https://www.racingsportscars.com/make/photo/BMW.html,https://www.racingsportscars.com/type/photo/BMW/M3.html,NA,https://www.racingsportscars.com/suffix/photo/BMW/M3/E46.html
2015,20,BMW Z4 E89 GT3 - BMW P65 V8/90° 4v DOHC 4361 cc N/A,NA,SP9 GT3,BMW Sports Trophy Team Schubert,Closed bodywork,Front-engined,/Claudia Hürtgen (D)/Dominik Baumann (A)/Jens Klingmann (D)/Martin Tomczyk (D),NA,NA,NA,08/10/2017,Thomas Morper,BMW,Z4,NA,E89 GT3,Result: did not finishGrid: 3rd (8:18.8140),did not finishGrid: 3rd (8:18.8140),not_finished,3,8:18.8140,NA,8:18.8140,https://www.racingsportscars.com/tn/photo/2015/TN_Nurburgring-2015-05-17-020.jpg,https://www.racingsportscars.com/NA,https://www.racingsportscars.com/make/photo/BMW.html,https://www.racingsportscars.com/type/photo/BMW/Z4.html,NA,https://www.racingsportscars.com/suffix/photo/BMW/Z4/E89%20GT3.html
2015,10,Porsche 997 GT3 RSR #WP0ZZZ99ZCS799916 - Porsche F6 4v DOHC N/A,NA,SP-Pro,Wochenspiegel Team Manthey,Closed bodywork,Rear-engined,Georg Weiss (D)/Oliver Kainz (D)/Jochen Krumbach (D)/Michael Christensen (DK),NA,NA,NA,08/10/2017,Thomas Morper,Porsche,997 GT3 RSR,#WP0ZZZ99ZCS799916,NA,Result: did not finishGrid: 22nd (8:26.2040),did not finishGrid: 22nd (8:26.2040),not_finished,22,8:26.2040,NA,8:26.2040,https://www.racingsportscars.com/tn/photo/2015/TN_Nurburgring-2015-05-17-010.jpg,https://www.racingsportscars.com/NA,https://www.racingsportscars.com/make/photo/Porsche.html,https://www.racingsportscars.com/type/photo/Porsche/997%20GT3%20RSR.html,https://www.racingsportscars.com/chassis/photo/WP0ZZZ99ZCS799916.html,NA
2015,166,Porsche Cayman S - Porsche,NA,V6,Team Mathol Racing e.V.,-,-,Rüdiger Schicht (CH)/Thorsten Held (D)/Thomas Herbst/Uwe Nittel (D),NA,NA,NA,08/10/2017,Thomas Morper,Porsche,Cayman,NA,S,Result: did not finishGrid: 66th (9:41.0020),did not finishGrid: 66th (9:41.0020),not_finished,66,9:41.0020,NA,9:41.0020,https://www.racingsportscars.com/tn/photo/2015/TN_Nurburgring-2015-05-17-166.jpg,https://www.racingsportscars.com/NA,https://www.racingsportscars.com/make/photo/Porsche.html,https://www.racingsportscars.com/type/photo/Porsche/Cayman.html,NA,https://www.racingsportscars.com/suffix/photo/Porsche/Cayman/S.html
2015,27,Mercedes-Benz SLS AMG GT3 - Mercedes-Benz M159 V8/90° 4v DOHC 6208 cc N/A,NA,SP9 GT3,Team Zakspeed,Closed bodywork,Front-engined,Sebastian Asch (D)/Tom Coronel (NL)/Christian Vietoris (D)/Luca Ludwig (D),NA,NA,NA,08/10/2017,Thomas Morper,Mercedes-Benz,SLS AMG,NA,GT3,Result: did not finishGrid: 15th (8:21.1820),did not finishGrid: 15th (8:21.1820),not_finished,15,8:21.1820,NA,8:21.1820,https://www.racingsportscars.com/tn/photo/2015/TN_Nurburgring-2015-05-17-027.jpg,https://www.racingsportscars.com/photo/2015/Nurburgring-2015-05-17-027.jpg,https://www.racingsportscars.com/make/photo/Mercedes-Benz.html,https://www.racingsportscars.com/type/photo/Mercedes-Benz/SLS%20AMG.html,NA,https://www.racingsportscars.com/suffix/photo/Mercedes-Benz/SLS%20AMG/GT3.html
2015,178,Porsche Cayman - Porsche,NA,V5,BLACK FALCON Team TMD Friction,-,-,Sören Spreng/Aurel Schoeller/Christian Raubach (CH)/Jürgen Bleul,NA,NA,NA,08/10/2017,Thomas Morper,Porsche,Cayman,NA,NA,Result: did not finishGrid: 97th (10:11.9520),did not finishGrid: 97th (10:11.9520),not_finished,97,10:11.9520,NA,10:11.9520,https://www.racingsportscars.com/tn/photo/2015/TN_Nurburgring-2015-05-17-178.jpg,https://www.racingsportscars.com/NA,https://www.racingsportscars.com/make/photo/Porsche.html,https://www.racingsportscars.com/type/photo/Porsche/Cayman.html,NA,NA
2015,165,Porsche Cayman R - Porsche,NA,V6,Team Mathol Racing e.V.,-,-,Wolfgang Weber (D)/Norbert Bermes (D)/Klaus-Dieter Müller (D)/Volker Wawer,NA,NA,NA,08/10/2017,Thomas Morper,Porsche,Cayman,NA,R,Result: did not finishGrid: 144th (11:45.3730),did not finishGrid: 144th (11:45.3730),not_finished,144,11:45.3730,NA,11:45.3730,https://www.racingsportscars.com/tn/photo/2015/TN_Nurburgring-2015-05-17-165.jpg,https://www.racingsportscars.com/NA,https://www.racingsportscars.com/make/photo/Porsche.html,https://www.racingsportscars.com/type/photo/Porsche/Cayman.html,NA,https://www.racingsportscars.com/suffix/photo/Porsche/Cayman/R.html
