year,number,car_title,result,group,entrant,bodywork,engine,drivers,sponsor,colour,tyre,updated,contributor,make,model,suffix,chassis,result_raw,result_txt,result_status,grid,grid_time,finish_gap,dnf_reason,thumb_url,photo_url,make_url,model_url,suffix_url,chassis_url
2024,16,Audi R8 LMS GT3 Evo II - Audi V10/90° 4v DOHC 5205 cc N/A,1,SP9,Scherer Sport PHX (D),Closed bodywork,Mid-engined,Frank Stippler (D)/Christopher Mies (D)/Ricardo Feller (CH)/Dennis Marschall (D),NA,NA,NA,15/12/2024,© Michael Herzig-fotomich.de,Audi,R8 LMS,GT3 Evo II,NA,Result: winner - (54.952 kph) - margin: 0s603Grid: 3rd (8:11.4060),winner - (54.952 kph) - margin: 0s603Grid: 3rd (8:11.4060),finished,3,8:11.4060,54.952 kph,NA,https://www.racingsportscars.com/tn/photo/2024/TN_Nurburgring-2024-06-02-016.jpg,https://www.racingsportscars.com/photo/2024/Nurburgring-2024-06-02-016.jpg,https://www.racingsportscars.com/make/photo/Audi.html,https://www.racingsportscars.com/type/photo/Audi/R8%20LMS.html,https://www.racingsportscars.com/suffix/photo/Audi/R8%20LMS/GT3%20Evo%20II.html,NA
2024,911,Porsche 992 GT3 R I - Porsche M97/80 F6 4v DOHC 4194 cc N/A,2,SP9,Manthey EMA (D),Closed bodywork,Rear-engined,Laurens Vanthoor (B)/Thomas Preining (A)/Kevin Estre (F)/Ayhancan Güven (TR),NA,NA,NA,15/12/2024,© Michael Herzig-fotomich.de,Porsche,992 GT3 R,I,NA,Result: 2nd (0s603 behind the winner)Grid: 2nd (8:11.3980),2nd (0s603 behind the winner)Grid: 2nd (8:11.3980),finished,2,8:11.3980,0s603 behind the winner,NA,https://www.racingsportscars.com/tn/photo/2024/TN_Nurburgring-2024-06-02-911.jpg,https://www.racingsportscars.com/photo/2024/Nurburgring-2024-06-02-911.jpg,https://www.racingsportscars.com/make/photo/Porsche.html,https://www.racingsportscars.com/type/photo/Porsche/992%20GT3%20R.html,https://www.racingsportscars.com/suffix/photo/Porsche/992%20GT3%20R/I.html,NA
2024,72,BMW M4 G82 GT3 - BMW P58 L6 4v DOHC 2993 cc M TwinPower Turbo,3,SP9,BMW M Team RMG (D),Closed bodywork,Front-engined,Dan Harper (GB)/Max Hesse (D)/Charles Weerts (B),NA,NA,NA,15/12/2024,© Michael Herzig-fotomich.de,BMW,M4,G82 GT3,NA,Result: 3rd (5s399 behind the winner)Grid: 1st (8:10.9920),3rd (5s399 behind the winner)Grid: 1st (8:10.9920),finished,1,8:10.9920,5s399 behind the winner,NA,https://www.racingsportscars.com/tn/photo/2024/TN_Nurburgring-2024-06-02-072.jpg,https://www.racingsportscars.com/photo/2024/Nurburgring-2024-06-02-072.jpg,https://www.racingsportscars.com/make/photo/BMW.html,https://www.racingsportscars.com/type/photo/BMW/M4.html,https://www.racingsportscars.com/suffix/photo/BMW/M4/G82%20GT3.html,NA
2024,4,Mercedes-AMG GT3 Evo # - Mercedes-AMG M159 V8/90° 4v DOHC 6208 cc N/A,4,SP9,Mercedes-AMG Team HRT (D),Closed bodywork,Front-engined,Luca Stolz (D)/Maximilian Götz (D)/Daniel Juncadella (E)DNS: Arjun Maini (IND),NA,NA,NA,15/12/2024,© Michael Herzig-fotomich.de,Mercedes-AMG,GT3,Evo,#,Result: 4th (5s646 behind the winner)Grid: 9th (8:13.1970),4th (5s646 behind the winner)Grid: 9th (8:13.1970),finished,9,8:13.1970,5s646 behind the winner,NA,https://www.racingsportscars.com/tn/photo/2024/TN_Nurburgring-2024-06-02-004.jpg,https://www.racingsportscars.com/photo/2024/Nurburgring-2024-06-02-004.jpg,https://www.racingsportscars.com/make/photo/Mercedes-AMG.html,https://www.racingsportscars.com/type/photo/Mercedes-AMG/GT3.html,https://www.racingsportscars.com/suffix/photo/Mercedes-AMG/GT3/Evo.html,https://www.racingsportscars.com/chassis/photo/AMG%20GT3%20190%2023%20470.html
2024,27,Lamborghini Huracán GT3 Evo2 - Lamborghini V10/90° 4v DOHC 5204 cc N/A,5,SP9,Red Bull Team ABT (D),Closed bodywork,Mid-engined,Kelvin van der Linde (ZA)/Marco Mapelli (I)/Jordan Pepper (ZA),NA,NA,NA,15/12/2024,© Michael Herzig-fotomich.de,Lamborghini,Huracán,GT3 Evo2,NA,Result: 5th (6s168 behind the winner)Grid: 4th (8:11.5080),5th (6s168 behind the winner)Grid: 4th (8:11.5080),finished,4,8:11.5080,6s168 behind the winner,NA,https://www.racingsportscars.com/tn/photo/2024/TN_Nurburgring-2024-06-02-027.jpg,https://www.racingsportscars.com/photo/2024/Nurburgring-2024-06-02-027.jpg,https://www.racingsportscars.com/make/photo/Lamborghini.html,https://www.racingsportscars.com/type/photo/Lamborghini/Hurac%c3%a1n.html,https://www.racingsportscars.com/suffix/photo/Lamborghini/Hurac%c3%a1n/GT3%20Evo2.html,NA
2024,33,Porsche 992 GT3 R I - Porsche M97/80 F6 4v DOHC 4194 cc N/A,6,SP9,Falken Motorsports (D),Closed bodywork,Rear-engined,Julien Andlauer (F)/Klaus Bachler (A)/Sven Müller (D)/Alessio Picariello (B),NA,NA,NA,15/12/2024,© Michael Herzig-fotomich.de,Porsche,992 GT3 R,I,NA,Result: 6th (6s723 behind the winner)Grid: 10th (8:13.6920),6th (6s723 behind the winner)Grid: 10th (8:13.6920),finished,10,8:13.6920,6s723 behind the winner,NA,https://www.racingsportscars.com/tn/photo/2024/TN_Nurburgring-2024-06-02-033.jpg,https://www.racingsportscars.com/photo/2024/Nurburgring-2024-06-02-033.jpg,https://www.racingsportscars.com/make/photo/Porsche.html,https://www.racingsportscars.com/type/photo/Porsche/992%20GT3%20R.html,https://www.racingsportscars.com/suffix/photo/Porsche/992%20GT3%20R/I.html,NA
2024,98,BMW M4 G82 GT3 # - BMW P58 L6 4v DOHC 2993 cc M TwinPower Turbo,7,SP9,Rowe Racing (D),Closed bodywork,Front-engined,/Maxime Martin (B)/Raffaele Marciello (I)/Marco Wittmann (D)/Augusto Farfus (BR),NA,NA,NA,15/12/2024,© Michael Herzig-fotomich.de,BMW,M4,G82 GT3,#,Result: 7th (24s601 behind the winner)Grid: 21st (8:14.6960) - 17th fastest qualifier,7th (24s601 behind the winner)Grid: 21st (8:14.6960) - 17th fastest qualifier,finished,21,8:14.6960,24s601 behind the winner,NA,https://www.racingsportscars.com/tn/photo/2024/TN_Nurburgring-2024-06-02-098.jpg,https://www.racingsportscars.com/photo/2024/Nurburgring-2024-06-02-098.jpg,https://www.racingsportscars.com/make/photo/BMW.html,https://www.racingsportscars.com/type/photo/BMW/M4.html,https://www.racingsportscars.com/suffix/photo/BMW/M4/G82%20GT3.html,https://www.racingsportscars.com/chassis/photo/G82-M4-GT3-Rowe-98%23.html
2024,15,Audi R8 LMS GT3 Evo II - Audi V10/90° 4v DOHC 5205 cc N/A,8,SP9,Scherer Sport PHX (D),Closed bodywork,Mid-engined,Frederic Vervisch (B)/Christopher Haase (D)/Markus Winkelhock (D)/Ricardo Feller (CH),NA,NA,NA,15/12/2024,© Michael Herzig-fotomich.de,Audi,R8 LMS,GT3 Evo II,NA,Result: 8th (25s047 behind the winner)Grid: 5th (8:11.5450),8th (25s047 behind the winner)Grid: 5th (8:11.5450),finished,5,8:11.5450,25s047 behind the winner,NA,https://www.racingsportscars.com/tn/photo/2024/TN_Nurburgring-2024-06-02-015.jpg,https://www.racingsportscars.com/photo/2024/Nurburgring-2024-06-02-015.jpg,https://www.racingsportscars.com/make/photo/Audi.html,https://www.racingsportscars.com/type/photo/Audi/R8%20LMS.html,https://www.racingsportscars.com/suffix/photo/Audi/R8%20LMS/GT3%20Evo%20II.html,NA
2024,24,Porsche 992 GT3 R I # - Porsche M97/80 F6 4v DOHC 4194 cc N/A,9,SP9,Lionspeed GP (D),Closed bodywork,Rear-engined,Antares Au (HK)/Patric Niederhauser (CH)/Patrick Kolb (D)/Indy Dontje (NL),NA,NA,NA,15/12/2024,© Michael Herzig-fotomich.de,Porsche,992 GT3 R,I,#,Result: 9th (26s078 behind the winner)Grid: 12th (8:13.7700),9th (26s078 behind the winner)Grid: 12th (8:13.7700),finished,12,8:13.7700,26s078 behind the winner,NA,https://www.racingsportscars.com/tn/photo/2024/TN_Nurburgring-2024-06-02-024.jpg,https://www.racingsportscars.com/photo/2024/Nurburgring-2024-06-02-024.jpg,https://www.racingsportscars.com/make/photo/Porsche.html,https://www.racingsportscars.com/type/photo/Porsche/992%20GT3%20R.html,https://www.racingsportscars.com/suffix/photo/Porsche/992%20GT3%20R/I.html,https://www.racingsportscars.com/chassis/photo/992R-Au%23.html
2024,44,Porsche 992 GT3 R I - Porsche M97/80 F6 4v DOHC 4194 cc N/A,10,SP9,Falken Motorsports (D),Closed bodywork,Rear-engined,Joel Eriksson (S)/Tim Heinemann (D)/Nico Menzel (D)/Martin Ragginger (A),NA,NA,NA,15/12/2024,© Michael Herzig-fotomich.de,Porsche,992 GT3 R,I,NA,Result: 10th (26s909 behind the winner)Grid: 14th (8:15.2080) - 18th fastest qualifier,10th (26s909 behind the winner)Grid: 14th (8:15.2080) - 18th fastest qualifier,finished,14,8:15.2080,26s909 behind the winner,NA,https://www.racingsportscars.com/tn/photo/2024/TN_Nurburgring-2024-06-02-044.jpg,https://www.racingsportscars.com/photo/2024/Nurburgring-2024-06-02-044.jpg,https://www.racingsportscars.com/make/photo/Porsche.html,https://www.racingsportscars.com/type/photo/Porsche/992%20GT3%20R.html,https://www.racingsportscars.com/suffix/photo/Porsche/992%20GT3%20R/I.html,NA
2024,3,Mercedes-AMG GT3 Evo - Mercedes-AMG M159 V8/90° 4v DOHC 6208 cc N/A,11,SP9,Mercedes-AMG Team Bilstein (D),Closed bodywork,Front-engined,Michele Beretta (I)/Frank Bird (GB)/Jusuf Owega (D)/Arjun Maini (IND),NA,NA,NA,15/12/2024,© Michael Herzig-fotomich.de,Mercedes-AMG,GT3,Evo,NA,Result: 11th (28s483 behind the winner)Grid: 11th (8:13.7070),11th (28s483 behind the winner)Grid: 11th (8:13.7070),finished,11,8:13.7070,28s483 behind the winner,NA,https://www.racingsportscars.com/tn/photo/2024/TN_Nurburgring-2024-06-02-003.jpg,https://www.racingsportscars.com/photo/2024/Nurburgring-2024-06-02-003.jpg,https://www.racingsportscars.com/make/photo/Mercedes-AMG.html,https://www.racingsportscars.com/type/photo/Mercedes-AMG/GT3.html,https://www.racingsportscars.com/suffix/photo/Mercedes-AMG/GT3/Evo.html,NA
2024,1,Ferrari 296 GT3 (Oreca) - Ferrari Tipo F163CE V6/120° 4v DOHC 2992 cc GDI,12,SP9,Frikadelli Racing GmbH (D),Closed bodywork,Mid-engined,Felipe Fernandez Laser (D)/Daniel Keilwitz (D)/Luca Ludwig (D)/Nicolás Varrone (RA),NA,NA,NA,15/12/2024,© Michael Herzig-fotomich.de,Ferrari,296,GT3,NA,Result: 12th (29s954 behind the winner)Grid: 6th (8:12.1560),12th (29s954 behind the winner)Grid: 6th (8:12.1560),finished,6,8:12.1560,29s954 behind the winner,NA,https://www.racingsportscars.com/tn/photo/2024/TN_Nurburgring-2024-06-02-001.jpg,https://www.racingsportscars.com/photo/2024/Nurburgring-2024-06-02-001.jpg,https://www.racingsportscars.com/make/photo/Ferrari.html,https://www.racingsportscars.com/type/photo/Ferrari/296.html,https://www.racingsportscars.com/suffix/photo/Ferrari/296/GT3.html,NA
2024,54,Porsche 992 GT3 R I # - Porsche M97/80 F6 4v DOHC 4194 cc N/A,13,SP9,Dinamic GT SRL (I),Closed bodywork,Rear-engined,Marco Holzer (D)/Marco Seefried (D)/Bastian Buus (DK)/Marvin Dienst (D),NA,NA,NA,15/12/2024,© Michael Herzig-fotomich.de,Porsche,992 GT3 R,I,#,Result: 13th (1m17s172 behind the winner)Grid: 23rd (8:18.6930) - 22nd fastest qualifier,13th (1m17s172 behind the winner)Grid: 23rd (8:18.6930) - 22nd fastest qualifier,finished,23,8:18.6930,1m17s172 behind the winner,NA,https://www.racingsportscars.com/tn/photo/2024/TN_Nurburgring-2024-06-02-054.jpg,https://www.racingsportscars.com/photo/2024/Nurburgring-2024-06-02-054.jpg,https://www.racingsportscars.com/make/photo/Porsche.html,https://www.racingsportscars.com/type/photo/Porsche/992%20GT3%20R.html,https://www.racingsportscars.com/suffix/photo/Porsche/992%20GT3%20R/I.html,https://www.racingsportscars.com/chassis/photo/992R-Dinamic-54%23.html
2024,11,Mercedes-AMG GT3 Evo # - Mercedes-AMG M159 V8/90° 4v DOHC 6208 cc N/A,14,SP9,Schnitzelalm Racing (D),Closed bodywork,Front-engined,Marcel Marchewicz (D)/Jay Mo Härtling (D)/Kenneth Heyer (D),NA,NA,NA,15/12/2024,© Michael Herzig-fotomich.de,Mercedes-AMG,GT3,Evo,#,Result: 14th (1 lap behind the winner)Grid: 22nd (8:16.6160) - 20th fastest qualifier,14th (1 lap behind the winner)Grid: 22nd (8:16.6160) - 20th fastest qualifier,finished,22,8:16.6160,1 lap behind the winner,NA,https://www.racingsportscars.com/tn/photo/2024/TN_Nurburgring-2024-06-02-011.jpg,https://www.racingsportscars.com/photo/2024/Nurburgring-2024-06-02-011.jpg,https://www.racingsportscars.com/make/photo/Mercedes-AMG.html,https://www.racingsportscars.com/type/photo/Mercedes-AMG/GT3.html,https://www.racingsportscars.com/suffix/photo/Mercedes-AMG/GT3/Evo.html,https://www.racingsportscars.com/chassis/photo/AMG-GT3-Schnitzelalm%23.html
2024,7,Lamborghini Huracán GT3 Evo - Lamborghini V10/90° 4v DOHC 5204 cc N/A,15,SP9,Konrad Motorsport GmbH (A),Closed bodywork,Mid-engined,Danny Soufi (USA)/Torsten Kratz (D)/Maximilian Paul (D)/Colin Caresani (NL),NA,NA,NA,15/12/2024,© Michael Herzig-fotomich.de,Lamborghini,Huracán,GT3 Evo,NA,Result: 15th (1 lap behind the winner)Grid: 24th (8:19.2070),15th (1 lap behind the winner)Grid: 24th (8:19.2070),finished,24,8:19.2070,1 lap behind the winner,NA,https://www.racingsportscars.com/tn/photo/2024/TN_Nurburgring-2024-06-02-007.jpg,https://www.racingsportscars.com/photo/2024/Nurburgring-2024-06-02-007.jpg,https://www.racingsportscars.com/make/photo/Lamborghini.html,https://www.racingsportscars.com/type/photo/Lamborghini/Hurac%c3%a1n.html,https://www.racingsportscars.com/suffix/photo/Lamborghini/Hurac%c3%a1n/GT3%20Evo.html,NA
2024,5,Porsche 992 GT3 R I #WP0ZZZ99ZRS299503 - Porsche M97/80 F6 4v DOHC 4194 cc N/A,16,SP9,Herberth Motorsport (D),Closed bodywork,Rear-engined,Robert Renauer (D)/Vincent Kolb (D)/Dennis Olsen (N)/Matt Campbell (AUS),NA,NA,NA,15/12/2024,© Michael Herzig-fotomich.de,Porsche,992 GT3 R,I,#WP0ZZZ99ZRS299503,Result: 16th (1 lap behind the winner)Grid: 15th (8:15.2370) - 19th fastest qualifier,16th (1 lap behind the winner)Grid: 15th (8:15.2370) - 19th fastest qualifier,finished,15,8:15.2370,1 lap behind the winner,NA,https://www.racingsportscars.com/tn/photo/2024/TN_Nurburgring-2024-06-02-005.jpg,https://www.racingsportscars.com/photo/2024/Nurburgring-2024-06-02-005.jpg,https://www.racingsportscars.com/make/photo/Porsche.html,https://www.racingsportscars.com/type/photo/Porsche/992%20GT3%20R.html,https://www.racingsportscars.com/suffix/photo/Porsche/992%20GT3%20R/I.html,https://www.racingsportscars.com/chassis/photo/WP0ZZZ99ZRS299503.html
2024,71,Audi R8 LMS GT3 Evo II #AS4SAFGT201700067 - Audi V10/90° 4v DOHC 5205 cc N/A,17,SP9,Juta Racing (LT),Closed bodywork,Mid-engined,Alexey Veremenko (RUS)/Vasilii Selivanov (RUS)/Pierre Kaffer (D)/Elia Erhart (D),NA,NA,NA,15/12/2024,© Michael Herzig-fotomich.de,Audi,R8 LMS,GT3 Evo II,#AS4SAFGT201700067,Result: 17th (1 lap behind the winner)Grid: 17th (8:19.0860) - 23rd fastest qualifier,17th (1 lap behind the winner)Grid: 17th (8:19.0860) - 23rd fastest qualifier,finished,17,8:19.0860,1 lap behind the winner,NA,https://www.racingsportscars.com/tn/photo/2024/TN_Nurburgring-2024-06-02-071.jpg,https://www.racingsportscars.com/photo/2024/Nurburgring-2024-06-02-071.jpg,https://www.racingsportscars.com/make/photo/Audi.html,https://www.racingsportscars.com/type/photo/Audi/R8%20LMS.html,https://www.racingsportscars.com/suffix/photo/Audi/R8%20LMS/GT3%20Evo%20II.html,https://www.racingsportscars.com/chassis/photo/AS4SAFGT201700067.html
2024,6,Mercedes-AMG GT3 Evo - Mercedes-AMG M159 V8/90° 4v DOHC 6208 cc N/A,18,SP9,Team ADVAN x HRT (D),Closed bodywork,Front-engined,Dennis Fetzer (D)/Hubert Haupt (D)/Ralf Aron (EST)/Salman Owega (D),NA,NA,NA,15/12/2024,© Michael Herzig-fotomich.de,Mercedes-AMG,GT3,Evo,NA,Result: 18th (1 lap behind the winner)Grid: 13th (8:14.3080) - 14th fastest qualifier,18th (1 lap behind the winner)Grid: 13th (8:14.3080) - 14th fastest qualifier,finished,13,8:14.3080,1 lap behind the winner,NA,https://www.racingsportscars.com/tn/photo/2024/TN_Nurburgring-2024-06-02-006.jpg,https://www.racingsportscars.com/photo/2024/Nurburgring-2024-06-02-006.jpg,https://www.racingsportscars.com/make/photo/Mercedes-AMG.html,https://www.racingsportscars.com/type/photo/Mercedes-AMG/GT3.html,https://www.racingsportscars.com/suffix/photo/Mercedes-AMG/GT3/Evo.html,NA
2024,35,Aston Martin Vantage AMR GT3 Evo - Aston Martin Mercedes-AMG M177/AMR V8/90° 4v DOHC 3982 cc 2xBorg Warner,19,SP9,Walkenhorst Motorsport (D),Closed bodywork,Front-engined,Chandler Hull (USA)/Benjamin Mazatis (D)/Patrick Assenheimer (D)/Mike David Ortmann (D),NA,NA,NA,15/12/2024,© Michael Herzig-fotomich.de,Aston Martin,Vantage AMR,GT3 Evo,NA,Result: 19th (2 laps behind the winner)Grid: 16th (8:18.6870) - 21st fastest qualifier,19th (2 laps behind the winner)Grid: 16th (8:18.6870) - 21st fastest qualifier,finished,16,8:18.6870,2 laps behind the winner,NA,https://www.racingsportscars.com/tn/photo/2024/TN_Nurburgring-2024-06-02-035.jpg,https://www.racingsportscars.com/photo/2024/Nurburgring-2024-06-02-035.jpg,https://www.racingsportscars.com/make/photo/Aston%20Martin.html,https://www.racingsportscars.com/type/photo/Aston%20Martin/Vantage%20AMR.html,https://www.racingsportscars.com/suffix/photo/Aston%20Martin/Vantage%20AMR/GT3%20Evo.html,NA
2024,103,Porsche 992 GT3 Cup - Porsche F6 4v DOHC 3996 cc N/A,20,Cup 2,Black Falcon (D),Closed bodywork,Rear-engined,Mustafa Mehmet Kaya (TR)/Gabriele Piana (I)/Tim Scheerbarth (D)/Mike Stursberg (D),NA,NA,NA,15/12/2024,© Michael Herzig-fotomich.de,Porsche,992 GT3 Cup,NA,NA,Result: 20th 1st in Cup 2 (2 laps behind the winner)Grid: 31st (8:31.0320) - 28th fastest qualifier,20th 1st in Cup 2 (2 laps behind the winner)Grid: 31st (8:31.0320) - 28th fastest qualifier,finished,31,8:31.0320,2 laps behind the winner,NA,https://www.racingsportscars.com/tn/photo/2024/TN_Nurburgring-2024-06-02-103.jpg,https://www.racingsportscars.com/photo/2024/Nurburgring-2024-06-02-103.jpg,https://www.racingsportscars.com/make/photo/Porsche.html,https://www.racingsportscars.com/type/photo/Porsche/992%20GT3%20Cup.html,NA,NA
2024,116,Porsche 992 GT3 Cup - Porsche F6 4v DOHC 3996 cc N/A,21,Cup 2,Scherer Sport PHX (D),Closed bodywork,Rear-engined,Dylan Pereira (L)/Larry ten Voorde (NL)/Thomas Kiefer (D)/Christer Jöns (D),NA,NA,NA,15/12/2024,© Michael Herzig-fotomich.de,Porsche,992 GT3 Cup,NA,NA,Result: 21st (2 laps behind the winner)Grid: 29th (8:30.1440) - 26th fastest qualifier,21st (2 laps behind the winner)Grid: 29th (8:30.1440) - 26th fastest qualifier,finished,29,8:30.1440,2 laps behind the winner,NA,https://www.racingsportscars.com/tn/photo/2024/TN_Nurburgring-2024-06-02-116.jpg,https://www.racingsportscars.com/photo/2024/Nurburgring-2024-06-02-116.jpg,https://www.racingsportscars.com/make/photo/Porsche.html,https://www.racingsportscars.com/type/photo/Porsche/992%20GT3%20Cup.html,NA,NA
2024,121,Porsche 992 GT3 Cup - Porsche F6 4v DOHC 3996 cc N/A,22,Cup 2,KKrämer Racing UG & Co KG (D),Closed bodywork,Rear-engined,Michele di Martino (D)/Christopher Brück (D)/Moritz Oberheim (D)DNS: Fidel Leib (D),NA,NA,NA,15/12/2024,© Michael Herzig-fotomich.de,Porsche,992 GT3 Cup,NA,NA,Result: 22nd (2 laps behind the winner)Grid: 32nd (8:31.9360) - 29th fastest qualifier,22nd (2 laps behind the winner)Grid: 32nd (8:31.9360) - 29th fastest qualifier,finished,32,8:31.9360,2 laps behind the winner,NA,https://www.racingsportscars.com/tn/photo/2024/TN_Nurburgring-2024-06-02-121.jpg,https://www.racingsportscars.com/photo/2024/Nurburgring-2024-06-02-121.jpg,https://www.racingsportscars.com/make/photo/Porsche.html,https://www.racingsportscars.com/type/photo/Porsche/992%20GT3%20Cup.html,NA,NA
2024,122,Porsche 992 GT3 Cup - Porsche F6 4v DOHC 3996 cc N/A,23,Cup 2,Muehlner Motorsport (B),Closed bodywork,Rear-engined,Alex Brundle (GB)/Michael Rebhan (D)/Ben Bünnagel (D)/Moritz Kranz (D),NA,NA,NA,15/12/2024,© Michael Herzig-fotomich.de,Porsche,992 GT3 Cup,NA,NA,Result: 23rd (2 laps behind the winner)Grid: 35th (8:36.8330) - 34th fastest qualifier,23rd (2 laps behind the winner)Grid: 35th (8:36.8330) - 34th fastest qualifier,finished,35,8:36.8330,2 laps behind the winner,NA,https://www.racingsportscars.com/tn/photo/2024/TN_Nurburgring-2024-06-02-122.jpg,https://www.racingsportscars.com/photo/2024/Nurburgring-2024-06-02-122.jpg,https://www.racingsportscars.com/make/photo/Porsche.html,https://www.racingsportscars.com/type/photo/Porsche/992%20GT3%20Cup.html,NA,NA
2024,119,Porsche 992 GT3 Cup - Porsche F6 4v DOHC 3996 cc N/A,24,Cup 2,Clickvericherungs Team (D),Closed bodywork,Rear-engined,Robin Chrzanowski (D)/Kersten Jodexnis (D)/Peter Scharmach (D)/Nick Salewsky (D),NA,NA,NA,15/12/2024,© Michael Herzig-fotomich.de,Porsche,992 GT3 Cup,NA,NA,Result: 24th (2 laps behind the winner)Grid: 30th (8:30.2440) - 27th fastest qualifier,24th (2 laps behind the winner)Grid: 30th (8:30.2440) - 27th fastest qualifier,finished,30,8:30.2440,2 laps behind the winner,NA,https://www.racingsportscars.com/tn/photo/2024/TN_Nurburgring-2024-06-02-119.jpg,https://www.racingsportscars.com/photo/2024/Nurburgring-2024-06-02-119.jpg,https://www.racingsportscars.com/make/photo/Porsche.html,https://www.racingsportscars.com/type/photo/Porsche/992%20GT3%20Cup.html,NA,NA
2024,125,Porsche 992 GT3 Cup - Porsche F6 4v DOHC 3996 cc N/A,25,Cup 2,Huber Motorsport (D),Closed bodywork,Rear-engined,Hans Wehrmann (D)/Thomas Kiefer (D)/David Beckmann (D)/Mark Wallenwein (D),NA,NA,NA,15/12/2024,© Michael Herzig-fotomich.de,Porsche,992 GT3 Cup,NA,NA,Result: 25th (2 laps behind the winner)Grid: 36th (8:38.3370),25th (2 laps behind the winner)Grid: 36th (8:38.3370),finished,36,8:38.3370,2 laps behind the winner,NA,https://www.racingsportscars.com/tn/photo/2024/TN_Nurburgring-2024-06-02-125.jpg,https://www.racingsportscars.com/photo/2024/Nurburgring-2024-06-02-125.jpg,https://www.racingsportscars.com/make/photo/Porsche.html,https://www.racingsportscars.com/type/photo/Porsche/992%20GT3%20Cup.html,NA,NA
2024,127,Porsche 992 GT3 Cup - Porsche F6 4v DOHC 3996 cc N/A,26,Cup 2,Max Kruse Racing (D),Closed bodywork,Rear-engined,Jan Jaap van Roon (NL)/Tom Coronel (NL)/Paul Meijer (NL)/Tiago Monteiro (P),NA,NA,NA,15/12/2024,© Michael Herzig-fotomich.de,Porsche,992 GT3 Cup,NA,NA,Result: 26th (3 laps behind the winner)Grid: 34th (8:35.8950) - 33rd fastest qualifier,26th (3 laps behind the winner)Grid: 34th (8:35.8950) - 33rd fastest qualifier,finished,34,8:35.8950,3 laps behind the winner,NA,https://www.racingsportscars.com/tn/photo/2024/TN_Nurburgring-2024-06-02-127.jpg,https://www.racingsportscars.com/photo/2024/Nurburgring-2024-06-02-127.jpg,https://www.racingsportscars.com/make/photo/Porsche.html,https://www.racingsportscars.com/type/photo/Porsche/992%20GT3%20Cup.html,NA,NA
2024,36,Aston Martin Vantage AMR GT3 Evo - Aston Martin Mercedes-AMG M177/AMR V8/90° 4v DOHC 3982 cc 2xBorg Warner,27,SP9,Walkenhorst Motorsport (D),Closed bodywork,Front-engined,Henry Walkenhorst (D)/Stefan Aust (D)/Christian Bollrath (D)/Anders Burchardt (N),NA,NA,NA,15/12/2024,© Michael Herzig-fotomich.de,Aston Martin,Vantage AMR,GT3 Evo,NA,Result: 27th (4 laps behind the winner)Grid: 25th (8:35.6460) - 32nd fastest qualifier,27th (4 laps behind the winner)Grid: 25th (8:35.6460) - 32nd fastest qualifier,finished,25,8:35.6460,4 laps behind the winner,NA,https://www.racingsportscars.com/tn/photo/2024/TN_Nurburgring-2024-06-02-036.jpg,https://www.racingsportscars.com/photo/2024/Nurburgring-2024-06-02-036.jpg,https://www.racingsportscars.com/make/photo/Aston%20Martin.html,https://www.racingsportscars.com/type/photo/Aston%20Martin/Vantage%20AMR.html,https://www.racingsportscars.com/suffix/photo/Aston%20Martin/Vantage%20AMR/GT3%20Evo.html,NA
2024,123,Porsche 992 GT3 Cup - Porsche F6 4v DOHC 3996 cc N/A,28,Cup 2,Muehlner Motorspor (B),Closed bodywork,Rear-engined,Tobias Vazquez-Garcia (D)/Janis Waldow (D)/Michelangelo Comazzi (CH)/Peter Terting (D),NA,NA,NA,15/12/2024,© Michael Herzig-fotomich.de,Porsche,992 GT3 Cup,NA,NA,Result: 28th (4 laps behind the winner)Grid: 41st (8:42.8050) - 40th fastest qualifier,28th (4 laps behind the winner)Grid: 41st (8:42.8050) - 40th fastest qualifier,finished,41,8:42.8050,4 laps behind the winner,NA,https://www.racingsportscars.com/tn/photo/2024/TN_Nurburgring-2024-06-02-123.jpg,https://www.racingsportscars.com/photo/2024/Nurburgring-2024-06-02-123.jpg,https://www.racingsportscars.com/make/photo/Porsche.html,https://www.racingsportscars.com/type/photo/Porsche/992%20GT3%20Cup.html,NA,NA
2024,107,Porsche 992 GT3 Cup - Porsche F6 4v DOHC 3996 cc N/A,29,Cup 2,RPM Racing (D),Closed bodywork,Rear-engined,Tracy Krohn (USA)/Niclas Jönsson (S)/Philip Hamprecht (D)/Patrick Huisman (NL),NA,NA,NA,15/12/2024,© Michael Herzig-fotomich.de,Porsche,992 GT3 Cup,NA,NA,Result: 29th (4 laps behind the winner)Grid: 40th (8:40.7920) - 39th fastest qualifier,29th (4 laps behind the winner)Grid: 40th (8:40.7920) - 39th fastest qualifier,finished,40,8:40.7920,4 laps behind the winner,NA,https://www.racingsportscars.com/tn/photo/2024/TN_Nurburgring-2024-06-02-107.jpg,https://www.racingsportscars.com/photo/2024/Nurburgring-2024-06-02-107.jpg,https://www.racingsportscars.com/make/photo/Porsche.html,https://www.racingsportscars.com/type/photo/Porsche/992%20GT3%20Cup.html,NA,NA
2024,148,Porsche 992 GT3 Cup - Porsche F6 4v DOHC 3996 cc N/A,30,Cup 2,Black Falcon Team 48 Losch (D),Closed bodywork,Rear-engined,Steve Jans (L)/Tobias Müller (D)/Morris Schuring (NL)DNS: Noah Nagelsdiek (D),NA,NA,NA,15/12/2024,© Michael Herzig-fotomich.de,Porsche,992 GT3 Cup,NA,NA,Result: 30th (5 laps behind the winner)Grid: 28th (8:28.8870) - 25th fastest qualifier,30th (5 laps behind the winner)Grid: 28th (8:28.8870) - 25th fastest qualifier,finished,28,8:28.8870,5 laps behind the winner,NA,https://www.racingsportscars.com/tn/photo/2024/TN_Nurburgring-2024-06-02-148.jpg,https://www.racingsportscars.com/photo/2024/Nurburgring-2024-06-02-148.jpg,https://www.racingsportscars.com/make/photo/Porsche.html,https://www.racingsportscars.com/type/photo/Porsche/992%20GT3%20Cup.html,NA,NA
2024,55,KTM X-Bow GT2 # - Audi TFSI L5 2480 cc Turbo,31,SP11,Dörr Motorsport (D),Closed bodywork,Mid-engined,Max Hofer (A)/Christian Gebhardt (D)/Fabian Vettel (D)/Ben Dörr (D),NA,NA,NA,15/12/2024,© Michael Herzig-fotomich.de,KTM,X-Bow,GT2,#,Result: 31st 1st in SP11 (5 laps behind the winner)Grid: 39th (8:37.9080) - 35th fastest qualifier,31st 1st in SP11 (5 laps behind the winner)Grid: 39th (8:37.9080) - 35th fastest qualifier,finished,39,8:37.9080,5 laps behind the winner,NA,https://www.racingsportscars.com/tn/photo/2024/TN_Nurburgring-2024-06-02-055.jpg,https://www.racingsportscars.com/photo/2024/Nurburgring-2024-06-02-055.jpg,https://www.racingsportscars.com/make/photo/KTM.html,https://www.racingsportscars.com/type/photo/KTM/X-Bow.html,https://www.racingsportscars.com/suffix/photo/KTM/X-Bow/GT2.html,https://www.racingsportscars.com/chassis/photo/KTM-GT2-Dorr%23.html
2024,959,Porsche 718 Cayman GT4 Clubsport - Porsche F6 4v DOHC 3800 cc N/A,32,Cup 3,SRS Team Sorg Rennsport (D),Closed bodywork,Mid-engined,Heiko Eichenberg (D)/Fabio Grosse (D)/Patrik Grütter (D),NA,NA,NA,15/12/2024,© Michael Herzig-fotomich.de,Porsche,718 Cayman,GT4 Clubsport,NA,Result: 32nd 1st in Cup 3 (5 laps behind the winner)Grid: 47th (8:56.8890) - 48th fastest qualifier,32nd 1st in Cup 3 (5 laps behind the winner)Grid: 47th (8:56.8890) - 48th fastest qualifier,finished,47,8:56.8890,5 laps behind the winner,NA,https://www.racingsportscars.com/tn/photo/2024/TN_Nurburgring-2024-06-02-959.jpg,https://www.racingsportscars.com/photo/2024/Nurburgring-2024-06-02-959.jpg,https://www.racingsportscars.com/make/photo/Porsche.html,https://www.racingsportscars.com/type/photo/Porsche/718%20Cayman.html,https://www.racingsportscars.com/suffix/photo/Porsche/718%20Cayman/GT4%20Clubsport.html,NA
2024,188,BMW M4 G82 GT4 - BMW S58 L6 4v DOHC 2993 cc Twin-Turbo,33,SP10,FK Performance Motorsport (D),Closed bodywork,Front-engined,Maxime Oosten (NL)/Nick Wüstenhagen (D)/Nick Hancke (D)/Lorenz Stegmann (D),NA,NA,NA,15/12/2024,© Michael Herzig-fotomich.de,BMW,M4,G82 GT4,NA,Result: 33rd 1st in SP10 (5 laps behind the winner)Grid: 61st (9:06.0500) - 62nd fastest qualifier,33rd 1st in SP10 (5 laps behind the winner)Grid: 61st (9:06.0500) - 62nd fastest qualifier,finished,61,9:06.0500,5 laps behind the winner,NA,https://www.racingsportscars.com/tn/photo/2024/TN_Nurburgring-2024-06-02-188.jpg,https://www.racingsportscars.com/photo/2024/Nurburgring-2024-06-02-188.jpg,https://www.racingsportscars.com/make/photo/BMW.html,https://www.racingsportscars.com/type/photo/BMW/M4.html,https://www.racingsportscars.com/suffix/photo/BMW/M4/G82%20GT4.html,NA
2024,962,Porsche 718 Cayman GT4 Clubsport - Porsche F6 4v DOHC 3800 cc N/A,34,Cup 3,W&S Motorsport (D),Closed bodywork,Mid-engined,Joshua Bednarski (F)/Philip Miemois (FIN)/Niclas Wiedmann (D)/Alec Udell (USA),NA,NA,NA,15/12/2024,© Michael Herzig-fotomich.de,Porsche,718 Cayman,GT4 Clubsport,NA,Result: 34th (5 laps behind the winner)Grid: 52nd (8:59.6180) - 53rd fastest qualifier,34th (5 laps behind the winner)Grid: 52nd (8:59.6180) - 53rd fastest qualifier,finished,52,8:59.6180,5 laps behind the winner,NA,https://www.racingsportscars.com/tn/photo/2024/TN_Nurburgring-2024-06-02-962.jpg,https://www.racingsportscars.com/photo/2024/Nurburgring-2024-06-02-962.jpg,https://www.racingsportscars.com/make/photo/Porsche.html,https://www.racingsportscars.com/type/photo/Porsche/718%20Cayman.html,https://www.racingsportscars.com/suffix/photo/Porsche/718%20Cayman/GT4%20Clubsport.html,NA
2024,187,BMW M4 G82 GT4 - BMW S58 L6 4v DOHC 2993 cc Twin-Turbo,35,SP10,FK Performance Motorsport (D),Closed bodywork,Front-engined,Joseph Warhurst (GB)/Christian Konnerth (D)/Leyton Fourie (ZA)/Yannick Fübrich (D),NA,NA,NA,15/12/2024,© Michael Herzig-fotomich.de,BMW,M4,G82 GT4,NA,Result: 35th (5 laps behind the winner)Grid: 56th (9:03.5830) - 57th fastest qualifier,35th (5 laps behind the winner)Grid: 56th (9:03.5830) - 57th fastest qualifier,finished,56,9:03.5830,5 laps behind the winner,NA,https://www.racingsportscars.com/tn/photo/2024/TN_Nurburgring-2024-06-02-187.jpg,https://www.racingsportscars.com/photo/2024/Nurburgring-2024-06-02-187.jpg,https://www.racingsportscars.com/make/photo/BMW.html,https://www.racingsportscars.com/type/photo/BMW/M4.html,https://www.racingsportscars.com/suffix/photo/BMW/M4/G82%20GT4.html,NA
2024,111,Mercedes-AMG GT4 - Mercedes-AMG M178 V8/90° 4v DOHC 3982 cc Twin-Turbo,36,SP10,Schnitzelalm Racing (D),Closed bodywork,Front-engined,David Schumacher (D)/David Thilenius (USA)/Tim Neuser (D)/Moritz Wiskirchen (D),NA,NA,NA,15/12/2024,© Michael Herzig-fotomich.de,Mercedes-AMG,GT4,NA,NA,Result: 36th (5 laps behind the winner)Grid: 68th (9:14.1320) - 70th fastest qualifier,36th (5 laps behind the winner)Grid: 68th (9:14.1320) - 70th fastest qualifier,finished,68,9:14.1320,5 laps behind the winner,NA,https://www.racingsportscars.com/tn/photo/2024/TN_Nurburgring-2024-06-02-111.jpg,https://www.racingsportscars.com/photo/2024/Nurburgring-2024-06-02-111.jpg,https://www.racingsportscars.com/make/photo/Mercedes-AMG.html,https://www.racingsportscars.com/type/photo/Mercedes-AMG/GT4.html,NA,NA
2024,145,BMW M4 G82 GT4 - BMW S58 L6 4v DOHC 2993 cc Twin-Turbo,37,SP8T,Cerny Motorsport (D),Closed bodywork,Front-engined,Timo Glock (D)/Timo Scheider (D)/Jeroen Bleekemolen (NL)/Peter Cate (GB),NA,NA,NA,15/12/2024,© Michael Herzig-fotomich.de,BMW,M4,G82 GT4,NA,Result: 37th 1st in SP8T (5 laps behind the winner)Grid: 46th (8:56.8630) - 47th fastest qualifier,37th 1st in SP8T (5 laps behind the winner)Grid: 46th (8:56.8630) - 47th fastest qualifier,finished,46,8:56.8630,5 laps behind the winner,NA,https://www.racingsportscars.com/tn/photo/2024/TN_Nurburgring-2024-06-02-145.jpg,https://www.racingsportscars.com/photo/2024/Nurburgring-2024-06-02-145.jpg,https://www.racingsportscars.com/make/photo/BMW.html,https://www.racingsportscars.com/type/photo/BMW/M4.html,https://www.racingsportscars.com/suffix/photo/BMW/M4/G82%20GT4.html,NA
2024,150,BMW M4 G82 GT4 - BMW S58 L6 4v DOHC 2993 cc Twin-Turbo,38,SP8T,Team Bilstein by Black Falcon (D),Closed bodywork,Front-engined,Jimmy Broadbent (GB)/Mikhail Charoudin (D)/Manuel Metzger (D)DNS: Steve Alvarez Brown (GB),NA,NA,NA,15/12/2024,© Michael Herzig-fotomich.de,BMW,M4,G82 GT4,NA,Result: 38th (5 laps behind the winner)Grid: 44th (8:55.7610) - 45th fastest qualifier,38th (5 laps behind the winner)Grid: 44th (8:55.7610) - 45th fastest qualifier,finished,44,8:55.7610,5 laps behind the winner,NA,https://www.racingsportscars.com/tn/photo/2024/TN_Nurburgring-2024-06-02-150.jpg,https://www.racingsportscars.com/photo/2024/Nurburgring-2024-06-02-150.jpg,https://www.racingsportscars.com/make/photo/BMW.html,https://www.racingsportscars.com/type/photo/BMW/M4.html,https://www.racingsportscars.com/suffix/photo/BMW/M4/G82%20GT4.html,NA
2024,175,Aston Martin Vantage AMR GT4 - Aston Martin Mercedes-AMG M177/AMR V8/90° 4v DOHC 3982 cc Twin-Turbo,39,SP10,PROsport-Racing (D),Closed bodywork,Front-engined,Jasmin Preisig (CH)/Benjamin Hites (RCH)/Christoph Breuer (D)/Reinhold Renger (D),NA,NA,NA,15/12/2024,© Michael Herzig-fotomich.de,Aston Martin,Vantage AMR,GT4,NA,Result: 39th (5 laps behind the winner)Grid: 53rd (9:00.7790) - 54th fastest qualifier,39th (5 laps behind the winner)Grid: 53rd (9:00.7790) - 54th fastest qualifier,finished,53,9:00.7790,5 laps behind the winner,NA,https://www.racingsportscars.com/tn/photo/2024/TN_Nurburgring-2024-06-02-175.jpg,https://www.racingsportscars.com/photo/2024/Nurburgring-2024-06-02-175.jpg,https://www.racingsportscars.com/make/photo/Aston%20Martin.html,https://www.racingsportscars.com/type/photo/Aston%20Martin/Vantage%20AMR.html,https://www.racingsportscars.com/suffix/photo/Aston%20Martin/Vantage%20AMR/GT4.html,NA
2024,112,Porsche 992 GT3 Cup - Porsche F6 4v DOHC 3996 cc N/A,40,Cup 2,KKrämer Racing UG & Co KG (D),Closed bodywork,Rear-engined,Karsten Krämer (D)/Fidel Leib (D)/Jan-Erik Slooten (D)/Jacob Riegel (D),NA,NA,NA,15/12/2024,© Michael Herzig-fotomich.de,Porsche,992 GT3 Cup,NA,NA,Result: 40th (5 laps behind the winner)Grid: 38th (8:40.2630),40th (5 laps behind the winner)Grid: 38th (8:40.2630),finished,38,8:40.2630,5 laps behind the winner,NA,https://www.racingsportscars.com/tn/photo/2024/TN_Nurburgring-2024-06-02-112.jpg,https://www.racingsportscars.com/photo/2024/Nurburgring-2024-06-02-112.jpg,https://www.racingsportscars.com/make/photo/Porsche.html,https://www.racingsportscars.com/type/photo/Porsche/992%20GT3%20Cup.html,NA,NA
2024,969,Porsche Cayman GT4 Clubsport - Porsche,41,Cup 3,SRS Team Sorg Rennsport (D),-,-,Oleksiy Kikireshko (UA)/Alex Fielenbach (D)/Rüdiger Schicht (CH)/Tommy Graberg (S),NA,NA,NA,15/12/2024,© Michael Herzig-fotomich.de,Porsche,Cayman,GT4 Clubsport,NA,Result: 41st (6 laps behind the winner)Grid: 57th (9:04.3270) - 58th fastest qualifier,41st (6 laps behind the winner)Grid: 57th (9:04.3270) - 58th fastest qualifier,finished,57,9:04.3270,6 laps behind the winner,NA,https://www.racingsportscars.com/tn/photo/2024/TN_Nurburgring-2024-06-02-969.jpg,https://www.racingsportscars.com/photo/2024/Nurburgring-2024-06-02-969.jpg,https://www.racingsportscars.com/make/photo/Porsche.html,https://www.racingsportscars.com/type/photo/Porsche/Cayman.html,https://www.racingsportscars.com/suffix/photo/Porsche/Cayman/GT4%20Clubsport.html,NA
2024,831,Hyundai Elantra N TCR,42,TCR,Hyundai Elantra N TCR (ROK),-,-,Harry Gottsacker (USA)/Mason Filippi (USA)/Mark Wilkins (CDN)/Bryson Morris (USA),NA,NA,NA,15/12/2024,© Michael Herzig-fotomich.de,Hyundai,Elantra,N TCR,NA,Result: 42nd 1st in TCR (6 laps behind the winner)Grid: 48th (8:57.6580) - 49th fastest qualifier,42nd 1st in TCR (6 laps behind the winner)Grid: 48th (8:57.6580) - 49th fastest qualifier,finished,48,8:57.6580,6 laps behind the winner,NA,https://www.racingsportscars.com/tn/photo/2024/TN_Nurburgring-2024-06-02-831.jpg,https://www.racingsportscars.com/photo/2024/Nurburgring-2024-06-02-831.jpg,https://www.racingsportscars.com/make/photo/Hyundai.html,https://www.racingsportscars.com/type/photo/Hyundai/Elantra.html,https://www.racingsportscars.com/suffix/photo/Hyundai/Elantra/N%20TCR.html,NA
2024,50,VW Golf VIII GTI Clubsport 24h - VW,43,AT3,Max Kruse Racing (D),-,-,Benjamin Leuchter (D)/Johan Kristoffersson (S)/Heiko Hammel (D)/Nico Otto (D),NA,NA,NA,15/12/2024,© Michael Herzig-fotomich.de,VW,Golf,VIII GTI Clubsport 24h,NA,Result: 43rd 1st in AT3 (6 laps behind the winner)Grid: 43rd (8:53.2390) - 44th fastest qualifier,43rd 1st in AT3 (6 laps behind the winner)Grid: 43rd (8:53.2390) - 44th fastest qualifier,finished,43,8:53.2390,6 laps behind the winner,NA,https://www.racingsportscars.com/tn/photo/2024/TN_Nurburgring-2024-06-02-050.jpg,https://www.racingsportscars.com/photo/2024/Nurburgring-2024-06-02-050.jpg,https://www.racingsportscars.com/make/photo/VW.html,https://www.racingsportscars.com/type/photo/VW/Golf.html,https://www.racingsportscars.com/suffix/photo/VW/Golf/VIII%20GTI%20Clubsport%2024h.html,NA
2024,171,Toyota GR Supra GT4 Evo 2 # - Toyota L6 4v DOHC 2998 cc Twin-Turbo,44,SP10,Toyo Tires with Ring Racing (D),Closed bodywork,Front-engined,Takayuki Kinoshita (J)/Michael Tischner (D)/Heiko Tönges (D),NA,NA,NA,15/12/2024,© Michael Herzig-fotomich.de,Toyota,GR Supra,GT4 Evo 2,#,Result: 44th (6 laps behind the winner)Grid: 66th (9:10.6830) - 68th fastest qualifier,44th (6 laps behind the winner)Grid: 66th (9:10.6830) - 68th fastest qualifier,finished,66,9:10.6830,6 laps behind the winner,NA,https://www.racingsportscars.com/tn/photo/2024/TN_Nurburgring-2024-06-02-171.jpg,https://www.racingsportscars.com/photo/2024/Nurburgring-2024-06-02-171.jpg,https://www.racingsportscars.com/make/photo/Toyota.html,https://www.racingsportscars.com/type/photo/Toyota/GR%20Supra.html,https://www.racingsportscars.com/suffix/photo/Toyota/GR%20Supra/GT4%20Evo%202.html,https://www.racingsportscars.com/chassis/photo/GR%20GT4%20Ring-02%23.html
2024,170,Toyota GR Supra GT4 Evo 2 # - Toyota L6 4v DOHC 2998 cc Twin-Turbo,45,SP10,Toyo Tires with Ring Racing (D),Closed bodywork,Front-engined,Andreas Gülden (D)/Marc Hennerici (D)/Tim Sandtler (D),NA,NA,NA,15/12/2024,© Michael Herzig-fotomich.de,Toyota,GR Supra,GT4 Evo 2,#,Result: 45th (6 laps behind the winner)Grid: 59th (9:05.0610) - 60th fastest qualifier,45th (6 laps behind the winner)Grid: 59th (9:05.0610) - 60th fastest qualifier,finished,59,9:05.0610,6 laps behind the winner,NA,https://www.racingsportscars.com/tn/photo/2024/TN_Nurburgring-2024-06-02-170.jpg,https://www.racingsportscars.com/photo/2024/Nurburgring-2024-06-02-170.jpg,https://www.racingsportscars.com/make/photo/Toyota.html,https://www.racingsportscars.com/type/photo/Toyota/GR%20Supra.html,https://www.racingsportscars.com/suffix/photo/Toyota/GR%20Supra/GT4%20Evo%202.html,https://www.racingsportscars.com/chassis/photo/GR%20GT4%20Ring-01%23.html
2024,888,BMW M4 G82 GT4 - BMW S58 L6 4v DOHC 2993 cc Twin-Turbo,46,AT3,Hofor Racing by Bonk Motorsport (CH),Closed bodywork,Front-engined,Max Partl (D)/Martin Kroll (CH)/Michael Schrey (D)/Jörg Weidinger (D),NA,NA,NA,15/12/2024,© Michael Herzig-fotomich.de,BMW,M4,G82 GT4,NA,Result: 46th (6 laps behind the winner)Grid: 51st (8:59.5080) - 52nd fastest qualifier,46th (6 laps behind the winner)Grid: 51st (8:59.5080) - 52nd fastest qualifier,finished,51,8:59.5080,6 laps behind the winner,NA,https://www.racingsportscars.com/tn/photo/2024/TN_Nurburgring-2024-06-02-888.jpg,https://www.racingsportscars.com/photo/2024/Nurburgring-2024-06-02-888.jpg,https://www.racingsportscars.com/make/photo/BMW.html,https://www.racingsportscars.com/type/photo/BMW/M4.html,https://www.racingsportscars.com/suffix/photo/BMW/M4/G82%20GT4.html,NA
2024,146,BMW M4 G82 GT4 - BMW S58 L6 4v DOHC 2993 cc Twin-Turbo,47,SP8T,Giti Tire Motorsport by WS Racing (SGP),Closed bodywork,Front-engined,Carrie Schreiner (D)/Fabienne Wohlwend (FL)/Beitske Visser (NL)/Pippa Mann (GB),NA,NA,NA,15/12/2024,© Michael Herzig-fotomich.de,BMW,M4,G82 GT4,NA,Result: 47th (6 laps behind the winner)Grid: 69th (9:17.3100) - 72nd fastest qualifier,47th (6 laps behind the winner)Grid: 69th (9:17.3100) - 72nd fastest qualifier,finished,69,9:17.3100,6 laps behind the winner,NA,https://www.racingsportscars.com/tn/photo/2024/TN_Nurburgring-2024-06-02-146.jpg,https://www.racingsportscars.com/photo/2024/Nurburgring-2024-06-02-146.jpg,https://www.racingsportscars.com/make/photo/BMW.html,https://www.racingsportscars.com/type/photo/BMW/M4.html,https://www.racingsportscars.com/suffix/photo/BMW/M4/G82%20GT4.html,NA
2024,227,Toyota GR Supra GT4 Evo 2023 - Toyota L6 4v DOHC 2998 cc Twin-Turbo,48,AT3,eFuel Team Griesemann (D),Closed bodywork,Front-engined,Björn Griesemann (D)/Georg Griesemann (D)/Yves Volte (D)/Dirk Adorf (D),NA,NA,NA,15/12/2024,© Michael Herzig-fotomich.de,Toyota,GR Supra,GT4 Evo 2023,NA,Result: 48th (6 laps behind the winner)Grid: 55th (9:03.0560) - 56th fastest qualifier,48th (6 laps behind the winner)Grid: 55th (9:03.0560) - 56th fastest qualifier,finished,55,9:03.0560,6 laps behind the winner,NA,https://www.racingsportscars.com/tn/photo/2024/TN_Nurburgring-2024-06-02-227.jpg,https://www.racingsportscars.com/photo/2024/Nurburgring-2024-06-02-227.jpg,https://www.racingsportscars.com/make/photo/Toyota.html,https://www.racingsportscars.com/type/photo/Toyota/GR%20Supra.html,https://www.racingsportscars.com/suffix/photo/Toyota/GR%20Supra/GT4%20Evo%202023.html,NA
2024,830,Hyundai Elantra N TCR,49,TCR,Hyundai Elantra N TCR (ROK),-,-,Manuel Lauck (D)/Marc Basseng (D)/Mikel Azcona (E),NA,NA,NA,15/12/2024,© Michael Herzig-fotomich.de,Hyundai,Elantra,N TCR,NA,Result: 49th (6 laps behind the winner)Grid: 49th (8:57.9880) - 50th fastest qualifier,49th (6 laps behind the winner)Grid: 49th (8:57.9880) - 50th fastest qualifier,finished,49,8:57.9880,6 laps behind the winner,NA,https://www.racingsportscars.com/tn/photo/2024/TN_Nurburgring-2024-06-02-830.jpg,https://www.racingsportscars.com/photo/2024/Nurburgring-2024-06-02-830.jpg,https://www.racingsportscars.com/make/photo/Hyundai.html,https://www.racingsportscars.com/type/photo/Hyundai/Elantra.html,https://www.racingsportscars.com/suffix/photo/Hyundai/Elantra/N%20TCR.html,NA
2024,832,Hyundai Elantra N TCR,50,TCR,Hyundai Elantra N TCR (ROK),-,-,Hongwei Cao (CHN)/Andy Yan (HK)/Xiaole He (CHN)/Zhendong Zhang (CHN),NA,NA,NA,15/12/2024,© Michael Herzig-fotomich.de,Hyundai,Elantra,N TCR,NA,Result: 50th (6 laps behind the winner)Grid: 58th (9:04.9430) - 59th fastest qualifier,50th (6 laps behind the winner)Grid: 58th (9:04.9430) - 59th fastest qualifier,finished,58,9:04.9430,6 laps behind the winner,NA,https://www.racingsportscars.com/tn/photo/2024/TN_Nurburgring-2024-06-02-832.jpg,https://www.racingsportscars.com/photo/2024/Nurburgring-2024-06-02-832.jpg,https://www.racingsportscars.com/make/photo/Hyundai.html,https://www.racingsportscars.com/type/photo/Hyundai/Elantra.html,https://www.racingsportscars.com/suffix/photo/Hyundai/Elantra/N%20TCR.html,NA
2024,88,Subaru WRX STI # - Subaru,51,SP4T,Subaru Tecnica International (J),-,-,Carlo van Dam (NL)/Tim Schrick (D)/Kota Sasaki (J)/Rintaro Kubo (J),NA,NA,NA,15/12/2024,© Michael Herzig-fotomich.de,Subaru,WRX,STI,#,Result: 51st 1st in SP4T (6 laps behind the winner)Grid: 85th (8:53.0890) - 43rd fastest qualifier,51st 1st in SP4T (6 laps behind the winner)Grid: 85th (8:53.0890) - 43rd fastest qualifier,finished,85,8:53.0890,6 laps behind the winner,NA,https://www.racingsportscars.com/tn/photo/2024/TN_Nurburgring-2024-06-02-088.jpg,https://www.racingsportscars.com/photo/2024/Nurburgring-2024-06-02-088.jpg,https://www.racingsportscars.com/make/photo/Subaru.html,https://www.racingsportscars.com/type/photo/Subaru/WRX.html,https://www.racingsportscars.com/suffix/photo/Subaru/WRX/STI.html,https://www.racingsportscars.com/chassis/photo/WRX-VanDam%23.html
2024,191,BMW M4 G82 GT4 - BMW S58 L6 4v DOHC 2993 cc Twin-Turbo,52,SP10,Walkenhorst Motorsport (D),Closed bodywork,Front-engined,Tobias Wahl (D)/Aris Balanian (B)/Nico Hantke (D)DNS: Jörg Breuer (D),NA,NA,NA,15/12/2024,© Michael Herzig-fotomich.de,BMW,M4,G82 GT4,NA,Result: 52nd (6 laps behind the winner)Grid: 64th (9:08.8050) - 65th fastest qualifier,52nd (6 laps behind the winner)Grid: 64th (9:08.8050) - 65th fastest qualifier,finished,64,9:08.8050,6 laps behind the winner,NA,https://www.racingsportscars.com/tn/photo/2024/TN_Nurburgring-2024-06-02-191.jpg,https://www.racingsportscars.com/photo/2024/Nurburgring-2024-06-02-191.jpg,https://www.racingsportscars.com/make/photo/BMW.html,https://www.racingsportscars.com/type/photo/BMW/M4.html,https://www.racingsportscars.com/suffix/photo/BMW/M4/G82%20GT4.html,NA
2024,320,Porsche 992 GT3 Cup - Porsche F6 4v DOHC 3996 cc N/A,53,AT2,Four Motors GmbH (D),Closed bodywork,Rear-engined,"Michelle Halder (D)/""Smudo"" (D)/Henrik Bollerslev (DK)/Thomas von Löwis of Menar (D)",NA,NA,NA,15/12/2024,© Michael Herzig-fotomich.de,Porsche,992 GT3 Cup,NA,NA,Result: 53rd 1st in AT2 (6 laps behind the winner)Grid: 42nd (8:49.6740),53rd 1st in AT2 (6 laps behind the winner)Grid: 42nd (8:49.6740),finished,42,8:49.6740,6 laps behind the winner,NA,https://www.racingsportscars.com/tn/photo/2024/TN_Nurburgring-2024-06-02-320.jpg,https://www.racingsportscars.com/photo/2024/Nurburgring-2024-06-02-320.jpg,https://www.racingsportscars.com/make/photo/Porsche.html,https://www.racingsportscars.com/type/photo/Porsche/992%20GT3%20Cup.html,NA,NA
2024,961,Porsche 718 Cayman GT4 Clubsport - Porsche F6 4v DOHC 3800 cc N/A,54,Cup 3,W&S Motorsport (D),Closed bodywork,Mid-engined,Andreas Gabler (USA)/René Höber (D)/Axel Duffner (D)/Alex Müller (D),NA,NA,NA,15/12/2024,© Michael Herzig-fotomich.de,Porsche,718 Cayman,GT4 Clubsport,NA,Result: 54th (7 laps behind the winner)Grid: 72nd (9:22.8450) - 75th fastest qualifier,54th (7 laps behind the winner)Grid: 72nd (9:22.8450) - 75th fastest qualifier,finished,72,9:22.8450,7 laps behind the winner,NA,https://www.racingsportscars.com/tn/photo/2024/TN_Nurburgring-2024-06-02-961.jpg,https://www.racingsportscars.com/photo/2024/Nurburgring-2024-06-02-961.jpg,https://www.racingsportscars.com/make/photo/Porsche.html,https://www.racingsportscars.com/type/photo/Porsche/718%20Cayman.html,https://www.racingsportscars.com/suffix/photo/Porsche/718%20Cayman/GT4%20Clubsport.html,NA
2024,650,BMW M240i Racing Cup - BMW,55,M240i,Adrenalin Motorsport Team Mainhattan Wheels (D),-,-,Sven Markert (D)/Ranko Mijatovic (CH)/Philipp Stahlschmidt (D)/Nick Deißler (D),NA,NA,NA,15/12/2024,© Michael Herzig-fotomich.de,BMW,M240i,Racing Cup,NA,Result: 55th 1st in M240i (7 laps behind the winner)Grid: 90th (9:39.0240) - 82nd fastest qualifier,55th 1st in M240i (7 laps behind the winner)Grid: 90th (9:39.0240) - 82nd fastest qualifier,finished,90,9:39.0240,7 laps behind the winner,NA,https://www.racingsportscars.com/tn/photo/2024/TN_Nurburgring-2024-06-02-650.jpg,https://www.racingsportscars.com/photo/2024/Nurburgring-2024-06-02-650.jpg,https://www.racingsportscars.com/make/photo/BMW.html,https://www.racingsportscars.com/type/photo/BMW/M240i.html,https://www.racingsportscars.com/suffix/photo/BMW/M240i/Racing%20Cup.html,NA
2024,177,Aston Martin Vantage AMR GT4 - Aston Martin Mercedes-AMG M177/AMR V8/90° 4v DOHC 3982 cc Twin-Turbo,56,SP10,PROsport-Racing (D),Closed bodywork,Front-engined,Rudi Adams (D)/Gustav Bard (S)/Patrik Skoog (S)/Alexander Hommerson (D),NA,NA,NA,15/12/2024,© Michael Herzig-fotomich.de,Aston Martin,Vantage AMR,GT4,NA,Result: 56th (8 laps behind the winner)Grid: 71st (9:10.3570) - 67th fastest qualifier,56th (8 laps behind the winner)Grid: 71st (9:10.3570) - 67th fastest qualifier,finished,71,9:10.3570,8 laps behind the winner,NA,https://www.racingsportscars.com/tn/photo/2024/TN_Nurburgring-2024-06-02-177.jpg,https://www.racingsportscars.com/photo/2024/Nurburgring-2024-06-02-177.jpg,https://www.racingsportscars.com/make/photo/Aston%20Martin.html,https://www.racingsportscars.com/type/photo/Aston%20Martin/Vantage%20AMR.html,https://www.racingsportscars.com/suffix/photo/Aston%20Martin/Vantage%20AMR/GT4.html,NA
2024,945,Porsche 718 Cayman GT4 Clubsport - Porsche F6 4v DOHC 3800 cc N/A,57,Cup 3,Team mcchip-dkr (D),Closed bodywork,Mid-engined,Kohei Fukuda (J)/Kouichi Okumura (J)/Markus Nölken (D)/Carl-Friedrich Kolb (D),NA,NA,NA,15/12/2024,© Michael Herzig-fotomich.de,Porsche,718 Cayman,GT4 Clubsport,NA,Result: 57th (8 laps behind the winner)Grid: 73rd (9:25.3790) - 76th fastest qualifier,57th (8 laps behind the winner)Grid: 73rd (9:25.3790) - 76th fastest qualifier,finished,73,9:25.3790,8 laps behind the winner,NA,https://www.racingsportscars.com/tn/photo/2024/TN_Nurburgring-2024-06-02-945.jpg,https://www.racingsportscars.com/photo/2024/Nurburgring-2024-06-02-945.jpg,https://www.racingsportscars.com/make/photo/Porsche.html,https://www.racingsportscars.com/type/photo/Porsche/718%20Cayman.html,https://www.racingsportscars.com/suffix/photo/Porsche/718%20Cayman/GT4%20Clubsport.html,NA
2024,181,Porsche 718 Cayman GT4 RS Clubsport - Porsche F6 4v DOHC 3966 cc N/A,58,SP10,SRS Team Sorg Rennsport (D),Closed bodywork,Mid-engined,Richard Jodexnis (D)/Christoph Krombach (D)/Kurt Strube (D)/Bernhard Wagner (A),NA,NA,NA,15/12/2024,© Michael Herzig-fotomich.de,Porsche,718 Cayman,GT4 RS Clubsport,NA,Result: 58th (8 laps behind the winner)Grid: 75th (9:36.8310) - 80th fastest qualifier,58th (8 laps behind the winner)Grid: 75th (9:36.8310) - 80th fastest qualifier,finished,75,9:36.8310,8 laps behind the winner,NA,https://www.racingsportscars.com/tn/photo/2024/TN_Nurburgring-2024-06-02-181.jpg,https://www.racingsportscars.com/photo/2024/Nurburgring-2024-06-02-181.jpg,https://www.racingsportscars.com/make/photo/Porsche.html,https://www.racingsportscars.com/type/photo/Porsche/718%20Cayman.html,https://www.racingsportscars.com/suffix/photo/Porsche/718%20Cayman/GT4%20RS%20Clubsport.html,NA
2024,160,BMW M4 F82 GT4 Evo - BMW S55B30T0 L6 2979 cc Twin-Turbo,59,SP8T,Adrenalin Motorsport Team Mainhattan Wheels (D),Closed bodywork,Front-engined,Ryusho Konishi (J)/Laura Luft (D)/Christian Kraus (D)/Bernd Kleeschulte (D),NA,NA,NA,15/12/2024,© Michael Herzig-fotomich.de,BMW,M4,F82 GT4 Evo,NA,Result: 59th (8 laps behind the winner)Grid: 76th (9:42.1530) - 83rd fastest qualifier,59th (8 laps behind the winner)Grid: 76th (9:42.1530) - 83rd fastest qualifier,finished,76,9:42.1530,8 laps behind the winner,NA,https://www.racingsportscars.com/tn/photo/2024/TN_Nurburgring-2024-06-02-160.jpg,https://www.racingsportscars.com/photo/2024/Nurburgring-2024-06-02-160.jpg,https://www.racingsportscars.com/make/photo/BMW.html,https://www.racingsportscars.com/type/photo/BMW/M4.html,https://www.racingsportscars.com/suffix/photo/BMW/M4/F82%20GT4%20Evo.html,NA
2024,80,Porsche 718 Cayman GT4 Clubsport - Porsche N/A,60,SP7,Plusline Racing Team (D),-,Mid-engined,Reiner Neuffer (D)/Fabio Sacchi (D)/Christoph Ruhrmann (D)/Christian Knötschke (D),NA,NA,NA,15/12/2024,© Michael Herzig-fotomich.de,Porsche,718 Cayman,GT4 Clubsport,NA,Result: 60th 1st in SP7 (8 laps behind the winner)Grid: 80th (9:49.8550) - 91st fastest qualifier,60th 1st in SP7 (8 laps behind the winner)Grid: 80th (9:49.8550) - 91st fastest qualifier,finished,80,9:49.8550,8 laps behind the winner,NA,https://www.racingsportscars.com/tn/photo/2024/TN_Nurburgring-2024-06-02-080.jpg,https://www.racingsportscars.com/photo/2024/Nurburgring-2024-06-02-080.jpg,https://www.racingsportscars.com/make/photo/Porsche.html,https://www.racingsportscars.com/type/photo/Porsche/718%20Cayman.html,https://www.racingsportscars.com/suffix/photo/Porsche/718%20Cayman/GT4%20Clubsport.html,NA
2024,633,Porsche 718 Cayman GT4 Clubsport - Porsche F6 4v DOHC 3800 cc N/A,61,AT3,Four Motors GmbH (D),Closed bodywork,Mid-engined,Oliver Sprungmann (D)/Henning Cramer (D)/Marco Timbal (CH)/Karl Pflanz (D),NA,NA,NA,15/12/2024,© Michael Herzig-fotomich.de,Porsche,718 Cayman,GT4 Clubsport,NA,Result: 61st (8 laps behind the winner)Grid: 77th (9:42.8250) - 84th fastest qualifier,61st (8 laps behind the winner)Grid: 77th (9:42.8250) - 84th fastest qualifier,finished,77,9:42.8250,8 laps behind the winner,NA,https://www.racingsportscars.com/tn/photo/2024/TN_Nurburgring-2024-06-02-633.jpg,https://www.racingsportscars.com/photo/2024/Nurburgring-2024-06-02-633.jpg,https://www.racingsportscars.com/make/photo/Porsche.html,https://www.racingsportscars.com/type/photo/Porsche/718%20Cayman.html,https://www.racingsportscars.com/suffix/photo/Porsche/718%20Cayman/GT4%20Clubsport.html,NA
2024,416,Porsche 911 Carrera - Porsche,62,V6,Köppen Motorsport (D),Closed bodywork,Rear-engined,Sebastian Rings (D)/Andreas Schaflitzl (D)/John Lee Schambony (D)/Yann Munhowen (L),NA,NA,NA,15/12/2024,© Michael Herzig-fotomich.de,Porsche,911 Carrera,NA,NA,Result: 62nd 1st in V6 (8 laps behind the winner)Grid: 93rd (9:46.7540) - 88th fastest qualifier,62nd 1st in V6 (8 laps behind the winner)Grid: 93rd (9:46.7540) - 88th fastest qualifier,finished,93,9:46.7540,8 laps behind the winner,NA,https://www.racingsportscars.com/tn/photo/2024/TN_Nurburgring-2024-06-02-416.jpg,https://www.racingsportscars.com/photo/2024/Nurburgring-2024-06-02-416.jpg,https://www.racingsportscars.com/make/photo/Porsche.html,https://www.racingsportscars.com/type/photo/Porsche/911%20Carrera.html,NA,NA
2024,396,Porsche Cayman S - Porsche,63,V6,Adrenalin Motorsport Team Mainhattan Wheels (D),-,-,Christian Büllesbach (D)/Andreas Schettler (D)/Carlos Arimon (E)/Stefan Kruse (D),NA,NA,NA,15/12/2024,© Michael Herzig-fotomich.de,Porsche,Cayman,S,NA,Result: 63rd (8 laps behind the winner)Grid: 91st (9:42.9380) - 85th fastest qualifier,63rd (8 laps behind the winner)Grid: 91st (9:42.9380) - 85th fastest qualifier,finished,91,9:42.9380,8 laps behind the winner,NA,https://www.racingsportscars.com/tn/photo/2024/TN_Nurburgring-2024-06-02-396.jpg,https://www.racingsportscars.com/photo/2024/Nurburgring-2024-06-02-396.jpg,https://www.racingsportscars.com/make/photo/Porsche.html,https://www.racingsportscars.com/type/photo/Porsche/Cayman.html,https://www.racingsportscars.com/suffix/photo/Porsche/Cayman/S.html,NA
2024,651,BMW M240i Racing Cup - BMW,64,M240i,Adrenalin Motorsport Team Mainhattan Wheels (D),-,-,Marvin Marino (D)/Yannik Himmels (D)/Maximilian Kurz (D)/Riccardo Petrolo (D),NA,NA,NA,15/12/2024,© Michael Herzig-fotomich.de,BMW,M240i,Racing Cup,NA,Result: 64th (8 laps behind the winner)Grid: 94th (9:47.5020) - 89th fastest qualifier,64th (8 laps behind the winner)Grid: 94th (9:47.5020) - 89th fastest qualifier,finished,94,9:47.5020,8 laps behind the winner,NA,https://www.racingsportscars.com/tn/photo/2024/TN_Nurburgring-2024-06-02-651.jpg,https://www.racingsportscars.com/photo/2024/Nurburgring-2024-06-02-651.jpg,https://www.racingsportscars.com/make/photo/BMW.html,https://www.racingsportscars.com/type/photo/BMW/M240i.html,https://www.racingsportscars.com/suffix/photo/BMW/M240i/Racing%20Cup.html,NA
2024,269,Aston Martin Vantage AMR GT4 # - Aston Martin Mercedes-AMG M177/AMR V8/90° 4v DOHC 3982 cc Twin-Turbo,65,SP8T,Dörr Motorsport (D),Closed bodywork,Front-engined,Philippe Charlaix (F)/Frank Weishar (D)/Sven Schädler (D)/Peter Posavac (D),NürnbergerLeasing/MOTORWORLD,white (+yellow/black),Pirelli,15/12/2024,© Michael Herzig-fotomich.de,Aston Martin,Vantage AMR,GT4,#,Result: 65th (8 laps behind the winner)Grid: 67th (9:11.7900) - 69th fastest qualifier,65th (8 laps behind the winner)Grid: 67th (9:11.7900) - 69th fastest qualifier,finished,67,9:11.7900,8 laps behind the winner,NA,https://www.racingsportscars.com/tn/photo/2024/TN_Nurburgring-2024-06-02-269.jpg,https://www.racingsportscars.com/photo/2024/Nurburgring-2024-06-02-269.jpg,https://www.racingsportscars.com/make/photo/Aston%20Martin.html,https://www.racingsportscars.com/type/photo/Aston%20Martin/Vantage%20AMR.html,https://www.racingsportscars.com/suffix/photo/Aston%20Martin/Vantage%20AMR/GT4.html,https://www.racingsportscars.com/chassis/photo/AMR-GT4-Dorr-03%23.html
2024,706,SCG 004 C,66,SP-X,Glickenhaus Racing LLC (USA),-,-,Thomas Mutsch (D)/Franck Mailleux (F)/Lance Arnold (D)/Côme Ledogar (F),NA,NA,NA,15/12/2024,© Michael Herzig-fotomich.de,SCG,004,C,NA,Result: 66th 1st in SP-X (9 laps behind the winner)Grid: 27th (8:33.8610) - 30th fastest qualifier,66th 1st in SP-X (9 laps behind the winner)Grid: 27th (8:33.8610) - 30th fastest qualifier,finished,27,8:33.8610,9 laps behind the winner,NA,https://www.racingsportscars.com/tn/photo/2024/TN_Nurburgring-2024-06-02-706.jpg,https://www.racingsportscars.com/photo/2024/Nurburgring-2024-06-02-706.jpg,https://www.racingsportscars.com/make/photo/SCG.html,https://www.racingsportscars.com/type/photo/SCG/004.html,https://www.racingsportscars.com/suffix/photo/SCG/004/C.html,NA
2024,106,Porsche 992 GT3 Cup - Porsche F6 4v DOHC 3996 cc N/A,67,Cup 2,RPM Racing (D),Closed bodywork,Rear-engined,Marco van Ramshorst (NL)/Milan Kodídek (CZ)/Jang Han Choi (ROK)/Peter Bonk (D),NA,NA,NA,15/12/2024,© Michael Herzig-fotomich.de,Porsche,992 GT3 Cup,NA,NA,Result: 67th (9 laps behind the winner)Grid: 63rd (9:08.4300) - 64th fastest qualifier,67th (9 laps behind the winner)Grid: 63rd (9:08.4300) - 64th fastest qualifier,finished,63,9:08.4300,9 laps behind the winner,NA,https://www.racingsportscars.com/tn/photo/2024/TN_Nurburgring-2024-06-02-106.jpg,https://www.racingsportscars.com/photo/2024/Nurburgring-2024-06-02-106.jpg,https://www.racingsportscars.com/make/photo/Porsche.html,https://www.racingsportscars.com/type/photo/Porsche/992%20GT3%20Cup.html,NA,NA
2024,131,Porsche 992 GT3 Cup - Porsche F6 4v DOHC 3996 cc N/A,68,Cup 2,Teichmann Racing (D),Closed bodywork,Rear-engined,Stefan Kiefer (D)/Marius Kiefer (D)/David Kiefer (D)/Luca Rettenbacher (A),NA,NA,NA,15/12/2024,© Michael Herzig-fotomich.de,Porsche,992 GT3 Cup,NA,NA,Result: 68th (9 laps behind the winner)Grid: 33rd (8:35.1750) - 31st fastest qualifier,68th (9 laps behind the winner)Grid: 33rd (8:35.1750) - 31st fastest qualifier,finished,33,8:35.1750,9 laps behind the winner,NA,https://www.racingsportscars.com/tn/photo/2024/TN_Nurburgring-2024-06-02-131.jpg,https://www.racingsportscars.com/photo/2024/Nurburgring-2024-06-02-131.jpg,https://www.racingsportscars.com/make/photo/Porsche.html,https://www.racingsportscars.com/type/photo/Porsche/992%20GT3%20Cup.html,NA,NA
2024,800,VW Golf VII GTI TCR DSG - VW L4 2v DOHC 1984 cc Turbo,69,TCR,MSC Kempenisch e.V. im ADAC (D),Closed bodywork,Front-engined,Jens Wulf (D)/Meik Utsch (D)/Junichi Umemoto (J)/Nadir Zuhour (HKJ),NA,NA,NA,15/12/2024,© Michael Herzig-fotomich.de,VW,Golf,VII GTI TCR DSG,NA,Result: 69th (9 laps behind the winner)Grid: 81st (9:51.6510) - 92nd fastest qualifier,69th (9 laps behind the winner)Grid: 81st (9:51.6510) - 92nd fastest qualifier,finished,81,9:51.6510,9 laps behind the winner,NA,https://www.racingsportscars.com/tn/photo/2024/TN_Nurburgring-2024-06-02-800.jpg,https://www.racingsportscars.com/photo/2024/Nurburgring-2024-06-02-800.jpg,https://www.racingsportscars.com/make/photo/VW.html,https://www.racingsportscars.com/type/photo/VW/Golf.html,https://www.racingsportscars.com/suffix/photo/VW/Golf/VII%20GTI%20TCR%20DSG.html,NA
2024,60,Porsche 992 GT3 Cup - Porsche F6 4v DOHC 3996 cc N/A,70,SP-X,Hankook Competition (ROK),Closed bodywork,Rear-engined,Recardo Bruins (NL)/Steven Cho (CDN)/Jong Kyum Kim (ROK),NA,NA,NA,15/12/2024,© Michael Herzig-fotomich.de,Porsche,992 GT3 Cup,NA,NA,Result: 70th (10 laps behind the winner)Grid: 26th (8:45.4250) - 41st fastest qualifier,70th (10 laps behind the winner)Grid: 26th (8:45.4250) - 41st fastest qualifier,finished,26,8:45.4250,10 laps behind the winner,NA,https://www.racingsportscars.com/tn/photo/2024/TN_Nurburgring-2024-06-02-060.jpg,https://www.racingsportscars.com/photo/2024/Nurburgring-2024-06-02-060.jpg,https://www.racingsportscars.com/make/photo/Porsche.html,https://www.racingsportscars.com/type/photo/Porsche/992%20GT3%20Cup.html,NA,NA
2024,317,Mini John Cooper Works Pro,71,SP3T,Bulldog Racing (D),-,-,Charles Cooper (GB)/Markus Fischer (A)/Christoph Kragenings (D)/Sebastian Sauerbrei (D),NA,NA,NA,15/12/2024,© Michael Herzig-fotomich.de,Mini,John Cooper Works,Pro,NA,Result: 71st 1st in SP3T (10 laps behind the winner)Grid: 102nd (10:10.9210),71st 1st in SP3T (10 laps behind the winner)Grid: 102nd (10:10.9210),finished,102,10:10.9210,10 laps behind the winner,NA,https://www.racingsportscars.com/tn/photo/2024/TN_Nurburgring-2024-06-02-317.jpg,https://www.racingsportscars.com/photo/2024/Nurburgring-2024-06-02-317.jpg,https://www.racingsportscars.com/make/photo/Mini.html,https://www.racingsportscars.com/type/photo/Mini/John%20Cooper%20Works.html,https://www.racingsportscars.com/suffix/photo/Mini/John%20Cooper%20Works/Pro.html,NA
2024,504,BMW 330i Racing - BMW,72,VT2 H,SRS Team Sorg Rennsport (D),-,-,Piet-Jan Ooms (NL)/Hans Joachim Theiß (D)/Mathias Baar (D)/Yutaka Seki (J),NA,NA,NA,15/12/2024,© Michael Herzig-fotomich.de,BMW,330i,Racing,NA,Result: 72nd 1st in VT2 H (10 laps behind the winner)Grid: 98th (9:58.1470),72nd 1st in VT2 H (10 laps behind the winner)Grid: 98th (9:58.1470),finished,98,9:58.1470,10 laps behind the winner,NA,https://www.racingsportscars.com/tn/photo/2024/TN_Nurburgring-2024-06-02-504.jpg,https://www.racingsportscars.com/photo/2024/Nurburgring-2024-06-02-504.jpg,https://www.racingsportscars.com/make/photo/BMW.html,https://www.racingsportscars.com/type/photo/BMW/330i.html,https://www.racingsportscars.com/suffix/photo/BMW/330i/Racing.html,NA
2024,495,Cupra León KL - Seat,73,VT2 F,Auto Thomas by Jung Motorsport (D),Closed bodywork,Front-engined,Lars Füting (D)/Tobias Jung (D)/Tim Robertz (D)/Marcel Unland (D),NA,NA,NA,15/12/2024,© Michael Herzig-fotomich.de,Cupra,León,KL,NA,Result: 73rd 1st in VT2 F (10 laps behind the winner)Grid: 104th (10:12.4260),73rd 1st in VT2 F (10 laps behind the winner)Grid: 104th (10:12.4260),finished,104,10:12.4260,10 laps behind the winner,NA,https://www.racingsportscars.com/tn/photo/2024/TN_Nurburgring-2024-06-02-495.jpg,https://www.racingsportscars.com/photo/2024/Nurburgring-2024-06-02-495.jpg,https://www.racingsportscars.com/make/photo/Cupra.html,https://www.racingsportscars.com/type/photo/Cupra/Le%c3%b3n.html,https://www.racingsportscars.com/suffix/photo/Cupra/Le%c3%b3n/KL.html,NA
2024,486,Hyundai i30 Fastback N,74,VT2 F,Hyundai Driving Experience (ROK),-,-,Marcus Willhardt (D)/Michael Bohrer (D)/Gyumin Kim (ROK)/Jens Dralle (D),NA,NA,NA,15/12/2024,© Michael Herzig-fotomich.de,Hyundai,i30,Fastback N,NA,Result: 74th (10 laps behind the winner)Grid: 101st (10:08.0800),74th (10 laps behind the winner)Grid: 101st (10:08.0800),finished,101,10:08.0800,10 laps behind the winner,NA,https://www.racingsportscars.com/tn/photo/2024/TN_Nurburgring-2024-06-02-486.jpg,https://www.racingsportscars.com/photo/2024/Nurburgring-2024-06-02-486.jpg,https://www.racingsportscars.com/make/photo/Hyundai.html,https://www.racingsportscars.com/type/photo/Hyundai/i30.html,https://www.racingsportscars.com/suffix/photo/Hyundai/i30/Fastback%20N.html,NA
2024,444,Porsche Cayman CM12 - Porsche,75,V5,Adrenalin Motorsport Team Mainhattan Wheels (D),-,-,Ulrich Korn (D)/Tobias Korn (D)/Daniel Korn (D)/Klaus Faßbender (D),NA,NA,NA,15/12/2024,© Michael Herzig-fotomich.de,Porsche,Cayman,CM12,NA,Result: 75th 1st in V5 (10 laps behind the winner)Grid: 107th (10:15.9720),75th 1st in V5 (10 laps behind the winner)Grid: 107th (10:15.9720),finished,107,10:15.9720,10 laps behind the winner,NA,https://www.racingsportscars.com/tn/photo/2024/TN_Nurburgring-2024-06-02-444.jpg,https://www.racingsportscars.com/photo/2024/Nurburgring-2024-06-02-444.jpg,https://www.racingsportscars.com/make/photo/Porsche.html,https://www.racingsportscars.com/type/photo/Porsche/Cayman.html,https://www.racingsportscars.com/suffix/photo/Porsche/Cayman/CM12.html,NA
2024,502,BMW 330i Racing - BMW,76,VT2 H,Giti Tire Motorsport by WS Racing (SGP),-,-,Robert Hinzer (D)/Bernd Küpper (D)/Maximilian Eisberg (D)/Gregoire Boutonnet (F),NA,NA,NA,15/12/2024,© Michael Herzig-fotomich.de,BMW,330i,Racing,NA,Result: 76th (10 laps behind the winner)Grid: 116th (10:37.4060),76th (10 laps behind the winner)Grid: 116th (10:37.4060),finished,116,10:37.4060,10 laps behind the winner,NA,https://www.racingsportscars.com/tn/photo/2024/TN_Nurburgring-2024-06-02-502.jpg,https://www.racingsportscars.com/photo/2024/Nurburgring-2024-06-02-502.jpg,https://www.racingsportscars.com/make/photo/BMW.html,https://www.racingsportscars.com/type/photo/BMW/330i.html,https://www.racingsportscars.com/suffix/photo/BMW/330i/Racing.html,NA
2024,410,Porsche Cayman GTS - Porsche,77,V6,rent2Drive-racing (D),-,-,Stefano Croci (I)/David Ackermann (D)/Axel Jahn (D)/Georg Arbinger (D),NA,NA,NA,15/12/2024,© Michael Herzig-fotomich.de,Porsche,Cayman,GTS,NA,Result: 77th (10 laps behind the winner)Grid: 100th (10:01.8700),77th (10 laps behind the winner)Grid: 100th (10:01.8700),finished,100,10:01.8700,10 laps behind the winner,NA,https://www.racingsportscars.com/tn/photo/2024/TN_Nurburgring-2024-06-02-410.jpg,https://www.racingsportscars.com/photo/2024/Nurburgring-2024-06-02-410.jpg,https://www.racingsportscars.com/make/photo/Porsche.html,https://www.racingsportscars.com/type/photo/Porsche/Cayman.html,https://www.racingsportscars.com/suffix/photo/Porsche/Cayman/GTS.html,NA
2024,474,Mini John Cooper Works,78,VT2 F,Bulldog Racing (D),-,-,Michael Bräutigam (D)/Andreas Hilgers (D)/Sascha Korte (D)/Marco Zabel (D),NA,NA,NA,15/12/2024,© Michael Herzig-fotomich.de,Mini,John Cooper Works,NA,NA,Result: 78th (10 laps behind the winner)Grid: 113th (10:28.8790),78th (10 laps behind the winner)Grid: 113th (10:28.8790),finished,113,10:28.8790,10 laps behind the winner,NA,https://www.racingsportscars.com/tn/photo/2024/TN_Nurburgring-2024-06-02-474.jpg,https://www.racingsportscars.com/photo/2024/Nurburgring-2024-06-02-474.jpg,https://www.racingsportscars.com/make/photo/Mini.html,https://www.racingsportscars.com/type/photo/Mini/John%20Cooper%20Works.html,NA,NA
2024,652,BMW M240i Racing Cup - BMW,79,M240i,Adrenalin Motorsport Team Mainhattan Wheels (D),-,-,/Manuel Dormagen (D)/Florian Ebener (D)/Thomas Ardelt (D)/Sven Oepen (D),NA,NA,NA,15/12/2024,© Michael Herzig-fotomich.de,BMW,M240i,Racing Cup,NA,Result: 79th (10 laps behind the winner)Grid: 105th (10:14.9230),79th (10 laps behind the winner)Grid: 105th (10:14.9230),finished,105,10:14.9230,10 laps behind the winner,NA,https://www.racingsportscars.com/tn/photo/2024/TN_Nurburgring-2024-06-02-652.jpg,https://www.racingsportscars.com/photo/2024/Nurburgring-2024-06-02-652.jpg,https://www.racingsportscars.com/make/photo/BMW.html,https://www.racingsportscars.com/type/photo/BMW/M240i.html,https://www.racingsportscars.com/suffix/photo/BMW/M240i/Racing%20Cup.html,NA
2024,13,VW New Beetle RSR - VW,80,SP3T,White Angel for Fly and Help (D),-,-,Bernd Albrecht (D)/Carsten Knechtges (D)/Sebastian Asch (D)/Julian Reeh (D),NA,NA,NA,15/12/2024,© Michael Herzig-fotomich.de,VW,New Beetle,RSR,NA,Result: 80th (10 laps behind the winner)Grid: 88th (9:30.0760) - 79th fastest qualifier,80th (10 laps behind the winner)Grid: 88th (9:30.0760) - 79th fastest qualifier,finished,88,9:30.0760,10 laps behind the winner,NA,https://www.racingsportscars.com/tn/photo/2024/TN_Nurburgring-2024-06-02-013.jpg,https://www.racingsportscars.com/photo/2024/Nurburgring-2024-06-02-013.jpg,https://www.racingsportscars.com/make/photo/VW.html,https://www.racingsportscars.com/type/photo/VW/New%20Beetle.html,https://www.racingsportscars.com/suffix/photo/VW/New%20Beetle/RSR.html,NA
2024,169,Aston Martin Vantage AMR GT4 # - Aston Martin Mercedes-AMG M177/AMR V8/90° 4v DOHC 3982 cc Twin-Turbo,81,SP10,Dörr Motorsport (D),Closed bodywork,Front-engined,Oskar Sandberg (D)/Aaron Wenisch (D)/Michael Funke (D)/Phil Dörr (D),NürnbergerLeasing/MOTORWORLD,white (+light blue/black),Pirelli,15/12/2024,© Michael Herzig-fotomich.de,Aston Martin,Vantage AMR,GT4,#,Result: 81st (11 laps behind the winner)Grid: 45th (8:55.7690) - 46th fastest qualifier,81st (11 laps behind the winner)Grid: 45th (8:55.7690) - 46th fastest qualifier,finished,45,8:55.7690,11 laps behind the winner,NA,https://www.racingsportscars.com/tn/photo/2024/TN_Nurburgring-2024-06-02-169.jpg,https://www.racingsportscars.com/photo/2024/Nurburgring-2024-06-02-169.jpg,https://www.racingsportscars.com/make/photo/Aston%20Martin.html,https://www.racingsportscars.com/type/photo/Aston%20Martin/Vantage%20AMR.html,https://www.racingsportscars.com/suffix/photo/Aston%20Martin/Vantage%20AMR/GT4.html,https://www.racingsportscars.com/chassis/photo/AMR-GT4-Dorr-01%23.html
2024,400,Porsche Cayman S - Porsche,82,V6,Adrenalin Motorsport Team Mainhattan Wheels (D),-,-,Rasmus Helmich (DK)/Xavier Lamadrid (MEX)/Luis Ramirez (MEX)/Cesar Mendieta (AUS),NA,NA,NA,15/12/2024,© Michael Herzig-fotomich.de,Porsche,Cayman,S,NA,Result: 82nd (11 laps behind the winner)Grid: 103rd (10:12.0440),82nd (11 laps behind the winner)Grid: 103rd (10:12.0440),finished,103,10:12.0440,11 laps behind the winner,NA,https://www.racingsportscars.com/tn/photo/2024/TN_Nurburgring-2024-06-02-400.jpg,https://www.racingsportscars.com/photo/2024/Nurburgring-2024-06-02-400.jpg,https://www.racingsportscars.com/make/photo/Porsche.html,https://www.racingsportscars.com/type/photo/Porsche/Cayman.html,https://www.racingsportscars.com/suffix/photo/Porsche/Cayman/S.html,NA
2024,711,BMW 325i - BMW,83,V4,EiFelkind Racing Team (D),-,-,Desiree Müller (D)/Tim Müller (D)/Henning Hausmeier (D)/Michael Fischer (A),NA,NA,NA,15/12/2024,© Michael Herzig-fotomich.de,BMW,325i,NA,NA,Result: 83rd 1st in V4 (11 laps behind the winner)Grid: 109th (10:23.9960),83rd 1st in V4 (11 laps behind the winner)Grid: 109th (10:23.9960),finished,109,10:23.9960,11 laps behind the winner,NA,https://www.racingsportscars.com/tn/photo/2024/TN_Nurburgring-2024-06-02-711.jpg,https://www.racingsportscars.com/photo/2024/Nurburgring-2024-06-02-711.jpg,https://www.racingsportscars.com/make/photo/BMW.html,https://www.racingsportscars.com/type/photo/BMW/325i.html,NA,NA
2024,747,BMW 325i L - BMW,84,V4,Rockstar Games by Viken Motorsport (USA),-,-,Benjamin Lyons (GB)/Markus Löw (D),NA,NA,NA,15/12/2024,© Michael Herzig-fotomich.de,BMW,325i,L,NA,Result: 84th (11 laps behind the winner)Grid: 115th (10:33.2700),84th (11 laps behind the winner)Grid: 115th (10:33.2700),finished,115,10:33.2700,11 laps behind the winner,NA,https://www.racingsportscars.com/tn/photo/2024/TN_Nurburgring-2024-06-02-747.jpg,https://www.racingsportscars.com/photo/2024/Nurburgring-2024-06-02-747.jpg,https://www.racingsportscars.com/make/photo/BMW.html,https://www.racingsportscars.com/type/photo/BMW/325i.html,https://www.racingsportscars.com/suffix/photo/BMW/325i/L.html,NA
2024,514,BMW 330i Racing - BMW,85,VT2 H,SRS Team Sorg Rennsport (D),-,-,Alberto Carobbio (I)/Guy Stewart (NZ)/Ugo Vicenzi (I)/Julius Meinhardt (D),NA,NA,NA,15/12/2024,© Michael Herzig-fotomich.de,BMW,330i,Racing,NA,Result: 85th (11 laps behind the winner)Grid: 106th (10:15.4050),85th (11 laps behind the winner)Grid: 106th (10:15.4050),finished,106,10:15.4050,11 laps behind the winner,NA,https://www.racingsportscars.com/tn/photo/2024/TN_Nurburgring-2024-06-02-514.jpg,https://www.racingsportscars.com/photo/2024/Nurburgring-2024-06-02-514.jpg,https://www.racingsportscars.com/make/photo/BMW.html,https://www.racingsportscars.com/type/photo/BMW/330i.html,https://www.racingsportscars.com/suffix/photo/BMW/330i/Racing.html,NA
2024,750,BMW 325i - BMW,86,V4,Keeevin Sports and Racing (D),-,-,Juha Miettinen (CH)/Dan Berghult (S)/Fernandes Flavia Pellegrino (D)/Jonas Nilsson (S),NA,NA,NA,15/12/2024,© Michael Herzig-fotomich.de,BMW,325i,NA,NA,Result: 86th (11 laps behind the winner)Grid: 108th (10:22.7080),86th (11 laps behind the winner)Grid: 108th (10:22.7080),finished,108,10:22.7080,11 laps behind the winner,NA,https://www.racingsportscars.com/tn/photo/2024/TN_Nurburgring-2024-06-02-750.jpg,https://www.racingsportscars.com/photo/2024/Nurburgring-2024-06-02-750.jpg,https://www.racingsportscars.com/make/photo/BMW.html,https://www.racingsportscars.com/type/photo/BMW/325i.html,NA,NA
2024,501,BMW 330i Racing - BMW,87,VT2 H,Adrenalin Motorsport Team Mainhattan Wheels (D),-,-,"""Sub7BTG"" (D)/Joël Le Bihan (F)/Andreas Winkler (D)/Sebastian Tauber (D)",NA,NA,NA,15/12/2024,© Michael Herzig-fotomich.de,BMW,330i,Racing,NA,Result: 87th (11 laps behind the winner)Grid: 112th (10:28.5510),87th (11 laps behind the winner)Grid: 112th (10:28.5510),finished,112,10:28.5510,11 laps behind the winner,NA,https://www.racingsportscars.com/tn/photo/2024/TN_Nurburgring-2024-06-02-501.jpg,https://www.racingsportscars.com/photo/2024/Nurburgring-2024-06-02-501.jpg,https://www.racingsportscars.com/make/photo/BMW.html,https://www.racingsportscars.com/type/photo/BMW/330i.html,https://www.racingsportscars.com/suffix/photo/BMW/330i/Racing.html,NA
2024,164,Porsche 718 Cayman GT4 RS Clubsport - Porsche F6 4v DOHC 3966 cc N/A,88,SP10,W&S Motorsport (D),Closed bodywork,Mid-engined,Jürgen Vöhringer (D)/Stephan Brodmerkel (D)/Hendrik Still (D)/Finn Zulauf (D),NA,NA,NA,15/12/2024,© Michael Herzig-fotomich.de,Porsche,718 Cayman,GT4 RS Clubsport,NA,Result: 88th (12 laps behind the winner)Grid: 50th (8:59.4490) - 51st fastest qualifier,88th (12 laps behind the winner)Grid: 50th (8:59.4490) - 51st fastest qualifier,finished,50,8:59.4490,12 laps behind the winner,NA,https://www.racingsportscars.com/tn/photo/2024/TN_Nurburgring-2024-06-02-164.jpg,https://www.racingsportscars.com/photo/2024/Nurburgring-2024-06-02-164.jpg,https://www.racingsportscars.com/make/photo/Porsche.html,https://www.racingsportscars.com/type/photo/Porsche/718%20Cayman.html,https://www.racingsportscars.com/suffix/photo/Porsche/718%20Cayman/GT4%20RS%20Clubsport.html,NA
2024,978,Porsche Cayman GT4 Clubsport - Porsche,89,SP7,KKrämer Racing UG & Co KG (D),-,-,Olaf Baunack (D)/Karl Heinz Meyer (D)/Guido Tönnessen (D)/Gregor Starck (D),NA,NA,NA,15/12/2024,© Michael Herzig-fotomich.de,Porsche,Cayman,GT4 Clubsport,NA,Result: 89th (12 laps behind the winner)Grid: 83rd (10:47.4730) - 121st fastest qualifier,89th (12 laps behind the winner)Grid: 83rd (10:47.4730) - 121st fastest qualifier,finished,83,10:47.4730,12 laps behind the winner,NA,https://www.racingsportscars.com/tn/photo/2024/TN_Nurburgring-2024-06-02-978.jpg,https://www.racingsportscars.com/photo/2024/Nurburgring-2024-06-02-978.jpg,https://www.racingsportscars.com/make/photo/Porsche.html,https://www.racingsportscars.com/type/photo/Porsche/Cayman.html,https://www.racingsportscars.com/suffix/photo/Porsche/Cayman/GT4%20Clubsport.html,NA
2024,599,BMW 335i - BMW,90,VT3,Keeevin Sports and Racing (D),-,-,Serge Van Vooren (D)/Jörg Schönfelder (D)/Meik ter Haar (D)/Guido Wirtz (D),NA,NA,NA,15/12/2024,© Michael Herzig-fotomich.de,BMW,335i,NA,NA,Result: 90th 1st in VT3 (12 laps behind the winner)Grid: 117th (10:37.5630),90th 1st in VT3 (12 laps behind the winner)Grid: 117th (10:37.5630),finished,117,10:37.5630,12 laps behind the winner,NA,https://www.racingsportscars.com/tn/photo/2024/TN_Nurburgring-2024-06-02-599.jpg,https://www.racingsportscars.com/photo/2024/Nurburgring-2024-06-02-599.jpg,https://www.racingsportscars.com/make/photo/BMW.html,https://www.racingsportscars.com/type/photo/BMW/335i.html,NA,NA
2024,89,Porsche 718 Cayman - Porsche N/A,91,SP4T,KGL. Auto-Motor-Club (B),-,Mid-engined,Jacques Derenne (B)/Bruno Barbaro (I)/Olivier Muytjens (B)/Fabrice Reicher (F),NA,NA,NA,15/12/2024,© Michael Herzig-fotomich.de,Porsche,718 Cayman,NA,NA,Result: 91st (12 laps behind the winner)Grid: 126th (10:41.2390) - 118th fastest qualifier,91st (12 laps behind the winner)Grid: 126th (10:41.2390) - 118th fastest qualifier,finished,126,10:41.2390,12 laps behind the winner,NA,https://www.racingsportscars.com/tn/photo/2024/TN_Nurburgring-2024-06-02-089.jpg,https://www.racingsportscars.com/photo/2024/Nurburgring-2024-06-02-089.jpg,https://www.racingsportscars.com/make/photo/Porsche.html,https://www.racingsportscars.com/type/photo/Porsche/718%20Cayman.html,NA,NA
2024,443,Porsche Cayman CM12 - Porsche,92,V5,MSC Kempenich e.V. im ADAC (D),-,-,Matthias Trinius (D)/Peter Baumann (CH)/Robert Neumann (D)/Dominic Kulpowicz (CH),NA,NA,NA,15/12/2024,© Michael Herzig-fotomich.de,Porsche,Cayman,CM12,NA,Result: 92nd (12 laps behind the winner)Grid: 118th (10:44.3430) - 119th fastest qualifier,92nd (12 laps behind the winner)Grid: 118th (10:44.3430) - 119th fastest qualifier,finished,118,10:44.3430,12 laps behind the winner,NA,https://www.racingsportscars.com/tn/photo/2024/TN_Nurburgring-2024-06-02-443.jpg,https://www.racingsportscars.com/photo/2024/Nurburgring-2024-06-02-443.jpg,https://www.racingsportscars.com/make/photo/Porsche.html,https://www.racingsportscars.com/type/photo/Porsche/Cayman.html,https://www.racingsportscars.com/suffix/photo/Porsche/Cayman/CM12.html,NA
2024,477,VW Scirocco R TSI - VW,93,VT2 F,MSC Kempenich e.V. im ADAC (D),-,-,Christian Koger (D)/Thomas Alpiger (CH)/Martin Heidrich (D)/Henrik Seibel (D),NA,NA,NA,15/12/2024,© Michael Herzig-fotomich.de,VW,Scirocco,R TSI,NA,Result: 93rd (12 laps behind the winner)Grid: 110th (10:24.3320),93rd (12 laps behind the winner)Grid: 110th (10:24.3320),finished,110,10:24.3320,12 laps behind the winner,NA,https://www.racingsportscars.com/tn/photo/2024/TN_Nurburgring-2024-06-02-477.jpg,https://www.racingsportscars.com/photo/2024/Nurburgring-2024-06-02-477.jpg,https://www.racingsportscars.com/make/photo/VW.html,https://www.racingsportscars.com/type/photo/VW/Scirocco.html,https://www.racingsportscars.com/suffix/photo/VW/Scirocco/R%20TSI.html,NA
2024,505,BMW 328i Racing - BMW,94,VT2 H,Adrenalin Motorsport Team Mainhattan Wheels (D),-,-,Fabian Tillmann (D)/Kaj Schubert (DK)/Michael Wolpertinger (D)/Fritz Hebig (D),NA,NA,NA,15/12/2024,© Michael Herzig-fotomich.de,BMW,328i,Racing,NA,Result: 94th (12 laps behind the winner)Grid: 99th (9:59.2420),94th (12 laps behind the winner)Grid: 99th (9:59.2420),finished,99,9:59.2420,12 laps behind the winner,NA,https://www.racingsportscars.com/tn/photo/2024/TN_Nurburgring-2024-06-02-505.jpg,https://www.racingsportscars.com/photo/2024/Nurburgring-2024-06-02-505.jpg,https://www.racingsportscars.com/make/photo/BMW.html,https://www.racingsportscars.com/type/photo/BMW/328i.html,https://www.racingsportscars.com/suffix/photo/BMW/328i/Racing.html,NA
2024,207,BMW M3 E46 CSL - BMW,95,SP6,Hofor Racing (CH),Closed bodywork,Front-engined,Michael Kroll (CH)/Chantal Prinz (CH)/Alexander Prinz (CH)/Thomas Mühlenz (D),NA,NA,NA,15/12/2024,© Michael Herzig-fotomich.de,BMW,M3,E46 CSL,NA,Result: 95th 1st in SP6 (13 laps behind the winner)Grid: 87th (9:25.5410) - 77th fastest qualifier,95th 1st in SP6 (13 laps behind the winner)Grid: 87th (9:25.5410) - 77th fastest qualifier,finished,87,9:25.5410,13 laps behind the winner,NA,https://www.racingsportscars.com/tn/photo/2024/TN_Nurburgring-2024-06-02-207.jpg,https://www.racingsportscars.com/photo/2024/Nurburgring-2024-06-02-207.jpg,https://www.racingsportscars.com/make/photo/BMW.html,https://www.racingsportscars.com/type/photo/BMW/M3.html,https://www.racingsportscars.com/suffix/photo/BMW/M3/E46%20CSL.html,NA
2024,776,VW Golf VII GTI TCR DSG - VW,96,SP3T,MSC Sinzig e.V. im ADAC (D),-,-,Artur Goroyan (AM)/Roman Mavlanov (RUS)/Stephan Epp (D)/Joris Primke (D),NA,NA,NA,15/12/2024,© Michael Herzig-fotomich.de,VW,Golf,VII GTI TCR DSG,NA,Result: 96th (14 laps behind the winner)Grid: 89th (9:36.8880) - 81st fastest qualifier,96th (14 laps behind the winner)Grid: 89th (9:36.8880) - 81st fastest qualifier,finished,89,9:36.8880,14 laps behind the winner,NA,https://www.racingsportscars.com/tn/photo/2024/TN_Nurburgring-2024-06-02-776.jpg,https://www.racingsportscars.com/photo/2024/Nurburgring-2024-06-02-776.jpg,https://www.racingsportscars.com/make/photo/VW.html,https://www.racingsportscars.com/type/photo/VW/Golf.html,https://www.racingsportscars.com/suffix/photo/VW/Golf/VII%20GTI%20TCR%20DSG.html,NA
2024,268,BMW 330i Racing - BMW,97,VT2 H,Jaco's Paddock Motorsport (D),-,-,Takashi Ito (J)/Masato Mitsuhashi (J)/Chong Kiat Wai (MAL),NA,NA,NA,15/12/2024,© Michael Herzig-fotomich.de,BMW,330i,Racing,NA,Result: 97th (14 laps behind the winner)Grid: 122nd (10:56.7880) - 124th fastest qualifier,97th (14 laps behind the winner)Grid: 122nd (10:56.7880) - 124th fastest qualifier,finished,122,10:56.7880,14 laps behind the winner,NA,https://www.racingsportscars.com/tn/photo/2024/TN_Nurburgring-2024-06-02-268.jpg,https://www.racingsportscars.com/photo/2024/Nurburgring-2024-06-02-268.jpg,https://www.racingsportscars.com/make/photo/BMW.html,https://www.racingsportscars.com/type/photo/BMW/330i.html,https://www.racingsportscars.com/suffix/photo/BMW/330i/Racing.html,NA
2024,510,Audi S2 - Audi,98,VT2 H,Dupré Engineering (D),-,-,Christoph Dupré (D)/Jürgen Nett (D)/Joachim Nett (D)/Timo Beuth (D),NA,NA,NA,15/12/2024,© Michael Herzig-fotomich.de,Audi,S2,NA,NA,Result: 98th (16 laps behind the winner)Grid: 97th (9:57.7160),98th (16 laps behind the winner)Grid: 97th (9:57.7160),finished,97,9:57.7160,16 laps behind the winner,NA,https://www.racingsportscars.com/tn/photo/2024/TN_Nurburgring-2024-06-02-510.jpg,https://www.racingsportscars.com/photo/2024/Nurburgring-2024-06-02-510.jpg,https://www.racingsportscars.com/make/photo/Audi.html,https://www.racingsportscars.com/type/photo/Audi/S2.html,NA,NA
2024,488,Renault Mégane III RS - Renault,99,VT2 F,Keeevin Sports and Racing (D),-,-,Daniel Sowada (PL)/Rafal Gieras (PL)/Sebastian Lawniczek (PL),NA,NA,NA,15/12/2024,© Michael Herzig-fotomich.de,Renault,Mégane,III RS,NA,Result: 99th (16 laps behind the winner)Grid: 124th (11:09.1021) - 126th fastest qualifier,99th (16 laps behind the winner)Grid: 124th (11:09.1021) - 126th fastest qualifier,finished,124,11:09.1021,16 laps behind the winner,NA,https://www.racingsportscars.com/tn/photo/2024/TN_Nurburgring-2024-06-02-488.jpg,https://www.racingsportscars.com/photo/2024/Nurburgring-2024-06-02-488.jpg,https://www.racingsportscars.com/make/photo/Renault.html,https://www.racingsportscars.com/type/photo/Renault/M%c3%a9gane.html,https://www.racingsportscars.com/suffix/photo/Renault/M%c3%a9gane/III%20RS.html,NA
2024,152,BMW 325 CI - BMW,100,SP4,Oepen Motors Automobilsport (D),-,-,Ingo Oepen (D)/Henrik Launhardt (D)/Thorsten Köppert (D),NA,NA,NA,15/12/2024,© Michael Herzig-fotomich.de,BMW,325,CI,NA,Result: 100th 1st in SP4 (16 laps behind the winner)Grid: 125th (11:16.2070) - 127th fastest qualifier,100th 1st in SP4 (16 laps behind the winner)Grid: 125th (11:16.2070) - 127th fastest qualifier,finished,125,11:16.2070,16 laps behind the winner,NA,https://www.racingsportscars.com/tn/photo/2024/TN_Nurburgring-2024-06-02-152.jpg,https://www.racingsportscars.com/photo/2024/Nurburgring-2024-06-02-152.jpg,https://www.racingsportscars.com/make/photo/BMW.html,https://www.racingsportscars.com/type/photo/BMW/325.html,https://www.racingsportscars.com/suffix/photo/BMW/325/CI.html,NA
2024,506,BMW 330i Racing - BMW,101,VT2 H,Giti Tire Motorsport by WS Racing (SGP),-,-,Christoph Merkt (D)/Stephan Schroers (D)/Wayne Moore (NZ)/James Breakell (GB),NA,NA,NA,15/12/2024,© Michael Herzig-fotomich.de,BMW,330i,Racing,NA,Result: 101st (16 laps behind the winner)Grid: 119th (10:44.9821) - 120th fastest qualifier,101st (16 laps behind the winner)Grid: 119th (10:44.9821) - 120th fastest qualifier,finished,119,10:44.9821,16 laps behind the winner,NA,https://www.racingsportscars.com/tn/photo/2024/TN_Nurburgring-2024-06-02-506.jpg,https://www.racingsportscars.com/photo/2024/Nurburgring-2024-06-02-506.jpg,https://www.racingsportscars.com/make/photo/BMW.html,https://www.racingsportscars.com/type/photo/BMW/330i.html,https://www.racingsportscars.com/suffix/photo/BMW/330i/Racing.html,NA
2024,318,Dacia Logan #,102,SP3T,Ollis Garage Racing (D),-,-,Oliver Kriese (D)/Michael Lachmayer (D)/Yannik Lachmayer (D)/Maximilian Weissermel (D),NA,NA,NA,15/12/2024,© Michael Herzig-fotomich.de,Dacia,Logan,NA,#,Result: 102nd (16 laps behind the winner)Grid: 123rd (11:07.2950) - 125th fastest qualifier,102nd (16 laps behind the winner)Grid: 123rd (11:07.2950) - 125th fastest qualifier,finished,123,11:07.2950,16 laps behind the winner,NA,https://www.racingsportscars.com/tn/photo/2024/TN_Nurburgring-2024-06-02-318.jpg,https://www.racingsportscars.com/photo/2024/Nurburgring-2024-06-02-318.jpg,https://www.racingsportscars.com/make/photo/Dacia.html,https://www.racingsportscars.com/type/photo/Dacia/Logan.html,NA,https://www.racingsportscars.com/chassis/photo/Logan-Kriese%23.html
2024,311,Audi TT S - Audi,103,SP3T,MSC Sinzig e.V. im ADAC (D),-,-,Rudi Speich (D)/Wolfgang Haugg (D)/Roland Waschkau (D),NA,NA,NA,15/12/2024,© Michael Herzig-fotomich.de,Audi,TT,S,NA,Result: 103rd (16 laps behind the winner)Grid: 86th (9:20.2260) - 74th fastest qualifier,103rd (16 laps behind the winner)Grid: 86th (9:20.2260) - 74th fastest qualifier,finished,86,9:20.2260,16 laps behind the winner,NA,https://www.racingsportscars.com/tn/photo/2024/TN_Nurburgring-2024-06-02-311.jpg,https://www.racingsportscars.com/photo/2024/Nurburgring-2024-06-02-311.jpg,https://www.racingsportscars.com/make/photo/Audi.html,https://www.racingsportscars.com/type/photo/Audi/TT.html,https://www.racingsportscars.com/suffix/photo/Audi/TT/S.html,NA
2024,275,BMW 318ti E36 - BMW,104,SP3,Ravenol Motorsport by MDM Racing (NL),-,-,Marc David Müller (D)/Christopher Groth (D)/Alexander Becker (D),NA,NA,NA,15/12/2024,© Michael Herzig-fotomich.de,BMW,318ti,E36,NA,Result: 104th 1st in SP3 (19 laps behind the winner)Grid: 120th (10:49.7100) - 122nd fastest qualifier,104th 1st in SP3 (19 laps behind the winner)Grid: 120th (10:49.7100) - 122nd fastest qualifier,finished,120,10:49.7100,19 laps behind the winner,NA,https://www.racingsportscars.com/tn/photo/2024/TN_Nurburgring-2024-06-02-275.jpg,https://www.racingsportscars.com/photo/2024/Nurburgring-2024-06-02-275.jpg,https://www.racingsportscars.com/make/photo/BMW.html,https://www.racingsportscars.com/type/photo/BMW/318ti.html,https://www.racingsportscars.com/suffix/photo/BMW/318ti/E36.html,NA
2024,653,BMW M240i Racing Cup - BMW,105,M240i,Adrenalin Motorsport Team Mainhattan Wheels (D),-,-,Rudolf Brandl (D)/Sebastian Brandl (D)/Ferdinand Wernet (D)/Danny Brink (D),NA,NA,NA,15/12/2024,© Michael Herzig-fotomich.de,BMW,M240i,Racing Cup,NA,Result: 105th (21 laps behind the winner)Grid: 127th (9:51.9260) - 93rd fastest qualifier,105th (21 laps behind the winner)Grid: 127th (9:51.9260) - 93rd fastest qualifier,finished,127,9:51.9260,21 laps behind the winner,NA,https://www.racingsportscars.com/tn/photo/2024/TN_Nurburgring-2024-06-02-653.jpg,https://www.racingsportscars.com/photo/2024/Nurburgring-2024-06-02-653.jpg,https://www.racingsportscars.com/make/photo/BMW.html,https://www.racingsportscars.com/type/photo/BMW/M240i.html,https://www.racingsportscars.com/suffix/photo/BMW/M240i/Racing%20Cup.html,NA
2024,496,Cupra León KL - Seat,NA,VT2 F,Auto Thomas by Jung Motorsport (D),Closed bodywork,Front-engined,Volker Strycek (D)/Michael Eichhorn (D)/Andreas Winterwerber (D)/Anthony Roma (USA),NA,NA,NA,15/12/2024,© Michael Herzig-fotomich.de,Cupra,León,KL,NA,Result: not classified (26 laps behind the winner)Grid: 114th (10:31.1080),not classified (26 laps behind the winner)Grid: 114th (10:31.1080),other,114,10:31.1080,NA,26 laps behind the winner,https://www.racingsportscars.com/tn/photo/2024/TN_Nurburgring-2024-06-02-496.jpg,https://www.racingsportscars.com/photo/2024/Nurburgring-2024-06-02-496.jpg,https://www.racingsportscars.com/make/photo/Cupra.html,https://www.racingsportscars.com/type/photo/Cupra/Le%c3%b3n.html,https://www.racingsportscars.com/suffix/photo/Cupra/Le%c3%b3n/KL.html,NA
2024,775,Audi RS3 LMS DSG - Audi,NA,TCR,MSC Sinzig e.V. Im ADAC (D),-,-,Leon Dreiser (D)/Stefan Lohn (D)/Dirk Vleugels (D)/Raphael Hundeborn (D),NA,NA,NA,15/12/2024,© Michael Herzig-fotomich.de,Audi,RS3,LMS DSG,NA,Result: not classified (27 laps behind the winner)Grid: 78th (9:45.9340) - 87th fastest qualifier,not classified (27 laps behind the winner)Grid: 78th (9:45.9340) - 87th fastest qualifier,other,78,9:45.9340,NA,27 laps behind the winner,https://www.racingsportscars.com/tn/photo/2024/TN_Nurburgring-2024-06-02-775.jpg,https://www.racingsportscars.com/photo/2024/Nurburgring-2024-06-02-775.jpg,https://www.racingsportscars.com/make/photo/Audi.html,https://www.racingsportscars.com/type/photo/Audi/RS3.html,https://www.racingsportscars.com/suffix/photo/Audi/RS3/LMS%20DSG.html,NA
2024,192,BMW M4 G82 GT4 - BMW S58 L6 4v DOHC 2993 cc Twin-Turbo,NA,SP10,Walkenhorst Motorsport (D),Closed bodywork,Front-engined,"Jean-Christophe David (F)/Andreas Ziegler (D)DNS: Jörg Breuer (D), Florian Wahl (D)",NA,NA,NA,NA,NA,BMW,M4,G82 GT4,NA,Result: not classified (37 laps behind the winner)Grid: 79th (9:47.8000) - 90th fastest qualifier,not classified (37 laps behind the winner)Grid: 79th (9:47.8000) - 90th fastest qualifier,other,79,9:47.8000,NA,37 laps behind the winner,https://www.racingsportscars.com/images/car_no_photo.png,https://www.racingsportscars.com/about.html#contrib,https://www.racingsportscars.com/make/photo/BMW.html,https://www.racingsportscars.com/type/photo/BMW/M4.html,https://www.racingsportscars.com/suffix/photo/BMW/M4/G82%20GT4.html,NA
2024,8,Mercedes-AMG GT3 Evo - Mercedes-AMG M159 V8/90° 4v DOHC 6208 cc N/A,NA,SP9,Mercedes-AMG Team GetSpeed (D),Closed bodywork,Front-engined,Lucas Auer (A)/Adam Christodoulou (GB)/Philip Ellis (GB)/Mikaël Grenier (CDN),NA,NA,NA,15/12/2024,© Michael Herzig-fotomich.de,Mercedes-AMG,GT3,Evo,NA,Result: did not finishGrid: 18th (8:14.0020) - 13th fastest qualifier,did not finishGrid: 18th (8:14.0020) - 13th fastest qualifier,not_finished,18,8:14.0020,NA,8:14.0020,https://www.racingsportscars.com/tn/photo/2024/TN_Nurburgring-2024-06-02-008.jpg,https://www.racingsportscars.com/photo/2024/Nurburgring-2024-06-02-008.jpg,https://www.racingsportscars.com/make/photo/Mercedes-AMG.html,https://www.racingsportscars.com/type/photo/Mercedes-AMG/GT3.html,https://www.racingsportscars.com/suffix/photo/Mercedes-AMG/GT3/Evo.html,NA
2024,130,Mercedes-AMG GT3 Evo # - Mercedes-AMG M159 V8/90° 4v DOHC 6208 cc N/A,NA,SP9,Mercedes-AMG Team GetSpeed (D),Closed bodywork,Front-engined,Maro Engel (D)/Jules Gounon (F)/Fabian Schiller (D)/Adam Christodoulou (GB),NA,NA,NA,15/12/2024,© Michael Herzig-fotomich.de,Mercedes-AMG,GT3,Evo,#,Result: did not finishGrid: 8th (8:13.1250),did not finishGrid: 8th (8:13.1250),not_finished,8,8:13.1250,NA,8:13.1250,https://www.racingsportscars.com/tn/photo/2024/TN_Nurburgring-2024-06-02-130.jpg,https://www.racingsportscars.com/photo/2024/Nurburgring-2024-06-02-130.jpg,https://www.racingsportscars.com/make/photo/Mercedes-AMG.html,https://www.racingsportscars.com/type/photo/Mercedes-AMG/GT3.html,https://www.racingsportscars.com/suffix/photo/Mercedes-AMG/GT3/Evo.html,https://www.racingsportscars.com/chassis/photo/AMG-GT3-GetSpeed-Engel%23.html
2024,180,Porsche 718 Cayman GT4 RS Clubsport - Porsche F6 4v DOHC 3966 cc N/A,NA,SP10,SRS Team Sorg Rennsport (D),Closed bodywork,Mid-engined,"Henning Eschweiler (D)/Lennard Paul Naumann (D)/Heinz Jürgen Kroner (D)/""Maximilian"" (D)",NA,NA,NA,15/12/2024,© Michael Herzig-fotomich.de,Porsche,718 Cayman,GT4 RS Clubsport,NA,Result: did not finishGrid: 82nd (9:56.4340) - 96th fastest qualifier,did not finishGrid: 82nd (9:56.4340) - 96th fastest qualifier,not_finished,82,9:56.4340,NA,9:56.4340,https://www.racingsportscars.com/tn/photo/2024/TN_Nurburgring-2024-06-02-180.jpg,https://www.racingsportscars.com/photo/2024/Nurburgring-2024-06-02-180.jpg,https://www.racingsportscars.com/make/photo/Porsche.html,https://www.racingsportscars.com/type/photo/Porsche/718%20Cayman.html,https://www.racingsportscars.com/suffix/photo/Porsche/718%20Cayman/GT4%20RS%20Clubsport.html,NA
2024,500,BMW 330i Racing - BMW,NA,VT2 H,Adrenalin Motorsport Team Mainhattan Wheels (D),-,-,Philipp Leisen (D)/Daniel Zils (D)/Jacob Erlbacher (A)/Leo Messenger (F),NA,NA,NA,15/12/2024,© Michael Herzig-fotomich.de,BMW,330i,Racing,NA,Result: did not finishGrid: 96th (9:53.4310) - 95th fastest qualifier,did not finishGrid: 96th (9:53.4310) - 95th fastest qualifier,not_finished,96,9:53.4310,NA,9:53.4310,https://www.racingsportscars.com/tn/photo/2024/TN_Nurburgring-2024-06-02-500.jpg,https://www.racingsportscars.com/photo/2024/Nurburgring-2024-06-02-500.jpg,https://www.racingsportscars.com/make/photo/BMW.html,https://www.racingsportscars.com/type/photo/BMW/330i.html,https://www.racingsportscars.com/suffix/photo/BMW/330i/Racing.html,NA
2024,34,Aston Martin Vantage AMR GT3 Evo - Aston Martin Mercedes-AMG M177/AMR V8/90° 4v DOHC 3982 cc 2xBorg Warner,NA,SP9,Walkenhorst Motorsport (D),Closed bodywork,Front-engined,Christian Krognes (N)/Kuba Giermaziak (PL)/David Pittard (GB)/Nicki Thiim (DK),NA,NA,NA,15/12/2024,© Michael Herzig-fotomich.de,Aston Martin,Vantage AMR,GT3 Evo,NA,Result: did not finishGrid: 19th (8:14.3930) - 15th fastest qualifier,did not finishGrid: 19th (8:14.3930) - 15th fastest qualifier,not_finished,19,8:14.3930,NA,8:14.3930,https://www.racingsportscars.com/tn/photo/2024/TN_Nurburgring-2024-06-02-034.jpg,https://www.racingsportscars.com/photo/2024/Nurburgring-2024-06-02-034.jpg,https://www.racingsportscars.com/make/photo/Aston%20Martin.html,https://www.racingsportscars.com/type/photo/Aston%20Martin/Vantage%20AMR.html,https://www.racingsportscars.com/suffix/photo/Aston%20Martin/Vantage%20AMR/GT3%20Evo.html,NA
2024,165,Porsche 718 Cayman GT4 RS Clubsport - Porsche F6 4v DOHC 3966 cc N/A,NA,SP10,Schmickler Performance powered by Ravenol (D),Closed bodywork,Mid-engined,Achim Wawer (D)/Claudius Karch (D)/Ivan Jacoma (CH)/Kai Riemer (D),NA,NA,NA,15/12/2024,© Michael Herzig-fotomich.de,Porsche,718 Cayman,GT4 RS Clubsport,NA,Result: did not finishGrid: 54th (9:01.7340) - 55th fastest qualifier,did not finishGrid: 54th (9:01.7340) - 55th fastest qualifier,not_finished,54,9:01.7340,NA,9:01.7340,https://www.racingsportscars.com/tn/photo/2024/TN_Nurburgring-2024-06-02-165.jpg,https://www.racingsportscars.com/photo/2024/Nurburgring-2024-06-02-165.jpg,https://www.racingsportscars.com/make/photo/Porsche.html,https://www.racingsportscars.com/type/photo/Porsche/718%20Cayman.html,https://www.racingsportscars.com/suffix/photo/Porsche/718%20Cayman/GT4%20RS%20Clubsport.html,NA
2024,17,Aston Martin Vantage AMR GT3 - Aston Martin Mercedes-AMG M177/AMR V8/90° 4v DOHC 3982 cc 2xBorg Warner,NA,SP9,PROsport-Racing (D),Closed bodywork,Front-engined,Marek Böckmann (D)/Nico Bastian (D)/Hugo Sasse (D)/Ben Green (GB),NA,NA,NA,15/12/2024,© Michael Herzig-fotomich.de,Aston Martin,Vantage AMR,GT3,NA,Result: did not finishGrid: 20th (8:14.4740) - 16th fastest qualifier,did not finishGrid: 20th (8:14.4740) - 16th fastest qualifier,not_finished,20,8:14.4740,NA,8:14.4740,https://www.racingsportscars.com/tn/photo/2024/TN_Nurburgring-2024-06-02-017.jpg,https://www.racingsportscars.com/photo/2024/Nurburgring-2024-06-02-017.jpg,https://www.racingsportscars.com/make/photo/Aston%20Martin.html,https://www.racingsportscars.com/type/photo/Aston%20Martin/Vantage%20AMR.html,https://www.racingsportscars.com/suffix/photo/Aston%20Martin/Vantage%20AMR/GT3.html,NA
2024,99,BMW M4 G82 GT3 #22011 - BMW P58 L6 4v DOHC 2993 cc M TwinPower Turbo,NA,SP9,Rowe Racing (D),Closed bodywork,Front-engined,Robin Frijns (NL)/Sheldon van der Linde (ZA)/Dries Vanthoor (B)/Augusto Farfus (BR),NA,NA,NA,15/12/2024,© Michael Herzig-fotomich.de,BMW,M4,G82 GT3,#22011,Result: did not finishGrid: 7th (8:12.1570),did not finishGrid: 7th (8:12.1570),not_finished,7,8:12.1570,NA,8:12.1570,https://www.racingsportscars.com/tn/photo/2024/TN_Nurburgring-2024-06-02-099.jpg,https://www.racingsportscars.com/photo/2024/Nurburgring-2024-06-02-099.jpg,https://www.racingsportscars.com/make/photo/BMW.html,https://www.racingsportscars.com/type/photo/BMW/M4.html,https://www.racingsportscars.com/suffix/photo/BMW/M4/G82%20GT3.html,https://www.racingsportscars.com/chassis/photo/G82-M4%20GT3%2022011.html
2024,446,Porsche Cayman CM12 - Porsche,NA,V5,Fastlane Racing (D),-,-,Benedikt Höpfer (D)/Stefan Gaukler (D)/Jacek Pydys (PL)/Marcel Haas (D),NA,NA,NA,15/12/2024,© Michael Herzig-fotomich.de,Porsche,Cayman,CM12,NA,Result: did not finishGrid: 95th (9:52.8950) - 94th fastest qualifier,did not finishGrid: 95th (9:52.8950) - 94th fastest qualifier,not_finished,95,9:52.8950,NA,9:52.8950,https://www.racingsportscars.com/tn/photo/2024/TN_Nurburgring-2024-06-02-446.jpg,https://www.racingsportscars.com/photo/2024/Nurburgring-2024-06-02-446.jpg,https://www.racingsportscars.com/make/photo/Porsche.html,https://www.racingsportscars.com/type/photo/Porsche/Cayman.html,https://www.racingsportscars.com/suffix/photo/Porsche/Cayman/CM12.html,NA
2024,420,Porsche 718 Cayman GT4 Clubsport - Porsche F6 4v DOHC 3800 cc N/A,NA,AT3,Four Motors GmbH (D),Closed bodywork,Mid-engined,Matthias Beckwermert (D)/Jacqueline Kreutzpointner (D)/Alesia Kreutzpointner (D)/Marc Schöni (CH),NA,NA,NA,15/12/2024,© Michael Herzig-fotomich.de,Porsche,718 Cayman,GT4 Clubsport,NA,Result: did not finishGrid: 62nd (9:08.1600) - 63rd fastest qualifier,did not finishGrid: 62nd (9:08.1600) - 63rd fastest qualifier,not_finished,62,9:08.1600,NA,9:08.1600,https://www.racingsportscars.com/tn/photo/2024/TN_Nurburgring-2024-06-02-420.jpg,https://www.racingsportscars.com/photo/2024/Nurburgring-2024-06-02-420.jpg,https://www.racingsportscars.com/make/photo/Porsche.html,https://www.racingsportscars.com/type/photo/Porsche/718%20Cayman.html,https://www.racingsportscars.com/suffix/photo/Porsche/718%20Cayman/GT4%20Clubsport.html,NA
2024,147,BMW M4 G82 GT4 - BMW S58 L6 4v DOHC 2993 cc Twin-Turbo,NA,SP8T,Giti Tire Motorsport by WS Racing (SGP),Closed bodywork,Front-engined,Ulrich Schmidt (D)/Lukas Drost (D)/Micah Stanley (MC)DNS: Andreas Simon (CH),NA,NA,NA,15/12/2024,© Michael Herzig-fotomich.de,BMW,M4,G82 GT4,NA,Result: did not finishGrid: 74th (9:29.1110) - 78th fastest qualifier,did not finishGrid: 74th (9:29.1110) - 78th fastest qualifier,not_finished,74,9:29.1110,NA,9:29.1110,https://www.racingsportscars.com/tn/photo/2024/TN_Nurburgring-2024-06-02-147.jpg,https://www.racingsportscars.com/photo/2024/Nurburgring-2024-06-02-147.jpg,https://www.racingsportscars.com/make/photo/BMW.html,https://www.racingsportscars.com/type/photo/BMW/M4.html,https://www.racingsportscars.com/suffix/photo/BMW/M4/G82%20GT4.html,NA
2024,507,BMW 125i Racing - BMW,NA,VT2 H,Giti Tire Motorsport by WS Racing (SGP),-,-,Matthias Möller (D)/Fabian Pirrone (D)/Jan Ullrich (D)/Raphael Klingmann (D),NA,NA,NA,15/12/2024,© Michael Herzig-fotomich.de,BMW,125i,Racing,NA,Result: did not finishGrid: 121st (10:54.2140) - 123rd fastest qualifier,did not finishGrid: 121st (10:54.2140) - 123rd fastest qualifier,not_finished,121,10:54.2140,NA,10:54.2140,https://www.racingsportscars.com/tn/photo/2024/TN_Nurburgring-2024-06-02-507.jpg,https://www.racingsportscars.com/photo/2024/Nurburgring-2024-06-02-507.jpg,https://www.racingsportscars.com/make/photo/BMW.html,https://www.racingsportscars.com/type/photo/BMW/125i.html,https://www.racingsportscars.com/suffix/photo/BMW/125i/Racing.html,NA
2024,10,VW Golf VII GTI TCR DSG - VW,NA,AT3,Max Kruse Racing (D),-,-,Emir Asari (TR)/Timo Hochwind (D)/Benjamin Cartery (F)/Matthias Wasel (D),NA,NA,NA,15/12/2024,© Michael Herzig-fotomich.de,VW,Golf,VII GTI TCR DSG,NA,Result: did not finishGrid: 70th (9:18.2530) - 73rd fastest qualifier,did not finishGrid: 70th (9:18.2530) - 73rd fastest qualifier,not_finished,70,9:18.2530,NA,9:18.2530,https://www.racingsportscars.com/tn/photo/2024/TN_Nurburgring-2024-06-02-010.jpg,https://www.racingsportscars.com/photo/2024/Nurburgring-2024-06-02-010.jpg,https://www.racingsportscars.com/make/photo/VW.html,https://www.racingsportscars.com/type/photo/VW/Golf.html,https://www.racingsportscars.com/suffix/photo/VW/Golf/VII%20GTI%20TCR%20DSG.html,NA
2024,176,Aston Martin Vantage AMR GT4 - Aston Martin Mercedes-AMG M177/AMR V8/90° 4v DOHC 3982 cc Twin-Turbo,NA,SP8T,PROsport-Racing (D),Closed bodywork,Front-engined,Arno Klasen (D)/Eric Ullström (S)/Lorenzo Rocco (CH)/Jörg Viebahn (D),NA,NA,NA,15/12/2024,© Michael Herzig-fotomich.de,Aston Martin,Vantage AMR,GT4,NA,Result: did not finishGrid: 84th (9:15.6270) - 71st fastest qualifier,did not finishGrid: 84th (9:15.6270) - 71st fastest qualifier,not_finished,84,9:15.6270,NA,9:15.6270,https://www.racingsportscars.com/tn/photo/2024/TN_Nurburgring-2024-06-02-176.jpg,https://www.racingsportscars.com/photo/2024/Nurburgring-2024-06-02-176.jpg,https://www.racingsportscars.com/make/photo/Aston%20Martin.html,https://www.racingsportscars.com/type/photo/Aston%20Martin/Vantage%20AMR.html,https://www.racingsportscars.com/suffix/photo/Aston%20Martin/Vantage%20AMR/GT4.html,NA
2024,702,BMW 325i L - BMW,NA,V4,IFB powered by QTQ-Raceperformance (D),-,-,Jürgen Huber (D)/Simon Sagmeister (D)/Oliver Frisse (D)/Richard Gresek (D),NA,NA,NA,15/12/2024,© Michael Herzig-fotomich.de,BMW,325i L,NA,NA,Result: did not finishGrid: 111th (10:26.8110),did not finishGrid: 111th (10:26.8110),not_finished,111,10:26.8110,NA,10:26.8110,https://www.racingsportscars.com/tn/photo/2024/TN_Nurburgring-2024-06-02-702.jpg,https://www.racingsportscars.com/photo/2024/Nurburgring-2024-06-02-702.jpg,https://www.racingsportscars.com/make/photo/BMW.html,https://www.racingsportscars.com/type/photo/BMW/325i%20L.html,NA,NA
2024,77,BMW M4 G82 GT4 - BMW S58 L6 4v DOHC 2993 cc Twin-Turbo,NA,SP10,Black Falcon (D),Closed bodywork,Front-engined,Charles Espenlaub (USA)/Ryan Harrison (USA)/Mike Skeen (USA)/Alexandru Vasilescu (RO),NA,NA,NA,15/12/2024,© Michael Herzig-fotomich.de,BMW,M4,G82 GT4,NA,Result: did not finishGrid: 60th (9:05.2200) - 61st fastest qualifier,did not finishGrid: 60th (9:05.2200) - 61st fastest qualifier,not_finished,60,9:05.2200,NA,9:05.2200,https://www.racingsportscars.com/tn/photo/2024/TN_Nurburgring-2024-06-02-077.jpg,https://www.racingsportscars.com/photo/2024/Nurburgring-2024-06-02-077.jpg,https://www.racingsportscars.com/make/photo/BMW.html,https://www.racingsportscars.com/type/photo/BMW/M4.html,https://www.racingsportscars.com/suffix/photo/BMW/M4/G82%20GT4.html,NA
2024,949,Porsche 718 Cayman GT4 Clubsport - Porsche F6 4v DOHC 3800 cc N/A,NA,Cup 3,SRS Team Sorg Rennsport (D),Closed bodywork,Mid-engined,Björn Simon (D)/Philipp Hagnauer (CH)/Harley Haughton (GB)/Edoardo Buganè (I),NA,NA,NA,15/12/2024,© Michael Herzig-fotomich.de,Porsche,718 Cayman,GT4 Clubsport,NA,Result: did not finishGrid: 65th (9:09.8950) - 66th fastest qualifier,did not finishGrid: 65th (9:09.8950) - 66th fastest qualifier,not_finished,65,9:09.8950,NA,9:09.8950,https://www.racingsportscars.com/tn/photo/2024/TN_Nurburgring-2024-06-02-949.jpg,https://www.racingsportscars.com/photo/2024/Nurburgring-2024-06-02-949.jpg,https://www.racingsportscars.com/make/photo/Porsche.html,https://www.racingsportscars.com/type/photo/Porsche/718%20Cayman.html,https://www.racingsportscars.com/suffix/photo/Porsche/718%20Cayman/GT4%20Clubsport.html,NA
2024,680,BMW M240i Racing Cup - BMW,NA,M240i,Up2race (D),-,-,Kevin Wambach (D)/Daniel Dörrschuck (D)/Carlo Scholl (D)/Jannik Reinhard (D),NA,NA,NA,15/12/2024,© Michael Herzig-fotomich.de,BMW,M240i,Racing Cup,NA,Result: did not finishGrid: 92nd (9:43.8540) - 86th fastest qualifier,did not finishGrid: 92nd (9:43.8540) - 86th fastest qualifier,not_finished,92,9:43.8540,NA,9:43.8540,https://www.racingsportscars.com/tn/photo/2024/TN_Nurburgring-2024-06-02-680.jpg,https://www.racingsportscars.com/photo/2024/Nurburgring-2024-06-02-680.jpg,https://www.racingsportscars.com/make/photo/BMW.html,https://www.racingsportscars.com/type/photo/BMW/M240i.html,https://www.racingsportscars.com/suffix/photo/BMW/M240i/Racing%20Cup.html,NA
2024,124,Porsche 992 GT3 Cup - Porsche F6 4v DOHC 3996 cc N/A,NA,Cup 2,Mühlner Motorsport (B),Closed bodywork,Rear-engined,Peter Terting (D)/Moritz Kranz (D)/Tobias Vazquez (I)/Alex Brundle (GB),NA,NA,NA,15/12/2024,© Michael Herzig-fotomich.de,Porsche,992 GT3 Cup,NA,NA,Result: did not finishGrid: 37th (8:40.0830),did not finishGrid: 37th (8:40.0830),not_finished,37,8:40.0830,NA,8:40.0830,https://www.racingsportscars.com/tn/photo/2024/TN_Nurburgring-2024-06-02-124.jpg,https://www.racingsportscars.com/photo/2024/Nurburgring-2024-06-02-124.jpg,https://www.racingsportscars.com/make/photo/Porsche.html,https://www.racingsportscars.com/type/photo/Porsche/992%20GT3%20Cup.html,NA,NA
