year,number,car_title,result,group,entrant,bodywork,engine,drivers,sponsor,colour,tyre,updated,contributor,make,model,suffix,chassis,result_raw,result_txt,result_status,grid,grid_time,finish_gap,dnf_reason,thumb_url,photo_url,make_url,model_url,suffix_url,chassis_url
2025,98,BMW M4 G82 GT3 Evo - BMW P58 L6 4v DOHC 2993 cc M TwinPower Turbo,1,SP9,Rowe Racing (D),Closed bodywork,Front-engined,Augusto Farfus (BR)/Jesse Krohn (FIN)/Raffaele Marciello (I)/Kelvin van der Linde (ZA),NA,NA,NA,03/05/2026,Thomas Morper,BMW,M4,G82 GT3 Evo,NA,Result: winner - (148.820 kph) - margin: 1m17s810Grid: 17th (8:16.7380) - 15th fastest qualifier,winner - (148.820 kph) - margin: 1m17s810Grid: 17th (8:16.7380) - 15th fastest qualifier,finished,17,8:16.7380,148.820 kph,NA,https://www.racingsportscars.com/tn/photo/2025/TN_Nurburgring-2025-06-22-098.jpg,https://www.racingsportscars.com/NA,https://www.racingsportscars.com/make/photo/BMW.html,https://www.racingsportscars.com/type/photo/BMW/M4.html,https://www.racingsportscars.com/suffix/photo/BMW/M4/G82%20GT3%20Evo.html,NA
2025,911,Porsche 992 GT3 R I - Porsche M97/80 F6 4v DOHC 4194 cc N/A,2,SP9,Manthey EMA (D),Closed bodywork,Rear-engined,"Kevin Estre (F)/Ayhancan Güven (TR)/Thomas Preining (A)listed, never drove: Matthias Benndorf (D)",NA,NA,NA,03/05/2026,Thomas Morper,Porsche,992 GT3 R,I,NA,Result: 2nd (1m17s810 behind the winner)Grid: 1st (8:12.7410) - 4th fastest qualifier,2nd (1m17s810 behind the winner)Grid: 1st (8:12.7410) - 4th fastest qualifier,finished,1,8:12.7410,1m17s810 behind the winner,NA,https://www.racingsportscars.com/tn/photo/2025/TN_Nurburgring-2025-06-22-911.jpg,https://www.racingsportscars.com/NA,https://www.racingsportscars.com/make/photo/Porsche.html,https://www.racingsportscars.com/type/photo/Porsche/992%20GT3%20R.html,https://www.racingsportscars.com/suffix/photo/Porsche/992%20GT3%20R/I.html,NA
2025,54,Porsche 992 GT3 R I - Porsche M97/80 F6 4v DOHC 4194 cc N/A,3,SP9,Dinamic GT SRL (I),Closed bodywork,Rear-engined,Bastian Buus (DK)/Matteo Cairoli (I)/Loek Hartog (NL)/Joel Sturm (D),NA,NA,NA,03/05/2026,Thomas Morper,Porsche,992 GT3 R,I,NA,Result: 3rd (1 lap behind the winner)Grid: 19th (8:19.0500) - 18th fastest qualifier,3rd (1 lap behind the winner)Grid: 19th (8:19.0500) - 18th fastest qualifier,finished,19,8:19.0500,1 lap behind the winner,NA,https://www.racingsportscars.com/tn/photo/2025/TN_Nurburgring-2025-06-22-054.jpg,https://www.racingsportscars.com/NA,https://www.racingsportscars.com/make/photo/Porsche.html,https://www.racingsportscars.com/type/photo/Porsche/992%20GT3%20R.html,https://www.racingsportscars.com/suffix/photo/Porsche/992%20GT3%20R/I.html,NA
2025,65,Ford Mustang GT3 Gen 7 #FP GT3 016 (Multimatic) - Ford Coyote V8/90° 4v DOHC 5408 cc N/A,4,SP9,HRT Ford Performance (D),Closed bodywork,Front-engined,Dennis Fetzer (D)/David Schumacher (D)/Salman Owega (D)/Jusuf Owega (D),NA,NA,NA,03/05/2026,Thomas Morper,Ford,Mustang GT3,Gen 7,#FP GT3 016,Result: 4th (1 lap behind the winner)Grid: 25th (8:30.3860),4th (1 lap behind the winner)Grid: 25th (8:30.3860),finished,25,8:30.3860,1 lap behind the winner,NA,https://www.racingsportscars.com/tn/photo/2025/TN_Nurburgring-2025-06-22-065.jpg,https://www.racingsportscars.com/NA,https://www.racingsportscars.com/make/photo/Ford.html,https://www.racingsportscars.com/type/photo/Ford/Mustang%20GT3.html,https://www.racingsportscars.com/suffix/photo/Ford/Mustang%20GT3/Gen%207.html,https://www.racingsportscars.com/chassis/photo/FP%20GT3%20016.html
2025,28,Lamborghini Huracán GT3 Evo2 - Lamborghini V10/90° 4v DOHC 5204 cc N/A,5,SP9,Abt Sportsline (D),Closed bodywork,Mid-engined,Marco Mapelli (I)/Christian Engelhart (D)/Luca Engstler (D),NA,NA,NA,03/05/2026,Thomas Morper,Lamborghini,Huracán,GT3 Evo2,NA,Result: 5th (1 lap behind the winner)Grid: 6th (8:11.6470) - 2nd fastest qualifier,5th (1 lap behind the winner)Grid: 6th (8:11.6470) - 2nd fastest qualifier,finished,6,8:11.6470,1 lap behind the winner,NA,https://www.racingsportscars.com/tn/photo/2025/TN_Nurburgring-2025-06-22-028.jpg,https://www.racingsportscars.com/NA,https://www.racingsportscars.com/make/photo/Lamborghini.html,https://www.racingsportscars.com/type/photo/Lamborghini/Hurac%c3%a1n.html,https://www.racingsportscars.com/suffix/photo/Lamborghini/Hurac%c3%a1n/GT3%20Evo2.html,NA
2025,84,Audi R8 LMS GT3 Evo II - Audi V10/90° 4v DOHC 5205 cc N/A,6,SP9,Eastalent Racing Team (A),Closed bodywork,Mid-engined,Simon Reicher (A)/Christian Klien (A)/Norbert Siedler (A)/Max Hofer (A),NA,NA,NA,03/05/2026,Thomas Morper,Audi,R8 LMS,GT3 Evo II,NA,Result: 6th (4 laps behind the winner)Grid: 16th (8:16.5500) - 14th fastest qualifier,6th (4 laps behind the winner)Grid: 16th (8:16.5500) - 14th fastest qualifier,finished,16,8:16.5500,4 laps behind the winner,NA,https://www.racingsportscars.com/tn/photo/2025/TN_Nurburgring-2025-06-22-084.jpg,https://www.racingsportscars.com/NA,https://www.racingsportscars.com/make/photo/Audi.html,https://www.racingsportscars.com/type/photo/Audi/R8%20LMS.html,https://www.racingsportscars.com/suffix/photo/Audi/R8%20LMS/GT3%20Evo%20II.html,NA
2025,37,Aston Martin Vantage AMR GT3 - Aston Martin Mercedes-AMG M177/AMR V8/90° 4v DOHC 3982 cc 2xBorg Warner,7,SP9,PROsport Racing GmbH (D),Closed bodywork,Front-engined,Steven Palette (F)/Marek Böckmann (D)/Nico Bastian (D),NA,NA,NA,03/05/2026,Thomas Morper,Aston Martin,Vantage AMR,GT3,NA,Result: 7th (4 laps behind the winner)Grid: 13th (8:14.6000) - 10th fastest qualifier,7th (4 laps behind the winner)Grid: 13th (8:14.6000) - 10th fastest qualifier,finished,13,8:14.6000,4 laps behind the winner,NA,https://www.racingsportscars.com/tn/photo/2025/TN_Nurburgring-2025-06-22-037.jpg,https://www.racingsportscars.com/NA,https://www.racingsportscars.com/make/photo/Aston%20Martin.html,https://www.racingsportscars.com/type/photo/Aston%20Martin/Vantage%20AMR.html,https://www.racingsportscars.com/suffix/photo/Aston%20Martin/Vantage%20AMR/GT3.html,NA
2025,7,Lamborghini Huracán GT3 - Lamborghini V10/90° 4v DOHC 5204 cc N/A,8,SP9,Konrad Motorsport GmbH (A),Closed bodywork,Mid-engined,Danny Soufi (USA)/Maximilian Paul (D)/Peter Elkmann (D)/Pavel Lefterov (BG),NA,NA,NA,03/05/2026,Thomas Morper,Lamborghini,Huracán,GT3,NA,Result: 8th (4 laps behind the winner)Grid: 15th (8:16.5140) - 13th fastest qualifier,8th (4 laps behind the winner)Grid: 15th (8:16.5140) - 13th fastest qualifier,finished,15,8:16.5140,4 laps behind the winner,NA,https://www.racingsportscars.com/tn/photo/2025/TN_Nurburgring-2025-06-22-007.jpg,https://www.racingsportscars.com/NA,https://www.racingsportscars.com/make/photo/Lamborghini.html,https://www.racingsportscars.com/type/photo/Lamborghini/Hurac%c3%a1n.html,https://www.racingsportscars.com/suffix/photo/Lamborghini/Hurac%c3%a1n/GT3.html,NA
2025,55,Porsche 992 GT3 R I - Porsche M97/80 F6 4v DOHC 4194 cc N/A,9,SP9,Hankook Competition Europe GmbH (ROK),Closed bodywork,Rear-engined,Jong Kyum Kim (ROK)/Roelof Bruins (NL)/Marco Holzer (D)/Steven Cho (CDN),NA,NA,NA,03/05/2026,Thomas Morper,Porsche,992 GT3 R,I,NA,Result: 9th (5 laps behind the winner)Grid: 22nd (8:25.8060) - 24th fastest qualifier,9th (5 laps behind the winner)Grid: 22nd (8:25.8060) - 24th fastest qualifier,finished,22,8:25.8060,5 laps behind the winner,NA,https://www.racingsportscars.com/tn/photo/2025/TN_Nurburgring-2025-06-22-055.jpg,https://www.racingsportscars.com/photo/2025/Nurburgring-2025-06-22-055.jpg,https://www.racingsportscars.com/make/photo/Porsche.html,https://www.racingsportscars.com/type/photo/Porsche/992%20GT3%20R.html,https://www.racingsportscars.com/suffix/photo/Porsche/992%20GT3%20R/I.html,NA
2025,786,Lamborghini Huracán GT3 Evo2 - Lamborghini V10/90° 4v DOHC 5204 cc N/A,10,SP9,Renazzo Motorsport Team (T),Closed bodywork,Mid-engined,Kiki Sak Nana (T)/Christoph Breuer (D)/Thomas Mutsch (D)/Dieter Schmidtmann (D),NA,NA,NA,03/05/2026,Thomas Morper,Lamborghini,Huracán,GT3 Evo2,NA,Result: 10th (6 laps behind the winner)Grid: 21st (8:25.5000) - 23rd fastest qualifier,10th (6 laps behind the winner)Grid: 21st (8:25.5000) - 23rd fastest qualifier,finished,21,8:25.5000,6 laps behind the winner,NA,https://www.racingsportscars.com/tn/photo/2025/TN_Nurburgring-2025-06-22-786.jpg,https://www.racingsportscars.com/NA,https://www.racingsportscars.com/make/photo/Lamborghini.html,https://www.racingsportscars.com/type/photo/Lamborghini/Hurac%c3%a1n.html,https://www.racingsportscars.com/suffix/photo/Lamborghini/Hurac%c3%a1n/GT3%20Evo2.html,NA
2025,948,Porsche 992 GT3 Cup - Porsche F6 4v DOHC 3996 cc N/A,11,Cup 2,48 Losch Motorsport by Black Falcon (D),Closed bodywork,Rear-engined,Tobias Müller (D)/Noah Nagelsdiek (D)/Dylan Pereira (L)/Carlos Rivas (L),NA,NA,NA,03/05/2026,Thomas Morper,Porsche,992 GT3 Cup,NA,NA,Result: 11th 1st in Cup 2 (6 laps behind the winner)Grid: 28th (8:31.2300) - 26th fastest qualifier,11th 1st in Cup 2 (6 laps behind the winner)Grid: 28th (8:31.2300) - 26th fastest qualifier,finished,28,8:31.2300,6 laps behind the winner,NA,https://www.racingsportscars.com/tn/photo/2025/TN_Nurburgring-2025-06-22-948.jpg,https://www.racingsportscars.com/NA,https://www.racingsportscars.com/make/photo/Porsche.html,https://www.racingsportscars.com/type/photo/Porsche/992%20GT3%20Cup.html,NA,NA
2025,8,Audi R8 LMS GT3 Evo II # - Audi V10/90° 4v DOHC 5205 cc N/A,12,SP9,Juta Racing (LT),Closed bodywork,Mid-engined,"Alexey Veremenko (RUS)/Vasilii Selivanov (RUS)/Elia Erhart (D)/Pierre Kaffer (D)listed, never drove: Frank Stippler (D)",NA,NA,NA,03/05/2026,Thomas Morper,Audi,R8 LMS,GT3 Evo II,#,Result: 12th (6 laps behind the winner)Grid: 11th (8:24.2170) - 22nd fastest qualifier,12th (6 laps behind the winner)Grid: 11th (8:24.2170) - 22nd fastest qualifier,finished,11,8:24.2170,6 laps behind the winner,NA,https://www.racingsportscars.com/tn/photo/2025/TN_Nurburgring-2025-06-22-008.jpg,https://www.racingsportscars.com/NA,https://www.racingsportscars.com/make/photo/Audi.html,https://www.racingsportscars.com/type/photo/Audi/R8%20LMS.html,https://www.racingsportscars.com/suffix/photo/Audi/R8%20LMS/GT3%20Evo%20II.html,https://www.racingsportscars.com/chassis/photo/AS4SAFGT201700067.html
2025,11,Mercedes-AMG GT3 Evo - Mercedes-AMG M159 V8/90° 4v DOHC 6208 cc N/A,13,SP9,SR Motorsport by Schnitzelalm (D),Closed bodywork,Front-engined,Kenneth Heyer (D)/Jay Mo Härtling (D)/Jannes Fittje (D)/Christopher Brück (D),NA,NA,NA,03/05/2026,Thomas Morper,Mercedes-AMG,GT3,Evo,NA,Result: 13th (7 laps behind the winner)Grid: 26th (8:22.5490) - 21st fastest qualifier,13th (7 laps behind the winner)Grid: 26th (8:22.5490) - 21st fastest qualifier,finished,26,8:22.5490,7 laps behind the winner,NA,https://www.racingsportscars.com/tn/photo/2025/TN_Nurburgring-2025-06-22-011.jpg,https://www.racingsportscars.com/NA,https://www.racingsportscars.com/make/photo/Mercedes-AMG.html,https://www.racingsportscars.com/type/photo/Mercedes-AMG/GT3.html,https://www.racingsportscars.com/suffix/photo/Mercedes-AMG/GT3/Evo.html,NA
2025,918,Porsche 992 GT3 Cup # - Porsche F6 4v DOHC 3996 cc N/A,14,Cup 2,Mühlner Motorsport (B),Closed bodywork,Rear-engined,Nick Salewsky (D)/Tim Scheerbarth (D)/Martin Rump (EST),NA,NA,NA,03/05/2026,Thomas Morper,Porsche,992 GT3 Cup,NA,#,Result: 14th (7 laps behind the winner)Grid: 31st (8:33.1550) - 30th fastest qualifier,14th (7 laps behind the winner)Grid: 31st (8:33.1550) - 30th fastest qualifier,finished,31,8:33.1550,7 laps behind the winner,NA,https://www.racingsportscars.com/tn/photo/2025/TN_Nurburgring-2025-06-22-918.jpg,https://www.racingsportscars.com/NA,https://www.racingsportscars.com/make/photo/Porsche.html,https://www.racingsportscars.com/type/photo/Porsche/992%20GT3%20Cup.html,NA,https://www.racingsportscars.com/chassis/photo/WP0ZZZ99ZNS298324.html
2025,901,Porsche 992 GT3 Cup - Porsche F6 4v DOHC 3996 cc N/A,15,Cup 2,SRS Team Sorg Rennsport (D),Closed bodywork,Rear-engined,"Patrik Grütter (D)/Fabio Grosse (D)listed, never drove: Oleksiy Kikireshko (UA)",NA,NA,NA,03/05/2026,Thomas Morper,Porsche,992 GT3 Cup,NA,NA,Result: 15th (8 laps behind the winner)Grid: 29th (8:32.3600) - 28th fastest qualifier,15th (8 laps behind the winner)Grid: 29th (8:32.3600) - 28th fastest qualifier,finished,29,8:32.3600,8 laps behind the winner,NA,https://www.racingsportscars.com/tn/photo/2025/TN_Nurburgring-2025-06-22-901.jpg,https://www.racingsportscars.com/NA,https://www.racingsportscars.com/make/photo/Porsche.html,https://www.racingsportscars.com/type/photo/Porsche/992%20GT3%20Cup.html,NA,NA
2025,644,Porsche 992 GT3 Cup - Porsche F6 4v DOHC 3996 cc N/A,16,AT2,Max Kruse Racing (D),Closed bodywork,Rear-engined,Dominik Fugel (D)/Marcel Fugel (D)/Moritz Oestreich (D)/Tom Coronel (NL),NA,NA,NA,03/05/2026,Thomas Morper,Porsche,992 GT3 Cup,NA,NA,Result: 16th 1st in AT2 (8 laps behind the winner)Grid: 32nd (8:34.4100) - 31st fastest qualifier,16th 1st in AT2 (8 laps behind the winner)Grid: 32nd (8:34.4100) - 31st fastest qualifier,finished,32,8:34.4100,8 laps behind the winner,NA,https://www.racingsportscars.com/tn/photo/2025/TN_Nurburgring-2025-06-22-644.jpg,https://www.racingsportscars.com/NA,https://www.racingsportscars.com/make/photo/Porsche.html,https://www.racingsportscars.com/type/photo/Porsche/992%20GT3%20Cup.html,NA,NA
2025,900,Porsche 992 GT3 Cup - Porsche F6 4v DOHC 3996 cc N/A,17,Cup 2,Black Falcon Team Zimmermann (D),Closed bodywork,Rear-engined,Alexander Hardt (D)/Maik Rosenberg (D)/Peter Ludwig (USA)/Thomas Kiefer (D),NA,NA,NA,03/05/2026,Thomas Morper,Porsche,992 GT3 Cup,NA,NA,Result: 17th (8 laps behind the winner)Grid: 30th (8:33.0800) - 29th fastest qualifier,17th (8 laps behind the winner)Grid: 30th (8:33.0800) - 29th fastest qualifier,finished,30,8:33.0800,8 laps behind the winner,NA,https://www.racingsportscars.com/tn/photo/2025/TN_Nurburgring-2025-06-22-900.jpg,https://www.racingsportscars.com/NA,https://www.racingsportscars.com/make/photo/Porsche.html,https://www.racingsportscars.com/type/photo/Porsche/992%20GT3%20Cup.html,NA,NA
2025,777,Porsche 992 GT3 Cup - Porsche F6 4v DOHC 3996 cc N/A,18,Cup 2,RPM Racing (D),Closed bodywork,Rear-engined,Tracy Krohn (USA)/Niclas Jönsson (S)/Philip Hamprecht (D)/Patrick Huisman (NL),NA,NA,NA,03/05/2026,Thomas Morper,Porsche,992 GT3 Cup,NA,NA,Result: 18th (9 laps behind the winner)Grid: 33rd (8:37.0040) - 32nd fastest qualifier,18th (9 laps behind the winner)Grid: 33rd (8:37.0040) - 32nd fastest qualifier,finished,33,8:37.0040,9 laps behind the winner,NA,https://www.racingsportscars.com/tn/photo/2025/TN_Nurburgring-2025-06-22-777.jpg,https://www.racingsportscars.com/NA,https://www.racingsportscars.com/make/photo/Porsche.html,https://www.racingsportscars.com/type/photo/Porsche/992%20GT3%20Cup.html,NA,NA
2025,59,McLaren Artura Trophy Evo,19,SP8T,Dörr Motorsport (D),-,-,"Ben Dörr (D)/Phil Dörr (D)/Volker Strycek (D)/Mike David Ortmann (D)listed, never drove: Timo Glock (D)",NA,NA,NA,03/05/2026,Thomas Morper,McLaren,Artura,Trophy Evo,NA,Result: 19th 1st in SP8T (10 laps behind the winner)Grid: 41st (8:46.9640) - 42nd fastest qualifier,19th 1st in SP8T (10 laps behind the winner)Grid: 41st (8:46.9640) - 42nd fastest qualifier,finished,41,8:46.9640,10 laps behind the winner,NA,https://www.racingsportscars.com/tn/photo/2025/TN_Nurburgring-2025-06-22-059.jpg,https://www.racingsportscars.com/NA,https://www.racingsportscars.com/make/photo/McLaren.html,https://www.racingsportscars.com/type/photo/McLaren/Artura.html,https://www.racingsportscars.com/suffix/photo/McLaren/Artura/Trophy%20Evo.html,NA
2025,718,Porsche 718 Cayman GT4 RS Clubsport - Porsche F6 4v DOHC 3966 cc N/A,20,AT2,Manthey Racing GmbH (D),Closed bodywork,Mid-engined,Georg Griesemann (D)/Björn Griesemann (D)/Dirk Adorf (D)/Yves Volte (D),NA,NA,NA,03/05/2026,Thomas Morper,Porsche,718 Cayman,GT4 RS Clubsport,NA,Result: 20th (11 laps behind the winner)Grid: 35th (8:38.8710),20th (11 laps behind the winner)Grid: 35th (8:38.8710),finished,35,8:38.8710,11 laps behind the winner,NA,https://www.racingsportscars.com/tn/photo/2025/TN_Nurburgring-2025-06-22-718.jpg,https://www.racingsportscars.com/NA,https://www.racingsportscars.com/make/photo/Porsche.html,https://www.racingsportscars.com/type/photo/Porsche/718%20Cayman.html,https://www.racingsportscars.com/suffix/photo/Porsche/718%20Cayman/GT4%20RS%20Clubsport.html,NA
2025,150,BMW M4 G82 GT4 Evo - BMW S58 L6 4v DOHC 2993 cc Twin-Turbo,21,SP8T,Team Bilstein by Black Falcon (USA),Closed bodywork,Front-engined,Jimmy Broadbent (GB)/Steve Alvarez Brown (GB)/Mikhail Charoudin (D)/Manuel Metzger (D),NA,NA,NA,03/05/2026,Thomas Morper,BMW,M4,G82 GT4 Evo,NA,Result: 21st (11 laps behind the winner)Grid: 44th (8:51.1740) - 45th fastest qualifier,21st (11 laps behind the winner)Grid: 44th (8:51.1740) - 45th fastest qualifier,finished,44,8:51.1740,11 laps behind the winner,NA,https://www.racingsportscars.com/tn/photo/2025/TN_Nurburgring-2025-06-22-150.jpg,https://www.racingsportscars.com/NA,https://www.racingsportscars.com/make/photo/BMW.html,https://www.racingsportscars.com/type/photo/BMW/M4.html,https://www.racingsportscars.com/suffix/photo/BMW/M4/G82%20GT4%20Evo.html,NA
2025,830,Hyundai Elantra N TCR,22,TCR,Hyundai Motorsport/Target Competition (ROK),-,-,Manuel Lauck (D)/Marc Basseng (D)/Christer Jöns (D),NA,NA,NA,03/05/2026,Thomas Morper,Hyundai,Elantra,N TCR,NA,Result: 22nd 1st in TCR (11 laps behind the winner)Grid: 46th (8:52.9240) - 48th fastest qualifier,22nd 1st in TCR (11 laps behind the winner)Grid: 46th (8:52.9240) - 48th fastest qualifier,finished,46,8:52.9240,11 laps behind the winner,NA,https://www.racingsportscars.com/tn/photo/2025/TN_Nurburgring-2025-06-22-830.jpg,https://www.racingsportscars.com/NA,https://www.racingsportscars.com/make/photo/Hyundai.html,https://www.racingsportscars.com/type/photo/Hyundai/Elantra.html,https://www.racingsportscars.com/suffix/photo/Hyundai/Elantra/N%20TCR.html,NA
2025,904,Porsche 992 GT3 Cup - Porsche F6 4v DOHC 3996 cc N/A,23,Cup 2,Mühlner Motorsport (B),Closed bodywork,Rear-engined,"Antal Zsigo (SK)/Janis Waldow (D)/Christopher Rink (D)/Kai Riemer (D)listed, never drove: Michael Rebhan (D)",NA,NA,NA,03/05/2026,Thomas Morper,Porsche,992 GT3 Cup,NA,NA,Result: 23rd (12 laps behind the winner)Grid: 40th (8:46.5840) - 41st fastest qualifier,23rd (12 laps behind the winner)Grid: 40th (8:46.5840) - 41st fastest qualifier,finished,40,8:46.5840,12 laps behind the winner,NA,https://www.racingsportscars.com/tn/photo/2025/TN_Nurburgring-2025-06-22-904.jpg,https://www.racingsportscars.com/NA,https://www.racingsportscars.com/make/photo/Porsche.html,https://www.racingsportscars.com/type/photo/Porsche/992%20GT3%20Cup.html,NA,NA
2025,19,VW Golf VIII GTI Clubsport 24h - VW,24,AT3,Max Kruse Racing (D),-,-,"Benjamin Leuchter (D)/Johan Kristoffersson (S)/Heiko Hammel (D)/Nico Otto (D)listed, never drove: Christian Gebhardt (D), Fabian Vettel (D), Jasmin Preisig (CH), Timo Hochwind (D)",NA,NA,NA,03/05/2026,Thomas Morper,VW,Golf,VIII GTI Clubsport 24h,NA,Result: 24th 1st in AT3 (13 laps behind the winner)Grid: 47th (8:53.0730) - 49th fastest qualifier,24th 1st in AT3 (13 laps behind the winner)Grid: 47th (8:53.0730) - 49th fastest qualifier,finished,47,8:53.0730,13 laps behind the winner,NA,https://www.racingsportscars.com/tn/photo/2025/TN_Nurburgring-2025-06-22-019.jpg,https://www.racingsportscars.com/NA,https://www.racingsportscars.com/make/photo/VW.html,https://www.racingsportscars.com/type/photo/VW/Golf.html,https://www.racingsportscars.com/suffix/photo/VW/Golf/VIII%20GTI%20Clubsport%2024h.html,NA
2025,831,Hyundai Elantra N TCR,25,TCR,Hyundai Motorsport/Target Competition (ROK),-,-,Mason Filippi (USA)/Robert Wickens (CDN)/Michael James Lewis (USA)/Bryson Morris (USA),NA,NA,NA,03/05/2026,Thomas Morper,Hyundai,Elantra,N TCR,NA,Result: 25th (14 laps behind the winner)Grid: 55th (9:00.8310) - 58th fastest qualifier,25th (14 laps behind the winner)Grid: 55th (9:00.8310) - 58th fastest qualifier,finished,55,9:00.8310,14 laps behind the winner,NA,https://www.racingsportscars.com/tn/photo/2025/TN_Nurburgring-2025-06-22-831.jpg,https://www.racingsportscars.com/NA,https://www.racingsportscars.com/make/photo/Hyundai.html,https://www.racingsportscars.com/type/photo/Hyundai/Elantra.html,https://www.racingsportscars.com/suffix/photo/Hyundai/Elantra/N%20TCR.html,NA
2025,962,Porsche 718 Cayman GT4 Clubsport MR - Porsche F6 4v DOHC 3800 cc N/A,26,Cup 3,W&S Motorsport (D),Closed bodywork,Mid-engined,"Joshua Bednarski (F)/Finn Zulauf (D)/Lorenz Stegmann (D)/Moritz Oberheim (D)listed, never drove: Kai Riemer (D)",NA,NA,NA,03/05/2026,Thomas Morper,Porsche,718 Cayman,GT4 Clubsport MR,NA,Result: 26th 1st in Cup 3 (14 laps behind the winner)Grid: 52nd (8:59.4760) - 55th fastest qualifier,26th 1st in Cup 3 (14 laps behind the winner)Grid: 52nd (8:59.4760) - 55th fastest qualifier,finished,52,8:59.4760,14 laps behind the winner,NA,https://www.racingsportscars.com/tn/photo/2025/TN_Nurburgring-2025-06-22-962.jpg,https://www.racingsportscars.com/NA,https://www.racingsportscars.com/make/photo/Porsche.html,https://www.racingsportscars.com/type/photo/Porsche/718%20Cayman.html,https://www.racingsportscars.com/suffix/photo/Porsche/718%20Cayman/GT4%20Clubsport%20MR.html,NA
2025,320,Porsche 992 GT3 Cup - Porsche F6 4v DOHC 3996 cc N/A,27,AT2,Four Motors GmbH (D),Closed bodywork,Rear-engined,"""Smudo"" (D)/Ralf-Peter Bonk (D)/Michelle Halder (D)/Marco van Ramshorst (NL)listed, never drove: Thomas von Löwis of Menar (D), Luka Wlömer (D)",NA,NA,NA,03/05/2026,Thomas Morper,Porsche,992 GT3 Cup,NA,NA,Result: 27th (14 laps behind the winner)Grid: 45th (8:52.7100) - 47th fastest qualifier,27th (14 laps behind the winner)Grid: 45th (8:52.7100) - 47th fastest qualifier,finished,45,8:52.7100,14 laps behind the winner,NA,https://www.racingsportscars.com/tn/photo/2025/TN_Nurburgring-2025-06-22-320.jpg,https://www.racingsportscars.com/NA,https://www.racingsportscars.com/make/photo/Porsche.html,https://www.racingsportscars.com/type/photo/Porsche/992%20GT3%20Cup.html,NA,NA
2025,66,BMW M4 G82 GT4 Evo - BMW S58 L6 4v DOHC 2993 cc Twin-Turbo,28,SP8T,ME Motorsport (D),Closed bodywork,Front-engined,Markus Eichele (D)/Philip Wiskirchen (D)/Jörg Wiskirchen (D)/Moritz Wiskirchen (D),NA,NA,NA,03/05/2026,Thomas Morper,BMW,M4,G82 GT4 Evo,NA,Result: 28th (15 laps behind the winner)Grid: 51st (8:58.2490) - 54th fastest qualifier,28th (15 laps behind the winner)Grid: 51st (8:58.2490) - 54th fastest qualifier,finished,51,8:58.2490,15 laps behind the winner,NA,https://www.racingsportscars.com/tn/photo/2025/TN_Nurburgring-2025-06-22-066.jpg,https://www.racingsportscars.com/NA,https://www.racingsportscars.com/make/photo/BMW.html,https://www.racingsportscars.com/type/photo/BMW/M4.html,https://www.racingsportscars.com/suffix/photo/BMW/M4/G82%20GT4%20Evo.html,NA
2025,110,Toyota GR Supra GT4 Evo 2 - Toyota L6 4v DOHC 2998 cc Twin-Turbo,29,SP8T,Toyota Gazoo Rookie Racing (J),Closed bodywork,Front-engined,Naoya Gamou (J)/Tatsuya Kataoka (J)/Takamitsu Matsui (J)/Masahiro Sasaki (J),NA,NA,NA,03/05/2026,Thomas Morper,Toyota,GR Supra,GT4 Evo 2,NA,Result: 29th (15 laps behind the winner)Grid: 86th (8:51.4320) - 46th fastest qualifier,29th (15 laps behind the winner)Grid: 86th (8:51.4320) - 46th fastest qualifier,finished,86,8:51.4320,15 laps behind the winner,NA,https://www.racingsportscars.com/tn/photo/2025/TN_Nurburgring-2025-06-22-110.jpg,https://www.racingsportscars.com/NA,https://www.racingsportscars.com/make/photo/Toyota.html,https://www.racingsportscars.com/type/photo/Toyota/GR%20Supra.html,https://www.racingsportscars.com/suffix/photo/Toyota/GR%20Supra/GT4%20Evo%202.html,NA
2025,67,BMW M4 G82 GT4 Evo - BMW S58 L6 4v DOHC 2993 cc Twin-Turbo,30,SP10,AV Racing by Black Falcon (D),Closed bodywork,Front-engined,"""Bear"" (USA)/Ryan Harrison (USA)/Alexandru Vasilescu (RO)/Leon Wassertheurer (D)",NA,NA,NA,03/05/2026,Thomas Morper,BMW,M4,G82 GT4 Evo,NA,Result: 30th 1st in SP10 (16 laps behind the winner)Grid: 65th (9:07.6470) - 69th fastest qualifier,30th 1st in SP10 (16 laps behind the winner)Grid: 65th (9:07.6470) - 69th fastest qualifier,finished,65,9:07.6470,16 laps behind the winner,NA,https://www.racingsportscars.com/tn/photo/2025/TN_Nurburgring-2025-06-22-067.jpg,https://www.racingsportscars.com/NA,https://www.racingsportscars.com/make/photo/BMW.html,https://www.racingsportscars.com/type/photo/BMW/M4.html,https://www.racingsportscars.com/suffix/photo/BMW/M4/G82%20GT4%20Evo.html,NA
2025,30,Aston Martin Vantage AMR GT3 Evo - Aston Martin Mercedes-AMG M177/AMR V8/90° 4v DOHC 3982 cc 2xBorg Warner,31,SP9,Walkenhorst Motorsport (D),Closed bodywork,Front-engined,Henry Walkenhorst (D)/Jörg Breuer (D)/Stefan Aust (D)/Christian Bollrath (D),NA,NA,NA,03/05/2026,Thomas Morper,Aston Martin,Vantage AMR,GT3 Evo,NA,Result: 31st (16 laps behind the winner)Grid: 12th (8:38.2090) - 34th fastest qualifier,31st (16 laps behind the winner)Grid: 12th (8:38.2090) - 34th fastest qualifier,finished,12,8:38.2090,16 laps behind the winner,NA,https://www.racingsportscars.com/tn/photo/2025/TN_Nurburgring-2025-06-22-030.jpg,https://www.racingsportscars.com/photo/2025/Nurburgring-2025-06-22-030.jpg,https://www.racingsportscars.com/make/photo/Aston%20Martin.html,https://www.racingsportscars.com/type/photo/Aston%20Martin/Vantage%20AMR.html,https://www.racingsportscars.com/suffix/photo/Aston%20Martin/Vantage%20AMR/GT3%20Evo.html,NA
2025,97,Porsche 997 GT3 Cup - Porsche F6 4v DOHC N/A,32,SP7,Saugmotoren Motorsport (D),Closed bodywork,Rear-engined,Julian Reeh (D)/Valentin Lachenmayer (D)/Mark Trompeter (D)/Ralf Schall (D),NA,NA,NA,03/05/2026,Thomas Morper,Porsche,997 GT3 Cup,NA,NA,Result: 32nd 1st in SP7 (17 laps behind the winner)Grid: 68th (9:09.1610) - 72nd fastest qualifier,32nd 1st in SP7 (17 laps behind the winner)Grid: 68th (9:09.1610) - 72nd fastest qualifier,finished,68,9:09.1610,17 laps behind the winner,NA,https://www.racingsportscars.com/tn/photo/2025/TN_Nurburgring-2025-06-22-097.jpg,https://www.racingsportscars.com/NA,https://www.racingsportscars.com/make/photo/Porsche.html,https://www.racingsportscars.com/type/photo/Porsche/997%20GT3%20Cup.html,NA,NA
2025,776,Audi RS3 LMS - Audi L4 2v DOHC 1984 cc Turbo,33,TCR,Goroyan RT by Sharky Racing (D),Closed bodywork,Front-engined,Artur Goroyan (AM)/Danny Brink (D)/Roman Mavlanov (RUS)/Nathanaël Berthon (F),NA,NA,NA,03/05/2026,Thomas Morper,Audi,RS3,LMS,NA,Result: 33rd (20 laps behind the winner)Grid: 61st (9:04.7590) - 65th fastest qualifier,33rd (20 laps behind the winner)Grid: 61st (9:04.7590) - 65th fastest qualifier,finished,61,9:04.7590,20 laps behind the winner,NA,https://www.racingsportscars.com/tn/photo/2025/TN_Nurburgring-2025-06-22-776.jpg,https://www.racingsportscars.com/NA,https://www.racingsportscars.com/make/photo/Audi.html,https://www.racingsportscars.com/type/photo/Audi/RS3.html,https://www.racingsportscars.com/suffix/photo/Audi/RS3/LMS.html,NA
2025,977,Porsche 718 Cayman GT4 Clubsport MR - Porsche F6 4v DOHC 3800 cc N/A,34,Cup 3,Wiesmann SHK by Eifelkind Racing (D),Closed bodywork,Mid-engined,Tim Müller (D)/Desiree Müller (D)/Michael Fischer (A)/Juan Carlos Chavez (MEX),NA,NA,NA,03/05/2026,Thomas Morper,Porsche,718 Cayman,GT4 Clubsport MR,NA,Result: 34th (20 laps behind the winner)Grid: 85th (9:17.5850) - 77th fastest qualifier,34th (20 laps behind the winner)Grid: 85th (9:17.5850) - 77th fastest qualifier,finished,85,9:17.5850,20 laps behind the winner,NA,https://www.racingsportscars.com/tn/photo/2025/TN_Nurburgring-2025-06-22-977.jpg,https://www.racingsportscars.com/NA,https://www.racingsportscars.com/make/photo/Porsche.html,https://www.racingsportscars.com/type/photo/Porsche/718%20Cayman.html,https://www.racingsportscars.com/suffix/photo/Porsche/718%20Cayman/GT4%20Clubsport%20MR.html,NA
2025,310,BMW M2 Racing (G87) - BMW,35,SP3T,FK Performance Motorsport (D),-,-,Jens Klingmann (D)/Ugo de Wilde (B)/Charles Weerts (B)/Michael Bräutigam (D),NA,NA,NA,22/05/2026,© Michael Herzig-fotomich.de,BMW,M2,Racing (G87),NA,Result: 35th 1st in SP3T (21 laps behind the winner)Grid: 94th (9:40.0370) - 93rd fastest qualifier,35th 1st in SP3T (21 laps behind the winner)Grid: 94th (9:40.0370) - 93rd fastest qualifier,finished,94,9:40.0370,21 laps behind the winner,NA,https://www.racingsportscars.com/tn/photo/2025/TN_Nurburgring-2025-06-22-310.jpg,https://www.racingsportscars.com/photo/2025/Nurburgring-2025-06-22-310.jpg,https://www.racingsportscars.com/make/photo/BMW.html,https://www.racingsportscars.com/type/photo/BMW/M2.html,https://www.racingsportscars.com/suffix/photo/BMW/M2/Racing%20(G87).html,NA
2025,969,Porsche 718 Cayman GT4 Clubsport MR - Porsche F6 4v DOHC 3800 cc N/A,36,Cup 3,SRS Team Sorg Rennsport (D),Closed bodywork,Mid-engined,"""Maximilian"" (D)/Bernhard Wagner (A)/Kurt Strube (D)/Guy Stewart (NZ)",NA,NA,NA,03/05/2026,Thomas Morper,Porsche,718 Cayman,GT4 Clubsport MR,NA,Result: 36th (22 laps behind the winner)Grid: 82nd (9:39.6780) - 92nd fastest qualifier,36th (22 laps behind the winner)Grid: 82nd (9:39.6780) - 92nd fastest qualifier,finished,82,9:39.6780,22 laps behind the winner,NA,https://www.racingsportscars.com/tn/photo/2025/TN_Nurburgring-2025-06-22-969.jpg,https://www.racingsportscars.com/NA,https://www.racingsportscars.com/make/photo/Porsche.html,https://www.racingsportscars.com/type/photo/Porsche/718%20Cayman.html,https://www.racingsportscars.com/suffix/photo/Porsche/718%20Cayman/GT4%20Clubsport%20MR.html,NA
2025,979,Porsche 718 Cayman GT4 Clubsport MR - Porsche F6 4v DOHC 3800 cc N/A,37,Cup 3,SRS Team Sorg Rennsport (D),Closed bodywork,Mid-engined,Alex Müller (D)/Anna-Lena Binkowska (D)/David Binkowska (D)/Dietmar Binkowska (D),NA,NA,NA,03/05/2026,Thomas Morper,Porsche,718 Cayman,GT4 Clubsport MR,NA,Result: 37th (22 laps behind the winner)Grid: 84th (9:41.8350) - 96th fastest qualifier,37th (22 laps behind the winner)Grid: 84th (9:41.8350) - 96th fastest qualifier,finished,84,9:41.8350,22 laps behind the winner,NA,https://www.racingsportscars.com/tn/photo/2025/TN_Nurburgring-2025-06-22-979.jpg,https://www.racingsportscars.com/NA,https://www.racingsportscars.com/make/photo/Porsche.html,https://www.racingsportscars.com/type/photo/Porsche/718%20Cayman.html,https://www.racingsportscars.com/suffix/photo/Porsche/718%20Cayman/GT4%20Clubsport%20MR.html,NA
2025,80,Porsche 718 Cayman GT4 Clubsport MR - Porsche F6 4v DOHC 3800 cc N/A,38,SP7,tm-racing.org (D),Closed bodywork,Mid-engined,Reiner Neuffer (D)/Benedikt Höpfer (D)/Sebastian Brandl (D)/Fabio Sacchi (D),NA,NA,NA,03/05/2026,Thomas Morper,Porsche,718 Cayman,GT4 Clubsport MR,NA,Result: 38th (23 laps behind the winner)Grid: 74th (9:23.0740) - 79th fastest qualifier,38th (23 laps behind the winner)Grid: 74th (9:23.0740) - 79th fastest qualifier,finished,74,9:23.0740,23 laps behind the winner,NA,https://www.racingsportscars.com/tn/photo/2025/TN_Nurburgring-2025-06-22-080.jpg,https://www.racingsportscars.com/NA,https://www.racingsportscars.com/make/photo/Porsche.html,https://www.racingsportscars.com/type/photo/Porsche/718%20Cayman.html,https://www.racingsportscars.com/suffix/photo/Porsche/718%20Cayman/GT4%20Clubsport%20MR.html,NA
2025,650,BMW M240i Racing Cup - BMW,39,M240i,Adrenalin Motorsport Team Mainhattan Wheels (D),-,-,"Sven Markert (D)/Adrian Rziczny (D)/Jacob Erlbacher (A)/Stefan Gaukler (D)listed, never drove: Kevin Wambach (D)",NA,NA,NA,03/05/2026,Thomas Morper,BMW,M240i,Racing Cup,NA,Result: 39th 1st in M240i (23 laps behind the winner)Grid: 90th (9:34.6890) - 86th fastest qualifier,39th 1st in M240i (23 laps behind the winner)Grid: 90th (9:34.6890) - 86th fastest qualifier,finished,90,9:34.6890,23 laps behind the winner,NA,https://www.racingsportscars.com/tn/photo/2025/TN_Nurburgring-2025-06-22-650.jpg,https://www.racingsportscars.com/NA,https://www.racingsportscars.com/make/photo/BMW.html,https://www.racingsportscars.com/type/photo/BMW/M240i.html,https://www.racingsportscars.com/suffix/photo/BMW/M240i/Racing%20Cup.html,NA
2025,800,VW Golf VII GTI TCR DSG - VW,40,TCR,MSC Emstal e.V. im ADAC (D),-,-,"Sebastian Schemmann (D)/Roland Waschkau (D)/Rudi Speich (D)/Filip Hoenjet (NL)listed, never drove: Alexander Schmidt (D)",NA,NA,NA,03/05/2026,Thomas Morper,VW,Golf,VII GTI TCR DSG,NA,Result: 40th (24 laps behind the winner)Grid: 83rd (9:40.7290) - 94th fastest qualifier,40th (24 laps behind the winner)Grid: 83rd (9:40.7290) - 94th fastest qualifier,finished,83,9:40.7290,24 laps behind the winner,NA,https://www.racingsportscars.com/tn/photo/2025/TN_Nurburgring-2025-06-22-800.jpg,https://www.racingsportscars.com/NA,https://www.racingsportscars.com/make/photo/VW.html,https://www.racingsportscars.com/type/photo/VW/Golf.html,https://www.racingsportscars.com/suffix/photo/VW/Golf/VII%20%20GTI%20TCR%20DSG.html,NA
2025,420,Porsche 718 Cayman GT4 Clubsport MR - Porsche F6 4v DOHC 3800 cc N/A,41,AT3,Four Motors GmbH (D),Closed bodywork,Mid-engined,Marc Schöni (CH)/Henning Cramer (D)/Oliver Sprungmann (D)/Christoph Hewer (D),NA,NA,NA,03/05/2026,Thomas Morper,Porsche,718 Cayman,GT4 Clubsport MR,NA,Result: 41st (24 laps behind the winner)Grid: 81st (9:38.6960) - 90th fastest qualifier,41st (24 laps behind the winner)Grid: 81st (9:38.6960) - 90th fastest qualifier,finished,81,9:38.6960,24 laps behind the winner,NA,https://www.racingsportscars.com/tn/photo/2025/TN_Nurburgring-2025-06-22-420.jpg,https://www.racingsportscars.com/NA,https://www.racingsportscars.com/make/photo/Porsche.html,https://www.racingsportscars.com/type/photo/Porsche/718%20Cayman.html,https://www.racingsportscars.com/suffix/photo/Porsche/718%20Cayman/GT4%20Clubsport%20MR.html,NA
2025,500,BMW 330i - BMW,42,VT2 H,Adrenalin Motorsport Team Mainhattan Wheels (D),-,-,Philipp Leisen (D)/Philipp Stahlschmidt (D)/Daniel Zils (D)/Oskar Sandberg (D),NA,NA,NA,03/05/2026,Thomas Morper,BMW,330i,NA,NA,Result: 42nd 1st in VT2 H (24 laps behind the winner)Grid: 108th (9:51.2580) - 109th fastest qualifier,42nd 1st in VT2 H (24 laps behind the winner)Grid: 108th (9:51.2580) - 109th fastest qualifier,finished,108,9:51.2580,24 laps behind the winner,NA,https://www.racingsportscars.com/tn/photo/2025/TN_Nurburgring-2025-06-22-500.jpg,https://www.racingsportscars.com/NA,https://www.racingsportscars.com/make/photo/BMW.html,https://www.racingsportscars.com/type/photo/BMW/330i.html,NA,NA
2025,77,Porsche 718 Cayman GT4 RS Clubsport - Porsche F6 4v DOHC 3966 cc N/A,43,SP7,BSL Racing Team (D),Closed bodywork,Mid-engined,Alexander Walker (GB)/Philipp Hagnauer (CH)/Christoph Ruhrmann (D)/Georg Kiefer (D),NA,NA,NA,03/05/2026,Thomas Morper,Porsche,718 Cayman,GT4 RS Clubsport,NA,Result: 43rd (24 laps behind the winner)Grid: 58th (9:02.7030) - 61st fastest qualifier,43rd (24 laps behind the winner)Grid: 58th (9:02.7030) - 61st fastest qualifier,finished,58,9:02.7030,24 laps behind the winner,NA,https://www.racingsportscars.com/tn/photo/2025/TN_Nurburgring-2025-06-22-077.jpg,https://www.racingsportscars.com/NA,https://www.racingsportscars.com/make/photo/Porsche.html,https://www.racingsportscars.com/type/photo/Porsche/718%20Cayman.html,https://www.racingsportscars.com/suffix/photo/Porsche/718%20Cayman/GT4%20RS%20Clubsport.html,NA
2025,680,BMW M240i Racing Cup - BMW,44,M240i,PTerting Sports by Up2Race (D),-,-,Jannik Reinhard (D)/John Van Der Sanden (NL)/Torben Berger (D)/Carl-Friedrich Kolb (D),NA,NA,NA,03/05/2026,Thomas Morper,BMW,M240i,Racing Cup,NA,Result: 44th (24 laps behind the winner)Grid: 111th (9:54.9730) - 112th fastest qualifier,44th (24 laps behind the winner)Grid: 111th (9:54.9730) - 112th fastest qualifier,finished,111,9:54.9730,24 laps behind the winner,NA,https://www.racingsportscars.com/tn/photo/2025/TN_Nurburgring-2025-06-22-680.jpg,https://www.racingsportscars.com/NA,https://www.racingsportscars.com/make/photo/BMW.html,https://www.racingsportscars.com/type/photo/BMW/M240i.html,https://www.racingsportscars.com/suffix/photo/BMW/M240i/Racing%20Cup.html,NA
2025,520,Toyota Supra - Toyota,45,VT2 H,Toyo Tires with Ring Racing (D),-,-,Malte Tack (D)/Manfred Röss (D)/Matthias Röss (D),NA,NA,NA,03/05/2026,Thomas Morper,Toyota,Supra,NA,NA,Result: 45th (25 laps behind the winner)Grid: 103rd (9:48.7050) - 104th fastest qualifier,45th (25 laps behind the winner)Grid: 103rd (9:48.7050) - 104th fastest qualifier,finished,103,9:48.7050,25 laps behind the winner,NA,https://www.racingsportscars.com/tn/photo/2025/TN_Nurburgring-2025-06-22-520.jpg,https://www.racingsportscars.com/NA,https://www.racingsportscars.com/make/photo/Toyota.html,https://www.racingsportscars.com/type/photo/Toyota/Supra.html,NA,NA
2025,665,BMW M240i Racing Cup - BMW,46,M240i,Giti Tire Motorsport by WS Racing (SGP),-,-,Maximilian Eisberg (D)/Finn Mache (D)/Bernd Küpper (D)/Luca Link (D),NA,NA,NA,03/05/2026,Thomas Morper,BMW,M240i,Racing Cup,NA,Result: 46th (25 laps behind the winner)Grid: 99th (9:43.3170) - 100th fastest qualifier,46th (25 laps behind the winner)Grid: 99th (9:43.3170) - 100th fastest qualifier,finished,99,9:43.3170,25 laps behind the winner,NA,https://www.racingsportscars.com/tn/photo/2025/TN_Nurburgring-2025-06-22-665.jpg,https://www.racingsportscars.com/NA,https://www.racingsportscars.com/make/photo/BMW.html,https://www.racingsportscars.com/type/photo/BMW/M240i.html,https://www.racingsportscars.com/suffix/photo/BMW/M240i/Racing%20Cup.html,NA
2025,504,BMW 330i - BMW,47,VT2 H,SRS Team Sorg Rennsport (D),-,-,"Piet-Jan Ooms (NL)/Marius Rauer (D)/Yutaka Seki (J)listed, never drove: Mathias Baar (D)",NA,NA,NA,22/05/2026,© Michael Herzig-fotomich.de,BMW,330i,NA,NA,Result: 47th (25 laps behind the winner)Grid: 113th (9:56.4410) - 114th fastest qualifier,47th (25 laps behind the winner)Grid: 113th (9:56.4410) - 114th fastest qualifier,finished,113,9:56.4410,25 laps behind the winner,NA,https://www.racingsportscars.com/tn/photo/2025/TN_Nurburgring-2025-06-22-504.jpg,https://www.racingsportscars.com/photo/2025/Nurburgring-2025-06-22-504.jpg,https://www.racingsportscars.com/make/photo/BMW.html,https://www.racingsportscars.com/type/photo/BMW/330i.html,NA,NA
2025,658,BMW M240i Racing Cup - BMW,48,M240i,Gamsiz Motorsport (TR),-,-,Hakan Sari (B)/Recep Sari (B)/Ersin Yücesan (TR),NA,NA,NA,03/05/2026,Thomas Morper,BMW,M240i,Racing Cup,NA,Result: 48th (26 laps behind the winner)Grid: 97th (9:42.8870) - 98th fastest qualifier,48th (26 laps behind the winner)Grid: 97th (9:42.8870) - 98th fastest qualifier,finished,97,9:42.8870,26 laps behind the winner,NA,https://www.racingsportscars.com/tn/photo/2025/TN_Nurburgring-2025-06-22-658.jpg,https://www.racingsportscars.com/NA,https://www.racingsportscars.com/make/photo/BMW.html,https://www.racingsportscars.com/type/photo/BMW/M240i.html,https://www.racingsportscars.com/suffix/photo/BMW/M240i/Racing%20Cup.html,NA
2025,501,BMW 330i - BMW,49,VT2 H,Adrenalin Motorsport Team Mainhattan Wheels (D),-,-,"Farquini Deott (GB)/Robin Reimer (D)/Zoran Radulovic (D)/Markus Schiller (D)listed, never drove: ""Sub7 BTG"" (D), Matthias Beckwermert (D)",NA,NA,NA,03/05/2026,Thomas Morper,BMW,330i,NA,NA,Result: 49th (27 laps behind the winner)Grid: 135th (10:09.4050) - 123rd fastest qualifier,49th (27 laps behind the winner)Grid: 135th (10:09.4050) - 123rd fastest qualifier,finished,135,10:09.4050,27 laps behind the winner,NA,https://www.racingsportscars.com/tn/photo/2025/TN_Nurburgring-2025-06-22-501.jpg,https://www.racingsportscars.com/NA,https://www.racingsportscars.com/make/photo/BMW.html,https://www.racingsportscars.com/type/photo/BMW/330i.html,NA,NA
2025,410,Porsche Cayman GTS - Porsche,50,V6,rent2Drive-racing (D),-,-,Stefano Croci (I)/David Ackermann (D)/Scott Marshall (GB)/Jérôme Larbi (F),NA,NA,NA,03/05/2026,Thomas Morper,Porsche,Cayman,GTS,NA,Result: 50th 1st in V6 (28 laps behind the winner)Grid: 106th (9:50.1860) - 107th fastest qualifier,50th 1st in V6 (28 laps behind the winner)Grid: 106th (9:50.1860) - 107th fastest qualifier,finished,106,9:50.1860,28 laps behind the winner,NA,https://www.racingsportscars.com/tn/photo/2025/TN_Nurburgring-2025-06-22-410.jpg,https://www.racingsportscars.com/NA,https://www.racingsportscars.com/make/photo/Porsche.html,https://www.racingsportscars.com/type/photo/Porsche/Cayman.html,https://www.racingsportscars.com/suffix/photo/Porsche/Cayman/GTS.html,NA
2025,444,Porsche Cayman CM12 - Porsche,51,V5,Adrenalin Motorsport Team Mainhattan Wheels (D),-,-,Ulrich Korn (D)/Tobias Korn (D)/Daniel Korn (D)/Adam Benko (H),NA,NA,NA,03/05/2026,Thomas Morper,Porsche,Cayman,CM12,NA,Result: 51st 1st in V5 (28 laps behind the winner)Grid: 116th (10:01.1480) - 117th fastest qualifier,51st 1st in V5 (28 laps behind the winner)Grid: 116th (10:01.1480) - 117th fastest qualifier,finished,116,10:01.1480,28 laps behind the winner,NA,https://www.racingsportscars.com/tn/photo/2025/TN_Nurburgring-2025-06-22-444.jpg,https://www.racingsportscars.com/NA,https://www.racingsportscars.com/make/photo/Porsche.html,https://www.racingsportscars.com/type/photo/Porsche/Cayman.html,https://www.racingsportscars.com/suffix/photo/Porsche/Cayman/CM12.html,NA
2025,109,Toyota GR Yaris - Toyota,52,SP2T,Toyota Gazoo Rookie Racing (J),-,-,"""Morizo"" (J)/Daisuke Toyoda (J)/Hiroaki Ishiura (J)/Kazuya Oshima (J)",NA,NA,NA,03/05/2026,Thomas Morper,Toyota,GR Yaris,NA,NA,Result: 52nd 1st in SP2T (28 laps behind the winner)Grid: 92nd (9:38.5870) - 89th fastest qualifier,52nd 1st in SP2T (28 laps behind the winner)Grid: 92nd (9:38.5870) - 89th fastest qualifier,finished,92,9:38.5870,28 laps behind the winner,NA,https://www.racingsportscars.com/tn/photo/2025/TN_Nurburgring-2025-06-22-109.jpg,https://www.racingsportscars.com/NA,https://www.racingsportscars.com/make/photo/Toyota.html,https://www.racingsportscars.com/type/photo/Toyota/GR%20Yaris.html,NA,NA
2025,514,BMW 330i - BMW,53,VT2 H,SRS Team Sorg Rennsport (D),-,-,Christian Coen (D)/Tim Peeters (B)/Mathias Baar (D)/Christian Knötschke (D),NA,NA,NA,22/05/2026,© Michael Herzig-fotomich.de,BMW,330i,NA,NA,Result: 53rd (28 laps behind the winner)Grid: 119th (10:07.9730) - 121st fastest qualifier,53rd (28 laps behind the winner)Grid: 119th (10:07.9730) - 121st fastest qualifier,finished,119,10:07.9730,28 laps behind the winner,NA,https://www.racingsportscars.com/tn/photo/2025/TN_Nurburgring-2025-06-22-514.jpg,https://www.racingsportscars.com/photo/2025/Nurburgring-2025-06-22-514.jpg,https://www.racingsportscars.com/make/photo/BMW.html,https://www.racingsportscars.com/type/photo/BMW/330i.html,NA,NA
2025,69,Porsche 718 Cayman - Porsche N/A,54,SP4T,HY Racing / Andalucia Circuit (B),-,Mid-engined,Jacques Derenne (B)/Bruno Barbaro (I)/Olivier Muytjens (B)/Fabrice Reicher (F),NA,NA,NA,03/05/2026,Thomas Morper,Porsche,718 Cayman,NA,NA,Result: 54th 1st in SP4T (29 laps behind the winner)Grid: 101st (9:46.5010) - 102nd fastest qualifier,54th 1st in SP4T (29 laps behind the winner)Grid: 101st (9:46.5010) - 102nd fastest qualifier,finished,101,9:46.5010,29 laps behind the winner,NA,https://www.racingsportscars.com/tn/photo/2025/TN_Nurburgring-2025-06-22-069.jpg,https://www.racingsportscars.com/NA,https://www.racingsportscars.com/make/photo/Porsche.html,https://www.racingsportscars.com/type/photo/Porsche/718%20Cayman.html,NA,NA
2025,317,Mini John Cooper Works Pro,55,SP3T,Bulldog Racing (D),-,-,Markus Fischer (A)/Toby Goodman (GB)/Sebastian Sauerbrei (D)/Samantha Tan (CDN),NA,NA,NA,03/05/2026,Thomas Morper,Mini,John Cooper Works,Pro,NA,Result: 55th (30 laps behind the winner)Grid: 120th (10:08.4920) - 122nd fastest qualifier,55th (30 laps behind the winner)Grid: 120th (10:08.4920) - 122nd fastest qualifier,finished,120,10:08.4920,30 laps behind the winner,NA,https://www.racingsportscars.com/tn/photo/2025/TN_Nurburgring-2025-06-22-317.jpg,https://www.racingsportscars.com/NA,https://www.racingsportscars.com/make/photo/Mini.html,https://www.racingsportscars.com/type/photo/Mini/John%20Cooper%20Works.html,https://www.racingsportscars.com/suffix/photo/Mini/John%20Cooper%20Works/Pro.html,NA
2025,652,BMW M240i Racing Cup - BMW,56,M240i,Adrenalin Motorsport Team Mainhattan Wheels (D),-,-,"/Sven Oepen (D)/Manuel Dormagen (D)/Thomas Ardelt (D)/Marc Lehmann (D)listed, never drove: Laura Luft (D), David Griessner (A)",NA,NA,NA,03/05/2026,Thomas Morper,BMW,M240i,Racing Cup,NA,Result: 56th (30 laps behind the winner)Grid: 95th (9:41.6930),56th (30 laps behind the winner)Grid: 95th (9:41.6930),finished,95,9:41.6930,30 laps behind the winner,NA,https://www.racingsportscars.com/tn/photo/2025/TN_Nurburgring-2025-06-22-652.jpg,https://www.racingsportscars.com/NA,https://www.racingsportscars.com/make/photo/BMW.html,https://www.racingsportscars.com/type/photo/BMW/M240i.html,https://www.racingsportscars.com/suffix/photo/BMW/M240i/Racing%20Cup.html,NA
2025,827,Lynk & Co 03 TCR,57,AT3,Fancy by Teamwork Motorsport (CHN),-,-,/Sunny Wong (HK)/Chuang Yan (CHN)/Zhiqiang Zhang (CHN),NA,NA,NA,03/05/2026,Thomas Morper,Lynk & Co,03,TCR,NA,Result: 57th (30 laps behind the winner)Grid: 72nd (9:16.5460) - 76th fastest qualifier,57th (30 laps behind the winner)Grid: 72nd (9:16.5460) - 76th fastest qualifier,finished,72,9:16.5460,30 laps behind the winner,NA,https://www.racingsportscars.com/tn/photo/2025/TN_Nurburgring-2025-06-22-827.jpg,https://www.racingsportscars.com/NA,https://www.racingsportscars.com/make/photo/Lynk%20---%20Co.html,https://www.racingsportscars.com/type/photo/Lynk%20---%20Co/03.html,https://www.racingsportscars.com/suffix/photo/Lynk%20---%20Co/03/TCR.html,NA
2025,700,BMW 325i E90 - BMW,58,325i,rent2Drive-racing (D),-,-,Simon Sagmeister (D)/Jürgen Huber (D)/Dirk Vleugels (D)/Oliver Frisse (D),NA,NA,NA,03/05/2026,Thomas Morper,BMW,325i,E90,NA,Result: 58th 1st in 325i (31 laps behind the winner)Grid: 123rd (10:18.8490) - 126th fastest qualifier,58th 1st in 325i (31 laps behind the winner)Grid: 123rd (10:18.8490) - 126th fastest qualifier,finished,123,10:18.8490,31 laps behind the winner,NA,https://www.racingsportscars.com/tn/photo/2025/TN_Nurburgring-2025-06-22-700.jpg,https://www.racingsportscars.com/NA,https://www.racingsportscars.com/make/photo/BMW.html,https://www.racingsportscars.com/type/photo/BMW/325i.html,https://www.racingsportscars.com/suffix/photo/BMW/325i/E90.html,NA
2025,471,Cupra León KL - Seat,59,VT2 F,Auto Thomas by Jung Motorsport (D),-,-,Michael Eichhorn (D)/Anthony Roma (USA)/Andreas Winterwerber (D)/Chris Rothoff (NL),NA,NA,NA,03/05/2026,Thomas Morper,Cupra,León,KL,NA,Result: 59th 1st in VT2 F (31 laps behind the winner)Grid: 134th (10:06.9630) - 120th fastest qualifier,59th 1st in VT2 F (31 laps behind the winner)Grid: 134th (10:06.9630) - 120th fastest qualifier,finished,134,10:06.9630,31 laps behind the winner,NA,https://www.racingsportscars.com/tn/photo/2025/TN_Nurburgring-2025-06-22-471.jpg,https://www.racingsportscars.com/NA,https://www.racingsportscars.com/make/photo/Cupra.html,https://www.racingsportscars.com/type/photo/Cupra/Le%c3%b3n.html,https://www.racingsportscars.com/suffix/photo/Cupra/Le%c3%b3n/KL.html,NA
2025,100,BMW 325i E90 - BMW,60,325i,Eifelkind Racing (D),-,-,Michael Schrey (D)/Michael Fischer (A)/Stefan Schäfer (D)/Christopher Gruber (D),NA,NA,NA,03/05/2026,Thomas Morper,BMW,325i,E90,NA,Result: 60th (32 laps behind the winner)Grid: 124th (10:24.3700) - 127th fastest qualifier,60th (32 laps behind the winner)Grid: 124th (10:24.3700) - 127th fastest qualifier,finished,124,10:24.3700,32 laps behind the winner,NA,https://www.racingsportscars.com/tn/photo/2025/TN_Nurburgring-2025-06-22-100.jpg,https://www.racingsportscars.com/NA,https://www.racingsportscars.com/make/photo/BMW.html,https://www.racingsportscars.com/type/photo/BMW/325i.html,https://www.racingsportscars.com/suffix/photo/BMW/325i/E90.html,NA
2025,448,Porsche Cayman CM12 - Porsche,61,V5,Thomas Muesekns (D),-,-,"Christian Weber (D)/Maximilian Weissermel (D)/Rudolf Brandl (D)/Alex Müller (D)listed, never drove: Fabio Sacchi (D), Benedikt Höpfer (D)",NA,NA,NA,03/05/2026,Thomas Morper,Porsche,Cayman,CM12,NA,Result: 61st (33 laps behind the winner)Grid: 118th (10:03.6670) - 119th fastest qualifier,61st (33 laps behind the winner)Grid: 118th (10:03.6670) - 119th fastest qualifier,finished,118,10:03.6670,33 laps behind the winner,NA,https://www.racingsportscars.com/tn/photo/2025/TN_Nurburgring-2025-06-22-448.jpg,https://www.racingsportscars.com/photo/2025/Nurburgring-2025-06-22-448.jpg,https://www.racingsportscars.com/make/photo/Porsche.html,https://www.racingsportscars.com/type/photo/Porsche/Cayman.html,https://www.racingsportscars.com/suffix/photo/Porsche/Cayman/CM12.html,NA
2025,502,BMW 330i - BMW,62,VT2 H,Giti Tire Motorsport by WS Racing (SGP),-,-,Thomas Ehrhardt (D)/Niklas Ehrhardt (D)/Jan Ullrich (D)/Fabian Pirrone (D),NA,NA,NA,03/05/2026,Thomas Morper,BMW,330i,NA,NA,Result: 62nd (33 laps behind the winner)Grid: 126th (10:29.2450) - 129th fastest qualifier,62nd (33 laps behind the winner)Grid: 126th (10:29.2450) - 129th fastest qualifier,finished,126,10:29.2450,33 laps behind the winner,NA,https://www.racingsportscars.com/tn/photo/2025/TN_Nurburgring-2025-06-22-502.jpg,https://www.racingsportscars.com/NA,https://www.racingsportscars.com/make/photo/BMW.html,https://www.racingsportscars.com/type/photo/BMW/330i.html,NA,NA
2025,445,Porsche Cayman CM12 - Porsche,63,V5,rent2Drive-racing (D),-,-,Georg Arbinger (D)/Philip Ade (D)/Joël Le Bihan (F)/Benjamin Lyons (GB),NA,NA,NA,03/05/2026,Thomas Morper,Porsche,Cayman,CM12,NA,Result: 63rd (34 laps behind the winner)Grid: 125th (10:27.5850) - 128th fastest qualifier,63rd (34 laps behind the winner)Grid: 125th (10:27.5850) - 128th fastest qualifier,finished,125,10:27.5850,34 laps behind the winner,NA,https://www.racingsportscars.com/tn/photo/2025/TN_Nurburgring-2025-06-22-445.jpg,https://www.racingsportscars.com/NA,https://www.racingsportscars.com/make/photo/Porsche.html,https://www.racingsportscars.com/type/photo/Porsche/Cayman.html,https://www.racingsportscars.com/suffix/photo/Porsche/Cayman/CM12.html,NA
2025,480,Audi S3-Lim - Audi,64,VT2 F,Dupré Motorsport (D),-,-,Christoph Dupré (D)/Jürgen Nett (D)/Joachim Nett (D),NA,NA,NA,03/05/2026,Thomas Morper,Audi,S3,-Lim,NA,Result: 64th (35 laps behind the winner)Grid: 105th (9:50.1300) - 106th fastest qualifier,64th (35 laps behind the winner)Grid: 105th (9:50.1300) - 106th fastest qualifier,finished,105,9:50.1300,35 laps behind the winner,NA,https://www.racingsportscars.com/tn/photo/2025/TN_Nurburgring-2025-06-22-480.jpg,https://www.racingsportscars.com/NA,https://www.racingsportscars.com/make/photo/Audi.html,https://www.racingsportscars.com/type/photo/Audi/S3.html,https://www.racingsportscars.com/suffix/photo/Audi/S3/-Lim.html,NA
2025,48,Porsche 992 GT3 R I - Porsche M97/80 F6 4v DOHC 4194 cc N/A,65,SP9,Black Falcon Team EAE (D),Closed bodywork,Rear-engined,"""Daan Arrow"" (NL)/Ben Bünnagel (D)/Mustafa Mehmet Kaya (TR)/Gabriele Piana (I)",NA,NA,NA,03/05/2026,Thomas Morper,Porsche,992 GT3 R,I,NA,Result: 65th (37 laps behind the winner)Grid: 10th (8:16.1810) - 12th fastest qualifier,65th (37 laps behind the winner)Grid: 10th (8:16.1810) - 12th fastest qualifier,finished,10,8:16.1810,37 laps behind the winner,NA,https://www.racingsportscars.com/tn/photo/2025/TN_Nurburgring-2025-06-22-048.jpg,https://www.racingsportscars.com/NA,https://www.racingsportscars.com/make/photo/Porsche.html,https://www.racingsportscars.com/type/photo/Porsche/992%20GT3%20R.html,https://www.racingsportscars.com/suffix/photo/Porsche/992%20GT3%20R/I.html,NA
2025,146,BMW M4 G82 GT4 - BMW S58 L6 4v DOHC 2993 cc Twin-Turbo,66,AT3,Giti Tire Motorsport by WS Racing (SGP),Closed bodywork,Front-engined,Carrie Schreiner (D)/Janina Schall (D)/Fabienne Wohlwend (FL)/Patricija Stalidzane (D),NA,NA,NA,03/05/2026,Thomas Morper,BMW,M4,G82 GT4,NA,Result: 66th (37 laps behind the winner)Grid: 59th (9:02.7670) - 62nd fastest qualifier,66th (37 laps behind the winner)Grid: 59th (9:02.7670) - 62nd fastest qualifier,finished,59,9:02.7670,37 laps behind the winner,NA,https://www.racingsportscars.com/tn/photo/2025/TN_Nurburgring-2025-06-22-146.jpg,https://www.racingsportscars.com/NA,https://www.racingsportscars.com/make/photo/BMW.html,https://www.racingsportscars.com/type/photo/BMW/M4.html,https://www.racingsportscars.com/suffix/photo/BMW/M4/G82%20GT4.html,NA
2025,667,BMW M240i Racing Cup - BMW,67,M240i,Breakell Racing (GB),-,-,Andreas Simon (CH)/David Drinkwater (GB)/Gino Manley (USA)/James Breakell (GB),NA,NA,NA,03/05/2026,Thomas Morper,BMW,M240i,Racing Cup,NA,Result: 67th (37 laps behind the winner)Grid: 109th (9:51.3930) - 110th fastest qualifier,67th (37 laps behind the winner)Grid: 109th (9:51.3930) - 110th fastest qualifier,finished,109,9:51.3930,37 laps behind the winner,NA,https://www.racingsportscars.com/tn/photo/2025/TN_Nurburgring-2025-06-22-667.jpg,https://www.racingsportscars.com/NA,https://www.racingsportscars.com/make/photo/BMW.html,https://www.racingsportscars.com/type/photo/BMW/M240i.html,https://www.racingsportscars.com/suffix/photo/BMW/M240i/Racing%20Cup.html,NA
2025,888,BMW M4 G82 GT4 Evo - BMW S58 L6 4v DOHC 2993 cc Twin-Turbo,68,AT3,Hofor Racing by Bonk Motorsport (D),Closed bodywork,Front-engined,Max Partl (D)/Jörg Weidinger (D)/Thorsten Wolter (D)/Michael Rebhan (D),NA,NA,NA,03/05/2026,Thomas Morper,BMW,M4,G82 GT4 Evo,NA,Result: 68th (38 laps behind the winner)Grid: 48th (8:54.0790) - 50th fastest qualifier,68th (38 laps behind the winner)Grid: 48th (8:54.0790) - 50th fastest qualifier,finished,48,8:54.0790,38 laps behind the winner,NA,https://www.racingsportscars.com/tn/photo/2025/TN_Nurburgring-2025-06-22-888.jpg,https://www.racingsportscars.com/NA,https://www.racingsportscars.com/make/photo/BMW.html,https://www.racingsportscars.com/type/photo/BMW/M4.html,https://www.racingsportscars.com/suffix/photo/BMW/M4/G82%20GT4%20Evo.html,NA
2025,949,Porsche 718 Cayman GT4 Clubsport MR - Porsche F6 4v DOHC 3800 cc N/A,69,Cup 3,SRS Team Sorg Rennsport (D),Closed bodywork,Mid-engined,"Kasparas Vingilis (LT)/Henning Eschweiler (D)/Damon Surzyshyn (CDN)/Finn Wiebelhaus (D)listed, never drove: Tommy Graberg (S)",NA,NA,NA,03/05/2026,Thomas Morper,Porsche,718 Cayman,GT4 Clubsport MR,NA,Result: 69th (39 laps behind the winner)Grid: 67th (9:08.4080) - 71st fastest qualifier,69th (39 laps behind the winner)Grid: 67th (9:08.4080) - 71st fastest qualifier,finished,67,9:08.4080,39 laps behind the winner,NA,https://www.racingsportscars.com/tn/photo/2025/TN_Nurburgring-2025-06-22-949.jpg,https://www.racingsportscars.com/NA,https://www.racingsportscars.com/make/photo/Porsche.html,https://www.racingsportscars.com/type/photo/Porsche/718%20Cayman.html,https://www.racingsportscars.com/suffix/photo/Porsche/718%20Cayman/GT4%20Clubsport%20MR.html,NA
2025,17,Mercedes-AMG GT3 Evo - Mercedes-AMG M159 V8/90° 4v DOHC 6208 cc N/A,70,SP9,Mercedes-AMG Team GetSpeed (D),Closed bodywork,Front-engined,Ralf Aron (EST)/Lucas Auer (A)/Adam Christodoulou (GB)/Mikaël Grenier (CDN),NA,NA,NA,03/05/2026,Thomas Morper,Mercedes-AMG,GT3,Evo,NA,Result: 70th (40 laps behind the winner)Grid: 7th (8:15.2940) - 16th fastest qualifier,70th (40 laps behind the winner)Grid: 7th (8:15.2940) - 16th fastest qualifier,finished,7,8:15.2940,40 laps behind the winner,NA,https://www.racingsportscars.com/tn/photo/2025/TN_Nurburgring-2025-06-22-017.jpg,https://www.racingsportscars.com/photo/2025/Nurburgring-2025-06-22-017.jpg,https://www.racingsportscars.com/make/photo/Mercedes-AMG.html,https://www.racingsportscars.com/type/photo/Mercedes-AMG/GT3.html,https://www.racingsportscars.com/suffix/photo/Mercedes-AMG/GT3/Evo.html,NA
2025,808,Cupra León TCR DSG - Seat,71,SP3T,asBest Racing (D),-,-,"Lutz Obermann (D)/Dennis Leissing (D)/Junichi Umemoto (J)/Akshay Gupta (IND)listed, never drove: Joachim Rabe (D)",NA,NA,NA,03/05/2026,Thomas Morper,Cupra,León,TCR DSG,NA,Result: 71st (40 laps behind the winner)Grid: 96th (9:42.1520) - 97th fastest qualifier,71st (40 laps behind the winner)Grid: 96th (9:42.1520) - 97th fastest qualifier,finished,96,9:42.1520,40 laps behind the winner,NA,https://www.racingsportscars.com/tn/photo/2025/TN_Nurburgring-2025-06-22-808.jpg,https://www.racingsportscars.com/NA,https://www.racingsportscars.com/make/photo/Cupra.html,https://www.racingsportscars.com/type/photo/Cupra/Le%c3%b3n.html,https://www.racingsportscars.com/suffix/photo/Cupra/Le%c3%b3n/TCR%20DSG.html,NA
2025,477,VW Scirocco R TSI - VW,72,VT2 F,asBest Racing (D),-,-,"Christian Koger (D)/Bastian Beck (D)/Michael Lachmayer (D)/Robert Neumann (D)listed, never drove: Thomas Alpiger (CH)",NA,NA,NA,03/05/2026,Thomas Morper,VW,Scirocco,R TSI,NA,Result: 72nd (43 laps behind the winner)Grid: 133rd (11:01.4680) - 138th fastest qualifier,72nd (43 laps behind the winner)Grid: 133rd (11:01.4680) - 138th fastest qualifier,finished,133,11:01.4680,43 laps behind the winner,NA,https://www.racingsportscars.com/tn/photo/2025/TN_Nurburgring-2025-06-22-477.jpg,https://www.racingsportscars.com/NA,https://www.racingsportscars.com/make/photo/VW.html,https://www.racingsportscars.com/type/photo/VW/Scirocco.html,https://www.racingsportscars.com/suffix/photo/VW/Scirocco/R%20TSI.html,NA
2025,932,Porsche 718 Cayman GT4 Clubsport MR - Porsche F6 4v DOHC 3800 cc N/A,73,Cup 3,Breakell Racing (GB),Closed bodywork,Mid-engined,"Martin Rich (GB)/Alvaro Fontes (E)/Guillermo Aso (E)/Pippa Mann (GB)listed, never drove: James Breakell (GB)",NA,NA,NA,03/05/2026,Thomas Morper,Porsche,718 Cayman,GT4 Clubsport MR,NA,Result: 73rd (44 laps behind the winner)Grid: 76th (9:24.0190) - 81st fastest qualifier,73rd (44 laps behind the winner)Grid: 76th (9:24.0190) - 81st fastest qualifier,finished,76,9:24.0190,44 laps behind the winner,NA,https://www.racingsportscars.com/tn/photo/2025/TN_Nurburgring-2025-06-22-932.jpg,https://www.racingsportscars.com/NA,https://www.racingsportscars.com/make/photo/Porsche.html,https://www.racingsportscars.com/type/photo/Porsche/718%20Cayman.html,https://www.racingsportscars.com/suffix/photo/Porsche/718%20Cayman/GT4%20Clubsport%20MR.html,NA
2025,187,BMW M4 G82 GT4 - BMW S58 L6 4v DOHC 2993 cc Twin-Turbo,74,SP10,FK Performance Motorsport (D),Closed bodywork,Front-engined,"Nick Wüstenhagen (D)/Nick Hancke (D)/Ranko Mijatovic (CH)/Andreas Jochimsen (DK)listed, never drove: Tobias Wahl (D)",NA,NA,NA,03/05/2026,Thomas Morper,BMW,M4,G82 GT4,NA,Result: 74th (45 laps behind the winner)Grid: 64th (9:07.6250) - 68th fastest qualifier,74th (45 laps behind the winner)Grid: 64th (9:07.6250) - 68th fastest qualifier,finished,64,9:07.6250,45 laps behind the winner,NA,https://www.racingsportscars.com/tn/photo/2025/TN_Nurburgring-2025-06-22-187.jpg,https://www.racingsportscars.com/NA,https://www.racingsportscars.com/make/photo/BMW.html,https://www.racingsportscars.com/type/photo/BMW/M4.html,https://www.racingsportscars.com/suffix/photo/BMW/M4/G82%20GT4.html,NA
2025,418,Porsche 718 Cayman - Porsche N/A,75,V6,SRS Team Sorg Rennsport (D),-,Mid-engined,Xavier Lamadrid (MEX)/Cesar Mendieta (AUS)/Heinz Jürgen Kroner (D),NA,NA,NA,22/05/2026,© Michael Herzig-fotomich.de,Porsche,718 Cayman,NA,NA,Result: 75th (45 laps behind the winner)Grid: 127th (10:32.5950) - 130th fastest qualifier,75th (45 laps behind the winner)Grid: 127th (10:32.5950) - 130th fastest qualifier,finished,127,10:32.5950,45 laps behind the winner,NA,https://www.racingsportscars.com/tn/photo/2025/TN_Nurburgring-2025-06-22-418.jpg,https://www.racingsportscars.com/NA,https://www.racingsportscars.com/make/photo/Porsche.html,https://www.racingsportscars.com/type/photo/Porsche/718%20Cayman.html,NA,NA
2025,88,Subaru WRX - Subaru,76,SP4T,Subaru Tecnica International (J),-,-,Carlo van Dam (NL)/Tim Schrick (D)/Kota Sasaki (J)/Rintaro Kubo (J),NA,NA,NA,03/05/2026,Thomas Morper,Subaru,WRX,NA,NA,Result: 76th (47 laps behind the winner)Grid: 88th (8:56.6290) - 53rd fastest qualifier,76th (47 laps behind the winner)Grid: 88th (8:56.6290) - 53rd fastest qualifier,finished,88,8:56.6290,47 laps behind the winner,NA,https://www.racingsportscars.com/tn/photo/2025/TN_Nurburgring-2025-06-22-088.jpg,https://www.racingsportscars.com/NA,https://www.racingsportscars.com/make/photo/Subaru.html,https://www.racingsportscars.com/type/photo/Subaru/WRX.html,NA,NA
2025,651,BMW M240i Racing Cup - BMW,77,M240i,Adrenalin Motorsport Team Mainhattan Wheels (D),-,-,"Axel Soyez (B)/Dimitri Persoons (B)/Bruno Beulen (B)/Alessandro Cremascoli (I)listed, never drove: Oskar Sandberg (D), Lars Harbeck (D)",NA,NA,NA,03/05/2026,Thomas Morper,BMW,M240i,Racing Cup,NA,Result: 77th (48 laps behind the winner)Grid: 117th (10:03.1220) - 118th fastest qualifier,77th (48 laps behind the winner)Grid: 117th (10:03.1220) - 118th fastest qualifier,finished,117,10:03.1220,48 laps behind the winner,NA,https://www.racingsportscars.com/tn/photo/2025/TN_Nurburgring-2025-06-22-651.jpg,https://www.racingsportscars.com/NA,https://www.racingsportscars.com/make/photo/BMW.html,https://www.racingsportscars.com/type/photo/BMW/M240i.html,https://www.racingsportscars.com/suffix/photo/BMW/M240i/Racing%20Cup.html,NA
2025,466,Hyundai I30 N,78,VT2 F,Walkenhorst Motorsport (D),-,-,Niklas Abrahamsen (D)/Bennet Ehrl (D)/Tazio Ottis (USA)/Sarah Ganser (D),NA,NA,NA,03/05/2026,Thomas Morper,Hyundai,I30,N,NA,Result: 78th (51 laps behind the winner)Grid: 121st (10:15.1920) - 124th fastest qualifier,78th (51 laps behind the winner)Grid: 121st (10:15.1920) - 124th fastest qualifier,finished,121,10:15.1920,51 laps behind the winner,NA,https://www.racingsportscars.com/tn/photo/2025/TN_Nurburgring-2025-06-22-466.jpg,https://www.racingsportscars.com/NA,https://www.racingsportscars.com/make/photo/Hyundai.html,https://www.racingsportscars.com/type/photo/Hyundai/I30.html,https://www.racingsportscars.com/suffix/photo/Hyundai/I30/N.html,NA
2025,982,Porsche 718 Cayman GT4 Clubsport MR - Porsche F6 4v DOHC 3800 cc N/A,79,Cup 3,W&S Motorsport (D),Closed bodywork,Mid-engined,Christoph Krombach (D)/Fabian Peitzmeier (D)/Axel Duffner (D)/René Höber (D),NA,NA,NA,03/05/2026,Thomas Morper,Porsche,718 Cayman,GT4 Clubsport MR,NA,Result: 79th (54 laps behind the winner)Grid: 75th (9:23.3230) - 80th fastest qualifier,79th (54 laps behind the winner)Grid: 75th (9:23.3230) - 80th fastest qualifier,finished,75,9:23.3230,54 laps behind the winner,NA,https://www.racingsportscars.com/tn/photo/2025/TN_Nurburgring-2025-06-22-982.jpg,https://www.racingsportscars.com/NA,https://www.racingsportscars.com/make/photo/Porsche.html,https://www.racingsportscars.com/type/photo/Porsche/718%20Cayman.html,https://www.racingsportscars.com/suffix/photo/Porsche/718%20Cayman/GT4%20Clubsport%20MR.html,NA
2025,506,BMW 330i - BMW,80,VT2 H,Giti Tire Motorsport by WS Racing (SGP),-,-,"Theo Devolescu (RO)/Lukas Drost (D)/Christoph Merkt (D)/Kevin Küpper (D)listed, never drove: Fabian Pirrone (D), Jan Ullrich (D)",NA,NA,NA,03/05/2026,Thomas Morper,BMW,330i,NA,NA,Result: 80th (54 laps behind the winner)Grid: 129th (10:34.1169) - 132nd fastest qualifier,80th (54 laps behind the winner)Grid: 129th (10:34.1169) - 132nd fastest qualifier,finished,129,10:34.1169,54 laps behind the winner,NA,https://www.racingsportscars.com/tn/photo/2025/TN_Nurburgring-2025-06-22-506.jpg,https://www.racingsportscars.com/NA,https://www.racingsportscars.com/make/photo/BMW.html,https://www.racingsportscars.com/type/photo/BMW/330i.html,NA,NA
2025,321,VW Golf VII GTI TCR DSG - VW,81,SP3T,Goroyan RT by Sharky Racing (D),-,-,"Oleg Kvitka (RUS)/Moritz Rosenbach (D)/Philipp Eis (D)/Constantin Ernst (D)listed, never drove: Sarah Ganser (D), Filip Hoenjet (NL)",NA,NA,NA,03/05/2026,Thomas Morper,VW,Golf,VII GTI TCR DSG,NA,Result: 81st (55 laps behind the winner)Grid: 89th (9:34.0160) - 85th fastest qualifier,81st (55 laps behind the winner)Grid: 89th (9:34.0160) - 85th fastest qualifier,finished,89,9:34.0160,55 laps behind the winner,NA,https://www.racingsportscars.com/tn/photo/2025/TN_Nurburgring-2025-06-22-321.jpg,https://www.racingsportscars.com/NA,https://www.racingsportscars.com/make/photo/VW.html,https://www.racingsportscars.com/type/photo/VW/Golf.html,https://www.racingsportscars.com/suffix/photo/VW/Golf/VII%20%20GTI%20TCR%20DSG.html,NA
2025,160,Toyota GR Supra GT4 Evo 2 - Toyota L6 4v DOHC 2998 cc Twin-Turbo,82,SP8T,Toyo Tires with Ring Racing (D),Closed bodywork,Front-engined,Yuichi Nakayama (J)/Giuliano Alesi (F)/Kazuto Kotaka (J)/Miki Koyama (J),NA,NA,NA,03/05/2026,Thomas Morper,Toyota,GR Supra,GT4 Evo 2,NA,Result: 82nd (57 laps behind the winner)Grid: 87th (9:04.3390) - 64th fastest qualifier,82nd (57 laps behind the winner)Grid: 87th (9:04.3390) - 64th fastest qualifier,finished,87,9:04.3390,57 laps behind the winner,NA,https://www.racingsportscars.com/tn/photo/2025/TN_Nurburgring-2025-06-22-160.jpg,https://www.racingsportscars.com/NA,https://www.racingsportscars.com/make/photo/Toyota.html,https://www.racingsportscars.com/type/photo/Toyota/GR%20Supra.html,https://www.racingsportscars.com/suffix/photo/Toyota/GR%20Supra/GT4%20Evo%202.html,NA
2025,164,Porsche 718 Cayman GT4 RS Clubsport - Porsche F6 4v DOHC 3966 cc N/A,83,SP10,W&S Motorsport (D),Closed bodywork,Mid-engined,Stephan Brodmerkel (D)/Jürgen Vöhringer (D)/Hendrik Still (D)/Niclas Wiedmann (D),NA,NA,NA,03/05/2026,Thomas Morper,Porsche,718 Cayman,GT4 RS Clubsport,NA,Result: 83rd (58 laps behind the winner)Grid: 63rd (9:06.9650) - 67th fastest qualifier,83rd (58 laps behind the winner)Grid: 63rd (9:06.9650) - 67th fastest qualifier,finished,63,9:06.9650,58 laps behind the winner,NA,https://www.racingsportscars.com/tn/photo/2025/TN_Nurburgring-2025-06-22-164.jpg,https://www.racingsportscars.com/NA,https://www.racingsportscars.com/make/photo/Porsche.html,https://www.racingsportscars.com/type/photo/Porsche/718%20Cayman.html,https://www.racingsportscars.com/suffix/photo/Porsche/718%20Cayman/GT4%20RS%20Clubsport.html,NA
2025,939,Porsche 718 Cayman GT4 Clubsport MR - Porsche F6 4v DOHC 3800 cc N/A,84,Cup 3,Mühlner Motorsport (D),Closed bodywork,Mid-engined,"Ke Shao (USA)/Rüdiger Schicht (CH)/Franz Linden (D)/Tommy Graberg (S)listed, never drove: Janis Waldow (D)",NA,NA,NA,03/05/2026,Thomas Morper,Porsche,718 Cayman,GT4 Clubsport MR,NA,Result: 84th (58 laps behind the winner)Grid: 77th (9:27.2150) - 82nd fastest qualifier,84th (58 laps behind the winner)Grid: 77th (9:27.2150) - 82nd fastest qualifier,finished,77,9:27.2150,58 laps behind the winner,NA,https://www.racingsportscars.com/tn/photo/2025/TN_Nurburgring-2025-06-22-939.jpg,https://www.racingsportscars.com/NA,https://www.racingsportscars.com/make/photo/Porsche.html,https://www.racingsportscars.com/type/photo/Porsche/718%20Cayman.html,https://www.racingsportscars.com/suffix/photo/Porsche/718%20Cayman/GT4%20Clubsport%20MR.html,NA
2025,472,Cupra León KL - Seat,85,VT2 F,Auto Thomas by Jung Motorsport (D),-,-,Lars Füting (D)/Tim Robertz (D)/Marc Etzkorn (D)/Achim Ewenz (D),NA,NA,NA,03/05/2026,Thomas Morper,Cupra,León,KL,NA,Result: 85th (59 laps behind the winner)Grid: 128th (10:32.8990) - 131st fastest qualifier,85th (59 laps behind the winner)Grid: 128th (10:32.8990) - 131st fastest qualifier,finished,128,10:32.8990,59 laps behind the winner,NA,https://www.racingsportscars.com/tn/photo/2025/TN_Nurburgring-2025-06-22-472.jpg,https://www.racingsportscars.com/NA,https://www.racingsportscars.com/make/photo/Cupra.html,https://www.racingsportscars.com/type/photo/Cupra/Le%c3%b3n.html,https://www.racingsportscars.com/suffix/photo/Cupra/Le%c3%b3n/KL.html,NA
2025,455,Porsche Cayman CM12 - Porsche,86,V5,asBest Racing (D),-,-,"Matthias Trinius (D)/Peter Baumann (CH)/Thorsten Held (D)/John Lee Schambony (D)listed, never drove: Florian Haller (I)",NA,NA,NA,03/05/2026,Thomas Morper,Porsche,Cayman,CM12,NA,Result: 86th (62 laps behind the winner)Grid: 115th (9:59.5290) - 116th fastest qualifier,86th (62 laps behind the winner)Grid: 115th (9:59.5290) - 116th fastest qualifier,finished,115,9:59.5290,62 laps behind the winner,NA,https://www.racingsportscars.com/tn/photo/2025/TN_Nurburgring-2025-06-22-455.jpg,https://www.racingsportscars.com/NA,https://www.racingsportscars.com/make/photo/Porsche.html,https://www.racingsportscars.com/type/photo/Porsche/Cayman.html,https://www.racingsportscars.com/suffix/photo/Porsche/Cayman/CM12.html,NA
2025,13,VW Beetle RSR - VW,87,SP3T,White Angel for Fly and Help (D),-,-,Bernd Albrecht (D)/Carsten Knechtges (D)/Sebastian Asch (D)/Oliver Bliss (D),NA,NA,NA,03/05/2026,Thomas Morper,VW,Beetle,RSR,NA,Result: 87th (63 laps behind the winner)Grid: 91st (9:36.5580) - 87th fastest qualifier,87th (63 laps behind the winner)Grid: 91st (9:36.5580) - 87th fastest qualifier,finished,91,9:36.5580,63 laps behind the winner,NA,https://www.racingsportscars.com/tn/photo/2025/TN_Nurburgring-2025-06-22-013.jpg,https://www.racingsportscars.com/NA,https://www.racingsportscars.com/make/photo/VW.html,https://www.racingsportscars.com/type/photo/VW/Beetle.html,https://www.racingsportscars.com/suffix/photo/VW/Beetle/RSR.html,NA
2025,277,BMW 318ti E36 - BMW,88,SP3,Ravenol Motorsport by MDM Racing (D),-,-,Marc David Müller (D)/Christopher Groth (D)/Markus Rupp (D)/Mika König (D),NA,NA,NA,03/05/2026,Thomas Morper,BMW,318ti,E36,NA,Result: 88th 1st in SP3 (70 laps behind the winner)Grid: 130th (10:39.5140) - 133rd fastest qualifier,88th 1st in SP3 (70 laps behind the winner)Grid: 130th (10:39.5140) - 133rd fastest qualifier,finished,130,10:39.5140,70 laps behind the winner,NA,https://www.racingsportscars.com/tn/photo/2025/TN_Nurburgring-2025-06-22-277.jpg,https://www.racingsportscars.com/NA,https://www.racingsportscars.com/make/photo/BMW.html,https://www.racingsportscars.com/type/photo/BMW/318ti.html,https://www.racingsportscars.com/suffix/photo/BMW/318ti/E36.html,NA
2025,909,Porsche 991 GT3 Cup - Porsche F6 4v DOHC N/A,NA,SP7,SRS Team Sorg Rennsport (D),Closed bodywork,Rear-engined,Lukas Ertl (D)/Maximilian Ertl (D)/Stefan Ertl (D)/Matthias Benndorf (D),NA,NA,NA,03/05/2026,Thomas Morper,Porsche,991 GT3 Cup,NA,NA,Result: not classified (80 laps behind the winner)Grid: 39th (8:44.3540),not classified (80 laps behind the winner)Grid: 39th (8:44.3540),other,39,8:44.3540,NA,80 laps behind the winner,https://www.racingsportscars.com/tn/photo/2025/TN_Nurburgring-2025-06-22-909.jpg,https://www.racingsportscars.com/NA,https://www.racingsportscars.com/make/photo/Porsche.html,https://www.racingsportscars.com/type/photo/Porsche/991%20GT3%20Cup.html,NA,NA
2025,440,Porsche Cayman CQ11 - Porsche,NA,V5,QTQ-Raceperformance (D),-,-,Mirco Böhmisch (CH)/Florian Ebener (D)/Florian Kramer (D)/Andreas Müller (D),NA,NA,NA,03/05/2026,Thomas Morper,Porsche,Cayman,CQ11,NA,Result: not classified (87 laps behind the winner)Grid: 110th (9:54.4030) - 111th fastest qualifier,not classified (87 laps behind the winner)Grid: 110th (9:54.4030) - 111th fastest qualifier,other,110,9:54.4030,NA,87 laps behind the winner,https://www.racingsportscars.com/tn/photo/2025/TN_Nurburgring-2025-06-22-440.jpg,https://www.racingsportscars.com/photo/2025/Nurburgring-2025-06-22-440.jpg,https://www.racingsportscars.com/make/photo/Porsche.html,https://www.racingsportscars.com/type/photo/Porsche/Cayman.html,https://www.racingsportscars.com/suffix/photo/Porsche/Cayman/CQ11.html,NA
2025,382,Toyota GR Yaris - Toyota,NA,SP2T,Toyota Gazoo Rookie Racing (J),-,-,"""Morizo"" (J)/Daisuke Toyoda (J)/Hiroaki Ishiura (J)/Kazuya Oshima (J)",NA,NA,NA,03/05/2026,Thomas Morper,Toyota,GR Yaris,NA,NA,Result: not classified (123 laps behind the winner)Grid: 102nd (9:47.9570) - 103rd fastest qualifier,not classified (123 laps behind the winner)Grid: 102nd (9:47.9570) - 103rd fastest qualifier,other,102,9:47.9570,NA,123 laps behind the winner,https://www.racingsportscars.com/tn/photo/2025/TN_Nurburgring-2025-06-22-382.jpg,https://www.racingsportscars.com/NA,https://www.racingsportscars.com/make/photo/Toyota.html,https://www.racingsportscars.com/type/photo/Toyota/GR%20Yaris.html,NA,NA
2025,27,Lamborghini Huracán GT3 Evo2 - Lamborghini V10/90° 4v DOHC 5204 cc N/A,NA,SP9,Red Bull Team Abt (D),Closed bodywork,Mid-engined,Jordan Pepper (ZA)/Mirko Bortolotti (I)/Daniel Juncadella (E),NA,NA,NA,03/05/2026,Thomas Morper,Lamborghini,Huracán,GT3 Evo2,NA,Result: did not finishGrid: 27th (8:14.3630) - 8th fastest qualifier,did not finishGrid: 27th (8:14.3630) - 8th fastest qualifier,not_finished,27,8:14.3630,NA,8:14.3630,https://www.racingsportscars.com/tn/photo/2025/TN_Nurburgring-2025-06-22-027.jpg,https://www.racingsportscars.com/NA,https://www.racingsportscars.com/make/photo/Lamborghini.html,https://www.racingsportscars.com/type/photo/Lamborghini/Hurac%c3%a1n.html,https://www.racingsportscars.com/suffix/photo/Lamborghini/Hurac%c3%a1n/GT3%20Evo2.html,NA
2025,189,BMW M4 G82 GT4 Evo - BMW S58 L6 4v DOHC 2993 cc Twin-Turbo,NA,SP8T,Hofor Racing by Bonk Motorsport (CH),Closed bodywork,Front-engined,"Michael Bonk (D)/Michael Schrey (D)/Peter Bonk (D)/Marat Khayrov (RUS)listed, never drove: Michael Bailey (AUS)",NA,NA,NA,03/05/2026,Thomas Morper,BMW,M4,G82 GT4 Evo,NA,Result: did not finishGrid: 53rd (9:00.1730) - 56th fastest qualifier,did not finishGrid: 53rd (9:00.1730) - 56th fastest qualifier,not_finished,53,9:00.1730,NA,9:00.1730,https://www.racingsportscars.com/tn/photo/2025/TN_Nurburgring-2025-06-22-189.jpg,https://www.racingsportscars.com/NA,https://www.racingsportscars.com/make/photo/BMW.html,https://www.racingsportscars.com/type/photo/BMW/M4.html,https://www.racingsportscars.com/suffix/photo/BMW/M4/G82%20GT4%20Evo.html,NA
2025,45,Ferrari 296 GT3 (Oreca) - Ferrari Tipo F163CE V6/120° 4v DOHC 2992 cc GDI,NA,SP9,Realize Kondo Racing with Rinaldi (J),Closed bodywork,Mid-engined,David Perel (ZA)/Felipe Fernandez Laser (D)/Axcil Jefferies (ZW)/Thomas Neubauer (F),NA,NA,NA,03/05/2026,Thomas Morper,Ferrari,296,GT3,NA,Result: did not finishGrid: 2nd (8:13.9090) - 5th fastest qualifier,did not finishGrid: 2nd (8:13.9090) - 5th fastest qualifier,not_finished,2,8:13.9090,NA,8:13.9090,https://www.racingsportscars.com/tn/photo/2025/TN_Nurburgring-2025-06-22-045.jpg,https://www.racingsportscars.com/NA,https://www.racingsportscars.com/make/photo/Ferrari.html,https://www.racingsportscars.com/type/photo/Ferrari/296.html,https://www.racingsportscars.com/suffix/photo/Ferrari/296/GT3.html,NA
2025,919,Porsche 992 GT3 Cup - Porsche F6 4v DOHC 3996 cc N/A,NA,Cup 2,Clickversicherung.de Team (D),Closed bodywork,Rear-engined,"Richard Jodexnis (D)/Kersten Jodexnis (D)/Robin Chrzanowski (D)/Peter Scharmach (D)listed, never drove: Kersten Richard-Sven (D)",NA,NA,NA,03/05/2026,Thomas Morper,Porsche,992 GT3 Cup,NA,NA,Result: did not finishGrid: 38th (8:41.9970),did not finishGrid: 38th (8:41.9970),not_finished,38,8:41.9970,NA,8:41.9970,https://www.racingsportscars.com/tn/photo/2025/TN_Nurburgring-2025-06-22-919.jpg,https://www.racingsportscars.com/NA,https://www.racingsportscars.com/make/photo/Porsche.html,https://www.racingsportscars.com/type/photo/Porsche/992%20GT3%20Cup.html,NA,NA
2025,927,Porsche 992 GT3 Cup - Porsche F6 4v DOHC 3996 cc N/A,NA,Cup 2,Max Kruse Racing (D),Closed bodywork,Rear-engined,Jan Jaap van Roon (NL)/Tom Coronel (NL)/Paul Meijer (NL)/Rudy van Buren (NL),NA,NA,NA,03/05/2026,Thomas Morper,Porsche,992 GT3 Cup,NA,NA,Result: did not finishGrid: 36th (8:38.9460),did not finishGrid: 36th (8:38.9460),not_finished,36,8:38.9460,NA,8:38.9460,https://www.racingsportscars.com/tn/photo/2025/TN_Nurburgring-2025-06-22-927.jpg,https://www.racingsportscars.com/NA,https://www.racingsportscars.com/make/photo/Porsche.html,https://www.racingsportscars.com/type/photo/Porsche/992%20GT3%20Cup.html,NA,NA
2025,414,Porsche 911 Carrera - Porsche,NA,V6,Köppen Motorsport (D),Closed bodywork,Rear-engined,Alexander Köppen (D)/Andreas Schaflitzl (D)/Sebastian Rings (D)/Jacek Pydys (PL),NA,NA,NA,03/05/2026,Thomas Morper,Porsche,911 Carrera,NA,NA,Result: did not finishGrid: 98th (9:43.1140) - 99th fastest qualifier,did not finishGrid: 98th (9:43.1140) - 99th fastest qualifier,not_finished,98,9:43.1140,NA,9:43.1140,https://www.racingsportscars.com/tn/photo/2025/TN_Nurburgring-2025-06-22-414.jpg,https://www.racingsportscars.com/photo/2025/Nurburgring-2025-06-22-414.jpg,https://www.racingsportscars.com/make/photo/Porsche.html,https://www.racingsportscars.com/type/photo/Porsche/911%20Carrera.html,NA,NA
2025,941,Porsche 718 Cayman GT4 Clubsport MR - Porsche F6 4v DOHC 3800 cc N/A,NA,Cup 3,Adrenalin Motorsport Team Mainhattan Wheels (D),Closed bodywork,Mid-engined,"Aaron Wenisch (D)/Ryusho Konishi (J)/Daniel Dörrschuck (D)/Nicholas Silva (USA)listed, never drove: Nick Deißler (D)",NA,NA,NA,03/05/2026,Thomas Morper,Porsche,718 Cayman,GT4 Clubsport MR,NA,Result: did not finishGrid: 73rd (9:18.1540) - 78th fastest qualifier,did not finishGrid: 73rd (9:18.1540) - 78th fastest qualifier,not_finished,73,9:18.1540,NA,9:18.1540,https://www.racingsportscars.com/tn/photo/2025/TN_Nurburgring-2025-06-22-941.jpg,https://www.racingsportscars.com/NA,https://www.racingsportscars.com/make/photo/Porsche.html,https://www.racingsportscars.com/type/photo/Porsche/718%20Cayman.html,https://www.racingsportscars.com/suffix/photo/Porsche/718%20Cayman/GT4%20Clubsport%20MR.html,NA
2025,44,Porsche 992 GT3 R I - Porsche M97/80 F6 4v DOHC 4194 cc N/A,NA,SP9,Falken Motorsports (D),Closed bodywork,Rear-engined,Dorian Boccolacci (F)/Tim Heinemann (D)/Dennis Marschall (D)/Morris Schuring (NL),NA,NA,NA,03/05/2026,Thomas Morper,Porsche,992 GT3 R,I,NA,Result: did not finishGrid: 9th (8:20.8150) - 20th fastest qualifier,did not finishGrid: 9th (8:20.8150) - 20th fastest qualifier,not_finished,9,8:20.8150,NA,8:20.8150,https://www.racingsportscars.com/tn/photo/2025/TN_Nurburgring-2025-06-22-044.jpg,https://www.racingsportscars.com/NA,https://www.racingsportscars.com/make/photo/Porsche.html,https://www.racingsportscars.com/type/photo/Porsche/992%20GT3%20R.html,https://www.racingsportscars.com/suffix/photo/Porsche/992%20GT3%20R/I.html,NA
2025,179,Aston Martin Vantage AMR GT4 # - Aston Martin Mercedes-AMG M177/AMR V8/90° 4v DOHC 3982 cc Twin-Turbo,NA,SP10,Dörr Motorsport (D),Closed bodywork,Front-engined,"Rolf Scheibner (D)/Philippe Charlaix (F)/Peter Sander (D)/Heiko Hahn (D)listed, never drove: Frank Weishar (D), Sven Schädler (D)",NA,NA,NA,03/05/2026,Thomas Morper,Aston Martin,Vantage AMR,GT4,#,Result: did not finishGrid: 69th (9:09.3880) - 73rd fastest qualifier,did not finishGrid: 69th (9:09.3880) - 73rd fastest qualifier,not_finished,69,9:09.3880,NA,9:09.3880,https://www.racingsportscars.com/tn/photo/2025/TN_Nurburgring-2025-06-22-179.jpg,https://www.racingsportscars.com/NA,https://www.racingsportscars.com/make/photo/Aston%20Martin.html,https://www.racingsportscars.com/type/photo/Aston%20Martin/Vantage%20AMR.html,https://www.racingsportscars.com/suffix/photo/Aston%20Martin/Vantage%20AMR/GT4.html,https://www.racingsportscars.com/chassis/photo/AMR-GT4-Dorr-03%23.html
2025,101,BMW 325i E90 - BMW,NA,325i,Eifelkind Racing (D),-,-,Karsten Welker (D)/Ryusuke Masumoto (J)/Dan Berghult (S)/Jonas Nilsson (S),NA,NA,NA,03/05/2026,Thomas Morper,BMW,325i,E90,NA,Result: did not finishGrid: 132nd (10:59.5780) - 135th fastest qualifier,did not finishGrid: 132nd (10:59.5780) - 135th fastest qualifier,not_finished,132,10:59.5780,NA,10:59.5780,https://www.racingsportscars.com/tn/photo/2025/TN_Nurburgring-2025-06-22-101.jpg,https://www.racingsportscars.com/NA,https://www.racingsportscars.com/make/photo/BMW.html,https://www.racingsportscars.com/type/photo/BMW/325i.html,https://www.racingsportscars.com/suffix/photo/BMW/325i/E90.html,NA
2025,74,Aston Martin Vantage AMR GT4 Evo - Aston Martin Mercedes-AMG M177/AMR V8/90° 4v DOHC 3982 cc Twin-Turbo,NA,SP10,Walkenhorst Motorsport (D),Closed bodywork,Front-engined,Joshua Hansen (D)/Hermann Vortkamp (D)/Aris Balanian (B)/Jean-Christophe David (F),NA,NA,NA,03/05/2026,Thomas Morper,Aston Martin,Vantage AMR,GT4 Evo,NA,Result: did not finishGrid: 70th (9:09.8330) - 74th fastest qualifier,did not finishGrid: 70th (9:09.8330) - 74th fastest qualifier,not_finished,70,9:09.8330,NA,9:09.8330,https://www.racingsportscars.com/tn/photo/2025/TN_Nurburgring-2025-06-22-074.jpg,https://www.racingsportscars.com/NA,https://www.racingsportscars.com/make/photo/Aston%20Martin.html,https://www.racingsportscars.com/type/photo/Aston%20Martin/Vantage%20AMR.html,https://www.racingsportscars.com/suffix/photo/Aston%20Martin/Vantage%20AMR/GT4%20Evo.html,NA
2025,912,Porsche 992 GT3 Cup - Porsche F6 4v DOHC 3996 cc N/A,NA,Cup 2,KKrämer Racing (D),Closed bodywork,Rear-engined,"Karsten Krämer (D)/Sascha Steinhardt (D)/Oleksiy Kikireshko (UA)/Leo Messenger (F)listed, never drove: Michele di Martino (D)",NA,NA,NA,03/05/2026,Thomas Morper,Porsche,992 GT3 Cup,NA,NA,Result: did not finishGrid: 43rd (8:47.4870) - 44th fastest qualifier,did not finishGrid: 43rd (8:47.4870) - 44th fastest qualifier,not_finished,43,8:47.4870,NA,8:47.4870,https://www.racingsportscars.com/tn/photo/2025/TN_Nurburgring-2025-06-22-912.jpg,https://www.racingsportscars.com/NA,https://www.racingsportscars.com/make/photo/Porsche.html,https://www.racingsportscars.com/type/photo/Porsche/992%20GT3%20Cup.html,NA,NA
2025,633,Porsche 718 Cayman GT4 Clubsport MR - Porsche F6 4v DOHC 3800 cc N/A,NA,AT3,Four Motors GmbH (D),Closed bodywork,Mid-engined,"Alesia Kreutzpointner (D)/Jacqueline Kreutzpointner (D)/Boris Hrubesch (CH)/Luka Wlömer (D)listed, never drove: Henrik Bollerslev (DK)",NA,NA,NA,22/05/2026,© Michael Herzig-fotomich.de,Porsche,718 Cayman,GT4 Clubsport MR,NA,Result: did not finishGrid: 71st (9:14.6820) - 75th fastest qualifier,did not finishGrid: 71st (9:14.6820) - 75th fastest qualifier,not_finished,71,9:14.6820,NA,9:14.6820,https://www.racingsportscars.com/tn/photo/2025/TN_Nurburgring-2025-06-22-633.jpg,https://www.racingsportscars.com/photo/2025/Nurburgring-2025-06-22-633.jpg,https://www.racingsportscars.com/make/photo/Porsche.html,https://www.racingsportscars.com/type/photo/Porsche/718%20Cayman.html,https://www.racingsportscars.com/suffix/photo/Porsche/718%20Cayman/GT4%20Clubsport%20MR.html,NA
2025,303,Hyundai Elantra N Cup,NA,SP3T,Hyundai Motorsport/ Target Competition (ROK),-,-,Zhendong Zhang (CHN)/Jeff Ricca (USA)/Gyumin Kim (ROK)/Youngchan Kim (ROK),NA,NA,NA,03/05/2026,Thomas Morper,Hyundai,Elantra,N Cup,NA,Result: did not finishGrid: 93rd (9:39.6280) - 91st fastest qualifier,did not finishGrid: 93rd (9:39.6280) - 91st fastest qualifier,not_finished,93,9:39.6280,NA,9:39.6280,https://www.racingsportscars.com/tn/photo/2025/TN_Nurburgring-2025-06-22-303.jpg,https://www.racingsportscars.com/NA,https://www.racingsportscars.com/make/photo/Hyundai.html,https://www.racingsportscars.com/type/photo/Hyundai/Elantra.html,https://www.racingsportscars.com/suffix/photo/Hyundai/Elantra/N%20Cup.html,NA
2025,34,Aston Martin Vantage AMR GT3 Evo - Aston Martin Mercedes-AMG M177/AMR V8/90° 4v DOHC 3982 cc 2xBorg Warner,NA,SP9,Walkenhorst Motorsport (D),Closed bodywork,Front-engined,Christian Krognes (N)/David Pittard (GB)/Nicki Thiim (DK)/Mattia Drudi (I),NA,NA,NA,03/05/2026,Thomas Morper,Aston Martin,Vantage AMR,GT3 Evo,NA,Result: did not finishGrid: 8th (8:14.4930) - 9th fastest qualifier,did not finishGrid: 8th (8:14.4930) - 9th fastest qualifier,not_finished,8,8:14.4930,NA,8:14.4930,https://www.racingsportscars.com/tn/photo/2025/TN_Nurburgring-2025-06-22-034.jpg,https://www.racingsportscars.com/NA,https://www.racingsportscars.com/make/photo/Aston%20Martin.html,https://www.racingsportscars.com/type/photo/Aston%20Martin/Vantage%20AMR.html,https://www.racingsportscars.com/suffix/photo/Aston%20Martin/Vantage%20AMR/GT3%20Evo.html,NA
2025,929,Porsche 992 GT3 Cup - Porsche F6 4v DOHC 3996 cc N/A,NA,Cup 2,KKrämer Racing (D),Closed bodywork,Rear-engined,"Fidel Leib (D)/Tobias Vazquez-Garcia (D)/Michele di Martino (D)listed, never drove: Karsten Krämer (D)",NA,NA,NA,03/05/2026,Thomas Morper,Porsche,992 GT3 Cup,NA,NA,Result: did not finishGrid: 37th (8:39.6260),did not finishGrid: 37th (8:39.6260),not_finished,37,8:39.6260,NA,8:39.6260,https://www.racingsportscars.com/tn/photo/2025/TN_Nurburgring-2025-06-22-929.jpg,https://www.racingsportscars.com/NA,https://www.racingsportscars.com/make/photo/Porsche.html,https://www.racingsportscars.com/type/photo/Porsche/992%20GT3%20Cup.html,NA,NA
2025,175,Aston Martin Vantage AMR GT4 - Aston Martin Mercedes-AMG M177/AMR V8/90° 4v DOHC 3982 cc Twin-Turbo,NA,SP10,PROsport Racing GmbH (D),Closed bodywork,Front-engined,"Yannik Himmels (D)/""Alboretto"" (D)/Benjamin Hites (RCH)/Jörg Viebahn (D)",NA,NA,NA,03/05/2026,Thomas Morper,Aston Martin,Vantage AMR,GT4,NA,Result: did not finishGrid: 57th (9:01.9270) - 60th fastest qualifier,did not finishGrid: 57th (9:01.9270) - 60th fastest qualifier,not_finished,57,9:01.9270,NA,9:01.9270,https://www.racingsportscars.com/tn/photo/2025/TN_Nurburgring-2025-06-22-175.jpg,https://www.racingsportscars.com/NA,https://www.racingsportscars.com/make/photo/Aston%20Martin.html,https://www.racingsportscars.com/type/photo/Aston%20Martin/Vantage%20AMR.html,https://www.racingsportscars.com/suffix/photo/Aston%20Martin/Vantage%20AMR/GT4.html,NA
2025,268,Toyota Supra - Toyota,NA,VT2 H,Jacos Paddock Motorsport GmbH (D),-,-,Takashi Ito (J)/Kohta Kawaai (J)/Chong Kait Wai (MAL)/Andreas Ecker (D),NA,NA,NA,03/05/2026,Thomas Morper,Toyota,Supra,NA,NA,Result: did not finishGrid: 112th (9:55.2100) - 113th fastest qualifier,did not finishGrid: 112th (9:55.2100) - 113th fastest qualifier,not_finished,112,9:55.2100,NA,9:55.2100,https://www.racingsportscars.com/tn/photo/2025/TN_Nurburgring-2025-06-22-268.jpg,https://www.racingsportscars.com/NA,https://www.racingsportscars.com/make/photo/Toyota.html,https://www.racingsportscars.com/type/photo/Toyota/Supra.html,NA,NA
2025,70,Porsche 718 Cayman GT4 RS Clubsport - Porsche F6 4v DOHC 3966 cc N/A,NA,SP7,Black Falcon Team Zimmermann (D),Closed bodywork,Mid-engined,David Barst (D)/Anton Ruf (D)/Axel Sartingen (D)/Nils Schwenk (D),NA,NA,NA,22/05/2026,© Michael Herzig-fotomich.de,Porsche,718 Cayman,GT4 RS Clubsport,NA,Result: did not finishGrid: 62nd (9:06.0560) - 66th fastest qualifier,did not finishGrid: 62nd (9:06.0560) - 66th fastest qualifier,not_finished,62,9:06.0560,NA,9:06.0560,https://www.racingsportscars.com/tn/photo/2025/TN_Nurburgring-2025-06-22-070.jpg,https://www.racingsportscars.com/photo/2025/Nurburgring-2025-06-22-070.jpg,https://www.racingsportscars.com/make/photo/Porsche.html,https://www.racingsportscars.com/type/photo/Porsche/718%20Cayman.html,https://www.racingsportscars.com/suffix/photo/Porsche/718%20Cayman/GT4%20RS%20Clubsport.html,NA
2025,35,Aston Martin Vantage AMR GT3 Evo - Aston Martin Mercedes-AMG M177/AMR V8/90° 4v DOHC 3982 cc 2xBorg Warner,NA,SP9,Walkenhorst Motorsport (D),Closed bodywork,Front-engined,/Anders Burchardt (N)/Nico Hantke (D)/Oliver Söderström (S)/Christian Krognes (N),NA,NA,NA,03/05/2026,Thomas Morper,Aston Martin,Vantage AMR,GT3 Evo,NA,Result: did not finishGrid: 20th (8:20.3690) - 19th fastest qualifier,did not finishGrid: 20th (8:20.3690) - 19th fastest qualifier,not_finished,20,8:20.3690,NA,8:20.3690,https://www.racingsportscars.com/tn/photo/2025/TN_Nurburgring-2025-06-22-035.jpg,https://www.racingsportscars.com/NA,https://www.racingsportscars.com/make/photo/Aston%20Martin.html,https://www.racingsportscars.com/type/photo/Aston%20Martin/Vantage%20AMR.html,https://www.racingsportscars.com/suffix/photo/Aston%20Martin/Vantage%20AMR/GT3%20Evo.html,NA
2025,488,BMW 128ti - BMW,NA,VT2 F,SRS Team Sorg Rennsport (D),-,-,Alberto Carobbio (I)/Ugo Vicenzi (I)/Christoph Blümer (D)/Marvin Kobus (D),NA,NA,NA,22/05/2026,© Michael Herzig-fotomich.de,BMW,128ti,NA,NA,Result: did not finishGrid: 122nd (10:17.8730) - 125th fastest qualifier,did not finishGrid: 122nd (10:17.8730) - 125th fastest qualifier,not_finished,122,10:17.8730,NA,10:17.8730,https://www.racingsportscars.com/tn/photo/2025/TN_Nurburgring-2025-06-22-488.jpg,https://www.racingsportscars.com/photo/2025/Nurburgring-2025-06-22-488.jpg,https://www.racingsportscars.com/make/photo/BMW.html,https://www.racingsportscars.com/type/photo/BMW/128ti.html,NA,NA
2025,63,Ford Mustang GT3 Gen 7 (Multimatic) - Ford Coyote V8/90° 4v DOHC 5408 cc N/A,NA,SP9,HRT Ford Performance (D),Closed bodywork,Front-engined,Hubert Haupt (D)/Patrick Assenheimer (D)/Vincent Kolb (D)/Dirk Müller (D),NA,NA,NA,03/05/2026,Thomas Morper,Ford,Mustang GT3,Gen 7,NA,Result: did not finishGrid: 18th (8:18.2010) - 17th fastest qualifier,did not finishGrid: 18th (8:18.2010) - 17th fastest qualifier,not_finished,18,8:18.2010,NA,8:18.2010,https://www.racingsportscars.com/tn/photo/2025/TN_Nurburgring-2025-06-22-063.jpg,https://www.racingsportscars.com/NA,https://www.racingsportscars.com/make/photo/Ford.html,https://www.racingsportscars.com/type/photo/Ford/Mustang%20GT3.html,https://www.racingsportscars.com/suffix/photo/Ford/Mustang%20GT3/Gen%207.html,NA
2025,300,Dacia Logan #,NA,SP3T,Ollis Garage Racing (D),-,-,Oliver Kriese (D)/Gregor Starck (D)/Martin Kaffka (D),NA,NA,NA,03/05/2026,Thomas Morper,Dacia,Logan,NA,#,Result: did not finishGrid: 131st (10:57.6180) - 134th fastest qualifier,did not finishGrid: 131st (10:57.6180) - 134th fastest qualifier,not_finished,131,10:57.6180,NA,10:57.6180,https://www.racingsportscars.com/tn/photo/2025/TN_Nurburgring-2025-06-22-300.jpg,https://www.racingsportscars.com/NA,https://www.racingsportscars.com/make/photo/Dacia.html,https://www.racingsportscars.com/type/photo/Dacia/Logan.html,NA,https://www.racingsportscars.com/chassis/photo/Logan-Kriese%23.html
2025,396,Porsche Cayman S - Porsche,NA,V6,Adrenalin Motorsport Team Mainhattan Wheels (D),-,-,Klaus Faßbender (D)/Christian Büllesbach (D)/Andreas Schettler (D)/Carlos Arimon (E),NA,NA,NA,03/05/2026,Thomas Morper,Porsche,Cayman,S,NA,Result: did not finishGrid: 100th (9:44.8910) - 101st fastest qualifier,did not finishGrid: 100th (9:44.8910) - 101st fastest qualifier,not_finished,100,9:44.8910,NA,9:44.8910,https://www.racingsportscars.com/tn/photo/2025/TN_Nurburgring-2025-06-22-396.jpg,https://www.racingsportscars.com/NA,https://www.racingsportscars.com/make/photo/Porsche.html,https://www.racingsportscars.com/type/photo/Porsche/Cayman.html,https://www.racingsportscars.com/suffix/photo/Porsche/Cayman/S.html,NA
2025,169,Aston Martin Vantage AMR GT4 # - Aston Martin Mercedes-AMG M177/AMR V8/90° 4v DOHC 3982 cc Twin-Turbo,NA,SP10,Dörr Motorsport (D),Closed bodywork,Front-engined,"Phil Dörr (D)/Peter Posavac (D)/Frank Weishar (D)/Sven Schädler (D)listed, never drove: Michael Funke (D)",NA,NA,NA,03/05/2026,Thomas Morper,Aston Martin,Vantage AMR,GT4,#,Result: did not finishGrid: 56th (9:01.3510) - 59th fastest qualifier,did not finishGrid: 56th (9:01.3510) - 59th fastest qualifier,not_finished,56,9:01.3510,NA,9:01.3510,https://www.racingsportscars.com/tn/photo/2025/TN_Nurburgring-2025-06-22-169.jpg,https://www.racingsportscars.com/NA,https://www.racingsportscars.com/make/photo/Aston%20Martin.html,https://www.racingsportscars.com/type/photo/Aston%20Martin/Vantage%20AMR.html,https://www.racingsportscars.com/suffix/photo/Aston%20Martin/Vantage%20AMR/GT4.html,https://www.racingsportscars.com/chassis/photo/AMR-GT4-Dorr-01%23.html
2025,140,Aston Martin Vantage AMR GT4 - Aston Martin Mercedes-AMG M177/AMR V8/90° 4v DOHC 3982 cc Twin-Turbo,NA,SP8T,PROsport Racing GmbH (D),Closed bodywork,Front-engined,Guido Dumarey (B)/Maxime Dumarey (B)/Raphael Rennhofer (A)/Marcel Marchewicz (D),NA,NA,NA,03/05/2026,Thomas Morper,Aston Martin,Vantage AMR,GT4,NA,Result: did not finishGrid: 49th (8:54.3260) - 51st fastest qualifier,did not finishGrid: 49th (8:54.3260) - 51st fastest qualifier,not_finished,49,8:54.3260,NA,8:54.3260,https://www.racingsportscars.com/tn/photo/2025/TN_Nurburgring-2025-06-22-140.jpg,https://www.racingsportscars.com/NA,https://www.racingsportscars.com/make/photo/Aston%20Martin.html,https://www.racingsportscars.com/type/photo/Aston%20Martin/Vantage%20AMR.html,https://www.racingsportscars.com/suffix/photo/Aston%20Martin/Vantage%20AMR/GT4.html,NA
2025,14,Mercedes-AMG GT3 Evo - Mercedes-AMG M159 V8/90° 4v DOHC 6208 cc N/A,NA,SP9,Mercedes-AMG Team GetSpeed (D),Closed bodywork,Front-engined,Maro Engel (D)/Maxime Martin (B)/Fabian Schiller (D)/Luca Stolz (D),NA,NA,NA,03/05/2026,Thomas Morper,Mercedes-AMG,GT3,Evo,NA,Result: did not finishGrid: 3rd (8:14.2330) - 6th fastest qualifier,did not finishGrid: 3rd (8:14.2330) - 6th fastest qualifier,not_finished,3,8:14.2330,NA,8:14.2330,https://www.racingsportscars.com/tn/photo/2025/TN_Nurburgring-2025-06-22-014.jpg,https://www.racingsportscars.com/NA,https://www.racingsportscars.com/make/photo/Mercedes-AMG.html,https://www.racingsportscars.com/type/photo/Mercedes-AMG/GT3.html,https://www.racingsportscars.com/suffix/photo/Mercedes-AMG/GT3/Evo.html,NA
2025,542,BMW M240i Racing Cup - BMW,NA,M240i,Keeevin Sports and Racing (D),-,-,Serge Van Vooren (D)/Jörg Schönfelder (D)/Riccardo Petrolo (D)/Daniel Sowada (PL),NA,NA,NA,03/05/2026,Thomas Morper,BMW,M240i,Racing Cup,NA,Result: did not finishGrid: 107th (9:50.8300) - 108th fastest qualifier,did not finishGrid: 107th (9:50.8300) - 108th fastest qualifier,not_finished,107,9:50.8300,NA,9:50.8300,https://www.racingsportscars.com/tn/photo/2025/TN_Nurburgring-2025-06-22-542.jpg,https://www.racingsportscars.com/NA,https://www.racingsportscars.com/make/photo/BMW.html,https://www.racingsportscars.com/type/photo/BMW/M240i.html,https://www.racingsportscars.com/suffix/photo/BMW/M240i/Racing%20Cup.html,NA
2025,10,VW Golf VII GTI TCR DSG - VW,NA,AT3,Max Kruse Racing (D),-,-,Max Kruse (D)/Christoph Lenz (CH)/Dario Stanco (CH)/Armando Stanco (CH),NA,NA,NA,03/05/2026,Thomas Morper,VW,Golf,VII GTI TCR DSG,NA,Result: did not finishGrid: 79th (9:31.7440) - 84th fastest qualifier,did not finishGrid: 79th (9:31.7440) - 84th fastest qualifier,not_finished,79,9:31.7440,NA,9:31.7440,https://www.racingsportscars.com/tn/photo/2025/TN_Nurburgring-2025-06-22-010.jpg,https://www.racingsportscars.com/NA,https://www.racingsportscars.com/make/photo/VW.html,https://www.racingsportscars.com/type/photo/VW/Golf.html,https://www.racingsportscars.com/suffix/photo/VW/Golf/VII%20%20GTI%20TCR%20DSG.html,NA
2025,76,VW Golf VIII GTI Clubsport 24h - VW,NA,AT3,Max Kruse Racing (D),-,-,"Jasmin Preisig (CH)/Timo Hochwind (D)/Christian Gebhardt (D)/Fabian Vettel (D)listed, never drove: Heiko Hammel (D), Nico Otto (D), Benjamin Leuchter (D), Johan Kristoffersson (S)",NA,NA,NA,03/05/2026,Thomas Morper,VW,Golf,VIII GTI Clubsport 24h,NA,Result: did not finishGrid: 50th (8:54.5850) - 52nd fastest qualifier,did not finishGrid: 50th (8:54.5850) - 52nd fastest qualifier,not_finished,50,8:54.5850,NA,8:54.5850,https://www.racingsportscars.com/tn/photo/2025/TN_Nurburgring-2025-06-22-076.jpg,https://www.racingsportscars.com/NA,https://www.racingsportscars.com/make/photo/VW.html,https://www.racingsportscars.com/type/photo/VW/Golf.html,https://www.racingsportscars.com/suffix/photo/VW/Golf/VIII%20GTI%20Clubsport%2024h.html,NA
2025,1,Audi R8 LMS GT3 Evo II - Audi V10/90° 4v DOHC 5205 cc N/A,NA,SP9,Scherer Sport PHX (D),Closed bodywork,Mid-engined,Christopher Haase (D)/Luca Ludwig (D)/Markus Winkelhock (D),NA,NA,NA,03/05/2026,Thomas Morper,Audi,R8 LMS,GT3 Evo II,NA,Result: did not finishGrid: 5th (8:10.5800) - 1st fastest qualifier,did not finishGrid: 5th (8:10.5800) - 1st fastest qualifier,not_finished,5,8:10.5800,NA,8:10.5800,https://www.racingsportscars.com/tn/photo/2025/TN_Nurburgring-2025-06-22-001.jpg,https://www.racingsportscars.com/NA,https://www.racingsportscars.com/make/photo/Audi.html,https://www.racingsportscars.com/type/photo/Audi/R8%20LMS.html,https://www.racingsportscars.com/suffix/photo/Audi/R8%20LMS/GT3%20Evo%20II.html,NA
2025,64,Ford Mustang GT3 Gen 7 #FP GT3 015 (Multimatic) - Ford Coyote V8/90° 4v DOHC 5408 cc N/A,NA,SP9,HRT Ford Performance (D),Closed bodywork,Front-engined,Dennis Olsen (N)/Arjun Maini (IND)/Frank Stippler (D)/Jusuf Owega (D),NA,NA,NA,03/05/2026,Thomas Morper,Ford,Mustang GT3,Gen 7,#FP GT3 015,Result: did not finishGrid: 14th (8:15.0430) - 11th fastest qualifier,did not finishGrid: 14th (8:15.0430) - 11th fastest qualifier,not_finished,14,8:15.0430,NA,8:15.0430,https://www.racingsportscars.com/tn/photo/2025/TN_Nurburgring-2025-06-22-064.jpg,https://www.racingsportscars.com/NA,https://www.racingsportscars.com/make/photo/Ford.html,https://www.racingsportscars.com/type/photo/Ford/Mustang%20GT3.html,https://www.racingsportscars.com/suffix/photo/Ford/Mustang%20GT3/Gen%207.html,https://www.racingsportscars.com/chassis/photo/FP%20GT3%20015.html
2025,978,Porsche 718 Cayman GT4 Clubsport MR - Porsche F6 4v DOHC 3800 cc N/A,NA,Cup 3,KKrämer Racing (D),Closed bodywork,Mid-engined,"John Finken (D)/Peter Sander (D)/Jang Han Choi (ROK)/Mario Handrick (D)listed, never drove: Karsten Krämer (D), Christopher Brück (D)",NA,NA,NA,03/05/2026,Thomas Morper,Porsche,718 Cayman,GT4 Clubsport MR,NA,Result: did not finishGrid: 78th (9:31.3740) - 83rd fastest qualifier,did not finishGrid: 78th (9:31.3740) - 83rd fastest qualifier,not_finished,78,9:31.3740,NA,9:31.3740,https://www.racingsportscars.com/tn/photo/2025/TN_Nurburgring-2025-06-22-978.jpg,https://www.racingsportscars.com/NA,https://www.racingsportscars.com/make/photo/Porsche.html,https://www.racingsportscars.com/type/photo/Porsche/718%20Cayman.html,https://www.racingsportscars.com/suffix/photo/Porsche/718%20Cayman/GT4%20Clubsport%20MR.html,NA
2025,33,Porsche 992 GT3 R I - Porsche M97/80 F6 4v DOHC 4194 cc N/A,NA,SP9,Falken Motorsports (D),Closed bodywork,Rear-engined,Julien Andlauer (F)/Nico Menzel (D)/Sven Müller (D)/Alessio Picariello (B),NA,NA,NA,03/05/2026,Thomas Morper,Porsche,992 GT3 R,I,NA,Result: did not finishGrid: 4th (8:14.2790) - 7th fastest qualifier,did not finishGrid: 4th (8:14.2790) - 7th fastest qualifier,not_finished,4,8:14.2790,NA,8:14.2790,https://www.racingsportscars.com/tn/photo/2025/TN_Nurburgring-2025-06-22-033.jpg,https://www.racingsportscars.com/NA,https://www.racingsportscars.com/make/photo/Porsche.html,https://www.racingsportscars.com/type/photo/Porsche/992%20GT3%20R.html,https://www.racingsportscars.com/suffix/photo/Porsche/992%20GT3%20R/I.html,NA
2025,50,Audi R8 LMS GT3 Evo II - Audi V10/90° 4v DOHC 5205 cc N/A,NA,SP9,équipe vitesse (D),Closed bodywork,Mid-engined,Michael Heimrich/Lorenzo Rocco di Torrepadula (CH)/Eric Ullström (S)/Arno Klasen (D),NA,NA,NA,03/05/2026,Thomas Morper,Audi,R8 LMS,GT3 Evo II,NA,Result: did not finishGrid: 23rd (8:31.3990) - 27th fastest qualifier,did not finishGrid: 23rd (8:31.3990) - 27th fastest qualifier,not_finished,23,8:31.3990,NA,8:31.3990,https://www.racingsportscars.com/tn/photo/2025/TN_Nurburgring-2025-06-22-050.jpg,https://www.racingsportscars.com/NA,https://www.racingsportscars.com/make/photo/Audi.html,https://www.racingsportscars.com/type/photo/Audi/R8%20LMS.html,https://www.racingsportscars.com/suffix/photo/Audi/R8%20LMS/GT3%20Evo%20II.html,NA
2025,677,BMW M240i Racing Cup - BMW,NA,M240i,asBest Racing (D),-,-,"Thomas Alpiger (CH)/Michael Neuhauser (CH)/Henrik Seibel (D)/Sebastian Tauber (D)listed, never drove: Alexander Schmidt (D)",NA,NA,NA,03/05/2026,Thomas Morper,BMW,M240i,Racing Cup,NA,Result: did not finishGrid: 104th (9:49.2940) - 105th fastest qualifier,did not finishGrid: 104th (9:49.2940) - 105th fastest qualifier,not_finished,104,9:49.2940,NA,9:49.2940,https://www.racingsportscars.com/tn/photo/2025/TN_Nurburgring-2025-06-22-677.jpg,https://www.racingsportscars.com/NA,https://www.racingsportscars.com/make/photo/BMW.html,https://www.racingsportscars.com/type/photo/BMW/M240i.html,https://www.racingsportscars.com/suffix/photo/BMW/M240i/Racing%20Cup.html,NA
2025,94,Porsche 992 GT3 Cup - Porsche F6 4v DOHC 3996 cc N/A,NA,Cup 2,Sante Royale Racing Team (D),Closed bodywork,Rear-engined,Stefan Kiefer (D)/Marius Kiefer (D)/David Kiefer (D)/Luca Rettenbacher (A),NA,NA,NA,03/05/2026,Thomas Morper,Porsche,992 GT3 Cup,NA,NA,Result: did not finishGrid: 34th (8:37.2280) - 33rd fastest qualifier,did not finishGrid: 34th (8:37.2280) - 33rd fastest qualifier,not_finished,34,8:37.2280,NA,8:37.2280,https://www.racingsportscars.com/tn/photo/2025/TN_Nurburgring-2025-06-22-094.jpg,https://www.racingsportscars.com/NA,https://www.racingsportscars.com/make/photo/Porsche.html,https://www.racingsportscars.com/type/photo/Porsche/992%20GT3%20Cup.html,NA,NA
2025,111,Mercedes-AMG GT4 - Mercedes-AMG M178 V8/90° 4v DOHC 3982 cc Twin-Turbo,NA,SP10,SR Motorsport by Schnitzelalm (D),Closed bodywork,Front-engined,David Thilenius (USA)/Guido Wirtz (D)/Reinhold Renger (D)/Tim Neuser (D),NA,NA,NA,03/05/2026,Thomas Morper,Mercedes-AMG,GT4,NA,NA,Result: did not finishGrid: 54th (9:00.2450) - 57th fastest qualifier,did not finishGrid: 54th (9:00.2450) - 57th fastest qualifier,not_finished,54,9:00.2450,NA,9:00.2450,https://www.racingsportscars.com/tn/photo/2025/TN_Nurburgring-2025-06-22-111.jpg,https://www.racingsportscars.com/NA,https://www.racingsportscars.com/make/photo/Mercedes-AMG.html,https://www.racingsportscars.com/type/photo/Mercedes-AMG/GT4.html,NA,NA
2025,959,Porsche 718 Cayman GT4 Clubsport MR - Porsche F6 4v DOHC 3800 cc N/A,NA,Cup 3,SRS Team Sorg Rennsport (D),Closed bodywork,Mid-engined,Heiko Eichenberg (D)/Harley Haughton (GB)/Björn Simon (D)/Peter Cate (GB),NA,NA,NA,22/05/2026,© Michael Herzig-fotomich.de,Porsche,718 Cayman,GT4 Clubsport MR,NA,Result: did not finishGrid: 60th (9:02.7790) - 63rd fastest qualifier,did not finishGrid: 60th (9:02.7790) - 63rd fastest qualifier,not_finished,60,9:02.7790,NA,9:02.7790,https://www.racingsportscars.com/tn/photo/2025/TN_Nurburgring-2025-06-22-959.jpg,https://www.racingsportscars.com/photo/2025/Nurburgring-2025-06-22-959.jpg,https://www.racingsportscars.com/make/photo/Porsche.html,https://www.racingsportscars.com/type/photo/Porsche/718%20Cayman.html,https://www.racingsportscars.com/suffix/photo/Porsche/718%20Cayman/GT4%20Clubsport%20MR.html,NA
2025,170,Toyota GR Supra GT4 Evo 2 - Toyota L6 4v DOHC 2998 cc Twin-Turbo,NA,SP10,Toyo Tires with Ring Racing (D),Closed bodywork,Front-engined,Takayuki Kinoshita (J)/Michael Tischner (D)/Heiko Tönges (D),NA,NA,NA,03/05/2026,Thomas Morper,Toyota,GR Supra,GT4 Evo 2,NA,Result: did not finishGrid: 66th (9:08.3620) - 70th fastest qualifier,did not finishGrid: 66th (9:08.3620) - 70th fastest qualifier,not_finished,66,9:08.3620,NA,9:08.3620,https://www.racingsportscars.com/tn/photo/2025/TN_Nurburgring-2025-06-22-170.jpg,https://www.racingsportscars.com/NA,https://www.racingsportscars.com/make/photo/Toyota.html,https://www.racingsportscars.com/type/photo/Toyota/GR%20Supra.html,https://www.racingsportscars.com/suffix/photo/Toyota/GR%20Supra/GT4%20Evo%202.html,NA
2025,505,BMW 328i - BMW,NA,VT2 H,Time Attack Paderborn (D),-,-,Fabian Tillmann (D)/Kaj Schubert (DK)/Michael Wolpertinger (D)/Fritz Hebig (D),NA,NA,NA,22/05/2026,© Michael Herzig-fotomich.de,BMW,328i,NA,NA,Result: did not finishGrid: 114th (9:57.2410) - 115th fastest qualifier,did not finishGrid: 114th (9:57.2410) - 115th fastest qualifier,not_finished,114,9:57.2410,NA,9:57.2410,https://www.racingsportscars.com/tn/photo/2025/TN_Nurburgring-2025-06-22-505.jpg,https://www.racingsportscars.com/photo/2025/Nurburgring-2025-06-22-505.jpg,https://www.racingsportscars.com/make/photo/BMW.html,https://www.racingsportscars.com/type/photo/BMW/328i.html,NA,NA
2025,945,Porsche 718 Cayman GT4 Clubsport MR - Porsche F6 4v DOHC 3800 cc N/A,NA,Cup 3,Renazzo Motorport Team (T),Closed bodywork,Mid-engined,Markus Nölken (D)/Otto Klohs (D)/Daniel Nölken (D)/Kouichi Okumura (J),NA,NA,NA,03/05/2026,Thomas Morper,Porsche,718 Cayman,GT4 Clubsport MR,NA,Result: did not finishGrid: 80th (9:36.8730) - 88th fastest qualifier,did not finishGrid: 80th (9:36.8730) - 88th fastest qualifier,not_finished,80,9:36.8730,NA,9:36.8730,https://www.racingsportscars.com/tn/photo/2025/TN_Nurburgring-2025-06-22-945.jpg,https://www.racingsportscars.com/NA,https://www.racingsportscars.com/make/photo/Porsche.html,https://www.racingsportscars.com/type/photo/Porsche/718%20Cayman.html,https://www.racingsportscars.com/suffix/photo/Porsche/718%20Cayman/GT4%20Clubsport%20MR.html,NA
2025,347,Porsche 911 GT3 Cup MR - Porsche,NA,SP-PRO,Toyo Tires with Ring Racing (D),-,Rear-engined,Andreas Gülden (D)/Tim Sandtler (D)/Marc Hennerici (D),NA,NA,NA,22/05/2026,© Michael Herzig-fotomich.de,Porsche,911 GT3,Cup MR,NA,Result: did not finishGrid: 24th (8:45.4340) - 40th fastest qualifier,did not finishGrid: 24th (8:45.4340) - 40th fastest qualifier,not_finished,24,8:45.4340,NA,8:45.4340,https://www.racingsportscars.com/tn/photo/2025/TN_Nurburgring-2025-06-22-347.jpg,https://www.racingsportscars.com/NA,https://www.racingsportscars.com/make/photo/Porsche.html,https://www.racingsportscars.com/type/photo/Porsche/911%20GT3.html,https://www.racingsportscars.com/suffix/photo/Porsche/911%20GT3/Cup%20MR.html,NA
