track,date,number,car_title,result,group,entrant,bodywork,engine,drivers,sponsor,colour,tyre,updated,contributor,make,model,chassis,suffix,result_raw,result_txt,result_status,grid,grid_time,finish_gap,dnf_reason,thumb_url,photo_url,make_url,model_url,chassis_url,suffix_url
nurburgring,2008-05-25,1,Porsche 997 GT3 RSR #WP0ZZZ99Z7S799927 - Porsche F6 4v DOHC N/A,1,SP7,Manthey Racing,Closed bodywork,Rear-engined,Timo Bernhard (D)/Marc Lieb (D)/Romain Dumas (F)/Marcel Tiemann (D),Ratioparts,yellow/green,Michelin,25/06/2017,Fabrice Bergenhuizen,Porsche,997 GT3 RSR,#WP0ZZZ99Z7S799927,NA,Result: winner - (156.085 kph) - margin: 1 lapGrid: 1st (8:26.7300),winner - (156.085 kph) - margin: 1 lapGrid: 1st (8:26.7300),finished,1,8:26.7300,156.085 kph,NA,https://www.racingsportscars.com/tn/photo/2008/TN_Nurburgring-2008-05-25-001.jpg,https://www.racingsportscars.com/photo/2008/Nurburgring-2008-05-25-001.jpg,https://www.racingsportscars.com/make/photo/Porsche.html,https://www.racingsportscars.com/type/photo/Porsche/997%20GT3%20RSR.html,https://www.racingsportscars.com/chassis/photo/WP0ZZZ99Z7S799927.html,NA
nurburgring,2008-05-25,23,Porsche 997 GT3-MR #WP0ZZZ99Z3S692071 - Porsche F6 4v DOHC N/A,2,SP7,Manthey Racing,Closed bodywork,Rear-engined,Pierre Kaffer (D)/Armin Hahne (D)/Christian Haarmann/Jochen Krumbach (D),Krimskoye,white/blue,Yokohama,25/06/2017,Fabrice Bergenhuizen,Porsche,997 GT3,#WP0ZZZ99Z3S692071,-MR,Result: 2nd (1 lap behind the winner)Grid: 10th (8:50.9680),2nd (1 lap behind the winner)Grid: 10th (8:50.9680),finished,10,8:50.9680,1 lap behind the winner,NA,https://www.racingsportscars.com/tn/photo/2008/TN_Nurburgring-2008-05-25-023.jpg,https://www.racingsportscars.com/photo/2008/Nurburgring-2008-05-25-023.jpg,https://www.racingsportscars.com/make/photo/Porsche.html,https://www.racingsportscars.com/type/photo/Porsche/997%20GT3.html,https://www.racingsportscars.com/chassis/photo/WP0ZZZ99Z3S692071.html,https://www.racingsportscars.com/suffix/photo/Porsche/997%20GT3/-MR.html
nurburgring,2008-05-25,121,Porsche 997 - Porsche,3,SP7,,Closed bodywork,Rear-engined,Sabine Schmitz (D)/Klaus Abbelen (D)/Edgar Viersen/Kenneth Heyer (D),NA,white/blue,Yokohama,25/06/2017,Fabrice Bergenhuizen,Porsche,997,NA,NA,Result: 3rd (3 laps behind the winner)Grid: 20th (9:07.9690),3rd (3 laps behind the winner)Grid: 20th (9:07.9690),finished,20,9:07.9690,3 laps behind the winner,NA,https://www.racingsportscars.com/tn/photo/2008/TN_Nurburgring-2008-05-25-121.jpg,https://www.racingsportscars.com/photo/2008/Nurburgring-2008-05-25-121.jpg,https://www.racingsportscars.com/make/photo/Porsche.html,https://www.racingsportscars.com/type/photo/Porsche/997.html,NA,NA
nurburgring,2008-05-25,64,BMW Z4 M Coupe - BMW,4,SP6,ORMS Racing,-,-,Marko Hartung (D)/Stefan Neuberger (D)/Franz Engstler (D),NA,blue/silver/yellow,Dunlop,25/06/2017,Fabrice Bergenhuizen,BMW,Z4,NA,M Coupe,Result: 4th 1st in SP6 (4 laps behind the winner)Grid: 17th (9:01.3940),4th 1st in SP6 (4 laps behind the winner)Grid: 17th (9:01.3940),finished,17,9:01.3940,4 laps behind the winner,NA,https://www.racingsportscars.com/tn/photo/2008/TN_Nurburgring-2008-05-25-064.jpg,https://www.racingsportscars.com/photo/2008/Nurburgring-2008-05-25-064.jpg,https://www.racingsportscars.com/make/photo/BMW.html,https://www.racingsportscars.com/type/photo/BMW/Z4.html,NA,https://www.racingsportscars.com/suffix/photo/BMW/Z4/M%20Coupe.html
nurburgring,2008-05-25,26,Porsche 997 GT3 Cup #WP0ZZZ99Z5S798005 - Porsche F6 4v DOHC N/A,5,SP7,Manthey Racing,Closed bodywork,Rear-engined,Frank Kräling (D)/Marc Gindorf (D)/Peter Scharmach (D)/Martin Ragginger (A),Best Comfort,orange,Michelin,25/06/2017,Fabrice Bergenhuizen,Porsche,997 GT3 Cup,#WP0ZZZ99Z5S798005,NA,Result: 5th (4 laps behind the winner)Grid: 16th (9:01.0980),5th (4 laps behind the winner)Grid: 16th (9:01.0980),finished,16,9:01.0980,4 laps behind the winner,NA,https://www.racingsportscars.com/tn/photo/2008/TN_Nurburgring-2008-05-25-026.jpg,https://www.racingsportscars.com/photo/2008/Nurburgring-2008-05-25-026.jpg,https://www.racingsportscars.com/make/photo/Porsche.html,https://www.racingsportscars.com/type/photo/Porsche/997%20GT3%20Cup.html,https://www.racingsportscars.com/chassis/photo/WP0ZZZ99Z5S798005.html,NA
nurburgring,2008-05-25,10,BMW M3 E46 GTS - BMW,6,SP7,Scuderia Augustusburg Brühl e.V. im ADAC,Closed bodywork,Front-engined,Johannes Scheid (D)/Oliver Kainz (D)/Andreas Teichmann (D)/Arno Klasen (D),TechniSat,blue,Yokohama,25/06/2017,Fabrice Bergenhuizen,BMW,M3,NA,E46 GTS,Result: 6th (5 laps behind the winner)Grid: 13th (8:53.0760),6th (5 laps behind the winner)Grid: 13th (8:53.0760),finished,13,8:53.0760,5 laps behind the winner,NA,https://www.racingsportscars.com/tn/photo/2008/TN_Nurburgring-2008-05-25-010.jpg,https://www.racingsportscars.com/photo/2008/Nurburgring-2008-05-25-010.jpg,https://www.racingsportscars.com/make/photo/BMW.html,https://www.racingsportscars.com/type/photo/BMW/M3.html,NA,https://www.racingsportscars.com/suffix/photo/BMW/M3/E46%20GTS.html
nurburgring,2008-05-25,45,Porsche 997 GT3 Cup - Porsche F6 4v DOHC N/A,7,SP7,AGON Motorsport,Closed bodywork,Rear-engined,Jörn Schmidt-Staade (D),NA,white/black,Yokohama,NA,NA,Porsche,997 GT3 Cup,NA,NA,Result: 7th (7 laps behind the winner)Grid: 23rd (9:15.9640),7th (7 laps behind the winner)Grid: 23rd (9:15.9640),finished,23,9:15.9640,7 laps behind the winner,NA,https://www.racingsportscars.com/images/car_no_photo.png,https://www.racingsportscars.com/about.html#contrib,https://www.racingsportscars.com/make/photo/Porsche.html,https://www.racingsportscars.com/type/photo/Porsche/997%20GT3%20Cup.html,NA,NA
nurburgring,2008-05-25,25,Porsche 997 GT3 #WP0ZZZ99Z7S798005 - Porsche F6 4v DOHC N/A,8,SP7,Manthey Racing,Closed bodywork,Rear-engined,Bert Lambrecht (B)/Jean-François Hemroulle (B)/Lance Arnold (D),PolyCron,blue,Michelin,25/06/2017,Fabrice Bergenhuizen,Porsche,997 GT3,#WP0ZZZ99Z7S798005,NA,Result: 8th (7 laps behind the winner)Grid: 15th (9:00.8280),8th (7 laps behind the winner)Grid: 15th (9:00.8280),finished,15,9:00.8280,7 laps behind the winner,NA,https://www.racingsportscars.com/tn/photo/2008/TN_Nurburgring-2008-05-25-025.jpg,https://www.racingsportscars.com/photo/2008/Nurburgring-2008-05-25-025.jpg,https://www.racingsportscars.com/make/photo/Porsche.html,https://www.racingsportscars.com/type/photo/Porsche/997%20GT3.html,https://www.racingsportscars.com/chassis/photo/WP0ZZZ99Z7S798005.html,NA
nurburgring,2008-05-25,46,Porsche 997 GT3 Cup - Porsche F6 4v DOHC N/A,9,SP7,AGON Motorsport,Closed bodywork,Rear-engined,Stefan Peters/Ulf Karlsson (S)/Hannes Plesse (D)/Wolfgang Kohler (D),NA,white/black,Yokohama,25/06/2017,Fabrice Bergenhuizen,Porsche,997 GT3 Cup,NA,NA,Result: 9th (8 laps behind the winner)Grid: 31st (9:28.4720),9th (8 laps behind the winner)Grid: 31st (9:28.4720),finished,31,9:28.4720,8 laps behind the winner,NA,https://www.racingsportscars.com/tn/photo/2008/TN_Nurburgring-2008-05-25-046.jpg,https://www.racingsportscars.com/photo/2008/Nurburgring-2008-05-25-046.jpg,https://www.racingsportscars.com/make/photo/Porsche.html,https://www.racingsportscars.com/type/photo/Porsche/997%20GT3%20Cup.html,NA,NA
nurburgring,2008-05-25,33,Porsche 997 GT3 Cup - Porsche F6 4v DOHC N/A,10,SP7,Land-Motorsport PZ Aschaffenburg,Closed bodywork,Rear-engined,Sergey Matveev (RUS)/Valeriy Gorban/Stanislav Gryazin/Ergeny Tsarev (RUS),NA,white/blue,Pirelli,25/06/2017,Fabrice Bergenhuizen,Porsche,997 GT3 Cup,NA,NA,Result: 10th (9 laps behind the winner)Grid: 29th (9:26.8350),10th (9 laps behind the winner)Grid: 29th (9:26.8350),finished,29,9:26.8350,9 laps behind the winner,NA,https://www.racingsportscars.com/tn/photo/2008/TN_Nurburgring-2008-05-25-033.jpg,https://www.racingsportscars.com/photo/2008/Nurburgring-2008-05-25-033.jpg,https://www.racingsportscars.com/make/photo/Porsche.html,https://www.racingsportscars.com/type/photo/Porsche/997%20GT3%20Cup.html,NA,NA
nurburgring,2008-05-25,118,VW Scirocco - VW L4 N/A,11,SP3T,Volkswagen Motorsport,Closed bodywork,Front-engined,Hans-Joachim Stuck (D)Jimmy Johansson (S)/Florian Gruber (D)/Thomas Mutsch (D),NA,blue,Michelin,13/09/2024,Ole.Pophal (CC-BY-SA-2.0),VW,Scirocco,NA,NA,Result: 11th 1st in SP3T (10 laps behind the winner)Grid: 30th (9:28.3550),11th 1st in SP3T (10 laps behind the winner)Grid: 30th (9:28.3550),finished,30,9:28.3550,10 laps behind the winner,NA,https://www.racingsportscars.com/tn/photo/2008/TN_Nurburgring-2008-05-25-118.jpg,https://www.racingsportscars.com/photo/2008/Nurburgring-2008-05-25-118.jpg,https://www.racingsportscars.com/make/photo/VW.html,https://www.racingsportscars.com/type/photo/VW/Scirocco.html,NA,NA
nurburgring,2008-05-25,27,Porsche 997 GT3 Cup #WP0ZZZ99Z5S798004 - Porsche F6 4v DOHC N/A,12,SP7,Manthey Racing,Closed bodywork,Rear-engined,Williams/Daniel Cooke (D)/Julian Perry (GB)/Trevor Reeves,NA,violett/green,Michelin,NA,NA,Porsche,997 GT3 Cup,#WP0ZZZ99Z5S798004,NA,Result: 12th (11 laps behind the winner)Grid: 26th (9:23.4210),12th (11 laps behind the winner)Grid: 26th (9:23.4210),finished,26,9:23.4210,11 laps behind the winner,NA,https://www.racingsportscars.com/images/car_no_photo.png,https://www.racingsportscars.com/about.html#contrib,https://www.racingsportscars.com/make/photo/Porsche.html,https://www.racingsportscars.com/type/photo/Porsche/997%20GT3%20Cup.html,https://www.racingsportscars.com/chassis/photo/WP0ZZZ99Z5S798004.html,NA
nurburgring,2008-05-25,261,BMW 320d - BMW,13,S1,Motorsport Arena Oschersleben,Closed bodywork,Front-engined,Augusto Farfus (BR)/Fredrik Ekblom (S)/Jörg Müller (D)/Stian Sörlie (N),ARAL Ultimate,white/blue,Dunlop,25/06/2017,Fabrice Bergenhuizen,BMW,320d,NA,NA,Result: 13th 1st in S1 (11 laps behind the winner)Grid: 47th (9:39.3090),13th 1st in S1 (11 laps behind the winner)Grid: 47th (9:39.3090),finished,47,9:39.3090,11 laps behind the winner,NA,https://www.racingsportscars.com/tn/photo/2008/TN_Nurburgring-2008-05-25-261.jpg,https://www.racingsportscars.com/photo/2008/Nurburgring-2008-05-25-261.jpg,https://www.racingsportscars.com/make/photo/BMW.html,https://www.racingsportscars.com/type/photo/BMW/320d.html,NA,NA
nurburgring,2008-05-25,69,BMW Z4 M Coupe - BMW,14,SP6,,-,-,Rudi Adams (D)/Michael Funke (D)/Arnd Meier (D)/Markus Großmann (D),NA,white,NA,25/06/2017,Fabrice Bergenhuizen,BMW,Z4,NA,M Coupe,Result: 14th (11 laps behind the winner)Grid: 12th (8:53.0260),14th (11 laps behind the winner)Grid: 12th (8:53.0260),finished,12,8:53.0260,11 laps behind the winner,NA,https://www.racingsportscars.com/tn/photo/2008/TN_Nurburgring-2008-05-25-069.jpg,https://www.racingsportscars.com/photo/2008/Nurburgring-2008-05-25-069.jpg,https://www.racingsportscars.com/make/photo/BMW.html,https://www.racingsportscars.com/type/photo/BMW/Z4.html,NA,https://www.racingsportscars.com/suffix/photo/BMW/Z4/M%20Coupe.html
nurburgring,2008-05-25,117,VW Scirocco - VW L4 N/A,15,SP3T,Volkswagen Motorsport,Closed bodywork,Front-engined,Hans-Joachim Stuck (D)Carlos Sainz (E)/Giniel De Villiers (ZA)/Dieter Depping (D),NA,blue,Michelin,25/06/2017,Fabrice Bergenhuizen,VW,Scirocco,NA,NA,Result: 15th (12 laps behind the winner)Grid: 28th (9:26.5490),15th (12 laps behind the winner)Grid: 28th (9:26.5490),finished,28,9:26.5490,12 laps behind the winner,NA,https://www.racingsportscars.com/tn/photo/2008/TN_Nurburgring-2008-05-25-117.jpg,https://www.racingsportscars.com/photo/2008/Nurburgring-2008-05-25-117.jpg,https://www.racingsportscars.com/make/photo/VW.html,https://www.racingsportscars.com/type/photo/VW/Scirocco.html,NA,NA
nurburgring,2008-05-25,112,Seat León Supercopa - Seat,16,SP3T,SEAT Deutschland GmbH,-,-,Thomas Marschall/Sebastian Stahl (D)/Florian Gruber (D)/Harald Jacksties (CH),Seat,yellow/blue,Yokohama,25/06/2017,Fabrice Bergenhuizen,Seat,León,NA,Supercopa,Result: 16th (13 laps behind the winner)Grid: 71st (9:53.7900) - 72nd fastest qualifier,16th (13 laps behind the winner)Grid: 71st (9:53.7900) - 72nd fastest qualifier,finished,71,9:53.7900,13 laps behind the winner,NA,https://www.racingsportscars.com/tn/photo/2008/TN_Nurburgring-2008-05-25-112.jpg,https://www.racingsportscars.com/photo/2008/Nurburgring-2008-05-25-112.jpg,https://www.racingsportscars.com/make/photo/Seat.html,https://www.racingsportscars.com/type/photo/Seat/Le%c3%b3n.html,NA,https://www.racingsportscars.com/suffix/photo/Seat/Le%c3%b3n/Supercopa.html
nurburgring,2008-05-25,47,Porsche GT3 - Porsche,17,SP7,,-,-,Ron Grüter/Michael Budde/Klaus Werner (D)/Frank Borkowsky,Fuchs,orange/black,NA,NA,NA,Porsche,GT3,NA,NA,Result: 17th (13 laps behind the winner)Grid: 39th (9:36.0580),17th (13 laps behind the winner)Grid: 39th (9:36.0580),finished,39,9:36.0580,13 laps behind the winner,NA,https://www.racingsportscars.com/images/car_no_photo.png,https://www.racingsportscars.com/about.html#contrib,https://www.racingsportscars.com/make/photo/Porsche.html,https://www.racingsportscars.com/type/photo/Porsche/GT3.html,NA,NA
nurburgring,2008-05-25,8,Aston Martin V8 Vantage N24 - Aston Martin V8/90° 4v DOHC 4280 cc N/A,18,SP8,,Closed bodywork,Front-engined,Oliver Mathai (D)/Matthew Marsh (GB)/Shin'ichi Katsura (J),Intercontinental,yellow,NA,25/06/2017,Fabrice Bergenhuizen,Aston Martin,V8 Vantage,NA,N24,Result: 18th 1st in SP8 (13 laps behind the winner)Grid: 46th (9:39.1870),18th 1st in SP8 (13 laps behind the winner)Grid: 46th (9:39.1870),finished,46,9:39.1870,13 laps behind the winner,NA,https://www.racingsportscars.com/tn/photo/2008/TN_Nurburgring-2008-05-25-008.jpg,https://www.racingsportscars.com/photo/2008/Nurburgring-2008-05-25-008.jpg,https://www.racingsportscars.com/make/photo/Aston%20Martin.html,https://www.racingsportscars.com/type/photo/Aston%20Martin/V8%20Vantage.html,NA,https://www.racingsportscars.com/suffix/photo/Aston%20Martin/V8%20Vantage/N24.html
nurburgring,2008-05-25,143,Honda S2000 - Honda,19,SP3,,-,-,Andreas Mäder/Reinhold Renger (D)/Reiner Schönauer/Roland Rehfeld (D),NA,black/red,Yokohama,NA,NA,Honda,S2000,NA,NA,Result: 19th 1st in SP3 (13 laps behind the winner)Grid: 78th (9:57.8060) - 79th fastest qualifier,19th 1st in SP3 (13 laps behind the winner)Grid: 78th (9:57.8060) - 79th fastest qualifier,finished,78,9:57.8060,13 laps behind the winner,NA,https://www.racingsportscars.com/images/car_no_photo.png,https://www.racingsportscars.com/about.html#contrib,https://www.racingsportscars.com/make/photo/Honda.html,https://www.racingsportscars.com/type/photo/Honda/S2000.html,NA,NA
nurburgring,2008-05-25,30,Porsche 997 GT3 Cup - Porsche F6 4v DOHC N/A,20,SP7,,Closed bodywork,Rear-engined,Stefan Kohlstrung (D)/Nicolai Wahl/Winfried Bär/Klaus Elm (D),Uniserve,black,Michelin,25/06/2017,Fabrice Bergenhuizen,Porsche,997 GT3 Cup,NA,NA,Result: 20th (13 laps behind the winner)Grid: 59th (9:47.2680) - 60th fastest qualifier,20th (13 laps behind the winner)Grid: 59th (9:47.2680) - 60th fastest qualifier,finished,59,9:47.2680,13 laps behind the winner,NA,https://www.racingsportscars.com/tn/photo/2008/TN_Nurburgring-2008-05-25-030.jpg,https://www.racingsportscars.com/photo/2008/Nurburgring-2008-05-25-030.jpg,https://www.racingsportscars.com/make/photo/Porsche.html,https://www.racingsportscars.com/type/photo/Porsche/997%20GT3%20Cup.html,NA,NA
nurburgring,2008-05-25,54,Porsche 996 GT3 - Porsche F6 4v DOHC N/A,21,SP6,,Closed bodywork,Rear-engined,Andre Krumbach (D)/Holger Fuchs (D)/Matteo Cassina (CH)/Ivan Jacoma (CH),McFux,black,NA,25/06/2017,Fabrice Bergenhuizen,Porsche,996 GT3,NA,NA,Result: 21st (13 laps behind the winner)Grid: 38th (9:35.6430),21st (13 laps behind the winner)Grid: 38th (9:35.6430),finished,38,9:35.6430,13 laps behind the winner,NA,https://www.racingsportscars.com/tn/photo/2008/TN_Nurburgring-2008-05-25-054.jpg,https://www.racingsportscars.com/photo/2008/Nurburgring-2008-05-25-054.jpg,https://www.racingsportscars.com/make/photo/Porsche.html,https://www.racingsportscars.com/type/photo/Porsche/996%20GT3.html,NA,NA
nurburgring,2008-05-25,262,BMW 320d - BMW,22,S1,Motorsport Arena Oschersleben,Closed bodywork,Front-engined,Nils Tronrud (N)/Anders Burchardt (N)/Michael Auriemma (USA)/John Mayes (USA),NA,white/green,Dunlop,25/06/2017,Fabrice Bergenhuizen,BMW,320d,NA,NA,Result: 22nd (14 laps behind the winner)Grid: 85th (10:02.6440) - 86th fastest qualifier,22nd (14 laps behind the winner)Grid: 85th (10:02.6440) - 86th fastest qualifier,finished,85,10:02.6440,14 laps behind the winner,NA,https://www.racingsportscars.com/tn/photo/2008/TN_Nurburgring-2008-05-25-262.jpg,https://www.racingsportscars.com/photo/2008/Nurburgring-2008-05-25-262.jpg,https://www.racingsportscars.com/make/photo/BMW.html,https://www.racingsportscars.com/type/photo/BMW/320d.html,NA,NA
nurburgring,2008-05-25,85,Nissan 350Z Z33 # - Nissan,23,SP7,Falken Motorsports,Closed bodywork,Front-engined,Peter Dumbreck (GB)/Dirk Schoysman (B)/Tetsuya Tanaka (J)/Kazuki Hoshino (J),FALKEN/NISSAN/5zigen,turquoise/blue,Falken,18/11/2023,Fabrice Bergenhuizen and FALKEN Motorsport (CC-BY-SA-3.0),Nissan,350Z,#,Z33,Result: 23rd (14 laps behind the winner)Grid: 24th (9:16.1660),23rd (14 laps behind the winner)Grid: 24th (9:16.1660),finished,24,9:16.1660,14 laps behind the winner,NA,https://www.racingsportscars.com/tn/photo/2008/TN_Nurburgring-2008-05-25-085.jpg,https://www.racingsportscars.com/photo/2008/Nurburgring-2008-05-25-085.jpg,https://www.racingsportscars.com/make/photo/Nissan.html,https://www.racingsportscars.com/type/photo/Nissan/350Z.html,https://www.racingsportscars.com/chassis/photo/Z33%20ST1-002.html,https://www.racingsportscars.com/suffix/photo/Nissan/350Z/Z33.html
nurburgring,2008-05-25,224,BMW M3 E46 - BMW,24,V6,Sartorius Team Black Falcon,Closed bodywork,Front-engined,Bona Ventura (D)/Dieter Lehner (CH)/Jürgen Stumpf (D)/Christer Joens (D),NA,yellow/grey,Yokohama,25/06/2017,Fabrice Bergenhuizen,BMW,M3,NA,E46,Result: 24th 1st in V6 (14 laps behind the winner)Grid: 86th (10:02.9140) - 87th fastest qualifier,24th 1st in V6 (14 laps behind the winner)Grid: 86th (10:02.9140) - 87th fastest qualifier,finished,86,10:02.9140,14 laps behind the winner,NA,https://www.racingsportscars.com/tn/photo/2008/TN_Nurburgring-2008-05-25-224.jpg,https://www.racingsportscars.com/photo/2008/Nurburgring-2008-05-25-224.jpg,https://www.racingsportscars.com/make/photo/BMW.html,https://www.racingsportscars.com/type/photo/BMW/M3.html,NA,https://www.racingsportscars.com/suffix/photo/BMW/M3/E46.html
nurburgring,2008-05-25,220,BMW M3 - BMW,25,V6,,Closed bodywork,Front-engined,Michael Luther/Franz Brenauer/Joachim Kiesch (D)/Daniel Zils (D),NA,yellow,Yokohama,25/06/2017,Fabrice Bergenhuizen,BMW,M3,NA,NA,Result: 25th (14 laps behind the winner)Grid: 68th (9:53.1450) - 69th fastest qualifier,25th (14 laps behind the winner)Grid: 68th (9:53.1450) - 69th fastest qualifier,finished,68,9:53.1450,14 laps behind the winner,NA,https://www.racingsportscars.com/tn/photo/2008/TN_Nurburgring-2008-05-25-220.jpg,https://www.racingsportscars.com/photo/2008/Nurburgring-2008-05-25-220.jpg,https://www.racingsportscars.com/make/photo/BMW.html,https://www.racingsportscars.com/type/photo/BMW/M3.html,NA,NA
nurburgring,2008-05-25,19,Aston Martin V8 Vantage - Aston Martin V8/90° 4v DOHC N/A,26,SP8,,Closed bodywork,Front-engined,Frank Döring (D)/Mario Ketterer (D)/Horst Philipp/Joachim Seeber,Vredestein,white,NA,25/06/2017,Fabrice Bergenhuizen,Aston Martin,V8 Vantage,NA,NA,Result: 26th (15 laps behind the winner)Grid: 45th (9:39.1060),26th (15 laps behind the winner)Grid: 45th (9:39.1060),finished,45,9:39.1060,15 laps behind the winner,NA,https://www.racingsportscars.com/tn/photo/2008/TN_Nurburgring-2008-05-25-019.jpg,https://www.racingsportscars.com/photo/2008/Nurburgring-2008-05-25-019.jpg,https://www.racingsportscars.com/make/photo/Aston%20Martin.html,https://www.racingsportscars.com/type/photo/Aston%20Martin/V8%20Vantage.html,NA,NA
nurburgring,2008-05-25,7,Aston Martin V8 Vantage N24 - Aston Martin V8/90° 4v DOHC 4280 cc N/A,27,SP8,,Closed bodywork,Front-engined,Ulrich Bez (D)/Chris Porritt (GB)/Richard Meaden (GB)/Wolfgang Schuhbauer (D),Intercontinental,green,Yokohama,25/06/2017,Fabrice Bergenhuizen,Aston Martin,V8 Vantage,NA,N24,Result: 27th (16 laps behind the winner)Grid: 43rd (9:38.5560),27th (16 laps behind the winner)Grid: 43rd (9:38.5560),finished,43,9:38.5560,16 laps behind the winner,NA,https://www.racingsportscars.com/tn/photo/2008/TN_Nurburgring-2008-05-25-007.jpg,https://www.racingsportscars.com/photo/2008/Nurburgring-2008-05-25-007.jpg,https://www.racingsportscars.com/make/photo/Aston%20Martin.html,https://www.racingsportscars.com/type/photo/Aston%20Martin/V8%20Vantage.html,NA,https://www.racingsportscars.com/suffix/photo/Aston%20Martin/V8%20Vantage/N24.html
nurburgring,2008-05-25,146,Seat León Supercopa - Seat,28,SP3T,,-,-,Mike Jäger (D)/Heiko Hammel (D)/Gerd Schumacher/Bernd Schneider (D),Multimerx,white/turquoise,Yokohama,25/06/2017,Fabrice Bergenhuizen,Seat,León,NA,Supercopa,Result: 28th (16 laps behind the winner)Grid: 67th (9:52.9590) - 68th fastest qualifier,28th (16 laps behind the winner)Grid: 67th (9:52.9590) - 68th fastest qualifier,finished,67,9:52.9590,16 laps behind the winner,NA,https://www.racingsportscars.com/tn/photo/2008/TN_Nurburgring-2008-05-25-146.jpg,https://www.racingsportscars.com/photo/2008/Nurburgring-2008-05-25-146.jpg,https://www.racingsportscars.com/make/photo/Seat.html,https://www.racingsportscars.com/type/photo/Seat/Le%c3%b3n.html,NA,https://www.racingsportscars.com/suffix/photo/Seat/Le%c3%b3n/Supercopa.html
nurburgring,2008-05-25,127,Honda S2000 - Honda,29,SP3,,-,-,Markus Fugel (D)/Steve Kirsch (D)/Ruben Zeltner (D)/Uwe Wächtler (D),NA,white/red,NA,NA,NA,Honda,S2000,NA,NA,Result: 29th (17 laps behind the winner)Grid: 89th (10:03.9630) - 90th fastest qualifier,29th (17 laps behind the winner)Grid: 89th (10:03.9630) - 90th fastest qualifier,finished,89,10:03.9630,17 laps behind the winner,NA,https://www.racingsportscars.com/images/car_no_photo.png,https://www.racingsportscars.com/about.html#contrib,https://www.racingsportscars.com/make/photo/Honda.html,https://www.racingsportscars.com/type/photo/Honda/S2000.html,NA,NA
nurburgring,2008-05-25,53,BMW M3 # - BMW,30,SP6,MSC Rhön e.V. im AvD,Closed bodywork,Front-engined,Pierre de Thoisy (F)/Eric van de Vyver (F)/Thierry Depoix (F),Krafft Walzen,yellow/white,NA,25/06/2017,Fabrice Bergenhuizen,BMW,M3,#,NA,Result: 30th (17 laps behind the winner)Grid: 82nd (10:00.8120) - 83rd fastest qualifier,30th (17 laps behind the winner)Grid: 82nd (10:00.8120) - 83rd fastest qualifier,finished,82,10:00.8120,17 laps behind the winner,NA,https://www.racingsportscars.com/tn/photo/2008/TN_Nurburgring-2008-05-25-053.jpg,https://www.racingsportscars.com/photo/2008/Nurburgring-2008-05-25-053.jpg,https://www.racingsportscars.com/make/photo/BMW.html,https://www.racingsportscars.com/type/photo/BMW/M3.html,https://www.racingsportscars.com/chassis/photo/095428209.html,NA
nurburgring,2008-05-25,44,Holden Commodore - Holden,31,SP8,,-,-,Mal Rose (AUS)/Tony Alford (AUS)/Peter Leemhuis (AUS),NA,white,NA,25/06/2017,Fabrice Bergenhuizen,Holden,Commodore,NA,NA,Result: 31st (17 laps behind the winner)Grid: 61st (9:48.6140) - 62nd fastest qualifier,31st (17 laps behind the winner)Grid: 61st (9:48.6140) - 62nd fastest qualifier,finished,61,9:48.6140,17 laps behind the winner,NA,https://www.racingsportscars.com/tn/photo/2008/TN_Nurburgring-2008-05-25-044.jpg,https://www.racingsportscars.com/photo/2008/Nurburgring-2008-05-25-044.jpg,https://www.racingsportscars.com/make/photo/Holden.html,https://www.racingsportscars.com/type/photo/Holden/Commodore.html,NA,NA
nurburgring,2008-05-25,116,VW Scirocco - VW L4 N/A,32,SP3T,Volkswagen Motorsport,Closed bodywork,Front-engined,Ulrich Hackenberg/Bernd Ostmann (D)/Altfrid Heger (D)/Matthias Malmedie (D),NA,blue,Michelin,25/06/2017,Fabrice Bergenhuizen,VW,Scirocco,NA,NA,Result: 32nd (18 laps behind the winner)Grid: 42nd (9:38.3310),32nd (18 laps behind the winner)Grid: 42nd (9:38.3310),finished,42,9:38.3310,18 laps behind the winner,NA,https://www.racingsportscars.com/tn/photo/2008/TN_Nurburgring-2008-05-25-116.jpg,https://www.racingsportscars.com/photo/2008/Nurburgring-2008-05-25-116.jpg,https://www.racingsportscars.com/make/photo/VW.html,https://www.racingsportscars.com/type/photo/VW/Scirocco.html,NA,NA
nurburgring,2008-05-25,207,BMW M3 E46 - BMW,33,V5,,Closed bodywork,Front-engined,Timo Schupp (D)/Werner Gusenbauer (D)/Andreas Herwerth (D)/Ralf Schall (D),TNT Post,white/orange,Yokohama,NA,NA,BMW,M3,NA,E46,Result: 33rd 1st in V5 (18 laps behind the winner)Grid: 94th (10:07.6490) - 95th fastest qualifier,33rd 1st in V5 (18 laps behind the winner)Grid: 94th (10:07.6490) - 95th fastest qualifier,finished,94,10:07.6490,18 laps behind the winner,NA,https://www.racingsportscars.com/images/car_no_photo.png,https://www.racingsportscars.com/about.html#contrib,https://www.racingsportscars.com/make/photo/BMW.html,https://www.racingsportscars.com/type/photo/BMW/M3.html,NA,https://www.racingsportscars.com/suffix/photo/BMW/M3/E46.html
nurburgring,2008-05-25,38,BMW M3 E92 - BMW,34,SP7,Sartorius Team Black Falcon,Closed bodywork,Front-engined,Dillon Koster (NL)/Sean Paul Breslin (IRL)/Diego Romanini (I)/Jan Sloten,Sartorius,grey/yellow,Yokohama,25/06/2017,Fabrice Bergenhuizen,BMW,M3,NA,E92,Result: 34th (19 laps behind the winner)Grid: 48th (9:39.4090),34th (19 laps behind the winner)Grid: 48th (9:39.4090),finished,48,9:39.4090,19 laps behind the winner,NA,https://www.racingsportscars.com/tn/photo/2008/TN_Nurburgring-2008-05-25-038.jpg,https://www.racingsportscars.com/photo/2008/Nurburgring-2008-05-25-038.jpg,https://www.racingsportscars.com/make/photo/BMW.html,https://www.racingsportscars.com/type/photo/BMW/M3.html,NA,https://www.racingsportscars.com/suffix/photo/BMW/M3/E92.html
nurburgring,2008-05-25,142,Honda S2000 - Honda,35,SP4,,-,-,Andreas Mäder/Eugen Sing/Friedhelm Mihm (D)/Jürgen Bäumler,NA,black/red,Yokohama,NA,NA,Honda,S2000,NA,NA,Result: 35th 1st in SP4 (19 laps behind the winner)Grid: 109th (10:15.8030) - 113th fastest qualifier,35th 1st in SP4 (19 laps behind the winner)Grid: 109th (10:15.8030) - 113th fastest qualifier,finished,109,10:15.8030,19 laps behind the winner,NA,https://www.racingsportscars.com/images/car_no_photo.png,https://www.racingsportscars.com/about.html#contrib,https://www.racingsportscars.com/make/photo/Honda.html,https://www.racingsportscars.com/type/photo/Honda/S2000.html,NA,NA
nurburgring,2008-05-25,272,BMW 120d # - BMW,36,S1,GRC Racing,-,-,Jacob Thomsen (GB)/Jan Kalmar/Stewart Lauersen/Matthias Hoffsümmer (D),NA,white,Dunlop,25/06/2017,Fabrice Bergenhuizen,BMW,120d,#,NA,Result: 36th (20 laps behind the winner)Grid: 119th (10:21.6500) - 123rd fastest qualifier,36th (20 laps behind the winner)Grid: 119th (10:21.6500) - 123rd fastest qualifier,finished,119,10:21.6500,20 laps behind the winner,NA,https://www.racingsportscars.com/tn/photo/2008/TN_Nurburgring-2008-05-25-272.jpg,https://www.racingsportscars.com/photo/2008/Nurburgring-2008-05-25-272.jpg,https://www.racingsportscars.com/make/photo/BMW.html,https://www.racingsportscars.com/type/photo/BMW/120d.html,https://www.racingsportscars.com/chassis/photo/120D-Kalmar%23.html,NA
nurburgring,2008-05-25,230,Honda Civic Type R - Honda,37,SP Cup,Fuchs Personal Team Nett,-,-,Christoph Dupré (D)/Claus Dupré (D)/Jürgen Nett (D)/Rolf Schütz,NA,red,NA,NA,NA,Honda,Civic,NA,Type R,Result: 37th 1st in SP Cup (20 laps behind the winner)Grid: 131st (10:27.7750) - 136th fastest qualifier,37th 1st in SP Cup (20 laps behind the winner)Grid: 131st (10:27.7750) - 136th fastest qualifier,finished,131,10:27.7750,20 laps behind the winner,NA,https://www.racingsportscars.com/images/car_no_photo.png,https://www.racingsportscars.com/about.html#contrib,https://www.racingsportscars.com/make/photo/Honda.html,https://www.racingsportscars.com/type/photo/Honda/Civic.html,NA,https://www.racingsportscars.com/suffix/photo/Honda/Civic/Type%20R.html
nurburgring,2008-05-25,210,BMW Z4 - BMW,38,V5,Schirra Motoring,-,-,Peter Enders/Henry Walkenhorst (D)/Markus Oestreich (D)/Rolf Enders,NA,white,NA,25/06/2017,Fabrice Bergenhuizen,BMW,Z4,NA,NA,Result: 38th (20 laps behind the winner)Grid: 91st (10:04.6090) - 92nd fastest qualifier,38th (20 laps behind the winner)Grid: 91st (10:04.6090) - 92nd fastest qualifier,finished,91,10:04.6090,20 laps behind the winner,NA,https://www.racingsportscars.com/tn/photo/2008/TN_Nurburgring-2008-05-25-210.jpg,https://www.racingsportscars.com/photo/2008/Nurburgring-2008-05-25-210.jpg,https://www.racingsportscars.com/make/photo/BMW.html,https://www.racingsportscars.com/type/photo/BMW/Z4.html,NA,NA
nurburgring,2008-05-25,214,BMW 392 C # - BMW,39,V5,Sartorius Team Black Falcon GmbH,-,-,Heiko Heinemann (D)/Martin Elzer/Ralf Willems (GB),NA,yellow/grey,NA,NA,NA,BMW,392 C,#,NA,Result: 39th (20 laps behind the winner)Grid: 120th (10:22.6870) - 124th fastest qualifier,39th (20 laps behind the winner)Grid: 120th (10:22.6870) - 124th fastest qualifier,finished,120,10:22.6870,20 laps behind the winner,NA,https://www.racingsportscars.com/images/car_no_photo.png,https://www.racingsportscars.com/about.html#contrib,https://www.racingsportscars.com/make/photo/BMW.html,https://www.racingsportscars.com/type/photo/BMW/392%20C.html,https://www.racingsportscars.com/chassis/photo/392C-Heinemann%23.html,NA
nurburgring,2008-05-25,102,Subaru Impreza - Subaru,40,SP3T,,-,-,Mike Rimmer/Chris Rimmer/Nick Barrow (GB),NA,red,NA,NA,NA,Subaru,Impreza,NA,NA,Result: 40th (20 laps behind the winner)Grid: 123rd (10:24.7170) - 127th fastest qualifier,40th (20 laps behind the winner)Grid: 123rd (10:24.7170) - 127th fastest qualifier,finished,123,10:24.7170,20 laps behind the winner,NA,https://www.racingsportscars.com/images/car_no_photo.png,https://www.racingsportscars.com/about.html#contrib,https://www.racingsportscars.com/make/photo/Subaru.html,https://www.racingsportscars.com/type/photo/Subaru/Impreza.html,NA,NA
nurburgring,2008-05-25,232,Honda Civic Type R - Honda,41,SP Cup,Fleper Motorsport,-,-,Peter Venn (D)/Marcel Hoppe (D)/Harald Thönnes/Herbert von Danwitz (D),NA,green,NA,NA,NA,Honda,Civic,NA,Type R,Result: 41st (21 laps behind the winner)Grid: 129th (10:27.2419) - 134th fastest qualifier,41st (21 laps behind the winner)Grid: 129th (10:27.2419) - 134th fastest qualifier,finished,129,10:27.2419,21 laps behind the winner,NA,https://www.racingsportscars.com/images/car_no_photo.png,https://www.racingsportscars.com/about.html#contrib,https://www.racingsportscars.com/make/photo/Honda.html,https://www.racingsportscars.com/type/photo/Honda/Civic.html,NA,https://www.racingsportscars.com/suffix/photo/Honda/Civic/Type%20R.html
nurburgring,2008-05-25,75,Audi A3 - Audi,42,SP5,,-,-,Rudi Speich (D)/Roland Waschkau (D)/Klaus Hormes,NA,yellow,Yokohama,NA,NA,Audi,A3,NA,NA,Result: 42nd 1st in SP5 (21 laps behind the winner)Grid: 87th (10:03.2570) - 88th fastest qualifier,42nd 1st in SP5 (21 laps behind the winner)Grid: 87th (10:03.2570) - 88th fastest qualifier,finished,87,10:03.2570,21 laps behind the winner,NA,https://www.racingsportscars.com/images/car_no_photo.png,https://www.racingsportscars.com/about.html#contrib,https://www.racingsportscars.com/make/photo/Audi.html,https://www.racingsportscars.com/type/photo/Audi/A3.html,NA,NA
nurburgring,2008-05-25,125,Honda Civic Type R - Honda,43,SP3,,-,-,Cyril Kalbassi (D)/Oluf Bendixen/Fabian Ottmann,NA,white/red/grey,NA,NA,NA,Honda,Civic,NA,Type R,Result: 43rd (21 laps behind the winner)Grid: 93rd (10:06.7690) - 94th fastest qualifier,43rd (21 laps behind the winner)Grid: 93rd (10:06.7690) - 94th fastest qualifier,finished,93,10:06.7690,21 laps behind the winner,NA,https://www.racingsportscars.com/images/car_no_photo.png,https://www.racingsportscars.com/about.html#contrib,https://www.racingsportscars.com/make/photo/Honda.html,https://www.racingsportscars.com/type/photo/Honda/Civic.html,NA,https://www.racingsportscars.com/suffix/photo/Honda/Civic/Type%20R.html
nurburgring,2008-05-25,49,Porsche 996 GT3 Cup - Porsche F6 4v DOHC N/A,44,SP7,Porsche Center Boras,Closed bodywork,Rear-engined,Christer Pernvall (S)/Claés Lund (S)/Göran Strandberg/Hans Andreasson (S),NA,white,NA,NA,NA,Porsche,996 GT3 Cup,NA,NA,Result: 44th (21 laps behind the winner)Grid: 83rd (10:01.4760) - 84th fastest qualifier,44th (21 laps behind the winner)Grid: 83rd (10:01.4760) - 84th fastest qualifier,finished,83,10:01.4760,21 laps behind the winner,NA,https://www.racingsportscars.com/images/car_no_photo.png,https://www.racingsportscars.com/about.html#contrib,https://www.racingsportscars.com/make/photo/Porsche.html,https://www.racingsportscars.com/type/photo/Porsche/996%20GT3%20Cup.html,NA,NA
nurburgring,2008-05-25,225,Honda Civic Type R - Honda,45,SP Cup,Pink Power Taunus Racing,-,-,Henrich Ludger/Jürgen Schulten (D)/Helmut Engelbracht/Dominic Scheib,NA,red/grey,BF Goodrich,NA,NA,Honda,Civic,NA,Type R,Result: 45th (22 laps behind the winner)Grid: 138th (10:30.2710) - 143rd fastest qualifier,45th (22 laps behind the winner)Grid: 138th (10:30.2710) - 143rd fastest qualifier,finished,138,10:30.2710,22 laps behind the winner,NA,https://www.racingsportscars.com/images/car_no_photo.png,https://www.racingsportscars.com/about.html#contrib,https://www.racingsportscars.com/make/photo/Honda.html,https://www.racingsportscars.com/type/photo/Honda/Civic.html,NA,https://www.racingsportscars.com/suffix/photo/Honda/Civic/Type%20R.html
nurburgring,2008-05-25,100,Seat León - Seat,46,SP3T,AC Mayen e.V.,-,-,Ralf Kraus (D)/Sebastian Stahl (D)/Thomas Kroll/Timo Frings,TÜV Rheinland,white,NA,NA,NA,Seat,León,NA,NA,Result: 46th (22 laps behind the winner)Grid: 106th (10:13.3360) - 108th fastest qualifier,46th (22 laps behind the winner)Grid: 106th (10:13.3360) - 108th fastest qualifier,finished,106,10:13.3360,22 laps behind the winner,NA,https://www.racingsportscars.com/images/car_no_photo.png,https://www.racingsportscars.com/about.html#contrib,https://www.racingsportscars.com/make/photo/Seat.html,https://www.racingsportscars.com/type/photo/Seat/Le%c3%b3n.html,NA,NA
nurburgring,2008-05-25,114,Opel Manta B2 #WOL000058G6124929 - Opel,47,SP3,Kissling Motorsport (D),Closed bodywork,Front-engined,Olaf Beckmann (D)/Volker Strycek (D)/Peter Hass (D),NA,white/red,Yokohama,25/06/2017,Fabrice Bergenhuizen,Opel,Manta,#WOL000058G6124929,B2,Result: 47th (22 laps behind the winner)Grid: 80th (9:58.9620) - 81st fastest qualifier,47th (22 laps behind the winner)Grid: 80th (9:58.9620) - 81st fastest qualifier,finished,80,9:58.9620,22 laps behind the winner,NA,https://www.racingsportscars.com/tn/photo/2008/TN_Nurburgring-2008-05-25-114.jpg,https://www.racingsportscars.com/photo/2008/Nurburgring-2008-05-25-114.jpg,https://www.racingsportscars.com/make/photo/Opel.html,https://www.racingsportscars.com/type/photo/Opel/Manta.html,https://www.racingsportscars.com/chassis/photo/WOL000058G6124929.html,https://www.racingsportscars.com/suffix/photo/Opel/Manta/B2.html
nurburgring,2008-05-25,204,BMW 325i E90 - BMW,48,V3-V4,Sartorius Team Black Falcon,-,-,Alexander Böhm (D)/Matthias Unger (D)/Marian Winz/Michael Rebhan (D),NA,grey/yellow,NA,NA,NA,BMW,325i,NA,E90,Result: 48th 1st in V3-V4 (22 laps behind the winner)Grid: 139th (10:30.6210) - 144th fastest qualifier,48th 1st in V3-V4 (22 laps behind the winner)Grid: 139th (10:30.6210) - 144th fastest qualifier,finished,139,10:30.6210,22 laps behind the winner,NA,https://www.racingsportscars.com/images/car_no_photo.png,https://www.racingsportscars.com/about.html#contrib,https://www.racingsportscars.com/make/photo/BMW.html,https://www.racingsportscars.com/type/photo/BMW/325i.html,NA,https://www.racingsportscars.com/suffix/photo/BMW/325i/E90.html
nurburgring,2008-05-25,28,Porsche 997 GT3 Cup - Porsche F6 4v DOHC N/A,49,SP7,Scuderia Offenbach,Closed bodywork,Rear-engined,Harald Weiland (D)/Steffen Roth/Michael Klein (D)/Antoine Feidt (L),Auto Welland,white,NA,25/06/2017,Fabrice Bergenhuizen,Porsche,997 GT3 Cup,NA,NA,Result: 49th (22 laps behind the winner)Grid: 65th (9:50.9660) - 66th fastest qualifier,49th (22 laps behind the winner)Grid: 65th (9:50.9660) - 66th fastest qualifier,finished,65,9:50.9660,22 laps behind the winner,NA,https://www.racingsportscars.com/tn/photo/2008/TN_Nurburgring-2008-05-25-028.jpg,https://www.racingsportscars.com/photo/2008/Nurburgring-2008-05-25-028.jpg,https://www.racingsportscars.com/make/photo/Porsche.html,https://www.racingsportscars.com/type/photo/Porsche/997%20GT3%20Cup.html,NA,NA
nurburgring,2008-05-25,159,Ford Fiesta - Ford N/A,50,SP1-SP2,,Closed bodywork,Front-engined,Ralf Martin (D)/Manuel Lauck (D)/Matthias Luger/Elmar Jurek (D),NA,black/white,NA,NA,NA,Ford,Fiesta,NA,NA,Result: 50th 1st in SP1-SP2 (23 laps behind the winner)Grid: 159th (10:46.5930) - 164th fastest qualifier,50th 1st in SP1-SP2 (23 laps behind the winner)Grid: 159th (10:46.5930) - 164th fastest qualifier,finished,159,10:46.5930,23 laps behind the winner,NA,https://www.racingsportscars.com/images/car_no_photo.png,https://www.racingsportscars.com/about.html#contrib,https://www.racingsportscars.com/make/photo/Ford.html,https://www.racingsportscars.com/type/photo/Ford/Fiesta.html,NA,NA
nurburgring,2008-05-25,264,BMW 130i - BMW N/A,51,V5,Motorsport Arena Oschersleben,-,Front-engined,Emin Akata (D)/Jürgen Dinstühler (D)/Niclas Königsbauer/Jimmy Locke,M-Club,white,NA,NA,NA,BMW,130i,NA,NA,Result: 51st (23 laps behind the winner)Grid: 113th (10:17.6620) - 117th fastest qualifier,51st (23 laps behind the winner)Grid: 113th (10:17.6620) - 117th fastest qualifier,finished,113,10:17.6620,23 laps behind the winner,NA,https://www.racingsportscars.com/images/car_no_photo.png,https://www.racingsportscars.com/about.html#contrib,https://www.racingsportscars.com/make/photo/BMW.html,https://www.racingsportscars.com/type/photo/BMW/130i.html,NA,NA
nurburgring,2008-05-25,87,Porsche 996 GT3 Cup - Porsche F6 4v DOHC N/A,52,SP7,,Closed bodywork,Rear-engined,Rüdiger Klos/Michael Irmgratz (D)/Ralf Wiesner/Miro Konôpka (SK),NA,white/blue,Hankook,25/06/2017,Fabrice Bergenhuizen,Porsche,996 GT3 Cup,NA,NA,Result: 52nd (23 laps behind the winner)Grid: 52nd (9:42.2390),52nd (23 laps behind the winner)Grid: 52nd (9:42.2390),finished,52,9:42.2390,23 laps behind the winner,NA,https://www.racingsportscars.com/tn/photo/2008/TN_Nurburgring-2008-05-25-087.jpg,https://www.racingsportscars.com/photo/2008/Nurburgring-2008-05-25-087.jpg,https://www.racingsportscars.com/make/photo/Porsche.html,https://www.racingsportscars.com/type/photo/Porsche/996%20GT3%20Cup.html,NA,NA
nurburgring,2008-05-25,78,BMW Z4 - BMW,53,SP5,,-,-,Dieter Weidenbrück (D)/Michael Holz (D)/Uwe Erdtmann/Thomas Schumacher,NA,white,NA,25/06/2017,Fabrice Bergenhuizen,BMW,Z4,NA,NA,Result: 53rd (23 laps behind the winner)Grid: 172nd (10:55.5360) - 177th fastest qualifier,53rd (23 laps behind the winner)Grid: 172nd (10:55.5360) - 177th fastest qualifier,finished,172,10:55.5360,23 laps behind the winner,NA,https://www.racingsportscars.com/tn/photo/2008/TN_Nurburgring-2008-05-25-078.jpg,https://www.racingsportscars.com/photo/2008/Nurburgring-2008-05-25-078.jpg,https://www.racingsportscars.com/make/photo/BMW.html,https://www.racingsportscars.com/type/photo/BMW/Z4.html,NA,NA
nurburgring,2008-05-25,131,Honda Civic Type R - Honda,54,SP Cup,Mathol Racing,-,-,Oliver Lembeck/Christian Kosbu/Mario Meier (CH)/Norbert Bermes (D),NA,white/red,BF Goodrich,25/06/2017,Fabrice Bergenhuizen,Honda,Civic,NA,Type R,Result: 54th (24 laps behind the winner)Grid: 122nd (10:24.0750) - 126th fastest qualifier,54th (24 laps behind the winner)Grid: 122nd (10:24.0750) - 126th fastest qualifier,finished,122,10:24.0750,24 laps behind the winner,NA,https://www.racingsportscars.com/tn/photo/2008/TN_Nurburgring-2008-05-25-131.jpg,https://www.racingsportscars.com/photo/2008/Nurburgring-2008-05-25-131.jpg,https://www.racingsportscars.com/make/photo/Honda.html,https://www.racingsportscars.com/type/photo/Honda/Civic.html,NA,https://www.racingsportscars.com/suffix/photo/Honda/Civic/Type%20R.html
nurburgring,2008-05-25,39,Porsche 996 GT3 Cup - Porsche F6 4v DOHC N/A,55,SP7,GT3 Endurance/Motorsport Services,Closed bodywork,Rear-engined,Scott O'Donnell (NZ)/Allan Dippie (NZ)/Lindsay O'Donnell (NZ)/Bruce Stewart (AUS),NA,white/black,Yokohama,NA,NA,Porsche,996 GT3 Cup,NA,NA,Result: 55th (24 laps behind the winner)Grid: 98th (10:09.2360) - 99th fastest qualifier,55th (24 laps behind the winner)Grid: 98th (10:09.2360) - 99th fastest qualifier,finished,98,10:09.2360,24 laps behind the winner,NA,https://www.racingsportscars.com/images/car_no_photo.png,https://www.racingsportscars.com/about.html#contrib,https://www.racingsportscars.com/make/photo/Porsche.html,https://www.racingsportscars.com/type/photo/Porsche/996%20GT3%20Cup.html,NA,NA
nurburgring,2008-05-25,42,Porsche 964 Carrera RS - Porsche F6 2v SOHC N/A,56,SP7,,Closed bodywork,Rear-engined,Georges Kuhn/Dietmar Schmid/Thomas Wasel (D)/Dirk Gerhardy,NA,white,NA,25/06/2017,Fabrice Bergenhuizen,Porsche,964 Carrera,NA,RS,Result: 56th (24 laps behind the winner)Grid: 100th (10:10.3390) - 101st fastest qualifier,56th (24 laps behind the winner)Grid: 100th (10:10.3390) - 101st fastest qualifier,finished,100,10:10.3390,24 laps behind the winner,NA,https://www.racingsportscars.com/tn/photo/2008/TN_Nurburgring-2008-05-25-042.jpg,https://www.racingsportscars.com/photo/2008/Nurburgring-2008-05-25-042.jpg,https://www.racingsportscars.com/make/photo/Porsche.html,https://www.racingsportscars.com/type/photo/Porsche/964%20Carrera.html,NA,https://www.racingsportscars.com/suffix/photo/Porsche/964%20Carrera/RS.html
nurburgring,2008-05-25,180,BMW 318 i - BMW,57,V2,,-,-,Michael Jestädt (D)/Herbert Stenger (D)/Alexander Schula (D),NA,blue/yellow,NA,NA,NA,BMW,318,NA,i,Result: 57th 1st in V2 (24 laps behind the winner)Grid: 154th (10:42.3920) - 159th fastest qualifier,57th 1st in V2 (24 laps behind the winner)Grid: 154th (10:42.3920) - 159th fastest qualifier,finished,154,10:42.3920,24 laps behind the winner,NA,https://www.racingsportscars.com/images/car_no_photo.png,https://www.racingsportscars.com/about.html#contrib,https://www.racingsportscars.com/make/photo/BMW.html,https://www.racingsportscars.com/type/photo/BMW/318.html,NA,https://www.racingsportscars.com/suffix/photo/BMW/318/i.html
nurburgring,2008-05-25,86,Subaru Impreza - Subaru,58,SP6,Subaru NBR Challenge,-,-,Toshihiro Yoshida (J)/Hideshi Matsuda (J)/Naoki Hattori (J)/Kouji Matsuda (J),Subaru,white/blue,Dunlop,25/06/2017,Fabrice Bergenhuizen,Subaru,Impreza,NA,NA,Result: 58th (24 laps behind the winner)Grid: 108th (10:15.0820) - 112th fastest qualifier,58th (24 laps behind the winner)Grid: 108th (10:15.0820) - 112th fastest qualifier,finished,108,10:15.0820,24 laps behind the winner,NA,https://www.racingsportscars.com/tn/photo/2008/TN_Nurburgring-2008-05-25-086.jpg,https://www.racingsportscars.com/photo/2008/Nurburgring-2008-05-25-086.jpg,https://www.racingsportscars.com/make/photo/Subaru.html,https://www.racingsportscars.com/type/photo/Subaru/Impreza.html,NA,NA
nurburgring,2008-05-25,256,VW Golf V R-TDi - VW,59,S1,Oettinger Sport RSR,Closed bodywork,Front-engined,Eberhard Rattunde/Wayne Moore (NZ)/Maurice O'Reilly (NZ)/Klaus Weigner (D),NA,white/blue,Dunlop,NA,NA,VW,Golf,NA,V R-TDi,Result: 59th (25 laps behind the winner)Grid: 164th (10:49.4000) - 169th fastest qualifier,59th (25 laps behind the winner)Grid: 164th (10:49.4000) - 169th fastest qualifier,finished,164,10:49.4000,25 laps behind the winner,NA,https://www.racingsportscars.com/images/car_no_photo.png,https://www.racingsportscars.com/about.html#contrib,https://www.racingsportscars.com/make/photo/VW.html,https://www.racingsportscars.com/type/photo/VW/Golf.html,NA,https://www.racingsportscars.com/suffix/photo/VW/Golf/V%20R-TDi.html
nurburgring,2008-05-25,268,BMW 330d - BMW TDi,60,S2,Renngemeinschaft Bergisch Gladbach,Closed bodywork,Front-engined,Thomas Haider (D)/Rainer Kutsch/Marc Hiltscher (D)/Jutta Kleinschmidt (D),Fuchs,white/blue,Michelin,NA,NA,BMW,330d,NA,NA,Result: 60th 1st in S2 (25 laps behind the winner)Grid: 137th (10:29.8430) - 142nd fastest qualifier,60th 1st in S2 (25 laps behind the winner)Grid: 137th (10:29.8430) - 142nd fastest qualifier,finished,137,10:29.8430,25 laps behind the winner,NA,https://www.racingsportscars.com/images/car_no_photo.png,https://www.racingsportscars.com/about.html#contrib,https://www.racingsportscars.com/make/photo/BMW.html,https://www.racingsportscars.com/type/photo/BMW/330d.html,NA,NA
nurburgring,2008-05-25,119,Audi A3 # - Audi,61,SP3T,Raeder Motorsport,-,-,Elmar Deegener (D)/Jürgen Wohlfahrt (D)/Christoph Breuer (D)/Hans-Martin Gass (D),Keiper,black/red,Dunlop,NA,NA,Audi,A3,#,NA,Result: 61st (25 laps behind the winner)Grid: 50th (9:39.9980),61st (25 laps behind the winner)Grid: 50th (9:39.9980),finished,50,9:39.9980,25 laps behind the winner,NA,https://www.racingsportscars.com/images/car_no_photo.png,https://www.racingsportscars.com/about.html#contrib,https://www.racingsportscars.com/make/photo/Audi.html,https://www.racingsportscars.com/type/photo/Audi/A3.html,https://www.racingsportscars.com/chassis/photo/A3-Raeder%23.html,NA
nurburgring,2008-05-25,216,BMW M3 - BMW,62,V5,,Closed bodywork,Front-engined,Stefan Widensohler/Nils Reimer (D)/Anette Stringos/Reinhold Renger (D),NA,yellow,Michelin,NA,NA,BMW,M3,NA,NA,Result: 62nd (25 laps behind the winner)Grid: 90th (10:04.0010) - 91st fastest qualifier,62nd (25 laps behind the winner)Grid: 90th (10:04.0010) - 91st fastest qualifier,finished,90,10:04.0010,25 laps behind the winner,NA,https://www.racingsportscars.com/images/car_no_photo.png,https://www.racingsportscars.com/about.html#contrib,https://www.racingsportscars.com/make/photo/BMW.html,https://www.racingsportscars.com/type/photo/BMW/M3.html,NA,NA
nurburgring,2008-05-25,213,BMW M3 E36 # - BMW,63,V5,,Closed bodywork,Front-engined,Dominik Thiemann (D)/Allan Runnegard/Cemal Osman/Jody Halse,Munich Legends,black,NA,23/02/2018,Jody Halse,BMW,M3,#,E36,Result: 63rd (26 laps behind the winner)Grid: 121st (10:23.4190) - 125th fastest qualifier,63rd (26 laps behind the winner)Grid: 121st (10:23.4190) - 125th fastest qualifier,finished,121,10:23.4190,26 laps behind the winner,NA,https://www.racingsportscars.com/tn/photo/2008/TN_Nurburgring-2008-05-25-213.jpg,https://www.racingsportscars.com/photo/2008/Nurburgring-2008-05-25-213.jpg,https://www.racingsportscars.com/make/photo/BMW.html,https://www.racingsportscars.com/type/photo/BMW/M3.html,https://www.racingsportscars.com/chassis/photo/WBSBF99000EA40009.html,https://www.racingsportscars.com/suffix/photo/BMW/M3/E36.html
nurburgring,2008-05-25,84,BMW M3 E36 - BMW,64,SP5,,Closed bodywork,Front-engined,Hans-Rolf Salzer/Sascha Salzer/Tjark Schäfer,NA,blue,Dunlop,NA,NA,BMW,M3,NA,E36,Result: 64th (26 laps behind the winner)Grid: 104th (10:12.7510) - 106th fastest qualifier,64th (26 laps behind the winner)Grid: 104th (10:12.7510) - 106th fastest qualifier,finished,104,10:12.7510,26 laps behind the winner,NA,https://www.racingsportscars.com/images/car_no_photo.png,https://www.racingsportscars.com/about.html#contrib,https://www.racingsportscars.com/make/photo/BMW.html,https://www.racingsportscars.com/type/photo/BMW/M3.html,NA,https://www.racingsportscars.com/suffix/photo/BMW/M3/E36.html
nurburgring,2008-05-25,152,Honda Civic - Honda,65,SP1-SP2,König Komfort u. Rennsitze GmbH (D),-,-,Günter Kühlewein (D)/Jörg Dörre/Horst Lars Müller,NA,white/red,NA,NA,NA,Honda,Civic,NA,NA,Result: 65th (26 laps behind the winner)Grid: 162nd (10:48.1420) - 167th fastest qualifier,65th (26 laps behind the winner)Grid: 162nd (10:48.1420) - 167th fastest qualifier,finished,162,10:48.1420,26 laps behind the winner,NA,https://www.racingsportscars.com/images/car_no_photo.png,https://www.racingsportscars.com/about.html#contrib,https://www.racingsportscars.com/make/photo/Honda.html,https://www.racingsportscars.com/type/photo/Honda/Civic.html,NA,NA
nurburgring,2008-05-25,161,Ford Fiesta - Ford N/A,66,SP1-SP2,,Closed bodywork,Front-engined,Andrii Kruglyk (UA)/Alexgi Mochanov/Oleksander Salik/Volodymyr Kondratenko,NA,yellow/blue,NA,NA,NA,Ford,Fiesta,NA,NA,Result: 66th (27 laps behind the winner)Grid: 145th (10:33.7271) - 150th fastest qualifier,66th (27 laps behind the winner)Grid: 145th (10:33.7271) - 150th fastest qualifier,finished,145,10:33.7271,27 laps behind the winner,NA,https://www.racingsportscars.com/images/car_no_photo.png,https://www.racingsportscars.com/about.html#contrib,https://www.racingsportscars.com/make/photo/Ford.html,https://www.racingsportscars.com/type/photo/Ford/Fiesta.html,NA,NA
nurburgring,2008-05-25,178,BMW 318 ti - BMW,67,V2,,-,-,Guido Wegner/Winfried Bernartz/Markus Schmickler (D)/Guido Strohe (D),NA,white/blue/red,Yokohama,NA,NA,BMW,318,NA,ti,Result: 67th (27 laps behind the winner)Grid: 178th (10:58.1440) - 183rd fastest qualifier,67th (27 laps behind the winner)Grid: 178th (10:58.1440) - 183rd fastest qualifier,finished,178,10:58.1440,27 laps behind the winner,NA,https://www.racingsportscars.com/images/car_no_photo.png,https://www.racingsportscars.com/about.html#contrib,https://www.racingsportscars.com/make/photo/BMW.html,https://www.racingsportscars.com/type/photo/BMW/318.html,NA,https://www.racingsportscars.com/suffix/photo/BMW/318/ti.html
nurburgring,2008-05-25,104,Mazda RX-7 # - Mazda,68,SP3T,,-,-,Ric Shaw (AUS)/Stephen Borness (AUS)/Phil Alexander (AUS),Sennheiser,white,NA,NA,NA,Mazda,RX-7,#,NA,Result: 68th (27 laps behind the winner)Grid: 117th (10:19.2970) - 121st fastest qualifier,68th (27 laps behind the winner)Grid: 117th (10:19.2970) - 121st fastest qualifier,finished,117,10:19.2970,27 laps behind the winner,NA,https://www.racingsportscars.com/images/car_no_photo.png,https://www.racingsportscars.com/about.html#contrib,https://www.racingsportscars.com/make/photo/Mazda.html,https://www.racingsportscars.com/type/photo/Mazda/RX-7.html,https://www.racingsportscars.com/chassis/photo/RX7-Shaw%23.html,NA
nurburgring,2008-05-25,270,BMW 120d - BMW,69,S1,Marcos Racing International,-,-,Ian James (GB)/Daniel Dror (GB)/John Macaluso (USA)/Toto Lassally (ES),NA,white/blue,NA,NA,NA,BMW,120d,NA,NA,Result: 69th (28 laps behind the winner)Grid: 176th (10:57.9580) - 181st fastest qualifier,69th (28 laps behind the winner)Grid: 176th (10:57.9580) - 181st fastest qualifier,finished,176,10:57.9580,28 laps behind the winner,NA,https://www.racingsportscars.com/images/car_no_photo.png,https://www.racingsportscars.com/about.html#contrib,https://www.racingsportscars.com/make/photo/BMW.html,https://www.racingsportscars.com/type/photo/BMW/120d.html,NA,NA
nurburgring,2008-05-25,181,BMW 318 is - BMW,70,V2,,-,-,Günter Memminger (D)/Stefan Memminger (D)/Christoph Unterhuber,NA,black/blue/yellow,NA,NA,NA,BMW,318,NA,is,Result: 70th (28 laps behind the winner)Grid: 184th (11:02.5040) - 189th fastest qualifier,70th (28 laps behind the winner)Grid: 184th (11:02.5040) - 189th fastest qualifier,finished,184,11:02.5040,28 laps behind the winner,NA,https://www.racingsportscars.com/images/car_no_photo.png,https://www.racingsportscars.com/about.html#contrib,https://www.racingsportscars.com/make/photo/BMW.html,https://www.racingsportscars.com/type/photo/BMW/318.html,NA,https://www.racingsportscars.com/suffix/photo/BMW/318/is.html
nurburgring,2008-05-25,48,BMW M3 - BMW,71,SP6,Geoff Steel Racing,Closed bodywork,Front-engined,Tim Christmas (GB)/Denis Cribbin/Paul Jenkins (USA)/Chris Wilson (GB),NA,white/black,NA,25/06/2017,Fabrice Bergenhuizen,BMW,M3,NA,NA,Result: 71st (28 laps behind the winner)Grid: 163rd (10:49.2690) - 168th fastest qualifier,71st (28 laps behind the winner)Grid: 163rd (10:49.2690) - 168th fastest qualifier,finished,163,10:49.2690,28 laps behind the winner,NA,https://www.racingsportscars.com/tn/photo/2008/TN_Nurburgring-2008-05-25-048.jpg,https://www.racingsportscars.com/photo/2008/Nurburgring-2008-05-25-048.jpg,https://www.racingsportscars.com/make/photo/BMW.html,https://www.racingsportscars.com/type/photo/BMW/M3.html,NA,NA
nurburgring,2008-05-25,212,BMW M3 - BMW,72,V5,,Closed bodywork,Front-engined,Uwe Krumscheid (D)/Stefan Manheller (D)/Jürgen Lenarz/Terry Sayles,NA,white/green,NA,NA,NA,BMW,M3,NA,NA,Result: 72nd (28 laps behind the winner)Grid: 107th (10:14.9300) - 111th fastest qualifier,72nd (28 laps behind the winner)Grid: 107th (10:14.9300) - 111th fastest qualifier,finished,107,10:14.9300,28 laps behind the winner,NA,https://www.racingsportscars.com/images/car_no_photo.png,https://www.racingsportscars.com/about.html#contrib,https://www.racingsportscars.com/make/photo/BMW.html,https://www.racingsportscars.com/type/photo/BMW/M3.html,NA,NA
nurburgring,2008-05-25,76,BMW M3 E46 - BMW,73,SP5,,Closed bodywork,Front-engined,Frank Nöhring (D)/Ingo Tepel (D)/Colin White (GB),NA,green/black/white,NA,NA,NA,BMW,M3,NA,E46,Result: 73rd (29 laps behind the winner)Grid: 79th (9:58.2840) - 80th fastest qualifier,73rd (29 laps behind the winner)Grid: 79th (9:58.2840) - 80th fastest qualifier,finished,79,9:58.2840,29 laps behind the winner,NA,https://www.racingsportscars.com/images/car_no_photo.png,https://www.racingsportscars.com/about.html#contrib,https://www.racingsportscars.com/make/photo/BMW.html,https://www.racingsportscars.com/type/photo/BMW/M3.html,NA,https://www.racingsportscars.com/suffix/photo/BMW/M3/E46.html
nurburgring,2008-05-25,67,BMW 130i - BMW N/A,74,SP5,(D),-,Front-engined,Simon Englerth (D)/Tom Robson (D)/Kristian Vetter (D)/Rolf Scheibner (D),NA,black,Pirelli,NA,NA,BMW,130i,NA,NA,Result: 74th (29 laps behind the winner)Grid: 56th (9:45.8720) - 57th fastest qualifier,74th (29 laps behind the winner)Grid: 56th (9:45.8720) - 57th fastest qualifier,finished,56,9:45.8720,29 laps behind the winner,NA,https://www.racingsportscars.com/images/car_no_photo.png,https://www.racingsportscars.com/about.html#contrib,https://www.racingsportscars.com/make/photo/BMW.html,https://www.racingsportscars.com/type/photo/BMW/130i.html,NA,NA
nurburgring,2008-05-25,267,VW Golf IV TDi - VW,75,S1,,Closed bodywork,Front-engined,Armin Holz (D)/Herwarth Wartenberg (D)/Joachim Müller/Siegfried Steinacker,HJS,silver,NA,NA,NA,VW,Golf,NA,IV TDi,Result: 75th (30 laps behind the winner)Grid: 203rd (11:23.3000) - 208th fastest qualifier,75th (30 laps behind the winner)Grid: 203rd (11:23.3000) - 208th fastest qualifier,finished,203,11:23.3000,30 laps behind the winner,NA,https://www.racingsportscars.com/images/car_no_photo.png,https://www.racingsportscars.com/about.html#contrib,https://www.racingsportscars.com/make/photo/VW.html,https://www.racingsportscars.com/type/photo/VW/Golf.html,NA,https://www.racingsportscars.com/suffix/photo/VW/Golf/IV%20TDi.html
nurburgring,2008-05-25,175,BMW 318 is E36 - BMW,76,V2,MSC Wahlscheid e.V.,-,-,"Rolf Derscheid/Michael Flehmer/Werner Schlehecker (D)/""Ilias DeLaVina""",NA,white,NA,NA,NA,BMW,318,NA,is E36,Result: 76th (30 laps behind the winner)Grid: 175th (10:56.7000) - 180th fastest qualifier,76th (30 laps behind the winner)Grid: 175th (10:56.7000) - 180th fastest qualifier,finished,175,10:56.7000,30 laps behind the winner,NA,https://www.racingsportscars.com/images/car_no_photo.png,https://www.racingsportscars.com/about.html#contrib,https://www.racingsportscars.com/make/photo/BMW.html,https://www.racingsportscars.com/type/photo/BMW/318.html,NA,https://www.racingsportscars.com/suffix/photo/BMW/318/is%20E36.html
nurburgring,2008-05-25,89,Ford Mondeo - Ford,77,SP4T,,-,-,Stephan Wölflick (D)/Michael Klein (D)/Urs Bressan (D)/Jens Ludmann (D),Montaplast,white,NA,25/06/2017,Fabrice Bergenhuizen,Ford,Mondeo,NA,NA,Result: 77th 1st in SP4T (30 laps behind the winner)Grid: 132nd (10:27.9650) - 137th fastest qualifier,77th 1st in SP4T (30 laps behind the winner)Grid: 132nd (10:27.9650) - 137th fastest qualifier,finished,132,10:27.9650,30 laps behind the winner,NA,https://www.racingsportscars.com/tn/photo/2008/TN_Nurburgring-2008-05-25-089.jpg,https://www.racingsportscars.com/photo/2008/Nurburgring-2008-05-25-089.jpg,https://www.racingsportscars.com/make/photo/Ford.html,https://www.racingsportscars.com/type/photo/Ford/Mondeo.html,NA,NA
nurburgring,2008-05-25,241,Honda Civic Type R - Honda,78,N1-N2,,-,-,Stuart Owers (NZ)/Michael Eden (NZ)/Lewis Scott (NZ)/Mark Corbett (NZ),NA,black/blue,NA,NA,NA,Honda,Civic,NA,Type R,Result: 78th 1st in N1-N2 (30 laps behind the winner)Grid: 201st (11:22.3900) - 206th fastest qualifier,78th 1st in N1-N2 (30 laps behind the winner)Grid: 201st (11:22.3900) - 206th fastest qualifier,finished,201,11:22.3900,30 laps behind the winner,NA,https://www.racingsportscars.com/images/car_no_photo.png,https://www.racingsportscars.com/about.html#contrib,https://www.racingsportscars.com/make/photo/Honda.html,https://www.racingsportscars.com/type/photo/Honda/Civic.html,NA,https://www.racingsportscars.com/suffix/photo/Honda/Civic/Type%20R.html
nurburgring,2008-05-25,160,Ford Fiesta - Ford 1598 cc N/A,79,SP1-SP2,,Closed bodywork,Front-engined,Benjamin Leuchter (D)/Steffen Ramer/Harald Hennes (D)/Swen Landgraf (D),NA,black/white,NA,NA,NA,Ford,Fiesta,NA,NA,Result: 79th (31 laps behind the winner)Grid: 157th (10:44.6140) - 162nd fastest qualifier,79th (31 laps behind the winner)Grid: 157th (10:44.6140) - 162nd fastest qualifier,finished,157,10:44.6140,31 laps behind the winner,NA,https://www.racingsportscars.com/images/car_no_photo.png,https://www.racingsportscars.com/about.html#contrib,https://www.racingsportscars.com/make/photo/Ford.html,https://www.racingsportscars.com/type/photo/Ford/Fiesta.html,NA,NA
nurburgring,2008-05-25,193,BMW E46 - BMW,80,V3-V4,,-,-,Heinz-Willi Delzepich/Uwe Karp/Jörg Kosmalla/Dirk Heldmann (D),NA,orange/green,NA,NA,NA,BMW,E46,NA,NA,Result: 80th (31 laps behind the winner)Grid: 188th (11:06.9180) - 193rd fastest qualifier,80th (31 laps behind the winner)Grid: 188th (11:06.9180) - 193rd fastest qualifier,finished,188,11:06.9180,31 laps behind the winner,NA,https://www.racingsportscars.com/images/car_no_photo.png,https://www.racingsportscars.com/about.html#contrib,https://www.racingsportscars.com/make/photo/BMW.html,https://www.racingsportscars.com/type/photo/BMW/E46.html,NA,NA
nurburgring,2008-05-25,182,BMW 318 ti - BMW,81,V2,MSC Ruhr-Blitz Bochum,-,-,Bernhard Christ/Michael Eichhorn (D)/Jan Heylen (B)/Karsten Schreyer,NA,white/red,Yokohama,NA,NA,BMW,318,NA,ti,Result: 81st (31 laps behind the winner)Grid: 207th (11:35.0480) - 212th fastest qualifier,81st (31 laps behind the winner)Grid: 207th (11:35.0480) - 212th fastest qualifier,finished,207,11:35.0480,31 laps behind the winner,NA,https://www.racingsportscars.com/images/car_no_photo.png,https://www.racingsportscars.com/about.html#contrib,https://www.racingsportscars.com/make/photo/BMW.html,https://www.racingsportscars.com/type/photo/BMW/318.html,NA,https://www.racingsportscars.com/suffix/photo/BMW/318/ti.html
nurburgring,2008-05-25,93,Honda Civic - Honda,82,SP4,Fleper Motorsport,-,-,Hisanao Kurata (J)/Rhodri Hughes/Werner Uetrecht (D)/Florian Fricke (D),H&R,green,NA,NA,NA,Honda,Civic,NA,NA,Result: 82nd (31 laps behind the winner)Grid: 158th (10:45.8900) - 163rd fastest qualifier,82nd (31 laps behind the winner)Grid: 158th (10:45.8900) - 163rd fastest qualifier,finished,158,10:45.8900,31 laps behind the winner,NA,https://www.racingsportscars.com/images/car_no_photo.png,https://www.racingsportscars.com/about.html#contrib,https://www.racingsportscars.com/make/photo/Honda.html,https://www.racingsportscars.com/type/photo/Honda/Civic.html,NA,NA
nurburgring,2008-05-25,17,Audi RS4 # - Audi,83,SP8,,-,-,Christian Kohlhaas (D)/Dirk Riebensahm (D)/Vic Rice (USA)/Pedro Passyutu,Auto Siegl,black,NA,25/06/2017,Fabrice Bergenhuizen,Audi,RS4,#,NA,Result: 83rd (31 laps behind the winner)Grid: 53rd (9:43.3370),83rd (31 laps behind the winner)Grid: 53rd (9:43.3370),finished,53,9:43.3370,31 laps behind the winner,NA,https://www.racingsportscars.com/tn/photo/2008/TN_Nurburgring-2008-05-25-017.jpg,https://www.racingsportscars.com/photo/2008/Nurburgring-2008-05-25-017.jpg,https://www.racingsportscars.com/make/photo/Audi.html,https://www.racingsportscars.com/type/photo/Audi/RS4.html,https://www.racingsportscars.com/chassis/photo/GLS404.html,NA
nurburgring,2008-05-25,120,Seat León Supercopa - Seat,84,SP3T,MS Racing PZ Lörrach (D),-,-,Hans Stuckenbrock (D)/Harald Böttner/Andreas Böttner/Manfred Siek,Taxofit,white,Yokohama,NA,NA,Seat,León,NA,Supercopa,Result: 84th (31 laps behind the winner)Grid: 124th (10:25.4709) - 128th fastest qualifier,84th (31 laps behind the winner)Grid: 124th (10:25.4709) - 128th fastest qualifier,finished,124,10:25.4709,31 laps behind the winner,NA,https://www.racingsportscars.com/images/car_no_photo.png,https://www.racingsportscars.com/about.html#contrib,https://www.racingsportscars.com/make/photo/Seat.html,https://www.racingsportscars.com/type/photo/Seat/Le%c3%b3n.html,NA,https://www.racingsportscars.com/suffix/photo/Seat/Le%c3%b3n/Supercopa.html
nurburgring,2008-05-25,113,Opel Astra GTC - Opel,85,SP3,Kissling Motorsport,-,-,Marco Wolf/Rainer Bastuck/Tom Nack (D)/Wolfgang Haugg (D),NA,orange,Dunlop,25/06/2017,Fabrice Bergenhuizen,Opel,Astra,NA,GTC,Result: 85th (31 laps behind the winner)Grid: 95th (10:07.7470) - 96th fastest qualifier,85th (31 laps behind the winner)Grid: 95th (10:07.7470) - 96th fastest qualifier,finished,95,10:07.7470,31 laps behind the winner,NA,https://www.racingsportscars.com/tn/photo/2008/TN_Nurburgring-2008-05-25-113.jpg,https://www.racingsportscars.com/photo/2008/Nurburgring-2008-05-25-113.jpg,https://www.racingsportscars.com/make/photo/Opel.html,https://www.racingsportscars.com/type/photo/Opel/Astra.html,NA,https://www.racingsportscars.com/suffix/photo/Opel/Astra/GTC.html
nurburgring,2008-05-25,145,Audi TT - Audi,86,SP3T,,Closed bodywork,Mid-engined,Thomas Kroher/Philipp Leisen (D)/Andreas Leue/Stefan Küster,Pirelli,white/red,Pirelli,NA,NA,Audi,TT,NA,NA,Result: 86th (31 laps behind the winner)Grid: 69th (9:53.2230) - 70th fastest qualifier,86th (31 laps behind the winner)Grid: 69th (9:53.2230) - 70th fastest qualifier,finished,69,9:53.2230,31 laps behind the winner,NA,https://www.racingsportscars.com/images/car_no_photo.png,https://www.racingsportscars.com/about.html#contrib,https://www.racingsportscars.com/make/photo/Audi.html,https://www.racingsportscars.com/type/photo/Audi/TT.html,NA,NA
nurburgring,2008-05-25,88,Ford Focus - Ford,87,SP4T,,-,-,Björn Herrmann/Mike Martin (D)/Christian Bock (D)/Christian Steffens (D),Saturn,white/yellow,Dunlop,25/06/2017,Fabrice Bergenhuizen,Ford,Focus,NA,NA,Result: 87th (31 laps behind the winner)Grid: 76th (9:57.5890) - 77th fastest qualifier,87th (31 laps behind the winner)Grid: 76th (9:57.5890) - 77th fastest qualifier,finished,76,9:57.5890,31 laps behind the winner,NA,https://www.racingsportscars.com/tn/photo/2008/TN_Nurburgring-2008-05-25-088.jpg,https://www.racingsportscars.com/photo/2008/Nurburgring-2008-05-25-088.jpg,https://www.racingsportscars.com/make/photo/Ford.html,https://www.racingsportscars.com/type/photo/Ford/Focus.html,NA,NA
nurburgring,2008-05-25,229,Honda Civic Type R - Honda,88,SP Cup,,-,-,Michael Ecker/Kim Berwanger (D)/Uwe Unteroberdörster/Patrick Lumma,NA,red/yellow,BF Goodrich,NA,NA,Honda,Civic,NA,Type R,Result: 88th (32 laps behind the winner)Grid: 142nd (10:32.7660) - 147th fastest qualifier,88th (32 laps behind the winner)Grid: 142nd (10:32.7660) - 147th fastest qualifier,finished,142,10:32.7660,32 laps behind the winner,NA,https://www.racingsportscars.com/images/car_no_photo.png,https://www.racingsportscars.com/about.html#contrib,https://www.racingsportscars.com/make/photo/Honda.html,https://www.racingsportscars.com/type/photo/Honda/Civic.html,NA,https://www.racingsportscars.com/suffix/photo/Honda/Civic/Type%20R.html
nurburgring,2008-05-25,252,VW Golf V Kit Car - VW,89,S1,H&R Spezialfedern,Closed bodywork,Front-engined,Kai Jordan (D)/Ralph Bohnhorst/Martin Zondler/Thomas Schiemann (D),NA,black,Yokohama,NA,NA,VW,Golf,NA,V Kit Car,Result: 89th (32 laps behind the winner)Grid: 133rd (10:28.1340) - 138th fastest qualifier,89th (32 laps behind the winner)Grid: 133rd (10:28.1340) - 138th fastest qualifier,finished,133,10:28.1340,32 laps behind the winner,NA,https://www.racingsportscars.com/images/car_no_photo.png,https://www.racingsportscars.com/about.html#contrib,https://www.racingsportscars.com/make/photo/VW.html,https://www.racingsportscars.com/type/photo/VW/Golf.html,NA,https://www.racingsportscars.com/suffix/photo/VW/Golf/V%20Kit%20Car.html
nurburgring,2008-05-25,240,Honda Civic Type R - Honda,90,N1-N2,,-,-,Gregory Taylor/Brian McGovern (NZ)/Alistair Taylor (NZ)/Timothy Martin,NA,black/blue,NA,NA,NA,Honda,Civic,NA,Type R,Result: 90th (32 laps behind the winner)Grid: 179th (10:58.5229) - 184th fastest qualifier,90th (32 laps behind the winner)Grid: 179th (10:58.5229) - 184th fastest qualifier,finished,179,10:58.5229,32 laps behind the winner,NA,https://www.racingsportscars.com/images/car_no_photo.png,https://www.racingsportscars.com/about.html#contrib,https://www.racingsportscars.com/make/photo/Honda.html,https://www.racingsportscars.com/type/photo/Honda/Civic.html,NA,https://www.racingsportscars.com/suffix/photo/Honda/Civic/Type%20R.html
nurburgring,2008-05-25,201,BMW 325i E46 - BMW,91,V3-V4,Dolate Motorsport,-,-,Nikolaus Wegeler/Frank Haack/Jürgen Meyer (D)/Hans Holzer,NA,blue,NA,NA,NA,BMW,325i,NA,E46,Result: 91st (32 laps behind the winner)Grid: 151st (10:41.3500) - 156th fastest qualifier,91st (32 laps behind the winner)Grid: 151st (10:41.3500) - 156th fastest qualifier,finished,151,10:41.3500,32 laps behind the winner,NA,https://www.racingsportscars.com/images/car_no_photo.png,https://www.racingsportscars.com/about.html#contrib,https://www.racingsportscars.com/make/photo/BMW.html,https://www.racingsportscars.com/type/photo/BMW/325i.html,NA,https://www.racingsportscars.com/suffix/photo/BMW/325i/E46.html
nurburgring,2008-05-25,254,BMW 320 E46 # - BMW,92,S1,,Closed bodywork,Front-engined,Bernd Kleeschulte (D)/Paul-Martin Dose (D)/Gustav Edelhoff (D)/Roland Botor (D),Moritz Rapsöl,yellow/blue,NA,NA,NA,BMW,320,#,E46,Result: 92nd (32 laps behind the winner)Grid: 191st (11:09.2510) - 196th fastest qualifier,92nd (32 laps behind the winner)Grid: 191st (11:09.2510) - 196th fastest qualifier,finished,191,11:09.2510,32 laps behind the winner,NA,https://www.racingsportscars.com/images/car_no_photo.png,https://www.racingsportscars.com/about.html#contrib,https://www.racingsportscars.com/make/photo/BMW.html,https://www.racingsportscars.com/type/photo/BMW/320.html,https://www.racingsportscars.com/chassis/photo/78566364.html,https://www.racingsportscars.com/suffix/photo/BMW/320/E46.html
nurburgring,2008-05-25,128,Renault Clio - Renault,93,SP3,Rheydter Club für Motorsport e.V.,Closed bodywork,Front-engined,Marc Beckord/Alexander Roth/Christian Mass,NA,yellow,NA,NA,NA,Renault,Clio,NA,NA,Result: 93rd (33 laps behind the winner)Grid: 152nd (10:41.5670) - 157th fastest qualifier,93rd (33 laps behind the winner)Grid: 152nd (10:41.5670) - 157th fastest qualifier,finished,152,10:41.5670,33 laps behind the winner,NA,https://www.racingsportscars.com/images/car_no_photo.png,https://www.racingsportscars.com/about.html#contrib,https://www.racingsportscars.com/make/photo/Renault.html,https://www.racingsportscars.com/type/photo/Renault/Clio.html,NA,NA
nurburgring,2008-05-25,177,BMW 318 is - BMW,94,V2,,-,-,Peter Hoffmann (D)/Reiner Bardenheuer (D)/Markus Etz/Bernhard Christ,NA,white,NA,NA,NA,BMW,318,NA,is,Result: 94th (33 laps behind the winner)Grid: 202nd (11:22.9840) - 207th fastest qualifier,94th (33 laps behind the winner)Grid: 202nd (11:22.9840) - 207th fastest qualifier,finished,202,11:22.9840,33 laps behind the winner,NA,https://www.racingsportscars.com/images/car_no_photo.png,https://www.racingsportscars.com/about.html#contrib,https://www.racingsportscars.com/make/photo/BMW.html,https://www.racingsportscars.com/type/photo/BMW/318.html,NA,https://www.racingsportscars.com/suffix/photo/BMW/318/is.html
nurburgring,2008-05-25,110,Mini Cooper S - BMW N/A,95,SP3T,Schirra Motoring,Closed bodywork,Front-engined,Friedrich von Bohlen (D)/Stephanie Halm (D)/Hari Proczyk (A),NA,blue,NA,25/06/2017,Fabrice Bergenhuizen,Mini,Cooper,NA,S,Result: 95th (33 laps behind the winner)Grid: 75th (9:56.7570) - 76th fastest qualifier,95th (33 laps behind the winner)Grid: 75th (9:56.7570) - 76th fastest qualifier,finished,75,9:56.7570,33 laps behind the winner,NA,https://www.racingsportscars.com/tn/photo/2008/TN_Nurburgring-2008-05-25-110.jpg,https://www.racingsportscars.com/photo/2008/Nurburgring-2008-05-25-110.jpg,https://www.racingsportscars.com/make/photo/Mini.html,https://www.racingsportscars.com/type/photo/Mini/Cooper.html,NA,https://www.racingsportscars.com/suffix/photo/Mini/Cooper/S.html
nurburgring,2008-05-25,280,Opel Astra Caravan # - Opel,96,S1,pro handicap e.V.,Closed bodywork,Front-engined,Wolfgang Müller (D)/Oliver Rudolph (F),NA,white,NA,25/06/2017,Fabrice Bergenhuizen,Opel,Astra,#,Caravan,Result: 96th (33 laps behind the winner)Grid: 204th (11:24.1140) - 209th fastest qualifier,96th (33 laps behind the winner)Grid: 204th (11:24.1140) - 209th fastest qualifier,finished,204,11:24.1140,33 laps behind the winner,NA,https://www.racingsportscars.com/tn/photo/2008/TN_Nurburgring-2008-05-25-280.jpg,https://www.racingsportscars.com/photo/2008/Nurburgring-2008-05-25-280.jpg,https://www.racingsportscars.com/make/photo/Opel.html,https://www.racingsportscars.com/type/photo/Opel/Astra.html,https://www.racingsportscars.com/chassis/photo/Astra-Caravan-Handicap%23.html,https://www.racingsportscars.com/suffix/photo/Opel/Astra/Caravan.html
nurburgring,2008-05-25,140,Honda S2000 - Honda,97,SP3,Partyschnaps.com,-,-,Torsten Platz (D)/Karl Pflanz (D)/Charles Kauffman (L)/Daniel Schwerfeld (D),NA,black/orange,Michelin,NA,NA,Honda,S2000,NA,NA,Result: 97th (33 laps behind the winner)Grid: 127th (10:26.6949) - 132nd fastest qualifier,97th (33 laps behind the winner)Grid: 127th (10:26.6949) - 132nd fastest qualifier,finished,127,10:26.6949,33 laps behind the winner,NA,https://www.racingsportscars.com/images/car_no_photo.png,https://www.racingsportscars.com/about.html#contrib,https://www.racingsportscars.com/make/photo/Honda.html,https://www.racingsportscars.com/type/photo/Honda/S2000.html,NA,NA
nurburgring,2008-05-25,215,BMW M3 - BMW N/A,98,V5,,Closed bodywork,Front-engined,Martin Wagenstetter (D)/Heinz-Werner Lenz/Mirco Schultis (D)/Paul Hulverscheid (D),NA,white/blue,Hankook,NA,NA,BMW,M3,NA,NA,Result: 98th (34 laps behind the winner)Grid: 153rd (10:42.2271) - 158th fastest qualifier,98th (34 laps behind the winner)Grid: 153rd (10:42.2271) - 158th fastest qualifier,finished,153,10:42.2271,34 laps behind the winner,NA,https://www.racingsportscars.com/images/car_no_photo.png,https://www.racingsportscars.com/about.html#contrib,https://www.racingsportscars.com/make/photo/BMW.html,https://www.racingsportscars.com/type/photo/BMW/M3.html,NA,NA
nurburgring,2008-05-25,122,VW Golf GTI - VW,99,S1,R-Line,Closed bodywork,Front-engined,Thomas Klenke (D)/Kai Jordan (D)/Mario Merten (D)/Peter Terting (D),NA,silver,Yokohama,NA,NA,VW,Golf,NA,GTI,Result: 99th (35 laps behind the winner)Grid: 57th (9:46.6170) - 58th fastest qualifier,99th (35 laps behind the winner)Grid: 57th (9:46.6170) - 58th fastest qualifier,finished,57,9:46.6170,35 laps behind the winner,NA,https://www.racingsportscars.com/images/car_no_photo.png,https://www.racingsportscars.com/about.html#contrib,https://www.racingsportscars.com/make/photo/VW.html,https://www.racingsportscars.com/type/photo/VW/Golf.html,NA,https://www.racingsportscars.com/suffix/photo/VW/Golf/GTI.html
nurburgring,2008-05-25,196,BMW M3 - BMW,100,V5,,Closed bodywork,Front-engined,Marco Keller (D)/Kurt Thiel (DK)/Uwe Seuser,NA,white,Yokohama,NA,NA,BMW,M3,NA,NA,Result: 100th (35 laps behind the winner)Grid: 140th (10:31.0780) - 145th fastest qualifier,100th (35 laps behind the winner)Grid: 140th (10:31.0780) - 145th fastest qualifier,finished,140,10:31.0780,35 laps behind the winner,NA,https://www.racingsportscars.com/images/car_no_photo.png,https://www.racingsportscars.com/about.html#contrib,https://www.racingsportscars.com/make/photo/BMW.html,https://www.racingsportscars.com/type/photo/BMW/M3.html,NA,NA
nurburgring,2008-05-25,191,Opel Astra GSI - Opel,101,V3-V4,,-,-,Renato Milicki/Jochen Vollmer (D)/Maic Hagenloch/Jörg Kirsten (D),NA,yellow,NA,25/06/2017,Fabrice Bergenhuizen,Opel,Astra,NA,GSI,Result: 101st (36 laps behind the winner)Grid: 198th (11:17.5551) - 203rd fastest qualifier,101st (36 laps behind the winner)Grid: 198th (11:17.5551) - 203rd fastest qualifier,finished,198,11:17.5551,36 laps behind the winner,NA,https://www.racingsportscars.com/tn/photo/2008/TN_Nurburgring-2008-05-25-191.jpg,https://www.racingsportscars.com/photo/2008/Nurburgring-2008-05-25-191.jpg,https://www.racingsportscars.com/make/photo/Opel.html,https://www.racingsportscars.com/type/photo/Opel/Astra.html,NA,https://www.racingsportscars.com/suffix/photo/Opel/Astra/GSI.html
nurburgring,2008-05-25,150,Ford Fiesta - Ford N/A,102,SP1-SP2,,Closed bodywork,Front-engined,Daniel Sorg (D)/Benjamin Sorg (D)/Udo Schütt/Manfred Heuer,WGB,white,Hankook,NA,NA,Ford,Fiesta,NA,NA,Result: 102nd (36 laps behind the winner)Grid: 165th (10:49.9030) - 170th fastest qualifier,102nd (36 laps behind the winner)Grid: 165th (10:49.9030) - 170th fastest qualifier,finished,165,10:49.9030,36 laps behind the winner,NA,https://www.racingsportscars.com/images/car_no_photo.png,https://www.racingsportscars.com/about.html#contrib,https://www.racingsportscars.com/make/photo/Ford.html,https://www.racingsportscars.com/type/photo/Ford/Fiesta.html,NA,NA
nurburgring,2008-05-25,221,BMW M3 E46 - BMW,103,V6,,Closed bodywork,Front-engined,Michael Prym (A)/Victor Smolski (D)/Ralf Schnitzler/Helmut Walkolbinger,NA,black,NA,NA,NA,BMW,M3,NA,E46,Result: 103rd (37 laps behind the winner)Grid: 134th (10:29.0840) - 139th fastest qualifier,103rd (37 laps behind the winner)Grid: 134th (10:29.0840) - 139th fastest qualifier,finished,134,10:29.0840,37 laps behind the winner,NA,https://www.racingsportscars.com/images/car_no_photo.png,https://www.racingsportscars.com/about.html#contrib,https://www.racingsportscars.com/make/photo/BMW.html,https://www.racingsportscars.com/type/photo/BMW/M3.html,NA,https://www.racingsportscars.com/suffix/photo/BMW/M3/E46.html
nurburgring,2008-05-25,174,Kia Pro-Ceed's,104,VD,,-,-,Gianni Bellandi (I)/Alberto Bergamaschi (I)/Paolo Cecchellero (I)/Edo Varini (I),NA,black,Continental,NA,NA,Kia,Pro-Ceed's,NA,NA,Result: 104th 1st in VD (37 laps behind the winner)Grid: 208th (11:36.5420) - 213th fastest qualifier,104th 1st in VD (37 laps behind the winner)Grid: 208th (11:36.5420) - 213th fastest qualifier,finished,208,11:36.5420,37 laps behind the winner,NA,https://www.racingsportscars.com/images/car_no_photo.png,https://www.racingsportscars.com/about.html#contrib,https://www.racingsportscars.com/make/photo/Kia.html,https://www.racingsportscars.com/type/photo/Kia/Pro-Ceed%27s.html,NA,NA
nurburgring,2008-05-25,94,Mercedes-Benz 190 E Evo 2 - Mercedes-Benz N/A,105,SP4,,Closed bodywork,Front-engined,Ernst Sinowzik/Thorsten Stadler (D)/Andre Krumbach (D)/Sebastian Sauerbrei (D),NA,white,NA,NA,NA,Mercedes-Benz,190 E,NA,Evo 2,Result: 105th (37 laps behind the winner)Grid: 116th (10:19.2510) - 120th fastest qualifier,105th (37 laps behind the winner)Grid: 116th (10:19.2510) - 120th fastest qualifier,finished,116,10:19.2510,37 laps behind the winner,NA,https://www.racingsportscars.com/images/car_no_photo.png,https://www.racingsportscars.com/about.html#contrib,https://www.racingsportscars.com/make/photo/Mercedes-Benz.html,https://www.racingsportscars.com/type/photo/Mercedes-Benz/190%20E.html,NA,https://www.racingsportscars.com/suffix/photo/Mercedes-Benz/190%20E/Evo%202.html
nurburgring,2008-05-25,90,Lamborghini Gallardo - Lamborghini,106,SP8,Raeder Motorsport,Closed bodywork,Mid-engined,Hermann Tilke (D)/Dirk Adorf (D)/Marc Hennerici (D)/Ralf Schall (D),Osram,white/orange,Dunlop,25/06/2017,Fabrice Bergenhuizen,Lamborghini,Gallardo,NA,NA,Result: 106th (37 laps behind the winner)Grid: 6th (8:44.9490),106th (37 laps behind the winner)Grid: 6th (8:44.9490),finished,6,8:44.9490,37 laps behind the winner,NA,https://www.racingsportscars.com/tn/photo/2008/TN_Nurburgring-2008-05-25-090.jpg,https://www.racingsportscars.com/photo/2008/Nurburgring-2008-05-25-090.jpg,https://www.racingsportscars.com/make/photo/Lamborghini.html,https://www.racingsportscars.com/type/photo/Lamborghini/Gallardo.html,NA,NA
nurburgring,2008-05-25,194,BMW 325i E36 - BMW,107,V3-V4,,-,-,Stefan Hardtke/Roland Hardtke/Gerd Flentje,NA,red,NA,NA,NA,BMW,325i,NA,E36,Result: 107th (37 laps behind the winner)Grid: 174th (10:56.5530) - 179th fastest qualifier,107th (37 laps behind the winner)Grid: 174th (10:56.5530) - 179th fastest qualifier,finished,174,10:56.5530,37 laps behind the winner,NA,https://www.racingsportscars.com/images/car_no_photo.png,https://www.racingsportscars.com/about.html#contrib,https://www.racingsportscars.com/make/photo/BMW.html,https://www.racingsportscars.com/type/photo/BMW/325i.html,NA,https://www.racingsportscars.com/suffix/photo/BMW/325i/E36.html
nurburgring,2008-05-25,176,BMW 318 is E30 - BMW,108,V2,,-,-,Jörg Diekriede/Matthew McFadden (USA)/Jochen Senft/Dietmar Henke (D),NA,white,Yokohama,NA,NA,BMW,318,NA,is E30,Result: 108th (37 laps behind the winner)Grid: 196th (11:13.9850) - 201st fastest qualifier,108th (37 laps behind the winner)Grid: 196th (11:13.9850) - 201st fastest qualifier,finished,196,11:13.9850,37 laps behind the winner,NA,https://www.racingsportscars.com/images/car_no_photo.png,https://www.racingsportscars.com/about.html#contrib,https://www.racingsportscars.com/make/photo/BMW.html,https://www.racingsportscars.com/type/photo/BMW/318.html,NA,https://www.racingsportscars.com/suffix/photo/BMW/318/is%20E30.html
nurburgring,2008-05-25,108,Opel Astra - Opel,109,SP3T,,-,-,Werner Gloyna/Sebastian Kamps/Eric Schomäcke/Sebastian Schneider (D),H&R,black,NA,NA,NA,Opel,Astra,NA,NA,Result: 109th (38 laps behind the winner)Grid: 168th (10:53.9010) - 173rd fastest qualifier,109th (38 laps behind the winner)Grid: 168th (10:53.9010) - 173rd fastest qualifier,finished,168,10:53.9010,38 laps behind the winner,NA,https://www.racingsportscars.com/images/car_no_photo.png,https://www.racingsportscars.com/about.html#contrib,https://www.racingsportscars.com/make/photo/Opel.html,https://www.racingsportscars.com/type/photo/Opel/Astra.html,NA,NA
nurburgring,2008-05-25,80,BMW M3 - BMW,110,SP6,Live-Strip.com Racing,Closed bodywork,Front-engined,Frank Jelinski (D)/Rudi Seher (D)/Karlheinz Grüner (D)/Thomas Kappeler (D),Live-Strip,black,Pirelli,25/06/2017,Fabrice Bergenhuizen,BMW,M3,NA,NA,Result: 110th (38 laps behind the winner)Grid: 66th (9:52.2910) - 67th fastest qualifier,110th (38 laps behind the winner)Grid: 66th (9:52.2910) - 67th fastest qualifier,finished,66,9:52.2910,38 laps behind the winner,NA,https://www.racingsportscars.com/tn/photo/2008/TN_Nurburgring-2008-05-25-080.jpg,https://www.racingsportscars.com/photo/2008/Nurburgring-2008-05-25-080.jpg,https://www.racingsportscars.com/make/photo/BMW.html,https://www.racingsportscars.com/type/photo/BMW/M3.html,NA,NA
nurburgring,2008-05-25,81,BMW Compact - BMW,111,SP5,Live-Strip.com Racing,-,-,Ulrich Neuser/Ronny Mai/Mola Adebisi/Kristian Nägele,Live-Strip,black,Pirelli,NA,NA,BMW,Compact,NA,NA,Result: 111th (38 laps behind the winner)Grid: 114th (10:18.3420) - 118th fastest qualifier,111th (38 laps behind the winner)Grid: 114th (10:18.3420) - 118th fastest qualifier,finished,114,10:18.3420,38 laps behind the winner,NA,https://www.racingsportscars.com/images/car_no_photo.png,https://www.racingsportscars.com/about.html#contrib,https://www.racingsportscars.com/make/photo/BMW.html,https://www.racingsportscars.com/type/photo/BMW/Compact.html,NA,NA
nurburgring,2008-05-25,209,BMW M3 - BMW,112,V5,,Closed bodywork,Front-engined,Christer Hallgren/Meyrick Cox (GB)/Lasse Osterild (DK)/Eric Freichels (D),NA,black/red,NA,NA,NA,BMW,M3,NA,NA,Result: 112th (39 laps behind the winner)Grid: 147th (10:34.7900) - 152nd fastest qualifier,112th (39 laps behind the winner)Grid: 147th (10:34.7900) - 152nd fastest qualifier,finished,147,10:34.7900,39 laps behind the winner,NA,https://www.racingsportscars.com/images/car_no_photo.png,https://www.racingsportscars.com/about.html#contrib,https://www.racingsportscars.com/make/photo/BMW.html,https://www.racingsportscars.com/type/photo/BMW/M3.html,NA,NA
nurburgring,2008-05-25,96,Honda S2000 - Honda,113,SP4,,-,-,Heinz Schmersal (D)/Mike Stursberg (D)/Christoph Koslowski (D)/Stefan Schlesack (D),Keiper,white,NA,NA,NA,Honda,S2000,NA,NA,Result: 113th (39 laps behind the winner)Grid: 105th (10:12.9260) - 107th fastest qualifier,113th (39 laps behind the winner)Grid: 105th (10:12.9260) - 107th fastest qualifier,finished,105,10:12.9260,39 laps behind the winner,NA,https://www.racingsportscars.com/images/car_no_photo.png,https://www.racingsportscars.com/about.html#contrib,https://www.racingsportscars.com/make/photo/Honda.html,https://www.racingsportscars.com/type/photo/Honda/S2000.html,NA,NA
nurburgring,2008-05-25,79,Audi A3 Turbo - Audi,114,SP5,,-,-,Richard Sjösten/Gunnar Dackevall/Michael Zehe (D)/Gerhard Ludwig (D),Rowe,silver,Michelin,NA,NA,Audi,A3,NA,Turbo,Result: 114th (39 laps behind the winner)Grid: 125th (10:26.1410) - 129th fastest qualifier,114th (39 laps behind the winner)Grid: 125th (10:26.1410) - 129th fastest qualifier,finished,125,10:26.1410,39 laps behind the winner,NA,https://www.racingsportscars.com/images/car_no_photo.png,https://www.racingsportscars.com/about.html#contrib,https://www.racingsportscars.com/make/photo/Audi.html,https://www.racingsportscars.com/type/photo/Audi/A3.html,NA,https://www.racingsportscars.com/suffix/photo/Audi/A3/Turbo.html
nurburgring,2008-05-25,163,Mini Cooper - Rover N/A,115,SP1-SP2,,Closed bodywork,Front-engined,Walter Kaufmann/Nick Gregor/Hans Söderholm (S),NA,red/white,NA,25/06/2017,Fabrice Bergenhuizen,Mini,Cooper,NA,NA,Result: 115th (39 laps behind the winner)Grid: 209th (11:37.5820) - 214th fastest qualifier,115th (39 laps behind the winner)Grid: 209th (11:37.5820) - 214th fastest qualifier,finished,209,11:37.5820,39 laps behind the winner,NA,https://www.racingsportscars.com/tn/photo/2008/TN_Nurburgring-2008-05-25-163.jpg,https://www.racingsportscars.com/photo/2008/Nurburgring-2008-05-25-163.jpg,https://www.racingsportscars.com/make/photo/Mini.html,https://www.racingsportscars.com/type/photo/Mini/Cooper.html,NA,NA
nurburgring,2008-05-25,183,Mercedes-Benz 190 E 2.5-16 # - Mercedes-Benz L4 4v N/A,116,V3-V4,,Closed bodywork,Front-engined,Frank Hempel/Gunther Stecher/Hannes Pfledderer (D)/Werner Gusenbauer (D),NA,black/orange,Yokohama,NA,NA,Mercedes-Benz,190 E,#,2.5-16,Result: 116th (39 laps behind the winner)Grid: 177th (10:58.1320) - 182nd fastest qualifier,116th (39 laps behind the winner)Grid: 177th (10:58.1320) - 182nd fastest qualifier,finished,177,10:58.1320,39 laps behind the winner,NA,https://www.racingsportscars.com/images/car_no_photo.png,https://www.racingsportscars.com/about.html#contrib,https://www.racingsportscars.com/make/photo/Mercedes-Benz.html,https://www.racingsportscars.com/type/photo/Mercedes-Benz/190%20E.html,https://www.racingsportscars.com/chassis/photo/190E-Hampel%23.html,https://www.racingsportscars.com/suffix/photo/Mercedes-Benz/190%20E/2.5-16.html
nurburgring,2008-05-25,55,Nissan 350Z - Nissan,117,SP6,Lanza Motorsport,Closed bodywork,Front-engined,Giovanni Carotenuto/Ettore Bassi/Sergio Negroni (I)/Daniele Bianchi,NA,yellow,NA,NA,NA,Nissan,350Z,NA,NA,Result: 117th (40 laps behind the winner)Grid: 187th (11:04.7780) - 192nd fastest qualifier,117th (40 laps behind the winner)Grid: 187th (11:04.7780) - 192nd fastest qualifier,finished,187,11:04.7780,40 laps behind the winner,NA,https://www.racingsportscars.com/images/car_no_photo.png,https://www.racingsportscars.com/about.html#contrib,https://www.racingsportscars.com/make/photo/Nissan.html,https://www.racingsportscars.com/type/photo/Nissan/350Z.html,NA,NA
nurburgring,2008-05-25,158,Ford Fiesta Cup - Ford N/A,118,SP1-SP2,,Closed bodywork,Front-engined,Hans-Georg Ströter (D)/Manfred Anspann (D)/Christoph Knour/Joachim Steidel (D),NA,orange,NA,NA,NA,Ford,Fiesta,NA,Cup,Result: 118th (40 laps behind the winner)Grid: 195th (11:13.7271) - 200th fastest qualifier,118th (40 laps behind the winner)Grid: 195th (11:13.7271) - 200th fastest qualifier,finished,195,11:13.7271,40 laps behind the winner,NA,https://www.racingsportscars.com/images/car_no_photo.png,https://www.racingsportscars.com/about.html#contrib,https://www.racingsportscars.com/make/photo/Ford.html,https://www.racingsportscars.com/type/photo/Ford/Fiesta.html,NA,https://www.racingsportscars.com/suffix/photo/Ford/Fiesta/Cup.html
nurburgring,2008-05-25,195,BMW 318 is Coupé - BMW,119,V2,,-,-,Sebastian Krell (D)/Jörg Krell (D)/Jörg Kurowski/Johann-Georg Riecker,NA,white,Yokohama,25/06/2017,Fabrice Bergenhuizen,BMW,318,NA,is Coupé,Result: 119th (41 laps behind the winner)Grid: 200th (11:21.3580) - 205th fastest qualifier,119th (41 laps behind the winner)Grid: 200th (11:21.3580) - 205th fastest qualifier,finished,200,11:21.3580,41 laps behind the winner,NA,https://www.racingsportscars.com/tn/photo/2008/TN_Nurburgring-2008-05-25-195.jpg,https://www.racingsportscars.com/photo/2008/Nurburgring-2008-05-25-195.jpg,https://www.racingsportscars.com/make/photo/BMW.html,https://www.racingsportscars.com/type/photo/BMW/318.html,NA,https://www.racingsportscars.com/suffix/photo/BMW/318/is%20Coup%c3%a9.html
nurburgring,2008-05-25,202,Honda Accord Type R # - Honda,120,V3-V4,Team DMV e.V.,-,-,Bruce Trenery (USA)/Scott Morton/Manfred Duske/Hans Keutmann (D),NA,white/blue,Dunlop,NA,NA,Honda,Accord,#,Type R,Result: 120th (41 laps behind the winner)Grid: 194th (11:13.5320) - 199th fastest qualifier,120th (41 laps behind the winner)Grid: 194th (11:13.5320) - 199th fastest qualifier,finished,194,11:13.5320,41 laps behind the winner,NA,https://www.racingsportscars.com/images/car_no_photo.png,https://www.racingsportscars.com/about.html#contrib,https://www.racingsportscars.com/make/photo/Honda.html,https://www.racingsportscars.com/type/photo/Honda/Accord.html,https://www.racingsportscars.com/chassis/photo/Accord-DMV%23.html,https://www.racingsportscars.com/suffix/photo/Honda/Accord/Type%20R.html
nurburgring,2008-05-25,14,Lexus LF-A - Lexus,121,SP8,Team LF-A,-,-,Kazuo Shimizu (J)/Akihiko Nakaya (J)/Takayuki Kinoshita (J)/Akira Iida (J),NA,black,NA,25/06/2017,Fabrice Bergenhuizen,Lexus,LF,NA,-A,Result: 121st (42 laps behind the winner)Grid: 27th (9:25.1110),121st (42 laps behind the winner)Grid: 27th (9:25.1110),finished,27,9:25.1110,42 laps behind the winner,NA,https://www.racingsportscars.com/tn/photo/2008/TN_Nurburgring-2008-05-25-014.jpg,https://www.racingsportscars.com/photo/2008/Nurburgring-2008-05-25-014.jpg,https://www.racingsportscars.com/make/photo/Lexus.html,https://www.racingsportscars.com/type/photo/Lexus/LF.html,NA,https://www.racingsportscars.com/suffix/photo/Lexus/LF/-A.html
nurburgring,2008-05-25,68,BMW 130i - BMW N/A,122,SP5,,-,Front-engined,Willi Friedrichs (D)/Olaf Hoppelshäuser (D)/Thomas Frank (D)/Markus Giese,NA,black,NA,25/06/2017,Fabrice Bergenhuizen,BMW,130i,NA,NA,Result: 122nd (42 laps behind the winner)Grid: 128th (10:26.9600) - 133rd fastest qualifier,122nd (42 laps behind the winner)Grid: 128th (10:26.9600) - 133rd fastest qualifier,finished,128,10:26.9600,42 laps behind the winner,NA,https://www.racingsportscars.com/tn/photo/2008/TN_Nurburgring-2008-05-25-068.jpg,https://www.racingsportscars.com/photo/2008/Nurburgring-2008-05-25-068.jpg,https://www.racingsportscars.com/make/photo/BMW.html,https://www.racingsportscars.com/type/photo/BMW/130i.html,NA,NA
nurburgring,2008-05-25,149,Ford Fiesta - Ford N/A,123,SP1-SP2,Scuderia Augustusburg Brühl,Closed bodywork,Front-engined,Michael Nolte/Stefan Hübenthal/Peter Mölders,NA,yellow,Dunlop,25/06/2017,Fabrice Bergenhuizen,Ford,Fiesta,NA,NA,Result: 123rd (43 laps behind the winner)Grid: 183rd (11:02.1801) - 188th fastest qualifier,123rd (43 laps behind the winner)Grid: 183rd (11:02.1801) - 188th fastest qualifier,finished,183,11:02.1801,43 laps behind the winner,NA,https://www.racingsportscars.com/tn/photo/2008/TN_Nurburgring-2008-05-25-149.jpg,https://www.racingsportscars.com/photo/2008/Nurburgring-2008-05-25-149.jpg,https://www.racingsportscars.com/make/photo/Ford.html,https://www.racingsportscars.com/type/photo/Ford/Fiesta.html,NA,NA
nurburgring,2008-05-25,237,Honda Civic Type R - Honda,124,N1-N2,,-,-,Ola Setsaas (N)/Jörgen Pettersen (N)/Mikjel Svae,NA,silver/red,NA,NA,NA,Honda,Civic,NA,Type R,Result: 124th (43 laps behind the winner)Grid: 155th (10:42.7200) - 160th fastest qualifier,124th (43 laps behind the winner)Grid: 155th (10:42.7200) - 160th fastest qualifier,finished,155,10:42.7200,43 laps behind the winner,NA,https://www.racingsportscars.com/images/car_no_photo.png,https://www.racingsportscars.com/about.html#contrib,https://www.racingsportscars.com/make/photo/Honda.html,https://www.racingsportscars.com/type/photo/Honda/Civic.html,NA,https://www.racingsportscars.com/suffix/photo/Honda/Civic/Type%20R.html
nurburgring,2008-05-25,156,Mitsubishi Mirage RS - Mitsubishi,125,SP1-SP2,,-,-,Layton Crambrook/Anthony Robson (AUS)/Barrie Nesbitt (AUS)/Mal Rose (AUS),NA,black/yellow,NA,NA,NA,Mitsubishi,Mirage,NA,RS,Result: 125th (44 laps behind the winner)Grid: 197th (11:14.6570) - 202nd fastest qualifier,125th (44 laps behind the winner)Grid: 197th (11:14.6570) - 202nd fastest qualifier,finished,197,11:14.6570,44 laps behind the winner,NA,https://www.racingsportscars.com/images/car_no_photo.png,https://www.racingsportscars.com/about.html#contrib,https://www.racingsportscars.com/make/photo/Mitsubishi.html,https://www.racingsportscars.com/type/photo/Mitsubishi/Mirage.html,NA,https://www.racingsportscars.com/suffix/photo/Mitsubishi/Mirage/RS.html
nurburgring,2008-05-25,111,Opel Corsa C - Opel,126,V2,,-,-,Jürgen Glath/Bojan Ferk/Jürgen Fritzsche (D)/Heinz-Otto Fritzsche (D),NA,silver/yellow,NA,NA,NA,Opel,Corsa,NA,C,Result: 126th (44 laps behind the winner)Grid: 185th (11:02.9200) - 190th fastest qualifier,126th (44 laps behind the winner)Grid: 185th (11:02.9200) - 190th fastest qualifier,finished,185,11:02.9200,44 laps behind the winner,NA,https://www.racingsportscars.com/images/car_no_photo.png,https://www.racingsportscars.com/about.html#contrib,https://www.racingsportscars.com/make/photo/Opel.html,https://www.racingsportscars.com/type/photo/Opel/Corsa.html,NA,https://www.racingsportscars.com/suffix/photo/Opel/Corsa/C.html
nurburgring,2008-05-25,126,Opel Astra G Caravan - Opel,127,SP3,,-,-,Stefan Schmelter/Andreas Telker/Peter Wichmann,Autoteile Hofacker,silver/red,NA,25/06/2017,Fabrice Bergenhuizen,Opel,Astra,NA,G Caravan,Result: 127th (45 laps behind the winner)Grid: 166th (10:50.9780) - 171st fastest qualifier,127th (45 laps behind the winner)Grid: 166th (10:50.9780) - 171st fastest qualifier,finished,166,10:50.9780,45 laps behind the winner,NA,https://www.racingsportscars.com/tn/photo/2008/TN_Nurburgring-2008-05-25-126.jpg,https://www.racingsportscars.com/photo/2008/Nurburgring-2008-05-25-126.jpg,https://www.racingsportscars.com/make/photo/Opel.html,https://www.racingsportscars.com/type/photo/Opel/Astra.html,NA,https://www.racingsportscars.com/suffix/photo/Opel/Astra/G%20Caravan.html
nurburgring,2008-05-25,227,Honda Civic Type R - Honda,128,SP Cup,,-,-,Frank Kuhlmann (D)/Dino Drössiger (D)/Spencer Trenery (USA)/Bernd Erdmann,NA,yellow,NA,25/06/2017,Fabrice Bergenhuizen,Honda,Civic,NA,Type R,Result: 128th (45 laps behind the winner)Grid: 126th (10:26.2650) - 130th fastest qualifier,128th (45 laps behind the winner)Grid: 126th (10:26.2650) - 130th fastest qualifier,finished,126,10:26.2650,45 laps behind the winner,NA,https://www.racingsportscars.com/tn/photo/2008/TN_Nurburgring-2008-05-25-227.jpg,https://www.racingsportscars.com/photo/2008/Nurburgring-2008-05-25-227.jpg,https://www.racingsportscars.com/make/photo/Honda.html,https://www.racingsportscars.com/type/photo/Honda/Civic.html,NA,https://www.racingsportscars.com/suffix/photo/Honda/Civic/Type%20R.html
nurburgring,2008-05-25,20,Audi V8 D11 - Audi,129,SP8,Derichs Rennwagen e.V.,-,-,Keith Ahlers (GB)/Manfred Kubik (A)/Helmut Undorf (D)/Jürg Hügli (CH),NA,white,Dunlop,NA,NA,Audi,V8 D11,NA,NA,Result: 129th (45 laps behind the winner)Grid: 211th (11:40.7720) - 216th fastest qualifier,129th (45 laps behind the winner)Grid: 211th (11:40.7720) - 216th fastest qualifier,finished,211,11:40.7720,45 laps behind the winner,NA,https://www.racingsportscars.com/images/car_no_photo.png,https://www.racingsportscars.com/about.html#contrib,https://www.racingsportscars.com/make/photo/Audi.html,https://www.racingsportscars.com/type/photo/Audi/V8%20D11.html,NA,NA
nurburgring,2008-05-25,130,Honda Civic Type R - Honda,130,SP3,Mathol Racing,-,-,Sven Kurtenbach (D)/Mike Juul (DK)/Carsten Dreses/Achim Dürr (D),NA,white/red,NA,NA,NA,Honda,Civic,NA,Type R,Result: 130th (45 laps behind the winner)Grid: 181st (10:59.5031) - 186th fastest qualifier,130th (45 laps behind the winner)Grid: 181st (10:59.5031) - 186th fastest qualifier,finished,181,10:59.5031,45 laps behind the winner,NA,https://www.racingsportscars.com/images/car_no_photo.png,https://www.racingsportscars.com/about.html#contrib,https://www.racingsportscars.com/make/photo/Honda.html,https://www.racingsportscars.com/type/photo/Honda/Civic.html,NA,https://www.racingsportscars.com/suffix/photo/Honda/Civic/Type%20R.html
nurburgring,2008-05-25,65,Nissan 350Z - Nissan,131,SP6,,Closed bodywork,Front-engined,Holger Eckhardt (D)/Frank Eickholt (D)/Kurt Thiim (DK)/Nicole Lüttecke (D),Auto Zeitung,white,Dunlop,25/06/2017,Fabrice Bergenhuizen,Nissan,350Z,NA,NA,Result: 131st (45 laps behind the winner)Grid: 49th (9:39.6520),131st (45 laps behind the winner)Grid: 49th (9:39.6520),finished,49,9:39.6520,45 laps behind the winner,NA,https://www.racingsportscars.com/tn/photo/2008/TN_Nurburgring-2008-05-25-065.jpg,https://www.racingsportscars.com/photo/2008/Nurburgring-2008-05-25-065.jpg,https://www.racingsportscars.com/make/photo/Nissan.html,https://www.racingsportscars.com/type/photo/Nissan/350Z.html,NA,NA
nurburgring,2008-05-25,59,BMW M3 E46 - BMW,132,SP6,,Closed bodywork,Front-engined,Guy Povey (GB)/Jeff Wyatt (GB)/Adrian Watt (GB)/Alistair Davidson (GB),NA,white,NA,NA,NA,BMW,M3,NA,E46,Result: 132nd (46 laps behind the winner)Grid: 92nd (10:04.9840) - 93rd fastest qualifier,132nd (46 laps behind the winner)Grid: 92nd (10:04.9840) - 93rd fastest qualifier,finished,92,10:04.9840,46 laps behind the winner,NA,https://www.racingsportscars.com/images/car_no_photo.png,https://www.racingsportscars.com/about.html#contrib,https://www.racingsportscars.com/make/photo/BMW.html,https://www.racingsportscars.com/type/photo/BMW/M3.html,NA,https://www.racingsportscars.com/suffix/photo/BMW/M3/E46.html
nurburgring,2008-05-25,139,Honda S2000 - Honda,133,SP3,Partyschnaps.com,-,-,Martin Hörter (D)/Patrick Wilwert/Walter Nawotka (D)/Jörg Winterhagen,NA,black/white,Michelin,NA,NA,Honda,S2000,NA,NA,Result: 133rd (46 laps behind the winner)Grid: 170th (10:54.6710) - 175th fastest qualifier,133rd (46 laps behind the winner)Grid: 170th (10:54.6710) - 175th fastest qualifier,finished,170,10:54.6710,46 laps behind the winner,NA,https://www.racingsportscars.com/images/car_no_photo.png,https://www.racingsportscars.com/about.html#contrib,https://www.racingsportscars.com/make/photo/Honda.html,https://www.racingsportscars.com/type/photo/Honda/S2000.html,NA,NA
nurburgring,2008-05-25,255,Seat Ibiza Cup - Seat,134,S1,Deutscher Sportfahrerkreis e.V.,-,-,Ralf Zensen (D)/Lothar Wilms (D)/Christopher Peters (D),NA,red,NA,NA,NA,Seat,Ibiza,NA,Cup,Result: 134th (47 laps behind the winner)Grid: 189th (11:07.4900) - 194th fastest qualifier,134th (47 laps behind the winner)Grid: 189th (11:07.4900) - 194th fastest qualifier,finished,189,11:07.4900,47 laps behind the winner,NA,https://www.racingsportscars.com/images/car_no_photo.png,https://www.racingsportscars.com/about.html#contrib,https://www.racingsportscars.com/make/photo/Seat.html,https://www.racingsportscars.com/type/photo/Seat/Ibiza.html,NA,https://www.racingsportscars.com/suffix/photo/Seat/Ibiza/Cup.html
nurburgring,2008-05-25,62,BMW Z3 M Coupé - BMW,135,SP6,,-,-,Patrick Prieur/Fabrice Reicher (F)/Pascal Engel,NA,blue,NA,NA,NA,BMW,Z3,NA,M Coupé,Result: 135th (47 laps behind the winner)Grid: 167th (10:52.3070) - 172nd fastest qualifier,135th (47 laps behind the winner)Grid: 167th (10:52.3070) - 172nd fastest qualifier,finished,167,10:52.3070,47 laps behind the winner,NA,https://www.racingsportscars.com/images/car_no_photo.png,https://www.racingsportscars.com/about.html#contrib,https://www.racingsportscars.com/make/photo/BMW.html,https://www.racingsportscars.com/type/photo/BMW/Z3.html,NA,https://www.racingsportscars.com/suffix/photo/BMW/Z3/M%20Coup%c3%a9.html
nurburgring,2008-05-25,259,Seat Ibiza GT-TDI - Seat,136,S1,"DSK e.V. ""Ja zum Motorsport""",-,-,Michael Gerz/Patrick Rückert/Johannes Trimborn,NA,silver,Hankook,NA,NA,Seat,Ibiza,NA,GT-TDI,Result: 136th (48 laps behind the winner)Grid: 214th (11:57.2910) - 219th fastest qualifier,136th (48 laps behind the winner)Grid: 214th (11:57.2910) - 219th fastest qualifier,finished,214,11:57.2910,48 laps behind the winner,NA,https://www.racingsportscars.com/images/car_no_photo.png,https://www.racingsportscars.com/about.html#contrib,https://www.racingsportscars.com/make/photo/Seat.html,https://www.racingsportscars.com/type/photo/Seat/Ibiza.html,NA,https://www.racingsportscars.com/suffix/photo/Seat/Ibiza/GT-TDI.html
nurburgring,2008-05-25,154,Ford Fiesta - Ford N/A,137,SP1-SP2,GDMH-Motorsport,Closed bodywork,Front-engined,Christian Franck/Bob Kellen/Gerry Schanen/Yann Munhowen (L),NA,white/red,Dunlop,NA,NA,Ford,Fiesta,NA,NA,Result: 137th (48 laps behind the winner)Grid: 190th (11:07.9790) - 195th fastest qualifier,137th (48 laps behind the winner)Grid: 190th (11:07.9790) - 195th fastest qualifier,finished,190,11:07.9790,48 laps behind the winner,NA,https://www.racingsportscars.com/images/car_no_photo.png,https://www.racingsportscars.com/about.html#contrib,https://www.racingsportscars.com/make/photo/Ford.html,https://www.racingsportscars.com/type/photo/Ford/Fiesta.html,NA,NA
nurburgring,2008-05-25,99,Porsche 996 - Porsche,138,SP7,,Closed bodywork,Rear-engined,Andrew Taplin (AUS)/Dean Grant (AUS)/Peter Fitzgerald (AUS)/Paul Kelly (NZ),V.I.P. Petfoods,black,Michelin,NA,NA,Porsche,996,NA,NA,Result: 138th (48 laps behind the winner)Grid: 81st (10:00.5390) - 82nd fastest qualifier,138th (48 laps behind the winner)Grid: 81st (10:00.5390) - 82nd fastest qualifier,finished,81,10:00.5390,48 laps behind the winner,NA,https://www.racingsportscars.com/images/car_no_photo.png,https://www.racingsportscars.com/about.html#contrib,https://www.racingsportscars.com/make/photo/Porsche.html,https://www.racingsportscars.com/type/photo/Porsche/996.html,NA,NA
nurburgring,2008-05-25,37,Porsche 911 GT3 Cup - Porsche,139,SP7,Team RDM-Cargraphic-Racing,-,Rear-engined,"Hans Graf/""Peter König"" (D)/Steffen Schlichenmeier (D)/Fred Scheunemann",Tabler,red,NA,NA,NA,Porsche,911 GT3 Cup,NA,NA,Result: 139th (49 laps behind the winner)Grid: 25th (9:19.4750),139th (49 laps behind the winner)Grid: 25th (9:19.4750),finished,25,9:19.4750,49 laps behind the winner,NA,https://www.racingsportscars.com/images/car_no_photo.png,https://www.racingsportscars.com/about.html#contrib,https://www.racingsportscars.com/make/photo/Porsche.html,https://www.racingsportscars.com/type/photo/Porsche/911%20GT3%20Cup.html,NA,NA
nurburgring,2008-05-25,234,Seat Ibiza - Seat,140,N1-N2,Team DMV e.V.,-,-,Roman Schiemenz (D)/Sebastian Minnich/Jürgen Heinrich,NA,red/blue,NA,NA,NA,Seat,Ibiza,NA,NA,Result: 140th (50 laps behind the winner)Grid: 216th (12:09.5959) - 221st fastest qualifier,140th (50 laps behind the winner)Grid: 216th (12:09.5959) - 221st fastest qualifier,finished,216,12:09.5959,50 laps behind the winner,NA,https://www.racingsportscars.com/images/car_no_photo.png,https://www.racingsportscars.com/about.html#contrib,https://www.racingsportscars.com/make/photo/Seat.html,https://www.racingsportscars.com/type/photo/Seat/Ibiza.html,NA,NA
nurburgring,2008-05-25,82,Porsche 968 GPE - Porsche,141,SP5,,-,-,Daniel Dupont (F)/Alain Giavedoni/Jean Louis Juchault,NA,blue,Michelin,NA,NA,Porsche,968,NA,GPE,Result: 141st (50 laps behind the winner)Grid: 115th (10:18.3480) - 119th fastest qualifier,141st (50 laps behind the winner)Grid: 115th (10:18.3480) - 119th fastest qualifier,finished,115,10:18.3480,50 laps behind the winner,NA,https://www.racingsportscars.com/images/car_no_photo.png,https://www.racingsportscars.com/about.html#contrib,https://www.racingsportscars.com/make/photo/Porsche.html,https://www.racingsportscars.com/type/photo/Porsche/968.html,NA,https://www.racingsportscars.com/suffix/photo/Porsche/968/GPE.html
nurburgring,2008-05-25,277,BMW 335d # - BMW,142,S2,,-,-,Heribert Steiner (D)/Athanasios Karageorgos/Markus Sedlmaier/Einar Thorsen (N),Castrol,green/white/red,NA,NA,NA,BMW,335d,#,NA,Result: 142nd (53 laps behind the winner)Grid: 103rd (10:11.5110) - 104th fastest qualifier,142nd (53 laps behind the winner)Grid: 103rd (10:11.5110) - 104th fastest qualifier,finished,103,10:11.5110,53 laps behind the winner,NA,https://www.racingsportscars.com/images/car_no_photo.png,https://www.racingsportscars.com/about.html#contrib,https://www.racingsportscars.com/make/photo/BMW.html,https://www.racingsportscars.com/type/photo/BMW/335d.html,https://www.racingsportscars.com/chassis/photo/335d-Steiner%23.html,NA
nurburgring,2008-05-25,253,Toyota Auris - Toyota,143,S2,TES Racing for Charity,-,-,Geert Gabriels/Bruno Miguel/Vic Herman (B)/Herwig Daenens (B),NA,white/yellow,Dunlop,NA,NA,Toyota,Auris,NA,NA,Result: 143rd (55 laps behind the winner)Grid: 173rd (10:56.4590) - 178th fastest qualifier,143rd (55 laps behind the winner)Grid: 173rd (10:56.4590) - 178th fastest qualifier,finished,173,10:56.4590,55 laps behind the winner,NA,https://www.racingsportscars.com/images/car_no_photo.png,https://www.racingsportscars.com/about.html#contrib,https://www.racingsportscars.com/make/photo/Toyota.html,https://www.racingsportscars.com/type/photo/Toyota/Auris.html,NA,NA
nurburgring,2008-05-25,52,BMW M3 E46 # - BMW,144,SP6,,Closed bodywork,Front-engined,Michael Tischner (D)/Ulrich Becker (D)/Klaus Völker (D)/Klaus Koch (D),Tischner,orange,Dunlop,25/06/2017,Fabrice Bergenhuizen,BMW,M3,#,E46,Result: 144th (56 laps behind the winner)Grid: 35th (9:29.9030),144th (56 laps behind the winner)Grid: 35th (9:29.9030),finished,35,9:29.9030,56 laps behind the winner,NA,https://www.racingsportscars.com/tn/photo/2008/TN_Nurburgring-2008-05-25-052.jpg,https://www.racingsportscars.com/photo/2008/Nurburgring-2008-05-25-052.jpg,https://www.racingsportscars.com/make/photo/BMW.html,https://www.racingsportscars.com/type/photo/BMW/M3.html,https://www.racingsportscars.com/chassis/photo/E46-M3-Tischner%23.html,https://www.racingsportscars.com/suffix/photo/BMW/M3/E46.html
nurburgring,2008-05-25,167,Suzuki Swift GTi R # - Suzuki,145,SP1-SP2,,-,-,Christian Tschornia/Thomas Henkel/Guido Janzen/Michael Brüggenkamp (D),NA,pink,NA,NA,NA,Suzuki,Swift,#,GTi R,Result: 145th (59 laps behind the winner)Grid: 186th (11:03.9510) - 191st fastest qualifier,145th (59 laps behind the winner)Grid: 186th (11:03.9510) - 191st fastest qualifier,finished,186,11:03.9510,59 laps behind the winner,NA,https://www.racingsportscars.com/images/car_no_photo.png,https://www.racingsportscars.com/about.html#contrib,https://www.racingsportscars.com/make/photo/Suzuki.html,https://www.racingsportscars.com/type/photo/Suzuki/Swift.html,https://www.racingsportscars.com/chassis/photo/Swift-Tschornia%23.html,https://www.racingsportscars.com/suffix/photo/Suzuki/Swift/GTi%20R.html
nurburgring,2008-05-25,233,Seat Ibiza - Seat,146,N1-N2,Team DMV e.V.,-,-,Hans-Christoph Schäfer (D)/Marcus Bulgrin (D)/Martin Mechtersheimer,NA,red/blue,NA,NA,NA,Seat,Ibiza,NA,NA,Result: 146th (62 laps behind the winner)Grid: 210th (11:39.8130) - 215th fastest qualifier,146th (62 laps behind the winner)Grid: 210th (11:39.8130) - 215th fastest qualifier,finished,210,11:39.8130,62 laps behind the winner,NA,https://www.racingsportscars.com/images/car_no_photo.png,https://www.racingsportscars.com/about.html#contrib,https://www.racingsportscars.com/make/photo/Seat.html,https://www.racingsportscars.com/type/photo/Seat/Ibiza.html,NA,NA
nurburgring,2008-05-25,231,Honda Civic Type R - Honda,147,SP Cup,,-,-,Arndt Hallmanns (D)/Dino Moll/Michael Klotz/Stefan Michels (D),NA,black/green,NA,NA,NA,Honda,Civic,NA,Type R,Result: 147th (64 laps behind the winner)Grid: 149th (10:38.0210) - 154th fastest qualifier,147th (64 laps behind the winner)Grid: 149th (10:38.0210) - 154th fastest qualifier,finished,149,10:38.0210,64 laps behind the winner,NA,https://www.racingsportscars.com/images/car_no_photo.png,https://www.racingsportscars.com/about.html#contrib,https://www.racingsportscars.com/make/photo/Honda.html,https://www.racingsportscars.com/type/photo/Honda/Civic.html,NA,https://www.racingsportscars.com/suffix/photo/Honda/Civic/Type%20R.html
nurburgring,2008-05-25,168,Fiat 500 - Fiat,148,SP1-SP2,LIQUI MOLY Team Engstler,-,-,Jethro Bovington (GB)/Guido Naumann (D)/Remo Friberg (CZ)/Nathan Freke (GB),NA,blue,NA,25/06/2017,Fabrice Bergenhuizen,Fiat,500,NA,NA,Result: 148th (64 laps behind the winner)Grid: 217th (12:28.3621) - 222nd fastest qualifier,148th (64 laps behind the winner)Grid: 217th (12:28.3621) - 222nd fastest qualifier,finished,217,12:28.3621,64 laps behind the winner,NA,https://www.racingsportscars.com/tn/photo/2008/TN_Nurburgring-2008-05-25-168.jpg,https://www.racingsportscars.com/photo/2008/Nurburgring-2008-05-25-168.jpg,https://www.racingsportscars.com/make/photo/Fiat.html,https://www.racingsportscars.com/type/photo/Fiat/500.html,NA,NA
nurburgring,2008-05-25,179,BMW 318 is - BMW,149,V2,,-,-,Lutz Kögel/Axel Burghardt (D)/Frank Löchte/Ian Mitchell (GB),NA,white,Yokohama,NA,NA,BMW,318,NA,is,Result: 149th (65 laps behind the winner)Grid: 215th (12:03.6071) - 220th fastest qualifier,149th (65 laps behind the winner)Grid: 215th (12:03.6071) - 220th fastest qualifier,finished,215,12:03.6071,65 laps behind the winner,NA,https://www.racingsportscars.com/images/car_no_photo.png,https://www.racingsportscars.com/about.html#contrib,https://www.racingsportscars.com/make/photo/BMW.html,https://www.racingsportscars.com/type/photo/BMW/318.html,NA,https://www.racingsportscars.com/suffix/photo/BMW/318/is.html
nurburgring,2008-05-25,6,Aston Martin DBRS9 - Aston Martin N/A,150,SP8,,Closed bodywork,Front-engined,Tomáš Enge (CZ)/Robert Lechner (A)/Stefan Mücke (D)/Karl Wendlinger (A),NA,green,Michelin,25/06/2017,Fabrice Bergenhuizen,Aston Martin,DBRS9,NA,NA,Result: 150th (67 laps behind the winner)Grid: 7th (8:49.8800),150th (67 laps behind the winner)Grid: 7th (8:49.8800),finished,7,8:49.8800,67 laps behind the winner,NA,https://www.racingsportscars.com/tn/photo/2008/TN_Nurburgring-2008-05-25-006.jpg,https://www.racingsportscars.com/photo/2008/Nurburgring-2008-05-25-006.jpg,https://www.racingsportscars.com/make/photo/Aston%20Martin.html,https://www.racingsportscars.com/type/photo/Aston%20Martin/DBRS9.html,NA,NA
nurburgring,2008-05-25,132,Honda Civic Type R - Honda,NA,SP Cup,,-,-,Sebastian Schäfer (CH)/Christian Eichner (D)/Michael Imholz (D)/Lothar Diederich,NA,white/red,BF Goodrich,NA,NA,Honda,Civic,NA,Type R,Result: not classified (78 laps behind the winner)Grid: 144th (10:33.4700) - 149th fastest qualifier,not classified (78 laps behind the winner)Grid: 144th (10:33.4700) - 149th fastest qualifier,other,144,10:33.4700,NA,78 laps behind the winner,https://www.racingsportscars.com/images/car_no_photo.png,https://www.racingsportscars.com/about.html#contrib,https://www.racingsportscars.com/make/photo/Honda.html,https://www.racingsportscars.com/type/photo/Honda/Civic.html,NA,https://www.racingsportscars.com/suffix/photo/Honda/Civic/Type%20R.html
nurburgring,2008-05-25,276,BMW 335d # - BMW,NA,S2,,-,-,Henning Meyersrenken/Heribert Steiner (D)/Reinhard Schall (D)/Bernd Albrecht (D),Castrol,green/white/red,NA,25/06/2017,Fabrice Bergenhuizen,BMW,335d,#,NA,Result: not classified (85 laps behind the winner)Grid: 72nd (9:54.5900) - 73rd fastest qualifier,not classified (85 laps behind the winner)Grid: 72nd (9:54.5900) - 73rd fastest qualifier,other,72,9:54.5900,NA,85 laps behind the winner,https://www.racingsportscars.com/tn/photo/2008/TN_Nurburgring-2008-05-25-276.jpg,https://www.racingsportscars.com/photo/2008/Nurburgring-2008-05-25-276.jpg,https://www.racingsportscars.com/make/photo/BMW.html,https://www.racingsportscars.com/type/photo/BMW/335d.html,https://www.racingsportscars.com/chassis/photo/335d-Meyersrenken%23.html,NA
nurburgring,2008-05-25,107,Audi TT - Audi,NA,SP3T,Team Rowe Motorsport,Closed bodywork,Mid-engined,Michael Zehe (D)/Franz Rohr (D)/Jürgen Gerspacher/Jürgen Hohenester (D),Rowe,silver,NA,NA,NA,Audi,TT,NA,NA,Result: not classified (96 laps behind the winner)Grid: 55th (9:45.0300) - 56th fastest qualifier,not classified (96 laps behind the winner)Grid: 55th (9:45.0300) - 56th fastest qualifier,other,55,9:45.0300,NA,96 laps behind the winner,https://www.racingsportscars.com/images/car_no_photo.png,https://www.racingsportscars.com/about.html#contrib,https://www.racingsportscars.com/make/photo/Audi.html,https://www.racingsportscars.com/type/photo/Audi/TT.html,NA,NA
nurburgring,2008-05-25,258,Seat Ibiza Cupra TDI - Seat,NA,S1,,-,-,Alexander Trojan/Dieter Lindenbaum (D)/Edgar Berners-Schönleben,NA,black/red,Hankook,NA,NA,Seat,Ibiza,NA,Cupra TDI,Result: not classified (96 laps behind the winner)Grid: 160th (10:47.6360) - 165th fastest qualifier,not classified (96 laps behind the winner)Grid: 160th (10:47.6360) - 165th fastest qualifier,other,160,10:47.6360,NA,96 laps behind the winner,https://www.racingsportscars.com/images/car_no_photo.png,https://www.racingsportscars.com/about.html#contrib,https://www.racingsportscars.com/make/photo/Seat.html,https://www.racingsportscars.com/type/photo/Seat/Ibiza.html,NA,https://www.racingsportscars.com/suffix/photo/Seat/Ibiza/Cupra%20TDI.html
nurburgring,2008-05-25,123,Renault Clio - Renault,NA,SP3,,Closed bodywork,Front-engined,Christian Benz/Stefan Benz,NA,blue,NA,NA,NA,Renault,Clio,NA,NA,Result: not classified (119 laps behind the winner)Grid: 135th (10:29.5551) - 140th fastest qualifier,not classified (119 laps behind the winner)Grid: 135th (10:29.5551) - 140th fastest qualifier,other,135,10:29.5551,NA,119 laps behind the winner,https://www.racingsportscars.com/images/car_no_photo.png,https://www.racingsportscars.com/about.html#contrib,https://www.racingsportscars.com/make/photo/Renault.html,https://www.racingsportscars.com/type/photo/Renault/Clio.html,NA,NA
nurburgring,2008-05-25,51,Porsche 996 GT3-RS #WP0ZZZ99Z1S692102 - Porsche F6 4v DOHC N/A,NA,SP7,(S),Closed bodywork,Rear-engined,Anders Levin (S)/Martin Morin/Carl Rydquist (S)/Peter Thelin,NA,white,NA,NA,NA,Porsche,996 GT3-RS,#WP0ZZZ99Z1S692102,NA,Result: did not finishGrid: 21st (9:13.4810),did not finishGrid: 21st (9:13.4810),not_finished,21,9:13.4810,NA,9:13.4810,https://www.racingsportscars.com/images/car_no_photo.png,https://www.racingsportscars.com/about.html#contrib,https://www.racingsportscars.com/make/photo/Porsche.html,https://www.racingsportscars.com/type/photo/Porsche/996%20GT3-RS.html,https://www.racingsportscars.com/chassis/photo/WP0ZZZ99Z1S692102.html,NA
nurburgring,2008-05-25,155,Mitsubishi Mirage RS - Mitsubishi,NA,SP1-SP2,,-,-,Malcolm Niall (AUS)/Brett Niall (AUS)/Clint Harvey (AUS)/Mark Pilatti (AUS),NA,black/yellow,NA,NA,NA,Mitsubishi,Mirage,NA,RS,Result: did not finishGrid: 213th (11:50.0430) - 218th fastest qualifier,did not finishGrid: 213th (11:50.0430) - 218th fastest qualifier,not_finished,213,11:50.0430,NA,11:50.0430,https://www.racingsportscars.com/images/car_no_photo.png,https://www.racingsportscars.com/about.html#contrib,https://www.racingsportscars.com/make/photo/Mitsubishi.html,https://www.racingsportscars.com/type/photo/Mitsubishi/Mirage.html,NA,https://www.racingsportscars.com/suffix/photo/Mitsubishi/Mirage/RS.html
nurburgring,2008-05-25,83,BMW M3 - BMW,NA,SP5,MSC Rhön e.V. im AvD,Closed bodywork,Front-engined,Jean Baptiste Chretien/Arnaud Peyroles (F)/René Wolff (D),Startol,yellow,NA,25/06/2017,Fabrice Bergenhuizen,BMW,M3,NA,NA,Result: did not finishGrid: 97th (10:08.4090) - 98th fastest qualifier,did not finishGrid: 97th (10:08.4090) - 98th fastest qualifier,not_finished,97,10:08.4090,NA,10:08.4090,https://www.racingsportscars.com/tn/photo/2008/TN_Nurburgring-2008-05-25-083.jpg,https://www.racingsportscars.com/photo/2008/Nurburgring-2008-05-25-083.jpg,https://www.racingsportscars.com/make/photo/BMW.html,https://www.racingsportscars.com/type/photo/BMW/M3.html,NA,NA
nurburgring,2008-05-25,22,Porsche 997 GT3 RSR - Porsche F6 4v DOHC N/A,NA,SP7,HISAQ Competition,Closed bodywork,Rear-engined,Frank Stippler (D)Emmanuel Collard (F)/Marino Franchitti (GB)/Richard Westbrook (GB),Belte AG,white,Michelin,25/06/2017,Fabrice Bergenhuizen,Porsche,997 GT3 RSR,NA,NA,Result: did not finishGrid: 11th (8:52.2280),did not finishGrid: 11th (8:52.2280),not_finished,11,8:52.2280,NA,8:52.2280,https://www.racingsportscars.com/tn/photo/2008/TN_Nurburgring-2008-05-25-022.jpg,https://www.racingsportscars.com/photo/2008/Nurburgring-2008-05-25-022.jpg,https://www.racingsportscars.com/make/photo/Porsche.html,https://www.racingsportscars.com/type/photo/Porsche/997%20GT3%20RSR.html,NA,NA
nurburgring,2008-05-25,137,BMW 320is - BMW,NA,SP3,,Closed bodywork,Front-engined,Matthias Behr/Theo Winkler/Harald Schlotter (D),NA,white,NA,NA,NA,BMW,320is,NA,NA,Result: did not finishGrid: 110th (10:17.1410) - 114th fastest qualifier,did not finishGrid: 110th (10:17.1410) - 114th fastest qualifier,not_finished,110,10:17.1410,NA,10:17.1410,https://www.racingsportscars.com/images/car_no_photo.png,https://www.racingsportscars.com/about.html#contrib,https://www.racingsportscars.com/make/photo/BMW.html,https://www.racingsportscars.com/type/photo/BMW/320is.html,NA,NA
nurburgring,2008-05-25,206,BMW M3 E46 - BMW,NA,V5,,Closed bodywork,Front-engined,Richard Gartner (AUS)/Ray Stubber (AUS)/Paul Stubber (AUS),TNT Post,white/orange,Yokohama,NA,NA,BMW,M3,NA,E46,Result: did not finishGrid: 156th (10:43.6899) - 161st fastest qualifier,did not finishGrid: 156th (10:43.6899) - 161st fastest qualifier,not_finished,156,10:43.6899,NA,10:43.6899,https://www.racingsportscars.com/images/car_no_photo.png,https://www.racingsportscars.com/about.html#contrib,https://www.racingsportscars.com/make/photo/BMW.html,https://www.racingsportscars.com/type/photo/BMW/M3.html,NA,https://www.racingsportscars.com/suffix/photo/BMW/M3/E46.html
nurburgring,2008-05-25,24,Porsche 997 GT3 #WP0ZZZ99Z7S798081 - Porsche F6 4v DOHC N/A,NA,SP7,Wochenspiegel Team Manthey,Closed bodywork,Rear-engined,"Georg Weiss (D)/Peter-Paul Pietsch (D)/Michael Jacobs (USA)/Dieter Schornstein, Jr. (D)",Wochenspiegel,black/white,NA,25/06/2017,Fabrice Bergenhuizen,Porsche,997 GT3,#WP0ZZZ99Z7S798081,NA,Result: did not finishGrid: 5th (8:43.0820),did not finishGrid: 5th (8:43.0820),not_finished,5,8:43.0820,NA,8:43.0820,https://www.racingsportscars.com/tn/photo/2008/TN_Nurburgring-2008-05-25-024.jpg,https://www.racingsportscars.com/photo/2008/Nurburgring-2008-05-25-024.jpg,https://www.racingsportscars.com/make/photo/Porsche.html,https://www.racingsportscars.com/type/photo/Porsche/997%20GT3.html,https://www.racingsportscars.com/chassis/photo/WP0ZZZ99Z7S798081.html,NA
nurburgring,2008-05-25,13,Toyota Corolla - Toyota N/A,NA,SP3,,Closed bodywork,Front-engined,Colin Osborne/Stuart Jones (USA)/Simon Evans (NZ),TRD,white/red,Yokohama,NA,NA,Toyota,Corolla,NA,NA,Result: did not finishGrid: 199th (11:18.8960) - 204th fastest qualifier,did not finishGrid: 199th (11:18.8960) - 204th fastest qualifier,not_finished,199,11:18.8960,NA,11:18.8960,https://www.racingsportscars.com/images/car_no_photo.png,https://www.racingsportscars.com/about.html#contrib,https://www.racingsportscars.com/make/photo/Toyota.html,https://www.racingsportscars.com/type/photo/Toyota/Corolla.html,NA,NA
nurburgring,2008-05-25,43,Porsche 997 GT3 - Porsche,NA,SP7,,Closed bodywork,Rear-engined,Wolfgang Destree (D)/Kersten Jodexnis (D)/Marco Seefried (D)/Marcel Leipert (D),Click Vers,blue/yellow,NA,25/06/2017,Fabrice Bergenhuizen,Porsche,997 GT3,NA,NA,Result: did not finishGrid: 18th (9:01.5290),did not finishGrid: 18th (9:01.5290),not_finished,18,9:01.5290,NA,9:01.5290,https://www.racingsportscars.com/tn/photo/2008/TN_Nurburgring-2008-05-25-043.jpg,https://www.racingsportscars.com/photo/2008/Nurburgring-2008-05-25-043.jpg,https://www.racingsportscars.com/make/photo/Porsche.html,https://www.racingsportscars.com/type/photo/Porsche/997%20GT3.html,NA,NA
nurburgring,2008-05-25,198,BMW 325i E36 - BMW,NA,V3-V4,,-,-,Mike Meyer (USA)/Roland Mühlbauer/Dieter Dick/Jim Briody (USA),NA,white,NA,NA,NA,BMW,325i,NA,E36,Result: did not finishGrid: 171st (10:54.9650) - 176th fastest qualifier,did not finishGrid: 171st (10:54.9650) - 176th fastest qualifier,not_finished,171,10:54.9650,NA,10:54.9650,https://www.racingsportscars.com/images/car_no_photo.png,https://www.racingsportscars.com/about.html#contrib,https://www.racingsportscars.com/make/photo/BMW.html,https://www.racingsportscars.com/type/photo/BMW/325i.html,NA,https://www.racingsportscars.com/suffix/photo/BMW/325i/E36.html
nurburgring,2008-05-25,129,BMW M3 E30 - BMW,NA,SP4,,Closed bodywork,Front-engined,Hans-Hatto Karl/Uwe Förster/Werner Bauer/Ian Donaldson (GB),NA,violett,NA,NA,NA,BMW,M3,NA,E30,Result: did not finishGrid: 63rd (9:49.5250) - 64th fastest qualifier,did not finishGrid: 63rd (9:49.5250) - 64th fastest qualifier,not_finished,63,9:49.5250,NA,9:49.5250,https://www.racingsportscars.com/images/car_no_photo.png,https://www.racingsportscars.com/about.html#contrib,https://www.racingsportscars.com/make/photo/BMW.html,https://www.racingsportscars.com/type/photo/BMW/M3.html,NA,https://www.racingsportscars.com/suffix/photo/BMW/M3/E30.html
nurburgring,2008-05-25,144,Audi TT - Audi,NA,SP3T,,Closed bodywork,Mid-engined,Dierk Möller-Sonntag (D)/Henning Klipp/Christian Gebhardt (D)/Thorsten Unger,Pirelli,white/red,Pirelli,NA,NA,Audi,TT,NA,NA,Result: did not finishGrid: 77th (9:57.7830) - 78th fastest qualifier,did not finishGrid: 77th (9:57.7830) - 78th fastest qualifier,not_finished,77,9:57.7830,NA,9:57.7830,https://www.racingsportscars.com/images/car_no_photo.png,https://www.racingsportscars.com/about.html#contrib,https://www.racingsportscars.com/make/photo/Audi.html,https://www.racingsportscars.com/type/photo/Audi/TT.html,NA,NA
nurburgring,2008-05-25,3,Porsche 911 GT3 RSR - Porsche,NA,SP7,Land-Motorsport PZ Aschaffenburg,-,Rear-engined,Marc Basseng (D)/Johannes Stuck (A)/Patrick Simon (D),Bilstein,blue/yellow,Pirelli,25/06/2017,Fabrice Bergenhuizen,Porsche,911 GT3 RSR,NA,NA,Result: did not finishGrid: 4th (8:39.4950),did not finishGrid: 4th (8:39.4950),not_finished,4,8:39.4950,NA,8:39.4950,https://www.racingsportscars.com/tn/photo/2008/TN_Nurburgring-2008-05-25-003.jpg,https://www.racingsportscars.com/photo/2008/Nurburgring-2008-05-25-003.jpg,https://www.racingsportscars.com/make/photo/Porsche.html,https://www.racingsportscars.com/type/photo/Porsche/911%20GT3%20RSR.html,NA,NA
nurburgring,2008-05-25,9,Porsche 997 GT3 RS - Porsche,NA,SP7,steam-racing GmbH,Closed bodywork,Rear-engined,Michael Schratz (D)/Johannes Siegler (D)/Jochen Herbst (D)/Gregor Vogler,NA,white/black,NA,25/06/2017,Fabrice Bergenhuizen,Porsche,997 GT3 RS,NA,NA,Result: did not finishGrid: 34th (9:29.5080),did not finishGrid: 34th (9:29.5080),not_finished,34,9:29.5080,NA,9:29.5080,https://www.racingsportscars.com/tn/photo/2008/TN_Nurburgring-2008-05-25-009.jpg,https://www.racingsportscars.com/photo/2008/Nurburgring-2008-05-25-009.jpg,https://www.racingsportscars.com/make/photo/Porsche.html,https://www.racingsportscars.com/type/photo/Porsche/997%20GT3%20RS.html,NA,NA
nurburgring,2008-05-25,73,BMW 130i - BMW N/A,NA,SP5,Sartorius Team Black Falcon,-,Front-engined,Laurentius Michielse (CH)/Erik Weijers (NL)/Ron Swart/Holger Zulauf,Sartorius,orange/black,Yokohama,NA,NA,BMW,130i,NA,NA,Result: did not finishGrid: 143rd (10:32.8979) - 148th fastest qualifier,did not finishGrid: 143rd (10:32.8979) - 148th fastest qualifier,not_finished,143,10:32.8979,NA,10:32.8979,https://www.racingsportscars.com/images/car_no_photo.png,https://www.racingsportscars.com/about.html#contrib,https://www.racingsportscars.com/make/photo/BMW.html,https://www.racingsportscars.com/type/photo/BMW/130i.html,NA,NA
nurburgring,2008-05-25,124,Audi A4 # - Audi,NA,SP3,,-,-,Haakon Schjärin (N)/Roger Sandberg (N)/Peter Oberndorfer (D),Møller Bil,blue/silver/red,NA,NA,NA,Audi,A4,#,NA,Result: did not finishGrid: 74th (9:55.7840) - 75th fastest qualifier,did not finishGrid: 74th (9:55.7840) - 75th fastest qualifier,not_finished,74,9:55.7840,NA,9:55.7840,https://www.racingsportscars.com/images/car_no_photo.png,https://www.racingsportscars.com/about.html#contrib,https://www.racingsportscars.com/make/photo/Audi.html,https://www.racingsportscars.com/type/photo/Audi/A4.html,https://www.racingsportscars.com/chassis/photo/A4-Schjering%23.html,NA
nurburgring,2008-05-25,31,Porsche 997 GT3 RSR - Porsche F6 4v DOHC N/A,NA,SP7,paragon AG,Closed bodywork,Rear-engined,Klaus Dieter Frers (D)Pierre Kaffer (D)/Patrick Bernhardt (D)/Jörg Hardt (D),Paragon,white,Michelin,25/06/2017,Fabrice Bergenhuizen,Porsche,997 GT3 RSR,NA,NA,Result: did not finishGrid: 9th (8:50.7810),did not finishGrid: 9th (8:50.7810),not_finished,9,8:50.7810,NA,8:50.7810,https://www.racingsportscars.com/tn/photo/2008/TN_Nurburgring-2008-05-25-031.jpg,https://www.racingsportscars.com/photo/2008/Nurburgring-2008-05-25-031.jpg,https://www.racingsportscars.com/make/photo/Porsche.html,https://www.racingsportscars.com/type/photo/Porsche/997%20GT3%20RSR.html,NA,NA
nurburgring,2008-05-25,105,Opel Astra GTC - Opel,NA,SP3T,OPEL OPC RACE CAMP,-,-,Christian Bach/Martin Karlhofer (A)/Stefan Leitner/Kurt Wenger,OPC Center,blue,Dunlop,25/06/2017,Fabrice Bergenhuizen,Opel,Astra,NA,GTC,Result: did not finishGrid: 41st (9:36.6030),did not finishGrid: 41st (9:36.6030),not_finished,41,9:36.6030,NA,9:36.6030,https://www.racingsportscars.com/tn/photo/2008/TN_Nurburgring-2008-05-25-105.jpg,https://www.racingsportscars.com/photo/2008/Nurburgring-2008-05-25-105.jpg,https://www.racingsportscars.com/make/photo/Opel.html,https://www.racingsportscars.com/type/photo/Opel/Astra.html,NA,https://www.racingsportscars.com/suffix/photo/Opel/Astra/GTC.html
nurburgring,2008-05-25,205,BMW M3 - BMW,NA,V5,MSC Rhön e.V. im AvD,Closed bodywork,Front-engined,Christian Leitheuser (D)/Benedikt Frei (D)/Wolfgang Kudrass (D)/Daniel Keilwitz (D),Kuttenkeuler,white,NA,NA,NA,BMW,M3,NA,NA,Result: did not finishGrid: 112th (10:17.5460) - 116th fastest qualifier,did not finishGrid: 112th (10:17.5460) - 116th fastest qualifier,not_finished,112,10:17.5460,NA,10:17.5460,https://www.racingsportscars.com/images/car_no_photo.png,https://www.racingsportscars.com/about.html#contrib,https://www.racingsportscars.com/make/photo/BMW.html,https://www.racingsportscars.com/type/photo/BMW/M3.html,NA,NA
nurburgring,2008-05-25,61,Mercedes-Benz SLK Carlsson CK35 RS # - Mercedes-Benz,NA,SP6,,-,-,Rainer Brückner/Roland Asch (D)/Vitaly Dudin/Vadim Kharlov,NA,white/blue/green,Dunlop,NA,NA,Mercedes-Benz,SLK,#,Carlsson CK35 RS,Result: did not finishGrid: 44th (9:38.8820),did not finishGrid: 44th (9:38.8820),not_finished,44,9:38.8820,NA,9:38.8820,https://www.racingsportscars.com/images/car_no_photo.png,https://www.racingsportscars.com/about.html#contrib,https://www.racingsportscars.com/make/photo/Mercedes-Benz.html,https://www.racingsportscars.com/type/photo/Mercedes-Benz/SLK.html,https://www.racingsportscars.com/chassis/photo/SLK-Carlsson%23.html,https://www.racingsportscars.com/suffix/photo/Mercedes-Benz/SLK/Carlsson%20CK35%20RS.html
nurburgring,2008-05-25,208,BMW M3 - BMW,NA,V5,Dürener Motorsport Club im ADAC e.V.,Closed bodywork,Front-engined,Jaap Bartels/Christian Seewaldt/David Ackermann (D)/Bernd Küpper (D),NA,blue/green,Yokohama,NA,NA,BMW,M3,NA,NA,Result: did not finishGrid: 118th (10:19.3970) - 122nd fastest qualifier,did not finishGrid: 118th (10:19.3970) - 122nd fastest qualifier,not_finished,118,10:19.3970,NA,10:19.3970,https://www.racingsportscars.com/images/car_no_photo.png,https://www.racingsportscars.com/about.html#contrib,https://www.racingsportscars.com/make/photo/BMW.html,https://www.racingsportscars.com/type/photo/BMW/M3.html,NA,NA
nurburgring,2008-05-25,4,Porsche 911 - Porsche,NA,SP8,Hankook / H&R Spezialfedern,-,Rear-engined,Jürgen Alzen (D)/Markus Gedlich (D)/Christian Abt (D)/Christian Menzel (D),Hankook/H&R,black/white/orange,Hankook,25/06/2017,Fabrice Bergenhuizen,Porsche,911,NA,NA,Result: did not finishGrid: 2nd (8:29.8380),did not finishGrid: 2nd (8:29.8380),not_finished,2,8:29.8380,NA,8:29.8380,https://www.racingsportscars.com/tn/photo/2008/TN_Nurburgring-2008-05-25-004.jpg,https://www.racingsportscars.com/photo/2008/Nurburgring-2008-05-25-004.jpg,https://www.racingsportscars.com/make/photo/Porsche.html,https://www.racingsportscars.com/type/photo/Porsche/911.html,NA,NA
nurburgring,2008-05-25,203,BMW M3 - BMW,NA,V5,MSC Rhön e.V. im AvD,Closed bodywork,Front-engined,Arturo Merzario (I)/Luigi Scalini (I)/Mauro Simoncini (I)/Richard Purtscher (A),NA,yellow,NA,NA,NA,BMW,M3,NA,NA,Result: did not finishGrid: 148th (10:34.8330) - 153rd fastest qualifier,did not finishGrid: 148th (10:34.8330) - 153rd fastest qualifier,not_finished,148,10:34.8330,NA,10:34.8330,https://www.racingsportscars.com/images/car_no_photo.png,https://www.racingsportscars.com/about.html#contrib,https://www.racingsportscars.com/make/photo/BMW.html,https://www.racingsportscars.com/type/photo/BMW/M3.html,NA,NA
nurburgring,2008-05-25,265,Alfa Romeo GT - Alfa Romeo,NA,S1,,-,-,Jörg Chmiela (D)/Dietrich Hueck (D)/Olivier Muytjens (B)/Zoran Radulovic (D),NA,red,NA,25/06/2017,Fabrice Bergenhuizen,Alfa Romeo,GT,NA,NA,Result: did not finishGrid: 146th (10:34.6379) - 151st fastest qualifier,did not finishGrid: 146th (10:34.6379) - 151st fastest qualifier,not_finished,146,10:34.6379,NA,10:34.6379,https://www.racingsportscars.com/tn/photo/2008/TN_Nurburgring-2008-05-25-265.jpg,https://www.racingsportscars.com/photo/2008/Nurburgring-2008-05-25-265.jpg,https://www.racingsportscars.com/make/photo/Alfa%20Romeo.html,https://www.racingsportscars.com/type/photo/Alfa%20Romeo/GT.html,NA,NA
nurburgring,2008-05-25,50,Porsche 997 GT3 RSR #WP0ZZZ99Z7S799920 - Porsche F6 4v DOHC N/A,NA,SP7,Juniper Racing (AUS),Closed bodywork,Rear-engined,Shaun Juniper (AUS)/Max Twigg (AUS)/Boris Said (USA)/Warren Luff (AUS),Juniper,blue,Michelin,25/06/2017,Fabrice Bergenhuizen,Porsche,997 GT3 RSR,#WP0ZZZ99Z7S799920,NA,Result: did not finishGrid: 19th (9:03.5860),did not finishGrid: 19th (9:03.5860),not_finished,19,9:03.5860,NA,9:03.5860,https://www.racingsportscars.com/tn/photo/2008/TN_Nurburgring-2008-05-25-050.jpg,https://www.racingsportscars.com/photo/2008/Nurburgring-2008-05-25-050.jpg,https://www.racingsportscars.com/make/photo/Porsche.html,https://www.racingsportscars.com/type/photo/Porsche/997%20GT3%20RSR.html,https://www.racingsportscars.com/chassis/photo/WP0ZZZ99Z7S799920.html,NA
nurburgring,2008-05-25,263,BMW 120d - BMW,NA,S1,Motorsport Arena Oschersleben,-,-,Peter Posavac (D)/Marc Bronzel (D)/Alfred Backer/Andreas Winkler (D),NA,white,Dunlop,NA,NA,BMW,120d,NA,NA,Result: did not finishGrid: 60th (9:48.1930) - 61st fastest qualifier,did not finishGrid: 60th (9:48.1930) - 61st fastest qualifier,not_finished,60,9:48.1930,NA,9:48.1930,https://www.racingsportscars.com/images/car_no_photo.png,https://www.racingsportscars.com/about.html#contrib,https://www.racingsportscars.com/make/photo/BMW.html,https://www.racingsportscars.com/type/photo/BMW/120d.html,NA,NA
nurburgring,2008-05-25,257,Seat León Cupra R-TDI - Seat,NA,S1,,-,-,Iro Brenners/Ton Verkoelen/Henk Thijssen (NL)/Frank van Irsel,NA,black,NA,NA,NA,Seat,León,NA,Cupra R-TDI,Result: did not finishGrid: 192nd (11:09.7490) - 197th fastest qualifier,did not finishGrid: 192nd (11:09.7490) - 197th fastest qualifier,not_finished,192,11:09.7490,NA,11:09.7490,https://www.racingsportscars.com/images/car_no_photo.png,https://www.racingsportscars.com/about.html#contrib,https://www.racingsportscars.com/make/photo/Seat.html,https://www.racingsportscars.com/type/photo/Seat/Le%c3%b3n.html,NA,https://www.racingsportscars.com/suffix/photo/Seat/Le%c3%b3n/Cupra%20R-TDI.html
nurburgring,2008-05-25,269,BMW 120d - BMW,NA,S1,,-,-,Heiko Hahn (D)/Tom Moran (D)/Werner Riess/Frank Weishar (D),Pirelli,black,Pirelli,NA,NA,BMW,120d,NA,NA,Result: did not finishGrid: 193rd (11:12.3540) - 198th fastest qualifier,did not finishGrid: 193rd (11:12.3540) - 198th fastest qualifier,not_finished,193,11:12.3540,NA,11:12.3540,https://www.racingsportscars.com/images/car_no_photo.png,https://www.racingsportscars.com/about.html#contrib,https://www.racingsportscars.com/make/photo/BMW.html,https://www.racingsportscars.com/type/photo/BMW/120d.html,NA,NA
nurburgring,2008-05-25,35,Porsche 997 GT3 Cup - Porsche F6 4v DOHC N/A,NA,SP7,,Closed bodywork,Rear-engined,Martin Tschornia (D)/Franjo Kovac (HR)/Roland Asch (D)/Sebastian Asch (D),Besaplast,green/white/blue,NA,25/06/2017,Fabrice Bergenhuizen,Porsche,997 GT3 Cup,NA,NA,Result: did not finishGrid: 33rd (9:28.9860),did not finishGrid: 33rd (9:28.9860),not_finished,33,9:28.9860,NA,9:28.9860,https://www.racingsportscars.com/tn/photo/2008/TN_Nurburgring-2008-05-25-035.jpg,https://www.racingsportscars.com/photo/2008/Nurburgring-2008-05-25-035.jpg,https://www.racingsportscars.com/make/photo/Porsche.html,https://www.racingsportscars.com/type/photo/Porsche/997%20GT3%20Cup.html,NA,NA
nurburgring,2008-05-25,2,Dodge Viper GTS-R #C52 - Dodge /Caldwell Development V8/90° 2v OHV 6200 cc N/A,NA,SP8,(D),Closed bodywork,Front-engined,Sascha Bert (D)/Christophe Bouchut (F)/Tom Coronel (NL)/Duncan Huisman (NL),Dodge,red/white,NA,25/06/2017,Fabrice Bergenhuizen,Dodge,Viper,#C52,GTS-R,Result: did not finishGrid: 3rd (8:31.1320),did not finishGrid: 3rd (8:31.1320),not_finished,3,8:31.1320,NA,8:31.1320,https://www.racingsportscars.com/tn/photo/2008/TN_Nurburgring-2008-05-25-002.jpg,https://www.racingsportscars.com/photo/2008/Nurburgring-2008-05-25-002.jpg,https://www.racingsportscars.com/make/photo/Dodge.html,https://www.racingsportscars.com/type/photo/Dodge/Viper.html,https://www.racingsportscars.com/chassis/photo/GTSR-C52.html,https://www.racingsportscars.com/suffix/photo/Dodge/Viper/GTS-R.html
nurburgring,2008-05-25,5,BMW Z4 M Coupe - BMW,NA,SP6,Motorsport Arena Oschersleben,-,-,Claudia Hürtgen (D)/Stian Sörlie (N)/Jörg Viebahn (D)/Richard Göransson (S),Dorint,white/blue,Dunlop,25/06/2017,Fabrice Bergenhuizen,BMW,Z4,NA,M Coupe,Result: did not finishGrid: 8th (8:50.7710),did not finishGrid: 8th (8:50.7710),not_finished,8,8:50.7710,NA,8:50.7710,https://www.racingsportscars.com/tn/photo/2008/TN_Nurburgring-2008-05-25-005.jpg,https://www.racingsportscars.com/photo/2008/Nurburgring-2008-05-25-005.jpg,https://www.racingsportscars.com/make/photo/BMW.html,https://www.racingsportscars.com/type/photo/BMW/Z4.html,NA,https://www.racingsportscars.com/suffix/photo/BMW/Z4/M%20Coupe.html
nurburgring,2008-05-25,222,BMW M3 E46 - BMW,NA,V6,,Closed bodywork,Front-engined,Jörg Wiskirchen (D)/Carsten Welschar (D)/Dirk Baur/Meik Utsch (D),NA,black,Yokohama,NA,NA,BMW,M3,NA,E46,Result: did not finishGrid: 99th (10:09.2550) - 100th fastest qualifier,did not finishGrid: 99th (10:09.2550) - 100th fastest qualifier,not_finished,99,10:09.2550,NA,10:09.2550,https://www.racingsportscars.com/images/car_no_photo.png,https://www.racingsportscars.com/about.html#contrib,https://www.racingsportscars.com/make/photo/BMW.html,https://www.racingsportscars.com/type/photo/BMW/M3.html,NA,https://www.racingsportscars.com/suffix/photo/BMW/M3/E46.html
nurburgring,2008-05-25,98,Porsche 911 GT3 RS - Porsche,NA,SP7,,-,Rear-engined,Tony Quinn (GB)/Klark Quinn (AUS)/Craig Baird (NZ)/Jonathon Webb (AUS),V.I.P. Petfoods,black,Michelin,25/06/2017,Fabrice Bergenhuizen,Porsche,911 GT3 RS,NA,NA,Result: did not finishGrid: 14th (8:59.1700),did not finishGrid: 14th (8:59.1700),not_finished,14,8:59.1700,NA,8:59.1700,https://www.racingsportscars.com/tn/photo/2008/TN_Nurburgring-2008-05-25-098.jpg,https://www.racingsportscars.com/photo/2008/Nurburgring-2008-05-25-098.jpg,https://www.racingsportscars.com/make/photo/Porsche.html,https://www.racingsportscars.com/type/photo/Porsche/911%20GT3%20RS.html,NA,NA
nurburgring,2008-05-25,226,Honda Civic Type R - Honda,NA,SP Cup,,-,-,Klaus Niedzwiedz (D)Daniela Schmid (A)/Anja Wassertheurer (D)/Stefan Schlesack (D),NA,red,BF Goodrich,NA,NA,Honda,Civic,NA,Type R,Result: did not finishGrid: 141st (10:32.3190) - 146th fastest qualifier,did not finishGrid: 141st (10:32.3190) - 146th fastest qualifier,not_finished,141,10:32.3190,NA,10:32.3190,https://www.racingsportscars.com/images/car_no_photo.png,https://www.racingsportscars.com/about.html#contrib,https://www.racingsportscars.com/make/photo/Honda.html,https://www.racingsportscars.com/type/photo/Honda/Civic.html,NA,https://www.racingsportscars.com/suffix/photo/Honda/Civic/Type%20R.html
nurburgring,2008-05-25,211,BMW M3 - BMW,NA,V5,,Closed bodywork,Front-engined,David Rinössl/Holger Knudsen (DK)/Peter Tschirley/Deniz Islek,NA,blue,NA,NA,NA,BMW,M3,NA,NA,Result: did not finishGrid: 161st (10:47.7900) - 166th fastest qualifier,did not finishGrid: 161st (10:47.7900) - 166th fastest qualifier,not_finished,161,10:47.7900,NA,10:47.7900,https://www.racingsportscars.com/images/car_no_photo.png,https://www.racingsportscars.com/about.html#contrib,https://www.racingsportscars.com/make/photo/BMW.html,https://www.racingsportscars.com/type/photo/BMW/M3.html,NA,NA
nurburgring,2008-05-25,74,BMW M3 - BMW,NA,SP5,MSC Ruhr-Blitz Bochum e.V. im ADAC,Closed bodywork,Front-engined,"Willi Obermann (D)/Sven Kehl/Ulrich Gallade (D)/""Jens Strack"" (D)",NA,blue,NA,25/06/2017,Fabrice Bergenhuizen,BMW,M3,NA,NA,Result: did not finishGrid: 102nd (10:11.4770) - 103rd fastest qualifier,did not finishGrid: 102nd (10:11.4770) - 103rd fastest qualifier,not_finished,102,10:11.4770,NA,10:11.4770,https://www.racingsportscars.com/tn/photo/2008/TN_Nurburgring-2008-05-25-074.jpg,https://www.racingsportscars.com/photo/2008/Nurburgring-2008-05-25-074.jpg,https://www.racingsportscars.com/make/photo/BMW.html,https://www.racingsportscars.com/type/photo/BMW/M3.html,NA,NA
nurburgring,2008-05-25,266,Alfa Romeo 147 - Alfa Romeo,NA,S2,,-,-,Christian Vogler (D)/Hubert Nacken (D)/Martin Richter/Ellen Lohr (D),NA,red/black,NA,NA,NA,Alfa Romeo,147,NA,NA,Result: did not finishGrid: 88th (10:03.6590) - 89th fastest qualifier,did not finishGrid: 88th (10:03.6590) - 89th fastest qualifier,not_finished,88,10:03.6590,NA,10:03.6590,https://www.racingsportscars.com/images/car_no_photo.png,https://www.racingsportscars.com/about.html#contrib,https://www.racingsportscars.com/make/photo/Alfa%20Romeo.html,https://www.racingsportscars.com/type/photo/Alfa%20Romeo/147.html,NA,NA
nurburgring,2008-05-25,29,Porsche 997 GT3 Cup - Porsche F6 4v DOHC N/A,NA,SP7,Scuderia Offenbach,Closed bodywork,Rear-engined,Matthias Weiland (D)/Oliver Mayer (D)/Guido Wirtz (D)/Franz Groß (D),Auto Welland,white,NA,NA,NA,Porsche,997 GT3 Cup,NA,NA,Result: did not finishGrid: 32nd (9:28.7670),did not finishGrid: 32nd (9:28.7670),not_finished,32,9:28.7670,NA,9:28.7670,https://www.racingsportscars.com/images/car_no_photo.png,https://www.racingsportscars.com/about.html#contrib,https://www.racingsportscars.com/make/photo/Porsche.html,https://www.racingsportscars.com/type/photo/Porsche/997%20GT3%20Cup.html,NA,NA
nurburgring,2008-05-25,95,Hyundai Coupé V6 # - Hyundai,NA,SP4,Team DMV e.V.,-,-,Jürgen Schumann (D)/Peter Schumann (D)/Christian Hohenadel (D)/Peter Cate (GB),Hyundai,silver,NA,NA,NA,Hyundai,Coupé,#,V6,Result: did not finishGrid: 62nd (9:49.2630) - 63rd fastest qualifier,did not finishGrid: 62nd (9:49.2630) - 63rd fastest qualifier,not_finished,62,9:49.2630,NA,9:49.2630,https://www.racingsportscars.com/images/car_no_photo.png,https://www.racingsportscars.com/about.html#contrib,https://www.racingsportscars.com/make/photo/Hyundai.html,https://www.racingsportscars.com/type/photo/Hyundai/Coup%c3%a9.html,https://www.racingsportscars.com/chassis/photo/Hyundai-Coupe-DMV%23.html,https://www.racingsportscars.com/suffix/photo/Hyundai/Coup%c3%a9/V6.html
nurburgring,2008-05-25,228,Honda Civic Type R - Honda,NA,SP Cup,Automobilclub von Deutschland e.V.,-,-,Frank Totz/Jörg Totz/Andreas Weiland (D)/Ralph-Peter Rink (D),NA,red,BF Goodrich,25/06/2017,Fabrice Bergenhuizen,Honda,Civic,NA,Type R,Result: did not finishGrid: 130th (10:27.7469) - 135th fastest qualifier,did not finishGrid: 130th (10:27.7469) - 135th fastest qualifier,not_finished,130,10:27.7469,NA,10:27.7469,https://www.racingsportscars.com/tn/photo/2008/TN_Nurburgring-2008-05-25-228.jpg,https://www.racingsportscars.com/photo/2008/Nurburgring-2008-05-25-228.jpg,https://www.racingsportscars.com/make/photo/Honda.html,https://www.racingsportscars.com/type/photo/Honda/Civic.html,NA,https://www.racingsportscars.com/suffix/photo/Honda/Civic/Type%20R.html
nurburgring,2008-05-25,77,BMW M3 - BMW,NA,SP5,,Closed bodywork,Front-engined,Michael Bonk (D)/Peter Bonk (D)/Willie Moore (GB)/Silvester Wolf,NA,white,Yokohama,25/06/2017,Fabrice Bergenhuizen,BMW,M3,NA,NA,Result: did not finishGrid: 51st (9:41.1390),did not finishGrid: 51st (9:41.1390),not_finished,51,9:41.1390,NA,9:41.1390,https://www.racingsportscars.com/tn/photo/2008/TN_Nurburgring-2008-05-25-077.jpg,https://www.racingsportscars.com/photo/2008/Nurburgring-2008-05-25-077.jpg,https://www.racingsportscars.com/make/photo/BMW.html,https://www.racingsportscars.com/type/photo/BMW/M3.html,NA,NA
nurburgring,2008-05-25,32,Porsche 996 GT3 Cup - Porsche F6 4v DOHC N/A,NA,SP7,,Closed bodywork,Rear-engined,Peter Schmidt (D)/Philippe Haezebrouck (F)/David Horn (D)/Josef Klüber (D),NA,white,NA,NA,NA,Porsche,996 GT3 Cup,NA,NA,Result: did not finishGrid: 40th (9:36.1420),did not finishGrid: 40th (9:36.1420),not_finished,40,9:36.1420,NA,9:36.1420,https://www.racingsportscars.com/images/car_no_photo.png,https://www.racingsportscars.com/about.html#contrib,https://www.racingsportscars.com/make/photo/Porsche.html,https://www.racingsportscars.com/type/photo/Porsche/996%20GT3%20Cup.html,NA,NA
nurburgring,2008-05-25,101,Mitsubishi Lancer Evo VIII - Mitsubishi,NA,SP3T,,-,-,Helmut Dutz/Bruno Fechner/Sebastian Erkes/Wolfgang Kaufmann (D),NA,black/green,Yokohama,NA,NA,Mitsubishi,Lancer,NA,Evo VIII,Result: did not finishGrid: 64th (9:50.5550) - 65th fastest qualifier,did not finishGrid: 64th (9:50.5550) - 65th fastest qualifier,not_finished,64,9:50.5550,NA,9:50.5550,https://www.racingsportscars.com/images/car_no_photo.png,https://www.racingsportscars.com/about.html#contrib,https://www.racingsportscars.com/make/photo/Mitsubishi.html,https://www.racingsportscars.com/type/photo/Mitsubishi/Lancer.html,NA,https://www.racingsportscars.com/suffix/photo/Mitsubishi/Lancer/Evo%20VIII.html
nurburgring,2008-05-25,151,Suzuki Swift - Suzuki,NA,SP1-SP2,,-,-,Karl-Heinz Teichmann (D)/Michael Schneider (D)/Niki Schelle (D),NA,red,Yokohama,NA,NA,Suzuki,Swift,NA,NA,Result: did not finishGrid: 150th (10:39.2080) - 155th fastest qualifier,did not finishGrid: 150th (10:39.2080) - 155th fastest qualifier,not_finished,150,10:39.2080,NA,10:39.2080,https://www.racingsportscars.com/images/car_no_photo.png,https://www.racingsportscars.com/about.html#contrib,https://www.racingsportscars.com/make/photo/Suzuki.html,https://www.racingsportscars.com/type/photo/Suzuki/Swift.html,NA,NA
nurburgring,2008-05-25,218,BMW M3 - BMW,NA,V6,MSC Odenkirchen,Closed bodywork,Front-engined,Christian Wack (D)/Axel Duffner (D)/Michael Überall,NA,blue,NA,NA,NA,BMW,M3,NA,NA,Result: did not finishGrid: 84th (10:02.2440) - 85th fastest qualifier,did not finishGrid: 84th (10:02.2440) - 85th fastest qualifier,not_finished,84,10:02.2440,NA,10:02.2440,https://www.racingsportscars.com/images/car_no_photo.png,https://www.racingsportscars.com/about.html#contrib,https://www.racingsportscars.com/make/photo/BMW.html,https://www.racingsportscars.com/type/photo/BMW/M3.html,NA,NA
nurburgring,2008-05-25,71,BMW M3 - BMW,NA,SP5,,Closed bodywork,Front-engined,Peter Seher/Michael David/Kornelius Hoffmann (D)/Hans Schütt,NA,black,Michelin,NA,NA,BMW,M3,NA,NA,Result: did not finishGrid: 96th (10:07.8110) - 97th fastest qualifier,did not finishGrid: 96th (10:07.8110) - 97th fastest qualifier,not_finished,96,10:07.8110,NA,10:07.8110,https://www.racingsportscars.com/images/car_no_photo.png,https://www.racingsportscars.com/about.html#contrib,https://www.racingsportscars.com/make/photo/BMW.html,https://www.racingsportscars.com/type/photo/BMW/M3.html,NA,NA
nurburgring,2008-05-25,63,BMW M3 - BMW,NA,SP6,,Closed bodywork,Front-engined,Hiroyuki Kishimoto (J)/Izumi Yoshida (J)/Akihiko Fujioka/Jürgen Bussmann (D),NA,red,Yokohama,NA,NA,BMW,M3,NA,NA,Result: did not finishGrid: 136th (10:29.5990) - 141st fastest qualifier,did not finishGrid: 136th (10:29.5990) - 141st fastest qualifier,not_finished,136,10:29.5990,NA,10:29.5990,https://www.racingsportscars.com/images/car_no_photo.png,https://www.racingsportscars.com/about.html#contrib,https://www.racingsportscars.com/make/photo/BMW.html,https://www.racingsportscars.com/type/photo/BMW/M3.html,NA,NA
nurburgring,2008-05-25,188,Ford Fiesta ST # - Ford N/A,NA,V3-V4,,Closed bodywork,Front-engined,Ralph Caba (D)/Volker Lange (D)/Thomas Wolf,NA,blue/white,NA,NA,NA,Ford,Fiesta,#,ST,Result: did not finishGrid: 205th (11:25.7150) - 210th fastest qualifier,did not finishGrid: 205th (11:25.7150) - 210th fastest qualifier,not_finished,205,11:25.7150,NA,11:25.7150,https://www.racingsportscars.com/images/car_no_photo.png,https://www.racingsportscars.com/about.html#contrib,https://www.racingsportscars.com/make/photo/Ford.html,https://www.racingsportscars.com/type/photo/Ford/Fiesta.html,https://www.racingsportscars.com/chassis/photo/WF0DXXGAJD2R27122.html,https://www.racingsportscars.com/suffix/photo/Ford/Fiesta/ST.html
nurburgring,2008-05-25,157,Ford Fiesta - Ford N/A,NA,SP1-SP2,,Closed bodywork,Front-engined,Jana Meiswinkel (D)/Dennis Busch (D)/Marc Busch (D)/Jutta Beisiegel,NA,black/pink,NA,NA,NA,Ford,Fiesta,NA,NA,Result: did not finishGrid: 180th (10:59.3860) - 185th fastest qualifier,did not finishGrid: 180th (10:59.3860) - 185th fastest qualifier,not_finished,180,10:59.3860,NA,10:59.3860,https://www.racingsportscars.com/images/car_no_photo.png,https://www.racingsportscars.com/about.html#contrib,https://www.racingsportscars.com/make/photo/Ford.html,https://www.racingsportscars.com/type/photo/Ford/Fiesta.html,NA,NA
nurburgring,2008-05-25,66,Nissan 350Z - Nissan,NA,SP6,RJN Motorsport,Closed bodywork,Front-engined,/Vincent Vosse (B)/Nicki Thiim (DK)/Alex Buncombe (GB)/Harald Müller (D),Auto Zeitung,black,Dunlop,25/06/2017,Fabrice Bergenhuizen,Nissan,350Z,NA,NA,Result: did not finishGrid: 36th (9:30.3760),did not finishGrid: 36th (9:30.3760),not_finished,36,9:30.3760,NA,9:30.3760,https://www.racingsportscars.com/tn/photo/2008/TN_Nurburgring-2008-05-25-066.jpg,https://www.racingsportscars.com/photo/2008/Nurburgring-2008-05-25-066.jpg,https://www.racingsportscars.com/make/photo/Nissan.html,https://www.racingsportscars.com/type/photo/Nissan/350Z.html,NA,NA
nurburgring,2008-05-25,56,Porsche 996 GT3 Cup - Porsche F6 4v DOHC N/A,NA,SP6,Bonnfinanz Motorsport,Closed bodywork,Rear-engined,Oliver Rövenich (D)/Thomas Brügmann/Mario Merten (D)/Wolf Silvester (D),Bonnfinanz,white,Yokohama,NA,NA,Porsche,996 GT3 Cup,NA,NA,Result: did not finishGrid: 37th (9:32.6900),did not finishGrid: 37th (9:32.6900),not_finished,37,9:32.6900,NA,9:32.6900,https://www.racingsportscars.com/images/car_no_photo.png,https://www.racingsportscars.com/about.html#contrib,https://www.racingsportscars.com/make/photo/Porsche.html,https://www.racingsportscars.com/type/photo/Porsche/996%20GT3%20Cup.html,NA,NA
nurburgring,2008-05-25,217,BMW M3 E36 - BMW,NA,V5,,Closed bodywork,Front-engined,Sven Rau/Martin Heidrich (D)/Christoph Eicker/Nils Bartels (D),NA,black,NA,NA,NA,BMW,M3,NA,E36,Result: did not finishGrid: 101st (10:10.6790) - 102nd fastest qualifier,did not finishGrid: 101st (10:10.6790) - 102nd fastest qualifier,not_finished,101,10:10.6790,NA,10:10.6790,https://www.racingsportscars.com/images/car_no_photo.png,https://www.racingsportscars.com/about.html#contrib,https://www.racingsportscars.com/make/photo/BMW.html,https://www.racingsportscars.com/type/photo/BMW/M3.html,NA,https://www.racingsportscars.com/suffix/photo/BMW/M3/E36.html
nurburgring,2008-05-25,60,Volvo S60 - Volvo,NA,SP4,,-,-,Ullrich Andree (D)/Andy Middendorf (D),NA,black,NA,25/06/2017,Fabrice Bergenhuizen,Volvo,S60,NA,NA,Result: did not finishGrid: 70th (9:53.7820) - 71st fastest qualifier,did not finishGrid: 70th (9:53.7820) - 71st fastest qualifier,not_finished,70,9:53.7820,NA,9:53.7820,https://www.racingsportscars.com/tn/photo/2008/TN_Nurburgring-2008-05-25-060.jpg,https://www.racingsportscars.com/photo/2008/Nurburgring-2008-05-25-060.jpg,https://www.racingsportscars.com/make/photo/Volvo.html,https://www.racingsportscars.com/type/photo/Volvo/S60.html,NA,NA
nurburgring,2008-05-25,141,Alfa Romeo 156 - Alfa Romeo,NA,SP3,,-,-,David Smith (GB)/Peter Duke (GB)/Malcolm Edeson (GB)/Angus Kirkwood (GB),NA,black,NA,NA,NA,Alfa Romeo,156,NA,NA,Result: did not finishGrid: 206th (11:26.2910) - 211th fastest qualifier,did not finishGrid: 206th (11:26.2910) - 211th fastest qualifier,not_finished,206,11:26.2910,NA,11:26.2910,https://www.racingsportscars.com/images/car_no_photo.png,https://www.racingsportscars.com/about.html#contrib,https://www.racingsportscars.com/make/photo/Alfa%20Romeo.html,https://www.racingsportscars.com/type/photo/Alfa%20Romeo/156.html,NA,NA
nurburgring,2008-05-25,134,Honda S2000 GT - Honda,NA,SP3,,-,-,Matthias Holle/Wolfgang Weber (D)/Uwe Nittel (D)/Norbert Bermes (D),NA,white/red,NA,NA,NA,Honda,S2000,NA,GT,Result: did not finishGrid: 58th (9:47.1110) - 59th fastest qualifier,did not finishGrid: 58th (9:47.1110) - 59th fastest qualifier,not_finished,58,9:47.1110,NA,9:47.1110,https://www.racingsportscars.com/images/car_no_photo.png,https://www.racingsportscars.com/about.html#contrib,https://www.racingsportscars.com/make/photo/Honda.html,https://www.racingsportscars.com/type/photo/Honda/S2000.html,NA,https://www.racingsportscars.com/suffix/photo/Honda/S2000/GT.html
nurburgring,2008-05-25,109,Seat León Supercopa - Seat,NA,SP3T,,-,-,Mikhail Zasadych/Ilya Burenko/Oleg Kvitka (RUS),Veytal Motorsport,grey/orange,Yokohama,NA,NA,Seat,León,NA,Supercopa,Result: did not finishGrid: 111th (10:17.4380) - 115th fastest qualifier,did not finishGrid: 111th (10:17.4380) - 115th fastest qualifier,not_finished,111,10:17.4380,NA,10:17.4380,https://www.racingsportscars.com/images/car_no_photo.png,https://www.racingsportscars.com/about.html#contrib,https://www.racingsportscars.com/make/photo/Seat.html,https://www.racingsportscars.com/type/photo/Seat/Le%c3%b3n.html,NA,https://www.racingsportscars.com/suffix/photo/Seat/Le%c3%b3n/Supercopa.html
nurburgring,2008-05-25,135,Renault Clio RS - Renault,NA,SP3,,Closed bodywork,Front-engined,Uwe Reich (D)/Alexander Starke/Robert Lommel/Markus Leger,NA,yellow,NA,NA,NA,Renault,Clio,NA,RS,Result: did not finishGrid: 169th (10:54.1510) - 174th fastest qualifier,did not finishGrid: 169th (10:54.1510) - 174th fastest qualifier,not_finished,169,10:54.1510,NA,10:54.1510,https://www.racingsportscars.com/images/car_no_photo.png,https://www.racingsportscars.com/about.html#contrib,https://www.racingsportscars.com/make/photo/Renault.html,https://www.racingsportscars.com/type/photo/Renault/Clio.html,NA,https://www.racingsportscars.com/suffix/photo/Renault/Clio/RS.html
nurburgring,2008-05-25,192,Opel Astra GSI - Opel,NA,V3-V4,,-,-,Ralf Völkel/Karsten Schmitt/Norbert Werner/Marc Kippschull,NA,white/red,NA,25/06/2017,Fabrice Bergenhuizen,Opel,Astra,NA,GSI,Result: did not finishGrid: 212th (11:45.2670) - 217th fastest qualifier,did not finishGrid: 212th (11:45.2670) - 217th fastest qualifier,not_finished,212,11:45.2670,NA,11:45.2670,https://www.racingsportscars.com/tn/photo/2008/TN_Nurburgring-2008-05-25-192.jpg,https://www.racingsportscars.com/photo/2008/Nurburgring-2008-05-25-192.jpg,https://www.racingsportscars.com/make/photo/Opel.html,https://www.racingsportscars.com/type/photo/Opel/Astra.html,NA,https://www.racingsportscars.com/suffix/photo/Opel/Astra/GSI.html
nurburgring,2008-05-25,58,BMW M3 E46 - BMW,NA,SP6,,Closed bodywork,Front-engined,Martina Bossert/Dominiek An Der Heiden (B)/Matthias Wasel (D)/Marco Schelp (D),NA,white,Dunlop,NA,NA,BMW,M3,NA,E46,Result: did not finishGrid: 54th (9:43.4000),did not finishGrid: 54th (9:43.4000),not_finished,54,9:43.4000,NA,9:43.4000,https://www.racingsportscars.com/images/car_no_photo.png,https://www.racingsportscars.com/about.html#contrib,https://www.racingsportscars.com/make/photo/BMW.html,https://www.racingsportscars.com/type/photo/BMW/M3.html,NA,https://www.racingsportscars.com/suffix/photo/BMW/M3/E46.html
nurburgring,2008-05-25,260,Ford Mustang GT RTD - Ford,NA,S1,,-,-,"""Smudo"" (D)/Thomas von Löwis of Menar (D)/Lutz Wolzenburg/Erik Schwarz",NA,black,BF Goodrich,NA,NA,Ford,Mustang,NA,GT RTD,Result: did not finishGrid: 182nd (11:01.9041) - 187th fastest qualifier,did not finishGrid: 182nd (11:01.9041) - 187th fastest qualifier,not_finished,182,11:01.9041,NA,11:01.9041,https://www.racingsportscars.com/images/car_no_photo.png,https://www.racingsportscars.com/about.html#contrib,https://www.racingsportscars.com/make/photo/Ford.html,https://www.racingsportscars.com/type/photo/Ford/Mustang.html,NA,https://www.racingsportscars.com/suffix/photo/Ford/Mustang/GT%20RTD.html
